item_id	tier	truth	pred	hit	lex_hit	ambiguous	p_top	p_truth	brier	confidence	latency_ms
hard:238898001	hard	H	H	True	True	False	0.9814	0.9814	0.0006845399999999981	0.979	383.2
hard:191201002	hard	F	F	True	True	False	0.9752	0.9752	0.0010253300000000022	0.9721	284.5
hard:722006004	hard	A	A	True	True	False	0.9935	0.9935	8.449999999999934e-05	0.9927	241.1
hard:76642003	hard	F	F	True	True	True	0.8619	0.8619	0.033262480000000004	0.8446	184.5
gold-removed:402815007	gold-removed	none	none	True	False		0.9834	0.9834	0.00037328999999999824	0.9813	183.2
easy:403980002	easy	E	E	True	True	False	0.994	0.994	6.739000000000007e-05	0.9933	180.3
gold-removed:373420004	gold-removed	none	none	True	False		0.9999	0.9999	9.999999999997797e-09	0.9999	325.8
easy:718610008	easy	G	G	True	True	False	0.986	0.986	0.00038100000000000037	0.9843	235.1
hard:766759009	hard	F	F	True	False	True	0.6428	0.6428	0.25220704999999993	0.5981	30.6
easy:80281008	easy	G	G	True	True	False	0.9951	0.9951	4.5190000000000155e-05	0.9945	79.8
easy:42601008	easy	H	H	True	True	True	0.9484	0.9484	0.005095089999999997	0.9419	78.8
retrieval-miss:238836000	retrieval-miss	none	none	True	False	True	0.9982	0.9982	4.650000000000086e-06	0.998	240.9
easy:55647004	easy	F	none	False	False	True	0.9977	0.0014	1.9926075600000002	0.9974	78.8
hard:124138004	hard	E	E	True	True	False	0.9877	0.9877	0.00024511999999999944	0.9861	180.3
retrieval-miss:66379009	retrieval-miss	none	none	True	False	True	0.9743	0.9743	0.001214749999999997	0.9711	27.9
hard:373168002	hard	A	A	True	True	False	0.9937	0.9937	7.937999999999965e-05	0.9929	61.8
none-narrower:846579005	none-narrower	none	none	True	False		0.9997	0.9997	1.0999999999998018e-07	0.9997	118.1
retrieval-miss:95637005	retrieval-miss	none	none	True	False	True	0.9995	0.9995	3.799999999999449e-07	0.9994	28.9
gold-removed:702440000	gold-removed	none	none	True	False		0.9998	0.9998	4.999999999999118e-08	0.9998	188.6
gold-removed:71253000	gold-removed	none	none	True	False		0.985	0.985	0.0002812100000000004	0.9831	67.5
hard:609221008	hard	A	E	False	False	True	0.8727	0.0055	1.7561300100000001	0.8568	62.2
gold-removed:719689005	gold-removed	none	none	True	False		0.988	0.988	0.00016942000000000026	0.9865	181.6
hard:702377007	hard	C	C	True	True	False	0.7246	0.7246	0.15125096	0.6901	27.9
hard:721845005	hard	A	A	True	True	False	0.9947	0.9947	5.6179999999999696e-05	0.994	181.3
easy:128105004	easy	F	none	False	True	False	0.7396	0.2301	1.14006133	0.7071	80.8
hard:231472009	hard	E	E	True	True	False	0.9957	0.9957	3.6979999999999744e-05	0.9951	235.1
none-narrower:95795006	none-narrower	none	none	True	False		0.9989	0.9989	1.3699999999999778e-06	0.9988	248.1
easy:254918001	easy	C	C	True	True	False	0.9895	0.9895	0.00021840999999999902	0.9882	62.9
none-narrower:91951001	none-narrower	none	none	True	False		0.9981	0.9981	6.190000000000048e-06	0.9979	80.5
none-narrower:307680001	none-narrower	none	none	True	False		0.9985	0.9985	2.8399999999998373e-06	0.9983	80.2
gold-removed:38494008	gold-removed	none	none	True	False		0.996	0.996	2.026000000000003e-05	0.9955	119.1
easy:128200000	easy	A	A	True	True	True	0.6181	0.6181	0.27683493000000003	0.5703	28.8
none-narrower:370484007	none-narrower	none	D	False	False		0.9298	0.0699	1.7296140800000002	0.921	26.0
easy:761958009	easy	C	C	True	True	False	0.9968	0.9968	2.047999999999988e-05	0.9964	28.8
easy:127004000	easy	F	C	False	False	True	0.985	0.0001	1.97024405	0.9832	28.0
none-narrower:1209168005	none-narrower	none	none	True	False		0.9816	0.9816	0.000602109999999999	0.9793	28.7
hard:253000007	hard	B	B	True	True	True	0.9945	0.9945	5.941999999999945e-05	0.9938	30.2
retrieval-miss:234961008	retrieval-miss	none	none	True	False	True	0.9882	0.9882	0.00019745000000000076	0.9868	29.8
none-narrower:34485008	none-narrower	none	none	True	False		0.9992	0.9992	8.500000000000366e-07	0.9991	69.3
hard:403986008	hard	G	G	True	True	False	0.9916	0.9916	0.00011261999999999938	0.9906	28.9
none-narrower:1177179002	none-narrower	none	A	False	False		0.995	0.0049	1.98024902	0.9944	82.7
none-narrower:1222677008	none-narrower	none	A	False	False		0.7153	0.0489	1.4715645200000003	0.6797	29.0
hard:95268002	hard	B	B	True	True	True	0.8407	0.8407	0.05056224000000001	0.8208	27.9
none-narrower:1306747001	none-narrower	none	B	False	False		0.9901	0.0092	1.9619828400000001	0.9889	183.0
easy:702359002	easy	A	A	True	True	True	0.992	0.992	0.00012488000000000012	0.991	28.9
hard:715817007	hard	A	A	True	True	False	0.9658	0.9658	0.0022529000000000004	0.9615	30.9
none-narrower:198336007	none-narrower	none	none	True	False		0.9867	0.9867	0.0002653799999999994	0.985	27.8
hard:254916002	hard	C	none	False	False	True	0.7092	0.0007	1.58353862	0.6729	80.6
easy:237249000	easy	G	G	True	True	False	0.9894	0.9894	0.00022261000000000115	0.988	29.0
retrieval-miss:19968009	retrieval-miss	none	none	True	False	True	0.9998	0.9998	4.999999999999118e-08	0.9998	255.2
gold-removed:48245008	gold-removed	none	none	True	False		0.9997	0.9997	1.2999999999998017e-07	0.9996	26.1
hard:458422009	hard	B	B	True	True	False	0.9081	0.9081	0.01635782	0.8966	28.0
easy:21848000	easy	C	C	True	True	False	0.9949	0.9949	4.9069999999999935e-05	0.9943	27.8
retrieval-miss:73856006	retrieval-miss	none	E	False	False	True	0.986	0.0134	1.94557562	0.9843	69.4
hard:724015007	hard	H	H	True	True	False	0.9707	0.9707	0.0016176399999999996	0.967	28.5
none-narrower:733598001	none-narrower	none	H	False	False		0.9279	0.0475	1.7688452	0.9188	246.0
hard:449730005	hard	H	H	True	True	False	0.9777	0.9777	0.0009901299999999994	0.9749	28.9
hard:88037009	hard	D	D	True	True	False	0.9637	0.9637	0.00200989	0.9592	27.5
gold-removed:44917000	gold-removed	none	none	True	False		1.0	1.0	0.0	1.0	28.2
none-narrower:688931000119106	none-narrower	none	none	True	False		0.9338	0.9338	0.008441520000000006	0.9255	30.5
hard:87074006	hard	C	C	True	True	False	0.9873	0.9873	0.0003151000000000011	0.9857	29.4
retrieval-miss:105668007	retrieval-miss	none	none	True	False	True	0.9997	0.9997	1.0999999999998018e-07	0.9997	26.8
easy:277571004	easy	C	C	True	True	True	0.9816	0.9816	0.000651989999999999	0.9793	31.0
hard:239144007	hard	G	G	True	False	True	0.9087	0.9087	0.01665314000000001	0.8972	86.7
easy:10301003	easy	C	C	True	True	False	0.9972	0.9972	1.5150000000000138e-05	0.9968	29.0
retrieval-miss:400022009	retrieval-miss	none	none	True	False	True	0.9913	0.9913	0.00010864000000000072	0.9902	29.5
easy:406506008	easy	B	G	False	False	True	0.9906	0.0	1.9813748500000001	0.9894	27.7
none-narrower:196853004	none-narrower	none	none	True	False		0.9982	0.9982	4.300000000000086e-06	0.998	26.6
none-narrower:1197308005	none-narrower	none	none	True	False		0.9984	0.9984	3.7000000000001467e-06	0.9982	31.2
retrieval-miss:7231009	retrieval-miss	none	none	True	False	True	0.9996	0.9996	1.8999999999996475e-07	0.9996	26.2
hard:238772004	hard	D	D	True	True	False	0.9985	0.9985	4.2299999999998375e-06	0.9983	27.9
hard:241774007	hard	D	D	True	True	False	0.9934	0.9934	8.712000000000066e-05	0.9926	90.7
easy:60750009	easy	A	A	True	False	True	0.9882	0.9882	0.0002761400000000008	0.9867	27.9
none-narrower:700289000	none-narrower	none	none	True	False		0.9932	0.9932	8.853000000000037e-05	0.9924	26.3
none-narrower:20833001	none-narrower	none	none	True	False		0.9902	0.9902	0.0001446700000000006	0.989	29.0
hard:254693008	hard	E	E	True	True	False	0.9961	0.9961	3.0420000000000112e-05	0.9956	27.9
gold-removed:22607003	gold-removed	none	none	True	False		1.0	1.0	0.0	1.0	130.1
easy:111227009	easy	F	F	True	False	True	0.5292	0.5292	0.44170842	0.4704	27.9
hard:699256006	hard	A	B	False	False	True	0.9357	0.0512	1.7759172699999999	0.9277	29.1
none-narrower:89764009	none-narrower	none	none	True	False		0.9993	0.9993	8.700000000000475e-07	0.9992	26.6
hard:93827000	hard	H	none	False	True	True	0.6617	0.3308	0.88572323	0.6194	28.9
none-narrower:448372003	none-narrower	none	D	False	False		0.9792	0.0205	1.91825298	0.9766	30.3
easy:733096007	easy	A	A	True	True	False	0.9953	0.9953	4.418000000000035e-05	0.9947	30.9
easy:254099008	easy	B	B	True	True	False	0.9965	0.9965	2.3159999999999633e-05	0.996	84.9
hard:763375003	hard	E	E	True	True	False	0.982	0.982	0.0006166700000000006	0.9798	137.3
gold-removed:238719003	gold-removed	none	none	True	False		0.9995	0.9995	3.599999999999449e-07	0.9995	29.8
easy:238049009	easy	F	F	True	True	False	0.9585	0.9585	0.0033630099999999987	0.9533	87.1
easy:439143004	easy	B	B	True	True	True	0.9891	0.9891	0.00019965000000000043	0.9878	85.6
hard:722004001	hard	E	E	True	True	True	0.9464	0.9464	0.0057352099999999975	0.9397	86.2
retrieval-miss:58112007	retrieval-miss	none	none	True	False	True	0.9971	0.9971	1.0720000000000079e-05	0.9967	29.1
easy:765190005	easy	D	D	True	False	True	0.9974	0.9974	1.3020000000000243e-05	0.9971	30.6
retrieval-miss:34000006	retrieval-miss	none	H	False	False	True	0.9931	0.0067	1.9728925199999998	0.9923	26.9
hard:28783002	hard	B	B	True	False	True	0.9929	0.9929	9.673999999999993e-05	0.992	26.6
hard:711482008	hard	D	D	True	True	True	0.994	0.994	6.353000000000006e-05	0.9933	30.0
easy:92021007	easy	F	F	True	True	True	0.9879	0.9879	0.00027666	0.9864	29.1
gold-removed:239066003	gold-removed	none	none	True	False		0.9874	0.9874	0.00021583999999999858	0.9859	88.1
retrieval-miss:720830009	retrieval-miss	none	E	False	False	True	0.9543	0.0208	1.86998999	0.9486	31.1
easy:203468000	easy	E	E	True	True	False	0.9887	0.9887	0.0002553799999999995	0.9873	29.4
none-narrower:340671000119102	none-narrower	none	none	True	False		0.7801	0.7801	0.09649253999999999	0.7526	29.2
easy:95656000	easy	G	G	True	True	True	0.9267	0.9267	0.009615390000000001	0.9175	28.7
none-narrower:723610009	none-narrower	none	F	False	False		0.9245	0.075	1.7103253	0.9151	29.5
hard:707427000	hard	B	B	True	True	False	0.9938	0.9938	7.32799999999998e-05	0.993	85.2
hard:41720003	hard	F	F	True	True	False	0.9951	0.9951	4.705000000000015e-05	0.9945	127.2
retrieval-miss:44086001	retrieval-miss	none	none	True	False	True	0.9994	0.9994	5.600000000000539e-07	0.9993	28.9
easy:58258004	easy	H	H	True	True	True	0.9536	0.9536	0.00335171	0.9478	85.3
retrieval-miss:45894003	retrieval-miss	none	none	True	False	True	0.9997	0.9997	1.7999999999998017e-07	0.9996	28.8
hard:720987001	hard	E	E	True	True	False	0.9717	0.9717	0.0015739799999999996	0.9681	31.2
hard:23414001	hard	F	F	True	False	True	0.866	0.866	0.03553921	0.8493	29.5
hard:12546009	hard	A	A	True	False	True	0.8602	0.8602	0.031759100000000005	0.8427	30.3
none-narrower:1142319002	none-narrower	none	none	True	False		0.9999	0.9999	1.9999999999997797e-08	0.9999	29.3
easy:77252004	easy	H	H	True	True	False	0.9966	0.9966	2.244999999999972e-05	0.9962	26.8
hard:254146000	hard	G	B	False	False	True	0.9932	0.0012	1.98407688	0.9924	29.8
easy:193683001	easy	F	F	True	True	False	0.5871	0.5871	0.32880582	0.5355	30.3
retrieval-miss:715369006	retrieval-miss	none	none	True	False	True	0.9861	0.9861	0.00025758000000000063	0.9844	82.9
easy:733521003	easy	D	D	True	True	False	0.9751	0.9751	0.0012203500000000018	0.972	191.5
hard:723444009	hard	D	D	True	True	True	0.9702	0.9702	0.001569610000000003	0.9664	87.0
retrieval-miss:187741001	retrieval-miss	none	none	True	False	True	0.9763	0.9763	0.0010818300000000028	0.9733	27.6
easy:715727009	easy	G	G	True	True	False	0.9732	0.9732	0.0014311300000000027	0.9699	30.2
easy:724349009	easy	F	F	True	True	False	0.8231	0.8231	0.05670851999999998	0.801	85.3
hard:68528007	hard	E	none	False	False	True	0.9587	0.0186	1.8824056800000002	0.9535	31.2
retrieval-miss:265377002	retrieval-miss	none	none	True	False	True	0.9979	0.9979	5.479999999999961e-06	0.9976	27.9
none-narrower:770728003	none-narrower	none	A	False	False		0.9738	0.0261	1.89676765	0.9705	29.1
hard:43647007	hard	E	E	True	False	True	0.771	0.771	0.10424422	0.7424	28.7
easy:763867001	easy	E	E	True	True	False	0.8726	0.8726	0.03213321999999999	0.8567	85.0
hard:93255008	hard	H	H	True	True	True	0.9007	0.9007	0.01902823000000001	0.8882	29.0
gold-removed:725286002	gold-removed	none	none	True	False		0.9914	0.9914	0.0001055100000000009	0.9903	84.9
none-narrower:406571004	none-narrower	none	none	True	False		0.9991	0.9991	1.3100000000000213e-06	0.999	27.9
retrieval-miss:445918001	retrieval-miss	none	none	True	False	True	0.9997	0.9997	1.0999999999998018e-07	0.9997	26.8
none-narrower:241897004	none-narrower	none	none	True	False		0.9982	0.9982	4.7900000000000854e-06	0.998	30.3
none-narrower:197819009	none-narrower	none	none	True	False		1.0	1.0	0.0	1.0	28.2
gold-removed:764958008	gold-removed	none	none	True	False		0.9438	0.9438	0.004186340000000004	0.9367	82.5
easy:186807008	easy	H	none	False	True	False	0.5599	0.4325	0.6355778299999999	0.5049	82.8
easy:56625005	easy	F	F	True	True	True	0.9981	0.9981	7.220000000000049e-06	0.9978	27.6
hard:254124008	hard	F	none	False	True	False	0.5419	0.3866	0.67397409	0.4846	26.4
gold-removed:410052008	gold-removed	none	none	True	False		0.9998	0.9998	4.999999999999118e-08	0.9997	84.6
hard:719455002	hard	E	E	True	True	False	0.9794	0.9794	0.000828479999999998	0.9769	29.6
hard:37373007	hard	H	H	True	True	False	0.9965	0.9965	2.380999999999963e-05	0.9961	27.5
easy:92464009	easy	A	A	True	True	False	0.9951	0.9951	4.8020000000000153e-05	0.9945	28.9
easy:712750007	easy	E	E	True	False	True	0.9604	0.9604	0.003058939999999998	0.9554	27.8
gold-removed:271532008	gold-removed	none	none	True	False		0.9998	0.9998	7.999999999999119e-08	0.9997	27.5
none-narrower:1156772007	none-narrower	none	E	False	False		0.8876	0.1116	1.57708882	0.8735	127.3
gold-removed:193177003	gold-removed	none	none	True	False		0.9996	0.9996	2.4999999999996473e-07	0.9996	27.5
hard:719972004	hard	H	H	True	True	False	0.989	0.989	0.0002398100000000002	0.9877	30.8
hard:239065004	hard	C	D	False	False	True	0.8717	0.0662	1.6352848599999998	0.8557	84.3
hard:720816004	hard	H	H	True	False	True	0.9449	0.9449	0.006050030000000004	0.938	30.8
gold-removed:68216000	gold-removed	none	none	True	False		0.9981	0.9981	4.1400000000000485e-06	0.9978	29.4
easy:111323005	easy	G	G	True	True	False	0.9268	0.9268	0.009189360000000006	0.9176	30.5
easy:363428005	easy	G	G	True	True	True	0.9511	0.9511	0.004743490000000005	0.945	29.4
easy:733599009	easy	B	B	True	False	True	0.99	0.99	0.0001941300000000002	0.9888	133.5
easy:360525006	easy	D	D	True	True	True	0.9513	0.9513	0.004656939999999997	0.9452	29.1
easy:126865007	easy	H	H	True	True	False	0.993	0.993	9.525000000000009e-05	0.9921	29.0
easy:50749006	easy	B	B	True	True	False	0.9934	0.9934	8.712000000000066e-05	0.9926	83.2
easy:13468005	easy	G	none	False	True	False	0.7982	0.2009	1.2756842400000001	0.7729	27.8
gold-removed:724274009	gold-removed	none	none	True	False		0.8611	0.8611	0.03853091	0.8437	86.4
none-narrower:1269177007	none-narrower	none	C	False	False		0.9917	0.0083	1.96693778	0.9907	28.7
hard:715735007	hard	B	B	True	True	False	0.9846	0.9846	0.0004592599999999991	0.9827	66.1
hard:720812002	hard	B	B	True	False	True	0.9676	0.9676	0.002093049999999999	0.9636	30.3
none-narrower:1258980000	none-narrower	none	none	True	False		0.9986	0.9986	2.569999999999879e-06	0.9984	26.7
hard:38528001	hard	H	H	True	True	False	0.9953	0.9953	4.418000000000035e-05	0.9947	28.8
easy:237941007	easy	F	F	True	True	False	0.9739	0.9739	0.0013520600000000006	0.9706	88.3
hard:15084002	hard	B	B	True	True	False	0.9946	0.9946	5.3269999999999576e-05	0.9939	85.6
easy:6118003	easy	F	F	True	True	False	0.9863	0.9863	0.0003726500000000012	0.9846	27.9
none-narrower:240775001	none-narrower	none	none	True	False		0.9202	0.9202	0.012515229999999999	0.9102	28.2
hard:231996009	hard	H	H	True	True	False	0.9602	0.9602	0.002375869999999996	0.9553	28.2
easy:255037004	easy	G	G	True	True	False	0.7282	0.7282	0.14407166000000002	0.6942	30.1
retrieval-miss:111865007	retrieval-miss	none	none	True	False	True	0.9999	0.9999	9.999999999997797e-09	0.9998	26.7
none-narrower:722692009	none-narrower	none	none	True	False		0.9992	0.9992	1.0100000000000365e-06	0.9991	27.9
easy:42399005	easy	E	E	True	True	False	0.9643	0.9643	0.0025206299999999964	0.9598	27.9
retrieval-miss:86422009	retrieval-miss	none	none	True	False	True	0.893	0.893	0.02287661	0.8797	29.1
retrieval-miss:249491000119100	retrieval-miss	none	none	True	False	True	0.9999	0.9999	1.9999999999997797e-08	0.9999	83.1
hard:404014008	hard	F	none	False	True	True	0.9972	0.0012	1.99201026	0.9969	30.2
easy:83586000	easy	A	A	True	False	True	0.9654	0.9654	0.0023668499999999976	0.9611	30.2
none-narrower:200968006	none-narrower	none	none	True	False		0.9984	0.9984	3.850000000000147e-06	0.9982	27.0
none-narrower:699700006	none-narrower	none	none	True	False		0.8819	0.8819	0.024623939999999997	0.8671	29.3
hard:78494001	hard	A	A	True	True	False	0.9922	0.9922	0.00010883000000000046	0.9912	28.2
hard:716648006	hard	D	D	True	True	True	0.9216	0.9216	0.011484500000000005	0.9118	30.6
gold-removed:127027008	gold-removed	none	none	True	False		0.9998	0.9998	4.999999999999118e-08	0.9998	29.4
hard:111806005	hard	D	D	True	True	True	0.97	0.97	0.0016876200000000017	0.9662	27.9
retrieval-miss:69015003	retrieval-miss	none	none	True	False	True	0.9999	0.9999	1.9999999999997797e-08	0.9999	28.0
hard:441574008	hard	B	B	True	True	False	0.986	0.986	0.0003678700000000004	0.9843	26.3
gold-removed:400006008	gold-removed	none	none	True	False		0.98	0.98	0.0006292400000000007	0.9775	28.0
easy:371486001	easy	D	B	False	False	True	0.8187	0.0006	1.70157819	0.7961	27.6
none-narrower:271700006	none-narrower	none	none	True	False		0.9758	0.9758	0.00078805	0.9728	30.3
hard:277508009	hard	E	none	False	True	True	0.9454	0.0401	1.81528482	0.9385	29.1
easy:187059008	easy	F	F	True	False	True	0.9893	0.9893	0.00022685000000000093	0.988	27.9
retrieval-miss:763616002	retrieval-miss	none	none	True	False	True	0.9996	0.9996	2.1999999999996475e-07	0.9995	86.1
hard:205306000	hard	G	G	True	False	True	0.9359	0.9359	0.007799410000000006	0.9279	24.0
gold-removed:48241004	gold-removed	none	none	True	False		0.879	0.879	0.02817765	0.8638	26.6
gold-removed:707379000	gold-removed	none	none	True	False		0.9976	0.9976	7.459999999999797e-06	0.9973	30.3
easy:192976002	easy	G	G	True	True	False	0.9451	0.9451	0.005257739999999995	0.9382	29.9
gold-removed:15250008	gold-removed	none	none	True	False		0.987	0.987	0.0003018600000000003	0.9853	27.6
none-narrower:1167373005	none-narrower	none	B	False	False		0.9746	0.0251	1.9002752200000002	0.9714	27.9
none-narrower:16320831000119100	none-narrower	none	none	True	False		0.9923	0.9923	0.00010974000000000064	0.9913	29.0
hard:371965009	hard	B	B	True	True	True	0.9451	0.9451	0.005784259999999994	0.9382	27.9
retrieval-miss:82077006	retrieval-miss	none	none	True	False	True	0.9623	0.9623	0.002503389999999997	0.9575	29.6
retrieval-miss:723821002	retrieval-miss	none	none	True	False	True	0.9967	0.9967	1.33499999999998e-05	0.9962	85.1
none-narrower:195680000	none-narrower	none	none	True	False		0.9987	0.9987	2.2399999999999163e-06	0.9985	28.7
none-narrower:239721001	none-narrower	none	none	True	False		1.0	1.0	0.0	1.0	26.8
easy:269469005	easy	H	H	True	True	True	0.9379	0.9379	0.0076265100000000065	0.9301	31.1
easy:126881002	easy	G	G	True	True	False	0.9484	0.9484	0.005263729999999998	0.942	28.3
easy:363385007	easy	F	F	True	True	True	0.8578	0.8578	0.034424420000000004	0.8401	28.1
hard:89142007	hard	B	B	True	True	False	0.99	0.99	0.00018854000000000017	0.9887	28.2
none-narrower:1157157006	none-narrower	none	E	False	False		0.887	0.1123	1.5747804300000001	0.8729	86.9
hard:95797003	hard	A	A	True	True	False	0.9781	0.9781	0.0009505000000000014	0.9754	23.5
easy:449790007	easy	F	F	True	True	False	0.9873	0.9873	0.00028102000000000113	0.9857	78.4
none-narrower:402387002	none-narrower	none	none	True	False		0.9961	0.9961	1.9590000000000112e-05	0.9956	29.1
easy:45170000	easy	E	E	True	True	True	0.9887	0.9887	0.00019942999999999946	0.9873	82.6
easy:60555002	easy	E	E	True	False	True	0.9718	0.9718	0.00149927	0.9683	82.6
easy:26029002	easy	A	A	True	True	True	0.9921	0.9921	0.00012027000000000028	0.9911	29.9
easy:44729001	easy	C	C	True	False	True	0.9886	0.9886	0.0002599199999999992	0.9872	23.5
easy:109492001	easy	D	D	True	True	False	0.9928	0.9928	9.953999999999977e-05	0.9919	26.5
easy:66071002	easy	E	E	True	False	True	0.984	0.984	0.0005056600000000004	0.9819	27.5
easy:5602001	easy	A	A	True	True	True	0.9283	0.9283	0.010224739999999998	0.9194	26.5
easy:720603002	easy	C	C	True	True	False	0.9883	0.9883	0.000258250000000001	0.9869	87.6
retrieval-miss:263225007	retrieval-miss	none	none	True	False	True	0.9992	0.9992	9.800000000000366e-07	0.9991	27.9
easy:68272006	easy	H	H	True	True	True	0.9957	0.9957	3.6979999999999744e-05	0.9951	26.2
retrieval-miss:124646004	retrieval-miss	none	none	True	False	True	0.9996	0.9996	2.1999999999996475e-07	0.9996	29.7
easy:766992008	easy	D	D	True	False	True	0.83	0.83	0.056660530000000014	0.8088	30.1
retrieval-miss:118601006	retrieval-miss	none	A	False	False	True	0.9968	0.0031	1.9874198500000002	0.9964	83.4
easy:126736007	easy	G	G	True	True	False	0.9956	0.9956	3.700999999999965e-05	0.995	28.9
hard:414029004	hard	C	C	True	False	True	0.9949	0.9949	5.201999999999994e-05	0.9942	27.5
gold-removed:720639008	gold-removed	none	none	True	False		0.9983	0.9983	4.210000000000118e-06	0.9981	29.0
easy:68633000	easy	H	H	True	False	True	0.9845	0.9845	0.0004743799999999987	0.9826	23.1
easy:92559007	easy	H	H	True	True	False	0.9928	0.9928	0.00010087999999999978	0.9919	27.9
none-narrower:1179296003	none-narrower	none	B	False	False		0.9536	0.0458	1.8198508000000002	0.9478	31.6
none-narrower:1003324007	none-narrower	none	none	True	False		0.9045	0.9045	0.017018760000000004	0.8925	26.9
hard:84438001	hard	H	H	True	True	False	0.9946	0.9946	5.831999999999958e-05	0.9939	30.5
hard:718850008	hard	G	G	True	True	False	0.9621	0.9621	0.0028352700000000034	0.9573	85.9
easy:400171002	easy	B	B	True	False	True	0.992	0.992	0.00012800000000000013	0.991	27.8
none-narrower:312157006	none-narrower	none	none	True	False		0.9991	0.9991	1.0400000000000214e-06	0.999	27.7
hard:880065001	hard	D	D	True	True	True	0.9897	0.9897	0.00020612999999999952	0.9884	31.4
none-narrower:298591003	none-narrower	none	none	True	False		0.9885	0.9885	0.00025548999999999895	0.987	28.1
easy:425657001	easy	C	C	True	False	True	0.6292	0.6292	0.24501338000000003	0.5828	84.1
easy:303063000	easy	D	none	False	False	True	0.7151	0.2762	1.03531115	0.6795	29.0
easy:195889001	easy	B	B	True	True	False	0.9923	0.9923	0.00011858000000000062	0.9913	28.7
hard:93929003	hard	C	none	False	True	False	0.9225	0.0698	1.71632756	0.9128	27.9
easy:34736002	easy	H	H	True	True	False	0.9924	0.9924	0.00011552000000000078	0.9915	28.7
none-narrower:433891000124100	none-narrower	none	none	True	False		0.9691	0.9691	0.0018729900000000023	0.9653	26.2
none-narrower:8442000	none-narrower	none	none	True	False		0.9997	0.9997	1.0999999999998018e-07	0.9996	27.5
none-narrower:722529000	none-narrower	none	none	True	False		0.9993	0.9993	7.600000000000476e-07	0.9992	81.2
gold-removed:763713000	gold-removed	none	none	True	False		0.9945	0.9945	6.049999999999944e-05	0.9938	27.9
retrieval-miss:74333002	retrieval-miss	none	none	True	False	True	0.9945	0.9945	5.2529999999999445e-05	0.9938	30.9
gold-removed:14756005	gold-removed	none	none	True	False		0.9989	0.9989	1.8599999999999777e-06	0.9988	68.2
none-narrower:866097000	none-narrower	none	none	True	False		0.9858	0.9858	0.00034893999999999973	0.984	29.0
hard:61758007	hard	E	E	True	True	True	0.9687	0.9687	0.0019222599999999999	0.9648	30.3
none-narrower:124141008	none-narrower	none	none	True	False		0.9937	0.9937	5.780999999999965e-05	0.9929	83.2
none-narrower:823019007	none-narrower	none	none	True	False		0.9999	0.9999	1.9999999999997797e-08	0.9998	30.4
hard:733454004	hard	B	B	True	True	False	0.9931	0.9931	9.385000000000023e-05	0.9923	87.9
retrieval-miss:128060009	retrieval-miss	none	none	True	False	True	0.9997	0.9997	1.0999999999998018e-07	0.9996	26.2
hard:31993003	hard	A	A	True	True	False	0.9897	0.9897	0.0002081099999999995	0.9885	28.7
none-narrower:767031008	none-narrower	none	none	True	False		0.9979	0.9979	5.719999999999961e-06	0.9977	31.3
hard:442917000	hard	A	A	True	True	True	0.9944	0.9944	5.950000000000055e-05	0.9937	28.9
hard:238031009	hard	A	A	True	True	False	0.7233	0.7233	0.11495759999999997	0.6887	30.0
easy:238014002	easy	F	F	True	True	False	0.9868	0.9868	0.0003070899999999997	0.9851	31.2
none-narrower:1196829000	none-narrower	none	none	True	False		0.6493	0.6493	0.23994343999999998	0.6055	28.1
hard:232049001	hard	B	B	True	False	True	0.8328	0.8328	0.05459408000000001	0.8119	30.5
easy:363380002	easy	F	F	True	False	True	0.9731	0.9731	0.0011331100000000018	0.9698	29.3
hard:78975002	hard	E	E	True	True	True	0.9969	0.9969	1.922999999999995e-05	0.9965	80.7
gold-removed:254631008	gold-removed	none	none	True	False		0.9995	0.9995	4.0999999999994493e-07	0.9994	29.9
hard:92047003	hard	D	D	True	False	True	0.9807	0.9807	0.0007081999999999993	0.9783	28.1
easy:240104008	easy	D	G	False	False	True	0.6871	0.0001	1.5585742100000002	0.6479	28.0
easy:230552007	easy	E	E	True	True	True	0.9716	0.9716	0.0012689299999999988	0.9681	85.7
easy:9824006	easy	H	H	True	True	False	0.8506	0.8506	0.04449161	0.832	26.4
hard:718189004	hard	E	E	True	True	False	0.9487	0.9487	0.005222590000000001	0.9423	27.9
retrieval-miss:26715006	retrieval-miss	none	none	True	False	True	0.9989	0.9989	1.6299999999999778e-06	0.9988	27.6
hard:402792003	hard	F	G	False	True	False	0.4726	0.4552	0.5252282399999999	0.4066	28.6
retrieval-miss:123953004	retrieval-miss	none	none	True	False	True	0.9932	0.9932	6.439000000000039e-05	0.9924	125.8
hard:22841008	hard	G	G	True	True	False	0.9491	0.9491	0.004896949999999995	0.9427	29.1
easy:91521000119104	easy	H	H	True	True	False	0.9841	0.9841	0.0003943400000000008	0.9822	28.0
easy:720408003	easy	H	H	True	True	False	0.9859	0.9859	0.00033564	0.9841	30.8
easy:85828009	easy	E	E	True	True	False	0.9948	0.9948	5.4079999999999814e-05	0.9941	28.3
easy:718609003	easy	A	A	True	True	False	0.9284	0.9284	0.010167649999999999	0.9194	136.3
hard:406446000	hard	B	none	False	True	False	0.9956	0.0038	1.98363398	0.9951	29.1
gold-removed:404663008	gold-removed	none	none	True	False		0.998	0.998	4.820000000000007e-06	0.9977	26.5
easy:39452003	easy	G	G	True	True	False	0.9911	0.9911	0.00014663000000000035	0.99	26.6
hard:187716008	hard	C	C	True	False	True	0.9844	0.9844	0.00047754999999999835	0.9825	29.3
easy:93390002	easy	E	E	True	True	True	0.5747	0.5747	0.29975247000000005	0.5216	28.1
easy:41309000	easy	F	F	True	True	True	0.9918	0.9918	0.00012813999999999973	0.9908	27.9
none-narrower:1306315009	none-narrower	none	none	True	False		0.999	0.999	1.4500000000000018e-06	0.9989	27.5
gold-removed:237714006	gold-removed	none	none	True	False		0.9992	0.9992	9.300000000000366e-07	0.9991	26.5
easy:721221000	easy	G	G	True	False	True	0.9621	0.9621	0.002865260000000003	0.9573	31.2
none-narrower:16039791000119101	none-narrower	none	none	True	False		0.9991	0.9991	1.1600000000000215e-06	0.999	26.8
gold-removed:718909001	gold-removed	none	none	True	False		0.9917	0.9917	9.519999999999956e-05	0.9907	87.5
hard:79586000	hard	B	B	True	True	False	0.9941	0.9941	6.84600000000002e-05	0.9933	27.9
retrieval-miss:722429003	retrieval-miss	none	none	True	False	True	0.9991	0.9991	1.1400000000000215e-06	0.9989	85.4
easy:205346006	easy	A	none	False	False	True	0.9465	0.0069	1.8837852	0.9399	64.0
hard:363393007	hard	D	D	True	True	True	0.9706	0.9706	0.001705409999999999	0.967	28.7
none-narrower:234376007	none-narrower	none	none	True	False		0.963	0.963	0.0019771000000000025	0.9584	27.9
easy:609580007	easy	H	H	True	True	True	0.9704	0.9704	0.0016460399999999975	0.9667	29.0
easy:725904009	easy	H	H	True	True	False	0.9925	0.9925	0.00010955999999999927	0.9915	84.3
hard:702417004	hard	H	H	True	True	False	0.9897	0.9897	0.00021217999999999953	0.9884	73.3
retrieval-miss:412787009	retrieval-miss	none	none	True	False	True	0.9978	0.9978	6.799999999999911e-06	0.9975	30.3
hard:29504002	hard	D	E	False	False	True	0.9837	0.0021	1.96362774	0.9817	31.2
hard:45781009	hard	D	D	True	False	True	0.8177	0.8177	0.06610349	0.7949	29.2
none-narrower:698947004	none-narrower	none	none	True	False		0.9999	0.9999	9.999999999997797e-09	0.9999	67.8
easy:716660007	easy	A	A	True	False	True	0.997	0.997	1.6860000000000015e-05	0.9967	84.2
hard:711499009	hard	C	C	True	True	False	0.9938	0.9938	7.56899999999998e-05	0.993	26.2
none-narrower:230538005	none-narrower	none	none	True	False		0.9998	0.9998	4.999999999999118e-08	0.9998	29.2
none-narrower:1231182008	none-narrower	none	E	False	False		0.988	0.0118	1.95268328	0.9865	30.4
none-narrower:200964008	none-narrower	none	none	True	False		0.999	0.999	1.5000000000000017e-06	0.9989	29.4
none-narrower:81557008	none-narrower	none	none	True	False		0.9977	0.9977	7.409999999999856e-06	0.9974	26.5
hard:403938001	hard	E	E	True	False	True	0.9367	0.9367	0.007717170000000002	0.9288	30.3
hard:254164007	hard	E	none	False	True	True	0.9644	0.0347	1.86187176	0.9599	31.5
easy:95588004	easy	D	D	True	True	True	0.9854	0.9854	0.00041205999999999844	0.9835	28.4
none-narrower:238991008	none-narrower	none	none	True	False		0.9904	0.9904	0.000182420000000001	0.9892	26.8
easy:699649006	easy	F	none	False	False	True	0.6014	0.3981	0.7239658200000001	0.5515	27.8
hard:438583008	hard	H	none	False	False	True	0.851	0.0035	1.7310937800000001	0.8324	189.3
hard:128272009	hard	H	H	True	True	True	0.9961	0.9961	3.0420000000000112e-05	0.9956	26.0
hard:37246009	hard	G	none	False	False	True	0.795	0.2022	1.2685137400000002	0.7693	26.1
hard:724384008	hard	C	C	True	True	False	0.9886	0.9886	0.0002599199999999992	0.9871	30.3
gold-removed:715428003	gold-removed	none	none	True	False		0.9989	0.9989	1.4599999999999778e-06	0.9988	28.2
easy:719210007	easy	F	F	True	True	False	0.9917	0.9917	0.0001313499999999996	0.9906	130.3
easy:402700001	easy	G	G	True	True	False	0.9689	0.9689	0.0019282200000000009	0.965	26.7
gold-removed:416707008	gold-removed	none	none	True	False		0.9971	0.9971	1.1760000000000079e-05	0.9968	30.4
easy:240450004	easy	E	E	True	True	True	0.9856	0.9856	0.0003619699999999991	0.9838	30.3
retrieval-miss:78868004	retrieval-miss	none	none	True	False	True	0.9957	0.9957	3.0349999999999745e-05	0.9952	27.6
retrieval-miss:237983002	retrieval-miss	none	none	True	False	True	0.9994	0.9994	4.6000000000005394e-07	0.9993	86.4
none-narrower:1373027001	none-narrower	none	none	True	False		0.9998	0.9998	4.999999999999118e-08	0.9998	27.6
hard:122811000119101	hard	A	A	True	True	True	0.9918	0.9918	0.00013284999999999973	0.9908	28.1
easy:237822008	easy	C	C	True	True	True	0.6336	0.6336	0.26754819999999996	0.5878	27.9
easy:16026008	easy	D	none	False	True	False	0.9909	0.0059	1.97012082	0.9898	31.6
gold-removed:763366000	gold-removed	none	none	True	False		0.9951	0.9951	4.611000000000015e-05	0.9945	31.4
hard:126872008	hard	F	none	False	False	True	0.9914	0.0063	1.97031569	0.9904	29.4
hard:82275008	hard	B	B	True	True	False	0.9941	0.9941	6.962000000000019e-05	0.9934	30.4
hard:40178009	hard	E	E	True	True	False	0.9983	0.9983	5.780000000000118e-06	0.9981	28.0
hard:442348004	hard	G	G	True	True	False	0.9951	0.9951	4.705000000000015e-05	0.9945	28.0
retrieval-miss:57436000	retrieval-miss	none	none	True	False	True	0.9998	0.9998	4.999999999999118e-08	0.9998	26.4
easy:230381009	easy	E	E	True	True	False	0.9215	0.9215	0.012261900000000003	0.9116	30.5
retrieval-miss:254923001	retrieval-miss	none	none	True	False	True	0.9661	0.9661	0.0021747100000000024	0.9619	29.3
hard:229706001	hard	H	H	True	False	True	0.9909	0.9909	0.00015701999999999996	0.9898	85.1
hard:765748009	hard	D	D	True	True	True	0.9909	0.9909	0.00013866999999999994	0.9898	29.0
none-narrower:237663000	none-narrower	none	none	True	False		0.9997	0.9997	1.3999999999998018e-07	0.9996	29.4
gold-removed:9014002	gold-removed	none	none	True	False		0.9991	0.9991	1.0400000000000214e-06	0.999	27.0
hard:722859001	hard	H	H	True	True	False	0.9881	0.9881	0.00028322000000000053	0.9866	29.1
hard:190502001	hard	G	E	False	False	True	0.8274	0.0179	1.6727659100000003	0.8059	30.3
hard:56905009	hard	B	B	True	True	False	0.998	0.998	8.000000000000008e-06	0.9978	26.5
easy:23205009	easy	C	C	True	True	False	0.9954	0.9954	4.232000000000045e-05	0.9948	26.5
hard:13600006	hard	B	B	True	True	False	0.9988	0.9988	2.879999999999949e-06	0.9987	29.1
none-narrower:399044006	none-narrower	none	E	False	False		0.647	0.3528	0.83747686	0.6029	29.2
hard:707234001	hard	G	G	True	True	False	0.9721	0.9721	0.0015568200000000022	0.9686	29.3
retrieval-miss:124343001	retrieval-miss	none	none	True	False	True	0.9976	0.9976	7.659999999999798e-06	0.9973	30.0
hard:129104009	hard	C	none	False	False	True	0.8561	0.1427	1.4678710599999998	0.8381	23.4
easy:230500006	easy	F	F	True	True	True	0.94	0.94	0.007140350000000005	0.9325	29.1
none-narrower:10752601000119104	none-narrower	none	none	True	False		0.9993	0.9993	7.000000000000475e-07	0.9992	30.5
easy:763069002	easy	G	G	True	True	False	0.9077	0.9077	0.01534821000000001	0.8962	83.4
hard:240062007	hard	E	E	True	True	True	0.9812	0.9812	0.0005355500000000015	0.9788	27.4
none-narrower:202674000	none-narrower	none	none	True	False		0.9997	0.9997	9.999999999998017e-08	0.9997	24.3
retrieval-miss:45414006	retrieval-miss	none	none	True	False	True	0.9979	0.9979	6.25999999999996e-06	0.9976	29.0
hard:702344008	hard	D	D	True	True	True	0.9885	0.9885	0.00021510999999999893	0.9871	29.7
easy:764100007	easy	A	A	True	True	False	0.9976	0.9976	1.1519999999999797e-05	0.9973	29.1
easy:386810004	easy	A	A	True	True	False	0.9974	0.9974	1.3520000000000243e-05	0.9971	72.9
retrieval-miss:57119000	retrieval-miss	none	none	True	False	True	0.9984	0.9984	3.830000000000146e-06	0.9982	83.3
easy:254666005	easy	B	B	True	True	True	0.9887	0.9887	0.0002383099999999995	0.9873	27.9
hard:398102009	hard	A	A	True	True	False	0.9953	0.9953	4.235000000000035e-05	0.9947	30.7
retrieval-miss:275498002	retrieval-miss	none	none	True	False	True	0.9963	0.9963	2.5960000000000273e-05	0.9958	27.9
gold-removed:445014002	gold-removed	none	none	True	False		0.9797	0.9797	0.0005526099999999994	0.9772	81.8
none-narrower:703279003	none-narrower	none	none	True	False		0.9979	0.9979	7.67999999999996e-06	0.9977	23.1
easy:87696004	easy	B	B	True	True	False	0.9958	0.9958	3.527999999999984e-05	0.9953	26.2
easy:268232000	easy	H	H	True	True	False	0.7803	0.7803	0.09441623	0.7529	26.6
hard:48723006	hard	E	E	True	True	True	0.8057	0.8057	0.07469558000000001	0.7814	26.5
easy:41565005	easy	G	G	True	True	False	0.982	0.982	0.0006101900000000005	0.9798	26.6
hard:702380008	hard	F	F	True	True	False	0.8959	0.8959	0.020773869999999993	0.8828	26.6
none-narrower:34126003	none-narrower	none	none	True	False		0.803	0.803	0.07034200999999998	0.7783	28.7
easy:723508002	easy	A	A	True	True	False	0.9903	0.9903	0.00018818000000000082	0.9891	30.5
retrieval-miss:193523008	retrieval-miss	none	none	True	False	True	0.9996	0.9996	2.0999999999996474e-07	0.9996	29.1
retrieval-miss:59531002	retrieval-miss	none	none	True	False	True	0.9992	0.9992	8.300000000000367e-07	0.9992	28.2
none-narrower:707351006	none-narrower	none	none	True	False		0.9974	0.9974	1.2530000000000241e-05	0.9971	29.1
easy:26460006	easy	F	F	True	True	False	0.852	0.852	0.043660410000000004	0.8335	30.0
retrieval-miss:34730008	retrieval-miss	none	none	True	False	True	0.9997	0.9997	1.3999999999998018e-07	0.9997	29.1
easy:73415002	easy	B	B	True	True	False	0.9976	0.9976	1.1049999999999798e-05	0.9973	26.8
retrieval-miss:414667000	retrieval-miss	none	F	False	False	True	0.9772	0.0189	1.9174900999999998	0.9743	26.8
hard:307496006	hard	F	F	True	True	False	0.9942	0.9942	6.393000000000032e-05	0.9935	27.8
hard:404041003	hard	C	C	True	True	True	0.4971	0.4971	0.47217059000000006	0.4342	30.3
easy:720459002	easy	G	G	True	False	True	0.9533	0.9533	0.0038049999999999968	0.9475	31.3
easy:79291003	easy	H	H	True	True	False	0.9821	0.9821	0.0006408200000000009	0.9799	31.3
easy:254825007	easy	E	E	True	False	True	0.9263	0.9263	0.010617679999999997	0.9171	31.0
none-narrower:1197357008	none-narrower	none	H	False	False		0.6106	0.3893	0.74578686	0.5619	31.6
easy:92197001	easy	C	C	True	True	True	0.9935	0.9935	8.449999999999934e-05	0.9927	27.4
hard:722454003	hard	E	E	True	True	True	0.6451	0.6451	0.24631976	0.6008	83.8
easy:722451006	easy	A	A	True	True	False	0.9948	0.9948	5.4079999999999814e-05	0.9942	30.3
easy:722282008	easy	H	H	True	True	False	0.7926	0.7926	0.08189368000000002	0.7667	81.7
none-narrower:1340188003	none-narrower	none	none	True	False		0.8486	0.8486	0.04457088	0.8297	27.6
retrieval-miss:398049005	retrieval-miss	none	none	True	False	True	0.9999	0.9999	9.999999999997797e-09	0.9999	26.6
gold-removed:231536004	gold-removed	none	none	True	False		0.999	0.999	1.4300000000000018e-06	0.9988	30.3
hard:233728004	hard	C	C	True	False	True	0.5796	0.5796	0.35330422	0.5271	28.2
retrieval-miss:128598002	retrieval-miss	none	none	True	False	True	0.9993	0.9993	6.900000000000475e-07	0.9992	26.1
easy:703267003	easy	D	D	True	True	True	0.9945	0.9945	6.049999999999944e-05	0.9938	30.4
retrieval-miss:234541006	retrieval-miss	none	none	True	False	True	0.9416	0.9416	0.00650399	0.9343	30.7
easy:13920009	easy	F	F	True	True	False	0.9937	0.9937	7.812999999999965e-05	0.9929	27.1
easy:92109005	easy	D	D	True	True	True	0.9961	0.9961	2.9650000000000114e-05	0.9956	28.1
easy:17322007	easy	D	D	True	True	False	0.9655	0.9655	0.0018009599999999984	0.9612	26.5
hard:407476002	hard	H	H	True	True	True	0.9885	0.9885	0.000262219999999999	0.987	27.5
none-narrower:737209002	none-narrower	none	none	True	False		0.9958	0.9958	2.4869999999999845e-05	0.9952	26.5
easy:254915003	easy	A	A	True	True	False	0.9779	0.9779	0.0009724200000000004	0.9751	30.6
easy:307576001	easy	C	C	True	True	False	0.9961	0.9961	3.0420000000000112e-05	0.9956	29.5
hard:7573000	hard	D	H	False	True	False	0.9739	0.0	1.9491520199999999	0.9707	30.0
none-narrower:737220002	none-narrower	none	none	True	False		0.9964	0.9964	1.8250000000000342e-05	0.996	27.9
gold-removed:240119009	gold-removed	none	none	True	False		0.9998	0.9998	3.9999999999991186e-08	0.9998	26.5
retrieval-miss:74969002	retrieval-miss	none	none	True	False	True	0.9995	0.9995	4.999999999999449e-07	0.9994	29.9
retrieval-miss:87872006	retrieval-miss	none	D	False	False	True	0.9347	0.0651	1.74770211	0.9265	23.5
none-narrower:277643003	none-narrower	none	none	True	False		0.9901	0.9901	0.0001221500000000004	0.9888	31.2
gold-removed:24526004	gold-removed	none	none	True	False		0.9972	0.9972	9.230000000000139e-06	0.9968	28.1
easy:419039007	easy	H	H	True	True	False	0.9756	0.9756	0.0011810099999999988	0.9726	30.4
hard:76802005	hard	G	G	True	False	True	0.7942	0.7942	0.08284300999999998	0.7685	26.8
none-narrower:735549008	none-narrower	none	none	True	False		0.9999	0.9999	9.999999999997797e-09	0.9999	28.8
hard:109041000119107	hard	A	A	True	True	False	0.9943	0.9943	6.498000000000044e-05	0.9936	26.7
easy:26111005	easy	G	G	True	True	False	0.9838	0.9838	0.0004968699999999997	0.9818	28.8
easy:42930003	easy	G	G	True	True	False	0.9479	0.9479	0.005275640000000003	0.9414	29.4
hard:91662004	hard	D	D	True	True	False	0.995	0.995	5.000000000000005e-05	0.9943	26.8
hard:446995005	hard	C	C	True	True	False	0.9947	0.9947	5.6179999999999696e-05	0.994	28.3
none-narrower:428172002	none-narrower	none	none	True	False		0.9849	0.9849	0.0003858600000000001	0.983	28.4
hard:363469001	hard	D	D	True	False	True	0.9157	0.9157	0.012610690000000008	0.9052	29.2
easy:266257000	easy	G	G	True	False	True	0.8847	0.8847	0.02654210999999999	0.8703	28.7
easy:27536004	easy	A	A	True	True	False	0.9942	0.9942	6.728000000000032e-05	0.9935	67.2
easy:77157004	easy	C	C	True	True	False	0.9514	0.9514	0.004685229999999997	0.9453	27.9
hard:189130001	hard	C	C	True	False	True	0.9707	0.9707	0.0012574299999999995	0.9671	29.0
gold-removed:126958000	gold-removed	none	none	True	False		0.9714	0.9714	0.0011838099999999976	0.9678	27.9
easy:253737007	easy	F	F	True	True	False	0.9504	0.9504	0.004861339999999998	0.9442	28.2
retrieval-miss:234411007	retrieval-miss	none	none	True	False	True	0.9979	0.9979	5.179999999999961e-06	0.9977	30.7
hard:763348005	hard	C	C	True	True	False	0.9887	0.9887	0.00025313999999999946	0.9873	82.5
none-narrower:109272006	none-narrower	none	none	True	False		0.9668	0.9668	0.0021912600000000004	0.9626	26.1
hard:235828008	hard	B	B	True	False	True	0.974	0.974	0.0011580200000000014	0.9707	28.9
none-narrower:18040001	none-narrower	none	none	True	False		0.9915	0.9915	0.00010678999999999919	0.9905	27.9
easy:87694001	easy	C	C	True	True	True	0.6413	0.6413	0.25244872	0.5964	31.2
hard:699297004	hard	G	G	True	True	False	0.803	0.803	0.05870663999999998	0.7783	83.2
none-narrower:871745001	none-narrower	none	none	True	False		0.9991	0.9991	1.3400000000000215e-06	0.9989	27.8
gold-removed:193411004	gold-removed	none	none	True	False		0.9991	0.9991	9.700000000000214e-07	0.999	30.6
hard:72000004	hard	E	E	True	True	False	0.9863	0.9863	0.00037539000000000127	0.9845	29.0
retrieval-miss:77323000	retrieval-miss	none	none	True	False	True	0.9983	0.9983	5.460000000000119e-06	0.9981	29.3
retrieval-miss:370999003	retrieval-miss	none	none	True	False	True	0.9664	0.9664	0.0020441199999999974	0.9622	30.2
retrieval-miss:254588001	retrieval-miss	none	none	True	False	True	0.9989	0.9989	1.6299999999999778e-06	0.9988	26.2
easy:192782005	easy	E	E	True	False	True	0.5057	0.5057	0.48336988	0.4439	30.3
retrieval-miss:717917007	retrieval-miss	none	none	True	False	True	0.99	0.99	0.00013585000000000019	0.9888	86.2
none-narrower:1237225007	none-narrower	none	A	False	False		0.9789	0.0174	1.92375378	0.9762	131.5
easy:718720007	easy	D	D	True	True	False	0.9095	0.9095	0.016183150000000004	0.8982	28.0
easy:373436002	easy	H	none	False	False	True	0.9992	0.0002	1.9980009399999998	0.9991	28.1
retrieval-miss:789657008	retrieval-miss	none	none	True	False	True	0.9903	0.9903	0.0001257600000000008	0.9891	72.2
hard:363402007	hard	G	G	True	True	True	0.9867	0.9867	0.0003537799999999994	0.985	29.1
easy:127230005	easy	D	B	False	False	True	0.9903	0.0002	1.9803824899999998	0.9891	28.0
easy:124322002	easy	B	B	True	True	False	0.969	0.969	0.0014636800000000017	0.9652	29.4
easy:446079007	easy	G	G	True	True	False	0.8934	0.8934	0.022684540000000003	0.8801	86.1
hard:718717004	hard	C	C	True	True	False	0.9664	0.9664	0.0022512199999999974	0.9622	29.1
easy:58213005	easy	C	C	True	True	False	0.9981	0.9981	7.220000000000049e-06	0.9978	30.7
retrieval-miss:271807003	retrieval-miss	none	none	True	False	True	0.9998	0.9998	4.999999999999118e-08	0.9998	28.3
easy:17024001	easy	C	C	True	True	False	0.9767	0.9767	0.0009027799999999994	0.9738	29.4
hard:17226007	hard	D	D	True	True	False	0.9991	0.9991	1.6200000000000213e-06	0.999	24.7
hard:90935002	hard	G	G	True	True	False	0.9889	0.9889	0.00020739999999999997	0.9875	27.7
retrieval-miss:56975005	retrieval-miss	none	none	True	False	True	0.9999	0.9999	9.999999999997797e-09	0.9999	84.0
retrieval-miss:765216006	retrieval-miss	none	none	True	False	True	0.9985	0.9985	3.959999999999837e-06	0.9983	30.2
hard:711403001	hard	E	B	False	False	True	0.9677	0.0102	1.9166139800000002	0.9636	28.7
easy:8635005	easy	A	A	True	True	False	0.987	0.987	0.0003354100000000003	0.9854	27.8
easy:36948007	easy	B	B	True	True	False	0.9987	0.9987	3.3799999999999164e-06	0.9985	30.4
hard:732252005	hard	F	F	True	False	True	0.8445	0.8445	0.04607398999999999	0.8251	82.5
none-narrower:1306326003	none-narrower	none	none	True	False		0.9995	0.9995	3.0999999999994494e-07	0.9995	26.2
hard:79886009	hard	H	H	True	True	False	0.9941	0.9941	6.962000000000019e-05	0.9933	26.1
hard:203045001	hard	G	G	True	True	True	0.9681	0.9681	0.0020162100000000027	0.9641	29.1
retrieval-miss:82800008	retrieval-miss	none	D	False	False	True	0.9917	0.0078	1.96792998	0.9907	26.6
gold-removed:33168009	gold-removed	none	none	True	False		0.997	0.997	1.1040000000000016e-05	0.9966	79.7
none-narrower:723363009	none-narrower	none	E	False	False		0.4851	0.0568	1.2470168400000001	0.4207	28.9
none-narrower:1163472000	none-narrower	none	none	True	False		0.9473	0.9473	0.005271559999999996	0.9407	30.4
gold-removed:7522008	gold-removed	none	none	True	False		0.9997	0.9997	9.999999999998017e-08	0.9997	28.4
retrieval-miss:230572002	retrieval-miss	none	none	True	False	True	0.9996	0.9996	2.0999999999996474e-07	0.9996	27.0
gold-removed:720604008	gold-removed	none	none	True	False		0.9994	0.9994	4.80000000000054e-07	0.9993	28.8
none-narrower:50927007	none-narrower	none	none	True	False		0.9735	0.9735	0.0013141299999999984	0.9702	27.6
hard:718608006	hard	A	A	True	True	False	0.9936	0.9936	7.59299999999995e-05	0.9928	87.0
easy:363379000	easy	B	B	True	True	True	0.9855	0.9855	0.00041193999999999877	0.9837	29.1
gold-removed:254627002	gold-removed	none	none	True	False		0.9925	0.9925	8.205999999999927e-05	0.9916	84.8
hard:232006002	hard	C	C	True	True	False	0.9993	0.9993	9.800000000000474e-07	0.9992	26.5
hard:129639005	hard	D	D	True	True	False	0.9888	0.9888	0.0002508799999999997	0.9874	26.8
hard:126980002	hard	F	F	True	True	False	0.7861	0.7861	0.09116501999999999	0.7594	28.0
retrieval-miss:718691008	retrieval-miss	none	none	True	False	True	0.9919	0.9919	9.714999999999994e-05	0.9909	29.1
retrieval-miss:234110002	retrieval-miss	none	none	True	False	True	0.9999	0.9999	9.999999999997797e-09	0.9999	27.7
none-narrower:472699005	none-narrower	none	none	True	False		0.9993	0.9993	9.800000000000474e-07	0.9992	29.0
gold-removed:726708009	gold-removed	none	none	True	False		1.0	1.0	0.0	1.0	29.0
easy:83482000	easy	F	F	True	True	False	0.9945	0.9945	6.049999999999944e-05	0.9938	125.0
hard:254837009	hard	F	F	True	True	False	0.9897	0.9897	0.0002061099999999995	0.9884	29.9
retrieval-miss:4945003	retrieval-miss	none	none	True	False	True	0.9994	0.9994	4.80000000000054e-07	0.9993	83.4
easy:718210003	easy	D	D	True	True	False	0.9894	0.9894	0.00022054000000000114	0.9881	82.7
gold-removed:719253007	gold-removed	none	none	True	False		0.9929	0.9929	7.347999999999993e-05	0.9921	84.2
retrieval-miss:722055008	retrieval-miss	none	none	True	False	True	0.9992	0.9992	7.900000000000366e-07	0.9991	85.5
easy:763127004	easy	A	A	True	True	False	0.9946	0.9946	5.831999999999958e-05	0.9939	30.2
retrieval-miss:312912001	retrieval-miss	none	none	True	False	True	0.9986	0.9986	3.179999999999879e-06	0.9985	28.3
hard:41799005	hard	A	A	True	True	False	0.9974	0.9974	1.3010000000000243e-05	0.9971	26.8
hard:764999002	hard	H	H	True	False	True	0.9896	0.9896	0.00021220999999999927	0.9883	84.7
easy:66695004	easy	H	none	False	False	True	0.9289	0.0551	1.7559346499999997	0.92	131.6
easy:404056007	easy	F	F	True	True	False	0.9945	0.9945	5.8349999999999446e-05	0.9938	27.9
retrieval-miss:388980004	retrieval-miss	none	none	True	False	True	0.9917	0.9917	9.750999999999957e-05	0.9906	29.2
none-narrower:1162558000	none-narrower	none	none	True	False		0.9997	0.9997	1.2999999999998017e-07	0.9997	28.0
easy:4887000	easy	A	A	True	False	True	0.9927	0.9927	0.00010512999999999961	0.9918	84.4
retrieval-miss:234619000	retrieval-miss	none	none	True	False	True	0.7799	0.7799	0.09536985999999997	0.7523	27.6
retrieval-miss:715771008	retrieval-miss	none	D	False	False	True	0.9648	0.0316	1.8686485	0.9605	30.0
retrieval-miss:186217006	retrieval-miss	none	none	True	False	True	0.9995	0.9995	4.999999999999449e-07	0.9994	26.3
hard:715755008	hard	E	E	True	True	False	0.9774	0.9774	0.0010080999999999979	0.9746	85.6
hard:126703006	hard	E	B	False	False	True	0.9925	0.0003	1.9845040400000002	0.9915	29.1
none-narrower:48309007	none-narrower	none	none	True	False		0.9977	0.9977	1.0579999999999856e-05	0.9974	30.4
easy:37272000	easy	G	G	True	True	False	0.9925	0.9925	0.00011100999999999928	0.9916	31.4
none-narrower:763312008	none-narrower	none	B	False	False		0.7889	0.1726	1.30781808	0.7625	88.6
easy:88092000	easy	F	F	True	False	True	0.997	0.997	1.8000000000000017e-05	0.9966	28.0
none-narrower:1340174002	none-narrower	none	G	False	False		0.7751	0.1046	1.41603123	0.747	67.8
hard:92336000	hard	H	H	True	True	False	0.993	0.993	9.525000000000009e-05	0.9922	27.9
retrieval-miss:16140007	retrieval-miss	none	H	False	False	True	0.9802	0.0197	1.9217801399999999	0.9777	27.9
none-narrower:403632002	none-narrower	none	none	True	False		0.9447	0.9447	0.005953120000000001	0.9378	31.3
retrieval-miss:363398003	retrieval-miss	none	none	True	False	True	0.9924	0.9924	9.718000000000077e-05	0.9914	29.5
hard:426055002	hard	A	A	True	True	False	0.9944	0.9944	5.949000000000056e-05	0.9937	26.7
none-narrower:716194005	none-narrower	none	H	False	False		0.8847	0.1151	1.5657421100000002	0.8703	31.2
none-narrower:94660006	none-narrower	none	none	True	False		0.9997	0.9997	1.3999999999998018e-07	0.9996	28.9
hard:190785000	hard	D	D	True	True	False	0.9939	0.9939	6.867999999999993e-05	0.9932	27.1
hard:92385005	hard	B	B	True	True	True	0.992	0.992	0.00012641000000000014	0.991	29.0
none-narrower:289474006	none-narrower	none	none	True	False		0.997	0.997	1.2270000000000016e-05	0.9966	27.5
easy:238763007	easy	E	E	True	True	False	0.997	0.997	1.7410000000000015e-05	0.9966	27.9
retrieval-miss:363009005	retrieval-miss	none	none	True	False	True	0.9915	0.9915	8.704999999999919e-05	0.9905	30.4
none-narrower:133091000119105	none-narrower	none	none	True	False		0.9987	0.9987	2.1999999999999163e-06	0.9985	23.4
gold-removed:92697000	gold-removed	none	none	True	False		0.9974	0.9974	9.260000000000243e-06	0.997	29.1
hard:192781003	hard	H	H	True	True	False	0.9847	0.9847	0.0004591099999999994	0.9828	30.7
easy:711480000	easy	H	C	False	True	False	0.9131	0.0777	1.6844682	0.9022	84.9
hard:254709009	hard	F	D	False	False	True	0.9898	0.0001	1.97960405	0.9885	30.3
retrieval-miss:716338001	retrieval-miss	none	B	False	False	True	0.9534	0.0457	1.81966056	0.9476	30.0
easy:14535005	easy	F	F	True	True	False	0.9942	0.9942	6.728000000000032e-05	0.9935	29.4
easy:734029004	easy	E	E	True	True	True	0.9147	0.9147	0.010628680000000008	0.9041	85.3
none-narrower:707750005	none-narrower	none	none	True	False		0.9995	0.9995	3.0999999999994494e-07	0.9995	29.1
none-narrower:12240951000119107	none-narrower	none	none	True	False		0.9955	0.9955	3.6309999999999535e-05	0.995	30.5
easy:715801001	easy	F	F	True	True	False	0.9915	0.9915	0.00013318999999999918	0.9905	84.9
hard:94140004	hard	G	none	False	True	True	0.989	0.0088	1.96060011	0.9876	29.1
none-narrower:276682008	none-narrower	none	none	True	False		0.5855	0.5855	0.34229862999999994	0.5337	27.9
retrieval-miss:726672000	retrieval-miss	none	none	True	False	True	0.9996	0.9996	2.0999999999996474e-07	0.9996	29.7
easy:717254007	easy	B	B	True	True	False	0.9957	0.9957	3.6979999999999744e-05	0.9952	31.1
retrieval-miss:105597003	retrieval-miss	none	none	True	False	True	0.9969	0.9969	1.4229999999999948e-05	0.9965	26.5
easy:68779003	easy	E	none	False	True	False	0.8973	0.0989	1.61713549	0.8845	27.9
none-narrower:1144544008	none-narrower	none	none	True	False		0.9993	0.9993	7.800000000000475e-07	0.9993	27.9
hard:28189009	hard	C	C	True	True	False	0.991	0.991	0.00015845000000000014	0.9899	29.3
easy:237091009	easy	C	C	True	True	False	0.9973	0.9973	1.4060000000000192e-05	0.997	26.6
easy:45116002	easy	E	none	False	True	False	0.9759	0.0028	1.94695461	0.9729	88.8
hard:29928006	hard	H	H	True	False	True	0.9519	0.9519	0.003991240000000003	0.9459	27.2
gold-removed:51254007	gold-removed	none	none	True	False		1.0	1.0	0.0	1.0	28.8
gold-removed:235825006	gold-removed	none	none	True	False		0.971	0.971	0.0014120700000000016	0.9674	27.8
hard:47277009	hard	H	H	True	True	False	0.9951	0.9951	4.522000000000015e-05	0.9945	29.2
gold-removed:766818009	gold-removed	none	none	True	False		0.9465	0.9465	0.005515259999999999	0.9398	31.5
hard:408643008	hard	A	A	True	False	True	0.9968	0.9968	1.9859999999999874e-05	0.9964	85.7
easy:254219004	easy	G	G	True	True	False	0.9249	0.9249	0.011220199999999993	0.9155	27.9
hard:702397002	hard	G	G	True	True	False	0.9895	0.9895	0.00020130999999999903	0.9882	27.9
retrieval-miss:240820001	retrieval-miss	none	none	True	False	True	0.9943	0.9943	4.510000000000043e-05	0.9936	29.0
gold-removed:720495005	gold-removed	none	none	True	False		0.9994	0.9994	4.7000000000005395e-07	0.9993	29.7
none-narrower:145501000119108	none-narrower	none	none	True	False		0.9997	0.9997	1.0999999999998018e-07	0.9997	30.3
hard:715530004	hard	E	E	True	False	True	0.9886	0.9886	0.0002554199999999992	0.9871	86.8
hard:102449007	hard	G	G	True	True	False	0.9856	0.9856	0.00041471999999999907	0.9838	28.0
easy:363373004	easy	A	none	False	False	True	0.998	0.0013	1.99340595	0.9978	27.6
hard:205473008	hard	C	C	True	True	False	0.9952	0.9952	4.333000000000025e-05	0.9946	30.0
easy:312104005	easy	C	none	False	False	True	0.6661	0.3189	0.9076700900000001	0.6243	29.2
easy:63175003	easy	A	A	True	False	True	0.9286	0.9286	0.010181650000000004	0.9196	29.2
hard:363493006	hard	C	C	True	True	True	0.9827	0.9827	0.0005783499999999994	0.9806	28.0
retrieval-miss:399955009	retrieval-miss	none	none	True	False	True	0.9969	0.9969	1.3059999999999948e-05	0.9965	85.5
retrieval-miss:27240009	retrieval-miss	none	none	True	False	True	0.9999	0.9999	9.999999999997797e-09	0.9999	30.3
none-narrower:1343511009	none-narrower	none	none	True	False		0.9994	0.9994	4.7000000000005395e-07	0.9993	29.3
hard:1489008	hard	E	E	True	False	True	0.7681	0.7681	0.10718547	0.7391	26.5
easy:234576008	easy	C	none	False	True	False	0.8185	0.1809	1.3408671699999999	0.7958	28.0
easy:124267007	easy	C	none	False	False	True	0.9355	0.0578	1.76292496	0.9275	86.6
hard:724142005	hard	A	A	True	False	True	0.8701	0.8701	0.03348957	0.8539	84.0
easy:717632002	easy	E	E	True	True	False	0.838	0.838	0.04958452000000002	0.8178	88.1
easy:733447005	easy	H	H	True	True	False	0.8886	0.8886	0.024797660000000013	0.8746	30.7
gold-removed:719172003	gold-removed	none	none	True	False		0.9934	0.9934	5.905000000000066e-05	0.9926	193.4
none-narrower:705128004	none-narrower	none	none	True	False		0.9868	0.9868	0.0003281899999999997	0.9851	26.5
gold-removed:126804008	gold-removed	none	none	True	False		0.5687	0.5687	0.37152224	0.5148	28.0
gold-removed:50923006	gold-removed	none	none	True	False		0.9988	0.9988	1.7599999999999493e-06	0.9987	30.5
gold-removed:95413004	gold-removed	none	none	True	False		0.9994	0.9994	5.30000000000054e-07	0.9994	28.5
easy:6729006	easy	A	A	True	True	True	0.9977	0.9977	1.0129999999999857e-05	0.9974	31.5
easy:763793004	easy	H	H	True	False	True	0.9349	0.9349	0.008424130000000005	0.9268	87.1
easy:715342005	easy	F	F	True	True	False	0.9625	0.9625	0.0026544499999999983	0.9579	87.7
retrieval-miss:403901001	retrieval-miss	none	F	False	False	True	0.8335	0.1651	1.39178078	0.8127	30.2
hard:187151009	hard	D	D	True	True	False	0.9971	0.9971	1.682000000000008e-05	0.9967	82.9
gold-removed:155441006	gold-removed	none	none	True	False		0.9717	0.9717	0.0010520199999999994	0.9681	29.0
easy:50869007	easy	B	B	True	False	True	0.9881	0.9881	0.00027399000000000054	0.9866	28.8
hard:73237007	hard	G	G	True	True	False	0.9944	0.9944	6.161000000000054e-05	0.9936	27.6
hard:763529005	hard	G	G	True	True	False	0.9759	0.9759	0.0011568200000000007	0.9729	81.3
gold-removed:128869009	gold-removed	none	none	True	False		0.9996	0.9996	1.8999999999996475e-07	0.9996	28.9
gold-removed:22199006	gold-removed	none	none	True	False		0.9991	0.9991	9.700000000000214e-07	0.999	30.6
easy:254790003	easy	D	D	True	True	False	0.9774	0.9774	0.0010125599999999979	0.9745	26.8
hard:126677000	hard	B	B	True	True	False	0.9954	0.9954	4.1410000000000445e-05	0.9948	29.2
retrieval-miss:56688005	retrieval-miss	none	none	True	False	True	0.9928	0.9928	0.00010225999999999978	0.9919	27.6
easy:202882003	easy	C	C	True	True	False	0.9978	0.9978	9.67999999999991e-06	0.9975	30.3
hard:29271008	hard	A	none	False	True	True	0.9017	0.0959	1.6304623399999998	0.8894	28.8
hard:36233006	hard	E	E	True	False	True	0.9942	0.9942	6.290000000000032e-05	0.9934	30.5
easy:719949001	easy	C	C	True	True	False	0.9692	0.9692	0.0018490300000000032	0.9653	89.2
easy:61071003	easy	B	B	True	False	True	0.9903	0.9903	0.00018818000000000082	0.9891	90.2
retrieval-miss:218728005	retrieval-miss	none	C	False	False	True	0.7144	0.2849	1.0217356200000003	0.6787	28.0
retrieval-miss:725028009	retrieval-miss	none	none	True	False	True	0.9989	0.9989	1.3999999999999777e-06	0.9987	87.7
hard:28314004	hard	D	D	True	True	True	0.948	0.948	0.005408000000000005	0.9415	28.7
hard:24269006	hard	C	C	True	True	True	0.9762	0.9762	0.0010601800000000021	0.9732	28.8
easy:722376008	easy	G	G	True	True	True	0.8773	0.8773	0.02852376000000001	0.8619	87.6
hard:715406003	hard	E	E	True	True	False	0.9589	0.9589	0.0033457500000000024	0.9537	87.8
easy:126680004	easy	D	D	True	True	False	0.9706	0.9706	0.001705409999999999	0.967	29.1
none-narrower:93846004	none-narrower	none	none	True	False		0.9805	0.9805	0.0006664299999999986	0.9781	28.0
gold-removed:763213001	gold-removed	none	none	True	False		0.9983	0.9983	4.8800000000001184e-06	0.9981	29.8
gold-removed:71912000	gold-removed	none	none	True	False		0.9945	0.9945	4.318999999999944e-05	0.9938	26.9
easy:428281000	easy	G	G	True	True	False	0.8921	0.8921	0.022387779999999996	0.8786	27.7
hard:722391005	hard	B	B	True	True	False	0.9938	0.9938	7.687999999999979e-05	0.993	30.9
easy:231829006	easy	B	B	True	True	True	0.8742	0.8742	0.031155010000000004	0.8584	28.0
none-narrower:232023006	none-narrower	none	none	True	False		0.9988	0.9988	2.2799999999999494e-06	0.9987	27.9
none-narrower:1382212005	none-narrower	none	none	True	False		0.7548	0.7548	0.11956196999999999	0.7241	30.3
hard:708536001	hard	B	B	True	True	False	0.9937	0.9937	7.234999999999964e-05	0.9929	29.6
none-narrower:314207007	none-narrower	none	none	True	False		0.9989	0.9989	1.4599999999999778e-06	0.9988	26.5
easy:398723007	easy	D	D	True	False	True	0.9871	0.9871	0.0002748200000000006	0.9855	29.0
retrieval-miss:236803007	retrieval-miss	none	none	True	False	True	0.9996	0.9996	1.8999999999996475e-07	0.9996	23.3
hard:721756002	hard	C	C	True	False	True	0.5989	0.5989	0.31420125	0.5487	26.6
none-narrower:418072004	none-narrower	none	none	True	False		0.9998	0.9998	4.999999999999118e-08	0.9998	27.9
retrieval-miss:87065009	retrieval-miss	none	none	True	False	True	1.0	1.0	0.0	1.0	84.0
gold-removed:33655002	gold-removed	none	none	True	False		0.9946	0.9946	3.830999999999957e-05	0.9939	23.2
easy:254895003	easy	A	A	True	True	False	0.9339	0.9339	0.008568840000000006	0.9256	83.9
easy:255072001	easy	E	E	True	True	True	0.9896	0.9896	0.00020825999999999926	0.9883	30.2
none-narrower:423471004	none-narrower	none	none	True	False		0.6406	0.6406	0.25400129000000005	0.5957	29.2
hard:25147002	hard	C	C	True	True	False	0.9963	0.9963	2.738000000000027e-05	0.9959	28.0
retrieval-miss:2109003	retrieval-miss	none	none	True	False	True	0.9998	0.9998	5.99999999999912e-08	0.9997	30.3
easy:254846003	easy	G	none	False	True	False	0.5704	0.4137	0.6693178800000001	0.5167	30.5
hard:3323003	hard	E	E	True	True	False	0.9942	0.9942	6.504000000000031e-05	0.9935	29.3
hard:41446000	hard	E	E	True	True	False	0.9968	0.9968	1.9849999999999876e-05	0.9964	22.9
easy:41572006	easy	B	B	True	False	True	0.9737	0.9737	0.0013524399999999995	0.9704	84.5
hard:276645004	hard	F	F	True	True	False	0.9776	0.9776	0.0007919399999999989	0.9747	26.5
gold-removed:27215002	gold-removed	none	none	True	False		0.9999	0.9999	1.9999999999997797e-08	0.9999	29.2
gold-removed:433068007	gold-removed	none	none	True	False		0.9982	0.9982	3.7900000000000857e-06	0.998	27.8
easy:35031005	easy	E	E	True	True	False	0.9885	0.9885	0.000253349999999999	0.9871	84.6
easy:85375000	easy	E	E	True	True	False	0.9953	0.9953	4.3260000000000355e-05	0.9947	27.5
none-narrower:198448006	none-narrower	none	none	True	False		0.9996	0.9996	2.0999999999996474e-07	0.9995	30.0
retrieval-miss:725910009	retrieval-miss	none	none	True	False	True	0.9998	0.9998	4.999999999999118e-08	0.9998	28.8
hard:719659003	hard	G	G	True	False	True	0.8397	0.8397	0.05091432	0.8197	83.1
hard:81564005	hard	C	C	True	True	True	0.986	0.986	0.00034986000000000034	0.9842	26.5
none-narrower:723829000	none-narrower	none	G	False	False		0.9207	0.0782	1.6974043099999998	0.9108	28.0
easy:22125009	easy	E	E	True	True	True	0.9869	0.9869	0.00033046000000000003	0.9853	29.4
retrieval-miss:440350001	retrieval-miss	none	none	True	False	True	0.9988	0.9988	1.7099999999999493e-06	0.9986	30.6
gold-removed:10082001	gold-removed	none	none	True	False		0.9982	0.9982	4.590000000000086e-06	0.998	29.5
easy:28183005	easy	E	E	True	True	False	0.9902	0.9902	0.00016998000000000062	0.989	82.7
hard:53597009	hard	D	D	True	True	False	0.9927	0.9927	0.0001051399999999996	0.9918	27.6
hard:25010000	hard	H	none	False	False	True	0.9902	0.0064	1.96774173	0.989	80.9
easy:22949006	easy	C	C	True	False	True	0.9826	0.9826	0.0006055199999999989	0.9804	26.4
retrieval-miss:230410004	retrieval-miss	none	A	False	False	True	0.7224	0.2056	1.15448964	0.6877	82.5
gold-removed:239892009	gold-removed	none	none	True	False		0.9979	0.9979	6.449999999999961e-06	0.9977	28.9
easy:91051003	easy	D	D	True	True	False	0.9925	0.9925	0.00011100999999999928	0.9916	28.0
retrieval-miss:124224004	retrieval-miss	none	none	True	False	True	0.9999	0.9999	9.999999999997797e-09	0.9999	28.8
easy:725027004	easy	G	G	True	False	True	0.9347	0.9347	0.008450540000000003	0.9265	81.7
easy:25690000	easy	E	E	True	True	False	0.9891	0.9891	0.00022915000000000045	0.9877	28.6
easy:67895005	easy	G	G	True	True	False	0.9942	0.9942	6.728000000000032e-05	0.9934	28.1
hard:237751000	hard	G	G	True	True	False	0.9891	0.9891	0.00022314000000000047	0.9878	30.1
retrieval-miss:54266002	retrieval-miss	none	none	True	False	True	0.9982	0.9982	6.480000000000085e-06	0.9979	30.7
easy:445436005	easy	C	C	True	True	True	0.9941	0.9941	5.166000000000019e-05	0.9934	83.0
hard:438476003	hard	C	C	True	True	True	0.9795	0.9795	0.0005614899999999985	0.9769	29.9
easy:191382009	easy	G	G	True	True	True	0.9827	0.9827	0.0005951399999999994	0.9805	28.4
hard:255154009	hard	C	C	True	True	True	0.9959	0.9959	3.126999999999994e-05	0.9954	29.0
gold-removed:2284002	gold-removed	none	none	True	False		0.9953	0.9953	3.0020000000000353e-05	0.9947	23.5
easy:363378008	easy	H	H	True	False	True	0.9519	0.9519	0.004232000000000003	0.9459	29.0
hard:126686005	hard	B	B	True	True	False	0.9974	0.9974	1.3520000000000243e-05	0.997	29.3
easy:43152001	easy	G	G	True	True	False	0.9868	0.9868	0.00034073999999999975	0.9852	26.7
hard:723411003	hard	B	B	True	True	False	0.9792	0.9792	0.0008652800000000017	0.9766	30.0
gold-removed:234584007	gold-removed	none	none	True	False		0.9995	0.9995	3.4999999999994493e-07	0.9994	82.2
hard:725591002	hard	E	E	True	True	False	0.9618	0.9618	0.002918480000000001	0.957	30.3
retrieval-miss:243321006	retrieval-miss	none	none	True	False	True	0.9993	0.9993	5.800000000000475e-07	0.9993	26.5
hard:5262007	hard	G	G	True	True	True	0.6448	0.6448	0.23336373999999996	0.6004	29.0
gold-removed:77489003	gold-removed	none	E	False	False		0.9171	0.0823	1.6832459000000002	0.9067	23.2
none-narrower:371074009	none-narrower	none	none	True	False		0.995	0.995	3.587000000000005e-05	0.9944	27.9
gold-removed:74460005	gold-removed	none	none	True	False		0.9994	0.9994	5.000000000000539e-07	0.9993	28.2
gold-removed:75544000	gold-removed	none	none	True	False		0.9982	0.9982	3.940000000000086e-06	0.998	24.7
hard:28244003	hard	G	G	True	True	False	0.9973	0.9973	1.4580000000000192e-05	0.9969	23.0
retrieval-miss:390834004	retrieval-miss	none	none	True	False	True	0.9999	0.9999	9.999999999997797e-09	0.9999	27.9
easy:128082002	easy	H	H	True	True	True	0.9827	0.9827	0.0005597199999999994	0.9806	82.0
easy:720749004	easy	H	H	True	False	True	0.9502	0.9502	0.004950129999999995	0.9439	31.0
none-narrower:56871000	none-narrower	none	C	False	False		0.975	0.024	1.90320131	0.9718	30.2
retrieval-miss:70534000	retrieval-miss	none	none	True	False	True	0.9987	0.9987	2.3099999999999165e-06	0.9985	28.2
easy:31659000	easy	H	H	True	False	True	0.8477	0.8477	0.04632971	0.8287	29.0
easy:10623005	easy	F	F	True	True	False	0.9643	0.9643	0.0021360899999999967	0.9599	26.5
hard:78622004	hard	C	C	True	True	True	0.6847	0.6847	0.19757460000000002	0.6453	27.0
gold-removed:32893002	gold-removed	none	none	True	False		0.979	0.979	0.0008653800000000009	0.9764	28.9
gold-removed:33666009	gold-removed	none	none	True	False		0.6929	0.6929	0.18855942000000003	0.6545	28.2
none-narrower:772225005	none-narrower	none	D	False	False		0.9663	0.0336	1.86766465	0.9621	88.1
easy:45377007	easy	H	H	True	True	True	0.9799	0.9799	0.0007062500000000003	0.9774	28.0
hard:254067002	hard	E	E	True	True	False	0.9948	0.9948	5.305999999999982e-05	0.9942	28.3
none-narrower:403114001	none-narrower	none	none	True	False		0.9997	0.9997	1.8999999999998015e-07	0.9996	27.0
gold-removed:231826004	gold-removed	none	none	True	False		0.9985	0.9985	3.0999999999998373e-06	0.9983	29.2
easy:715415005	easy	H	H	True	True	False	0.9902	0.9902	0.0001901300000000006	0.989	29.1
easy:429233001	easy	E	E	True	True	True	0.985	0.985	0.0004500000000000004	0.9831	27.6
easy:15350006	easy	G	G	True	True	False	0.9381	0.9381	0.007663219999999994	0.9303	28.7
gold-removed:59282003	gold-removed	none	none	True	False		0.9992	0.9992	1.0200000000000366e-06	0.9991	27.9
hard:238091006	hard	A	C	False	True	True	0.9606	0.0077	1.9084039099999999	0.9557	31.0
easy:37350004	easy	F	F	True	False	True	0.9819	0.9819	0.0006340300000000003	0.9796	27.7
gold-removed:722207000	gold-removed	none	none	True	False		0.9995	0.9995	3.1999999999994495e-07	0.9995	29.9
hard:372140005	hard	E	E	True	True	False	0.9643	0.9643	0.002130079999999997	0.9598	28.0
hard:733518000	hard	C	C	True	True	False	0.9646	0.9646	0.002410639999999999	0.9601	132.8
none-narrower:109858008	none-narrower	none	none	True	False		0.9988	0.9988	1.7499999999999494e-06	0.9987	30.3
hard:360481003	hard	F	F	True	True	True	0.7867	0.7867	0.08976773000000002	0.76	29.8
easy:111565003	easy	F	F	True	True	False	0.9943	0.9943	6.387000000000043e-05	0.9936	23.0
retrieval-miss:238020001	retrieval-miss	none	E	False	False	True	0.8074	0.1899	1.30815835	0.7833	27.9
hard:423425006	hard	G	none	False	True	True	0.6176	0.0975	1.2749039400000002	0.5698	28.3
retrieval-miss:67915005	retrieval-miss	none	none	True	False	True	0.9912	0.9912	0.00015488000000000052	0.9901	26.7
easy:763067000	easy	C	C	True	True	True	0.9821	0.9821	0.000528860000000001	0.9799	82.9
hard:82458004	hard	A	A	True	False	True	0.9769	0.9769	0.0010580300000000006	0.974	30.2
easy:24868007	easy	E	E	True	True	True	0.9889	0.9889	0.00024203999999999995	0.9875	28.0
none-narrower:1186810009	none-narrower	none	none	True	False		0.9291	0.9291	0.009403639999999996	0.9202	87.6
easy:27621000119100	easy	C	none	False	False	True	0.9586	0.0227	1.87430266	0.9534	27.9
hard:92040001	hard	A	A	True	True	True	0.9958	0.9958	3.527999999999984e-05	0.9953	29.4
easy:764944006	easy	C	C	True	True	False	0.9927	0.9927	0.00010512999999999961	0.9918	86.9
gold-removed:443095000	gold-removed	none	none	True	False		0.9988	0.9988	2.879999999999949e-06	0.9986	26.5
hard:707341005	hard	E	E	True	False	True	0.9661	0.9661	0.0022984200000000024	0.9618	27.8
hard:27059002	hard	H	H	True	False	True	0.9822	0.9822	0.0006301300000000013	0.98	23.6
none-narrower:773774000	none-narrower	none	C	False	False		0.9834	0.0163	1.93474129	0.9814	86.6
hard:128128003	hard	F	F	True	True	False	0.9956	0.9956	3.785999999999965e-05	0.995	26.3
retrieval-miss:20376005	retrieval-miss	none	none	True	False	True	0.9991	0.9991	1.2200000000000214e-06	0.999	27.7
none-narrower:1293071007	none-narrower	none	G	False	False		0.9751	0.0244	1.90261546	0.972	28.1
retrieval-miss:722390006	retrieval-miss	none	none	True	False	True	1.0	1.0	0.0	0.9999	82.8
easy:71325002	easy	E	E	True	True	False	0.9982	0.9982	5.820000000000086e-06	0.9979	29.0
gold-removed:448315008	gold-removed	none	none	True	False		0.997	0.997	1.3000000000000014e-05	0.9966	28.7
hard:709075008	hard	B	B	True	True	False	0.9857	0.9857	0.00040613999999999944	0.9839	85.6
hard:236644005	hard	A	A	True	True	False	0.9928	0.9928	0.00010225999999999978	0.9919	26.1
gold-removed:720983002	gold-removed	none	none	True	False		0.9988	0.9988	1.8999999999999494e-06	0.9986	31.2
easy:109983007	easy	H	H	True	True	False	0.946	0.946	0.005810480000000005	0.9392	84.5
hard:92039003	hard	H	H	True	True	True	0.9836	0.9836	0.000537919999999999	0.9815	30.2
easy:92617001	easy	D	D	True	True	True	0.9437	0.9437	0.006316910000000002	0.9367	28.1
easy:76916001	easy	D	D	True	True	False	0.9974	0.9974	1.2140000000000243e-05	0.9971	26.7
hard:19034001	hard	A	A	True	False	True	0.9627	0.9627	0.00274561	0.958	23.9
easy:93235007	easy	F	none	False	False	True	0.9973	0.0007	1.9932089899999998	0.9969	29.0
easy:70931000	easy	F	F	True	False	True	0.6096	0.6096	0.30149247999999995	0.5608	26.5
easy:233915000	easy	B	E	False	False	True	0.9568	0.0271	1.8622410299999999	0.9515	29.9
hard:253187005	hard	E	E	True	False	True	0.8881	0.8881	0.02428375	0.8741	28.0
hard:270516002	hard	D	D	True	True	True	0.9923	0.9923	9.818000000000061e-05	0.9913	30.4
retrieval-miss:105706003	retrieval-miss	none	none	True	False	True	0.9981	0.9981	6.850000000000048e-06	0.9979	28.1
none-narrower:2061000	none-narrower	none	none	True	False		0.9988	0.9988	1.7499999999999494e-06	0.9986	28.1
hard:232442001	hard	H	H	True	False	True	0.9598	0.9598	0.0029139000000000014	0.9547	28.2
none-narrower:302958006	none-narrower	none	B	False	False		0.6736	0.3242	0.91044469	0.6328	29.4
none-narrower:686991000119106	none-narrower	none	none	True	False		0.9992	0.9992	8.600000000000367e-07	0.9991	26.5
none-narrower:12181000119103	none-narrower	none	none	True	False		0.9976	0.9976	1.0609999999999798e-05	0.9973	26.3
gold-removed:60380001	gold-removed	none	E	False	False		0.6251	0.3699	0.7877846399999999	0.5782	26.5
none-narrower:1344682008	none-narrower	none	none	True	False		0.996	0.996	2.688000000000003e-05	0.9955	25.8
retrieval-miss:13445001	retrieval-miss	none	none	True	False	True	0.9999	0.9999	1.9999999999997797e-08	0.9999	29.4
hard:86500004	hard	G	G	True	True	False	0.9899	0.9899	0.00019625999999999997	0.9886	28.2
hard:707756004	hard	A	A	True	True	False	0.9983	0.9983	5.780000000000118e-06	0.9981	28.8
none-narrower:11045000	none-narrower	none	none	True	False		0.9998	0.9998	3.9999999999991186e-08	0.9998	27.9
retrieval-miss:67795000	retrieval-miss	none	none	True	False	True	0.9998	0.9998	3.9999999999991186e-08	0.9997	29.0
hard:254711000	hard	B	B	True	True	True	0.9963	0.9963	2.595000000000027e-05	0.9958	30.4
hard:54470008	hard	F	F	True	False	True	0.9383	0.9383	0.0075525299999999965	0.9305	132.1
none-narrower:301191003	none-narrower	none	none	True	False		0.9987	0.9987	2.1799999999999164e-06	0.9986	27.6
hard:19138001	hard	G	G	True	True	False	0.9807	0.9807	0.0007150399999999993	0.9782	28.8
none-narrower:782754006	none-narrower	none	B	False	False		0.9545	0.0444	1.82424187	0.9488	30.8
retrieval-miss:37548006	retrieval-miss	none	none	True	False	True	0.9919	0.9919	0.00011360999999999994	0.9909	30.8
easy:716723000	easy	G	E	False	False	True	0.9775	0.0026	1.95070506	0.9746	31.5
gold-removed:29740003	gold-removed	none	none	True	False		0.9977	0.9977	8.959999999999857e-06	0.9974	28.0
easy:408751001	easy	D	D	True	True	False	0.9932	0.9932	9.248000000000039e-05	0.9923	82.0
hard:92087008	hard	H	H	True	True	True	0.989	0.989	0.00023135000000000023	0.9876	27.9
hard:7259005	hard	C	C	True	False	True	0.957	0.957	0.0034874100000000033	0.9516	83.5
easy:721882001	easy	C	C	True	False	True	0.9565	0.9565	0.0028504799999999986	0.9511	143.1
none-narrower:340461000119106	none-narrower	none	none	True	False		0.9995	0.9995	4.0999999999994493e-07	0.9995	27.6
none-narrower:125628003	none-narrower	none	none	True	False		0.9984	0.9984	3.0900000000001466e-06	0.9982	28.1
hard:237610008	hard	C	C	True	False	True	0.9544	0.9544	0.003833119999999997	0.9487	30.7
none-narrower:43634002	none-narrower	none	none	True	False		0.9997	0.9997	1.2999999999998017e-07	0.9997	28.2
retrieval-miss:279611005	retrieval-miss	none	none	True	False	True	0.9954	0.9954	3.0230000000000444e-05	0.9948	30.8
hard:118611004	hard	D	D	True	True	False	0.9463	0.9463	0.005756659999999997	0.9396	30.8
gold-removed:397012002	gold-removed	none	none	True	False		0.9632	0.9632	0.001956900000000004	0.9587	29.6
none-narrower:203260009	none-narrower	none	none	True	False		0.9998	0.9998	5.99999999999912e-08	0.9997	28.4
hard:237963003	hard	C	C	True	True	False	0.9798	0.9798	0.0007166699999999999	0.9773	28.1
hard:4754008	hard	H	H	True	False	True	0.9577	0.9577	0.0035533100000000005	0.9524	29.4
easy:49584005	easy	A	A	True	True	True	0.9986	0.9986	3.9199999999998795e-06	0.9984	29.1
hard:732928005	hard	F	F	True	True	False	0.9984	0.9984	5.120000000000147e-06	0.9982	26.9
retrieval-miss:110997000	retrieval-miss	none	none	True	False	True	1.0	1.0	0.0	1.0	30.2
easy:86638007	easy	E	E	True	True	False	0.9875	0.9875	0.0003124999999999989	0.9859	29.2
easy:725463007	easy	B	B	True	True	False	0.9724	0.9724	0.0014963299999999975	0.9689	85.0
retrieval-miss:183342005	retrieval-miss	none	none	True	False	True	0.9999	0.9999	9.999999999997797e-09	0.9999	28.9
none-narrower:424289008	none-narrower	none	none	True	False		1.0	1.0	0.0	1.0	29.1
easy:205468002	easy	H	H	True	True	False	0.9903	0.9903	0.00018818000000000082	0.9891	88.8
none-narrower:240716009	none-narrower	none	none	True	False		0.7821	0.7821	0.09340852999999999	0.7549	28.0
hard:721617001	hard	E	none	False	False	True	0.7316	0.0293	1.53457028	0.6981	83.7
gold-removed:109477002	gold-removed	none	none	True	False		0.9998	0.9998	4.999999999999118e-08	0.9997	27.6
gold-removed:715822007	gold-removed	none	none	True	False		0.9895	0.9895	0.00014524999999999903	0.9882	84.0
hard:722457005	hard	C	C	True	True	False	0.8881	0.8881	0.023475740000000002	0.8741	31.1
hard:237683004	hard	G	G	True	True	False	0.916	0.916	0.013433749999999994	0.9055	28.5
hard:713060000	hard	B	B	True	True	False	0.9978	0.9978	9.67999999999991e-06	0.9975	29.6
none-narrower:109972003	none-narrower	none	none	True	False		0.9995	0.9995	3.0999999999994494e-07	0.9995	84.0
easy:3978000	easy	F	F	True	True	False	0.987	0.987	0.00033542000000000034	0.9854	29.0
easy:417607009	easy	E	E	True	True	False	0.9546	0.9546	0.00399008	0.9489	82.1
hard:44274007	hard	F	F	True	True	True	0.9949	0.9949	5.005999999999993e-05	0.9942	29.0
hard:724066002	hard	C	C	True	True	False	0.9824	0.9824	0.0006125299999999982	0.9802	85.9
hard:702437000	hard	D	D	True	True	False	0.9863	0.9863	0.00035943000000000124	0.9846	27.9
hard:58976002	hard	E	E	True	True	True	0.982	0.982	0.0005557900000000006	0.9797	84.1
retrieval-miss:397758007	retrieval-miss	none	H	False	False	True	0.9888	0.0111	1.95564865	0.9874	29.0
easy:726051002	easy	A	A	True	True	False	0.9778	0.9778	0.0007573300000000001	0.9751	27.0
gold-removed:50715003	gold-removed	none	none	True	False		0.9334	0.9334	0.007416179999999999	0.9251	28.3
retrieval-miss:710572000	retrieval-miss	none	none	True	False	True	0.9779	0.9779	0.0007427600000000004	0.9751	29.3
easy:92205005	easy	G	G	True	True	True	0.9878	0.9878	0.0002416199999999997	0.9863	29.4
hard:363495004	hard	F	F	True	True	True	0.9579	0.9579	0.0027530100000000023	0.9526	27.7
hard:363458004	hard	F	F	True	True	True	0.9694	0.9694	0.0017033699999999977	0.9655	29.0
easy:723552005	easy	F	F	True	False	True	0.9615	0.9615	0.0027373499999999978	0.9567	88.7
none-narrower:16060551000119103	none-narrower	none	none	True	False		0.9994	0.9994	5.600000000000539e-07	0.9993	25.8
none-narrower:443971004	none-narrower	none	none	True	False		0.9832	0.9832	0.0005000700000000013	0.9811	27.6
hard:726610000	hard	G	G	True	True	True	0.9472	0.9472	0.005492109999999995	0.9406	84.3
hard:230450001	hard	A	A	True	False	True	0.9475	0.9475	0.00545004	0.9409	28.7
none-narrower:11780521000119105	none-narrower	none	none	True	False		1.0	1.0	0.0	1.0	27.8
retrieval-miss:4416007	retrieval-miss	none	none	True	False	True	1.0	1.0	0.0	1.0	30.6
hard:718053009	hard	C	C	True	False	True	0.9977	0.9977	1.0129999999999857e-05	0.9974	26.9
hard:8634009	hard	D	D	True	True	False	0.5055	0.5055	0.48886276000000006	0.4437	27.3
none-narrower:703163006	none-narrower	none	none	True	False		0.9999	0.9999	9.999999999997797e-09	0.9999	28.4
hard:719456001	hard	E	E	True	False	True	0.9087	0.9087	0.01447891000000001	0.8972	80.9
hard:57993004	hard	A	A	True	True	True	0.9966	0.9966	2.244999999999972e-05	0.9962	23.5
retrieval-miss:233692000	retrieval-miss	none	none	True	False	True	0.9945	0.9945	4.932999999999944e-05	0.9938	30.3
gold-removed:56882008	gold-removed	none	none	True	False		0.9991	0.9991	1.2100000000000214e-06	0.999	29.4
easy:111396008	easy	F	F	True	True	True	0.9789	0.9789	0.0008737500000000003	0.9762	29.4
retrieval-miss:399029005	retrieval-miss	none	none	True	False	True	0.9987	0.9987	2.2099999999999166e-06	0.9985	28.0
hard:237611007	hard	B	B	True	False	True	0.981	0.981	0.0007220000000000006	0.9786	28.6
easy:187736009	easy	F	F	True	True	True	0.944	0.944	0.005494410000000005	0.937	27.6
none-narrower:1186834004	none-narrower	none	none	True	False		0.999	0.999	1.1900000000000017e-06	0.9989	27.9
hard:230496009	hard	B	B	True	True	False	0.9846	0.9846	0.000462229999999999	0.9826	29.1
easy:80328002	easy	B	none	False	False	True	0.7514	0.0008	1.6220564299999998	0.7203	29.1
easy:195469007	easy	B	B	True	False	True	0.9841	0.9841	0.0004931600000000008	0.9821	28.1
gold-removed:700107006	gold-removed	none	none	True	False		0.9885	0.9885	0.00015924999999999896	0.9871	84.6
none-narrower:1264565005	none-narrower	none	D	False	False		0.9457	0.0186	1.85876894	0.9389	84.4
gold-removed:92068002	gold-removed	none	none	True	False		0.8525	0.8525	0.040525249999999985	0.8341	29.0
hard:448664009	hard	H	H	True	True	False	0.9878	0.9878	0.0002928499999999997	0.9863	29.0
hard:240613006	hard	G	G	True	False	True	0.988	0.988	0.00027413000000000025	0.9865	28.7
none-narrower:50279003	none-narrower	none	H	False	False		0.9922	0.0077	1.9691201299999999	0.9912	26.2
hard:127217009	hard	G	G	True	True	False	0.983	0.983	0.0005371800000000005	0.9808	30.0
easy:188264002	easy	E	E	True	True	True	0.8464	0.8464	0.04561093999999999	0.8272	27.6
retrieval-miss:79883001	retrieval-miss	none	none	True	False	True	0.9997	0.9997	1.3999999999998018e-07	0.9996	126.3
gold-removed:734173003	gold-removed	none	none	True	False		0.9996	0.9996	2.0999999999996474e-07	0.9995	86.8
easy:230571009	easy	G	G	True	False	True	0.9825	0.9825	0.0006090099999999986	0.9803	28.0
hard:425940002	hard	E	E	True	True	False	0.9966	0.9966	2.2459999999999717e-05	0.9962	26.3
easy:95280005	easy	E	E	True	True	False	0.9915	0.9915	0.00014282999999999917	0.9904	28.2
easy:722690001	easy	A	A	True	True	True	0.9852	0.9852	0.00043514000000000107	0.9833	29.4
gold-removed:399340005	gold-removed	none	none	True	False		0.9992	0.9992	1.1400000000000365e-06	0.9991	27.0
hard:85102008	hard	H	H	True	True	False	0.993	0.993	9.141000000000008e-05	0.9922	28.3
easy:390936003	easy	B	none	False	False	True	0.6321	0.1596	1.14177887	0.5861	131.0
retrieval-miss:105600002	retrieval-miss	none	none	True	False	True	1.0	1.0	0.0	1.0	27.6
none-narrower:721267000	none-narrower	none	none	True	False		0.9983	0.9983	4.140000000000118e-06	0.9981	27.9
easy:86406008	easy	D	D	True	False	True	0.9562	0.9562	0.003828139999999996	0.9507	29.1
retrieval-miss:205550003	retrieval-miss	none	E	False	False	True	0.9911	0.0066	1.96912761	0.99	26.5
easy:192727001	easy	E	E	True	False	True	0.9952	0.9952	4.3320000000000256e-05	0.9946	30.4
hard:403970001	hard	G	G	True	True	False	0.9265	0.9265	0.009557960000000002	0.9173	28.0
gold-removed:235494005	gold-removed	none	none	True	False		0.9954	0.9954	2.7840000000000445e-05	0.9949	23.6
easy:62009002	easy	G	G	True	True	True	0.9364	0.9364	0.005955039999999998	0.9285	84.9
hard:8691004	hard	H	H	True	True	False	0.9929	0.9929	9.940999999999994e-05	0.992	29.1
easy:127232002	easy	D	E	False	False	True	0.9839	0.0001	1.96811522	0.9819	26.9
easy:27614006	easy	G	G	True	True	False	0.9966	0.9966	2.3119999999999718e-05	0.9962	23.4
hard:267607008	hard	E	E	True	True	True	0.9764	0.9764	0.0010907399999999978	0.9734	26.6
easy:232262007	easy	H	H	True	False	True	0.4146	0.4146	0.5287987799999998	0.3415	26.6
hard:75238000	hard	E	E	True	False	True	0.9	0.9	0.017688539999999996	0.8875	30.0
gold-removed:88905005	gold-removed	none	none	True	False		0.9999	0.9999	9.999999999997797e-09	0.9999	86.7
hard:764625002	hard	F	F	True	True	True	0.9089	0.9089	0.012318489999999993	0.8975	83.4
hard:40149008	hard	G	G	True	True	False	0.9912	0.9912	0.0001531400000000005	0.9901	27.6
gold-removed:109978004	gold-removed	none	none	True	False		0.9949	0.9949	3.7659999999999934e-05	0.9943	84.9
gold-removed:53165003	gold-removed	none	none	True	False		0.9932	0.9932	5.644000000000038e-05	0.9923	85.2
gold-removed:763274002	gold-removed	none	none	True	False		0.9963	0.9963	1.577000000000027e-05	0.9958	84.0
easy:70090004	easy	F	F	True	True	False	0.9967	0.9967	2.1779999999999798e-05	0.9963	26.5
gold-removed:716097001	gold-removed	none	none	True	False		0.9994	0.9994	4.0000000000005393e-07	0.9994	29.2
gold-removed:111489007	gold-removed	none	none	True	False		0.9985	0.9985	2.6899999999998374e-06	0.9984	27.9
retrieval-miss:43116000	retrieval-miss	none	none	True	False	True	0.9831	0.9831	0.0004975400000000009	0.981	28.3
retrieval-miss:307406004	retrieval-miss	none	D	False	False	True	0.9954	0.0046	1.9816423199999997	0.9948	27.8
hard:92080005	hard	G	G	True	True	False	0.9774	0.9774	0.000986499999999998	0.9745	28.3
hard:25898005	hard	H	H	True	True	True	0.9751	0.9751	0.0012106200000000017	0.972	27.0
hard:363404008	hard	A	A	True	True	True	0.9877	0.9877	0.0002671499999999994	0.9861	28.8
easy:26479009	easy	B	B	True	False	True	0.9846	0.9846	0.00047125999999999906	0.9827	26.7
easy:234633000	easy	C	C	True	True	True	0.9506	0.9506	0.00457407	0.9444	88.9
none-narrower:1231185005	none-narrower	none	none	True	False		0.9991	0.9991	1.3100000000000213e-06	0.999	29.1
easy:720813007	easy	E	E	True	False	True	0.8806	0.8806	0.027994099999999987	0.8657	30.0
easy:442696006	easy	H	H	True	True	False	0.9693	0.9693	0.001878859999999997	0.9654	29.2
easy:426336007	easy	C	C	True	False	True	0.9904	0.9904	0.000182410000000001	0.9892	29.0
hard:403975006	hard	D	D	True	True	False	0.9839	0.9839	0.0005120400000000001	0.9819	28.0
easy:232364006	easy	B	B	True	True	False	0.9888	0.9888	0.0002464799999999997	0.9874	29.1
none-narrower:239813000	none-narrower	none	none	True	False		0.9995	0.9995	3.0999999999994494e-07	0.9995	28.0
hard:448794008	hard	B	B	True	True	False	0.9816	0.9816	0.000648469999999999	0.9793	79.0
none-narrower:254255007	none-narrower	none	none	True	False		0.9996	0.9996	2.4999999999996473e-07	0.9995	27.9
easy:724642009	easy	F	F	True	False	True	0.9852	0.9852	0.00041530000000000104	0.9834	136.8
none-narrower:278043000	none-narrower	none	none	True	False		0.8591	0.8591	0.03824642	0.8415	29.0
none-narrower:37369009	none-narrower	none	none	True	False		0.9999	0.9999	9.999999999997797e-09	0.9999	28.0
hard:720635002	hard	E	E	True	False	True	0.9841	0.9841	0.0003667500000000008	0.9821	30.1
none-narrower:237155000	none-narrower	none	E	False	False		0.6254	0.3634	0.7964993200000001	0.5786	27.8
easy:715952000	easy	D	F	False	False	True	0.9779	0.0001	1.95641551	0.9751	30.6
retrieval-miss:443416007	retrieval-miss	none	none	True	False	True	0.9907	0.9907	0.00015397999999999953	0.9896	29.3
easy:32139003	easy	F	F	True	True	False	0.9787	0.9787	0.0007820999999999993	0.976	26.7
easy:204370002	easy	D	D	True	True	True	0.9717	0.9717	0.0015849299999999996	0.9682	28.2
gold-removed:312514006	gold-removed	none	none	True	False		0.9996	0.9996	2.0999999999996474e-07	0.9995	29.3
retrieval-miss:725034002	retrieval-miss	none	B	False	False	True	0.9814	0.0182	1.92707725	0.9791	82.1
gold-removed:192958009	gold-removed	none	none	True	False		0.9998	0.9998	3.9999999999991186e-08	0.9998	27.6
hard:721974000	hard	A	A	True	True	False	0.9941	0.9941	6.962000000000019e-05	0.9933	82.2
easy:400948003	easy	A	A	True	True	False	0.9976	0.9976	1.1519999999999797e-05	0.9973	30.3
easy:31742004	easy	B	B	True	True	False	0.9974	0.9974	1.3010000000000243e-05	0.9971	85.2
hard:127055007	hard	B	B	True	True	False	0.9808	0.9808	0.0005530399999999998	0.9784	29.0
retrieval-miss:32599008	retrieval-miss	none	none	True	False	True	0.9996	0.9996	1.9999999999996473e-07	0.9995	30.5
hard:398623004	hard	H	H	True	True	False	0.9637	0.9637	0.00209262	0.9592	87.1
retrieval-miss:192877007	retrieval-miss	none	H	False	False	True	0.9661	0.0338	1.86689165	0.9619	26.5
gold-removed:118940003	gold-removed	none	none	True	False		0.9955	0.9955	3.3509999999999535e-05	0.9949	26.7
easy:268163008	easy	F	F	True	False	True	0.9943	0.9943	6.170000000000044e-05	0.9936	26.9
hard:193413001	hard	H	H	True	True	False	0.9854	0.9854	0.00042053999999999844	0.9836	30.4
gold-removed:716239006	gold-removed	none	none	True	False		0.9999	0.9999	9.999999999997797e-09	0.9999	30.9
easy:715504003	easy	G	G	True	True	True	0.8759	0.8759	0.030505559999999994	0.8604	84.8
easy:367434002	easy	H	H	True	True	False	0.8747	0.8747	0.028196539999999992	0.859	29.7
none-narrower:1197741006	none-narrower	none	none	True	False		0.9996	0.9996	2.0999999999996474e-07	0.9996	27.6
none-narrower:371045000	none-narrower	none	D	False	False		0.9863	0.0128	1.9473517499999997	0.9845	27.9
easy:51744007	easy	H	H	True	True	False	0.9957	0.9957	2.8859999999999744e-05	0.9952	27.4
easy:715736008	easy	B	B	True	True	False	0.9927	0.9927	0.00010512999999999961	0.9918	80.8
hard:51387008	hard	B	B	True	True	False	0.9984	0.9984	4.820000000000147e-06	0.9982	26.1
easy:48528004	easy	F	F	True	True	False	0.9756	0.9756	0.0011000299999999988	0.9726	84.1
none-narrower:1259102000	none-narrower	none	none	True	False		0.9996	0.9996	2.1999999999996475e-07	0.9995	27.6
hard:82236004	hard	G	none	False	False	True	0.9864	0.0015	1.9700292000000001	0.9848	29.1
retrieval-miss:399992009	retrieval-miss	none	none	True	False	True	0.9934	0.9934	6.177000000000066e-05	0.9926	29.0
retrieval-miss:403886007	retrieval-miss	none	none	True	False	True	0.9557	0.9557	0.0034867200000000004	0.9501	29.5
easy:10934005	easy	B	B	True	True	False	0.9962	0.9962	2.6780000000000194e-05	0.9958	28.2
none-narrower:446771003	none-narrower	none	none	True	False		0.5601	0.5601	0.38667231999999996	0.5051	28.0
retrieval-miss:758664007	retrieval-miss	none	none	True	False	True	0.999	0.999	1.170000000000002e-06	0.9989	30.6
hard:733112007	hard	F	F	True	True	False	0.6758	0.6758	0.20422495000000002	0.6353	90.0
easy:237965005	easy	E	none	False	True	False	0.9849	0.0148	1.9406470699999998	0.983	28.0
hard:70737009	hard	C	C	True	False	True	0.7637	0.7637	0.10366179999999997	0.7341	84.7
easy:718897009	easy	A	A	True	True	False	0.9899	0.9899	0.00020003999999999996	0.9886	30.3
easy:11296007	easy	G	G	True	False	True	0.9858	0.9858	0.0004032799999999998	0.984	28.4
none-narrower:44939003	none-narrower	none	none	True	False		0.9998	0.9998	4.999999999999118e-08	0.9997	30.0
hard:726707004	hard	C	C	True	True	True	0.9897	0.9897	0.0002022999999999995	0.9884	142.0
hard:63684002	hard	D	D	True	True	False	0.9896	0.9896	0.00021631999999999926	0.9883	28.0
easy:236811002	easy	E	E	True	True	False	0.9885	0.9885	0.0002599499999999989	0.9871	26.2
none-narrower:246762009	none-narrower	none	none	True	False		0.9992	0.9992	8.000000000000366e-07	0.9991	26.5
easy:72900001	easy	F	F	True	False	True	0.9667	0.9667	0.00219793	0.9625	29.0
hard:230421008	hard	D	D	True	True	False	0.9823	0.9823	0.0006230600000000017	0.9801	29.2
hard:92788005	hard	B	B	True	True	False	0.9907	0.9907	0.00016752999999999953	0.9896	29.2
easy:126799003	easy	A	A	True	True	False	0.9972	0.9972	1.514000000000014e-05	0.9968	28.0
easy:33982008	easy	A	A	True	False	True	0.9838	0.9838	0.0003856199999999998	0.9817	29.3
none-narrower:93646002	none-narrower	none	none	True	False		0.9995	0.9995	3.399999999999449e-07	0.9994	81.7
gold-removed:431034009	gold-removed	none	none	True	False		0.8926	0.8926	0.01346865000000001	0.8792	28.0
easy:721843003	easy	C	C	True	True	False	0.9913	0.9913	0.0001513900000000007	0.9902	27.7
none-narrower:451981000124108	none-narrower	none	none	True	False		0.9996	0.9996	1.8999999999996475e-07	0.9995	29.1
gold-removed:95333004	gold-removed	none	D	False	False		0.9493	0.0506	1.8025308500000001	0.943	28.0
none-narrower:1259079006	none-narrower	none	none	True	False		0.9988	0.9988	2.479999999999949e-06	0.9986	28.8
none-narrower:236631000	none-narrower	none	none	True	False		0.9988	0.9988	2.4499999999999494e-06	0.9987	27.7
hard:89242004	hard	G	G	True	True	True	0.9898	0.9898	0.00019628999999999974	0.9885	22.6
easy:432261003	easy	F	F	True	True	False	0.9982	0.9982	6.480000000000085e-06	0.998	29.0
retrieval-miss:2689001	retrieval-miss	none	none	True	False	True	0.9976	0.9976	7.249999999999798e-06	0.9973	92.2
retrieval-miss:717736007	retrieval-miss	none	none	True	False	True	0.9982	0.9982	4.070000000000086e-06	0.998	88.5
hard:716859000	hard	D	D	True	False	True	0.8822	0.8822	0.026619350000000003	0.8675	85.2
hard:763376002	hard	G	G	True	True	False	0.9455	0.9455	0.005067449999999999	0.9387	84.0
hard:83799000	hard	F	F	True	False	True	0.9721	0.9721	0.0015292800000000022	0.9686	29.9
easy:18927009	easy	D	none	False	True	True	0.9879	0.0018	1.97238521	0.9863	30.5
retrieval-miss:67256000	retrieval-miss	none	none	True	False	True	0.9997	0.9997	1.0999999999998018e-07	0.9997	29.5
easy:715192004	easy	B	B	True	True	False	0.9987	0.9987	3.1299999999999162e-06	0.9986	30.7
none-narrower:1335794000	none-narrower	none	none	True	False		0.9986	0.9986	2.399999999999879e-06	0.9984	30.8
none-narrower:336911000119104	none-narrower	none	none	True	False		0.9998	0.9998	5.99999999999912e-08	0.9998	29.7
gold-removed:116020001	gold-removed	none	none	True	False		0.9938	0.9938	4.791999999999979e-05	0.993	26.8
easy:1654001	easy	F	F	True	False	True	0.9754	0.9754	0.001200539999999998	0.9723	28.2
hard:367489004	hard	E	E	True	True	False	0.9048	0.9048	0.016944089999999988	0.8929	30.7
none-narrower:334491000119108	none-narrower	none	none	True	False		0.7854	0.7854	0.0919777	0.7586	27.0
gold-removed:766874001	gold-removed	none	none	True	False		0.9975	0.9975	8.599999999999733e-06	0.9972	86.9
retrieval-miss:253042009	retrieval-miss	none	none	True	False	True	0.9994	0.9994	4.7000000000005395e-07	0.9993	68.1
easy:725908007	easy	E	E	True	True	False	0.989	0.989	0.0002398100000000002	0.9877	84.0
hard:19092004	hard	B	B	True	True	False	0.9915	0.9915	0.00014449999999999918	0.9904	30.4
easy:44553005	easy	E	E	True	True	False	0.9958	0.9958	3.527999999999984e-05	0.9953	31.3
none-narrower:285191000119103	none-narrower	none	none	True	False		0.9863	0.9863	0.00028508000000000125	0.9846	30.5
none-narrower:430969000	none-narrower	none	none	True	False		0.9988	0.9988	1.9799999999999493e-06	0.9987	28.7
easy:187752007	easy	A	A	True	False	True	0.9765	0.9765	0.0009277799999999984	0.9736	28.0
hard:92428008	hard	G	G	True	True	False	0.9861	0.9861	0.00037283000000000064	0.9843	29.1
gold-removed:34417008	gold-removed	none	none	True	False		0.9988	0.9988	2.479999999999949e-06	0.9987	30.5
gold-removed:21061004	gold-removed	none	none	True	False		0.9994	0.9994	6.20000000000054e-07	0.9993	28.7
hard:402356004	hard	H	H	True	False	True	0.9951	0.9951	4.705000000000015e-05	0.9945	28.8
none-narrower:416658003	none-narrower	none	none	True	False		0.9999	0.9999	2.9999999999997794e-08	0.9998	27.7
none-narrower:11810261000119103	none-narrower	none	none	True	False		0.9999	0.9999	1.9999999999997797e-08	0.9998	27.7
hard:763403007	hard	F	F	True	True	False	0.986	0.986	0.0003864500000000003	0.9843	30.0
gold-removed:28826002	gold-removed	none	none	True	False		0.998	0.998	8.000000000000008e-06	0.9977	29.3
retrieval-miss:55852007	retrieval-miss	none	none	True	False	True	0.9987	0.9987	2.3999999999999165e-06	0.9986	28.2
hard:254851009	hard	H	H	True	True	False	0.884	0.884	0.020751789999999996	0.8695	30.6
gold-removed:276876007	gold-removed	none	none	True	False		0.9485	0.9485	0.003790779999999999	0.9421	28.3
none-narrower:2851000119101	none-narrower	none	none	True	False		0.9879	0.9879	0.00016966	0.9863	28.3
hard:62151007	hard	A	A	True	True	True	0.7408	0.7408	0.13318383	0.7083	29.5
none-narrower:187857006	none-narrower	none	none	True	False		0.9946	0.9946	4.8969999999999573e-05	0.9939	29.3
easy:30369007	easy	A	A	True	True	False	0.9922	0.9922	0.00012168000000000045	0.9912	29.4
retrieval-miss:361115000	retrieval-miss	none	B	False	False	True	0.994	0.006	1.976072	0.9933	27.5
retrieval-miss:418279001	retrieval-miss	none	none	True	False	True	0.9998	0.9998	3.9999999999991186e-08	0.9998	30.6
gold-removed:262461007	gold-removed	none	none	True	False		0.9981	0.9981	5.0200000000000485e-06	0.9978	29.6
gold-removed:363466008	gold-removed	none	none	True	False		0.9798	0.9798	0.0006604699999999998	0.9772	29.4
retrieval-miss:95208000	retrieval-miss	none	none	True	False	True	0.9141	0.9141	0.014621059999999995	0.9033	29.2
hard:284449005	hard	A	B	False	True	True	0.7903	0.1499	1.3491814599999998	0.764	86.0
easy:253149002	easy	B	B	True	True	True	0.9569	0.9569	0.0030766900000000026	0.9516	30.3
retrieval-miss:52542005	retrieval-miss	none	none	True	False	True	1.0	1.0	0.0	1.0	28.3
retrieval-miss:69550000	retrieval-miss	none	none	True	False	True	0.9806	0.9806	0.000729969999999999	0.9781	29.1
retrieval-miss:83652003	retrieval-miss	none	none	True	False	True	0.9819	0.9819	0.0005251500000000003	0.9796	30.3
gold-removed:128862000	gold-removed	none	none	True	False		0.9984	0.9984	4.530000000000146e-06	0.9982	30.6
retrieval-miss:67988000	retrieval-miss	none	none	True	False	True	0.9997	0.9997	1.0999999999998018e-07	0.9997	28.3
none-narrower:45062007	none-narrower	none	none	True	False		0.9986	0.9986	2.7699999999998795e-06	0.9984	23.6
none-narrower:339331000119102	none-narrower	none	none	True	False		0.9915	0.9915	0.00013480999999999918	0.9904	22.7
retrieval-miss:17653001	retrieval-miss	none	none	True	False	True	0.9998	0.9998	4.999999999999118e-08	0.9998	29.0
easy:111524003	easy	A	A	True	False	True	0.7627	0.7627	0.11238577999999999	0.733	23.6
retrieval-miss:44250009	retrieval-miss	none	none	True	False	True	0.9999	0.9999	1.9999999999997797e-08	0.9999	28.8
easy:722476007	easy	D	D	True	False	True	0.9815	0.9815	0.0006808199999999985	0.9792	29.9
hard:363422006	hard	H	H	True	True	True	0.9392	0.9392	0.007393279999999996	0.9315	28.7
hard:83886009	hard	D	D	True	True	False	0.9973	0.9973	1.4580000000000192e-05	0.997	80.9
gold-removed:763767006	gold-removed	none	none	True	False		0.9998	0.9998	5.99999999999912e-08	0.9997	82.5
retrieval-miss:95670000	retrieval-miss	none	none	True	False	True	0.9943	0.9943	4.780000000000044e-05	0.9936	27.5
gold-removed:719136005	gold-removed	none	none	True	False		0.9969	0.9969	1.167999999999995e-05	0.9965	81.0
easy:45639009	easy	H	none	False	False	True	0.9935	0.001	1.9850544500000002	0.9927	28.9
hard:7699004	hard	C	C	True	True	False	0.9968	0.9968	2.047999999999988e-05	0.9964	27.8
easy:716091000	easy	D	D	True	True	False	0.9573	0.9573	0.0035791699999999965	0.952	30.2
easy:237960000	easy	A	A	True	False	True	0.9889	0.9889	0.00024420999999999997	0.9876	84.1
retrieval-miss:234638009	retrieval-miss	none	none	True	False	True	0.9611	0.9611	0.0021483000000000036	0.9562	30.3
none-narrower:236382007	none-narrower	none	none	True	False		0.9971	0.9971	1.0720000000000079e-05	0.9967	26.7
hard:703199001	hard	G	G	True	False	True	0.9778	0.9778	0.00098568	0.975	26.2
gold-removed:52845002	gold-removed	none	none	True	False		0.9946	0.9946	4.3629999999999574e-05	0.994	26.6
easy:78200003	easy	E	E	True	True	False	0.9914	0.9914	0.0001479200000000009	0.9903	28.0
none-narrower:85461008	none-narrower	none	none	True	False		0.9998	0.9998	5.99999999999912e-08	0.9998	28.2
easy:76520005	easy	H	E	False	False	True	0.9976	0.0002	1.9948098499999998	0.9973	30.6
retrieval-miss:64233004	retrieval-miss	none	none	True	False	True	0.656	0.656	0.23660320999999995	0.613	28.3
easy:68092007	easy	D	D	True	False	True	0.9869	0.9869	0.00032551	0.9853	28.2
none-narrower:410484008	none-narrower	none	none	True	False		0.9994	0.9994	6.100000000000539e-07	0.9994	26.4
none-narrower:198241002	none-narrower	none	none	True	False		0.9987	0.9987	2.5399999999999164e-06	0.9985	28.8
easy:12381000132107	easy	A	none	False	False	True	0.994	0.0003	1.9874674700000001	0.9932	28.8
hard:709018004	hard	A	none	False	False	True	0.6547	0.2505	0.9992749400000001	0.6116	29.1
gold-removed:68116008	gold-removed	none	none	True	False		0.9999	0.9999	2.9999999999997794e-08	0.9998	26.4
easy:254986007	easy	G	none	False	True	True	0.9517	0.0098	1.88716448	0.9457	29.1
hard:83942000	hard	B	B	True	True	False	0.9963	0.9963	2.3550000000000267e-05	0.9959	30.0
gold-removed:719251009	gold-removed	none	none	True	False		0.9799	0.9799	0.0004951000000000003	0.9773	71.2
none-narrower:94654006	none-narrower	none	none	True	False		0.9875	0.9875	0.0003003499999999989	0.9859	29.1
easy:763716008	easy	F	F	True	True	True	0.9933	0.9933	8.463000000000052e-05	0.9924	28.3
hard:734031008	hard	A	A	True	True	False	0.997	0.997	1.8000000000000017e-05	0.9966	87.4
hard:17585008	hard	E	E	True	True	False	0.998	0.998	8.000000000000008e-06	0.9977	26.3
none-narrower:707607008	none-narrower	none	none	True	False		0.9926	0.9926	7.442999999999943e-05	0.9916	30.3
gold-removed:700467001	gold-removed	none	none	True	False		1.0	1.0	0.0	1.0	29.1
none-narrower:713299003	none-narrower	none	none	True	False		0.9999	0.9999	1.9999999999997797e-08	0.9999	28.6
hard:25897000	hard	H	H	True	True	False	0.9617	0.9617	0.00291851	0.9569	29.1
retrieval-miss:16459000	retrieval-miss	none	none	True	False	True	0.9997	0.9997	1.2999999999998017e-07	0.9997	28.0
easy:702447002	easy	G	G	True	True	False	0.9874	0.9874	0.0003175199999999986	0.9858	31.1
none-narrower:27358001	none-narrower	none	none	True	False		0.9962	0.9962	2.2110000000000193e-05	0.9957	28.9
hard:267592003	hard	D	D	True	False	True	0.6988	0.6988	0.1801859	0.6611	28.9
hard:768927001	hard	F	F	True	True	False	0.9866	0.9866	0.0003538199999999991	0.9849	83.3
none-narrower:1269531007	none-narrower	none	none	True	False		0.9991	0.9991	1.0900000000000215e-06	0.999	27.9
hard:443719001	hard	G	G	True	True	True	0.9902	0.9902	0.0001844500000000006	0.989	29.4
none-narrower:66893008	none-narrower	none	D	False	False		0.8848	0.1142	1.5675135	0.8704	30.6
easy:23849003	easy	G	G	True	True	False	0.9775	0.9775	0.0008250999999999985	0.9747	28.0
hard:233913007	hard	G	G	True	True	True	0.9879	0.9879	0.00027208	0.9864	28.1
hard:238080004	hard	A	A	True	True	False	0.8798	0.8798	0.025629439999999993	0.8648	85.6
none-narrower:43658003	none-narrower	none	E	False	False		0.7741	0.2177	1.2112633000000002	0.7459	26.3
retrieval-miss:277921008	retrieval-miss	none	F	False	False	True	0.997	0.003	1.988018	0.9966	28.0
hard:363444001	hard	G	G	True	True	True	0.9616	0.9616	0.002807819999999999	0.9569	30.4
none-narrower:128211000119102	none-narrower	none	none	True	False		0.9799	0.9799	0.0007508800000000002	0.9774	30.1
easy:56692003	easy	H	H	True	True	False	0.8813	0.8813	0.022270090000000006	0.8665	86.4
none-narrower:246943004	none-narrower	none	none	True	False		0.9979	0.9979	8.41999999999996e-06	0.9976	26.2
easy:722375007	easy	H	H	True	True	False	0.9933	0.9933	8.978000000000054e-05	0.9925	30.3
easy:699251001	easy	C	C	True	True	True	0.9906	0.9906	0.00017671999999999932	0.9894	29.3
easy:92415001	easy	D	D	True	False	True	0.9943	0.9943	6.276000000000044e-05	0.9936	29.3
retrieval-miss:726543008	retrieval-miss	none	none	True	False	True	1.0	1.0	0.0	1.0	26.8
easy:14070001000004105	easy	D	D	True	True	False	0.9949	0.9949	5.1019999999999935e-05	0.9943	30.5
easy:404160007	easy	B	B	True	False	True	0.9744	0.9744	0.0013056199999999978	0.9712	31.7
hard:200999007	hard	H	H	True	True	False	0.9939	0.9939	7.441999999999993e-05	0.9931	29.5
none-narrower:81531005	none-narrower	none	none	True	False		0.982	0.982	0.00042816000000000056	0.9798	28.7
easy:1155842003	easy	H	H	True	True	False	0.9797	0.9797	0.0008241799999999993	0.9771	26.8
hard:253781004	hard	D	E	False	False	True	0.5737	0.407	0.6809771799999998	0.5204	26.3
gold-removed:193570009	gold-removed	none	none	True	False		0.9945	0.9945	3.528999999999945e-05	0.9938	29.3
none-narrower:126682007	none-narrower	none	none	True	False		0.9983	0.9983	3.670000000000118e-06	0.9981	30.4
easy:707530009	easy	G	G	True	True	False	0.9732	0.9732	0.0014258400000000024	0.9699	29.4
hard:70405009	hard	G	G	True	True	False	0.9968	0.9968	2.047999999999988e-05	0.9964	28.1
gold-removed:32595002	gold-removed	none	none	True	False		0.9916	0.9916	0.00011203999999999938	0.9906	29.1
retrieval-miss:239873007	retrieval-miss	none	F	False	False	True	0.9864	0.0135	1.9461672200000004	0.9847	28.0
retrieval-miss:721887007	retrieval-miss	none	none	True	False	True	0.9991	0.9991	1.2200000000000214e-06	0.999	84.4
hard:255055008	hard	H	H	True	True	False	0.9916	0.9916	0.0001362299999999994	0.9905	87.3
hard:194785008	hard	E	E	True	True	True	0.9936	0.9936	8.065999999999952e-05	0.9928	22.9
gold-removed:40291001	gold-removed	none	none	True	False		0.9992	0.9992	7.300000000000366e-07	0.9991	84.1
gold-removed:232064001	gold-removed	none	none	True	False		0.9717	0.9717	0.0011786799999999997	0.9682	30.3
hard:93559003	hard	F	F	True	True	True	0.9906	0.9906	0.00017671999999999932	0.9894	31.2
gold-removed:63480004	gold-removed	none	none	True	False		0.9972	0.9972	1.5130000000000138e-05	0.9969	28.1
retrieval-miss:715414009	retrieval-miss	none	none	True	False	True	0.9984	0.9984	4.100000000000146e-06	0.9982	30.4
retrieval-miss:64969001	retrieval-miss	none	none	True	False	True	0.9985	0.9985	4.209999999999838e-06	0.9983	28.2
easy:237059008	easy	C	C	True	True	False	0.9836	0.9836	0.000525019999999999	0.9815	87.1
none-narrower:410063006	none-narrower	none	none	True	False		0.9684	0.9684	0.0012452099999999975	0.9645	23.6
hard:56453003	hard	C	C	True	False	True	0.753	0.753	0.10080032	0.7221	86.8
easy:44018007	easy	C	none	False	False	True	0.9855	0.0139	1.94360358	0.9837	26.6
retrieval-miss:52674009	retrieval-miss	none	none	True	False	True	0.9931	0.9931	5.6680000000000237e-05	0.9923	27.7
none-narrower:722922001	none-narrower	none	none	True	False		0.9999	0.9999	9.999999999997797e-09	0.9999	28.2
none-narrower:1259038005	none-narrower	none	E	False	False		0.9762	0.023	1.90749556	0.9733	30.2
hard:403889000	hard	E	E	True	True	False	0.9565	0.9565	0.0037498999999999987	0.9511	30.7
easy:703524005	easy	E	E	True	True	True	0.8711	0.8711	0.03310184000000001	0.855	29.5
easy:447351004	easy	F	F	True	False	True	0.7091	0.7091	0.15489183000000004	0.6728	31.6
retrieval-miss:719663005	retrieval-miss	none	B	False	False	True	0.7506	0.2363	1.1467315500000002	0.7194	31.1
easy:192965001	easy	F	F	True	False	True	0.8577	0.8577	0.0388999	0.8399	29.3
none-narrower:300312006	none-narrower	none	none	True	False		0.9966	0.9966	1.7099999999999718e-05	0.9962	27.8
none-narrower:724608000	none-narrower	none	none	True	False		0.9971	0.9971	1.1790000000000079e-05	0.9968	27.2
gold-removed:91038008	gold-removed	none	A	False	False		0.5701	0.4285	0.6516268600000001	0.5164	23.4
easy:716077006	easy	D	D	True	True	False	0.9932	0.9932	9.114000000000039e-05	0.9923	30.2
hard:77478005	hard	E	E	True	False	True	0.9523	0.9523	0.004475299999999996	0.9463	28.0
easy:28790007	easy	D	D	True	False	True	0.9659	0.9659	0.002278620000000001	0.9617	26.2
gold-removed:234478007	gold-removed	none	none	True	False		0.9888	0.9888	0.00017846999999999972	0.9874	83.8
hard:429033009	hard	G	none	False	True	True	0.7335	0.2594	1.08653117	0.7002	29.1
easy:195136004	easy	E	none	False	False	True	0.6028	0.3932	0.7315795	0.5531	27.8
easy:95435007	easy	A	G	False	False	True	0.9286	0.0009	1.86542686	0.9196	86.9
hard:17111003	hard	H	H	True	True	False	0.9937	0.9937	7.813999999999966e-05	0.9929	84.7
hard:55912009	hard	F	F	True	True	True	0.9861	0.9861	0.0003836600000000006	0.9844	83.6
hard:720634003	hard	B	B	True	True	False	0.9593	0.9593	0.003288669999999996	0.9543	85.1
easy:126790004	easy	F	F	True	True	False	0.9942	0.9942	6.393000000000032e-05	0.9935	29.0
easy:25766007	easy	H	H	True	True	False	0.9895	0.9895	0.00021840999999999902	0.9882	26.3
easy:66758006	easy	B	B	True	True	True	0.9981	0.9981	7.220000000000049e-06	0.9978	87.3
none-narrower:123977005	none-narrower	none	none	True	False		0.9999	0.9999	1.9999999999997797e-08	0.9998	28.7
easy:717003001	easy	H	H	True	True	True	0.8973	0.8973	0.017294950000000003	0.8844	29.4
none-narrower:870285004	none-narrower	none	none	True	False		0.9648	0.9648	0.0016768500000000008	0.9604	29.1
hard:725167001	hard	B	G	False	False	True	0.7127	0.0163	1.54700757	0.6767	31.5
hard:297278001	hard	E	none	False	True	True	0.9933	0.0032	1.98026	0.9925	31.6
easy:2251002	easy	G	G	True	True	True	0.994	0.994	7.081000000000006e-05	0.9933	26.5
gold-removed:190808009	gold-removed	none	none	True	False		0.9983	0.9983	5.160000000000118e-06	0.998	28.8
easy:372105009	easy	E	E	True	True	False	0.985	0.985	0.00036063000000000035	0.9832	29.3
hard:197585004	hard	B	B	True	False	True	0.8389	0.8389	0.05171372000000001	0.8187	27.0
easy:126859007	easy	H	H	True	True	False	0.9916	0.9916	0.00013944999999999938	0.9905	30.0
easy:723362004	easy	C	C	True	True	False	0.9866	0.9866	0.0003093399999999991	0.9849	28.3
easy:230422001	easy	B	B	True	True	True	0.8494	0.8494	0.044234899999999994	0.8306	29.6
hard:403824007	hard	F	F	True	True	False	0.9655	0.9655	0.0023736099999999982	0.9612	31.4
none-narrower:61301000119102	none-narrower	none	none	True	False		0.9987	0.9987	2.2399999999999167e-06	0.9986	29.6
easy:189197001	easy	G	G	True	True	False	0.9945	0.9945	6.049999999999944e-05	0.9938	28.1
easy:49455004	easy	E	E	True	False	True	0.9886	0.9886	0.0002599199999999992	0.9871	27.0
hard:34566007	hard	D	D	True	True	True	0.758	0.758	0.10726953	0.7278	30.4
hard:13394002	hard	H	H	True	True	False	0.9911	0.9911	0.00015842000000000032	0.99	29.1
retrieval-miss:414173003	retrieval-miss	none	none	True	False	True	0.9969	0.9969	1.1969999999999948e-05	0.9965	30.3
gold-removed:90505000	gold-removed	none	none	True	False		0.8048	0.8048	0.06912644000000003	0.7803	31.3
retrieval-miss:22542007	retrieval-miss	none	none	True	False	True	0.9994	0.9994	4.500000000000539e-07	0.9993	31.3
easy:363353009	easy	D	D	True	True	True	0.7854	0.7854	0.08991334000000001	0.7585	29.4
easy:441456002	easy	G	G	True	True	False	0.9921	0.9921	0.00010966000000000027	0.9911	27.9
easy:18241005	easy	B	B	True	True	False	0.9965	0.9965	2.3179999999999632e-05	0.9961	23.8
easy:233621003	easy	G	G	True	True	False	0.9805	0.9805	0.0007604999999999986	0.978	28.8
easy:240063002	easy	A	none	False	True	False	0.8527	0.1443	1.45932197	0.8342	84.8
easy:92413008	easy	F	F	True	True	True	0.9967	0.9967	2.1779999999999798e-05	0.9963	29.1
easy:764694005	easy	B	B	True	True	False	0.9863	0.9863	0.00036727000000000125	0.9846	87.6
gold-removed:15170009	gold-removed	none	none	True	False		0.9991	0.9991	1.2100000000000214e-06	0.9989	26.5
easy:83911000119104	easy	E	none	False	False	True	0.972	0.0262	1.89307245	0.9685	22.4
none-narrower:866045007	none-narrower	none	none	True	False		0.9987	0.9987	2.1299999999999165e-06	0.9985	26.6
hard:417093003	hard	E	E	True	True	True	0.8692	0.8692	0.03413891000000001	0.8528	29.0
none-narrower:431855005	none-narrower	none	none	True	False		0.9997	0.9997	1.1999999999998016e-07	0.9997	26.3
easy:235073000	easy	G	none	False	False	True	0.8311	0.0916	1.5183966999999998	0.81	29.9
hard:716663009	hard	B	B	True	True	False	0.9802	0.9802	0.0007762100000000016	0.9777	29.1
easy:719378009	easy	E	E	True	True	False	0.9006	0.9006	0.019661670000000006	0.8882	89.3
none-narrower:92571001	none-narrower	none	none	True	False		0.9996	0.9996	2.5999999999996474e-07	0.9995	28.0
retrieval-miss:67854007	retrieval-miss	none	none	True	False	True	0.9967	0.9967	1.3939999999999799e-05	0.9963	30.4
hard:87730004	hard	F	F	True	True	False	0.9978	0.9978	9.67999999999991e-06	0.9975	28.1
easy:716249009	easy	E	E	True	True	True	0.9612	0.9612	0.0025821599999999957	0.9563	29.1
hard:267532001	hard	H	H	True	False	True	0.9794	0.9794	0.000844609999999998	0.9768	23.2
hard:254069004	hard	C	C	True	True	False	0.9708	0.9708	0.0015725000000000003	0.9672	27.9
none-narrower:56090007	none-narrower	none	E	False	False		0.9924	0.0074	1.9701125400000001	0.9914	86.1
hard:410041002	hard	G	G	True	True	False	0.9883	0.9883	0.000264680000000001	0.9868	29.1
easy:40956001	easy	C	C	True	True	False	0.991	0.991	0.00016021000000000015	0.9899	30.7
retrieval-miss:711265009	retrieval-miss	none	none	True	False	True	0.991	0.991	0.00010806000000000014	0.9899	29.4
none-narrower:53284008	none-narrower	none	none	True	False		0.9621	0.9621	0.0027618800000000034	0.9574	28.2
easy:715374003	easy	G	G	True	True	True	0.9279	0.9279	0.00840041000000001	0.9188	29.9
retrieval-miss:59252009	retrieval-miss	none	C	False	False	True	0.9764	0.0207	1.91239386	0.9734	86.3
retrieval-miss:197352008	retrieval-miss	none	none	True	False	True	0.9993	0.9993	6.100000000000475e-07	0.9992	27.7
none-narrower:68361004	none-narrower	none	none	True	False		0.998	0.998	6.920000000000007e-06	0.9977	30.7
gold-removed:726349006	gold-removed	none	none	True	False		0.6844	0.6844	0.19614498999999996	0.645	71.4
easy:711163009	easy	B	B	True	True	False	0.9953	0.9953	4.418000000000035e-05	0.9947	82.3
none-narrower:425756000	none-narrower	none	none	True	False		0.9966	0.9966	1.631999999999972e-05	0.9961	27.9
easy:398036000	easy	G	H	False	False	True	0.9843	0.0046	1.9597780099999997	0.9824	28.9
easy:69134001	easy	G	G	True	True	False	0.991	0.991	0.00016200000000000014	0.9899	26.6
none-narrower:85209005	none-narrower	none	none	True	False		0.9996	0.9996	2.4999999999996473e-07	0.9995	28.7
gold-removed:67873006	gold-removed	none	none	True	False		0.9995	0.9995	3.599999999999449e-07	0.9995	30.8
hard:7393007	hard	B	B	True	False	True	0.9928	0.9928	0.00010367999999999977	0.9919	26.4
none-narrower:1254886004	none-narrower	none	none	True	False		0.9129	0.9129	0.014781119999999991	0.902	26.4
hard:61738006	hard	D	D	True	True	False	0.9947	0.9947	5.51299999999997e-05	0.9941	30.1
easy:236740006	easy	C	C	True	False	True	0.9803	0.9803	0.000772250000000002	0.9779	28.2
hard:403426003	hard	H	H	True	True	False	0.9868	0.9868	0.0003484799999999997	0.9851	24.0
none-narrower:720979002	none-narrower	none	D	False	False		0.9258	0.0567	1.74702148	0.9165	29.1
hard:186437007	hard	G	G	True	False	True	0.9928	0.9928	0.00010225999999999978	0.9919	26.2
hard:134031000119108	hard	B	B	True	True	True	0.9896	0.9896	0.00021425999999999927	0.9883	29.1
easy:95643007	easy	G	G	True	True	False	0.9937	0.9937	7.813999999999966e-05	0.9929	29.2
gold-removed:717183001	gold-removed	none	none	True	False		0.78	0.78	0.09596879999999999	0.7525	30.6
easy:72991005	easy	B	B	True	True	True	0.9973	0.9973	1.4060000000000192e-05	0.9969	23.4
retrieval-miss:71444005	retrieval-miss	none	none	True	False	True	0.9977	0.9977	9.309999999999855e-06	0.9974	28.3
easy:400178008	easy	G	G	True	True	False	0.9941	0.9941	6.73100000000002e-05	0.9934	27.0
none-narrower:688271000119100	none-narrower	none	none	True	False		0.9994	0.9994	6.100000000000539e-07	0.9993	31.0
hard:698251009	hard	C	C	True	True	True	0.9845	0.9845	0.0004804999999999987	0.9825	28.1
retrieval-miss:445507008	retrieval-miss	none	none	True	False	True	0.9993	0.9993	8.500000000000474e-07	0.9992	27.9
hard:363478007	hard	H	H	True	True	True	0.9194	0.9194	0.01026315	0.9093	29.1
hard:297232009	hard	G	G	True	True	False	0.9821	0.9821	0.000630260000000001	0.9798	30.0
none-narrower:1177049006	none-narrower	none	none	True	False		0.9949	0.9949	3.9019999999999935e-05	0.9943	29.2
easy:50967008	easy	A	A	True	True	False	0.9948	0.9948	5.2049999999999815e-05	0.9941	28.0
hard:302162004	hard	E	E	True	True	False	0.9949	0.9949	5.1019999999999935e-05	0.9943	26.2
easy:45339001	easy	A	A	True	True	False	0.9955	0.9955	3.9609999999999534e-05	0.995	28.0
easy:419097006	easy	A	A	True	True	False	0.9976	0.9976	1.1519999999999797e-05	0.9973	30.3
none-narrower:64634000	none-narrower	none	none	True	False		0.9994	0.9994	4.3000000000005396e-07	0.9993	26.8
easy:92175003	easy	G	G	True	True	False	0.916	0.916	0.013978489999999993	0.9055	30.7
none-narrower:21420006	none-narrower	none	none	True	False		0.9966	0.9966	1.6159999999999717e-05	0.9962	28.9
retrieval-miss:36803009	retrieval-miss	none	F	False	False	True	0.9946	0.0051	1.97905518	0.9939	30.3
hard:2576002	hard	G	G	True	False	True	0.9537	0.9537	0.003941340000000001	0.9479	29.6
easy:458432002	easy	E	E	True	True	False	0.9831	0.9831	0.0005189400000000008	0.981	29.5
none-narrower:609464004	none-narrower	none	none	True	False		0.9996	0.9996	2.1999999999996475e-07	0.9996	27.9
easy:1059007	easy	E	E	True	True	False	0.9921	0.9921	0.0001248200000000003	0.9911	30.7
retrieval-miss:717182006	retrieval-miss	none	none	True	False	True	0.9948	0.9948	3.1689999999999813e-05	0.9941	85.8
easy:26037005	easy	D	none	False	False	True	0.8146	0.184	1.3294300700000001	0.7915	26.1
hard:47125007	hard	E	E	True	True	False	0.9971	0.9971	1.682000000000008e-05	0.9967	28.7
none-narrower:449782007	none-narrower	none	none	True	False		0.9999	0.9999	9.999999999997797e-09	0.9999	29.0
easy:719838008	easy	B	B	True	False	True	0.9199	0.9199	0.012426019999999992	0.9099	29.9
hard:128870005	hard	E	E	True	False	True	0.9803	0.9803	0.000772260000000002	0.9779	28.8
easy:186312003	easy	C	none	False	True	False	0.9997	0.0002	1.9990001300000002	0.9997	30.4
gold-removed:715391004	gold-removed	none	none	True	False		0.704	0.704	0.15099447000000002	0.667	29.0
hard:2946003	hard	D	D	True	False	True	0.9947	0.9947	5.6179999999999696e-05	0.994	26.6
hard:274864009	hard	G	G	True	True	True	0.9857	0.9857	0.0003898199999999994	0.9839	85.4
easy:54280009	easy	G	G	True	True	False	0.9825	0.9825	0.0006124999999999987	0.9803	28.7
none-narrower:81704009	none-narrower	none	none	True	False		0.6142	0.6142	0.29614497	0.566	30.2
retrieval-miss:702949005	retrieval-miss	none	none	True	False	True	0.9998	0.9998	4.999999999999118e-08	0.9997	86.2
hard:373905003	hard	B	B	True	True	True	0.9939	0.9939	6.980999999999993e-05	0.9931	29.0
retrieval-miss:277574007	retrieval-miss	none	none	True	False	True	0.9957	0.9957	2.2269999999999748e-05	0.9952	29.4
hard:92668003	hard	H	H	True	True	False	0.9891	0.9891	0.00023334000000000045	0.9877	29.3
hard:88687001	hard	E	E	True	False	True	0.9308	0.9308	0.009508490000000005	0.9221	29.1
easy:190794006	easy	C	C	True	False	True	0.9967	0.9967	1.99799999999998e-05	0.9963	30.6
easy:16784003	easy	C	none	False	False	True	0.5892	0.3756	0.73782935	0.5379	26.8
hard:18504008	hard	D	D	True	True	False	0.9939	0.9939	6.558999999999993e-05	0.9932	84.1
gold-removed:234500001	gold-removed	none	none	True	False		0.9985	0.9985	2.9599999999998374e-06	0.9983	29.0
easy:265798000	easy	G	G	True	False	True	0.9473	0.9473	0.005491839999999997	0.9408	26.5
none-narrower:202918005	none-narrower	none	none	True	False		0.9948	0.9948	4.3689999999999814e-05	0.9942	28.0
gold-removed:765141005	gold-removed	none	none	True	False		0.9993	0.9993	6.000000000000475e-07	0.9992	30.5
none-narrower:233696002	none-narrower	none	none	True	False		0.9981	0.9981	6.850000000000048e-06	0.9979	80.4
hard:403818001	hard	F	F	True	True	False	0.9949	0.9949	5.201999999999994e-05	0.9942	28.9
none-narrower:285251000119101	none-narrower	none	none	True	False		0.7868	0.7868	0.07740718999999999	0.7602	29.0
easy:36989005	easy	H	none	False	True	False	0.9495	0.0497	1.8046208300000002	0.9432	30.7
hard:763632004	hard	G	G	True	False	True	0.9887	0.9887	0.00020257999999999946	0.9873	27.4
hard:92059004	hard	G	G	True	True	False	0.9898	0.9898	0.00020213999999999974	0.9885	27.2
easy:389203001	easy	B	B	True	True	False	0.9636	0.9636	0.002304459999999999	0.959	30.4
retrieval-miss:18718003	retrieval-miss	none	none	True	False	True	0.9998	0.9998	4.999999999999118e-08	0.9998	27.7
none-narrower:710360007	none-narrower	none	none	True	False		0.9987	0.9987	2.7099999999999165e-06	0.9986	26.2
gold-removed:47014000	gold-removed	none	none	True	False		0.9991	0.9991	1.1900000000000214e-06	0.999	27.6
hard:37785001	hard	E	E	True	True	False	0.998	0.998	8.000000000000008e-06	0.9978	28.1
hard:237877004	hard	G	G	True	True	False	0.9909	0.9909	0.00016381999999999993	0.9898	30.6
easy:304603007	easy	H	H	True	True	False	0.9405	0.9405	0.006525509999999999	0.933	30.5
hard:93948004	hard	E	none	False	True	True	0.9905	0.0085	1.96416271	0.9893	28.1
hard:430042004	hard	F	none	False	True	False	0.997	0.0023	1.98941465	0.9967	29.2
hard:254062008	hard	H	H	True	True	False	0.9756	0.9756	0.0010434599999999989	0.9725	86.6
hard:725392005	hard	G	A	False	False	True	0.9833	0.0007	1.96572906	0.9812	29.9
easy:229752008	easy	D	none	False	False	True	0.9849	0.0068	1.95651318	0.983	27.8
easy:14386001	easy	F	F	True	True	False	0.9907	0.9907	0.00017112999999999954	0.9895	29.2
none-narrower:276646003	none-narrower	none	none	True	False		0.9979	0.9979	5.809999999999961e-06	0.9976	29.0
retrieval-miss:448015002	retrieval-miss	none	none	True	False	True	0.9973	0.9973	1.1050000000000192e-05	0.9969	28.2
none-narrower:188247000	none-narrower	none	none	True	False		0.9988	0.9988	2.0899999999999495e-06	0.9987	27.9
easy:254180002	easy	B	B	True	True	False	0.9783	0.9783	0.0009374600000000024	0.9756	74.5
easy:766928004	easy	E	E	True	True	True	0.9674	0.9674	0.0020741899999999975	0.9634	30.3
none-narrower:230174006	none-narrower	none	none	True	False		0.9993	0.9993	6.500000000000476e-07	0.9992	29.3
gold-removed:255184001	gold-removed	none	none	True	False		0.985	0.985	0.0003371300000000004	0.9832	29.0
retrieval-miss:62628008	retrieval-miss	none	C	False	False	True	0.9553	0.0408	1.8326675200000002	0.9497	31.0
gold-removed:25792000	gold-removed	none	none	True	False		0.9999	0.9999	9.999999999997797e-09	0.9999	30.9
easy:127024001	easy	F	F	True	True	False	0.9855	0.9855	0.00041760999999999876	0.9836	30.7
hard:13534001	hard	F	none	False	True	False	0.9668	0.0331	1.86959786	0.9626	29.3
gold-removed:70020005	gold-removed	none	none	True	False		1.0	1.0	0.0	1.0	29.2
hard:198029003	hard	A	A	True	True	False	0.9955	0.9955	4.0499999999999534e-05	0.9949	28.9
easy:6631009	easy	H	none	False	False	True	0.9178	0.0622	1.7219958599999998	0.9075	30.6
retrieval-miss:403910009	retrieval-miss	none	none	True	False	True	0.9936	0.9936	5.9489999999999513e-05	0.9928	29.3
hard:399072004	hard	E	E	True	True	True	0.9773	0.9773	0.0009911700000000024	0.9745	26.5
gold-removed:82323002	gold-removed	none	none	True	False		0.9938	0.9938	5.1589999999999796e-05	0.993	27.7
hard:254167000	hard	F	F	True	False	True	0.9846	0.9846	0.0004392899999999991	0.9827	27.7
hard:72925005	hard	G	none	False	False	True	0.9904	0.0076	1.96575138	0.9892	30.5
hard:703219008	hard	C	C	True	True	True	0.9934	0.9934	7.857000000000065e-05	0.9925	132.0
easy:254052001	easy	G	G	True	False	True	0.9816	0.9816	0.0006698199999999989	0.9793	31.2
none-narrower:403933005	none-narrower	none	none	True	False		0.9939	0.9939	7.441999999999993e-05	0.9931	29.6
retrieval-miss:239011004	retrieval-miss	none	none	True	False	True	0.9991	0.9991	1.0100000000000215e-06	0.999	88.0
easy:67782005	easy	G	F	False	False	True	0.878	0.0736	1.6313671299999999	0.8627	29.1
hard:237946002	hard	H	H	True	False	True	0.9709	0.9709	0.0016100500000000009	0.9672	86.6
easy:204036008	easy	F	F	True	True	False	0.9423	0.9423	0.006601229999999997	0.9351	29.2
easy:93870000	easy	C	C	True	True	True	0.9904	0.9904	0.000182410000000001	0.9892	30.4
none-narrower:149941000119100	none-narrower	none	none	True	False		0.9978	0.9978	5.449999999999911e-06	0.9976	27.0
gold-removed:766815007	gold-removed	none	none	True	False		0.9957	0.9957	3.451999999999975e-05	0.9952	30.8
none-narrower:402925001	none-narrower	none	none	True	False		0.9997	0.9997	1.2999999999998017e-07	0.9997	27.1
easy:57219006	easy	G	B	False	False	True	0.9948	0.0	1.98965305	0.9941	29.4
hard:254157005	hard	D	H	False	False	True	0.9844	0.0108	1.9475820900000003	0.9825	31.1
none-narrower:403129004	none-narrower	none	none	True	False		0.9998	0.9998	7.999999999999119e-08	0.9998	26.8
none-narrower:52042003	none-narrower	none	none	True	False		0.9959	0.9959	2.7209999999999938e-05	0.9954	29.3
easy:128333008	easy	A	A	True	True	False	0.9986	0.9986	3.649999999999879e-06	0.9984	28.0
none-narrower:255051004	none-narrower	none	none	True	False		0.9967	0.9967	1.85399999999998e-05	0.9963	28.3
easy:389272007	easy	E	E	True	True	False	0.9953	0.9953	4.418000000000035e-05	0.9947	26.9
retrieval-miss:102878001	retrieval-miss	none	none	True	False	True	1.0	1.0	0.0	1.0	30.5
hard:717052002	hard	E	E	True	True	False	0.9877	0.9877	0.00030257999999999945	0.9862	29.7
retrieval-miss:237886009	retrieval-miss	none	none	True	False	True	0.983	0.983	0.0005580800000000005	0.9809	26.6
retrieval-miss:235919008	retrieval-miss	none	none	True	False	True	1.0	1.0	0.0	1.0	26.5
hard:254096001	hard	C	C	True	True	False	0.9919	0.9919	0.00012960999999999995	0.9908	29.2
easy:59276001	easy	H	none	False	False	True	0.7473	0.2522	1.1176622	0.7158	27.8
gold-removed:88233000	gold-removed	none	none	True	False		0.9991	0.9991	1.2200000000000214e-06	0.999	28.1
easy:717014003	easy	F	F	True	True	False	0.9421	0.9421	0.006445249999999994	0.9349	83.7
retrieval-miss:269476000	retrieval-miss	none	none	True	False	True	0.9986	0.9986	2.4299999999998793e-06	0.9984	29.1
easy:56048001	easy	C	C	True	False	True	0.9968	0.9968	2.047999999999988e-05	0.9964	29.2
easy:45142002	easy	B	B	True	True	False	0.9946	0.9946	5.831999999999958e-05	0.9939	29.2
none-narrower:335561000119101	none-narrower	none	none	True	False		0.9991	0.9991	1.4500000000000215e-06	0.999	28.0
hard:61094002	hard	A	A	True	True	False	0.9948	0.9948	5.4079999999999814e-05	0.9941	83.1
easy:197260007	easy	A	A	True	False	True	0.9949	0.9949	4.909999999999993e-05	0.9942	28.0
hard:363481002	hard	G	G	True	True	True	0.9453	0.9453	0.005919159999999996	0.9385	84.5
retrieval-miss:230687001	retrieval-miss	none	none	True	False	True	0.9882	0.9882	0.00022390000000000078	0.9867	29.7
easy:29227009	easy	G	G	True	True	False	0.994	0.994	7.082000000000006e-05	0.9932	27.0
retrieval-miss:30865009	retrieval-miss	none	none	True	False	True	0.9997	0.9997	1.2999999999998017e-07	0.9996	28.3
hard:128207002	hard	C	C	True	True	False	0.8215	0.8215	0.04705735999999999	0.7992	28.4
hard:233858000	hard	A	A	True	True	True	0.9968	0.9968	1.7779999999999877e-05	0.9964	28.7
retrieval-miss:277475006	retrieval-miss	none	none	True	False	True	0.9995	0.9995	2.9999999999994493e-07	0.9995	30.4
hard:363352004	hard	E	E	True	True	False	0.9233	0.9233	0.011689389999999997	0.9137	28.8
hard:65814009	hard	D	D	True	True	False	0.9988	0.9988	2.6499999999999492e-06	0.9987	26.6
none-narrower:426370008	none-narrower	none	none	True	False		0.9998	0.9998	4.999999999999118e-08	0.9998	85.6
none-narrower:39625001	none-narrower	none	none	True	False		0.9998	0.9998	8.999999999999118e-08	0.9997	29.0
none-narrower:271386001	none-narrower	none	none	True	False		0.9961	0.9961	1.9530000000000113e-05	0.9956	30.6
easy:63844009	easy	F	F	True	True	False	0.8143	0.8143	0.06782914000000001	0.7911	84.2
easy:254957009	easy	B	B	True	False	True	0.7732	0.7732	0.09911366	0.7449	84.5
hard:397734008	hard	G	G	True	True	False	0.9761	0.9761	0.0011329100000000017	0.9731	31.1
gold-removed:80126007	gold-removed	none	none	True	False		0.9998	0.9998	4.999999999999118e-08	0.9998	30.9
hard:36874002	hard	E	E	True	True	False	0.9942	0.9942	6.398000000000032e-05	0.9934	27.1
easy:92058007	easy	F	F	True	True	True	0.9579	0.9579	0.003414640000000002	0.9526	28.3
none-narrower:268651002	none-narrower	none	none	True	False		0.9999	0.9999	9.999999999997797e-09	0.9999	23.1
gold-removed:312491004	gold-removed	none	none	True	False		0.9988	0.9988	2.299999999999949e-06	0.9987	29.1
easy:110004001	easy	A	A	True	True	False	0.8772	0.8772	0.030061680000000004	0.8618	86.8
hard:398796005	hard	B	none	False	True	False	0.8701	0.1288	1.51606376	0.8538	29.1
hard:302161006	hard	B	B	True	True	False	0.9958	0.9958	3.444999999999985e-05	0.9953	23.3
hard:191169008	hard	F	C	False	False	True	0.9961	0.0	1.99222891	0.9956	30.6
gold-removed:608817003	gold-removed	none	none	True	False		0.6369	0.6369	0.26353804000000003	0.5916	29.5
easy:303012000	easy	H	none	False	True	False	0.9972	0.0021	1.99021239	0.9969	29.5
hard:719012009	hard	E	E	True	True	False	0.8726	0.8726	0.02475048999999999	0.8567	30.4
hard:269533000	hard	D	D	True	True	False	0.9931	0.9931	9.385000000000023e-05	0.9923	26.8
easy:397015000	easy	H	H	True	True	False	0.8461	0.8461	0.04712504000000002	0.8269	31.1
none-narrower:232245002	none-narrower	none	none	True	False		0.9993	0.9993	6.100000000000475e-07	0.9992	28.4
retrieval-miss:129154003	retrieval-miss	none	C	False	False	True	0.9765	0.0223	1.9094502800000002	0.9736	31.4
gold-removed:359732009	gold-removed	none	none	True	False		0.9085	0.9085	0.016017190000000008	0.8971	84.5
gold-removed:706885006	gold-removed	none	none	True	False		0.9673	0.9673	0.0012659999999999967	0.9632	82.1
none-narrower:192051000	none-narrower	none	none	True	False		0.9998	0.9998	5.99999999999912e-08	0.9998	26.5
gold-removed:716588005	gold-removed	none	none	True	False		0.7795	0.7795	0.09354516000000002	0.752	82.2
hard:721881008	hard	G	none	False	True	False	0.7852	0.2125	1.23669933	0.7583	81.9
gold-removed:360375007	gold-removed	none	none	True	False		0.9994	0.9994	4.2000000000005395e-07	0.9993	23.1
none-narrower:1258979003	none-narrower	none	none	True	False		0.9986	0.9986	2.469999999999879e-06	0.9984	81.3
easy:56787009	easy	B	B	True	False	True	0.9743	0.9743	0.0012905899999999973	0.9711	27.8
none-narrower:235986006	none-narrower	none	none	True	False		0.9964	0.9964	1.6990000000000344e-05	0.996	26.1
retrieval-miss:56038003	retrieval-miss	none	none	True	False	True	0.9998	0.9998	7.999999999999119e-08	0.9998	26.1
retrieval-miss:716649003	retrieval-miss	none	A	False	False	True	0.8965	0.0837	1.6436394499999998	0.8836	30.6
hard:723096000	hard	B	B	True	True	True	0.9973	0.9973	1.4050000000000192e-05	0.997	26.6
none-narrower:337871000119100	none-narrower	none	none	True	False		0.9992	0.9992	7.900000000000367e-07	0.9991	22.6
retrieval-miss:234477002	retrieval-miss	none	none	True	False	True	0.9994	0.9994	4.90000000000054e-07	0.9993	85.7
easy:50189006	easy	D	none	False	False	True	0.9314	0.0551	1.7604640200000001	0.9228	26.2
retrieval-miss:403780007	retrieval-miss	none	none	True	False	True	0.7704	0.7704	0.09933381000000002	0.7417	31.1
easy:39912006	easy	F	F	True	True	False	0.9906	0.9906	0.0001433099999999993	0.9895	82.7
none-narrower:93829002	none-narrower	none	none	True	False		0.996	0.996	2.477000000000003e-05	0.9955	29.0
hard:22451001	hard	C	C	True	True	True	0.9966	0.9966	1.920999999999972e-05	0.9962	27.1
easy:124275001	easy	E	E	True	True	False	0.8141	0.8141	0.06779676999999998	0.7908	76.8
hard:126833009	hard	C	C	True	True	False	0.9447	0.9447	0.0060941100000000015	0.9378	29.1
none-narrower:75548002	none-narrower	none	none	True	False		0.9877	0.9877	0.00024750999999999945	0.9862	29.1
hard:717821004	hard	G	G	True	True	False	0.9773	0.9773	0.0010215800000000024	0.9744	87.9
gold-removed:254877001	gold-removed	none	none	True	False		0.9883	0.9883	0.000218960000000001	0.9868	29.1
gold-removed:726702005	gold-removed	none	none	True	False		0.9987	0.9987	2.0099999999999164e-06	0.9985	82.9
retrieval-miss:254064009	retrieval-miss	none	none	True	False	True	0.998	0.998	4.850000000000008e-06	0.9977	26.5
easy:39288006	easy	C	C	True	False	True	0.9896	0.9896	0.00018708999999999927	0.9884	27.8
easy:62311004	easy	C	none	False	True	True	0.9058	0.0821	1.66310896	0.894	30.3
hard:255084004	hard	F	F	True	True	True	0.9349	0.9349	0.005926160000000007	0.9267	29.1
hard:762282007	hard	C	C	True	False	True	0.9871	0.9871	0.0003328200000000006	0.9855	30.3
easy:276860003	easy	B	B	True	True	False	0.9409	0.9409	0.006646830000000005	0.9335	29.3
hard:33958003	hard	H	H	True	True	False	0.9896	0.9896	0.00021424999999999927	0.9884	27.6
none-narrower:237782001	none-narrower	none	none	True	False		0.9992	0.9992	8.100000000000366e-07	0.9991	29.0
retrieval-miss:23687008	retrieval-miss	none	none	True	False	True	0.9997	0.9997	1.1999999999998016e-07	0.9996	29.1
easy:720414005	easy	G	G	True	False	True	0.9894	0.9894	0.0002205400000000011	0.988	30.3
hard:195021004	hard	F	none	False	True	False	0.8952	0.0188	1.7690297400000001	0.8821	29.3
hard:363436001	hard	E	E	True	True	True	0.959	0.959	0.003258540000000003	0.9539	28.3
easy:92083007	easy	B	B	True	True	True	0.9984	0.9984	5.120000000000147e-06	0.9982	28.1
retrieval-miss:398768004	retrieval-miss	none	B	False	False	True	0.9282	0.0701	1.7262721399999998	0.9193	86.8
none-narrower:52897009	none-narrower	none	none	True	False		0.9993	0.9993	8.600000000000475e-07	0.9992	30.9
none-narrower:29340001000004108	none-narrower	none	none	True	False		0.9992	0.9992	1.1300000000000366e-06	0.9991	27.6
easy:404077005	easy	H	H	True	True	False	0.9902	0.9902	0.0001845000000000006	0.989	28.0
easy:51500006	easy	B	B	True	True	False	0.7285	0.7285	0.14538853999999998	0.6945	26.7
retrieval-miss:82639001	retrieval-miss	none	G	False	False	True	0.9861	0.0139	1.94478642	0.9843	29.2
hard:4760008	hard	H	H	True	True	False	0.9922	0.9922	0.00011565000000000045	0.9912	28.2
gold-removed:91478007	gold-removed	none	none	True	False		0.9614	0.9614	0.0022557599999999973	0.9566	26.8
hard:126485001	hard	D	D	True	True	False	0.9886	0.9886	0.00025764999999999924	0.9872	28.9
gold-removed:314270008	gold-removed	none	none	True	False		0.8795	0.8795	0.026810790000000015	0.8645	27.6
easy:57917004	easy	C	C	True	True	False	0.9949	0.9949	4.9089999999999925e-05	0.9943	30.7
hard:703403003	hard	B	B	True	False	True	0.9922	0.9922	0.00012014000000000046	0.9913	31.2
easy:30496006	easy	C	none	False	False	True	0.9597	0.038	1.84647083	0.9546	29.6
easy:402525008	easy	C	C	True	True	False	0.6581	0.6581	0.23242997999999998	0.6153	28.3
hard:719209002	hard	B	B	True	True	False	0.9969	0.9969	1.860999999999995e-05	0.9965	86.1
easy:721094006	easy	H	H	True	True	False	0.966	0.966	0.0023120000000000024	0.9617	83.9
hard:91612009	hard	E	E	True	True	False	0.9918	0.9918	0.00013124999999999975	0.9908	22.9
none-narrower:1187464007	none-narrower	none	E	False	False		0.9809	0.0186	1.9253109	0.9785	28.7
hard:17025000	hard	C	C	True	False	True	0.962	0.962	0.0027286400000000027	0.9573	31.2
none-narrower:427910000	none-narrower	none	none	True	False		0.9931	0.9931	6.709000000000023e-05	0.9922	26.6
gold-removed:49049000	gold-removed	none	none	True	False		0.9971	0.9971	9.960000000000079e-06	0.9968	28.7
hard:57863006	hard	E	E	True	True	False	0.9833	0.9833	0.0005511600000000017	0.9812	30.1
gold-removed:26899006	gold-removed	none	none	True	False		0.9996	0.9996	2.4999999999996473e-07	0.9996	29.2
none-narrower:15959101000119103	none-narrower	none	none	True	False		0.9989	0.9989	1.6599999999999778e-06	0.9988	30.7
gold-removed:404064001	gold-removed	none	none	True	False		0.9902	0.9902	0.0001901300000000006	0.989	30.8
hard:254838004	hard	A	A	True	True	False	0.9965	0.9965	2.4499999999999633e-05	0.996	29.2
easy:363494000	easy	G	G	True	True	True	0.9317	0.9317	0.008958640000000004	0.9232	28.4
none-narrower:368721000119104	none-narrower	none	none	True	False		0.9951	0.9951	4.707000000000015e-05	0.9944	27.9
hard:31220004	hard	B	B	True	True	False	0.9734	0.9734	0.0013632399999999978	0.9701	30.2
none-narrower:190471009	none-narrower	none	none	True	False		0.9991	0.9991	1.0500000000000215e-06	0.999	27.0
gold-removed:26538006	gold-removed	none	none	True	False		0.9889	0.9889	0.00020608999999999997	0.9875	26.6
hard:204431007	hard	B	B	True	True	False	0.9059	0.9059	0.017690809999999994	0.8942	27.9
gold-removed:48500005	gold-removed	none	none	True	False		0.9999	0.9999	9.999999999997797e-09	0.9999	24.4
easy:734020000	easy	C	C	True	True	False	0.9897	0.9897	0.00020613999999999951	0.9884	29.8
retrieval-miss:720410001	retrieval-miss	none	none	True	False	True	0.999	0.999	1.1300000000000019e-06	0.9989	87.3
retrieval-miss:389100007	retrieval-miss	none	none	True	False	True	0.9998	0.9998	4.999999999999118e-08	0.9998	81.5
none-narrower:197606008	none-narrower	none	none	True	False		0.9993	0.9993	6.000000000000475e-07	0.9993	26.5
hard:626004	hard	H	H	True	True	False	0.9843	0.9843	0.0004929800000000015	0.9824	81.6
easy:52186006	easy	G	G	True	True	False	0.9694	0.9694	0.0014174399999999977	0.9656	29.0
retrieval-miss:422886007	retrieval-miss	none	D	False	False	True	0.9878	0.0099	1.95605169	0.9863	28.2
hard:609573005	hard	A	A	True	True	False	0.9905	0.9905	0.0001786099999999991	0.9893	31.5
hard:72893007	hard	A	A	True	True	True	0.8813	0.8813	0.027367440000000007	0.8665	30.0
gold-removed:254113006	gold-removed	none	none	True	False		0.799	0.799	0.07952967	0.7739	29.4
easy:2177002	easy	B	B	True	True	False	0.9928	0.9928	0.00010224999999999977	0.9919	27.9
hard:111293003	hard	H	none	False	False	True	0.9944	0.0031	1.9826437	0.9937	28.2
retrieval-miss:54203008	retrieval-miss	none	none	True	False	True	1.0	1.0	0.0	1.0	30.4
easy:239032007	easy	G	G	True	True	False	0.973	0.973	0.0013414500000000014	0.9696	87.3
hard:398680004	hard	F	C	False	False	True	0.9858	0.0005	1.9709641900000003	0.984	85.7
easy:733626002	easy	C	C	True	True	False	0.9817	0.9817	0.0006518899999999994	0.9794	83.6
none-narrower:94505005	none-narrower	none	none	True	False		0.9981	0.9981	6.510000000000048e-06	0.9979	30.4
hard:724840004	hard	A	A	True	True	False	0.9959	0.9959	3.361999999999994e-05	0.9954	34.6
easy:303852004	easy	D	D	True	True	False	0.9353	0.9353	0.008346349999999997	0.9272	30.5
none-narrower:890354000	none-narrower	none	none	True	False		0.9998	0.9998	7.999999999999119e-08	0.9997	27.3
retrieval-miss:725291001	retrieval-miss	none	none	True	False	True	0.9999	0.9999	9.999999999997797e-09	0.9999	81.0
retrieval-miss:17885001	retrieval-miss	none	none	True	False	True	0.9999	0.9999	9.999999999997797e-09	0.9999	86.0
gold-removed:120639003	gold-removed	none	none	True	False		0.9886	0.9886	0.0002554099999999992	0.9872	29.9
hard:92272009	hard	E	E	True	True	True	0.9974	0.9974	1.1690000000000242e-05	0.9971	29.4
gold-removed:87211000119104	gold-removed	none	none	True	False		0.9873	0.9873	0.0002902500000000011	0.9857	82.6
none-narrower:143291000119104	none-narrower	none	none	True	False		0.9995	0.9995	4.0999999999994493e-07	0.9994	82.1
retrieval-miss:10651001	retrieval-miss	none	none	True	False	True	0.9999	0.9999	9.999999999997797e-09	0.9999	29.1
easy:720636001	easy	G	G	True	True	False	0.9647	0.9647	0.00247113	0.9603	29.3
none-narrower:22935002	none-narrower	none	E	False	False		0.9617	0.036	1.85416535	0.957	28.9
easy:716742001	easy	F	F	True	False	True	0.9279	0.9279	0.010325080000000007	0.9189	28.3
hard:398114001	hard	B	B	True	True	False	0.9965	0.9965	2.4509999999999635e-05	0.996	31.2
gold-removed:27868004	gold-removed	none	none	True	False		0.999	0.999	1.4100000000000017e-06	0.9989	27.9
retrieval-miss:238700008	retrieval-miss	none	E	False	False	True	0.501	0.0909	1.24392782	0.4387	29.3
easy:30281009	easy	D	D	True	True	False	0.9966	0.9966	2.1839999999999716e-05	0.9962	27.8
none-narrower:12181002	none-narrower	none	none	True	False		0.9998	0.9998	4.999999999999118e-08	0.9998	30.2
easy:78511005	easy	H	H	True	True	False	0.9931	0.9931	9.522000000000024e-05	0.9922	29.2
easy:26360005	easy	A	A	True	True	True	0.9929	0.9929	9.667999999999993e-05	0.992	26.7
none-narrower:403964007	none-narrower	none	H	False	False		0.9965	0.0035	1.9860245000000003	0.9961	26.4
hard:303098002	hard	A	A	True	True	False	0.9252	0.9252	0.010293579999999997	0.9158	29.0
none-narrower:1343512002	none-narrower	none	none	True	False		0.998	0.998	4.750000000000007e-06	0.9977	27.8
easy:232086000	easy	E	none	False	False	True	0.9963	0.0024	1.98781992	0.9958	28.2
easy:703544004	easy	B	B	True	False	True	0.8566	0.8566	0.03618088999999999	0.8386	81.7
retrieval-miss:720861000	retrieval-miss	none	none	True	False	True	0.924	0.924	0.009171159999999994	0.9145	84.6
none-narrower:1371100008	none-narrower	none	none	True	False		0.9916	0.9916	0.00011987999999999937	0.9906	27.7
easy:253298003	easy	G	none	False	False	True	0.6219	0.3478	0.81252254	0.5747	28.9
gold-removed:7071007	gold-removed	none	none	True	False		1.0	1.0	0.0	1.0	23.8
easy:35111009	easy	D	D	True	True	True	0.9875	0.9875	0.0003100099999999989	0.986	29.4
none-narrower:418054005	none-narrower	none	none	True	False		0.8888	0.8888	0.024378389999999993	0.8749	30.7
hard:27916005	hard	B	B	True	True	False	0.998	0.998	8.000000000000008e-06	0.9977	27.1
hard:72124005	hard	H	H	True	True	False	0.9943	0.9943	6.498000000000044e-05	0.9936	23.1
easy:111354009	easy	D	D	True	False	True	0.9819	0.9819	0.0006552200000000002	0.9797	26.3
hard:11218009	hard	B	B	True	False	True	0.9821	0.9821	0.0006033700000000009	0.9798	28.6
easy:717734005	easy	E	none	False	True	False	0.9937	0.0028	1.9818527000000001	0.9929	30.6
easy:716277000	easy	D	D	True	True	False	0.9878	0.9878	0.0002976799999999997	0.9863	31.1
retrieval-miss:95532008	retrieval-miss	none	none	True	False	True	0.9994	0.9994	4.90000000000054e-07	0.9993	28.5
hard:67678004	hard	D	D	True	True	True	0.9778	0.9778	0.00097686	0.9751	26.6
none-narrower:235929001	none-narrower	none	none	True	False		0.9998	0.9998	5.99999999999912e-08	0.9998	29.8
gold-removed:235601001	gold-removed	none	none	True	False		0.9998	0.9998	5.99999999999912e-08	0.9997	28.2
gold-removed:717332007	gold-removed	none	none	True	False		0.999	0.999	1.1600000000000018e-06	0.9989	31.4
easy:766050000	easy	A	A	True	True	False	0.8758	0.8758	0.030776879999999993	0.8603	87.1
gold-removed:187740000	gold-removed	none	none	True	False		0.9966	0.9966	2.3119999999999718e-05	0.9961	28.8
easy:196133001	easy	E	E	True	False	True	0.9621	0.9621	0.002857720000000003	0.9573	29.0
none-narrower:38731000087104	none-narrower	none	B	False	False		0.9686	0.0313	1.8765656499999999	0.9647	27.8
none-narrower:48352007	none-narrower	none	none	True	False		0.9991	0.9991	1.1300000000000214e-06	0.999	24.5
retrieval-miss:190773008	retrieval-miss	none	none	True	False	True	0.9998	0.9998	4.999999999999118e-08	0.9998	29.2
hard:234577004	hard	G	G	True	True	False	0.9522	0.9522	0.004550619999999996	0.9463	27.2
hard:95776004	hard	G	G	True	True	False	0.9543	0.9543	0.0034027899999999967	0.9486	28.4
easy:124252008	easy	G	G	True	True	False	0.9691	0.9691	0.0019034500000000023	0.9653	30.1
easy:402425006	easy	E	none	False	True	False	0.974	0.022	1.90516411	0.9707	28.3
hard:722059002	hard	D	D	True	True	False	0.9887	0.9887	0.0002487199999999995	0.9873	85.8
easy:193756007	easy	A	A	True	True	False	0.997	0.997	1.8000000000000017e-05	0.9966	30.3
easy:57203004	easy	D	D	True	True	True	0.978	0.978	0.0009636200000000009	0.9752	26.2
easy:308870004	easy	E	E	True	True	False	0.9934	0.9934	8.712000000000066e-05	0.9926	27.6
gold-removed:205465004	gold-removed	none	none	True	False		0.9943	0.9943	4.116000000000043e-05	0.9936	84.4
easy:398909004	easy	H	H	True	True	False	0.9963	0.9963	2.738000000000027e-05	0.9958	27.6
easy:92624000	easy	B	B	True	True	False	0.9867	0.9867	0.0003511299999999994	0.9851	26.4
hard:403805009	hard	G	G	True	True	False	0.9718	0.9718	0.00158485	0.9683	29.1
easy:21897009	easy	G	G	True	True	False	0.9968	0.9968	2.047999999999988e-05	0.9963	24.3
hard:278833002	hard	D	B	False	True	True	0.7013	0.0121	1.54774913	0.6639	29.0
gold-removed:721073008	gold-removed	none	none	True	False		0.9984	0.9984	3.3200000000001465e-06	0.9982	28.2
easy:255003007	easy	A	A	True	True	False	0.9855	0.9855	0.0004204999999999988	0.9837	82.8
none-narrower:783705006	none-narrower	none	F	False	False		0.9869	0.0117	1.95070937	0.9853	28.0
easy:726609005	easy	C	C	True	True	False	0.9821	0.9821	0.0006372600000000009	0.9799	87.4
none-narrower:186679007	none-narrower	none	none	True	False		0.997	0.997	1.3210000000000014e-05	0.9966	26.5
none-narrower:27507004	none-narrower	none	none	True	False		0.9995	0.9995	4.1999999999994495e-07	0.9994	28.0
gold-removed:277568007	gold-removed	none	C	False	False		0.7197	0.2793	1.03737712	0.6847	30.0
hard:238676008	hard	B	B	True	False	True	0.9961	0.9961	2.9650000000000114e-05	0.9957	27.7
easy:19905009	easy	G	G	True	True	False	0.9962	0.9962	2.8130000000000193e-05	0.9957	27.7
easy:404120006	easy	E	E	True	True	False	0.9362	0.9362	0.008140879999999996	0.9282	85.4
gold-removed:39390005	gold-removed	none	none	True	False		0.9671	0.9671	0.0015084600000000027	0.963	30.3
hard:722290008	hard	F	F	True	False	True	0.9426	0.9426	0.006487280000000001	0.9354	30.3
retrieval-miss:59399004	retrieval-miss	none	none	True	False	True	0.9969	0.9969	1.413999999999995e-05	0.9966	28.3
retrieval-miss:4855003	retrieval-miss	none	none	True	False	True	0.9998	0.9998	5.99999999999912e-08	0.9998	26.9
easy:399463004	easy	H	none	False	True	True	0.8356	0.1558	1.41094566	0.815	28.3
hard:230595006	hard	C	C	True	True	False	0.998	0.998	8.000000000000008e-06	0.9978	26.6
retrieval-miss:10177005	retrieval-miss	none	none	True	False	True	0.9945	0.9945	4.143999999999944e-05	0.9938	27.7
hard:398963001	hard	G	none	False	False	True	0.6743	0.3038	0.9397417799999999	0.6336	27.9
retrieval-miss:717812000	retrieval-miss	none	none	True	False	True	0.9995	0.9995	3.699999999999449e-07	0.9994	28.0
none-narrower:783558004	none-narrower	none	A	False	False		0.9825	0.0174	1.93080901	0.9803	84.5
none-narrower:721677005	none-narrower	none	none	True	False		0.9998	0.9998	4.999999999999118e-08	0.9997	28.7
none-narrower:372024009	none-narrower	none	none	True	False		0.9848	0.9848	0.00037542999999999973	0.9829	29.3
hard:86203003	hard	B	B	True	True	False	0.9984	0.9984	4.810000000000147e-06	0.9982	27.4
none-narrower:268654005	none-narrower	none	none	True	False		0.999	0.999	1.5200000000000018e-06	0.9988	28.0
none-narrower:66265004	none-narrower	none	none	True	False		0.9999	0.9999	9.999999999997797e-09	0.9999	28.2
easy:89655007	easy	F	D	False	False	True	0.9774	0.0086	1.93835167	0.9746	29.5
hard:28656008	hard	D	D	True	False	True	0.9841	0.9841	0.0004758200000000008	0.9821	26.9
hard:442551007	hard	A	A	True	True	False	0.9992	0.9992	1.2800000000000367e-06	0.999	22.6
easy:764997000	easy	G	G	True	True	False	0.9262	0.9262	0.008504029999999997	0.9169	80.9
retrieval-miss:763669001	retrieval-miss	none	none	True	False	True	0.9942	0.9942	3.935000000000031e-05	0.9935	30.4
none-narrower:1196912004	none-narrower	none	none	True	False		0.9991	0.9991	1.0300000000000215e-06	0.999	30.8
none-narrower:1237346001	none-narrower	none	B	False	False		0.9974	0.0012	1.99241016	0.997	29.3
hard:118600007	hard	F	none	False	True	False	0.9935	0.0058	1.97547615	0.9927	29.3
hard:400142003	hard	A	A	True	True	False	0.992	0.992	0.0001233800000000001	0.991	30.1
hard:48718006	hard	D	D	True	True	False	0.991	0.991	0.00016022000000000014	0.9899	31.4
easy:715748006	easy	D	D	True	True	False	0.9845	0.9845	0.0004713099999999987	0.9826	89.8
retrieval-miss:58437007	retrieval-miss	none	none	True	False	True	0.9994	0.9994	4.7000000000005395e-07	0.9993	30.3
hard:449096009	hard	F	F	True	True	True	0.9847	0.9847	0.0004504299999999994	0.9828	28.0
easy:718607001	easy	E	E	True	True	False	0.9883	0.9883	0.000262380000000001	0.9868	83.5
hard:79830009	hard	E	E	True	True	False	0.991	0.991	0.00016021000000000015	0.9899	26.6
easy:698290008	easy	H	H	True	True	False	0.9548	0.9548	0.004041380000000001	0.9492	29.1
none-narrower:65528008	none-narrower	none	none	True	False		0.9664	0.9664	0.0022512099999999974	0.9622	26.6
easy:721014007	easy	D	D	True	True	False	0.9525	0.9525	0.0042405199999999985	0.9465	85.8
gold-removed:253904001	gold-removed	none	none	True	False		0.9939	0.9939	6.010999999999993e-05	0.9931	29.1
easy:392662004	easy	B	B	True	True	False	0.9982	0.9982	6.480000000000085e-06	0.9979	30.6
none-narrower:29736007	none-narrower	none	none	True	False		0.9953	0.9953	2.9740000000000352e-05	0.9947	28.2
hard:22784002	hard	B	B	True	True	False	0.9986	0.9986	3.9199999999998795e-06	0.9985	29.0
hard:715397000	hard	E	E	True	True	False	0.9843	0.9843	0.0004837400000000015	0.9823	27.8
hard:238874008	hard	A	A	True	True	True	0.9952	0.9952	4.5130000000000254e-05	0.9946	28.9
easy:239069005	easy	H	H	True	True	False	0.978	0.978	0.0009680000000000008	0.9753	83.8
hard:268240006	hard	H	H	True	True	False	0.9724	0.9724	0.0012412499999999978	0.969	29.0
retrieval-miss:715338007	retrieval-miss	none	none	True	False	True	0.9991	0.9991	9.700000000000214e-07	0.999	31.4
easy:32620007	easy	E	E	True	True	False	0.997	0.997	1.8000000000000017e-05	0.9966	29.9
gold-removed:238078005	gold-removed	none	none	True	False		0.9981	0.9981	4.430000000000048e-06	0.9979	30.3
none-narrower:698836007	none-narrower	none	none	True	False		0.9997	0.9997	1.2999999999998017e-07	0.9996	29.6
easy:79674009	easy	H	H	True	True	False	0.986	0.986	0.00039200000000000037	0.9843	30.8
none-narrower:724784006	none-narrower	none	none	True	False		0.9997	0.9997	1.2999999999998017e-07	0.9997	28.5
hard:128468007	hard	G	none	False	False	True	0.6292	0.0571	1.3825476099999998	0.5828	28.2
retrieval-miss:230499002	retrieval-miss	none	none	True	False	True	0.9992	0.9992	1.0100000000000365e-06	0.9991	28.9
hard:725408001	hard	C	C	True	True	False	0.5527	0.5527	0.32417914000000003	0.4968	30.5
hard:445257004	hard	C	C	True	True	False	0.996	0.996	3.200000000000003e-05	0.9955	29.2
none-narrower:102361000119104	none-narrower	none	none	True	False		0.9988	0.9988	1.8199999999999493e-06	0.9986	29.2
hard:707435002	hard	B	B	True	True	False	0.9856	0.9856	0.00040621999999999913	0.9838	29.1
gold-removed:763458005	gold-removed	none	C	False	False		0.9493	0.0487	1.8061440700000002	0.943	85.5
hard:715427008	hard	G	G	True	True	True	0.8465	0.8465	0.03811256999999999	0.8273	82.5
hard:187722004	hard	D	D	True	True	False	0.992	0.992	0.00012641000000000014	0.991	30.4
retrieval-miss:17234001	retrieval-miss	none	none	True	False	True	1.0	1.0	0.0	0.9999	27.9
easy:733068001	easy	G	G	True	True	True	0.9586	0.9586	0.0027191699999999995	0.9534	29.2
easy:609581006	easy	A	A	True	True	True	0.9798	0.9798	0.0007923199999999998	0.9773	30.0
retrieval-miss:111395007	retrieval-miss	none	none	True	False	True	0.962	0.962	0.0028804100000000025	0.9572	27.0
hard:58833000	hard	H	H	True	True	True	0.9819	0.9819	0.0006041500000000001	0.9796	83.1
gold-removed:58459009	gold-removed	none	none	True	False		0.9989	0.9989	2.039999999999978e-06	0.9987	26.6
gold-removed:254102008	gold-removed	none	none	True	False		0.9977	0.9977	6.509999999999856e-06	0.9974	31.3
hard:720344007	hard	A	A	True	True	True	0.986	0.986	0.00031438000000000033	0.9843	29.2
easy:416960004	easy	G	G	True	False	True	0.6472	0.6472	0.23759035	0.6031	30.0
hard:428174001	hard	H	none	False	True	False	0.6187	0.3801	0.76706608	0.571	29.1
hard:92405007	hard	A	A	True	True	True	0.9927	0.9927	0.00010512999999999961	0.9918	29.1
hard:715395008	hard	C	C	True	True	True	0.9888	0.9888	0.0002258699999999997	0.9874	29.1
gold-removed:95691008	gold-removed	none	none	True	False		0.9994	0.9994	4.3000000000005396e-07	0.9994	26.6
easy:719069008	easy	G	G	True	True	True	0.9283	0.9283	0.008727059999999998	0.9193	83.9
retrieval-miss:471885006	retrieval-miss	none	none	True	False	True	0.9331	0.9331	0.008204559999999994	0.9248	29.1
none-narrower:1260130005	none-narrower	none	E	False	False		0.8481	0.1498	1.44211441	0.8291	30.1
retrieval-miss:302872003	retrieval-miss	none	none	True	False	True	1.0	1.0	0.0	1.0	26.4
none-narrower:74202002	none-narrower	none	none	True	False		0.9997	0.9997	1.0999999999998018e-07	0.9997	27.9
none-narrower:82069007	none-narrower	none	none	True	False		0.9973	0.9973	9.130000000000192e-06	0.997	28.2
hard:85478004	hard	B	B	True	True	False	0.9983	0.9983	5.780000000000118e-06	0.9981	28.1
hard:721231007	hard	C	C	True	True	False	0.97	0.97	0.0017940100000000017	0.9663	30.4
hard:266578003	hard	D	D	True	True	False	0.9903	0.9903	0.00018818000000000082	0.9891	28.1
easy:704166007	easy	G	none	False	False	True	0.9981	0.0002	1.9958054	0.9979	29.8
hard:205647005	hard	A	none	False	False	True	0.99	0.0054	1.96933587	0.9887	30.8
gold-removed:707510005	gold-removed	none	none	True	False		0.9981	0.9981	4.290000000000049e-06	0.9979	81.9
gold-removed:10347006	gold-removed	none	none	True	False		0.9995	0.9995	3.599999999999449e-07	0.9994	28.7
hard:55379003	hard	E	E	True	True	False	0.9926	0.9926	9.859999999999944e-05	0.9917	26.5
hard:400166009	hard	A	A	True	True	False	0.9989	0.9989	2.4199999999999777e-06	0.9988	81.0
easy:3135009	easy	C	C	True	True	False	0.9973	0.9973	1.3560000000000192e-05	0.997	28.0
easy:27201004	easy	B	B	True	True	False	0.9885	0.9885	0.00022923999999999894	0.987	29.9
retrieval-miss:73465006	retrieval-miss	none	none	True	False	True	0.9999	0.9999	1.9999999999997797e-08	0.9998	30.4
easy:238032002	easy	G	G	True	True	False	0.9726	0.9726	0.0014960599999999991	0.9691	27.0
hard:16872008	hard	E	E	True	True	True	0.9356	0.9356	0.007923750000000002	0.9276	29.1
easy:403760006	easy	H	E	False	True	False	0.9721	0.0038	1.9379736599999997	0.9686	29.1
hard:762295002	hard	D	D	True	True	True	0.9871	0.9871	0.0003277100000000006	0.9855	28.8
easy:68067009	easy	F	F	True	False	True	0.9911	0.9911	0.00015666000000000033	0.99	85.8
gold-removed:86489003	gold-removed	none	none	True	False		0.999	0.999	1.4200000000000019e-06	0.9989	27.6
gold-removed:720565000	gold-removed	none	none	True	False		0.9097	0.9097	0.01528696000000001	0.8984	84.2
retrieval-miss:75875004	retrieval-miss	none	none	True	False	True	0.9995	0.9995	3.0999999999994494e-07	0.9995	28.7
none-narrower:192631000	none-narrower	none	none	True	False		0.9703	0.9703	0.0017641799999999971	0.9666	28.4
easy:719981005	easy	E	E	True	True	False	0.9883	0.9883	0.000262430000000001	0.9868	84.6
hard:80960004	hard	D	D	True	True	False	0.9902	0.9902	0.0001807900000000006	0.989	26.6
hard:74469006	hard	D	D	True	False	True	0.9889	0.9889	0.00024201999999999996	0.9875	28.0
retrieval-miss:66576001	retrieval-miss	none	none	True	False	True	0.9988	0.9988	1.7799999999999493e-06	0.9987	29.1
easy:1271009	easy	B	B	True	True	False	0.9765	0.9765	0.0010423499999999985	0.9735	88.7
hard:73757007	hard	C	C	True	True	False	0.9965	0.9965	2.1959999999999634e-05	0.996	26.6
easy:68409003	easy	C	F	False	False	True	0.9656	0.02	1.89298785	0.9614	28.7
easy:238021002	easy	B	B	True	False	True	0.9338	0.9338	0.006370780000000005	0.9255	28.2
easy:443439001	easy	F	F	True	True	True	0.9615	0.9615	0.0022008099999999984	0.9567	82.2
hard:254131007	hard	H	H	True	True	False	0.9432	0.9432	0.0064524799999999966	0.9361	29.0
none-narrower:342291000119102	none-narrower	none	none	True	False		0.9981	0.9981	5.180000000000048e-06	0.9979	29.1
hard:5217008	hard	E	E	True	True	False	0.989	0.989	0.00022734000000000022	0.9876	28.0
easy:238007004	easy	F	F	True	False	True	0.904	0.904	0.018241389999999996	0.892	86.6
retrieval-miss:716871006	retrieval-miss	none	none	True	False	True	0.9985	0.9985	3.4999999999998373e-06	0.9983	28.7
gold-removed:419237004	gold-removed	none	none	True	False		0.4394	0.4394	0.5084236799999999	0.3693	30.3
hard:716653001	hard	E	E	True	True	False	0.9784	0.9784	0.000707499999999998	0.9757	30.7
gold-removed:609578001	gold-removed	none	none	True	False		0.9841	0.9841	0.00037223000000000085	0.9821	31.4
gold-removed:1899006	gold-removed	none	none	True	False		0.9193	0.9193	0.009691459999999999	0.9092	26.4
hard:416769008	hard	D	D	True	True	True	0.8695	0.8695	0.03385271999999999	0.8532	29.2
easy:363468009	easy	A	A	True	False	True	0.9905	0.9905	0.0001732199999999991	0.9893	29.3
hard:402601007	hard	C	C	True	False	True	0.8041	0.8041	0.07613185999999998	0.7796	29.3
retrieval-miss:419193008	retrieval-miss	none	none	True	False	True	0.9996	0.9996	1.8999999999996475e-07	0.9995	26.3
gold-removed:722034006	gold-removed	none	none	True	False		0.9983	0.9983	3.910000000000118e-06	0.9981	29.2
easy:91968002	easy	B	B	True	True	True	0.997	0.997	1.7450000000000014e-05	0.9966	28.2
easy:85769006	easy	B	B	True	False	True	0.9964	0.9964	2.592000000000034e-05	0.996	28.0
retrieval-miss:359814004	retrieval-miss	none	none	True	False	True	1.0	1.0	0.0	1.0	28.2
hard:253020008	hard	G	A	False	False	True	0.9586	0.0259	1.86800401	0.9535	28.3
hard:188241004	hard	E	E	True	True	False	0.918	0.918	0.013382589999999995	0.9078	26.2
hard:3944006	hard	H	none	False	True	True	0.9997	0.0	1.99940014	0.9996	29.2
none-narrower:1186858000	none-narrower	none	none	True	False		0.9993	0.9993	7.800000000000475e-07	0.9992	28.1
easy:72815004	easy	B	B	True	False	True	0.704	0.704	0.17464152	0.667	23.3
none-narrower:55637002	none-narrower	none	none	True	False		0.9817	0.9817	0.0005088999999999994	0.9794	28.2
retrieval-miss:239869009	retrieval-miss	none	none	True	False	True	0.9996	0.9996	2.5999999999996474e-07	0.9995	28.4
hard:25044007	hard	A	A	True	True	False	0.9878	0.9878	0.0002881299999999997	0.9863	29.1
gold-removed:190745006	gold-removed	none	none	True	False		0.944	0.944	0.004106560000000006	0.937	28.0
gold-removed:126908007	gold-removed	none	none	True	False		0.9666	0.9666	0.002152749999999999	0.9625	29.1
none-narrower:86333008	none-narrower	none	none	True	False		0.9944	0.9944	5.856000000000055e-05	0.9937	28.0
hard:726341009	hard	A	A	True	True	False	0.9831	0.9831	0.0005095100000000009	0.981	29.1
gold-removed:719827008	gold-removed	none	none	True	False		0.9956	0.9956	3.184999999999965e-05	0.9951	30.5
easy:9245008	easy	H	H	True	True	False	0.9955	0.9955	3.9609999999999534e-05	0.995	27.9
easy:237997005	easy	C	C	True	True	False	0.9873	0.9873	0.0003150700000000011	0.9857	81.0
easy:253366007	easy	C	none	False	True	True	0.9499	0.0417	1.82066849	0.9437	28.0
easy:302226006	easy	E	E	True	False	True	0.9948	0.9948	4.703999999999982e-05	0.9942	26.5
hard:95462004	hard	E	E	True	True	True	0.9479	0.9479	0.005246080000000003	0.9414	26.2
gold-removed:733492003	gold-removed	none	none	True	False		0.9896	0.9896	0.00016645999999999927	0.9883	30.3
gold-removed:302954008	gold-removed	none	none	True	False		0.9997	0.9997	1.1999999999998016e-07	0.9997	28.2
retrieval-miss:8829008	retrieval-miss	none	none	True	False	True	0.9996	0.9996	2.399999999999648e-07	0.9995	30.1
none-narrower:193436005	none-narrower	none	none	True	False		0.9998	0.9998	5.99999999999912e-08	0.9998	26.7
hard:125603006	hard	H	H	True	True	False	0.9973	0.9973	1.4580000000000192e-05	0.997	26.2
hard:280816001	hard	F	F	True	False	True	0.5737	0.5737	0.35916715000000005	0.5204	30.2
hard:363427000	hard	D	D	True	True	True	0.897	0.897	0.020791359999999995	0.8841	29.5
none-narrower:253147000	none-narrower	none	E	False	False		0.9911	0.0084	1.9655498700000003	0.99	31.6
easy:720750004	easy	G	G	True	True	False	0.9895	0.9895	0.00021840999999999902	0.9882	85.2
easy:84706005	easy	C	C	True	False	True	0.9587	0.9587	0.0034113800000000007	0.9535	28.0
hard:766705006	hard	D	D	True	False	True	0.9441	0.9441	0.005835629999999994	0.9371	29.6
hard:302820008	hard	D	C	False	False	True	0.9971	0.0003	1.9936152600000001	0.9967	29.2
none-narrower:402811003	none-narrower	none	none	True	False		0.9984	0.9984	3.3100000000001466e-06	0.9982	28.3
hard:717943008	hard	D	D	True	True	True	0.9867	0.9867	0.0003433899999999994	0.9851	30.5
easy:237913008	easy	A	A	True	True	False	0.9937	0.9937	7.937999999999965e-05	0.9929	27.1
none-narrower:237622006	none-narrower	none	none	True	False		0.9997	0.9997	1.3999999999998018e-07	0.9996	28.9
none-narrower:1287336004	none-narrower	none	none	True	False		0.9998	0.9998	4.999999999999118e-08	0.9998	28.8
easy:62201009	easy	C	C	True	False	True	0.8551	0.8551	0.04184753000000001	0.837	30.3
gold-removed:62005008	gold-removed	none	none	True	False		0.9986	0.9986	3.9199999999998795e-06	0.9985	28.0
retrieval-miss:15566009	retrieval-miss	none	none	True	False	True	0.9991	0.9991	1.0200000000000214e-06	0.999	29.1
none-narrower:193185007	none-narrower	none	none	True	False		0.9954	0.9954	4.1410000000000445e-05	0.9949	27.6
retrieval-miss:274102007	retrieval-miss	none	none	True	False	True	0.9995	0.9995	3.1999999999994495e-07	0.9994	26.6
none-narrower:609600000	none-narrower	none	none	True	False		0.9992	0.9992	9.100000000000366e-07	0.9991	26.6
gold-removed:698250005	gold-removed	none	none	True	False		0.9971	0.9971	1.0360000000000079e-05	0.9968	26.7
hard:702809001	hard	H	H	True	True	False	0.9425	0.9425	0.0066124999999999995	0.9353	30.6
hard:77090002	hard	E	E	True	True	False	0.9979	0.9979	8.41999999999996e-06	0.9976	24.0
retrieval-miss:147101000119108	retrieval-miss	none	none	True	False	True	0.9999	0.9999	1.9999999999997797e-08	0.9999	28.3
retrieval-miss:277589003	retrieval-miss	none	none	True	False	True	0.9881	0.9881	0.0002127300000000005	0.9867	90.1
none-narrower:43742007	none-narrower	none	none	True	False		0.9999	0.9999	1.9999999999997797e-08	0.9998	28.6
hard:54552008	hard	E	E	True	True	False	0.9954	0.9954	4.142000000000044e-05	0.9948	26.6
easy:2032001	easy	H	none	False	False	True	0.7088	0.291	1.00507845	0.6724	28.9
hard:205484001	hard	E	E	True	True	True	0.9707	0.9707	0.0015738699999999998	0.967	29.9
retrieval-miss:238824006	retrieval-miss	none	none	True	False	True	0.9995	0.9995	3.599999999999449e-07	0.9995	27.2
hard:15628003	hard	D	D	True	True	False	0.9979	0.9979	8.81999999999996e-06	0.9976	29.1
gold-removed:240453002	gold-removed	none	none	True	False		0.9974	0.9974	1.2530000000000241e-05	0.9971	27.6
none-narrower:342451000119108	none-narrower	none	none	True	False		0.5646	0.5646	0.37827704000000006	0.5101	28.8
none-narrower:298150009	none-narrower	none	none	True	False		0.9993	0.9993	7.000000000000475e-07	0.9992	29.1
hard:402355000	hard	H	H	True	False	True	0.9961	0.9961	2.9650000000000114e-05	0.9956	29.2
easy:24867002	easy	E	none	False	False	True	0.9626	0.0004	1.9268862500000001	0.9579	29.3
hard:234405009	hard	A	A	True	True	False	0.9815	0.9815	0.0006808199999999985	0.9791	81.8
retrieval-miss:58729003	retrieval-miss	none	none	True	False	True	1.0	1.0	0.0	1.0	26.2
gold-removed:16059006	gold-removed	none	none	True	False		0.9999	0.9999	9.999999999997797e-09	0.9999	83.3
retrieval-miss:55711009	retrieval-miss	none	C	False	False	True	0.812	0.1572	1.37044385	0.7885	83.4
easy:42786005	easy	E	E	True	False	True	0.9159	0.9159	0.014112029999999992	0.9054	81.9
none-narrower:29320008	none-narrower	none	none	True	False		0.9997	0.9997	1.0999999999998018e-07	0.9997	28.9
hard:40272001	hard	H	H	True	False	True	0.6519	0.6519	0.24027491999999998	0.6084	26.9
gold-removed:389214003	gold-removed	none	none	True	False		0.9994	0.9994	6.20000000000054e-07	0.9993	87.8
retrieval-miss:367649002	retrieval-miss	none	none	True	False	True	1.0	1.0	0.0	1.0	27.6
gold-removed:92241005	gold-removed	none	none	True	False		0.9932	0.9932	7.613000000000038e-05	0.9924	28.0
gold-removed:234440005	gold-removed	none	none	True	False		0.9918	0.9918	8.255999999999975e-05	0.9908	28.7
easy:1003375005	easy	B	none	False	True	False	0.9994	0.0002	1.99840051	0.9993	29.9
none-narrower:323291000119108	none-narrower	none	none	True	False		0.9991	0.9991	1.3100000000000213e-06	0.999	28.1
none-narrower:126754006	none-narrower	none	none	True	False		0.9957	0.9957	2.6499999999999746e-05	0.9951	29.4
easy:699315005	easy	A	A	True	True	True	0.9037	0.9037	0.01768450000000001	0.8916	28.2
easy:3951002	easy	A	A	True	False	True	0.9094	0.9094	0.012268740000000004	0.898	24.0
gold-removed:28835009	gold-removed	none	none	True	False		0.9931	0.9931	5.941000000000023e-05	0.9923	29.4
retrieval-miss:193687000	retrieval-miss	none	D	False	False	True	0.9928	0.0056	1.97448473	0.9919	28.9
easy:233815004	easy	D	D	True	False	True	0.7602	0.7602	0.10935647000000001	0.7302	27.6
none-narrower:370481004	none-narrower	none	none	True	False		0.9999	0.9999	9.999999999997797e-09	0.9999	28.0
none-narrower:109630002	none-narrower	none	none	True	False		0.9999	0.9999	1.9999999999997797e-08	0.9999	28.1
gold-removed:238926009	gold-removed	none	none	True	False		0.999	0.999	1.2400000000000019e-06	0.9988	85.7
hard:418763003	hard	B	B	True	True	False	0.9932	0.9932	9.248000000000039e-05	0.9923	28.7
hard:254771006	hard	H	H	True	True	False	0.9949	0.9949	5.1009999999999933e-05	0.9943	29.3
easy:254831005	easy	B	B	True	True	False	0.9861	0.9861	0.0003864200000000006	0.9843	29.0
hard:371979001	hard	G	G	True	True	True	0.9853	0.9853	0.0003922900000000013	0.9834	26.5
hard:60232001	hard	E	E	True	True	False	0.9955	0.9955	3.9609999999999534e-05	0.995	29.3
none-narrower:94695009	none-narrower	none	none	True	False		0.9987	0.9987	2.5599999999999166e-06	0.9986	23.5
none-narrower:422061002	none-narrower	none	none	True	False		0.991	0.991	0.00011150000000000014	0.9899	23.6
retrieval-miss:65038009	retrieval-miss	none	none	True	False	True	0.999	0.999	1.350000000000002e-06	0.9989	23.3
hard:724072002	hard	H	none	False	False	True	0.6066	0.3763	0.7572159399999998	0.5574	29.1
retrieval-miss:253031000	retrieval-miss	none	A	False	False	True	0.9154	0.0835	1.6779299600000002	0.9048	30.5
easy:711164003	easy	A	A	True	True	False	0.9884	0.9884	0.0002668100000000012	0.987	88.6
easy:367542003	easy	E	E	True	True	False	0.99	0.99	0.0002000000000000002	0.9887	30.9
easy:419645003	easy	A	A	True	True	True	0.9593	0.9593	0.0032967499999999967	0.9543	29.6
none-narrower:232402006	none-narrower	none	none	True	False		0.9994	0.9994	5.400000000000539e-07	0.9993	29.5
retrieval-miss:58263000	retrieval-miss	none	none	True	False	True	0.9985	0.9985	2.769999999999837e-06	0.9983	31.5
hard:230655004	hard	H	H	True	True	False	0.9759	0.9759	0.0011198600000000003	0.9729	23.8
easy:721311006	easy	F	F	True	True	False	0.9664	0.9664	0.0021245399999999977	0.9622	31.4
hard:766756002	hard	B	B	True	True	False	0.9938	0.9938	7.56499999999998e-05	0.993	85.0
gold-removed:29248006	gold-removed	none	none	True	False		0.993	0.993	5.982000000000009e-05	0.9921	31.2
easy:82661006	easy	B	B	True	True	False	0.9749	0.9749	0.0012352700000000006	0.9718	27.9
easy:10890000	easy	G	G	True	True	False	0.9682	0.9682	0.0020098100000000034	0.9642	29.1
gold-removed:715442006	gold-removed	none	H	False	False		0.6332	0.3652	0.8039139100000001	0.5873	86.2
none-narrower:109347009	none-narrower	none	none	True	False		0.9992	0.9992	8.200000000000366e-07	0.9991	28.1
easy:92169007	easy	B	B	True	True	True	0.9979	0.9979	8.81999999999996e-06	0.9977	28.1
gold-removed:719660008	gold-removed	none	none	True	False		0.9981	0.9981	4.3100000000000485e-06	0.9979	29.9
hard:118615008	hard	C	C	True	False	True	0.854	0.854	0.04094851000000001	0.8358	28.2
easy:95211004	easy	A	A	True	False	True	0.9984	0.9984	5.120000000000147e-06	0.9982	27.3
hard:404065000	hard	E	E	True	True	False	0.9959	0.9959	3.361999999999994e-05	0.9953	28.7
retrieval-miss:126550004	retrieval-miss	none	none	True	False	True	0.9997	0.9997	1.2999999999998017e-07	0.9997	30.6
easy:29731002	easy	A	A	True	True	False	0.998	0.998	8.000000000000008e-06	0.9977	28.3
none-narrower:127104002	none-narrower	none	none	True	False		1.0	1.0	0.0	1.0	30.6
hard:363425008	hard	B	B	True	True	True	0.8857	0.8857	0.02585699999999999	0.8714	29.4
hard:398670003	hard	D	D	True	True	True	0.9665	0.9665	0.002237819999999998	0.9623	29.4
none-narrower:12011009	none-narrower	none	none	True	False		0.9998	0.9998	5.99999999999912e-08	0.9998	26.5
easy:274142002	easy	G	F	False	False	True	0.9754	0.0016	1.94873213	0.9724	28.2
hard:763279007	hard	F	F	True	True	True	0.9629	0.9629	0.002745410000000001	0.9583	29.4
retrieval-miss:254782003	retrieval-miss	none	none	True	False	True	0.9994	0.9994	4.6000000000005394e-07	0.9993	30.7
hard:76976005	hard	G	G	True	True	False	0.9926	0.9926	9.512999999999945e-05	0.9917	27.1
none-narrower:60023006	none-narrower	none	none	True	False		0.9998	0.9998	7.999999999999119e-08	0.9997	28.3
hard:254976006	hard	B	B	True	True	False	0.9879	0.9879	0.00027651	0.9864	29.6
none-narrower:126726004	none-narrower	none	none	True	False		0.9978	0.9978	5.979999999999911e-06	0.9976	30.8
gold-removed:25906001	gold-removed	none	none	True	False		0.994	0.994	4.796000000000006e-05	0.9933	28.3
none-narrower:78974003	none-narrower	none	none	True	False		0.9997	0.9997	1.2999999999998017e-07	0.9997	29.3
