item_id	tier	truth	pred	hit	lex_hit	ambiguous	p_top	p_truth	brier	confidence	latency_ms
hard:253006001	hard	A	A	True	True		0.4269571900367737	0.4269571900367737	0.4641297848795944	0.4269571900367737	401.02
hard:363477002	hard	B	B	True	False		0.47560879588127136	0.47560879588127136	0.3902852364054972	0.47560879588127136	337.97
hard:445187004	hard	A	A	True	True		0.7712865471839905	0.7712865471839905	0.07440047112152268	0.7712865471839905	246.61
easy:274947007	easy	A	A	True	True		0.7710564136505127	0.7710564136505127	0.07876099333928435	0.7710564136505127	350.16
hard:268262006	hard	A	none	False	True		0.44565391540527344	0.342221736907959	0.6448380523772437	0.44565391540527344	337.72
none-narrower:308123002	none-narrower	none	none	True	False		0.4930941164493561	0.4930941164493561	0.3068371329301951	0.4930941164493561	224.73
easy:415238003	easy	A	A	True	True		0.6441807746887207	0.6441807746887207	0.18132472287317686	0.6441807746887207	238.83
easy:70272006	easy	A	A	True	True		0.5932226777076721	0.5932226777076721	0.24121853787373565	0.5932226777076721	186.03
easy:422437002	easy	A	A	True	True		0.7511757612228394	0.7511757612228394	0.10258916771842139	0.7511757612228394	334.65
easy:722117000	easy	A	A	True	True		0.6650439500808716	0.6650439500808716	0.18891815554019525	0.6650439500808716	330.33
hard:254146000	hard	C	A	False	False		0.4331761300563812	0.15062692761421204	1.0220894398019718	0.4331761300563812	331.17
easy:397868007	easy	A	A	True	True		0.7322210073471069	0.7322210073471069	0.11141798752586729	0.7322210073471069	345.51
easy:238735005	easy	A	none	False	True		0.43853655457496643	0.1665230691432953	0.959733703644502	0.43853655457496643	228.69
easy:722294004	easy	A	A	True	True		0.7781537771224976	0.7781537771224976	0.07532179297320105	0.7781537771224976	410.06
easy:303852004	easy	A	A	True	True		0.8540505766868591	0.8540505766868591	0.03655339803231386	0.8540505766868591	340.53
easy:154283005	easy	A	C	False	True		0.343854695558548	0.2640491724014282	0.7787868480754527	0.343854695558548	232.57
none-narrower:1259580000	none-narrower	none	A	False	False		0.6662212014198303	0.23166313767433167	1.0365809323295672	0.6662212014198303	333.43
none-narrower:53933002	none-narrower	none	B	False	False		0.40744245052337646	0.31287881731987	0.6801887739587055	0.40744245052337646	239.37
hard:237613005	hard	A	none	False	True		0.5623518824577332	0.1375073939561844	1.1009199429258856	0.5623518824577332	244.01
retrieval-miss:26715006	retrieval-miss	none	none	True	False		0.502102792263031	0.502102792263031	0.34677123391920783	0.502102792263031	170.42
easy:717772000	easy	A	A	True	True		0.7837351560592651	0.7837351560592651	0.08361740023881467	0.7837351560592651	339.47
hard:232016005	hard	A	A	True	True		0.6515730023384094	0.6515730023384094	0.19569045622251052	0.6515730023384094	241.28
none-narrower:1268955002	none-narrower	none	A	False	False		0.7441478967666626	0.21698854863643646	1.1671381302873605	0.7441478967666626	329.91
hard:448227009	hard	A	none	False	True		0.5160992741584778	0.023696186020970345	1.3336409428313547	0.5160992741584778	230.3
hard:698851003	hard	D	D	True	False		0.6812678575515747	0.6812678575515747	0.18161951746734567	0.6812678575515747	351.24
hard:703388005	hard	A	A	True	True		0.8802412748336792	0.8802412748336792	0.021300805366267557	0.8802412748336792	340.7
easy:720401009	easy	A	A	True	True		0.7007697224617004	0.7007697224617004	0.1605360364676971	0.7007697224617004	343.2
easy:15228007	easy	A	A	True	True		0.6730807423591614	0.6730807423591614	0.18519685535710467	0.6730807423591614	333.14
easy:297232009	easy	A	A	True	True		0.749532163143158	0.749532163143158	0.09223823537572222	0.749532163143158	331.1
easy:230782004	easy	A	A	True	True		0.44953495264053345	0.44953495264053345	0.443825252687322	0.44953495264053345	335.76
easy:92439006	easy	A	A	True	True		0.4815518260002136	0.4815518260002136	0.368556722087493	0.4815518260002136	239.57
easy:193839007	easy	A	none	False	True		0.4557943642139435	0.17307627201080322	0.9660351510926621	0.4557943642139435	331.19
easy:197601003	easy	A	A	True	True		0.5977645516395569	0.5977645516395569	0.2343626792697759	0.5977645516395569	223.88
none-narrower:203245006	none-narrower	none	none	True	False		0.36846181750297546	0.36846181750297546	0.5368852432205138	0.36846181750297546	226.83
easy:764854006	easy	A	A	True	True		0.8274061679840088	0.8274061679840088	0.05020226409083682	0.8274061679840088	227.67
none-narrower:1142265002	none-narrower	none	none	True	False		0.47225844860076904	0.47225844860076904	0.3497114250069121	0.47225844860076904	226.36
easy:717360009	easy	A	A	True	True		0.6942164301872253	0.6942164301872253	0.15253137182823423	0.6942164301872253	331.15
hard:190808009	hard	A	none	False	True		0.4376908540725708	0.08218542486429214	1.1965757833005761	0.4376908540725708	250.61
none-narrower:1177030007	none-narrower	none	A	False	False		0.599322497844696	0.32363107800483704	0.8184980845114782	0.599322497844696	332.89
retrieval-miss:82639001	retrieval-miss	none	none	True	False		0.5128230452537537	0.5128230452537537	0.42311863475258316	0.5128230452537537	332.39
hard:86489003	hard	A	A	True	True		0.5117805600166321	0.5117805600166321	0.35204531447257414	0.5117805600166321	332.53
hard:448045004	hard	A	A	True	True		0.8028510212898254	0.8028510212898254	0.06622703027091023	0.8028510212898254	332.59
hard:719017003	hard	A	A	True	True		0.8565689921379089	0.8565689921379089	0.03353354160887652	0.8565689921379089	334.25
easy:722201004	easy	A	A	True	True		0.753976047039032	0.753976047039032	0.10901603652172659	0.753976047039032	334.78
easy:78267003	easy	A	none	False	True		0.4170103371143341	0.07830215990543365	1.1752636633522777	0.4170103371143341	189.01
easy:119422004	easy	A	none	False	True		0.320514053106308	0.06572098284959793	1.0810131905258276	0.320514053106308	242.86
easy:297238008	easy	A	none	False	True		0.4240139126777649	0.3555651307106018	0.6151495912180233	0.4240139126777649	332.22
none-narrower:1162315003	none-narrower	none	none	True	False		0.4257683753967285	0.4257683753967285	0.4252349721929682	0.4257683753967285	345.46
easy:439732004	easy	A	E	False	True		0.46522489190101624	0.027816232293844223	1.318098031463118	0.46522489190101624	245.02
hard:275437005	hard	B	none	False	False		0.43872329592704773	0.1397007703781128	0.9964210687500377	0.43872329592704773	241.51
none-narrower:280967004	none-narrower	none	none	True	False		0.5699082612991333	0.5699082612991333	0.22759346943378467	0.5699082612991333	240.15
easy:89141000	easy	A	A	True	True		0.5873753428459167	0.5873753428459167	0.24901093823370093	0.5873753428459167	240.93
none-narrower:26681001	none-narrower	none	E	False	False		0.5267840623855591	0.31063640117645264	0.7586083419295294	0.5267840623855591	223.6
retrieval-miss:265377002	retrieval-miss	none	none	True	False		0.41486531496047974	0.41486531496047974	0.4582565382710353	0.41486531496047974	230.9
easy:82275008	easy	A	A	True	True		0.8299708366394043	0.8299708366394043	0.043727068458182375	0.8299708366394043	336.53
hard:46683007	hard	A	none	False	True		0.46175140142440796	0.2493428736925125	0.8025873631905894	0.46175140142440796	332.25
none-narrower:323321000119100	none-narrower	none	none	True	False		0.4233691692352295	0.4233691692352295	0.4855535331439237	0.4233691692352295	227.27
none-narrower:190979003	none-narrower	none	D	False	False		0.5717496871948242	0.2370852380990982	0.9261568230849224	0.5717496871948242	336.07
easy:738527001	easy	D	D	True	False		0.5716573596000671	0.5716573596000671	0.2597376167945315	0.5716573596000671	401.6
easy:724095006	easy	A	A	True	True		0.7134845852851868	0.7134845852851868	0.13492034815653886	0.7134845852851868	331.63
easy:719009006	easy	A	A	True	True		0.8293636441230774	0.8293636441230774	0.04391029409775976	0.8293636441230774	338.7
none-narrower:71799002	none-narrower	none	none	True	False		0.4020620882511139	0.4020620882511139	0.4714175030691103	0.4020620882511139	333.5
none-narrower:17960009	none-narrower	none	none	True	False		0.48715949058532715	0.48715949058532715	0.40831284867221956	0.48715949058532715	336.19
easy:448709005	easy	A	C	False	True		0.3875750005245209	0.32500916719436646	0.6684469555659138	0.3875750005245209	337.46
easy:2593002	easy	A	A	True	True		0.8110549449920654	0.8110549449920654	0.059218549680088786	0.8110549449920654	334.54
none-narrower:197342009	none-narrower	none	A	False	False		0.5738451480865479	0.2598503828048706	0.8878502977252194	0.5738451480865479	332.87
hard:725464001	hard	A	A	True	True		0.7984002828598022	0.7984002828598022	0.06775180828602058	0.7984002828598022	356.79
easy:63302006	easy	A	A	True	True		0.369773805141449	0.369773805141449	0.544501067836068	0.369773805141449	232.05
hard:52868006	hard	A	none	False	True		0.41383519768714905	0.2664876878261566	0.7376386429885501	0.41383519768714905	325.21
easy:448668007	easy	A	A	True	True		0.623090922832489	0.623090922832489	0.23786873174280185	0.623090922832489	238.07
retrieval-miss:254185007	retrieval-miss	none	none	True	False		0.4910088777542114	0.4910088777542114	0.36509699967403714	0.4910088777542114	346.37
hard:70422006	hard	A	A	True	True		0.34055498242378235	0.34055498242378235	0.6149239072288385	0.34055498242378235	239.0
easy:399956005	easy	A	none	False	True		0.5207623243331909	0.0576615184545517	1.2362396998240874	0.5207623243331909	337.8
hard:26132002	hard	A	G	False	True		0.3635444939136505	0.2556445300579071	0.7805787879932697	0.3635444939136505	346.56
none-narrower:234503004	none-narrower	none	H	False	False		0.585515558719635	0.2651350498199463	0.893479046730449	0.585515558719635	251.08
easy:109558001	easy	D	D	True	False		0.7138113975524902	0.7138113975524902	0.1437954178058909	0.7138113975524902	235.15
retrieval-miss:59252009	retrieval-miss	none	A	False	False		0.5635903477668762	0.21400903165340424	0.9739759661633804	0.5635903477668762	349.83
easy:30800001	easy	A	none	False	True		0.35899248719215393	0.27567359805107117	0.7072082252643243	0.35899248719215393	345.97
retrieval-miss:195029002	retrieval-miss	none	none	True	False		0.40820223093032837	0.40820223093032837	0.5147137022924211	0.40820223093032837	342.09
none-narrower:196754001	none-narrower	none	none	True	False		0.5332921147346497	0.5332921147346497	0.30858559768524885	0.5332921147346497	200.68
easy:238001003	easy	A	A	True	True		0.6042296290397644	0.6042296290397644	0.23514397766575898	0.6042296290397644	338.73
easy:200973000	easy	A	none	False	True		0.30634137988090515	0.1654224395751953	0.884587390150968	0.30634137988090515	348.22
easy:403946000	easy	A	A	True	True		0.336190402507782	0.336190402507782	0.6115873198017228	0.336190402507782	348.07
easy:91514001	easy	A	A	True	True		0.6265486478805542	0.6265486478805542	0.2216763656737639	0.6265486478805542	152.45
none-narrower:95039009	none-narrower	none	none	True	False		0.6221140027046204	0.6221140027046204	0.17376606026942618	0.6221140027046204	237.81
none-narrower:1148523003	none-narrower	none	none	True	False		0.4142049551010132	0.4142049551010132	0.4714474606987413	0.4142049551010132	348.8
easy:720514008	easy	A	A	True	True		0.8915108442306519	0.8915108442306519	0.01999902250527362	0.8915108442306519	358.32
none-narrower:1254852008	none-narrower	none	B	False	False		0.4775165021419525	0.33579033613204956	0.6844646203662348	0.4775165021419525	341.19
easy:719817002	easy	A	A	True	True		0.7624268531799316	0.7624268531799316	0.07733696858843812	0.7624268531799316	359.2
hard:47903000	hard	A	none	False	True		0.38681092858314514	0.22809594869613647	0.8018824784288116	0.38681092858314514	345.12
hard:24069003	hard	A	A	True	True		0.7305281162261963	0.7305281162261963	0.11852801291132829	0.7305281162261963	233.44
hard:742876007	hard	A	A	True	True		0.6288307905197144	0.6288307905197144	0.2353394966950076	0.6288307905197144	357.72
easy:363495004	easy	A	none	False	True		0.3349078297615051	0.03708270937204361	1.1872774473941632	0.3349078297615051	248.16
easy:55031000	easy	A	none	False	True		0.49502432346343994	0.41511309146881104	0.5889920346941956	0.49502432346343994	230.11
easy:11380006	easy	A	none	False	True		0.5117476582527161	0.3598617613315582	0.6779652760219474	0.5117476582527161	338.78
hard:126835002	hard	A	none	False	True		0.4318345785140991	0.19554473459720612	0.8809387226417724	0.4318345785140991	254.57
hard:86133004	hard	A	A	True	True		0.5125941634178162	0.5125941634178162	0.3944552444668027	0.5125941634178162	342.71
easy:61565001	easy	A	A	True	True		0.8573736548423767	0.8573736548423767	0.031388458892281895	0.8573736548423767	249.86
easy:271432005	easy	A	A	True	True		0.7244412302970886	0.7244412302970886	0.12133974272599138	0.7244412302970886	247.31
hard:699866005	hard	A	B	False	True		0.3521968126296997	0.14604409039020538	0.9757585012014837	0.3521968126296997	260.34
hard:363391009	hard	A	A	True	True		0.6665778756141663	0.6665778756141663	0.1771905342872838	0.6665778756141663	247.73
none-narrower:431856006	none-narrower	none	none	True	False		0.41700950264930725	0.41700950264930725	0.5045419590136568	0.41700950264930725	243.33
hard:230724001	hard	A	A	True	True		0.5039520263671875	0.5039520263671875	0.3811972055047251	0.5039520263671875	246.69
easy:5217008	easy	A	A	True	True		0.5918494462966919	0.5918494462966919	0.2708208020932179	0.5918494462966919	352.72
none-narrower:240499000	none-narrower	none	none	True	False		0.5715870261192322	0.5715870261192322	0.24076878675547508	0.5715870261192322	234.44
hard:72925005	hard	D	none	False	False		0.5632267594337463	0.19584883749485016	0.9866370064391813	0.5632267594337463	346.64
hard:110979008	hard	A	A	True	True		0.40725210309028625	0.40725210309028625	0.5027124351037462	0.40725210309028625	232.88
none-narrower:311000119101	none-narrower	none	none	True	False		0.5058953166007996	0.5058953166007996	0.3975372604164574	0.5058953166007996	234.19
none-narrower:773774000	none-narrower	none	A	False	False		0.9135604500770569	0.05462263524532318	1.7285182554035297	0.9135604500770569	419.36
none-narrower:302909007	none-narrower	none	none	True	False		0.4138621389865875	0.4138621389865875	0.4665913328077487	0.4138621389865875	250.11
easy:230228004	easy	A	A	True	True		0.533490002155304	0.533490002155304	0.36043587796176324	0.533490002155304	245.15
hard:700056005	hard	A	D	False	True		0.5488199591636658	0.12289033830165863	1.1451844067181047	0.5488199591636658	239.14
hard:414783007	hard	A	A	True	True		0.6851458549499512	0.6851458549499512	0.15696639493077774	0.6851458549499512	338.33
hard:724282009	hard	A	A	True	True		0.79121994972229	0.79121994972229	0.08106018321369865	0.79121994972229	240.22
easy:363394001	easy	A	none	False	True		0.4231586754322052	0.24952960014343262	0.7717091021354838	0.4231586754322052	338.57
none-narrower:95753002	none-narrower	none	A	False	False		0.588752269744873	0.3471773862838745	0.7736093630079874	0.588752269744873	154.11
none-narrower:43100002	none-narrower	none	none	True	False		0.612085223197937	0.612085223197937	0.20840251379362693	0.612085223197937	192.15
easy:72621003	easy	A	A	True	True		0.4295763075351715	0.4295763075351715	0.4626638600804298	0.4295763075351715	239.02
easy:302226006	easy	F	F	True	False		0.3351227939128876	0.3351227939128876	0.6119943108220458	0.3351227939128876	233.0
hard:236740006	hard	B	B	True	False		0.5963780879974365	0.5963780879974365	0.25297197084846873	0.5963780879974365	252.75
none-narrower:12203991000119100	none-narrower	none	none	True	False		0.7000728845596313	0.7000728845596313	0.10826414162493665	0.7000728845596313	254.36
hard:48718006	hard	A	none	False	True		0.43307146430015564	0.39657875895500183	0.5597255476153493	0.43307146430015564	346.95
hard:414545008	hard	A	A	True	True		0.5561849474906921	0.5561849474906921	0.29369161313932696	0.5561849474906921	345.53
retrieval-miss:312912001	retrieval-miss	none	C	False	False		0.5219797492027283	0.3078027367591858	0.7596469881854617	0.5219797492027283	242.17
easy:177504007	easy	A	A	True	True		0.8369014263153076	0.8369014263153076	0.04737118540061917	0.8369014263153076	412.85
none-narrower:32130001000004108	none-narrower	none	H	False	False		0.3969936668872833	0.27916601300239563	0.7555415349454173	0.3969936668872833	244.11
hard:698247007	hard	A	none	False	True		0.3938854932785034	0.27698034048080444	0.7278075422064508	0.3938854932785034	251.84
easy:7847004	easy	A	A	True	True		0.3195079565048218	0.3195079565048218	0.6185028579364407	0.3195079565048218	259.61
hard:725591002	hard	A	A	True	True		0.7524871826171875	0.7524871826171875	0.10211909254760226	0.7524871826171875	255.28
none-narrower:312601003	none-narrower	none	none	True	False		0.5189114809036255	0.5189114809036255	0.2959159118378418	0.5189114809036255	239.32
none-narrower:682421000119104	none-narrower	none	none	True	False		0.5230941772460938	0.5230941772460938	0.27684225648499533	0.5230941772460938	252.26
hard:186499007	hard	A	A	True	True		0.7489877939224243	0.7489877939224243	0.11092628694042003	0.7489877939224243	360.49
hard:699189004	hard	A	A	True	True		0.825028121471405	0.825028121471405	0.05090294807000549	0.825028121471405	357.83
hard:3577000	hard	A	A	True	True		0.37212899327278137	0.37212899327278137	0.5147419125174139	0.37212899327278137	192.23
none-narrower:700346002	none-narrower	none	none	True	False		0.4894699156284332	0.4894699156284332	0.4307716532907172	0.4894699156284332	242.76
none-narrower:92901000087104	none-narrower	none	none	True	False		0.6573384404182434	0.6573384404182434	0.14704557030634102	0.6573384404182434	197.68
hard:91978004	hard	A	none	False	True		0.3357061445713043	0.25779134035110474	0.7305462966877329	0.3357061445713043	259.52
none-narrower:1255207005	none-narrower	none	A	False	False		0.5120254158973694	0.23185700178146362	0.8862135765393895	0.5120254158973694	349.06
easy:703267003	easy	A	A	True	True		0.4839650094509125	0.4839650094509125	0.4106892899022295	0.4839650094509125	335.04
hard:765487008	hard	A	A	True	True		0.7889996767044067	0.7889996767044067	0.07115142531381902	0.7889996767044067	432.2
retrieval-miss:445918001	retrieval-miss	none	none	True	False		0.4750801622867584	0.4750801622867584	0.41561277613230996	0.4750801622867584	241.87
none-narrower:235608007	none-narrower	none	none	True	False		0.3402261734008789	0.3402261734008789	0.6020897659802766	0.3402261734008789	258.55
hard:68566005	hard	D	D	True	False		0.4580221176147461	0.4580221176147461	0.4732983808867371	0.4580221176147461	255.65
easy:239065004	easy	C	C	True	False		0.650475025177002	0.650475025177002	0.20946217068183337	0.650475025177002	359.08
retrieval-miss:238020001	retrieval-miss	none	B	False	False		0.45942118763923645	0.35279372334480286	0.6379508771926119	0.45942118763923645	240.08
none-narrower:15735161000119106	none-narrower	none	none	True	False		0.6191656589508057	0.6191656589508057	0.19080424519884487	0.6191656589508057	245.45
easy:702448007	easy	A	A	True	True		0.7430660724639893	0.7430660724639893	0.10600267666208738	0.7430660724639893	350.48
none-narrower:704059008	none-narrower	none	A	False	False		0.4760516583919525	0.3992031514644623	0.5906174953394102	0.4760516583919525	206.01
easy:87211000119104	easy	A	A	True	True		0.6098310351371765	0.6098310351371765	0.22242139217479076	0.6098310351371765	366.3
hard:371582002	hard	D	D	True	False		0.4763686954975128	0.4763686954975128	0.43800446320019043	0.4763686954975128	193.84
none-narrower:8445003	none-narrower	none	D	False	False		0.43003180623054504	0.43003180623054504	0.5138594317935586	0.43003180623054504	244.05
hard:48868008	hard	A	A	True	True		0.5309518575668335	0.5309518575668335	0.3869443252125687	0.5309518575668335	239.41
easy:403803002	easy	A	A	True	True		0.8643484711647034	0.8643484711647034	0.029506392065256133	0.8643484711647034	354.11
easy:254950006	easy	A	none	False	True		0.4037403166294098	0.28391027450561523	0.7100702346507679	0.4037403166294098	255.01
easy:302829009	easy	A	E	False	True		0.4504568874835968	0.0418253168463707	1.2307793348873886	0.4504568874835968	242.96
hard:35728003	hard	A	none	False	True		0.5949312448501587	0.14547376334667206	1.0956394207944804	0.5949312448501587	344.96
easy:93468003	easy	A	A	True	True		0.5750776529312134	0.5750776529312134	0.2551504366005123	0.5750776529312134	233.72
hard:33793000	hard	A	A	True	True		0.4013792872428894	0.4013792872428894	0.5191247693240976	0.4013792872428894	232.4
easy:76047005	easy	A	A	True	True		0.5331950783729553	0.5331950783729553	0.3242296956271953	0.5331950783729553	345.84
none-narrower:188289008	none-narrower	none	none	True	False		0.4398665130138397	0.4398665130138397	0.4436316271686539	0.4398665130138397	337.28
hard:720501007	hard	A	A	True	True		0.7971788644790649	0.7971788644790649	0.07309157114031546	0.7971788644790649	260.74
easy:197480006	easy	A	none	False	True		0.49177980422973633	0.22268931567668915	0.863846429604052	0.49177980422973633	199.44
hard:237965005	hard	A	B	False	True		0.4667540192604065	0.06730151176452637	1.2205643067255543	0.4667540192604065	260.68
hard:11010461000119101	hard	A	none	False	True		0.4639482796192169	0.05609779432415962	1.2016171548401133	0.4639482796192169	350.39
hard:50658006	hard	A	A	True	True		0.6617631912231445	0.6617631912231445	0.16478565358566852	0.6617631912231445	359.59
hard:717632002	hard	A	A	True	True		0.8017632365226746	0.8017632365226746	0.06255106489313159	0.8017632365226746	426.55
hard:237706000	hard	A	none	False	True		0.37713533639907837	0.14320752024650574	1.003856323647141	0.37713533639907837	343.19
easy:716647001	easy	A	none	False	True		0.34695371985435486	0.26642894744873047	0.6995501230045292	0.34695371985435486	261.39
none-narrower:121131000119109	none-narrower	none	C	False	False		0.5811390280723572	0.31381145119667053	0.8115231821598446	0.5811390280723572	347.8
easy:204552001	easy	A	A	True	True		0.7446600198745728	0.7446600198745728	0.0994180089486077	0.7446600198745728	246.15
easy:197442005	easy	A	none	False	True		0.4179910123348236	0.38276907801628113	0.5723183062492201	0.4179910123348236	239.15
easy:186973005	easy	A	A	True	True		0.29330316185951233	0.29330316185951233	0.6468637845466643	0.29330316185951233	241.41
hard:73843004	hard	A	H	False	True		0.4169411361217499	0.05041397735476494	1.205168171529002	0.4169411361217499	351.23
none-narrower:16026631000119103	none-narrower	none	none	True	False		0.55936199426651	0.55936199426651	0.2345947702486743	0.55936199426651	341.74
hard:721629005	hard	A	A	True	True		0.5428870916366577	0.5428870916366577	0.312733808909856	0.5428870916366577	357.14
hard:720954000	hard	A	A	True	True		0.8686701655387878	0.8686701655387878	0.02673184004234708	0.8686701655387878	356.1
easy:45650007	easy	A	F	False	True		0.43688082695007324	0.07512079924345016	1.2376265334297993	0.43688082695007324	341.3
none-narrower:309760004	none-narrower	none	A	False	False		0.5092336535453796	0.3910451829433441	0.6320259077302648	0.5092336535453796	244.84
none-narrower:551621000124109	none-narrower	none	A	False	False		0.4087448716163635	0.37430205941200256	0.5734905950113329	0.4087448716163635	347.04
hard:3752003	hard	A	A	True	True		0.7414438128471375	0.7414438128471375	0.1139239764734455	0.7414438128471375	359.73
easy:718717004	easy	A	A	True	True		0.5996420383453369	0.5996420383453369	0.2661987296704551	0.5996420383453369	343.55
easy:420120006	easy	A	A	True	True		0.49986883997917175	0.49986883997917175	0.38211766198741753	0.49986883997917175	358.61
hard:716008002	hard	A	A	True	True		0.814308762550354	0.814308762550354	0.06242289012206636	0.814308762550354	351.79
hard:92060009	hard	A	A	True	True		0.4673914313316345	0.4673914313316345	0.41453076731018856	0.4673914313316345	246.31
none-narrower:353921000119103	none-narrower	none	C	False	False		0.4071548879146576	0.3728460669517517	0.5805153145857421	0.4071548879146576	363.72
none-narrower:719860006	none-narrower	none	none	True	False		0.546211302280426	0.546211302280426	0.2429748630022703	0.546211302280426	236.21
hard:725390002	hard	A	A	True	True		0.6600773930549622	0.6600773930549622	0.16806780079135133	0.6600773930549622	411.93
retrieval-miss:73123008	retrieval-miss	none	A	False	False		0.3532548248767853	0.3532548248767853	0.5960508786862349	0.3532548248767853	340.01
none-narrower:61048000	none-narrower	none	none	True	False		0.445834219455719	0.445834219455719	0.3829865995555475	0.445834219455719	354.66
easy:68409003	easy	C	C	True	False		0.4337552487850189	0.4337552487850189	0.4888768025807082	0.4337552487850189	348.69
hard:719574007	hard	A	A	True	True		0.5688740611076355	0.5688740611076355	0.28495439905405806	0.5688740611076355	347.62
easy:230500006	easy	A	A	True	True		0.4860551953315735	0.4860551953315735	0.4340413206561134	0.4860551953315735	246.03
hard:23412002	hard	A	A	True	True		0.6224491000175476	0.6224491000175476	0.21279861437616485	0.6224491000175476	347.07
none-narrower:191692007	none-narrower	none	none	True	False		0.4435880184173584	0.4435880184173584	0.48350818928649686	0.4435880184173584	200.21
easy:763739002	easy	A	A	True	True		0.8194295763969421	0.8194295763969421	0.056415288754041594	0.8194295763969421	347.01
none-narrower:721166000	none-narrower	none	none	True	False		0.5064703822135925	0.5064703822135925	0.37659422967858536	0.5064703822135925	246.9
easy:17585008	easy	A	none	False	True		0.3692115843296051	0.33810001611709595	0.6421122117202483	0.3692115843296051	239.1
easy:92039003	easy	A	A	True	True		0.42217308282852173	0.42217308282852173	0.48195727990361636	0.42217308282852173	335.19
hard:709416009	hard	A	A	True	True		0.474933385848999	0.474933385848999	0.397550234987213	0.474933385848999	339.32
easy:715752006	easy	A	A	True	True		0.6965216994285583	0.6965216994285583	0.1272533886991135	0.6965216994285583	340.81
hard:702442008	hard	A	A	True	True		0.7695229649543762	0.7695229649543762	0.08892429100940658	0.7695229649543762	346.28
none-narrower:1231727005	none-narrower	none	none	True	False		0.42579716444015503	0.42579716444015503	0.4385938251955542	0.42579716444015503	260.65
easy:48553001	easy	A	none	False	True		0.4064962565898895	0.26176130771636963	0.7923798051541694	0.4064962565898895	234.44
hard:763774001	hard	A	A	True	True		0.8637723326683044	0.8637723326683044	0.029643365345341576	0.8637723326683044	359.27
easy:765485000	easy	A	A	True	True		0.7881845235824585	0.7881845235824585	0.06024668169025632	0.7881845235824585	426.01
hard:28987007	hard	A	none	False	True		0.42108315229415894	0.17460893094539642	0.9497910189089825	0.42108315229415894	341.37
hard:233858000	hard	A	A	True	True		0.3369741141796112	0.3369741141796112	0.633539495181433	0.3369741141796112	241.52
easy:702375004	easy	A	none	False	True		0.5609070658683777	0.30288630723953247	0.8047690379867107	0.5609070658683777	253.83
hard:194350005	hard	A	A	True	True		0.38206595182418823	0.38206595182418823	0.5456516716119004	0.38206595182418823	191.64
easy:91955005	easy	A	A	True	True		0.5385777950286865	0.5385777950286865	0.3180745492382001	0.5385777950286865	341.26
hard:126971002	hard	A	A	True	True		0.4345349669456482	0.4345349669456482	0.44104663071407946	0.4345349669456482	338.41
none-narrower:773700005	none-narrower	none	A	False	False		0.7941592931747437	0.1778259128332138	1.3067864485815788	0.7941592931747437	339.92
easy:126834003	easy	A	none	False	True		0.4884054660797119	0.1555209755897522	0.9966492275716207	0.4884054660797119	350.85
easy:766937004	easy	A	A	True	True		0.8018513321876526	0.8018513321876526	0.07155988613074668	0.8018513321876526	348.99
hard:719268008	hard	A	A	True	True		0.7304730415344238	0.7304730415344238	0.1192582071275593	0.7304730415344238	244.04
easy:6121001	easy	A	B	False	True		0.5758798718452454	0.06963194161653519	1.2796251860760235	0.5758798718452454	255.26
easy:13706005	easy	A	A	True	True		0.4015442430973053	0.4015442430973053	0.5054763744374509	0.4015442430973053	193.17
hard:109475005	hard	A	B	False	True		0.4129340350627899	0.09246303141117096	1.078269728900732	0.4129340350627899	239.73
hard:190953007	hard	A	A	True	True		0.45777931809425354	0.45777931809425354	0.4754802458883424	0.45777931809425354	237.58
hard:126880001	hard	A	none	False	True		0.3710855543613434	0.26094743609428406	0.7479294810476573	0.3710855543613434	269.05
easy:271569006	easy	A	D	False	True		0.3565627932548523	0.29900267720222473	0.6952011224367278	0.3565627932548523	177.61
easy:92756002	easy	A	none	False	True		0.5220804810523987	0.19824673235416412	0.9333704422316748	0.5220804810523987	249.55
none-narrower:191508007	none-narrower	none	none	True	False		0.5047897100448608	0.5047897100448608	0.33118961242577183	0.5047897100448608	336.92
hard:57406009	hard	A	A	True	True		0.6160541772842407	0.6160541772842407	0.22839050777384576	0.6160541772842407	250.29
none-narrower:1351962002	none-narrower	none	none	True	False		0.30949679017066956	0.30949679017066956	0.6284734336550232	0.30949679017066956	342.82
easy:47673003	easy	A	B	False	True		0.539665937423706	0.03847874328494072	1.3601625193810545	0.539665937423706	339.2
easy:279081001	easy	A	A	True	True		0.4969455599784851	0.4969455599784851	0.3589418099180625	0.4969455599784851	342.46
retrieval-miss:91390005	retrieval-miss	none	none	True	False		0.4993792176246643	0.4993792176246643	0.32634477245555327	0.4993792176246643	230.03
hard:85478004	hard	A	none	False	True		0.5053148865699768	0.19188041985034943	0.9311745463206295	0.5053148865699768	234.08
hard:723622007	hard	A	A	True	True		0.47950926423072815	0.47950926423072815	0.37846209976331946	0.47950926423072815	404.58
none-narrower:251160002	none-narrower	none	none	True	False		0.35983172059059143	0.35983172059059143	0.4993920568515348	0.35983172059059143	331.43
easy:71638002	easy	A	A	True	True		0.6102817058563232	0.6102817058563232	0.20258080342516363	0.6102817058563232	191.65
easy:715866009	easy	A	A	True	True		0.4476381242275238	0.4476381242275238	0.4100183356069928	0.4476381242275238	334.16
easy:236302005	easy	A	A	True	True		0.5838795304298401	0.5838795304298401	0.24372885417376847	0.5838795304298401	250.79
none-narrower:191519005	none-narrower	none	none	True	False		0.5099841952323914	0.5099841952323914	0.2847066021526582	0.5099841952323914	247.29
none-narrower:770679002	none-narrower	none	B	False	False		0.5816766023635864	0.34300497174263	0.7716889815135086	0.5816766023635864	344.86
hard:254666005	hard	A	B	False	True		0.4095284044742584	0.038025036454200745	1.2299943381152871	0.4095284044742584	246.0
hard:724064004	hard	A	A	True	True		0.8470653295516968	0.8470653295516968	0.04124990240860557	0.8470653295516968	345.34
easy:254627002	easy	A	A	True	True		0.4218428432941437	0.4218428432941437	0.4621687074325162	0.4218428432941437	341.95
hard:717044000	hard	A	A	True	True		0.4947921931743622	0.4947921931743622	0.40424710871723835	0.4947921931743622	340.9
none-narrower:253204009	none-narrower	none	none	True	False		0.5875774025917053	0.5875774025917053	0.27229231478493643	0.5875774025917053	235.36
easy:72262000	easy	A	none	False	True		0.3577156066894531	0.2999694049358368	0.6539701406281261	0.3577156066894531	244.09
hard:378007	hard	A	A	True	True		0.4377188980579376	0.4377188980579376	0.4848200266557922	0.4377188980579376	234.2
hard:445738007	hard	B	none	False	False		0.4149850010871887	0.2918175160884857	0.7177338940951273	0.4149850010871887	334.89
hard:43339004	hard	A	B	False	True		0.3253440856933594	0.01945262774825096	1.2042991924374913	0.3253440856933594	344.03
easy:428850001	easy	A	A	True	True		0.6022434234619141	0.6022434234619141	0.28466697676274966	0.6022434234619141	189.7
hard:363414004	hard	B	B	True	False		0.41556182503700256	0.41556182503700256	0.45626777558200377	0.41556182503700256	340.5
easy:71912000	easy	A	none	False	True		0.4350437819957733	0.1512763649225235	0.9817878992664844	0.4350437819957733	231.67
none-narrower:700458001	none-narrower	none	D	False	False		0.5222861766815186	0.36727243661880493	0.6757341918603545	0.5222861766815186	342.38
hard:19943007	hard	A	A	True	True		0.4856656789779663	0.4856656789779663	0.43343949020903105	0.4856656789779663	233.92
hard:717941005	hard	A	A	True	True		0.6240957975387573	0.6240957975387573	0.2552296851005459	0.6240957975387573	255.81
easy:70572005	easy	A	A	True	True		0.5536143779754639	0.5536143779754639	0.2786937882727418	0.5536143779754639	233.94
easy:57203004	easy	A	none	False	True		0.4050775170326233	0.311062753200531	0.6627208212257909	0.4050775170326233	235.56
none-narrower:448776002	none-narrower	none	none	True	False		0.6023502349853516	0.6023502349853516	0.21304067487241657	0.6023502349853516	230.76
hard:719836007	hard	A	A	True	True		0.6259917616844177	0.6259917616844177	0.23715133541521466	0.6259917616844177	349.28
easy:275481002	easy	A	G	False	True		0.4112386405467987	0.20335397124290466	0.8893955746994978	0.4112386405467987	232.53
easy:766981007	easy	A	A	True	True		0.7280157208442688	0.7280157208442688	0.11350765736882483	0.7280157208442688	335.23
easy:126790004	easy	A	A	True	True		0.4856804609298706	0.4856804609298706	0.40967391065272774	0.4856804609298706	341.32
none-narrower:202941002	none-narrower	none	C	False	False		0.34230169653892517	0.34230169653892517	0.6009179107675482	0.34230169653892517	232.8
hard:91273001	hard	A	D	False	True		0.6436007022857666	0.015956956893205643	1.4679804953308535	0.6436007022857666	252.19
none-narrower:771515001	none-narrower	none	A	False	False		0.7385056018829346	0.23515933752059937	1.1304859406524865	0.7385056018829346	339.05
hard:726345000	hard	A	A	True	True		0.2785608172416687	0.2785608172416687	0.6789047950512517	0.2785608172416687	331.24
hard:26111005	hard	A	none	False	True		0.35467830300331116	0.24940983951091766	0.7419763031598299	0.35467830300331116	224.22
none-narrower:703223000	none-narrower	none	none	True	False		0.43695196509361267	0.43695196509361267	0.4463831014477767	0.43695196509361267	252.35
easy:254778000	easy	A	A	True	True		0.7894417643547058	0.7894417643547058	0.07585408391233951	0.7894417643547058	336.94
easy:9740002	easy	A	A	True	True		0.7974786162376404	0.7974786162376404	0.06395366690647383	0.7974786162376404	335.94
easy:59655002	easy	A	A	True	True		0.4054516553878784	0.4054516553878784	0.49481173520545146	0.4054516553878784	395.32
easy:405501007	easy	A	none	False	True		0.3345142900943756	0.2568760812282562	0.7392649953537507	0.3345142900943756	245.21
hard:763128009	hard	A	A	True	True		0.8094028830528259	0.8094028830528259	0.06398956489909283	0.8094028830528259	249.81
hard:363443007	hard	A	none	False	True		0.48349615931510925	0.20048949122428894	0.892149096880338	0.48349615931510925	338.53
hard:28488007	hard	A	A	True	True		0.6348990201950073	0.6348990201950073	0.20468989125840378	0.6348990201950073	332.21
easy:764994007	easy	A	A	True	True		0.718604564666748	0.718604564666748	0.14179633716940548	0.718604564666748	356.01
easy:733518000	easy	A	A	True	True		0.6861557364463806	0.6861557364463806	0.1491310291587778	0.6861557364463806	411.55
easy:720955004	easy	A	A	True	True		0.5136237740516663	0.5136237740516663	0.3751156768064474	0.5136237740516663	335.56
easy:44697002	easy	A	A	True	True		0.6209693551063538	0.6209693551063538	0.2065262749119062	0.6209693551063538	354.91
hard:278991002	hard	B	B	True	False		0.4717579185962677	0.4717579185962677	0.3880789569148004	0.4717579185962677	339.66
none-narrower:203343001	none-narrower	none	none	True	False		0.3456147313117981	0.3456147313117981	0.5519343207839594	0.3456147313117981	334.86
easy:10082001	easy	A	A	True	True		0.7003350257873535	0.7003350257873535	0.12601377964855887	0.7003350257873535	255.37
easy:63246000	easy	A	A	True	True		0.6151018738746643	0.6151018738746643	0.24211141731749172	0.6151018738746643	347.05
hard:404055006	hard	A	none	False	True		0.4492359459400177	0.3159033954143524	0.6927709266414412	0.4492359459400177	350.48
hard:156410002	hard	A	A	True	True		0.6202605962753296	0.6202605962753296	0.23983061381119108	0.6202605962753296	198.85
hard:267534000	hard	A	none	False	True		0.45039260387420654	0.08457035571336746	1.1253626229899267	0.45039260387420654	244.24
easy:24326000	easy	A	none	False	True		0.39771685004234314	0.19666756689548492	0.9162521110906318	0.39771685004234314	228.63
easy:71464000	easy	A	A	True	True		0.48998454213142395	0.48998454213142395	0.38435456745075236	0.48998454213142395	353.43
hard:404808000	hard	A	A	True	True		0.4684559106826782	0.4684559106826782	0.4115098062873242	0.4684559106826782	232.01
hard:423673009	hard	A	A	True	True		0.36433857679367065	0.36433857679367065	0.5254027984848056	0.36433857679367065	250.01
hard:402296004	hard	A	A	True	True		0.863605797290802	0.863605797290802	0.028155527824449696	0.863605797290802	229.59
hard:84759007	hard	A	A	True	True		0.44056621193885803	0.44056621193885803	0.5118638149347455	0.44056621193885803	251.44
none-narrower:10754961000119101	none-narrower	none	B	False	False		0.5773051977157593	0.3117418587207794	0.8097133065389767	0.5773051977157593	244.81
easy:89454001	easy	A	none	False	True		0.4791249632835388	0.2169589102268219	0.9000187524805328	0.4791249632835388	343.58
hard:721883006	hard	A	A	True	True		0.7799949049949646	0.7799949049949646	0.08500249045041479	0.7799949049949646	340.13
hard:7522008	hard	A	A	True	True		0.4563975930213928	0.4563975930213928	0.43283346910863046	0.4563975930213928	239.3
none-narrower:235659008	none-narrower	none	none	True	False		0.5227916240692139	0.5227916240692139	0.275287316410634	0.5227916240692139	231.62
hard:722375007	hard	A	A	True	True		0.8106396794319153	0.8106396794319153	0.06359149743482831	0.8106396794319153	350.15
hard:124220008	hard	C	C	True	False		0.3362140953540802	0.3362140953540802	0.6306372931260879	0.3362140953540802	341.33
easy:237705001	easy	A	none	False	True		0.5146632790565491	0.15007251501083374	1.0171131894175067	0.5146632790565491	240.09
hard:234584007	hard	A	A	True	True		0.5321442484855652	0.5321442484855652	0.36141490085368105	0.5321442484855652	230.58
none-narrower:57185003	none-narrower	none	none	True	False		0.5351603031158447	0.5351603031158447	0.2750398228087804	0.5351603031158447	229.75
none-narrower:389160009	none-narrower	none	none	True	False		0.4896547198295593	0.4896547198295593	0.3340746630507937	0.4896547198295593	331.87
hard:233919006	hard	A	A	True	True		0.43592962622642517	0.43592962622642517	0.4676770316094166	0.43592962622642517	241.51
easy:197660000	easy	A	none	False	True		0.3668535053730011	0.3076327443122864	0.6718278373026325	0.3668535053730011	341.05
none-narrower:764092008	none-narrower	none	none	True	False		0.3223545253276825	0.3223545253276825	0.6075044014704349	0.3223545253276825	194.2
hard:707310009	hard	A	A	True	True		0.7737208008766174	0.7737208008766174	0.0872272162256227	0.7737208008766174	343.78
easy:447292006	easy	A	none	False	True		0.3842187821865082	0.15932238101959229	0.8999590747683864	0.3842187821865082	342.72
none-narrower:127045008	none-narrower	none	none	True	False		0.3758404850959778	0.3758404850959778	0.5085544872635506	0.3758404850959778	342.81
easy:764989007	easy	A	A	True	True		0.8413154482841492	0.8413154482841492	0.04018758873923477	0.8413154482841492	400.47
hard:723406000	hard	A	A	True	True		0.8221662044525146	0.8221662044525146	0.05187657317126573	0.8221662044525146	361.86
hard:111196000	hard	A	A	True	True		0.6743951439857483	0.6743951439857483	0.15723554545939972	0.6743951439857483	338.0
easy:763794005	easy	A	A	True	True		0.564231276512146	0.564231276512146	0.25827156957040875	0.564231276512146	334.36
retrieval-miss:64852002	retrieval-miss	none	none	True	False		0.6473948359489441	0.6473948359489441	0.1572334164577358	0.6473948359489441	341.62
easy:717761005	easy	A	A	True	True		0.8269229531288147	0.8269229531288147	0.054120168612752734	0.8269229531288147	332.01
easy:448670003	easy	A	A	True	True		0.4065440893173218	0.4065440893173218	0.47079996996015155	0.4065440893173218	249.35
hard:25904003	hard	A	A	True	True		0.5282257795333862	0.5282257795333862	0.3081323821009188	0.5282257795333862	338.67
hard:45369008	hard	A	A	True	True		0.5833510756492615	0.5833510756492615	0.2496815310771754	0.5833510756492615	346.31
easy:189099001	easy	A	none	False	True		0.3801817297935486	0.3481457829475403	0.5917667216602085	0.3801817297935486	338.88
hard:1779005	hard	A	A	True	True		0.46500229835510254	0.46500229835510254	0.41995937731401684	0.46500229835510254	330.73
hard:870313002	hard	A	A	True	True		0.6419644355773926	0.6419644355773926	0.19187117559675382	0.6419644355773926	346.01
easy:363378008	easy	B	B	True	False		0.388235479593277	0.388235479593277	0.49374253075023544	0.388235479593277	335.2
easy:399903008	easy	A	A	True	True		0.5411263108253479	0.5411263108253479	0.3073143247095649	0.5411263108253479	329.39
none-narrower:699785004	none-narrower	none	none	True	False		0.4772435426712036	0.4772435426712036	0.37789685018767744	0.4772435426712036	239.27
easy:253231007	easy	A	A	True	True		0.36188584566116333	0.36188584566116333	0.544057833910097	0.36188584566116333	224.61
easy:719171005	easy	A	A	True	True		0.8167930841445923	0.8167930841445923	0.05065574776351329	0.8167930841445923	331.65
hard:442292004	hard	A	A	True	True		0.5980760455131531	0.5980760455131531	0.23311554793597622	0.5980760455131531	228.09
none-narrower:1373832001	none-narrower	none	none	True	False		0.49275511503219604	0.49275511503219604	0.4298594944894917	0.49275511503219604	237.65
easy:36188001	easy	A	A	True	True		0.8748151659965515	0.8748151659965515	0.026922421932299087	0.8748151659965515	345.62
easy:206292002	easy	A	A	True	True		0.5292536020278931	0.5292536020278931	0.3237172671882978	0.5292536020278931	226.54
easy:238627002	easy	A	none	False	True		0.3473384976387024	0.17175571620464325	0.8929416818983152	0.3473384976387024	251.35
easy:27059002	easy	H	H	True	False		0.7003746032714844	0.7003746032714844	0.1496242832973882	0.7003746032714844	229.85
none-narrower:783155007	none-narrower	none	none	True	False		0.43882879614830017	0.43882879614830017	0.40372880543878786	0.43882879614830017	334.1
retrieval-miss:28724005	retrieval-miss	none	B	False	False		0.46352487802505493	0.46352487802505493	0.5036393031080535	0.46352487802505493	348.28
easy:725078006	easy	A	A	True	True		0.45491543412208557	0.45491543412208557	0.4407835677016613	0.45491543412208557	406.47
easy:718574003	easy	A	A	True	True		0.7960577607154846	0.7960577607154846	0.06852042644647668	0.7960577607154846	350.46
none-narrower:240657005	none-narrower	none	none	True	False		0.3634660243988037	0.3634660243988037	0.5108031003295381	0.3634660243988037	244.9
hard:11282001	hard	A	none	False	True		0.40574124455451965	0.0761861577630043	1.0958416214553224	0.40574124455451965	333.95
hard:7379000	hard	A	A	True	True		0.49940425157546997	0.49940425157546997	0.35425645596753874	0.49940425157546997	238.34
hard:84193000	hard	A	A	True	True		0.5741727948188782	0.5741727948188782	0.29750692920280086	0.5741727948188782	340.62
hard:126963001	hard	A	none	False	True		0.4297527074813843	0.23206378519535065	0.8007618472413675	0.4297527074813843	341.99
hard:373604002	hard	A	A	True	True		0.6030747890472412	0.6030747890472412	0.23119674873743667	0.6030747890472412	337.31
easy:363473003	easy	A	none	False	True		0.4025941789150238	0.30915576219558716	0.6811467624344696	0.4025941789150238	227.11
none-narrower:87181002	none-narrower	none	A	False	False		0.5253306031227112	0.3097792863845825	0.7691113222171078	0.5253306031227112	349.36
none-narrower:414927004	none-narrower	none	none	True	False		0.4357331693172455	0.4357331693172455	0.4263333822092839	0.4357331693172455	192.94
easy:231527003	easy	B	none	False	False		0.4723391830921173	0.39608997106552124	0.593636296316443	0.4723391830921173	241.55
hard:722955006	hard	A	none	False	True		0.383115291595459	0.3212693929672241	0.6466655592688653	0.383115291595459	346.04
hard:63137003	hard	A	none	False	True		0.38661032915115356	0.22797764837741852	0.8219475880856337	0.38661032915115356	190.97
hard:764958008	hard	A	none	False	True		0.5048738121986389	0.4233725965023041	0.5885163863673399	0.5048738121986389	404.99
none-narrower:413356003	none-narrower	none	B	False	False		0.523227334022522	0.2587314248085022	0.8448313536507148	0.523227334022522	341.9
hard:83414005	hard	A	A	True	True		0.5985677242279053	0.5985677242279053	0.2528709932248481	0.5985677242279053	232.17
none-narrower:720952001	none-narrower	none	A	False	False		0.6524372100830078	0.22686965763568878	1.0283495783541536	0.6524372100830078	351.35
hard:5299007	hard	A	none	False	True		0.3938199579715729	0.2535984516143799	0.7482455015673857	0.3938199579715729	150.87
easy:105632002	easy	A	A	True	True		0.49017763137817383	0.49017763137817383	0.3719458035479722	0.49017763137817383	230.33
hard:204431007	hard	A	A	True	True		0.6655164957046509	0.6655164957046509	0.16769854385338312	0.6655164957046509	245.08
hard:711543008	hard	A	A	True	True		0.5375789403915405	0.5375789403915405	0.33676896242195387	0.5375789403915405	334.63
easy:716238003	easy	B	B	True	False		0.5707114934921265	0.5707114934921265	0.2990123491696355	0.5707114934921265	331.63
easy:445338005	easy	A	A	True	True		0.431628555059433	0.431628555059433	0.4889758910060456	0.431628555059433	239.33
hard:38606009	hard	A	none	False	True		0.525875985622406	0.06358577311038971	1.2121477375336163	0.525875985622406	238.12
easy:54385001	easy	A	A	True	True		0.8093950748443604	0.8093950748443604	0.05976545444129967	0.8093950748443604	333.88
easy:72789009	easy	A	A	True	True		0.4977615475654602	0.4977615475654602	0.36890869054925385	0.4977615475654602	331.41
easy:371965009	easy	A	B	False	True		0.5266108512878418	0.058309104293584824	1.263728751306804	0.5266108512878418	225.29
none-narrower:237620003	none-narrower	none	none	True	False		0.3701779842376709	0.3701779842376709	0.46755139061652295	0.3701779842376709	240.96
easy:18377001	easy	A	A	True	True		0.45227283239364624	0.45227283239364624	0.4505201335177897	0.45227283239364624	227.41
easy:129623003	easy	A	A	True	True		0.7325169444084167	0.7325169444084167	0.1262394780054439	0.7325169444084167	331.59
hard:715726000	hard	A	A	True	True		0.7022345066070557	0.7022345066070557	0.12400979726152021	0.7022345066070557	237.82
hard:52994003	hard	A	A	True	True		0.5331729650497437	0.5331729650497437	0.31094880199969566	0.5331729650497437	224.99
easy:128139000	easy	A	none	False	True		0.4467867910861969	0.0453018993139267	1.1709535278161125	0.4467867910861969	232.53
hard:402917003	hard	A	A	True	True		0.7566784024238586	0.7566784024238586	0.10030672118398942	0.7566784024238586	338.11
hard:81678004	hard	A	A	True	True		0.8335702419281006	0.8335702419281006	0.03714778166410777	0.8335702419281006	360.32
easy:89870006	easy	A	A	True	True		0.6887239217758179	0.6887239217758179	0.14143496256176147	0.6887239217758179	351.76
easy:56805008	easy	A	A	True	True		0.6164367198944092	0.6164367198944092	0.2027680164616845	0.6164367198944092	231.04
hard:307649006	hard	A	none	False	True		0.40194180607795715	0.30865478515625	0.6787864179040397	0.40194180607795715	336.0
hard:31658008	hard	A	none	False	True		0.40759649872779846	0.28662192821502686	0.7337869185488181	0.40759649872779846	195.26
hard:80375002	hard	B	B	True	False		0.606679379940033	0.606679379940033	0.23534206903675714	0.606679379940033	184.75
hard:66351003	hard	A	A	True	True		0.8295915126800537	0.8295915126800537	0.04636190457905172	0.8295915126800537	410.29
easy:64235006	easy	A	A	True	True		0.5162386298179626	0.5162386298179626	0.3933446938822708	0.5162386298179626	347.24
easy:92531006	easy	A	none	False	True		0.40630999207496643	0.14128486812114716	0.9615815747189833	0.40630999207496643	243.99
hard:14785004	hard	A	A	True	True		0.463975727558136	0.463975727558136	0.4428446514926599	0.463975727558136	231.97
hard:72052003	hard	A	A	True	True		0.48104605078697205	0.48104605078697205	0.4367948999769378	0.48104605078697205	191.35
hard:80258006	hard	A	A	True	True		0.7475694417953491	0.7475694417953491	0.10409574547272649	0.7475694417953491	340.61
hard:715562001	hard	A	A	True	True		0.6866069436073303	0.6866069436073303	0.14661637152742352	0.6866069436073303	336.51
none-narrower:722517009	none-narrower	none	none	True	False		0.4582279622554779	0.4582279622554779	0.35053622542652607	0.4582279622554779	243.77
easy:722033000	easy	A	A	True	True		0.675116240978241	0.675116240978241	0.1725619756733836	0.675116240978241	335.78
hard:277569004	hard	A	none	False	True		0.43203502893447876	0.30380767583847046	0.7179081415367209	0.43203502893447876	336.72
retrieval-miss:80321008	retrieval-miss	none	E	False	False		0.36559271812438965	0.28074198961257935	0.6952877007612152	0.36559271812438965	336.27
easy:57534004	easy	A	A	True	True		0.40234676003456116	0.40234676003456116	0.526567599594644	0.40234676003456116	230.04
hard:419893006	hard	A	A	True	True		0.5649291276931763	0.5649291276931763	0.288693535993963	0.5649291276931763	229.28
easy:254943007	easy	A	none	False	True		0.36253592371940613	0.06807348132133484	1.126344006729649	0.36253592371940613	297.15
easy:2992000	easy	A	A	True	True		0.4734668433666229	0.4734668433666229	0.401404844347347	0.4734668433666229	227.61
easy:5050001	easy	A	A	True	True		0.4482704997062683	0.4482704997062683	0.4161299471850435	0.4482704997062683	226.59
easy:764435003	easy	A	A	True	True		0.8282508254051208	0.8282508254051208	0.049976603784060034	0.8282508254051208	338.78
retrieval-miss:448015002	retrieval-miss	none	none	True	False		0.5100240707397461	0.5100240707397461	0.2991236640803019	0.5100240707397461	229.46
none-narrower:890286007	none-narrower	none	A	False	False		0.817380428314209	0.140546977519989	1.4070617561812815	0.817380428314209	337.71
none-narrower:702715008	none-narrower	none	none	True	False		0.43875303864479065	0.43875303864479065	0.3958834031633456	0.43875303864479065	227.01
hard:42385006	hard	A	A	True	True		0.7855637073516846	0.7855637073516846	0.07239773300536878	0.7855637073516846	333.01
retrieval-miss:403901001	retrieval-miss	none	none	True	False		0.4384279251098633	0.4384279251098633	0.4364762120598709	0.4384279251098633	340.4
none-narrower:55366007	none-narrower	none	none	True	False		0.3794901967048645	0.3794901967048645	0.477645324287069	0.3794901967048645	331.42
hard:3855007	hard	A	none	False	True		0.46181365847587585	0.1470533311367035	0.9915057365790437	0.46181365847587585	229.27
hard:27194006	hard	A	none	False	True		0.4520573318004608	0.37908148765563965	0.5952401953450347	0.4520573318004608	187.05
easy:254654004	easy	A	A	True	True		0.6738682985305786	0.6738682985305786	0.17295820157787917	0.6738682985305786	243.88
none-narrower:92375009	none-narrower	none	none	True	False		0.4782440960407257	0.4782440960407257	0.32165250345020546	0.4782440960407257	333.48
hard:8326008	hard	A	A	True	True		0.3407711386680603	0.3407711386680603	0.5995566865268968	0.3407711386680603	189.78
easy:764105002	easy	A	A	True	True		0.8192740082740784	0.8192740082740784	0.056460570942873205	0.8192740082740784	335.01
hard:766824003	hard	A	A	True	True		0.4028570353984833	0.4028570353984833	0.5325262147215455	0.4028570353984833	339.2
hard:230310003	hard	A	none	False	True		0.3876584470272064	0.35499247908592224	0.5840239669588484	0.3876584470272064	345.59
none-narrower:127213008	none-narrower	none	A	False	False		0.33381086587905884	0.30568233132362366	0.6624268285974937	0.33381086587905884	241.06
none-narrower:415652006	none-narrower	none	none	True	False		0.5771707892417908	0.5771707892417908	0.2158615707070422	0.5771707892417908	336.97
hard:716233007	hard	A	A	True	True		0.8339062333106995	0.8339062333106995	0.045037758707564955	0.8339062333106995	340.61
easy:127232002	easy	C	none	False	False		0.43031972646713257	0.16340292990207672	0.9660249009252738	0.43031972646713257	232.34
none-narrower:94129007	none-narrower	none	A	False	False		0.6601358652114868	0.27373600006103516	0.9639371645432946	0.6601358652114868	242.76
hard:234422006	hard	A	A	True	True		0.515209436416626	0.515209436416626	0.3501867221922296	0.515209436416626	285.66
easy:42982001	easy	A	A	True	True		0.8614003658294678	0.8614003658294678	0.034672201270037076	0.8614003658294678	398.27
easy:716662004	easy	A	C	False	True		0.43579792976379395	0.021850449964404106	1.27287407185736	0.43579792976379395	331.21
hard:241774007	hard	A	A	True	True		0.7192967534065247	0.7192967534065247	0.1415205737542959	0.7192967534065247	330.92
hard:237816004	hard	A	A	True	True		0.5315330624580383	0.5315330624580383	0.3286551345032111	0.5315330624580383	334.92
easy:715710001	easy	A	A	True	True		0.4457828998565674	0.4457828998565674	0.4498986978178946	0.4457828998565674	331.5
easy:95279007	easy	A	A	True	True		0.4813194274902344	0.4813194274902344	0.3782437016324894	0.4813194274902344	226.09
hard:193683001	hard	A	none	False	True		0.49009400606155396	0.11983875930309296	1.070276144036168	0.49009400606155396	227.69
easy:39998009	easy	B	B	True	False		0.694868266582489	0.694868266582489	0.1530724848558542	0.694868266582489	332.3
hard:725463007	hard	A	A	True	True		0.6624752879142761	0.6624752879142761	0.20436714437730996	0.6624752879142761	331.63
hard:280483007	hard	A	A	True	True		0.8217675685882568	0.8217675685882568	0.05194884569042368	0.8217675685882568	334.46
hard:718182008	hard	A	D	False	True		0.30536410212516785	0.2796326279640198	0.698311287938711	0.30536410212516785	333.83
easy:722450007	easy	A	A	True	True		0.7430718541145325	0.7430718541145325	0.12207470353193763	0.7430718541145325	334.82
easy:19885005	easy	A	D	False	True		0.48684364557266235	0.1550235152244568	1.0343852351280285	0.48684364557266235	181.54
easy:196609006	easy	A	A	True	True		0.45444127917289734	0.45444127917289734	0.4206059819124633	0.45444127917289734	330.35
easy:37283009	easy	A	A	True	True		0.5587076544761658	0.5587076544761658	0.2801585828917563	0.5587076544761658	150.82
easy:424952003	easy	A	A	True	True		0.3565693497657776	0.3565693497657776	0.5870924025514346	0.3565693497657776	238.49
hard:191382009	hard	A	none	False	True		0.44753414392471313	0.22130179405212402	0.8774105578864885	0.44753414392471313	226.39
none-narrower:446076000	none-narrower	none	none	True	False		0.407871812582016	0.407871812582016	0.45724469871957363	0.407871812582016	332.17
none-narrower:1290237009	none-narrower	none	none	True	False		0.4474271833896637	0.4474271833896637	0.4536367375624523	0.4474271833896637	239.7
none-narrower:128219005	none-narrower	none	none	True	False		0.5405929088592529	0.5405929088592529	0.28406570029019507	0.5405929088592529	226.65
retrieval-miss:233954004	retrieval-miss	none	none	True	False		0.436178058385849	0.436178058385849	0.47184080880801826	0.436178058385849	330.82
hard:1156813002	hard	A	A	True	True		0.5225362181663513	0.5225362181663513	0.33104260872376917	0.5225362181663513	333.14
none-narrower:461098000	none-narrower	none	none	True	False		0.4833228886127472	0.4833228886127472	0.3607229288421491	0.4833228886127472	227.79
none-narrower:1177031006	none-narrower	none	none	True	False		0.38924044370651245	0.38924044370651245	0.5246486681942608	0.38924044370651245	239.41
easy:402824003	easy	A	none	False	True		0.31542065739631653	0.20311400294303894	0.8340677715434639	0.31542065739631653	152.19
easy:698021005	easy	A	A	True	True		0.6101657152175903	0.6101657152175903	0.23354358079056586	0.6101657152175903	349.73
none-narrower:1263652003	none-narrower	none	A	False	False		0.5297542214393616	0.3725239634513855	0.6765140999388152	0.5297542214393616	333.88
hard:723826007	hard	A	A	True	True		0.9045254588127136	0.9045254588127136	0.01508919787520439	0.9045254588127136	352.69
none-narrower:763714006	none-narrower	none	A	False	False		0.5815749168395996	0.3429456949234009	0.7711380694776082	0.5815749168395996	341.53
none-narrower:233762004	none-narrower	none	A	False	False		0.8646602034568787	0.114170141518116	1.5324095687435086	0.8646602034568787	339.47
hard:363478007	hard	A	E	False	True		0.42968860268592834	0.19457298517227173	0.9117936125105699	0.42968860268592834	268.97
hard:720855003	hard	A	A	True	True		0.6713230013847351	0.6713230013847351	0.18622015397519448	0.6713230013847351	342.89
none-narrower:389237009	none-narrower	none	H	False	False		0.5136316418647766	0.30288058519363403	0.7639262641076281	0.5136316418647766	331.01
easy:23150001	easy	A	A	True	True		0.6527757048606873	0.6527757048606873	0.20865962794286505	0.6527757048606873	330.58
easy:302870006	easy	A	A	True	True		0.4431532919406891	0.4431532919406891	0.5110618539504737	0.4431532919406891	188.13
none-narrower:89248000	none-narrower	none	none	True	False		0.4242577850818634	0.4242577850818634	0.4485033892336642	0.4242577850818634	334.09
hard:254738007	hard	A	A	True	True		0.5129536390304565	0.5129536390304565	0.35109912278618	0.5129536390304565	333.4
hard:73237007	hard	A	A	True	True		0.47473615407943726	0.47473615407943726	0.4107113980228649	0.47473615407943726	227.04
none-narrower:109805003	none-narrower	none	none	True	False		0.5706669688224792	0.5706669688224792	0.24774388754705937	0.5706669688224792	226.16
retrieval-miss:193466003	retrieval-miss	none	none	True	False		0.44506263732910156	0.44506263732910156	0.43612802854521193	0.44506263732910156	238.54
hard:234118009	hard	A	A	True	True		0.43603116273880005	0.43603116273880005	0.47191596547448106	0.43603116273880005	240.05
none-narrower:399959003	none-narrower	none	C	False	False		0.3536892533302307	0.3536892533302307	0.5622857063638212	0.3536892533302307	241.12
hard:722449007	hard	A	A	True	True		0.6927282214164734	0.6927282214164734	0.15358576673236563	0.6927282214164734	333.63
retrieval-miss:124646004	retrieval-miss	none	none	True	False		0.5176099538803101	0.5176099538803101	0.3203201779460764	0.5176099538803101	330.31
none-narrower:48780006	none-narrower	none	E	False	False		0.3133156895637512	0.3133156895637512	0.6048456057236442	0.3133156895637512	227.4
easy:109393007	easy	B	none	False	False		0.44837868213653564	0.05920407548546791	1.1919035534211404	0.44837868213653564	239.52
none-narrower:2129002	none-narrower	none	none	True	False		0.48643743991851807	0.48643743991851807	0.382866513998803	0.48643743991851807	330.86
easy:30915001	easy	A	A	True	True		0.47930198907852173	0.47930198907852173	0.39799523626491523	0.47930198907852173	331.18
easy:409671005	easy	A	A	True	True		0.5493894219398499	0.5493894219398499	0.3042284828073872	0.5493894219398499	345.16
none-narrower:860828007	none-narrower	none	E	False	False		0.5097907781600952	0.32827791571617126	0.717303880100087	0.5097907781600952	343.33
hard:765046002	hard	A	A	True	True		0.7833477854728699	0.7833477854728699	0.07328447349038111	0.7833477854728699	413.2
hard:253170008	hard	A	A	True	True		0.8229386806488037	0.8229386806488037	0.04851452929247176	0.8229386806488037	411.82
hard:124309005	hard	A	A	True	True		0.45954182744026184	0.45954182744026184	0.474845771122118	0.45954182744026184	341.98
none-narrower:896820003	none-narrower	none	none	True	False		0.497649222612381	0.497649222612381	0.3638200773645682	0.497649222612381	354.24
easy:702447002	easy	A	A	True	True		0.8196261525154114	0.8196261525154114	0.056342300149866194	0.8196261525154114	352.85
none-narrower:1231278004	none-narrower	none	H	False	False		0.352512001991272	0.322807639837265	0.6568154859307089	0.352512001991272	247.36
hard:428041004	hard	A	A	True	True		0.6098342537879944	0.6098342537879944	0.2235373709854666	0.6098342537879944	343.37
none-narrower:341361000119108	none-narrower	none	none	True	False		0.4714490473270416	0.4714490473270416	0.3328540180652618	0.4714490473270416	245.26
retrieval-miss:49013001	retrieval-miss	none	none	True	False		0.5367518663406372	0.5367518663406372	0.2871005384983053	0.5367518663406372	336.09
hard:7111000119109	hard	B	B	True	False		0.5802169442176819	0.5802169442176819	0.2948660171825323	0.5802169442176819	231.49
hard:600009	hard	A	A	True	True		0.8138427138328552	0.8138427138328552	0.047632620901337665	0.8138427138328552	342.89
none-narrower:1259031004	none-narrower	none	A	False	False		0.7572813034057617	0.20221100747585297	1.2102290258656603	0.7572813034057617	333.74
hard:44808001	hard	A	A	True	True		0.34194180369377136	0.34194180369377136	0.6024758395984073	0.34194180369377136	298.86
easy:262521009	easy	A	none	False	True		0.4851771295070648	0.15449298918247223	1.0029713528005875	0.4851771295070648	227.54
hard:363515000	hard	A	none	False	True		0.4074467420578003	0.18450134992599487	0.9050806428075557	0.4074467420578003	246.03
hard:28882002	hard	D	D	True	False		0.6463426947593689	0.6463426947593689	0.21150080526791817	0.6463426947593689	236.26
hard:17709002	hard	A	A	True	True		0.5562196969985962	0.5562196969985962	0.29695662339633533	0.5562196969985962	232.39
hard:233763009	hard	A	A	True	True		0.8068206310272217	0.8068206310272217	0.05712129579552579	0.8068206310272217	290.45
none-narrower:186289000	none-narrower	none	A	False	False		0.7119554281234741	0.22670508921146393	1.1054881809664587	0.7119554281234741	229.77
easy:16784003	easy	B	none	False	False		0.47255855798721313	0.2786598801612854	0.7587049545603759	0.47255855798721313	190.51
hard:402601007	hard	B	B	True	False		0.39467525482177734	0.39467525482177734	0.5234099004385689	0.39467525482177734	334.38
hard:765100000	hard	B	B	True	False		0.5640828609466553	0.5640828609466553	0.3028061021457775	0.5640828609466553	343.3
easy:733094005	easy	A	A	True	True		0.8440237045288086	0.8440237045288086	0.0420817056167971	0.8440237045288086	335.13
none-narrower:212953005	none-narrower	none	A	False	False		0.7998497486114502	0.1640082746744156	1.33890101636627	0.7998497486114502	337.47
easy:21098003	easy	A	none	False	True		0.4073150157928467	0.15466731786727905	0.9869714770635243	0.4073150157928467	185.5
easy:724349009	easy	A	A	True	True		0.8114604353904724	0.8114604353904724	0.050031826299133685	0.8114604353904724	342.13
none-narrower:42746002	none-narrower	none	A	False	False		0.48698127269744873	0.40836840867996216	0.5902711508234002	0.48698127269744873	335.31
none-narrower:1259796004	none-narrower	none	none	True	False		0.283486545085907	0.283486545085907	0.6412063291705927	0.283486545085907	340.57
hard:72124005	hard	A	H	False	True		0.4232169985771179	0.16070568561553955	1.010256063109618	0.4232169985771179	154.98
hard:699812002	hard	A	none	False	True		0.4038216173648834	0.0488276444375515	1.1933297187477885	0.4038216173648834	226.47
hard:717049005	hard	A	D	False	True		0.30534788966178894	0.13826848566532135	0.9754387312863839	0.30534788966178894	346.87
hard:424802006	hard	A	A	True	True		0.5535934567451477	0.5535934567451477	0.2881960139246512	0.5535934567451477	226.96
retrieval-miss:233982006	retrieval-miss	none	none	True	False		0.455126017332077	0.455126017332077	0.3779661394330855	0.455126017332077	240.94
hard:699268002	hard	A	A	True	True		0.5883435606956482	0.5883435606956482	0.2346275406191764	0.5883435606956482	337.38
easy:400140006	easy	A	A	True	True		0.5968471765518188	0.5968471765518188	0.22203485655570818	0.5968471765518188	353.68
hard:723307008	hard	A	A	True	True		0.7892659306526184	0.7892659306526184	0.06803819416899641	0.7892659306526184	339.88
easy:719652007	easy	A	A	True	True		0.43548792600631714	0.43548792600631714	0.46344924648612823	0.43548792600631714	333.34
none-narrower:123766008	none-narrower	none	none	True	False		0.594063937664032	0.594063937664032	0.20181916097093086	0.594063937664032	226.03
easy:4996001	easy	A	none	False	True		0.414385586977005	0.0458829328417778	1.2096139137766542	0.414385586977005	335.98
hard:109298000	hard	A	D	False	True		0.27270352840423584	0.24972420930862427	0.7427431456096895	0.27270352840423584	332.98
easy:70995007	easy	A	none	False	True		0.323805570602417	0.2715339660644531	0.7279408756533061	0.323805570602417	329.75
hard:201091002	hard	A	none	False	True		0.3151272237300873	0.264256089925766	0.7001777626821014	0.3151272237300873	330.19
easy:54470008	easy	C	C	True	False		0.5745145678520203	0.5745145678520203	0.3184007727037022	0.5745145678520203	344.74
retrieval-miss:37102008	retrieval-miss	none	none	True	False		0.43526509404182434	0.43526509404182434	0.4589038285316621	0.43526509404182434	242.96
hard:722206009	hard	A	A	True	True		0.9219791293144226	0.9219791293144226	0.009770160003238649	0.9219791293144226	233.11
easy:200936003	easy	A	none	False	True		0.4463837146759033	0.3427814841270447	0.6420534367423928	0.4463837146759033	342.54
hard:230293003	hard	A	C	False	True		0.25983136892318726	0.18271344900131226	0.8712273438033632	0.25983136892318726	345.73
hard:314757003	hard	A	A	True	True		0.7004489898681641	0.7004489898681641	0.14117215912734035	0.7004489898681641	246.78
none-narrower:1187048006	none-narrower	none	B	False	False		0.48137903213500977	0.33850646018981934	0.6863027503629366	0.48137903213500977	338.42
none-narrower:87816000	none-narrower	none	none	True	False		0.601218044757843	0.601218044757843	0.19614594089028747	0.601218044757843	347.94
easy:65976001	easy	A	A	True	True		0.6544912457466125	0.6544912457466125	0.20769066203537573	0.6544912457466125	340.36
hard:231858009	hard	A	B	False	True		0.3889055848121643	0.326124370098114	0.668363816460162	0.3889055848121643	248.28
none-narrower:15978511000119100	none-narrower	none	none	True	False		0.5065945386886597	0.5065945386886597	0.35606399492621377	0.5065945386886597	247.99
easy:93145002	easy	A	A	True	True		0.42901360988616943	0.42901360988616943	0.4548285876637591	0.42901360988616943	259.86
easy:702617007	easy	A	A	True	True		0.6051297187805176	0.6051297187805176	0.22641569823641158	0.6051297187805176	353.99
hard:720565000	hard	A	A	True	True		0.5409531593322754	0.5409531593322754	0.31977012397168647	0.5409531593322754	343.36
easy:715487005	easy	A	A	True	True		0.767566442489624	0.767566442489624	0.08105222303117539	0.767566442489624	341.58
easy:232254004	easy	A	A	True	True		0.3159899413585663	0.3159899413585663	0.6007769779813953	0.3159899413585663	235.78
easy:187732006	easy	A	D	False	True		0.4038456082344055	0.04094788059592247	1.2118199956758842	0.4038456082344055	247.98
easy:41345002	easy	A	none	False	True		0.42425188422203064	0.22909337282180786	0.8014171999617081	0.42425188422203064	232.73
none-narrower:15699121000119104	none-narrower	none	none	True	False		0.4806467294692993	0.4806467294692993	0.32575156761441354	0.4806467294692993	228.39
none-narrower:249446000	none-narrower	none	none	True	False		0.490884006023407	0.490884006023407	0.31182316010352723	0.490884006023407	335.12
easy:718222000	easy	A	A	True	True		0.6222889423370361	0.6222889423370361	0.20319817867541143	0.6222889423370361	335.15
easy:52404001	easy	A	A	True	True		0.8644828796386719	0.8644828796386719	0.029453511490658946	0.8644828796386719	349.22
hard:725033008	hard	B	B	True	False		0.5657733082771301	0.5657733082771301	0.26779194836848164	0.5657733082771301	400.62
none-narrower:1193650002	none-narrower	none	none	True	False		0.31213507056236267	0.31213507056236267	0.6034107293554469	0.31213507056236267	334.49
easy:83799000	easy	B	B	True	False		0.4572225511074066	0.4572225511074066	0.4126718451310845	0.4572225511074066	241.55
hard:44882003	hard	A	A	True	True		0.4185663163661957	0.4185663163661957	0.4863087082825568	0.4185663163661957	241.13
easy:424413001	easy	A	A	True	True		0.4668031632900238	0.4668031632900238	0.5031013326441864	0.4668031632900238	247.69
easy:68982002	easy	A	A	True	True		0.6809080839157104	0.6809080839157104	0.169732394020436	0.6809080839157104	228.27
hard:3218000	hard	A	none	False	True		0.5429053902626038	0.206154465675354	0.9366921300870696	0.5429053902626038	238.21
easy:43363007	easy	A	A	True	True		0.5304052233695984	0.5304052233695984	0.3252177310913188	0.5304052233695984	234.2
easy:76069003	easy	A	none	False	True		0.39742082357406616	0.16479696333408356	0.9148126674608331	0.39742082357406616	227.61
easy:421529006	easy	F	F	True	False		0.6095682978630066	0.6095682978630066	0.24629169637951456	0.6095682978630066	354.35
hard:371197005	hard	A	none	False	True		0.378506064414978	0.2437371462583542	0.7538138377401316	0.378506064414978	233.05
hard:255015006	hard	A	A	True	True		0.41611409187316895	0.41611409187316895	0.47813785588749314	0.41611409187316895	230.55
easy:254620000	easy	A	A	True	True		0.5767099261283875	0.5767099261283875	0.2513926737046882	0.5767099261283875	352.96
retrieval-miss:1259003	retrieval-miss	none	none	True	False		0.4837586283683777	0.4837586283683777	0.34422306965999816	0.4837586283683777	347.89
hard:254794007	hard	A	A	True	True		0.6432266235351562	0.6432266235351562	0.19988832502021447	0.6432266235351562	241.08
retrieval-miss:720830009	retrieval-miss	none	A	False	False		0.5035723447799683	0.3541128635406494	0.6791301250832876	0.5035723447799683	351.42
hard:446096008	hard	A	A	True	True		0.5493111610412598	0.5493111610412598	0.30423135245583743	0.5493111610412598	235.17
none-narrower:321131000119100	none-narrower	none	none	True	False		0.38875946402549744	0.38875946402549744	0.4817121670901089	0.38875946402549744	228.91
hard:733045005	hard	A	A	True	True		0.7382418513298035	0.7382418513298035	0.12390012166098209	0.7382418513298035	424.61
hard:713060000	hard	A	A	True	True		0.6552496552467346	0.6552496552467346	0.18270039941690575	0.6552496552467346	341.33
easy:1493002	easy	A	A	True	True		0.3125724792480469	0.3125724792480469	0.6277020691488591	0.3125724792480469	228.13
hard:22451001	hard	A	A	True	True		0.6943075060844421	0.6943075060844421	0.14399442390280515	0.6943075060844421	254.56
easy:267395000	easy	A	A	True	True		0.6795225739479065	0.6795225739479065	0.17064737187642504	0.6795225739479065	236.79
easy:768935003	easy	A	A	True	True		0.9187780618667603	0.9187780618667603	0.010278481623985567	0.9187780618667603	402.03
none-narrower:413808003	none-narrower	none	none	True	False		0.5336815118789673	0.5336815118789673	0.27936937432784636	0.5336815118789673	335.66
hard:726350006	hard	A	B	False	True		0.46328064799308777	0.22908830642700195	0.8723538418038453	0.46328064799308777	240.52
hard:715564000	hard	B	B	True	False		0.6317507028579712	0.6317507028579712	0.23373348100754934	0.6317507028579712	348.31
none-narrower:21071000119101	none-narrower	none	none	True	False		0.5162534117698669	0.5162534117698669	0.33498235749464456	0.5162534117698669	234.09
none-narrower:126780007	none-narrower	none	none	True	False		0.5287753939628601	0.5287753939628601	0.27740900662272466	0.5287753939628601	227.76
hard:254084008	hard	A	D	False	True		0.47501805424690247	0.09740190953016281	1.1410542881568115	0.47501805424690247	252.28
hard:312917007	hard	A	B	False	True		0.3923506438732147	0.039782311767339706	1.2211805916735559	0.3923506438732147	253.91
easy:36485005	easy	A	A	True	True		0.6353213787078857	0.6353213787078857	0.2170296512236737	0.6353213787078857	245.85
hard:14783006	hard	A	none	False	True		0.41999584436416626	0.02511192113161087	1.205956660041311	0.41999584436416626	240.09
hard:4340003	hard	A	A	True	True		0.7379177808761597	0.7379177808761597	0.11548735281087785	0.7379177808761597	236.65
none-narrower:276675009	none-narrower	none	none	True	False		0.5386846661567688	0.5386846661567688	0.26494034002933314	0.5386846661567688	233.97
hard:125666000	hard	A	A	True	True		0.5905493497848511	0.5905493497848511	0.23759048410904507	0.5905493497848511	235.77
hard:64009001	hard	A	A	True	True		0.38894596695899963	0.38894596695899963	0.5174046018942471	0.38894596695899963	353.63
easy:62110005	easy	A	A	True	True		0.8397700786590576	0.8397700786590576	0.04328248976239818	0.8397700786590576	375.19
retrieval-miss:238700008	retrieval-miss	none	none	True	False		0.596565306186676	0.596565306186676	0.2178726143453162	0.596565306186676	342.8
easy:92413008	easy	A	A	True	True		0.46104881167411804	0.46104881167411804	0.4167791719451656	0.46104881167411804	338.08
easy:723360007	easy	C	C	True	False		0.5973109602928162	0.5973109602928162	0.26811038153096534	0.5973109602928162	232.21
hard:34225008	hard	A	A	True	True		0.6773141622543335	0.6773141622543335	0.17117398959817554	0.6773141622543335	340.59
hard:9631008	hard	A	A	True	True		0.5253024697303772	0.5253024697303772	0.33117208190301467	0.5253024697303772	193.18
hard:372100004	hard	A	C	False	True		0.44568395614624023	0.12995858490467072	1.0743267498511995	0.44568395614624023	339.85
none-narrower:187662005	none-narrower	none	none	True	False		0.3934739828109741	0.3934739828109741	0.5144672228963634	0.3934739828109741	258.96
easy:36753006	easy	A	B	False	True		0.6154799461364746	0.08874629437923431	1.2746217368335038	0.6154799461364746	355.3
easy:719256004	easy	A	A	True	True		0.8522300720214844	0.8522300720214844	0.039871391125536886	0.8522300720214844	259.46
none-narrower:1076881000119103	none-narrower	none	A	False	False		0.4989640712738037	0.3831591010093689	0.6359325469738469	0.4989640712738037	238.03
none-narrower:403903003	none-narrower	none	none	True	False		0.47694846987724304	0.47694846987724304	0.32803032672282206	0.47694846987724304	341.23
hard:719518004	hard	A	A	True	True		0.7229465842247009	0.7229465842247009	0.130152965603131	0.7229465842247009	342.87
hard:716006003	hard	A	A	True	True		0.5891332030296326	0.5891332030296326	0.2726471756547868	0.5891332030296326	344.4
none-narrower:769219006	none-narrower	none	H	False	False		0.434857577085495	0.3982143998146057	0.5569582549641733	0.434857577085495	248.82
easy:238626006	easy	A	A	True	True		0.763028085231781	0.763028085231781	0.07705129030066837	0.763028085231781	260.42
retrieval-miss:230410004	retrieval-miss	none	E	False	False		0.3725161850452423	0.1842060536146164	0.8598623194067802	0.3725161850452423	371.88
hard:126853008	hard	A	none	False	True		0.444023996591568	0.21956604719161987	0.8506129632410235	0.444023996591568	235.07
hard:765057007	hard	A	A	True	True		0.7747856974601746	0.7747856974601746	0.08685446715364466	0.7747856974601746	359.25
hard:104431000119107	hard	A	A	True	True		0.5077489614486694	0.5077489614486694	0.36777088580573214	0.5077489614486694	349.08
easy:87074006	easy	A	A	True	True		0.7678980827331543	0.7678980827331543	0.08972136241604609	0.7678980827331543	342.66
hard:699676006	hard	A	A	True	True		0.7806373238563538	0.7806373238563538	0.06765161286335161	0.7806373238563538	237.8
none-narrower:405539004	none-narrower	none	none	True	False		0.5139846205711365	0.5139846205711365	0.30570216263026073	0.5139846205711365	341.83
none-narrower:296561000119108	none-narrower	none	A	False	False		0.4105362296104431	0.3152545094490051	0.6626587273575268	0.4105362296104431	344.77
hard:717055000	hard	A	A	True	True		0.7706573605537415	0.7706573605537415	0.08843186520098746	0.7706573605537415	234.33
hard:724066002	hard	A	A	True	True		0.47644034028053284	0.47644034028053284	0.39990320992529116	0.47644034028053284	362.0
hard:404041003	hard	A	none	False	True		0.3987574577331543	0.10647724568843842	1.0309823652871297	0.3987574577331543	350.51
hard:409658007	hard	A	A	True	True		0.4518517553806305	0.4518517553806305	0.4755060519862566	0.4518517553806305	245.42
hard:720010009	hard	A	A	True	True		0.8260215520858765	0.8260215520858765	0.047520760338338824	0.8260215520858765	351.15
none-narrower:71003000	none-narrower	none	none	True	False		0.44148343801498413	0.44148343801498413	0.408696002350307	0.44148343801498413	342.38
easy:204319006	easy	A	A	True	True		0.8024892807006836	0.8024892807006836	0.06630968176001886	0.8024892807006836	359.67
hard:768556005	hard	A	A	True	True		0.9035621881484985	0.9035621881484985	0.015284952942640519	0.9035621881484985	357.13
none-narrower:399723004	none-narrower	none	none	True	False		0.5186388492584229	0.5186388492584229	0.2785382657449199	0.5186388492584229	344.45
easy:205649008	easy	C	A	False	False		0.4633282423019409	0.051302120089530945	1.2689252570047365	0.4633282423019409	343.47
hard:30496006	hard	B	B	True	False		0.4891187846660614	0.4891187846660614	0.3920193860909605	0.4891187846660614	359.57
easy:360378009	easy	A	A	True	True		0.824291467666626	0.824291467666626	0.05490202727337583	0.824291467666626	354.31
hard:254637007	hard	A	none	False	True		0.45677101612091064	0.38303497433662415	0.594345378427739	0.45677101612091064	346.09
hard:423607006	hard	A	none	False	True		0.41935113072395325	0.3220236003398895	0.6633652063010778	0.41935113072395325	340.52
easy:85901000	easy	A	A	True	True		0.5551210045814514	0.5551210045814514	0.2783287371631168	0.5551210045814514	293.54
hard:274718005	hard	A	A	True	True		0.5891018509864807	0.5891018509864807	0.2744700496409253	0.5891018509864807	196.46
easy:81285006	easy	A	A	True	True		0.37100136280059814	0.37100136280059814	0.551625105511576	0.37100136280059814	245.63
none-narrower:765481009	none-narrower	none	none	True	False		0.5205001831054688	0.5205001831054688	0.34719446466843584	0.5205001831054688	251.32
none-narrower:430348006	none-narrower	none	D	False	False		0.4710719585418701	0.3950273096561432	0.5921624591627144	0.4710719585418701	244.43
easy:719576009	easy	A	A	True	True		0.6821431517601013	0.6821431517601013	0.15889643581928453	0.6821431517601013	359.62
easy:763130006	easy	A	A	True	True		0.8022913932800293	0.8022913932800293	0.06633389534912125	0.8022913932800293	352.04
none-narrower:22721008	none-narrower	none	F	False	False		0.39715731143951416	0.30498072504997253	0.6963976594422899	0.39715731143951416	351.7
easy:29352008	easy	A	A	True	True		0.5315759181976318	0.5315759181976318	0.3411891925644902	0.5315759181976318	336.25
easy:719646006	easy	A	A	True	True		0.8769142031669617	0.8769142031669617	0.02327376818576772	0.8769142031669617	361.47
hard:15188001	hard	A	none	False	True		0.35769495368003845	0.2999526560306549	0.6594043278289454	0.35769495368003845	238.38
easy:79674009	easy	A	none	False	True		0.764510452747345	0.11023517698049545	1.3826784796663611	0.764510452747345	361.23
retrieval-miss:45894003	retrieval-miss	none	E	False	False		0.35487687587738037	0.35487687587738037	0.5873210297343427	0.35487687587738037	318.45
hard:726341009	hard	A	B	False	True		0.447145938873291	0.09168676286935806	1.1179572334822323	0.447145938873291	246.15
none-narrower:266571009	none-narrower	none	A	False	False		0.5930473804473877	0.3497108519077301	0.7751961814581733	0.5930473804473877	232.65
retrieval-miss:254150007	retrieval-miss	none	A	False	False		0.46536511182785034	0.46536511182785034	0.5037298244520003	0.46536511182785034	342.2
hard:40159009	hard	A	A	True	True		0.5179747939109802	0.5179747939109802	0.33374999884519807	0.5179747939109802	247.56
none-narrower:735522008	none-narrower	none	none	True	False		0.48596322536468506	0.48596322536468506	0.33259300178418355	0.48596322536468506	232.99
easy:718632004	easy	A	A	True	True		0.5997525453567505	0.5997525453567505	0.2504556070439411	0.5997525453567505	352.0
hard:80544005	hard	A	A	True	True		0.5420436859130859	0.5420436859130859	0.3344094605025123	0.5420436859130859	250.53
none-narrower:447139008	none-narrower	none	A	False	False		0.6109036803245544	0.3298848569393158	0.8229572556369951	0.6109036803245544	191.3
none-narrower:127321000	none-narrower	none	none	True	False		0.5322436094284058	0.5322436094284058	0.2971835856159766	0.5322436094284058	337.16
easy:716092007	easy	A	A	True	True		0.7754135727882385	0.7754135727882385	0.08662318507095312	0.7754135727882385	345.83
hard:716775009	hard	A	A	True	True		0.4449135363101959	0.4449135363101959	0.43924024623132274	0.4449135363101959	353.59
easy:733110004	easy	A	A	True	True		0.5322735905647278	0.5322735905647278	0.32563831223110035	0.5322735905647278	351.36
hard:721221000	hard	C	C	True	False		0.5533247590065002	0.5533247590065002	0.32945629480795446	0.5533247590065002	342.8
easy:105261000119101	easy	A	A	True	True		0.6140065789222717	0.6140065789222717	0.21097234704884096	0.6140065789222717	256.76
easy:84241008	easy	A	A	True	True		0.6090075373649597	0.6090075373649597	0.21398766340206793	0.6090075373649597	251.06
easy:398831006	easy	A	C	False	True		0.38462039828300476	0.09404805302619934	1.082809305560446	0.38462039828300476	339.38
hard:367601000119103	hard	A	A	True	True		0.4416884481906891	0.4416884481906891	0.4821465538439366	0.4416884481906891	346.91
easy:716007007	easy	A	A	True	True		0.7395585179328918	0.7395585179328918	0.10773794625910302	0.7395585179328918	358.61
hard:46168003	hard	A	none	False	True		0.40148821473121643	0.12784415483474731	1.0595621862511382	0.40148821473121643	237.22
easy:16059006	easy	A	A	True	True		0.819764256477356	0.819764256477356	0.05629190474878768	0.819764256477356	359.26
hard:37075008	hard	E	E	True	False		0.687955915927887	0.687955915927887	0.155682328057963	0.687955915927887	185.98
easy:46206005	easy	A	none	False	True		0.5023308396339417	0.35323983430862427	0.6767575661730922	0.5023308396339417	240.12
hard:717827000	hard	A	A	True	True		0.676580548286438	0.676580548286438	0.16190859244905173	0.676580548286438	250.41
hard:1475003	hard	A	C	False	True		0.3494761288166046	0.22504344582557678	0.8297794188685772	0.3494761288166046	245.69
none-narrower:86100009	none-narrower	none	none	True	False		0.44760996103286743	0.44760996103286743	0.3727808924405376	0.44760996103286743	341.24
easy:234500001	easy	A	A	True	True		0.6339529156684875	0.6339529156684875	0.20578383364700392	0.6339529156684875	245.78
easy:715673002	easy	A	A	True	True		0.8718143105506897	0.8718143105506897	0.02249715294689406	0.8718143105506897	422.42
retrieval-miss:2109003	retrieval-miss	none	F	False	False		0.4943351149559021	0.3476172089576721	0.6765159553223272	0.4943351149559021	350.77
hard:277602003	hard	A	A	True	True		0.4637594521045685	0.4637594521045685	0.3919711496345802	0.4637594521045685	244.7
hard:363425008	hard	A	B	False	True		0.4338039755821228	0.15084537863731384	1.0074450240804589	0.4338039755821228	338.65
retrieval-miss:188274004	retrieval-miss	none	none	True	False		0.5373572707176208	0.5373572707176208	0.31331020221402084	0.5373572707176208	188.82
easy:198297004	easy	A	B	False	True		0.343082070350647	0.2023097723722458	0.8595211085946508	0.343082070350647	352.01
hard:718200007	hard	A	A	True	True		0.6917518973350525	0.6917518973350525	0.154366157437326	0.6917518973350525	346.47
none-narrower:48352007	none-narrower	none	none	True	False		0.5268312096595764	0.5268312096595764	0.2949314957096175	0.5268312096595764	241.87
easy:716279002	easy	A	A	True	True		0.8421884775161743	0.8421884775161743	0.04261398379553769	0.8421884775161743	414.73
easy:720950009	easy	A	A	True	True		0.44376176595687866	0.44376176595687866	0.4826870880813671	0.44376176595687866	339.85
none-narrower:1332388003	none-narrower	none	A	False	False		0.7317498922348022	0.19539354741573334	1.1845090259102506	0.7317498922348022	352.99
hard:33979003	hard	A	A	True	True		0.7254802584648132	0.7254802584648132	0.12084913371173468	0.7254802584648132	346.89
easy:45281005	easy	A	none	False	True		0.346994012594223	0.2909786105155945	0.686574510509287	0.346994012594223	229.71
none-narrower:1237368006	none-narrower	none	A	False	False		0.4127548336982727	0.22288504242897034	0.8941642740332318	0.4127548336982727	365.93
none-narrower:94166001	none-narrower	none	none	True	False		0.5957162380218506	0.5957162380218506	0.20729385668207842	0.5957162380218506	342.47
hard:254066006	hard	A	A	True	True		0.8305004835128784	0.8305004835128784	0.04346650795452729	0.8305004835128784	245.82
none-narrower:191668004	none-narrower	none	none	True	False		0.641767680644989	0.641767680644989	0.1518569200233189	0.641767680644989	232.59
hard:764711007	hard	A	A	True	True		0.6589369177818298	0.6589369177818298	0.16868475591550294	0.6589369177818298	359.49
hard:254712007	hard	A	B	False	True		0.30615803599357605	0.215290367603302	0.8090443602091025	0.30615803599357605	348.71
easy:70041004	easy	A	B	False	True		0.46646520495414734	0.019612545147538185	1.3055240033404147	0.46646520495414734	237.94
none-narrower:24285001	none-narrower	none	none	True	False		0.37912723422050476	0.37912723422050476	0.4947594268213359	0.37912723422050476	349.9
easy:389214003	easy	A	A	True	True		0.8389861583709717	0.8389861583709717	0.04358317290869243	0.8389861583709717	346.34
hard:79037006	hard	A	A	True	True		0.6829739212989807	0.6829739212989807	0.15893736696870647	0.6829739212989807	247.86
easy:69195002	easy	A	none	False	True		0.3848479688167572	0.35241881012916565	0.60518881173435	0.3848479688167572	240.13
easy:9014002	easy	A	A	True	True		0.573567271232605	0.573567271232605	0.3188907968833729	0.573567271232605	241.9
hard:410016009	hard	A	A	True	True		0.8372411727905273	0.8372411727905273	0.04146253845567435	0.8372411727905273	358.6
hard:69278003	hard	A	D	False	True		0.5337698459625244	0.1425287276506424	1.1035462024802265	0.5337698459625244	354.69
none-narrower:399899001	none-narrower	none	none	True	False		0.4331325888633728	0.4331325888633728	0.3843086996696964	0.4331325888633728	350.48
none-narrower:1237571004	none-narrower	none	D	False	False		0.5462407469749451	0.2949672043323517	0.8012750727241049	0.5462407469749451	352.8
hard:91521000119104	hard	A	none	False	True		0.36705881357192993	0.33612868189811707	0.6248899643607438	0.36705881357192993	247.92
easy:267431006	easy	A	B	False	True		0.40131887793540955	0.11702202260494232	1.0657777741000678	0.40131887793540955	201.97
none-narrower:307762000	none-narrower	none	none	True	False		0.3991062343120575	0.3991062343120575	0.5138156573942447	0.3991062343120575	243.28
easy:231824001	easy	A	none	False	True		0.40395528078079224	0.08283057063817978	1.0852132338181324	0.40395528078079224	253.67
hard:128606002	hard	A	none	False	True		0.4938478469848633	0.18752610683441162	0.9396973802159639	0.4938478469848633	250.33
easy:16872008	easy	A	A	True	True		0.6239372491836548	0.6239372491836548	0.20090192357451583	0.6239372491836548	348.2
hard:52179003	hard	A	none	False	True		0.39654311537742615	0.2553520202636719	0.7590436673612145	0.39654311537742615	342.62
none-narrower:38725001	none-narrower	none	A	False	False		0.6783437728881836	0.21600225567817688	1.077747233550509	0.6783437728881836	231.99
easy:60676002	easy	A	none	False	True		0.3780515193939209	0.2658458948135376	0.7550383852670147	0.3780515193939209	241.88
easy:239020008	easy	A	none	False	True		0.40618929266929626	0.3719618022441864	0.5886295041393762	0.40618929266929626	344.47
hard:66207005	hard	D	D	True	False		0.769662618637085	0.769662618637085	0.09538859873167993	0.769662618637085	353.27
none-narrower:44549008	none-narrower	none	none	True	False		0.42798012495040894	0.42798012495040894	0.48872549659497366	0.42798012495040894	255.34
none-narrower:1373821001	none-narrower	none	A	False	False		0.6364462375640869	0.2881976366043091	0.9130406942962545	0.6364462375640869	255.87
hard:187777008	hard	A	A	True	True		0.3294478952884674	0.3294478952884674	0.5898871749472352	0.3294478952884674	254.26
easy:406506008	easy	E	A	False	False		0.5186083912849426	0.006943241693079472	1.4149420121005487	0.5186083912849426	240.49
easy:444645005	easy	A	none	False	True		0.42587801814079285	0.25113365054130554	0.8076236289894354	0.42587801814079285	354.07
hard:92470003	hard	A	none	False	True		0.4217458665370941	0.16014723479747772	0.9379656082013418	0.4217458665370941	344.12
hard:30188007	hard	A	A	True	True		0.7616390585899353	0.7616390585899353	0.09202790307890377	0.7616390585899353	349.22
easy:11934000	easy	A	A	True	True		0.660189688205719	0.660189688205719	0.19135836668033485	0.660189688205719	234.98
none-narrower:702399004	none-narrower	none	none	True	False		0.5120248198509216	0.5120248198509216	0.37091235849579934	0.5120248198509216	240.48
none-narrower:75803007	none-narrower	none	H	False	False		0.46090149879455566	0.46090149879455566	0.5042461249974373	0.46090149879455566	254.7
retrieval-miss:205550003	retrieval-miss	none	none	True	False		0.41568878293037415	0.41568878293037415	0.46664001223769225	0.41568878293037415	239.82
hard:230284004	hard	A	none	False	True		0.4056866765022278	0.18370434641838074	0.9062155438415013	0.4056866765022278	354.0
hard:363354003	hard	A	none	False	True		0.3500900864601135	0.2935754060745239	0.6621884933159677	0.3500900864601135	281.7
none-narrower:197599000	none-narrower	none	A	False	False		0.610666036605835	0.3297565281391144	0.8228356670053277	0.610666036605835	237.26
easy:734024009	easy	A	A	True	True		0.4135875701904297	0.4135875701904297	0.46521424174500436	0.4135875701904297	348.28
easy:716195006	easy	A	A	True	True		0.7218641042709351	0.7218641042709351	0.13062723941327004	0.7218641042709351	356.96
retrieval-miss:275498002	retrieval-miss	none	none	True	False		0.5181595683097839	0.5181595683097839	0.27447158081832473	0.5181595683097839	245.6
easy:716741008	easy	A	A	True	True		0.5790550708770752	0.5790550708770752	0.27806962894455256	0.5790550708770752	347.49
easy:6631009	easy	A	none	False	True		0.48855167627334595	0.07044459134340286	1.2227543689475755	0.48855167627334595	343.76
easy:76902006	easy	A	A	True	True		0.7444122433662415	0.7444122433662415	0.1002131301084588	0.7444122433662415	364.45
easy:723308003	easy	A	A	True	True		0.6727411150932312	0.6727411150932312	0.18532304941186814	0.6727411150932312	352.62
none-narrower:86333008	none-narrower	none	A	False	False		0.4943895936012268	0.3476555347442627	0.681200647981101	0.4943895936012268	250.13
hard:21848000	hard	A	none	False	True		0.3399645686149597	0.23906360566616058	0.7306564996809229	0.3399645686149597	241.45
none-narrower:74142004	none-narrower	none	none	True	False		0.531446099281311	0.531446099281311	0.2981855294624906	0.531446099281311	243.7
hard:24867002	hard	B	B	True	False		0.3383846580982208	0.3383846580982208	0.5870574124911535	0.3383846580982208	252.76
easy:20639004	easy	A	A	True	True		0.677055835723877	0.677055835723877	0.1610781703881295	0.677055835723877	343.63
easy:45913009	easy	A	A	True	True		0.40162935853004456	0.40162935853004456	0.5218670114373944	0.40162935853004456	256.01
easy:63122002	easy	A	A	True	True		0.7743293046951294	0.7743293046951294	0.08699176946653758	0.7743293046951294	351.31
easy:277155005	easy	A	none	False	True		0.47686946392059326	0.2159375697374344	0.8658200922849718	0.47686946392059326	236.81
easy:64479007	easy	A	A	True	True		0.5192107558250427	0.5192107558250427	0.33347857515245166	0.5192107558250427	257.1
none-narrower:4477007	none-narrower	none	none	True	False		0.4247521162033081	0.4247521162033081	0.43116156123064053	0.4247521162033081	352.13
easy:448315008	easy	A	none	False	True		0.3859829604625702	0.09438122808933258	1.062710682264951	0.3859829604625702	276.74
hard:707354003	hard	A	A	True	True		0.48839277029037476	0.48839277029037476	0.3803941337010229	0.48839277029037476	352.24
hard:64250002	hard	A	A	True	True		0.782001256942749	0.782001256942749	0.07035867039935367	0.782001256942749	356.63
easy:716169009	easy	A	A	True	True		0.7876676321029663	0.7876676321029663	0.08224691450404537	0.7876676321029663	359.64
easy:18910001	easy	A	A	True	True		0.5535696148872375	0.5535696148872375	0.29538975751026025	0.5535696148872375	243.44
easy:111405003	easy	A	none	False	True		0.504634439945221	0.4621115028858185	0.5441993633781248	0.504634439945221	349.92
easy:75116005	easy	A	A	True	True		0.8510087132453918	0.8510087132453918	0.037400833217092005	0.8510087132453918	360.47
none-narrower:201988000	none-narrower	none	A	False	False		0.444309264421463	0.444309264421463	0.5090099258263242	0.444309264421463	244.94
hard:405810005	hard	A	A	True	True		0.7780089974403381	0.7780089974403381	0.08567954451077221	0.7780089974403381	355.4
easy:733085004	easy	A	A	True	True		0.8735523819923401	0.8735523819923401	0.022939843755673213	0.8735523819923401	436.02
none-narrower:195812001	none-narrower	none	none	True	False		0.4468565881252289	0.4468565881252289	0.45429435224902925	0.4468565881252289	241.9
none-narrower:399207003	none-narrower	none	none	True	False		0.4585728347301483	0.4585728347301483	0.39726555323312174	0.4585728347301483	201.37
hard:84777002	hard	A	A	True	True		0.4786134362220764	0.4786134362220764	0.36578808264185103	0.4786134362220764	239.81
hard:733599009	hard	B	B	True	False		0.7263363599777222	0.7263363599777222	0.1286989686504889	0.7263363599777222	365.87
hard:720520009	hard	A	A	True	True		0.5801955461502075	0.5801955461502075	0.25463319099096915	0.5801955461502075	350.77
easy:33595009	easy	A	none	False	True		0.33683082461357117	0.2368594855070114	0.7709375867154744	0.33683082461357117	255.81
easy:11666007	easy	A	A	True	True		0.8536667823791504	0.8536667823791504	0.03435864873792105	0.8536667823791504	362.3
hard:55444004	hard	A	C	False	True		0.5093309879302979	0.114048071205616	1.1523271575848426	0.5093309879302979	245.03
easy:10741005	easy	A	none	False	True		0.37120378017425537	0.311280757188797	0.6407117443881386	0.37120378017425537	262.99
hard:190919008	hard	A	D	False	True		0.6044166088104248	0.061284810304641724	1.3360996331242105	0.6044166088104248	234.53
easy:233621003	easy	A	A	True	True		0.6964489221572876	0.6964489221572876	0.13945871438737362	0.6964489221572876	355.81
hard:443937008	hard	A	A	True	True		0.36207541823387146	0.36207541823387146	0.5774466610015452	0.36207541823387146	256.55
hard:707405009	hard	A	none	False	True		0.4358450174331665	0.23535358905792236	0.8005812150156317	0.4358450174331665	251.67
easy:109041000119107	easy	A	none	False	True		0.46505117416381836	0.35711705684661865	0.6382797084734929	0.46505117416381836	347.28
hard:7620006	hard	A	A	True	True		0.4903889000415802	0.4903889000415802	0.38846763962914127	0.4903889000415802	256.9
hard:45853006	hard	A	A	True	True		0.587310254573822	0.587310254573822	0.26220999540809925	0.587310254573822	350.57
easy:721187005	easy	A	B	False	True		0.3936011493206024	0.2767803966999054	0.7301744999496826	0.3936011493206024	357.83
easy:71325002	easy	A	none	False	True		0.4941742420196533	0.17183776199817657	0.9564690018728953	0.4941742420196533	245.74
hard:192727001	hard	D	none	False	False		0.3721432685852051	0.3407846987247467	0.6153400242515172	0.3721432685852051	259.74
hard:235603003	hard	A	A	True	True		0.4473649263381958	0.4473649263381958	0.4256062913149775	0.4473649263381958	291.8
hard:83275001	hard	A	A	True	True		0.6340160369873047	0.6340160369873047	0.21765815765497826	0.6340160369873047	194.33
retrieval-miss:49562005	retrieval-miss	none	none	True	False		0.3548564016819	0.3548564016819	0.5611575384498744	0.3548564016819	256.61
none-narrower:16466741000119102	none-narrower	none	A	False	False		0.5213850140571594	0.3666380047798157	0.6774052765264567	0.5213850140571594	355.58
hard:39462005	hard	A	A	True	True		0.6717399954795837	0.6717399954795837	0.16464647563889673	0.6717399954795837	250.81
hard:74728003	hard	A	A	True	True		0.3403572738170624	0.3403572738170624	0.6099995871233521	0.3403572738170624	350.63
hard:73397007	hard	A	A	True	True		0.8204806447029114	0.8204806447029114	0.056074395470352555	0.8204806447029114	242.52
easy:86095007	easy	A	A	True	True		0.3817446529865265	0.3817446529865265	0.5546542350253316	0.3817446529865265	243.51
hard:448254007	hard	A	none	False	True		0.40662315487861633	0.37235912680625916	0.581964574298393	0.40662315487861633	250.24
easy:109378008	easy	A	C	False	True		0.43036746978759766	0.052037451416254044	1.2447905688790275	0.43036746978759766	353.58
hard:715415005	hard	A	A	True	True		0.723147451877594	0.723147451877594	0.12203261635271465	0.723147451877594	349.12
easy:85149007	easy	A	A	True	True		0.8442326784133911	0.8442326784133911	0.04201730158765268	0.8442326784133911	377.8
hard:763455008	hard	A	D	False	True		0.4456595182418823	0.03789297863841057	1.2471710959889557	0.4456595182418823	429.19
none-narrower:1197333008	none-narrower	none	none	True	False		0.440914124250412	0.440914124250412	0.4368351248159102	0.440914124250412	241.06
hard:92246000	hard	A	none	False	True		0.3073194921016693	0.25770923495292664	0.7351846589023749	0.3073194921016693	256.92
none-narrower:61458006	none-narrower	none	A	False	False		0.663808286190033	0.23082409799098969	1.0364740851778331	0.663808286190033	355.48
hard:715626008	hard	A	A	True	True		0.7087485790252686	0.7087485790252686	0.1299622146440857	0.7087485790252686	350.22
hard:717181004	hard	A	A	True	True		0.5530709624290466	0.5530709624290466	0.27516198713784623	0.5530709624290466	362.6
hard:40283005	hard	A	none	False	True		0.39015504717826843	0.2996036410331726	0.6973550830824774	0.39015504717826843	238.52
easy:363505006	easy	A	none	False	True		0.2976304888725281	0.10349409282207489	1.0224058373303277	0.2976304888725281	352.83
none-narrower:90974009	none-narrower	none	none	True	False		0.5749689340591431	0.5749689340591431	0.2373160238802054	0.5749689340591431	241.58
hard:722947004	hard	A	none	False	True		0.33919647336006165	0.05832411348819733	1.104507220314535	0.33919647336006165	239.72
hard:715987000	hard	A	A	True	True		0.5175004601478577	0.5175004601478577	0.42160347550748467	0.5175004601478577	359.42
none-narrower:1172901009	none-narrower	none	A	False	False		0.6697275638580322	0.2543119490146637	1.006049257385374	0.6697275638580322	353.53
hard:237957007	hard	A	A	True	True		0.550918459892273	0.550918459892273	0.3291026282666192	0.550918459892273	361.61
hard:237964009	hard	A	A	True	True		0.5276729464530945	0.5276729464530945	0.3631464642823117	0.5276729464530945	430.35
easy:33225004	easy	A	D	False	True		0.37195920944213867	0.1412418782711029	1.004049071511874	0.37195920944213867	239.22
hard:719305006	hard	A	E	False	True		0.5460614562034607	0.019252898171544075	1.3850940929988045	0.5460614562034607	360.06
easy:722675000	easy	A	A	True	True		0.8595929741859436	0.8595929741859436	0.03512014910894702	0.8595929741859436	356.58
easy:723441001	easy	A	A	True	True		0.4930025637149811	0.4930025637149811	0.3592611537253192	0.4930025637149811	354.44
hard:93471006	hard	A	none	False	True		0.3396463096141815	0.1289718896150589	0.9846809296860526	0.3396463096141815	244.2
easy:237603002	easy	A	C	False	True		0.29511430859565735	0.2702465355396271	0.7126853028287449	0.29511430859565735	346.56
none-narrower:95525004	none-narrower	none	none	True	False		0.46456223726272583	0.46456223726272583	0.4104379335079808	0.46456223726272583	241.71
hard:417967008	hard	A	none	False	True		0.44688680768013	0.14230023324489594	1.0540559931327618	0.44688680768013	255.04
easy:718720007	easy	A	A	True	True		0.6929882764816284	0.6929882764816284	0.16383471128637556	0.6929882764816284	244.76
none-narrower:1366243009	none-narrower	none	A	False	False		0.6052796244621277	0.29930558800697327	0.8589936073562761	0.6052796244621277	205.17
none-narrower:427435004	none-narrower	none	none	True	False		0.539134681224823	0.539134681224823	0.2797033868675861	0.539134681224823	239.53
easy:404109006	easy	A	A	True	True		0.661434531211853	0.661434531211853	0.17949221755560496	0.661434531211853	254.57
hard:717041008	hard	A	A	True	True		0.7256524562835693	0.7256524562835693	0.12920879618519812	0.7256524562835693	256.56
none-narrower:61823004	none-narrower	none	none	True	False		0.5928345918655396	0.5928345918655396	0.20513617712459906	0.5928345918655396	259.73
easy:70070008	easy	A	D	False	True		0.40909311175346375	0.026710843667387962	1.2537677777634295	0.40909311175346375	371.56
hard:129000002	hard	A	A	True	True		0.7229689955711365	0.7229689955711365	0.11568019727251937	0.7229689955711365	353.07
hard:56478004	hard	A	A	True	True		0.5899699926376343	0.5899699926376343	0.25961613424359964	0.5899699926376343	240.23
retrieval-miss:402736003	retrieval-miss	none	none	True	False		0.5479746460914612	0.5479746460914612	0.31246929952210245	0.5479746460914612	353.49
none-narrower:238778000	none-narrower	none	none	True	False		0.5175538063049316	0.5175538063049316	0.3919783928805864	0.5175538063049316	373.99
easy:254956000	easy	A	none	False	True		0.39550814032554626	0.11532752960920334	1.001844459338821	0.39550814032554626	350.69
easy:84828003	easy	A	A	True	True		0.5360681414604187	0.5360681414604187	0.309698151308596	0.5360681414604187	364.67
hard:49607006	hard	A	B	False	True		0.37521490454673767	0.31464436650276184	0.6702191432940846	0.37521490454673767	258.85
easy:239112008	easy	A	A	True	True		0.40471893548965454	0.40471893548965454	0.4957711961859894	0.40471893548965454	356.82
hard:10934005	hard	A	A	True	True		0.7131813764572144	0.7131813764572144	0.1346874445493325	0.7131813764572144	370.44
hard:34528009	hard	A	none	False	True		0.39191675186157227	0.3286500573158264	0.628918272529517	0.39191675186157227	189.49
easy:88518009	easy	A	A	True	True		0.6115798354148865	0.6115798354148865	0.2810687294976426	0.6115798354148865	237.89
none-narrower:438628005	none-narrower	none	none	True	False		0.4987381398677826	0.4987381398677826	0.33057177997117976	0.4987381398677826	242.22
easy:722062004	easy	A	A	True	True		0.7340363264083862	0.7340363264083862	0.12556009334367685	0.7340363264083862	364.21
easy:82523003	easy	A	A	True	True		0.6135100722312927	0.6135100722312927	0.21153897842574548	0.6135100722312927	241.97
hard:72836002	hard	A	A	True	True		0.6450438499450684	0.6450438499450684	0.19229884174624629	0.6450438499450684	357.7
easy:74351001	easy	A	A	True	True		0.6684626340866089	0.6684626340866089	0.1873062113191904	0.6684626340866089	356.97
hard:4445009	hard	A	F	False	True		0.3333454728126526	0.10614565014839172	1.0295745290831473	0.3333454728126526	249.52
hard:75316000	hard	A	A	True	True		0.6696029901504517	0.6696029901504517	0.17520575590160764	0.6696029901504517	361.53
hard:38959009	hard	A	none	False	True		0.3627280294895172	0.30417323112487793	0.6736790589178272	0.3627280294895172	244.78
easy:408663001	easy	A	none	False	True		0.5105912685394287	0.42816707491874695	0.588479032230421	0.5105912685394287	370.56
none-narrower:427921009	none-narrower	none	none	True	False		0.4403719902038574	0.4403719902038574	0.4349262489267623	0.4403719902038574	194.54
hard:205681004	hard	A	none	False	True		0.4091678559780121	0.11931072920560837	1.028159017873152	0.4091678559780121	263.28
easy:66038001	easy	A	A	True	True		0.7702586650848389	0.7702586650848389	0.08311955681228222	0.7702586650848389	370.74
hard:71941009	hard	A	none	False	True		0.42451584339141846	0.32598960399627686	0.6624475201462048	0.42451584339141846	244.45
easy:715625007	easy	A	A	True	True		0.8662495017051697	0.8662495017051697	0.026358800802471265	0.8662495017051697	363.31
none-narrower:15977008	none-narrower	none	none	True	False		0.693849503993988	0.693849503993988	0.12564808652115866	0.693849503993988	257.67
easy:10649000	easy	A	A	True	True		0.7981268763542175	0.7981268763542175	0.07279871819486439	0.7981268763542175	358.78
hard:26609002	hard	B	A	False	False		0.638994574546814	0.07726332545280457	1.319090788744944	0.638994574546814	349.88
hard:712922002	hard	A	A	True	True		0.7351494431495667	0.7351494431495667	0.12514048603569253	0.7351494431495667	356.38
easy:254664008	easy	A	A	True	True		0.5475955009460449	0.5475955009460449	0.30064691629223916	0.5475955009460449	353.48
hard:723096000	hard	A	A	True	True		0.6194726228713989	0.6194726228713989	0.23984025184876848	0.6194726228713989	196.35
hard:719300001	hard	A	A	True	True		0.8524191379547119	0.8524191379547119	0.03700732906753079	0.8524191379547119	361.82
easy:46785007	easy	A	B	False	True		0.3881348967552185	0.16094639897346497	0.9836200935204407	0.3881348967552185	352.46
hard:58648008	hard	A	A	True	True		0.4211951196193695	0.4211951196193695	0.49355419825944424	0.4211951196193695	353.73
none-narrower:719042007	none-narrower	none	B	False	False		0.5556017756462097	0.19319775700569153	1.0127979692613946	0.5556017756462097	258.31
easy:68210006	easy	A	D	False	True		0.4837042987346649	0.1681969314813614	1.008491825141334	0.4837042987346649	205.93
easy:276799004	easy	A	A	True	True		0.6308246850967407	0.6308246850967407	0.19992871650018618	0.6308246850967407	356.75
hard:231896005	hard	A	A	True	True		0.6572022438049316	0.6572022438049316	0.1935412266426874	0.6572022438049316	238.45
hard:63103006	hard	A	A	True	True		0.510921061038971	0.510921061038971	0.3612070107942494	0.510921061038971	243.04
easy:187842004	easy	A	none	False	True		0.35565999150276184	0.09496915340423584	1.0492155668777854	0.35565999150276184	351.78
hard:128117002	hard	A	none	False	True		0.3473408818244934	0.31807225942611694	0.6581747404895487	0.3473408818244934	253.85
hard:78769001	hard	A	A	True	True		0.6439757347106934	0.6439757347106934	0.21271225888064532	0.6439757347106934	200.74
easy:22841008	easy	A	none	False	True		0.30893614888191223	0.19893832504749298	0.8221092683590296	0.30893614888191223	360.95
hard:254701007	hard	A	none	False	True		0.4281640946865082	0.2117234617471695	0.8356887675192544	0.4281640946865082	351.06
none-narrower:521000146105	none-narrower	none	E	False	False		0.39701053500175476	0.39701053500175476	0.5332894411265063	0.39701053500175476	353.67
hard:239940004	hard	A	A	True	True		0.6529606580734253	0.6529606580734253	0.2086546105382965	0.6529606580734253	360.11
easy:763622006	easy	B	B	True	False		0.34504929184913635	0.34504929184913635	0.6130754138916175	0.34504929184913635	355.51
none-narrower:871655005	none-narrower	none	A	False	False		0.5772507786750793	0.34039580821990967	0.769584585948644	0.5772507786750793	355.07
none-narrower:25668000	none-narrower	none	B	False	False		0.47918272018432617	0.3679687976837158	0.635040119652765	0.47918272018432617	246.58
hard:719599008	hard	A	A	True	True		0.8731331825256348	0.8731331825256348	0.02562608069956607	0.8731331825256348	365.36
hard:52824009	hard	A	none	False	True		0.3536566197872162	0.16014394164085388	0.9429786881235876	0.3536566197872162	245.34
hard:715827001	hard	A	A	True	True		0.5849409699440002	0.5849409699440002	0.24247956055618242	0.5849409699440002	350.22
easy:307343001	easy	A	A	True	True		0.6332743763923645	0.6332743763923645	0.23338469338798923	0.6332743763923645	244.15
none-narrower:95795006	none-narrower	none	none	True	False		0.4605444073677063	0.4605444073677063	0.44465285567606483	0.4605444073677063	157.03
none-narrower:762379000	none-narrower	none	A	False	False		0.5178704857826233	0.23450377583503723	0.8780315476359344	0.5178704857826233	241.32
none-narrower:26284000	none-narrower	none	none	True	False		0.42170360684394836	0.42170360684394836	0.4252661868949339	0.42170360684394836	355.4
easy:240877000	easy	A	A	True	True		0.38160261511802673	0.38160261511802673	0.5153078372326728	0.38160261511802673	240.3
easy:717332007	easy	A	A	True	True		0.847011923789978	0.847011923789978	0.03851391596511415	0.847011923789978	354.67
easy:75544000	easy	A	none	False	True		0.37709689140319824	0.31622254848480225	0.6532217115919714	0.37709689140319824	203.43
easy:126956001	easy	A	A	True	True		0.6035864353179932	0.6035864353179932	0.24837273217510497	0.6035864353179932	254.12
hard:444921008	hard	D	D	True	False		0.6770665049552917	0.6770665049552917	0.18343242079833907	0.6770665049552917	355.3
none-narrower:403151007	none-narrower	none	none	True	False		0.376056969165802	0.376056969165802	0.5055689523246869	0.376056969165802	240.87
easy:104081000119103	easy	A	none	False	True		0.3771396279335022	0.1311415433883667	0.957146903537734	0.3771396279335022	253.76
easy:25277000	easy	A	A	True	True		0.81789231300354	0.81789231300354	0.05031574975451881	0.81789231300354	349.11
none-narrower:26884006	none-narrower	none	none	True	False		0.4548097848892212	0.4548097848892212	0.38875377170356246	0.4548097848892212	357.91
retrieval-miss:51689003	retrieval-miss	none	none	True	False		0.47503700852394104	0.47503700852394104	0.4369694238530366	0.47503700852394104	242.43
hard:399107008	hard	A	A	True	True		0.6731427311897278	0.6731427311897278	0.16329947007819864	0.6731427311897278	238.52
hard:13596001	hard	A	A	True	True		0.8271005153656006	0.8271005153656006	0.04727407972656708	0.8271005153656006	344.53
hard:722455002	hard	A	A	True	True		0.8363826870918274	0.8363826870918274	0.04171918639575234	0.8363826870918274	424.1
hard:10890000	hard	A	none	False	True		0.5508894324302673	0.09472435712814331	1.160393773351056	0.5508894324302673	352.79
easy:328611000119105	easy	A	A	True	True		0.4327680468559265	0.4327680468559265	0.44322727978781673	0.4327680468559265	350.23
retrieval-miss:32599008	retrieval-miss	none	A	False	False		0.37948077917099	0.37948077917099	0.5554472868566468	0.37948077917099	353.44
none-narrower:1296880000	none-narrower	none	A	False	False		0.45626524090766907	0.1732550710439682	1.014530311837733	0.45626524090766907	350.55
hard:49292002	hard	A	none	False	True		0.4174758195877075	0.1451675146818161	1.0299777720382455	0.4174758195877075	353.2
none-narrower:201240005	none-narrower	none	none	True	False		0.5870023965835571	0.5870023965835571	0.21183208314087745	0.5870023965835571	255.98
none-narrower:74372003	none-narrower	none	none	True	False		0.432913213968277	0.432913213968277	0.4345183797708762	0.432913213968277	348.97
easy:372244006	easy	A	none	False	True		0.4270702600479126	0.3910832703113556	0.5631735525381496	0.4270702600479126	246.12
none-narrower:243410003	none-narrower	none	none	True	False		0.4087265431880951	0.4087265431880951	0.4820172090501149	0.4087265431880951	353.16
hard:715829003	hard	A	none	False	True		0.5240522623062134	0.12814217805862427	1.0775954024739436	0.5240522623062134	262.45
easy:37471005	easy	A	A	True	True		0.5824994444847107	0.5824994444847107	0.2762373883743293	0.5824994444847107	354.51
none-narrower:1177035002	none-narrower	none	none	True	False		0.4877323508262634	0.4877323508262634	0.3362831263846813	0.4877323508262634	355.37
none-narrower:201996005	none-narrower	none	A	False	False		0.46247726678848267	0.4235067069530487	0.5491739835391478	0.46247726678848267	195.55
none-narrower:277481003	none-narrower	none	A	False	False		0.5855669379234314	0.31620314717292786	0.8124597413264267	0.5855669379234314	260.3
easy:715796006	easy	A	A	True	True		0.807965874671936	0.807965874671936	0.05675097859754096	0.807965874671936	440.27
easy:413656006	easy	A	A	True	True		0.586009681224823	0.586009681224823	0.2749466800039689	0.586009681224823	363.23
easy:189167009	easy	A	none	False	True		0.3874736726284027	0.3548232614994049	0.587024090498635	0.3874736726284027	354.82
easy:78590007	easy	A	A	True	True		0.750262439250946	0.750262439250946	0.09691662383067959	0.750262439250946	261.21
retrieval-miss:43116000	retrieval-miss	none	none	True	False		0.41994282603263855	0.41994282603263855	0.4426215781891496	0.41994282603263855	239.61
easy:238036004	easy	A	A	True	True		0.4870131015777588	0.4870131015777588	0.3773048855379878	0.4870131015777588	199.61
none-narrower:301824001	none-narrower	none	B	False	False		0.5070350766181946	0.21025027334690094	0.9438454715023	0.5070350766181946	237.6
easy:716200002	easy	A	A	True	True		0.7735176086425781	0.7735176086425781	0.08730370551849805	0.7735176086425781	362.48
hard:768926005	hard	A	A	True	True		0.8621233701705933	0.8621233701705933	0.02843596633507546	0.8621233701705933	349.08
hard:59032001	hard	A	A	True	True		0.7132819294929504	0.7132819294929504	0.12026915270244219	0.7132819294929504	241.88
easy:198142001	easy	A	A	True	True		0.4540261924266815	0.4540261924266815	0.43828724835385524	0.4540261924266815	350.63
retrieval-miss:361115000	retrieval-miss	none	A	False	False		0.7425891757011414	0.18157918751239777	1.2223784486542488	0.7425891757011414	237.7
easy:363464006	easy	A	none	False	True		0.332876056432724	0.23407849669456482	0.7737013573258431	0.332876056432724	236.68
easy:429998004	easy	A	A	True	True		0.5292624831199646	0.5292624831199646	0.3429425993886719	0.5292624831199646	353.13
hard:37109004	hard	A	A	True	True		0.6816167831420898	0.6816167831420898	0.15950688611747976	0.6816167831420898	354.05
hard:231472009	hard	A	none	False	True		0.3818514943122864	0.3496748208999634	0.6128918588780323	0.3818514943122864	203.25
hard:270491006	hard	A	A	True	True		0.5388650298118591	0.5388650298118591	0.29226900894077135	0.5388650298118591	254.95
none-narrower:723905008	none-narrower	none	A	False	False		0.4443798363208771	0.4069342613220215	0.5556946213502757	0.4443798363208771	243.37
hard:12313004	hard	A	A	True	True		0.46211352944374084	0.46211352944374084	0.44763272634844004	0.46211352944374084	351.76
hard:127030001	hard	A	A	True	True		0.6417738199234009	0.6417738199234009	0.20262430541661078	0.6417738199234009	355.22
easy:92093000	easy	A	A	True	True		0.5449233055114746	0.5449233055114746	0.3050378666584982	0.5449233055114746	348.89
easy:25362006	easy	A	A	True	True		0.5789321064949036	0.5789321064949036	0.29531197553571886	0.5789321064949036	352.16
none-narrower:312085005	none-narrower	none	E	False	False		0.261141836643219	0.261141836643219	0.6737732728929033	0.261141836643219	240.36
hard:53913001	hard	A	A	True	True		0.5426424145698547	0.5426424145698547	0.3337672025110972	0.5426424145698547	237.24
none-narrower:232121005	none-narrower	none	none	True	False		0.4921392500400543	0.4921392500400543	0.4301374424938782	0.4921392500400543	350.58
easy:16631009	easy	A	A	True	True		0.3984054625034332	0.3984054625034332	0.49809970169514917	0.3984054625034332	193.05
none-narrower:448478000	none-narrower	none	none	True	False		0.4569019377231598	0.4569019377231598	0.47374898437045787	0.4569019377231598	358.73
retrieval-miss:80328002	retrieval-miss	none	none	True	False		0.546293318271637	0.546293318271637	0.2575258125769433	0.546293318271637	256.55
hard:410042009	hard	A	C	False	True		0.3268725574016571	0.08728226274251938	1.0928465120004385	0.3268725574016571	354.73
easy:91954009	easy	A	A	True	True		0.5725058913230896	0.5725058913230896	0.2580296435693672	0.5725058913230896	348.6
none-narrower:187701005	none-narrower	none	B	False	False		0.3850249946117401	0.32287082076072693	0.6452894884569014	0.3850249946117401	351.88
hard:448542008	hard	A	A	True	True		0.4844430387020111	0.4844430387020111	0.4146951653604162	0.4844430387020111	351.05
none-narrower:40370006	none-narrower	none	E	False	False		0.5426321029663086	0.3494259715080261	0.7197586573005175	0.5426321029663086	241.79
hard:725138002	hard	A	A	True	True		0.7636325359344482	0.7636325359344482	0.1054846565091142	0.7636325359344482	354.38
hard:254767008	hard	A	A	True	True		0.6275385618209839	0.6275385618209839	0.22139447302986318	0.6275385618209839	351.26
easy:126926005	easy	A	A	True	True		0.3666750192642212	0.3666750192642212	0.5514279340366581	0.3666750192642212	354.23
hard:403913006	hard	A	A	True	True		0.6910306811332703	0.6910306811332703	0.1459268349336376	0.6910306811332703	353.83
hard:399432003	hard	A	A	True	True		0.3135836124420166	0.3135836124420166	0.6311731202831595	0.3135836124420166	358.37
retrieval-miss:75474006	retrieval-miss	none	none	True	False		0.5692554116249084	0.5692554116249084	0.22383382994516374	0.5692554116249084	256.1
none-narrower:238951005	none-narrower	none	none	True	False		0.8392931818962097	0.8392931818962097	0.0299967138650759	0.8392931818962097	359.4
none-narrower:447146004	none-narrower	none	A	False	False		0.6626734137535095	0.2747877538204193	0.9658249384087826	0.6626734137535095	247.27
easy:37344009	easy	B	none	False	False		0.5050983428955078	0.35518595576286316	0.6751051628763517	0.5050983428955078	200.0
easy:392662004	easy	A	A	True	True		0.48634839057922363	0.48634839057922363	0.37110429264938827	0.48634839057922363	356.19
none-narrower:1196861001	none-narrower	none	none	True	False		0.38185206055641174	0.38185206055641174	0.5030035076515524	0.38185206055641174	244.71
easy:15682004	easy	A	A	True	True		0.3900114893913269	0.3900114893913269	0.5328298621048947	0.3900114893913269	201.32
easy:55475008	easy	A	A	True	True		0.7758507132530212	0.7758507132530212	0.08645662490479966	0.7758507132530212	366.34
easy:423709000	easy	A	A	True	True		0.364732950925827	0.364732950925827	0.5102459837529212	0.364732950925827	351.72
hard:27420004	hard	A	A	True	True		0.7177018523216248	0.7177018523216248	0.13250729865180144	0.7177018523216248	351.03
easy:733601006	easy	A	A	True	True		0.858825147151947	0.858825147151947	0.030966346656783782	0.858825147151947	432.86
none-narrower:371012000	none-narrower	none	none	True	False		0.3605078160762787	0.3605078160762787	0.5177033805420795	0.3605078160762787	353.35
easy:715504003	easy	A	A	True	True		0.8622194528579712	0.8622194528579712	0.03204945627513483	0.8622194528579712	348.73
easy:36742000	easy	A	none	False	True		0.6096832156181335	0.047471195459365845	1.3121800240907135	0.6096832156181335	243.79
easy:239062001	easy	A	A	True	True		0.8547009825706482	0.8547009825706482	0.034066479835556884	0.8547009825706482	367.58
none-narrower:685031000119100	none-narrower	none	none	True	False		0.5204865336418152	0.5204865336418152	0.30523881318786394	0.5204865336418152	238.57
none-narrower:371962007	none-narrower	none	none	True	False		0.4326813220977783	0.4326813220977783	0.4650426550704029	0.4326813220977783	347.22
hard:722205008	hard	A	A	True	True		0.782741367816925	0.782741367816925	0.07364075416543367	0.782741367816925	418.05
hard:38907003	hard	A	A	True	True		0.4668292999267578	0.4668292999267578	0.43184504770655496	0.4668292999267578	254.87
easy:237950009	easy	A	none	False	True		0.43601328134536743	0.30660462379455566	0.6830133390592613	0.43601328134536743	343.69
retrieval-miss:93132001	retrieval-miss	none	A	False	False		0.439288467168808	0.40227192640304565	0.5564831074830616	0.439288467168808	354.16
none-narrower:87666009	none-narrower	none	none	True	False		0.5917055010795593	0.5917055010795593	0.2328960313837718	0.5917055010795593	241.45
easy:235966007	easy	A	none	False	True		0.38461413979530334	0.27046072483062744	0.7546246534519567	0.38461413979530334	352.22
hard:254851009	hard	A	A	True	True		0.4128098487854004	0.4128098487854004	0.4674355304605689	0.4128098487854004	352.56
easy:190303007	easy	A	A	True	True		0.6488327383995056	0.6488327383995056	0.1974468214788776	0.6488327383995056	235.41
none-narrower:1254906000	none-narrower	none	none	True	False		0.5134837627410889	0.5134837627410889	0.29165171259232525	0.5134837627410889	353.88
easy:13507004	easy	A	A	True	True		0.5090973377227783	0.5090973377227783	0.3490999779310302	0.5090973377227783	243.64
hard:363408006	hard	A	C	False	True		0.37691837549209595	0.22226247191429138	0.8490269153894283	0.37691837549209595	242.44
hard:230282000	hard	A	B	False	True		0.5843616724014282	0.11982281506061554	1.1863990145607521	0.5843616724014282	258.23
easy:195180004	easy	A	none	False	True		0.3522161543369293	0.29535773396492004	0.6952719930671741	0.3522161543369293	198.25
easy:230425004	easy	A	A	True	True		0.42047587037086487	0.42047587037086487	0.4496052798150531	0.42047587037086487	355.75
hard:95315005	hard	A	none	False	True		0.33570486307144165	0.28151237964630127	0.701198162191288	0.33570486307144165	344.31
easy:59393003	easy	A	A	True	True		0.7128239870071411	0.7128239870071411	0.12049425175092761	0.7128239870071411	297.58
easy:77121009	easy	A	C	False	True		0.4364585280418396	0.18098457157611847	0.9576858665382367	0.4364585280418396	361.72
hard:699305004	hard	A	A	True	True		0.6433307528495789	0.6433307528495789	0.19019350430372425	0.6433307528495789	363.74
hard:71961003	hard	A	A	True	True		0.7311702966690063	0.7311702966690063	0.11833698342523431	0.7311702966690063	254.87
hard:254230001	hard	A	A	True	True		0.46364128589630127	0.46364128589630127	0.42207037212937343	0.46364128589630127	239.53
easy:45339001	easy	A	A	True	True		0.5224679112434387	0.5224679112434387	0.318007764362848	0.5224679112434387	247.34
hard:193411004	hard	A	A	True	True		0.5744555592536926	0.5744555592536926	0.2660007659687149	0.5744555592536926	354.19
easy:402792003	easy	A	none	False	True		0.4518063962459564	0.15710517764091492	0.9906336295124307	0.4518063962459564	237.95
hard:42574005	hard	A	A	True	True		0.7520272731781006	0.7520272731781006	0.09609003669461999	0.7520272731781006	196.95
easy:7916009	easy	A	A	True	True		0.726738452911377	0.726738452911377	0.1285445785939613	0.726738452911377	197.79
hard:702361006	hard	A	A	True	True		0.7372063994407654	0.7372063994407654	0.11590032675067571	0.7372063994407654	358.21
easy:92083007	easy	A	A	True	True		0.49154427647590637	0.49154427647590637	0.372350754911732	0.49154427647590637	249.65
hard:90708001	hard	A	none	False	True		0.4851764738559723	0.28610044717788696	0.754896139800848	0.4851764738559723	236.44
none-narrower:429724002	none-narrower	none	none	True	False		0.39445915818214417	0.39445915818214417	0.5061520546221252	0.39445915818214417	241.74
easy:9491003	easy	A	A	True	True		0.46926745772361755	0.46926745772361755	0.407801126594469	0.46926745772361755	205.21
easy:450005	easy	A	none	False	True		0.42662283778190613	0.09552818536758423	1.1311168210740945	0.42662283778190613	235.76
hard:75006000	hard	A	D	False	True		0.31275689601898193	0.18442751467227936	0.881551450349077	0.31275689601898193	255.67
hard:719250005	hard	A	A	True	True		0.8426527976989746	0.8426527976989746	0.04246616282674018	0.8426527976989746	351.06
easy:764096006	easy	A	A	True	True		0.45161959528923035	0.45161959528923035	0.45062029362675843	0.45161959528923035	357.05
hard:69134001	hard	A	A	True	True		0.7538057565689087	0.7538057565689087	0.09521985970355205	0.7538057565689087	196.07
easy:45170000	easy	A	none	False	True		0.4819001853466034	0.19982768595218658	0.9019712327108516	0.4819001853466034	358.22
none-narrower:427419006	none-narrower	none	none	True	False		0.43347659707069397	0.43347659707069397	0.4255851821313788	0.43347659707069397	243.49
hard:86103006	hard	A	A	True	True		0.5991659760475159	0.5991659760475159	0.23978374618303888	0.5991659760475159	199.06
easy:44795003	easy	A	none	False	True		0.47418496012687683	0.3976377844810486	0.5922266672978933	0.47418496012687683	244.98
none-narrower:13457005	none-narrower	none	none	True	False		0.425843209028244	0.425843209028244	0.48845643653401494	0.425843209028244	257.59
hard:725148000	hard	A	A	True	True		0.5043911337852478	0.5043911337852478	0.34017221775405726	0.5043911337852478	350.21
retrieval-miss:22542007	retrieval-miss	none	none	True	False		0.6001126766204834	0.6001126766204834	0.21129944848185667	0.6001126766204834	357.21
easy:253283000	easy	A	none	False	True		0.38056081533432007	0.18818405270576477	0.9272681552635019	0.38056081533432007	258.97
easy:21009004	easy	A	A	True	True		0.574481725692749	0.574481725692749	0.28174095784549713	0.574481725692749	350.15
retrieval-miss:124593001	retrieval-miss	none	none	True	False		0.4695647954940796	0.4695647954940796	0.4400044290181363	0.4695647954940796	354.84
easy:400946004	easy	F	F	True	False		0.7603091597557068	0.7603091597557068	0.0925361987275294	0.7603091597557068	357.37
easy:201191004	easy	A	none	False	True		0.411327987909317	0.20339815318584442	0.8689136921674078	0.411327987909317	193.2
retrieval-miss:58437007	retrieval-miss	none	none	True	False		0.5594403147697449	0.5594403147697449	0.24439013189723802	0.5594403147697449	354.32
easy:722381004	easy	A	A	True	True		0.7911600470542908	0.7911600470542908	0.07516204524988623	0.7911600470542908	361.64
easy:703406006	easy	A	A	True	True		0.5308104157447815	0.5308104157447815	0.3206452280702384	0.5308104157447815	359.04
none-narrower:302920007	none-narrower	none	none	True	False		0.46932321786880493	0.46932321786880493	0.3623835549952255	0.46932321786880493	237.79
hard:410429000	hard	A	none	False	True		0.4012612998485565	0.3674490749835968	0.5864894375266803	0.4012612998485565	195.25
hard:444830001	hard	A	none	False	True		0.3698696196079254	0.18289734423160553	0.9240396782880461	0.3698696196079254	357.22
easy:717042001	easy	A	A	True	True		0.5191051363945007	0.5191051363945007	0.36913805996382326	0.5191051363945007	350.65
easy:29159009	easy	A	A	True	True		0.683256208896637	0.683256208896637	0.15795467776239164	0.683256208896637	237.77
none-narrower:767448007	none-narrower	none	A	False	False		0.47276702523231506	0.3044360280036926	0.7400454700137304	0.47276702523231506	359.44
hard:766704005	hard	A	A	True	True		0.9107821583747864	0.9107821583747864	0.013055909170917692	0.9107821583747864	357.51
hard:229733002	hard	A	none	False	True		0.35543695092201233	0.2980591654777527	0.6671334110968823	0.35543695092201233	235.94
none-narrower:332461000119106	none-narrower	none	H	False	False		0.544098436832428	0.32084575295448303	0.7609517935966268	0.544098436832428	194.62
none-narrower:1300178001	none-narrower	none	none	True	False		0.4793495833873749	0.4793495833873749	0.36936686229019033	0.4793495833873749	238.29
hard:397825006	hard	A	A	True	True		0.43779873847961426	0.43779873847961426	0.4509152787338111	0.43779873847961426	354.65
easy:60318001	easy	A	none	False	True		0.3696167469024658	0.3099499046802521	0.6472267882798629	0.3696167469024658	362.68
none-narrower:348681000119101	none-narrower	none	A	False	False		0.5159208178520203	0.33222469687461853	0.7236993313900263	0.5159208178520203	238.4
hard:720414005	hard	B	B	True	False		0.7644888758659363	0.7644888758659363	0.09734945982553003	0.7644888758659363	356.69
easy:238011005	easy	A	A	True	True		0.44424429535865784	0.44424429535865784	0.4484650817132021	0.44424429535865784	355.72
easy:95280005	easy	A	A	True	True		0.49880149960517883	0.49880149960517883	0.3626144602072208	0.49880149960517883	241.85
none-narrower:789399002	none-narrower	none	none	True	False		0.616716206073761	0.616716206073761	0.19645187040954282	0.616716206073761	343.23
hard:28593007	hard	A	A	True	True		0.837287187576294	0.837287187576294	0.04136948367489487	0.837287187576294	240.57
easy:186668002	easy	A	A	True	True		0.7530558705329895	0.7530558705329895	0.10934106359407225	0.7530558705329895	373.63
easy:20392000	easy	A	A	True	True		0.36276230216026306	0.36276230216026306	0.5726480851593303	0.36276230216026306	163.63
hard:442416002	hard	A	none	False	True		0.37787264585494995	0.12032423168420792	1.0307463315718353	0.37787264585494995	348.14
retrieval-miss:234110002	retrieval-miss	none	none	True	False		0.45470213890075684	0.45470213890075684	0.3553450278047425	0.45470213890075684	242.97
easy:404086000	easy	A	A	True	True		0.5681076049804688	0.5681076049804688	0.2871805508069589	0.5681076049804688	366.49
easy:367542003	easy	A	none	False	True		0.38441798090934753	0.13367243111133575	0.9667990668698775	0.38441798090934753	351.05
easy:123596001	easy	A	D	False	True		0.3602255582809448	0.23196551203727722	0.8304421040833435	0.3602255582809448	239.94
easy:49723003	easy	A	A	True	True		0.6718602776527405	0.6718602776527405	0.1738853562172475	0.6718602776527405	242.37
none-narrower:1231379009	none-narrower	none	A	False	False		0.5773141384124756	0.2854768931865692	0.8485388974148413	0.5773141384124756	279.86
hard:719454003	hard	A	A	True	True		0.7574928998947144	0.7574928998947144	0.08875880024853258	0.7574928998947144	347.47
hard:764997000	hard	A	A	True	True		0.466270387172699	0.466270387172699	0.45092335365070124	0.466270387172699	467.17
easy:201192006	easy	A	F	False	True		0.3500054180622101	0.02725212089717388	1.2280126067513977	0.3500054180622101	197.11
hard:718848000	hard	A	A	True	True		0.6233658194541931	0.6233658194541931	0.22347951923633794	0.6233658194541931	348.14
none-narrower:16932000	none-narrower	none	none	True	False		0.5517325401306152	0.5517325401306152	0.24735528143980956	0.5517325401306152	350.74
hard:82852009	hard	A	none	False	True		0.5371931791305542	0.07093118131160736	1.2380014192659679	0.5371931791305542	351.38
easy:92040001	easy	A	A	True	True		0.539838433265686	0.539838433265686	0.3212572223444005	0.539838433265686	256.58
hard:36667009	hard	A	A	True	True		0.8459212779998779	0.8459212779998779	0.038807783015877444	0.8459212779998779	355.67
hard:254068007	hard	A	none	False	True		0.4761698544025421	0.39930224418640137	0.5909880863208795	0.4761698544025421	352.21
hard:31323000	hard	A	none	False	True		0.33120253682136536	0.14997605979442596	0.9360428670739848	0.33120253682136536	255.07
easy:60168000	easy	A	A	True	True		0.4599423110485077	0.4599423110485077	0.44597489270304774	0.4599423110485077	254.88
easy:764859001	easy	A	A	True	True		0.8603325486183167	0.8603325486183167	0.03055609496182275	0.8603325486183167	255.26
none-narrower:1052239007	none-narrower	none	none	True	False		0.5534611344337463	0.5534611344337463	0.26967988345680016	0.5534611344337463	242.21
hard:237889002	hard	A	A	True	True		0.6771243214607239	0.6771243214607239	0.17144743854404726	0.6771243214607239	352.37
none-narrower:105710000	none-narrower	none	H	False	False		0.48885858058929443	0.37539899349212646	0.633703588140173	0.48885858058929443	246.64
easy:1092381000119100	easy	A	A	True	True		0.6741704940795898	0.6741704940795898	0.1726419128652906	0.6741704940795898	348.05
easy:719514002	easy	A	A	True	True		0.7005859017372131	0.7005859017372131	0.14044430190810692	0.7005859017372131	423.99
hard:126907002	hard	D	none	False	False		0.5892956256866455	0.1573553830385208	1.0810439331905435	0.5892956256866455	348.72
hard:764440006	hard	B	B	True	False		0.6489951014518738	0.6489951014518738	0.22634778541598646	0.6489951014518738	359.44
easy:766870005	easy	B	B	True	False		0.7423893809318542	0.7423893809318542	0.12232322326029908	0.7423893809318542	371.8
hard:720495005	hard	A	A	True	True		0.8431997299194336	0.8431997299194336	0.0456326057468453	0.8431997299194336	348.8
hard:711483003	hard	A	A	True	True		0.5928113460540771	0.5928113460540771	0.2458552223999268	0.5928113460540771	349.78
hard:254774003	hard	A	A	True	True		0.8781229853630066	0.8781229853630066	0.02310887800341213	0.8781229853630066	351.25
retrieval-miss:719663005	retrieval-miss	none	none	True	False		0.4914577603340149	0.4914577603340149	0.4310043677236728	0.4914577603340149	254.19
easy:28366008	easy	A	A	True	True		0.478626549243927	0.478626549243927	0.43541460523885217	0.478626549243927	262.87
none-narrower:240704003	none-narrower	none	C	False	False		0.4027892053127289	0.3688482344150543	0.5753941599226016	0.4027892053127289	240.57
easy:707374005	easy	A	A	True	True		0.4158976078033447	0.4158976078033447	0.47823785536365043	0.4158976078033447	346.59
retrieval-miss:238019007	retrieval-miss	none	A	False	False		0.3236796259880066	0.29640430212020874	0.6500300264093869	0.3236796259880066	239.75
hard:402425006	hard	A	B	False	True		0.31672677397727966	0.2900373339653015	0.7059418209192698	0.31672677397727966	242.84
none-narrower:724647003	none-narrower	none	none	True	False		0.4589429199695587	0.4589429199695587	0.44764646173969747	0.4589429199695587	435.27
easy:26029002	easy	A	A	True	True		0.7063760161399841	0.7063760161399841	0.12549299407869458	0.7063760161399841	354.29
easy:300988009	easy	A	E	False	True		0.44757622480392456	0.1305103749036789	1.0172881930244553	0.44757622480392456	257.82
easy:371160000	easy	A	none	False	True		0.5564660429954529	0.11410272866487503	1.1165374522602438	0.5564660429954529	246.13
easy:2589008	easy	A	B	False	True		0.27024051547050476	0.17402006685733795	0.8902213247609901	0.27024051547050476	236.6
hard:83172007	hard	A	A	True	True		0.4865089952945709	0.4865089952945709	0.36360099914860383	0.4865089952945709	236.78
hard:266254007	hard	A	none	False	True		0.3941645324230194	0.09638179838657379	1.0686421841890479	0.3941645324230194	194.73
hard:128123007	hard	A	none	False	True		0.40002307295799255	0.09781433641910553	1.077928509401082	0.40002307295799255	273.14
easy:399906000	easy	A	none	False	True		0.362329363822937	0.2782360315322876	0.7453173170298263	0.362329363822937	244.13
hard:62005008	hard	A	A	True	True		0.5263816714286804	0.5263816714286804	0.3458624518403716	0.5263816714286804	352.58
retrieval-miss:197284004	retrieval-miss	none	none	True	False		0.5568214058876038	0.5568214058876038	0.26044699678759514	0.5568214058876038	238.41
easy:60389000	easy	A	none	False	True		0.4820972681045532	0.40427282452583313	0.5898062359271559	0.4820972681045532	351.12
easy:55850004	easy	A	A	True	True		0.6933836936950684	0.6933836936950684	0.13704829186940604	0.6933836936950684	358.4
hard:763209008	hard	A	A	True	True		0.852385401725769	0.852385401725769	0.03150251424648659	0.852385401725769	427.87
easy:123948009	easy	B	B	True	False		0.5165249109268188	0.5165249109268188	0.37002041750050907	0.5165249109268188	203.02
none-narrower:197853008	none-narrower	none	C	False	False		0.43374305963516235	0.3971937894821167	0.5577934369430628	0.43374305963516235	200.1
hard:53783003	hard	A	A	True	True		0.5065835118293762	0.5065835118293762	0.34129042669713083	0.5065835118293762	239.99
hard:722389002	hard	A	A	True	True		0.37538984417915344	0.37538984417915344	0.5671214207054627	0.37538984417915344	354.56
hard:9078005	hard	A	A	True	True		0.5603845119476318	0.5603845119476318	0.3065209978894443	0.5603845119476318	237.16
hard:234349007	hard	A	B	False	True		0.5281674265861511	0.09917426109313965	1.1737181262814376	0.5281674265861511	243.26
easy:63042009	easy	A	A	True	True		0.6499741673469543	0.6499741673469543	0.1962307153589355	0.6499741673469543	258.98
easy:404077005	easy	A	none	False	True		0.3873484432697296	0.19154028594493866	0.8359540708403045	0.3873484432697296	249.24
hard:93559003	hard	A	A	True	True		0.6930299401283264	0.6930299401283264	0.1448780213197563	0.6930299401283264	350.55
easy:92660005	easy	A	A	True	True		0.45111024379730225	0.45111024379730225	0.38709855400213883	0.45111024379730225	237.58
hard:187675005	hard	A	none	False	True		0.36817434430122375	0.2827244699001312	0.7312797927303485	0.36817434430122375	256.44
hard:34713006	hard	A	none	False	True		0.35270756483078003	0.2957703769207001	0.6703157954474375	0.35270756483078003	356.92
none-narrower:1090651000119103	none-narrower	none	A	False	False		0.5015015006065369	0.1596909612417221	1.0454403407929997	0.5015015006065369	237.65
hard:253353007	hard	A	A	True	True		0.684088408946991	0.684088408946991	0.14340947858908493	0.684088408946991	356.92
easy:239918008	easy	A	A	True	True		0.5583376884460449	0.5583376884460449	0.27577180577999477	0.5583376884460449	260.54
none-narrower:30390004	none-narrower	none	none	True	False		0.5027174353599548	0.5027174353599548	0.3238710617687077	0.5027174353599548	243.01
hard:63144007	hard	A	A	True	True		0.7121207118034363	0.7121207118034363	0.12091788217174987	0.7121207118034363	352.97
easy:230350000	easy	A	A	True	True		0.8734052181243896	0.8734052181243896	0.027255812595398117	0.8734052181243896	348.6
easy:255037004	easy	A	A	True	True		0.36691340804100037	0.36691340804100037	0.5752895910175257	0.36691340804100037	349.2
hard:128333008	hard	A	none	False	True		0.413714736700058	0.2439606636762619	0.7800709199497456	0.413714736700058	243.35
easy:254589009	easy	A	none	False	True		0.4535893499851227	0.34831541776657104	0.6394440564675208	0.4535893499851227	243.9
easy:399995006	easy	A	A	True	True		0.4000573456287384	0.4000573456287384	0.5285225110648366	0.4000573456287384	257.93
hard:444150000	hard	A	D	False	True		0.3929710388183594	0.2317284494638443	0.8372109929539926	0.3929710388183594	246.64
easy:427232004	easy	A	B	False	True		0.47959667444229126	0.13984732329845428	1.0840069438150868	0.47959667444229126	366.17
easy:253098009	easy	A	A	True	True		0.57270747423172	0.57270747423172	0.2731234891309122	0.57270747423172	358.27
easy:65295003	easy	A	A	True	True		0.7582544088363647	0.7582544088363647	0.08579016826488628	0.7582544088363647	240.44
hard:204950001	hard	A	A	True	True		0.4661554992198944	0.4661554992198944	0.40577237472836025	0.4661554992198944	260.92
easy:63398001	easy	A	A	True	True		0.47586590051651	0.47586590051651	0.4145550245746035	0.47586590051651	249.56
easy:13468005	easy	A	none	False	True		0.6196627616882324	0.040459565818309784	1.344087926745007	0.6196627616882324	243.74
easy:86299006	easy	A	A	True	True		0.5828321576118469	0.5828321576118469	0.31526719646003715	0.5828321576118469	237.64
hard:55822004	hard	A	none	False	True		0.4341127872467041	0.3975323438644409	0.564081700059293	0.4341127872467041	262.59
hard:20957000	hard	A	none	False	True		0.41263094544410706	0.13139228522777557	1.0507532072678474	0.41263094544410706	243.37
none-narrower:70783003	none-narrower	none	C	False	False		0.4002402126789093	0.4002402126789093	0.530509613515857	0.4002402126789093	204.29
easy:40122008	easy	A	A	True	True		0.4624713659286499	0.4624713659286499	0.47046211550196876	0.4624713659286499	240.82
easy:27885002	easy	A	A	True	True		0.7137994170188904	0.7137994170188904	0.11989104527419696	0.7137994170188904	357.22
easy:371089000	easy	A	A	True	True		0.5844132304191589	0.5844132304191589	0.2925148629520288	0.5844132304191589	363.58
hard:255072001	hard	A	none	False	True		0.33796146512031555	0.30948320031166077	0.661681010850318	0.33796146512031555	350.67
hard:127231009	hard	A	none	False	True		0.34005242586135864	0.15398363769054413	0.9404985635393172	0.34005242586135864	358.45
none-narrower:428592003	none-narrower	none	H	False	False		0.49213579297065735	0.3779155910015106	0.632575648493191	0.49213579297065735	264.27
none-narrower:406570003	none-narrower	none	none	True	False		0.5426390767097473	0.5426390767097473	0.2703206747133391	0.5426390767097473	261.85
hard:65049003	hard	A	A	True	True		0.352451354265213	0.352451354265213	0.6055893092389353	0.352451354265213	245.25
easy:765096001	easy	A	A	True	True		0.5808261036872864	0.5808261036872864	0.2614665812351222	0.5808261036872864	357.91
easy:763536006	easy	A	A	True	True		0.8073724508285522	0.8073724508285522	0.06464897558262862	0.8073724508285522	356.02
easy:429735007	easy	A	A	True	True		0.49326056241989136	0.49326056241989136	0.38762272997008007	0.49326056241989136	357.47
hard:90584004	hard	A	none	False	True		0.40399467945098877	0.36995214223861694	0.5770727085324048	0.40399467945098877	246.13
easy:58868000	easy	A	A	True	True		0.5620471239089966	0.5620471239089966	0.30428802995525855	0.5620471239089966	359.07
none-narrower:20239009	none-narrower	none	none	True	False		0.5098698139190674	0.5098698139190674	0.2953643894049425	0.5098698139190674	245.19
easy:722006004	easy	A	A	True	True		0.3814828395843506	0.3814828395843506	0.5479980376797375	0.3814828395843506	377.36
hard:236746000	hard	A	A	True	True		0.4455987811088562	0.4455987811088562	0.43552475706962734	0.4455987811088562	197.32
hard:271532008	hard	A	H	False	True		0.4120226502418518	0.09225885570049286	1.1388105154615276	0.4120226502418518	242.12
hard:198130006	hard	A	A	True	True		0.6219524145126343	0.6219524145126343	0.2165358591529411	0.6219524145126343	250.67
retrieval-miss:716996008	retrieval-miss	none	A	False	False		0.8298274874687195	0.14268721640110016	1.4237429390192424	0.8298274874687195	366.56
hard:231861005	hard	A	A	True	True		0.5355615019798279	0.5355615019798279	0.3071027166165162	0.5355615019798279	242.58
easy:367520004	easy	A	A	True	True		0.6605184674263	0.6605184674263	0.19120404542352354	0.6605184674263	351.06
hard:724575009	hard	A	A	True	True		0.398838073015213	0.398838073015213	0.5178431656649536	0.398838073015213	350.33
easy:22298006	easy	A	A	True	True		0.46217432618141174	0.46217432618141174	0.4492240806700299	0.46217432618141174	239.92
easy:709282004	easy	A	none	False	True		0.42393243312835693	0.38820984959602356	0.5706288052097861	0.42393243312835693	357.97
hard:763309005	hard	A	A	True	True		0.869412362575531	0.869412362575531	0.02526956572137509	0.869412362575531	430.79
retrieval-miss:16459000	retrieval-miss	none	none	True	False		0.43665650486946106	0.43665650486946106	0.46233582953439134	0.43665650486946106	361.25
easy:63119004	easy	A	A	True	True		0.5578248500823975	0.5578248500823975	0.29619727179979205	0.5578248500823975	370.09
hard:254114000	hard	A	none	False	True		0.3650504946708679	0.3342895805835724	0.6186388729046302	0.3650504946708679	263.02
hard:763658004	hard	A	A	True	True		0.8002738952636719	0.8002738952636719	0.05859326162794613	0.8002738952636719	432.78
easy:81211007	easy	A	A	True	True		0.331886887550354	0.331886887550354	0.5895268729732198	0.331886887550354	263.87
hard:26745009	hard	A	A	True	True		0.500906765460968	0.500906765460968	0.3689294609099123	0.500906765460968	238.7
easy:432328008	easy	A	A	True	True		0.38948696851730347	0.38948696851730347	0.5120303308906202	0.38948696851730347	262.11
easy:68116008	easy	A	A	True	True		0.6860915422439575	0.6860915422439575	0.1672058413439088	0.6860915422439575	244.31
hard:18260003	hard	A	A	True	True		0.8297324776649475	0.8297324776649475	0.0494769829162308	0.8297324776649475	245.88
hard:25569003	hard	A	A	True	True		0.48457059264183044	0.48457059264183044	0.39905468790378973	0.48457059264183044	263.46
none-narrower:724612006	none-narrower	none	H	False	False		0.4231165945529938	0.3249151110649109	0.6579167876524128	0.4231165945529938	360.83
easy:254898001	easy	A	A	True	True		0.35524019598960876	0.35524019598960876	0.540483841792776	0.35524019598960876	364.89
none-narrower:126999006	none-narrower	none	none	True	False		0.43462422490119934	0.43462422490119934	0.4860168068839633	0.43462422490119934	272.81
hard:75614007	hard	A	A	True	True		0.7010412812232971	0.7010412812232971	0.12930220158593186	0.7010412812232971	263.0
easy:74100001	easy	A	none	False	True		0.4637940526008606	0.10385145992040634	1.0605932796635789	0.4637940526008606	260.02
easy:192644005	easy	A	A	True	True		0.8566796779632568	0.8566796779632568	0.03587682741685923	0.8566796779632568	358.03
none-narrower:370494002	none-narrower	none	F	False	False		0.5332463979721069	0.28794974088668823	0.800683506656418	0.5332463979721069	239.7
none-narrower:94514000	none-narrower	none	none	True	False		0.5089205503463745	0.5089205503463745	0.2988167702738826	0.5089205503463745	350.12
easy:717789008	easy	A	none	False	True		0.4217914938926697	0.20857226848602295	0.8609480646498829	0.4217914938926697	356.63
hard:715825009	hard	A	A	True	True		0.8001958131790161	0.8001958131790161	0.06290636979721942	0.8001958131790161	359.63
retrieval-miss:408642003	retrieval-miss	none	A	False	False		0.599833071231842	0.29661229252815247	0.8578269323497354	0.599833071231842	357.74
hard:30292005	hard	A	A	True	True		0.5652296543121338	0.5652296543121338	0.26787733227876304	0.5652296543121338	248.69
easy:196102003	easy	A	A	True	True		0.4439016282558441	0.4439016282558441	0.4545300614510139	0.4439016282558441	259.06
easy:722034006	easy	A	A	True	True		0.5956568717956543	0.5956568717956543	0.25503146123726084	0.5956568717956543	263.26
hard:11314008	hard	A	A	True	True		0.5852148532867432	0.5852148532867432	0.22645142522933656	0.5852148532867432	244.21
none-narrower:831000119103	none-narrower	none	G	False	False		0.35545870661735535	0.35545870661735535	0.5688159999020144	0.35545870661735535	246.07
hard:725141006	hard	A	A	True	True		0.7647173404693604	0.7647173404693604	0.07779748548664703	0.7647173404693604	244.47
retrieval-miss:238534006	retrieval-miss	none	none	True	False		0.7265825271606445	0.7265825271606445	0.09077127893988288	0.7265825271606445	234.68
hard:724384008	hard	A	A	True	True		0.7843984961509705	0.7843984961509705	0.08340994531530016	0.7843984961509705	256.07
hard:723823004	hard	A	A	True	True		0.9220547676086426	0.9220547676086426	0.009754634089573293	0.9220547676086426	428.09
none-narrower:721781004	none-narrower	none	A	False	False		0.7316282391548157	0.19536106288433075	1.1843706934619675	0.7316282391548157	290.6
retrieval-miss:69646003	retrieval-miss	none	none	True	False		0.5985249876976013	0.5985249876976013	0.19681576722443087	0.5985249876976013	436.42
retrieval-miss:431396003	retrieval-miss	none	B	False	False		0.5447298884391785	0.35077688097953796	0.7206142261408349	0.5447298884391785	354.91
hard:42908004	hard	A	A	True	True		0.6486291289329529	0.6486291289329529	0.1973075702670061	0.6486291289329529	238.65
easy:74469006	easy	B	none	False	False		0.40977954864501953	0.09175668656826019	1.0609454540623908	0.40977954864501953	245.23
retrieval-miss:10170007	retrieval-miss	none	C	False	False		0.5439221858978271	0.38248616456985474	0.6783708619476513	0.5439221858978271	351.41
hard:18756002	hard	A	none	False	True		0.4327916204929352	0.15049323439598083	1.0212174030694152	0.4327916204929352	347.5
none-narrower:1217382002	none-narrower	none	none	True	False		0.5131925344467163	0.5131925344467163	0.30908991005368364	0.5131925344467163	430.96
retrieval-miss:234062003	retrieval-miss	none	none	True	False		0.39506644010543823	0.39506644010543823	0.501525859737934	0.39506644010543823	245.63
hard:765141005	hard	A	A	True	True		0.8537749648094177	0.8537749648094177	0.034308563246593066	0.8537749648094177	374.49
hard:715462003	hard	A	A	True	True		0.7331055998802185	0.7331055998802185	0.1259258764995323	0.7331055998802185	361.5
easy:88232005	easy	A	none	False	True		0.4755121171474457	0.18056358397006989	0.9471628189222474	0.4755121171474457	256.18
none-narrower:272006008	none-narrower	none	none	True	False		0.4501895010471344	0.4501895010471344	0.40581247117129526	0.4501895010471344	247.21
easy:400179000	easy	A	D	False	True		0.31704822182655334	0.06501031666994095	1.105554104495943	0.31704822182655334	250.59
easy:81854007	easy	A	A	True	True		0.44608500599861145	0.44608500599861145	0.510026600406662	0.44608500599861145	241.92
retrieval-miss:237692001	retrieval-miss	none	A	False	False		0.4776463210582733	0.36678898334503174	0.6340394386262007	0.4776463210582733	354.81
none-narrower:1145446000	none-narrower	none	none	True	False		0.5882958173751831	0.5882958173751831	0.2579652259854493	0.5882958173751831	240.26
easy:89723004	easy	A	A	True	True		0.4393360912799835	0.4393360912799835	0.45300571309422755	0.4393360912799835	243.06
hard:719825000	hard	A	A	True	True		0.6245138049125671	0.6245138049125671	0.23729935546040296	0.6245138049125671	352.96
hard:74400008	hard	A	F	False	True		0.3431546688079834	0.20235256850719452	0.8517093134482527	0.3431546688079834	234.82
hard:41910004	hard	A	A	True	True		0.5935516357421875	0.5935516357421875	0.2540138121146684	0.5935516357421875	262.49
easy:253103006	easy	A	A	True	True		0.3534848988056183	0.3534848988056183	0.5282622162429891	0.3534848988056183	193.97
easy:92437008	easy	A	A	True	True		0.478424996137619	0.478424996137619	0.4127871942362258	0.478424996137619	340.0
easy:38371006	easy	A	A	True	True		0.444026917219162	0.444026917219162	0.4682061940538361	0.444026917219162	252.88
easy:715770009	easy	A	A	True	True		0.7593564987182617	0.7593564987182617	0.09928527215368724	0.7593564987182617	345.4
hard:196027008	hard	A	A	True	True		0.5795881152153015	0.5795881152153015	0.252163509963956	0.5795881152153015	240.0
hard:719164000	hard	A	A	True	True		0.8112573027610779	0.8112573027610779	0.06339175494564976	0.8112573027610779	250.47
none-narrower:403373008	none-narrower	none	H	False	False		0.6950201988220215	0.24167689681053162	1.0589100862087166	0.6950201988220215	232.73
hard:416481006	hard	A	A	True	True		0.5598433017730713	0.5598433017730713	0.27988183631645275	0.5598433017730713	339.97
none-narrower:94973007	none-narrower	none	none	True	False		0.5670943856239319	0.5670943856239319	0.2321624151215644	0.5670943856239319	339.96
hard:237604008	hard	A	none	False	True		0.3071577548980713	0.1977931410074234	0.8234942365509808	0.3071577548980713	349.33
hard:86341008	hard	A	none	False	True		0.5138328075408936	0.14983035624027252	1.0191657025812184	0.5138328075408936	248.41
hard:171131006	hard	A	C	False	True		0.3070738911628723	0.25750330090522766	0.7352011971333305	0.3070738911628723	308.99
none-narrower:95255005	none-narrower	none	none	True	False		0.4412447512149811	0.4412447512149811	0.4416172937584283	0.4412447512149811	233.13
none-narrower:1156852009	none-narrower	none	none	True	False		0.4679669439792633	0.4679669439792633	0.328495495317866	0.4679669439792633	352.29
easy:56604005	easy	A	none	False	True		0.3080343008041382	0.25830864906311035	0.7037158248586239	0.3080343008041382	233.17
retrieval-miss:17406005	retrieval-miss	none	none	True	False		0.35874974727630615	0.35874974727630615	0.504699192253243	0.35874974727630615	227.2
retrieval-miss:720635002	retrieval-miss	none	none	True	False		0.7728642225265503	0.7728642225265503	0.06054933010610658	0.7728642225265503	343.92
hard:116381000119105	hard	A	A	True	True		0.49396252632141113	0.49396252632141113	0.367913522920486	0.49396252632141113	338.86
easy:69163003	easy	A	A	True	True		0.7150697708129883	0.7150697708129883	0.1432595331147019	0.7150697708129883	350.37
easy:719140001	easy	A	A	True	True		0.7271398305892944	0.7271398305892944	0.12834333055429586	0.7271398305892944	350.08
retrieval-miss:425740005	retrieval-miss	none	H	False	False		0.3264201879501343	0.2989139258861542	0.6889475560131386	0.3264201879501343	354.66
none-narrower:2858002	none-narrower	none	C	False	False		0.4480528235435486	0.4480528235435486	0.5081013208126444	0.4480528235435486	246.98
none-narrower:94682004	none-narrower	none	none	True	False		0.6422999501228333	0.6422999501228333	0.15472425432640216	0.6422999501228333	346.77
hard:403900000	hard	A	B	False	True		0.4363914132118225	0.18095673620700836	0.9428572873747811	0.4363914132118225	339.83
hard:197866008	hard	A	A	True	True		0.6216301321983337	0.6216301321983337	0.23885064997536606	0.6216301321983337	183.89
retrieval-miss:16814004	retrieval-miss	none	none	True	False		0.4640231132507324	0.4640231132507324	0.47124544212344127	0.4640231132507324	254.4
easy:111798006	easy	A	A	True	True		0.41888073086738586	0.41888073086738586	0.46613836912921247	0.41888073086738586	248.77
hard:234451005	hard	A	A	True	True		0.8193025588989258	0.8193025588989258	0.056448169985654384	0.8193025588989258	339.81
easy:58718002	easy	A	A	True	True		0.8814448118209839	0.8814448118209839	0.023661000010144734	0.8814448118209839	233.99
easy:720612000	easy	A	A	True	True		0.9003570079803467	0.9003570079803467	0.01501076226032077	0.9003570079803467	353.88
easy:363358000	easy	A	none	False	True		0.3696835935115814	0.12854887545108795	0.9858837400954673	0.3696835935115814	339.92
easy:53974002	easy	A	A	True	True		0.47245559096336365	0.47245559096336365	0.4089961332702895	0.47245559096336365	338.9
hard:85559002	hard	B	B	True	False		0.4617166221141815	0.4617166221141815	0.5045817608739815	0.4617166221141815	241.21
hard:187681002	hard	A	A	True	True		0.3126828074455261	0.3126828074455261	0.6558864110445243	0.3126828074455261	249.56
easy:254129003	easy	A	A	True	True		0.8775569200515747	0.8775569200515747	0.02455386015212202	0.8775569200515747	272.51
hard:62377009	hard	A	A	True	True		0.659170389175415	0.659170389175415	0.19180680288730667	0.659170389175415	250.76
hard:76976005	hard	A	none	False	True		0.5469571948051453	0.270465612411499	0.8392168332656084	0.5469571948051453	240.11
hard:19138001	hard	A	A	True	True		0.6744981408119202	0.6744981408119202	0.15604194959116785	0.6744981408119202	287.66
easy:18842008	easy	A	B	False	True		0.2959461212158203	0.11237786710262299	1.0366418798137227	0.2959461212158203	231.3
retrieval-miss:10087007	retrieval-miss	none	D	False	False		0.6008635759353638	0.2971218526363373	0.8574980501304496	0.6008635759353638	244.4
hard:190724004	hard	A	none	False	True		0.4821088910102844	0.10795246809720993	1.1153670385477212	0.4821088910102844	231.29
easy:404057003	easy	A	A	True	True		0.35182303190231323	0.35182303190231323	0.5834221944624641	0.35182303190231323	345.71
easy:264443002	easy	A	A	True	True		0.7561171054840088	0.7561171054840088	0.10069831549681552	0.7561171054840088	233.33
easy:363433009	easy	A	none	False	True		0.36860886216163635	0.15284961462020874	0.9278807948478085	0.36860886216163635	343.41
hard:28670008	hard	A	A	True	True		0.6461014747619629	0.6461014747619629	0.19962004693256022	0.6461014747619629	233.24
hard:92386006	hard	A	A	True	True		0.47636377811431885	0.47636377811431885	0.39260129815559064	0.47636377811431885	245.9
none-narrower:472783006	none-narrower	none	H	False	False		0.551868736743927	0.35537388920783997	0.7214805313686701	0.551868736743927	233.24
easy:405822008	easy	A	B	False	True		0.28864550590515137	0.26432284712791443	0.712445773827282	0.28864550590515137	358.67
hard:59229005	hard	A	A	True	True		0.34681978821754456	0.34681978821754456	0.5997514682613024	0.34681978821754456	233.12
none-narrower:771177009	none-narrower	none	A	False	False		0.7180789113044739	0.22865453362464905	1.1113210412658163	0.7180789113044739	337.58
hard:19620000	hard	A	A	True	True		0.5957630276679993	0.5957630276679993	0.24429863327058637	0.5957630276679993	241.76
none-narrower:441530006	none-narrower	none	A	False	False		0.6193548440933228	0.2351842075586319	0.9731114712483977	0.6193548440933228	237.73
hard:36989005	hard	A	A	True	True		0.5614878535270691	0.5614878535270691	0.3243309819480129	0.5614878535270691	353.22
none-narrower:276866009	none-narrower	none	none	True	False		0.5069816708564758	0.5069816708564758	0.30666723889976893	0.5069816708564758	348.25
none-narrower:403785002	none-narrower	none	none	True	False		0.6654735803604126	0.6654735803604126	0.15090078243971647	0.6654735803604126	340.05
hard:721836009	hard	A	A	True	True		0.7890787720680237	0.7890787720680237	0.07596571574880243	0.7890787720680237	362.24
none-narrower:373405005	none-narrower	none	A	False	False		0.4806934893131256	0.40309566259384155	0.5904162899812426	0.4806934893131256	238.23
hard:24629003	hard	A	A	True	True		0.8590320944786072	0.8590320944786072	0.03287842512520155	0.8590320944786072	355.69
hard:404659001	hard	A	A	True	True		0.27727562189102173	0.27727562189102173	0.6899875535074725	0.27727562189102173	349.43
hard:719800009	hard	A	A	True	True		0.8848360776901245	0.8848360776901245	0.021420230906950985	0.8848360776901245	338.76
easy:720603002	easy	A	A	True	True		0.8086237907409668	0.8086237907409668	0.060028842920599484	0.8086237907409668	349.24
hard:56267009	hard	A	A	True	True		0.4857196807861328	0.4857196807861328	0.4074853949484631	0.4857196807861328	339.62
none-narrower:47378001	none-narrower	none	none	True	False		0.45358332991600037	0.45358332991600037	0.4010812810128431	0.45358332991600037	354.31
hard:196305005	hard	A	A	True	True		0.4329734146595001	0.4329734146595001	0.4950957638140976	0.4329734146595001	348.66
hard:290653008	hard	A	A	True	True		0.6295850872993469	0.6295850872993469	0.22127666498958817	0.6295850872993469	344.06
retrieval-miss:21893008	retrieval-miss	none	none	True	False		0.5951382517814636	0.5951382517814636	0.20054484153753152	0.5951382517814636	351.5
easy:720344007	easy	A	E	False	True		0.40496301651000977	0.15377436578273773	0.9392682142676534	0.40496301651000977	342.51
easy:95210003	easy	A	A	True	True		0.48432037234306335	0.48432037234306335	0.37544548934156163	0.48432037234306335	356.7
none-narrower:724749007	none-narrower	none	C	False	False		0.3648017346858978	0.33406180143356323	0.6251732983317004	0.3648017346858978	240.32
hard:12676007	hard	A	A	True	True		0.5306742191314697	0.5306742191314697	0.3406345095447386	0.5306742191314697	200.37
easy:89392001	easy	A	A	True	True		0.5458399653434753	0.5458399653434753	0.31339204300288614	0.5458399653434753	251.24
easy:37754005	easy	A	none	False	True		0.5026862621307373	0.3237023949623108	0.7156885871786975	0.5026862621307373	257.41
easy:721015008	easy	B	B	True	False		0.675614595413208	0.675614595413208	0.1988954562342855	0.675614595413208	252.84
hard:443439001	hard	A	none	False	True		0.36727434396743774	0.33632606267929077	0.625263434536729	0.36727434396743774	354.18
hard:716683005	hard	A	A	True	True		0.8183677196502686	0.8183677196502686	0.05677233985578232	0.8183677196502686	350.69
none-narrower:231929005	none-narrower	none	none	True	False		0.4555579721927643	0.4555579721927643	0.47434868513035877	0.4555579721927643	190.84
easy:8635005	easy	A	A	True	True		0.7105973958969116	0.7105973958969116	0.13585207140852099	0.7105973958969116	248.98
hard:93390002	hard	A	none	False	True		0.4155714511871338	0.1445053070783615	1.0503972803822728	0.4155714511871338	239.16
hard:371199008	hard	A	none	False	True		0.3866698145866394	0.2719062566757202	0.7238976215472582	0.3866698145866394	221.22
easy:239085000	easy	B	B	True	False		0.6930721998214722	0.6930721998214722	0.14423222994116774	0.6930721998214722	227.06
easy:69080001	easy	A	A	True	True		0.47620147466659546	0.47620147466659546	0.392726091606915	0.47620147466659546	241.72
hard:768843007	hard	A	A	True	True		0.7826407551765442	0.7826407551765442	0.07835888639157235	0.7826407551765442	347.02
easy:89420002	easy	A	none	False	True		0.29154208302497864	0.2669753432273865	0.7038259601557987	0.29154208302497864	242.06
easy:763215008	easy	A	A	True	True		0.8117545247077942	0.8117545247077942	0.06322904270906116	0.8117545247077942	355.97
easy:717749002	easy	A	A	True	True		0.4570801854133606	0.4570801854133606	0.4291411535393627	0.4570801854133606	344.04
easy:47709007	easy	A	A	True	True		0.6454353332519531	0.6454353332519531	0.21185287989538393	0.6454353332519531	356.68
hard:720984008	hard	A	A	True	True		0.8523723483085632	0.8523723483085632	0.03700855083231587	0.8523723483085632	351.65
none-narrower:255169005	none-narrower	none	none	True	False		0.3879702687263489	0.3879702687263489	0.4818420287077574	0.3879702687263489	245.32
hard:234628004	hard	A	A	True	True		0.43529796600341797	0.43529796600341797	0.47973950598063725	0.43529796600341797	260.83
hard:722456001	hard	A	A	True	True		0.720595121383667	0.720595121383667	0.1311267980596577	0.720595121383667	345.82
hard:24752008	hard	A	A	True	True		0.7461448907852173	0.7461448907852173	0.09359746886485482	0.7461448907852173	246.65
hard:733520002	hard	A	A	True	True		0.6298685073852539	0.6298685073852539	0.1941949054687937	0.6298685073852539	358.95
retrieval-miss:88887003	retrieval-miss	none	none	True	False		0.5590288639068604	0.5590288639068604	0.23302917187912378	0.5590288639068604	243.5
easy:716091000	easy	A	A	True	True		0.5417642593383789	0.5417642593383789	0.29646823162192915	0.5417642593383789	343.07
none-narrower:271570007	none-narrower	none	none	True	False		0.48308029770851135	0.48308029770851135	0.32191240229119744	0.48308029770851135	227.13
hard:55735004	hard	A	A	True	True		0.4940245449542999	0.4940245449542999	0.38794068650736246	0.4940245449542999	255.68
hard:13920009	hard	A	A	True	True		0.7508267164230347	0.7508267164230347	0.11019866710439677	0.7508267164230347	329.63
easy:1279844009	easy	A	A	True	True		0.6719577312469482	0.6719577312469482	0.18592843532765857	0.6719577312469482	229.92
none-narrower:312224002	none-narrower	none	A	False	False		0.6622103452682495	0.25145748257637024	1.0005105353895538	0.6622103452682495	237.82
easy:764996009	easy	A	A	True	True		0.9318832755088806	0.9318832755088806	0.006665601302142163	0.9318832755088806	702.17
none-narrower:254196004	none-narrower	none	A	False	False		0.6368024945259094	0.24180948734283447	0.9859150816317142	0.6368024945259094	354.26
easy:703266007	easy	A	A	True	True		0.4335941970348358	0.4335941970348358	0.4578524162351418	0.4335941970348358	256.61
none-narrower:773610007	none-narrower	none	A	False	False		0.5099582076072693	0.3586033880710602	0.6768035105344836	0.5099582076072693	349.18
none-narrower:447706001	none-narrower	none	none	True	False		0.4674552083015442	0.4674552083015442	0.4468388860030382	0.4674552083015442	334.55
hard:763528002	hard	A	A	True	True		0.6807644367218018	0.6807644367218018	0.1447760850095039	0.6807644367218018	338.23
hard:70737009	hard	C	C	True	False		0.5314491391181946	0.5314491391181946	0.38711422377447263	0.5314491391181946	347.71
hard:25374005	hard	A	A	True	True		0.5365294814109802	0.5365294814109802	0.3597655997197737	0.5365294814109802	237.34
retrieval-miss:237687003	retrieval-miss	none	none	True	False		0.8375898599624634	0.8375898599624634	0.03219035204337167	0.8375898599624634	352.38
retrieval-miss:703403003	retrieval-miss	none	none	True	False		0.7631059885025024	0.7631059885025024	0.07582740403087543	0.7631059885025024	352.59
hard:1271009	hard	A	A	True	True		0.6554613709449768	0.6554613709449768	0.19356447832283236	0.6554613709449768	331.6
hard:85708001	hard	A	A	True	True		0.6953727006912231	0.6953727006912231	0.14406362309918247	0.6953727006912231	251.79
none-narrower:111850006	none-narrower	none	none	True	False		0.36245474219322205	0.36245474219322205	0.5569602335882202	0.36245474219322205	227.19
easy:725413002	easy	A	A	True	True		0.8503660559654236	0.8503660559654236	0.04036947867212932	0.8503660559654236	344.78
hard:238047006	hard	A	A	True	True		0.7347387671470642	0.7347387671470642	0.12526633936812115	0.7347387671470642	234.39
easy:230655004	easy	A	A	True	True		0.4603104293346405	0.4603104293346405	0.47156038600029976	0.4603104293346405	228.59
easy:25476006	easy	A	A	True	True		0.49673932790756226	0.49673932790756226	0.36768297389159466	0.49673932790756226	329.79
hard:719209002	hard	A	A	True	True		0.5427734851837158	0.5427734851837158	0.3023373818618521	0.5427734851837158	348.52
hard:443520009	hard	A	A	True	True		0.34789857268333435	0.34789857268333435	0.6076058635213498	0.34789857268333435	232.93
none-narrower:1259592000	none-narrower	none	none	True	False		0.39732685685157776	0.39732685685157776	0.503102944498747	0.39732685685157776	344.0
none-narrower:373422007	none-narrower	none	none	True	False		0.4010511040687561	0.4010511040687561	0.4379352117381952	0.4010511040687561	230.67
easy:721835008	easy	A	A	True	True		0.6800917387008667	0.6800917387008667	0.15235068119150297	0.6800917387008667	347.31
hard:31097004	hard	D	D	True	False		0.7226061224937439	0.7226061224937439	0.1402020027629471	0.7226061224937439	339.65
easy:60136008	easy	A	A	True	True		0.5054349303245544	0.5054349303245544	0.3760448831260762	0.5054349303245544	227.27
easy:721075001	easy	A	A	True	True		0.8371368646621704	0.8371368646621704	0.0440875541158664	0.8371368646621704	346.04
easy:28783002	easy	G	G	True	False		0.6079713702201843	0.6079713702201843	0.20792178308276046	0.6079713702201843	234.5
retrieval-miss:1648002	retrieval-miss	none	none	True	False		0.3751908838748932	0.3751908838748932	0.5241677619151799	0.3751908838748932	346.57
hard:719650004	hard	A	A	True	True		0.5376335382461548	0.5376335382461548	0.2945107405851133	0.5376335382461548	339.13
easy:297237003	easy	A	A	True	True		0.3158937990665436	0.3158937990665436	0.6177712614170301	0.3158937990665436	345.35
retrieval-miss:4945003	retrieval-miss	none	none	True	False		0.5347742438316345	0.5347742438316345	0.2780817613568062	0.5347742438316345	343.41
retrieval-miss:34042008	retrieval-miss	none	none	True	False		0.4588530361652374	0.4588530361652374	0.3589821396500081	0.4588530361652374	331.03
easy:126792007	easy	A	none	False	True		0.5054638981819153	0.16095268726348877	0.98296132509395	0.5054638981819153	249.56
easy:722059002	easy	A	A	True	True		0.8174630403518677	0.8174630403518677	0.04426496068779392	0.8174630403518677	340.06
easy:109995007	easy	A	A	True	True		0.4370248019695282	0.4370248019695282	0.48919008223338434	0.4370248019695282	348.23
easy:48500005	easy	A	A	True	True		0.6915892362594604	0.6915892362594604	0.1644889913628846	0.6915892362594604	233.57
none-narrower:49481000	none-narrower	none	C	False	False		0.42206835746765137	0.42206835746765137	0.523432386400976	0.42206835746765137	349.9
none-narrower:191820008	none-narrower	none	none	True	False		0.37477391958236694	0.37477391958236694	0.5008871316644599	0.37477391958236694	192.53
hard:43878008	hard	A	none	False	True		0.4705315828323364	0.08090691268444061	1.1259909180746517	0.4705315828323364	237.85
easy:45781009	easy	E	none	False	False		0.4201715886592865	0.24776816368103027	0.782724984625002	0.4201715886592865	344.53
easy:722690001	easy	A	A	True	True		0.42308738827705383	0.42308738827705383	0.48254095449896806	0.42308738827705383	335.98
none-narrower:1259443009	none-narrower	none	E	False	False		0.3670824468135834	0.30782416462898254	0.6630275670903805	0.3670824468135834	353.45
hard:41799005	hard	A	none	False	True		0.39497631788253784	0.06791534274816513	1.16668232188236	0.39497631788253784	248.29
hard:38804009	hard	A	A	True	True		0.6090298295021057	0.6090298295021057	0.24592715045619182	0.6090298295021057	331.12
easy:276954004	easy	A	none	False	True		0.3250264823436737	0.22855912148952484	0.773232482164206	0.3250264823436737	344.99
retrieval-miss:719848005	retrieval-miss	none	none	True	False		0.384676992893219	0.384676992893219	0.46944604241672927	0.384676992893219	189.71
easy:24790002	easy	A	D	False	True		0.40045103430747986	0.08211194723844528	1.1326410839635384	0.40045103430747986	347.98
easy:717008005	easy	A	A	True	True		0.8294045329093933	0.8294045329093933	0.04642660178728525	0.8294045329093933	409.56
none-narrower:4702003	none-narrower	none	B	False	False		0.504973292350769	0.3550979793071747	0.6749597124829123	0.504973292350769	229.32
none-narrower:262933008	none-narrower	none	none	True	False		0.4539823532104492	0.4539823532104492	0.40688324539598253	0.4539823532104492	342.81
retrieval-miss:61750000	retrieval-miss	none	none	True	False		0.3764841854572296	0.3764841854572296	0.47577901399597944	0.3764841854572296	244.58
hard:81577001	hard	A	none	False	True		0.4121262729167938	0.24302399158477783	0.7974865773988572	0.4121262729167938	253.45
hard:44730006	hard	A	A	True	True		0.8508409857749939	0.8508409857749939	0.03741403322755346	0.8508409857749939	341.81
none-narrower:722664004	none-narrower	none	none	True	False		0.40794113278388977	0.40794113278388977	0.4812972088288312	0.40794113278388977	248.57
hard:715907003	hard	A	A	True	True		0.8060293197631836	0.8060293197631836	0.06511444678480567	0.8060293197631836	340.52
hard:51523009	hard	A	A	True	True		0.5514087677001953	0.5514087677001953	0.2781176063032669	0.5514087677001953	253.0
retrieval-miss:445448008	retrieval-miss	none	none	True	False		0.4973320960998535	0.4973320960998535	0.349820932670444	0.4973320960998535	341.56
retrieval-miss:37610005	retrieval-miss	none	H	False	False		0.5089545249938965	0.3908308446407318	0.6317802817019811	0.5089545249938965	225.94
hard:718602007	hard	A	A	True	True		0.8830602765083313	0.8830602765083313	0.02330883948765732	0.8830602765083313	331.92
hard:49428008	hard	A	A	True	True		0.5312899947166443	0.5312899947166443	0.3869634631774729	0.5312899947166443	333.35
hard:42265009	hard	A	none	False	True		0.36346906423568726	0.30479463934898376	0.6557561660316694	0.36346906423568726	197.93
hard:33064008	hard	A	A	True	True		0.6919193863868713	0.6919193863868713	0.15387246982645125	0.6919193863868713	335.64
easy:42386007	easy	A	A	True	True		0.8283716440200806	0.8283716440200806	0.049945155329635844	0.8283716440200806	341.82
easy:254812004	easy	A	none	False	True		0.44264277815818787	0.33990877866744995	0.6442815205637316	0.44264277815818787	226.01
easy:722439009	easy	A	A	True	True		0.8898653984069824	0.8898653984069824	0.02033723871461967	0.8898653984069824	366.41
easy:44018007	easy	B	none	False	False		0.4876839220523834	0.16958089172840118	0.9551853309993832	0.4876839220523834	232.65
retrieval-miss:279611005	retrieval-miss	none	none	True	False		0.5698545575141907	0.5698545575141907	0.23562530885597838	0.5698545575141907	343.17
hard:80813006	hard	A	A	True	True		0.844820499420166	0.844820499420166	0.039119335962369474	0.844820499420166	243.34
easy:715776003	easy	A	A	True	True		0.7740439176559448	0.7740439176559448	0.0777244428346894	0.7740439176559448	345.14
none-narrower:59136001	none-narrower	none	none	True	False		0.41929635405540466	0.41929635405540466	0.434848265428159	0.41929635405540466	230.4
easy:402700001	easy	A	none	False	True		0.4954824447631836	0.11094703525304794	1.11060307087421	0.4954824447631836	239.57
easy:17608003	easy	A	A	True	True		0.904391348361969	0.904391348361969	0.015114732268583843	0.904391348361969	348.7
none-narrower:1255194004	none-narrower	none	A	False	False		0.39768800139427185	0.27965426445007324	0.7436885734029741	0.39768800139427185	346.28
none-narrower:818967003	none-narrower	none	A	False	False		0.6887608170509338	0.23950034379959106	1.0538806154616835	0.6887608170509338	349.03
hard:240849009	hard	A	A	True	True		0.7505261301994324	0.7505261301994324	0.09018663061363048	0.7505261301994324	344.0
hard:389145006	hard	A	A	True	True		0.622258186340332	0.622258186340332	0.21241090274577187	0.622258186340332	227.83
hard:35600002	hard	A	A	True	True		0.6614412069320679	0.6614412069320679	0.1569983959816756	0.6614412069320679	253.32
hard:197270009	hard	A	A	True	True		0.6871826648712158	0.6871826648712158	0.16655099859820088	0.6871826648712158	231.24
easy:85898001	easy	A	A	True	True		0.4371870458126068	0.4371870458126068	0.5112566653091697	0.4371870458126068	227.46
easy:764512003	easy	A	A	True	True		0.9627266526222229	0.9627266526222229	0.001907590781622617	0.9627266526222229	702.35
none-narrower:403369005	none-narrower	none	none	True	False		0.5083358883857727	0.5083358883857727	0.37391177086170013	0.5083358883857727	232.7
hard:124596009	hard	A	A	True	True		0.6102637052536011	0.6102637052536011	0.22170220679997965	0.6102637052536011	329.16
hard:75315001	hard	A	A	True	True		0.7773285508155823	0.7773285508155823	0.07188529655836934	0.7773285508155823	250.56
hard:18735004	hard	A	A	True	True		0.5808418989181519	0.5808418989181519	0.26471891195579966	0.5808418989181519	194.05
hard:237941007	hard	A	A	True	True		0.5032364130020142	0.5032364130020142	0.3986032238025351	0.5032364130020142	350.66
easy:70647001	easy	A	A	True	True		0.7671807408332825	0.7671807408332825	0.07781426714863542	0.7671807408332825	338.87
easy:35091000119101	easy	A	none	False	True		0.4814530611038208	0.09040267765522003	1.1444800548594694	0.4814530611038208	343.49
none-narrower:10184002	none-narrower	none	none	True	False		0.4777460992336273	0.4777460992336273	0.3554741907320572	0.4777460992336273	194.66
hard:35520007	hard	A	A	True	True		0.6928038001060486	0.6928038001060486	0.16390242095120158	0.6928038001060486	224.99
hard:18805001	hard	C	A	False	False		0.35636255145072937	0.06127578765153885	1.1104018966001405	0.35636255145072937	238.49
hard:126583006	hard	A	B	False	True		0.37883663177490234	0.14385338127613068	1.0226309170809575	0.37883663177490234	341.94
easy:715736008	easy	A	A	True	True		0.9561867117881775	0.9561867117881775	0.0029128460129763762	0.9561867117881775	342.15
hard:359007	hard	A	A	True	True		0.4084928333759308	0.4084928333759308	0.48213251627199255	0.4084928333759308	330.6
none-narrower:95005005	none-narrower	none	none	True	False		0.537931501865387	0.537931501865387	0.27418169977834245	0.537931501865387	239.55
none-narrower:15966341000119102	none-narrower	none	A	False	False		0.6637226939201355	0.27522334456443787	0.9665327361081177	0.6637226939201355	252.68
easy:233667003	easy	C	C	True	False		0.4252336025238037	0.4252336025238037	0.5197282981339124	0.4252336025238037	232.37
easy:724275005	easy	A	A	True	True		0.7580947279930115	0.7580947279930115	0.09978735759254946	0.7580947279930115	334.05
easy:723453002	easy	A	A	True	True		0.8721837401390076	0.8721837401390076	0.027548741534968165	0.8721837401390076	349.0
easy:190293001	easy	A	B	False	True		0.4199475944042206	0.14602702856063843	1.014550947120601	0.4199475944042206	335.92
none-narrower:94080006	none-narrower	none	B	False	False		0.3216501772403717	0.2697265148162842	0.7158256155074075	0.3216501772403717	328.98
easy:449824004	easy	A	A	True	True		0.6383864879608154	0.6383864879608154	0.20286087700783328	0.6383864879608154	250.99
none-narrower:1263522001	none-narrower	none	H	False	False		0.4276931881904602	0.3916536867618561	0.5611701402232984	0.4276931881904602	336.58
hard:720458005	hard	A	A	True	True		0.6375272870063782	0.6375272870063782	0.21665541239805192	0.6375272870063782	348.6
hard:62067003	hard	A	A	True	True		0.33692488074302673	0.33692488074302673	0.6129571663809517	0.33692488074302673	337.8
none-narrower:66944004	none-narrower	none	none	True	False		0.45020121335983276	0.45020121335983276	0.4770331523063826	0.45020121335983276	227.26
easy:90623003	easy	A	A	True	True		0.7300962805747986	0.7300962805747986	0.12715164084860112	0.7300962805747986	251.32
easy:49130001	easy	A	none	False	True		0.4317767024040222	0.2331567257642746	0.8164467939620477	0.4317767024040222	229.79
easy:230321007	easy	A	A	True	True		0.3439956605434418	0.3439956605434418	0.6139297251781055	0.3439956605434418	226.61
easy:36971009	easy	A	none	False	True		0.4744337797164917	0.09728210419416428	1.1056942401592011	0.4744337797164917	189.75
none-narrower:300457003	none-narrower	none	none	True	False		0.3954230546951294	0.3954230546951294	0.44937113343254326	0.3954230546951294	229.79
hard:87343002	hard	A	A	True	True		0.6068058609962463	0.6068058609962463	0.21858936677964358	0.6068058609962463	335.33
hard:415105001	hard	A	A	True	True		0.649183452129364	0.649183452129364	0.18557728917089655	0.649183452129364	251.69
hard:254582000	hard	A	none	False	True		0.46711698174476624	0.25224024057388306	0.8115390795104276	0.46711698174476624	338.21
easy:192004002	easy	A	A	True	True		0.3841216266155243	0.3841216266155243	0.5210749935352146	0.3841216266155243	197.01
easy:446989009	easy	A	none	False	True		0.430855393409729	0.17866113781929016	0.9295187993615419	0.430855393409729	334.82
none-narrower:204985001	none-narrower	none	none	True	False		0.5575803518295288	0.5575803518295288	0.2601508283554117	0.5575803518295288	235.91
easy:402723003	easy	A	none	False	True		0.511486291885376	0.1365782469511032	1.0319253064369758	0.511486291885376	246.29
none-narrower:265569002	none-narrower	none	B	False	False		0.5497643351554871	0.3241868317127228	0.7630639780705	0.5497643351554871	341.01
easy:65194006	easy	A	C	False	True		0.43728601932525635	0.016836438328027725	1.3246902085599068	0.43728601932525635	232.23
easy:255084004	easy	A	D	False	True		0.36973583698272705	0.33858010172843933	0.6129144850849307	0.36973583698272705	343.66
none-narrower:276873004	none-narrower	none	A	False	False		0.36837324500083923	0.21722353994846344	0.8321564344292872	0.36837324500083923	338.51
hard:92059004	hard	A	none	False	True		0.3780019283294678	0.34614965319633484	0.600937921922075	0.3780019283294678	238.29
hard:237083000	hard	A	A	True	True		0.4898608326911926	0.4898608326911926	0.39214908690632627	0.4898608326911926	250.51
none-narrower:54116000	none-narrower	none	none	True	False		0.4667927324771881	0.4667927324771881	0.3838346912880095	0.4667927324771881	337.28
retrieval-miss:105706003	retrieval-miss	none	B	False	False		0.5382246375083923	0.2906379699707031	0.8136756906275685	0.5382246375083923	226.12
easy:695751021000132104	easy	A	A	True	True		0.6516088247299194	0.6516088247299194	0.19547881019602192	0.6516088247299194	330.09
easy:28244003	easy	A	none	False	True		0.41554808616638184	0.3484666049480438	0.6330259520254369	0.41554808616638184	189.24
hard:121951000119101	hard	A	A	True	True		0.4978714883327484	0.4978714883327484	0.36506265849497727	0.4978714883327484	226.03
none-narrower:771013004	none-narrower	none	A	False	False		0.7981603741645813	0.14987096190452576	1.3605827033932596	0.7981603741645813	352.28
none-narrower:387681000	none-narrower	none	none	True	False		0.430921733379364	0.430921733379364	0.43315132054087735	0.430921733379364	235.0
easy:277617004	easy	A	A	True	True		0.32677987217903137	0.32677987217903137	0.6374838263725556	0.32677987217903137	346.57
hard:722378009	hard	A	A	True	True		0.6396328210830688	0.6396328210830688	0.21570428485303128	0.6396328210830688	339.59
hard:61253004	hard	A	none	False	True		0.4317319095134735	0.33153024315834045	0.6458781828334308	0.4317319095134735	226.4
retrieval-miss:238694002	retrieval-miss	none	A	False	False		0.7602913975715637	0.1702423095703125	1.2674739354707736	0.7602913975715637	344.49
easy:200722003	easy	A	A	True	True		0.7544873952865601	0.7544873952865601	0.08547175897206963	0.7544873952865601	231.89
hard:231931001	hard	A	none	False	True		0.43360063433647156	0.39706337451934814	0.5620961057527851	0.43360063433647156	343.17
none-narrower:402126004	none-narrower	none	H	False	False		0.4669124484062195	0.35854634642601013	0.6353768876906701	0.4669124484062195	292.61
none-narrower:359711001	none-narrower	none	A	False	False		0.4555778205394745	0.320362389087677	0.6866718754879715	0.4555778205394745	334.05
easy:194119004	easy	C	C	True	False		0.4324551224708557	0.4324551224708557	0.4651285998064427	0.4324551224708557	224.91
hard:41659003	hard	C	none	False	False		0.42652830481529236	0.2746613621711731	0.7400266549586421	0.42652830481529236	347.52
hard:14921002	hard	D	none	False	False		0.3880262076854706	0.07285986840724945	1.1553650454567546	0.3880262076854706	338.14
retrieval-miss:69488000	retrieval-miss	none	none	True	False		0.4370710253715515	0.4370710253715515	0.42170762655740346	0.4370710253715515	253.08
none-narrower:385006	none-narrower	none	none	True	False		0.4889961779117584	0.4889961779117584	0.3352401924081411	0.4889961779117584	236.06
none-narrower:186861006	none-narrower	none	none	True	False		0.3498905301094055	0.3498905301094055	0.5650422317125369	0.3498905301094055	258.24
easy:403889000	easy	A	A	True	True		0.40486982464790344	0.40486982464790344	0.48967811120079696	0.40486982464790344	347.53
retrieval-miss:78305006	retrieval-miss	none	none	True	False		0.4368429481983185	0.4368429481983185	0.44123935479190357	0.4368429481983185	358.83
easy:77098009	easy	A	none	False	True		0.43636980652809143	0.1975983828306198	0.8607838975531908	0.43636980652809143	339.01
hard:12546009	hard	B	A	False	False		0.4073638617992401	0.341603547334671	0.6480454160624721	0.4073638617992401	337.24
none-narrower:1177005009	none-narrower	none	none	True	False		0.46718961000442505	0.46718961000442505	0.4405826477109373	0.46718961000442505	227.09
easy:37925008	easy	A	A	True	True		0.6842616200447083	0.6842616200447083	0.15087458422300792	0.6842616200447083	231.59
easy:36517007	easy	A	A	True	True		0.5572510361671448	0.5572510361671448	0.29148819457046676	0.5572510361671448	239.93
easy:34742003	easy	A	none	False	True		0.43329060077667236	0.16453087329864502	0.9490775817595073	0.43329060077667236	159.14
easy:763833006	easy	A	A	True	True		0.6508893966674805	0.6508893966674805	0.1858621730755969	0.6508893966674805	410.55
hard:613003	hard	A	A	True	True		0.706636369228363	0.706636369228363	0.1468663343801347	0.706636369228363	239.27
hard:716108004	hard	A	A	True	True		0.8185917139053345	0.8185917139053345	0.056678410550993215	0.8185917139053345	347.91
easy:92272009	easy	A	E	False	True		0.34419864416122437	0.14272740483283997	0.9788193492565118	0.34419864416122437	333.74
easy:238612002	easy	A	none	False	True		0.36550796031951904	0.3347085118293762	0.6427194184691839	0.36550796031951904	335.79
hard:15033003	hard	A	A	True	True		0.8242142796516418	0.8242142796516418	0.05120458559984119	0.8242142796516418	239.12
easy:718174008	easy	A	none	False	True		0.38566434383392334	0.29615518450737	0.6896800004575813	0.38566434383392334	340.88
hard:193093009	hard	A	A	True	True		0.5273873805999756	0.5273873805999756	0.2967943537564986	0.5273873805999756	242.13
easy:92298003	easy	A	A	True	True		0.2944645583629608	0.2944645583629608	0.6446636045630294	0.2944645583629608	340.39
easy:447781009	easy	A	none	False	True		0.39781254529953003	0.09727390855550766	1.0476494756244432	0.39781254529953003	352.94
easy:267592003	easy	B	none	False	False		0.43802088499069214	0.33636024594306946	0.6492369881937994	0.43802088499069214	348.01
easy:763070001	easy	A	A	True	True		0.7970198392868042	0.7970198392868042	0.0682450682925003	0.7970198392868042	405.04
hard:715482004	hard	A	A	True	True		0.8337770700454712	0.8337770700454712	0.04512450236005554	0.8337770700454712	351.24
hard:39479004	hard	A	A	True	True		0.4213304817676544	0.4213304817676544	0.523533558244385	0.4213304817676544	346.24
retrieval-miss:277475006	retrieval-miss	none	F	False	False		0.5431119203567505	0.34973496198654175	0.7196066170569504	0.5431119203567505	337.35
hard:719404009	hard	A	A	True	True		0.6920034289360046	0.6920034289360046	0.15438862658882074	0.6920034289360046	254.45
easy:255039001	easy	A	A	True	True		0.7469190955162048	0.7469190955162048	0.104377410131077	0.7469190955162048	343.41
none-narrower:712527004	none-narrower	none	F	False	False		0.4153600335121155	0.3189587891101837	0.6659331374609319	0.4153600335121155	247.06
hard:763211004	hard	A	A	True	True		0.9307846426963806	0.9307846426963806	0.007054544213379373	0.9307846426963806	348.46
hard:76880004	hard	A	none	False	True		0.3605138659477234	0.30231648683547974	0.6638785938000097	0.3605138659477234	233.54
easy:92109005	easy	A	A	True	True		0.39974868297576904	0.39974868297576904	0.518682486741495	0.39974868297576904	257.85
easy:21794005	easy	A	A	True	True		0.6645157933235168	0.6645157933235168	0.1779110923231774	0.6645157933235168	247.1
easy:720976009	easy	A	A	True	True		0.9477764368057251	0.9477764368057251	0.003911192967195861	0.9477764368057251	406.21
easy:274902006	easy	A	A	True	True		0.8466086387634277	0.8466086387634277	0.0413731150613299	0.8466086387634277	339.54
hard:230672006	hard	A	A	True	True		0.4989601671695709	0.4989601671695709	0.38091291637044905	0.4989601671695709	333.28
easy:94292003	easy	A	A	True	True		0.5289924144744873	0.5289924144744873	0.32670131018736814	0.5289924144744873	345.04
hard:254609000	hard	A	A	True	True		0.3208398222923279	0.3208398222923279	0.6291314465018676	0.3208398222923279	248.63
easy:716653001	easy	A	A	True	True		0.4630359709262848	0.4630359709262848	0.4207715817873884	0.4630359709262848	346.82
hard:231479000	hard	A	none	False	True		0.36655837297439575	0.09787926822900772	1.041413321279248	0.36655837297439575	191.61
easy:363465007	easy	A	none	False	True		0.3836880624294281	0.2946375608444214	0.684499365230891	0.3836880624294281	233.26
none-narrower:92609009	none-narrower	none	none	True	False		0.47835054993629456	0.47835054993629456	0.34148323393445257	0.47835054993629456	230.39
hard:92412003	hard	A	A	True	True		0.4371070861816406	0.4371070861816406	0.44119657663380546	0.4371070861816406	341.82
easy:277950001	easy	A	none	False	True		0.35831278562545776	0.30047017335891724	0.675316394742418	0.35831278562545776	338.95
retrieval-miss:444755001	retrieval-miss	none	none	True	False		0.45924293994903564	0.45924293994903564	0.4097052550321276	0.45924293994903564	224.02
hard:126677000	hard	A	A	True	True		0.4987381398677826	0.4987381398677826	0.38201192607833806	0.4987381398677826	341.7
hard:398680004	hard	B	A	False	False		0.5239232182502747	0.03420845419168472	1.3444017971594457	0.5239232182502747	342.39
retrieval-miss:129565002	retrieval-miss	none	E	False	False		0.5115640759468079	0.3294198513031006	0.7164160193375629	0.5115640759468079	241.4
easy:266257000	easy	B	B	True	False		0.683916449546814	0.683916449546814	0.18054537804090526	0.683916449546814	249.13
easy:276975007	easy	A	none	False	True		0.3875318169593811	0.2975892126560211	0.6842977755459589	0.3875318169593811	345.94
easy:715984007	easy	A	A	True	True		0.7148677110671997	0.7148677110671997	0.14334058422675838	0.7148677110671997	343.44
easy:1963002	easy	A	A	True	True		0.5215572714805603	0.5215572714805603	0.34801487455449737	0.5215572714805603	330.24
hard:363451005	hard	A	none	False	True		0.32838761806488037	0.1936447024345398	0.8582568573727227	0.32838761806488037	252.24
hard:718679004	hard	A	A	True	True		0.8450425267219543	0.8450425267219543	0.04179685392447054	0.8450425267219543	234.23
none-narrower:1351328007	none-narrower	none	A	False	False		0.6706233620643616	0.27808478474617004	0.9713301233246265	0.6706233620643616	253.49
easy:609565001	easy	A	A	True	True		0.3952843248844147	0.3952843248844147	0.5388009127599666	0.3952843248844147	246.04
easy:713577007	easy	A	none	False	True		0.373065322637558	0.3128417730331421	0.6451583729275286	0.373065322637558	351.34
hard:402524007	hard	A	A	True	True		0.38476675748825073	0.38476675748825073	0.5428890904316646	0.38476675748825073	244.01
hard:403986008	hard	A	A	True	True		0.43674206733703613	0.43674206733703613	0.4526166224009302	0.43674206733703613	259.61
hard:126824007	hard	A	none	False	True		0.3866730034351349	0.12312661856412888	0.9997218231507357	0.3866730034351349	250.09
hard:702368000	hard	A	A	True	True		0.335029274225235	0.335029274225235	0.5971931834508193	0.335029274225235	350.84
hard:61663001	hard	A	A	True	True		0.37362557649612427	0.37362557649612427	0.5434085994542239	0.37362557649612427	344.63
easy:26597004	easy	A	A	True	True		0.460644394159317	0.460644394159317	0.3945585800019032	0.460644394159317	191.9
hard:763531001	hard	A	A	True	True		0.7466171979904175	0.7466171979904175	0.11185911642627512	0.7466171979904175	352.06
none-narrower:403552007	none-narrower	none	none	True	False		0.4815993905067444	0.4815993905067444	0.3320722732569872	0.4815993905067444	347.03
easy:195021004	easy	A	none	False	True		0.5323390364646912	0.3743416368961334	0.6774110818204627	0.5323390364646912	336.26
easy:32117000	easy	A	A	True	True		0.7632211446762085	0.7632211446762085	0.08265308671682553	0.7632211446762085	345.54
easy:717224002	easy	A	A	True	True		0.8498882055282593	0.8498882055282593	0.037680267556020705	0.8498882055282593	357.35
hard:419503008	hard	A	none	False	True		0.4459693729877472	0.053923897445201874	1.170628509146543	0.4459693729877472	252.15
easy:766982000	easy	A	A	True	True		0.7558696269989014	0.7558696269989014	0.08615774284043129	0.7558696269989014	428.27
hard:235796008	hard	A	A	True	True		0.7967559099197388	0.7967559099197388	0.06831548655230102	0.7967559099197388	241.66
none-narrower:84097002	none-narrower	none	A	False	False		0.5407617688179016	0.3802644908428192	0.6780237820541197	0.5407617688179016	247.12
easy:11442006	easy	A	none	False	True		0.4152090549468994	0.042100075632333755	1.1858460685643222	0.4152090549468994	354.14
hard:197260007	hard	C	C	True	False		0.41662922501564026	0.41662922501564026	0.4936552205864303	0.41662922501564026	238.21
easy:765747004	easy	A	A	True	True		0.556657612323761	0.556657612323761	0.3265954506816223	0.556657612323761	433.42
easy:700057001	easy	A	A	True	True		0.8126581311225891	0.8126581311225891	0.05858306556391862	0.8126581311225891	347.95
none-narrower:1087891000119107	none-narrower	none	A	False	False		0.4334004521369934	0.39688006043434143	0.5607820574536196	0.4334004521369934	230.72
hard:25044007	hard	A	none	False	True		0.3987036347389221	0.3651069402694702	0.5960465269600341	0.3987036347389221	238.31
easy:416510003	easy	A	D	False	True		0.3732620179653168	0.09966938942670822	1.080930677590644	0.3732620179653168	238.1
retrieval-miss:105668007	retrieval-miss	none	A	False	False		0.6834496855735779	0.25952205061912537	1.0164376702449198	0.6834496855735779	231.9
easy:274944000	easy	A	A	True	True		0.737955629825592	0.737955629825592	0.10303041070073285	0.737955629825592	357.02
none-narrower:84753008	none-narrower	none	none	True	False		0.43673983216285706	0.43673983216285706	0.41245918044323826	0.43673983216285706	235.11
none-narrower:1208841001	none-narrower	none	none	True	False		0.5269690155982971	0.5269690155982971	0.26458206405827733	0.5269690155982971	236.64
hard:19092004	hard	A	A	True	True		0.7152701616287231	0.7152701616287231	0.12147362841963809	0.7152701616287231	349.51
easy:22240003	easy	A	A	True	True		0.6478780508041382	0.6478780508041382	0.22682088418651764	0.6478780508041382	356.48
easy:429040005	easy	B	none	False	False		0.38085800409317017	0.10169758647680283	1.0053193444071091	0.38085800409317017	234.07
hard:424114000	hard	A	A	True	True		0.8844329714775085	0.8844329714775085	0.023000200039252496	0.8844329714775085	352.1
retrieval-miss:15566009	retrieval-miss	none	none	True	False		0.5831558108329773	0.5831558108329773	0.21703930987328332	0.5831558108329773	249.17
retrieval-miss:65038009	retrieval-miss	none	none	True	False		0.38866713643074036	0.38866713643074036	0.506908786032715	0.38866713643074036	186.29
hard:85039006	hard	A	A	True	True		0.3932662010192871	0.3932662010192871	0.537590780313153	0.3932662010192871	237.8
easy:763748007	easy	A	A	True	True		0.806206226348877	0.806206226348877	0.06502405841101996	0.806206226348877	345.46
retrieval-miss:39288006	retrieval-miss	none	B	False	False		0.3969913423061371	0.33290544152259827	0.6216829730548271	0.3969913423061371	232.93
none-narrower:1263575002	none-narrower	none	none	True	False		0.3724006116390228	0.3724006116390228	0.5593313279215051	0.3724006116390228	239.39
hard:18899000	hard	A	A	True	True		0.44780442118644714	0.44780442118644714	0.4113658517715377	0.44780442118644714	342.52
none-narrower:1299151005	none-narrower	none	A	False	False		0.782776415348053	0.17527709901332855	1.2932490588172851	0.782776415348053	338.55
easy:397923000	easy	A	none	False	True		0.516883134841919	0.396919310092926	0.6326930831797857	0.516883134841919	243.72
hard:126859007	hard	A	none	False	True		0.3757734000682831	0.02679300680756569	1.1827765389605485	0.3757734000682831	344.08
easy:8808004	easy	A	A	True	True		0.8026483654975891	0.8026483654975891	0.05862377597606733	0.8026483654975891	347.88
none-narrower:403856000	none-narrower	none	none	True	False		0.4770549237728119	0.4770549237728119	0.3422625787468827	0.4770549237728119	250.09
easy:724171006	easy	A	B	False	True		0.3365042507648468	0.1277787685394287	1.007504353054724	0.3365042507648468	258.14
hard:50390006	hard	A	A	True	True		0.7476882934570312	0.7476882934570312	0.10409586449615173	0.7476882934570312	237.32
easy:70410008	easy	A	A	True	True		0.6353274583816528	0.6353274583816528	0.21686599123773387	0.6353274583816528	342.15
easy:8634009	easy	A	none	False	True		0.42168909311294556	0.11260051280260086	1.0227649858220813	0.42168909311294556	247.58
hard:237770005	hard	A	A	True	True		0.7350502014160156	0.7350502014160156	0.11668530330271773	0.7350502014160156	354.35
hard:79830009	hard	A	A	True	True		0.7677942514419556	0.7677942514419556	0.08428810341687357	0.7677942514419556	192.59
none-narrower:783182004	none-narrower	none	G	False	False		0.38983938097953796	0.35698962211608887	0.603495748050916	0.38983938097953796	345.84
easy:51239001	easy	A	A	True	True		0.5683050155639648	0.5683050155639648	0.303020056793573	0.5683050155639648	236.42
none-narrower:236711008	none-narrower	none	F	False	False		0.4037347733974457	0.3385602831840515	0.6250116788061035	0.4037347733974457	226.89
hard:58349009	hard	A	none	False	True		0.39341431856155396	0.3602626919746399	0.5780283734178077	0.39341431856155396	332.72
easy:68241007	easy	B	B	True	False		0.45873862504959106	0.45873862504959106	0.42760539287981536	0.45873862504959106	231.77
easy:767713001	easy	A	B	False	True		0.5244042277336121	0.18234938383102417	1.0014336646509343	0.5244042277336121	228.76
hard:404078000	hard	A	A	True	True		0.48472699522972107	0.48472699522972107	0.381692275232899	0.48472699522972107	254.37
hard:770406002	hard	A	A	True	True		0.6246348023414612	0.6246348023414612	0.20325273925555715	0.6246348023414612	345.21
none-narrower:237819006	none-narrower	none	H	False	False		0.4986797869205475	0.38294079899787903	0.6333234638366565	0.4986797869205475	334.93
none-narrower:77746001	none-narrower	none	H	False	False		0.5304943323135376	0.4073706567287445	0.6332220900594572	0.5304943323135376	356.1
hard:80690008	hard	B	none	False	False		0.48984676599502563	0.37615782022476196	0.633036461079261	0.48984676599502563	247.56
none-narrower:10701000087104	none-narrower	none	none	True	False		0.6271311640739441	0.6271311640739441	0.1625547159841213	0.6271311640739441	236.4
