item_id	tier	truth	pred	hit	lex_hit	ambiguous	p_top	p_truth	brier	confidence	latency_ms
hard:253006001	hard	A	A	True	True		0.9932	0.9932	7.454000000000038e-05	0.9924	187.8
hard:363477002	hard	B	B	True	False		0.9913	0.9913	0.00013598000000000071	0.9902	169.8
hard:445187004	hard	A	A	True	True		0.9961	0.9961	3.0430000000000114e-05	0.9956	169.6
easy:274947007	easy	A	A	True	True		0.9905	0.9905	0.0001786199999999991	0.9893	196.1
hard:268262006	hard	A	A	True	True		0.9956	0.9956	3.621999999999965e-05	0.995	186.4
none-narrower:308123002	none-narrower	none	none	True	False		0.9992	0.9992	1.1400000000000365e-06	0.9992	156.2
easy:415238003	easy	A	A	True	True		0.9726	0.9726	0.001077739999999999	0.9692	163.1
easy:70272006	easy	A	A	True	True		0.9907	0.9907	0.00013097999999999954	0.9895	129.2
easy:422437002	easy	A	A	True	True		0.9842	0.9842	0.0004899400000000011	0.9823	168.8
easy:722117000	easy	A	A	True	True		0.9684	0.9684	0.0018994999999999973	0.9644	167.4
hard:254146000	hard	C	none	False	False		0.5892	0.0497	1.37896826	0.5378	178.5
easy:397868007	easy	A	A	True	True		0.9876	0.9876	0.00030751999999999917	0.986	202.8
easy:238735005	easy	A	A	True	True		0.9651	0.9651	0.002132430000000003	0.9607	169.8
easy:722294004	easy	A	A	True	True		0.9658	0.9658	0.002292100000000001	0.9615	244.7
easy:303852004	easy	A	A	True	True		0.986	0.986	0.0003892100000000003	0.9843	184.0
easy:154283005	easy	A	A	True	True		0.9923	0.9923	9.110000000000062e-05	0.9914	158.4
none-narrower:1259580000	none-narrower	none	none	True	False		0.998	0.998	7.610000000000008e-06	0.9978	186.2
none-narrower:53933002	none-narrower	none	none	True	False		0.9997	0.9997	1.3999999999998018e-07	0.9997	163.6
hard:237613005	hard	A	A	True	True		0.994	0.994	7.082000000000006e-05	0.9932	170.6
retrieval-miss:26715006	retrieval-miss	none	none	True	False		0.9999	0.9999	1.9999999999997797e-08	0.9999	139.2
easy:717772000	easy	A	A	True	True		0.9906	0.9906	0.00017301999999999932	0.9895	204.2
hard:232016005	hard	A	A	True	True		0.9957	0.9957	3.531999999999975e-05	0.9952	161.9
none-narrower:1268955002	none-narrower	none	none	True	False		0.9988	0.9988	2.879999999999949e-06	0.9986	168.8
hard:448227009	hard	A	A	True	True		0.5754	0.5754	0.27910534	0.5223	163.1
hard:698851003	hard	D	D	True	False		0.6815	0.6815	0.20205899	0.6417	219.9
hard:703388005	hard	A	A	True	True		0.9853	0.9853	0.00041791000000000137	0.9834	199.1
easy:720401009	easy	A	A	True	True		0.9567	0.9567	0.0036814400000000007	0.9513	202.7
easy:15228007	easy	A	A	True	True		0.9907	0.9907	0.0001729799999999995	0.9895	169.6
easy:297232009	easy	A	A	True	True		0.9854	0.9854	0.00041489999999999843	0.9836	181.0
easy:230782004	easy	A	A	True	True		0.8885	0.8885	0.024187020000000007	0.8746	219.1
easy:92439006	easy	A	A	True	True		0.9881	0.9881	0.0002610700000000005	0.9866	173.4
easy:193839007	easy	A	A	True	True		0.9697	0.9697	0.0016954199999999996	0.9659	193.1
easy:197601003	easy	A	A	True	True		0.9779	0.9779	0.0009339600000000005	0.9751	159.8
none-narrower:203245006	none-narrower	none	none	True	False		0.9989	0.9989	1.6599999999999778e-06	0.9988	164.4
easy:764854006	easy	A	A	True	True		0.993	0.993	9.528000000000008e-05	0.9921	167.1
none-narrower:1142265002	none-narrower	none	none	True	False		1.0	1.0	0.0	0.9999	160.4
easy:717360009	easy	A	A	True	True		0.9961	0.9961	2.8920000000000116e-05	0.9956	185.5
hard:190808009	hard	A	A	True	True		0.9935	0.9935	7.510999999999935e-05	0.9927	175.7
none-narrower:1177030007	none-narrower	none	none	True	False		0.9987	0.9987	2.9099999999999162e-06	0.9986	163.3
retrieval-miss:82639001	retrieval-miss	none	A	False	False		0.9765	0.0232	1.9076905800000001	0.9736	175.7
hard:86489003	hard	A	A	True	True		0.9958	0.9958	3.364999999999984e-05	0.9952	173.4
hard:448045004	hard	A	A	True	True		0.975	0.975	0.001183220000000001	0.9719	176.1
hard:719017003	hard	A	A	True	True		0.9835	0.9835	0.0005284199999999986	0.9814	191.1
easy:722201004	easy	A	A	True	True		0.9904	0.9904	0.000182420000000001	0.9892	203.7
easy:78267003	easy	A	A	True	True		0.9718	0.9718	0.00145225	0.9683	148.3
easy:119422004	easy	A	A	True	True		0.9816	0.9816	0.0005632799999999989	0.9793	174.4
easy:297238008	easy	A	A	True	True		0.8331	0.8331	0.055049950000000014	0.8122	188.6
none-narrower:1162315003	none-narrower	none	none	True	False		1.0	1.0	0.0	1.0	168.5
easy:439732004	easy	A	A	True	True		0.986	0.986	0.0003705100000000003	0.9842	174.6
hard:275437005	hard	B	none	False	False		0.6899	0.3063	0.9571894499999999	0.6511	154.4
none-narrower:280967004	none-narrower	none	none	True	False		1.0	1.0	0.0	1.0	164.0
easy:89141000	easy	A	A	True	True		0.9955	0.9955	3.793999999999953e-05	0.995	162.1
none-narrower:26681001	none-narrower	none	none	True	False		0.9907	0.9907	0.00015059999999999954	0.9895	161.3
retrieval-miss:265377002	retrieval-miss	none	none	True	False		0.9992	0.9992	1.0200000000000366e-06	0.9991	165.7
easy:82275008	easy	A	A	True	True		0.9917	0.9917	0.00013777999999999957	0.9906	205.2
hard:46683007	hard	A	A	True	True		0.9744	0.9744	0.0012955099999999975	0.9712	191.2
none-narrower:323321000119100	none-narrower	none	none	True	False		0.9995	0.9995	4.1999999999994495e-07	0.9994	160.1
none-narrower:190979003	none-narrower	none	A	False	False		0.986	0.0118	1.9487379799999998	0.9842	186.6
easy:738527001	easy	D	D	True	False		0.9733	0.9733	0.0013687899999999973	0.9699	247.8
easy:724095006	easy	A	A	True	True		0.9839	0.9839	0.00044771000000000014	0.9819	181.5
easy:719009006	easy	A	A	True	True		0.983	0.983	0.0005613500000000006	0.9809	189.1
none-narrower:71799002	none-narrower	none	none	True	False		0.9998	0.9998	7.999999999999119e-08	0.9998	182.9
none-narrower:17960009	none-narrower	none	none	True	False		1.0	1.0	0.0	1.0	190.9
easy:448709005	easy	A	A	True	True		0.9901	0.9901	0.0001782200000000004	0.9888	192.3
easy:2593002	easy	A	A	True	True		0.9949	0.9949	5.201999999999994e-05	0.9943	178.7
none-narrower:197342009	none-narrower	none	none	True	False		0.9996	0.9996	2.4999999999996473e-07	0.9996	169.6
hard:725464001	hard	A	A	True	True		0.9786	0.9786	0.000854959999999999	0.9759	210.2
easy:63302006	easy	A	A	True	True		0.9965	0.9965	2.1029999999999634e-05	0.996	162.0
hard:52868006	hard	A	A	True	True		0.9864	0.9864	0.00034664999999999853	0.9847	172.0
easy:448668007	easy	A	A	True	True		0.9856	0.9856	0.00041471999999999907	0.9838	150.3
retrieval-miss:254185007	retrieval-miss	none	none	True	False		0.9999	0.9999	1.9999999999997797e-08	0.9998	202.2
hard:70422006	hard	A	A	True	True		0.9896	0.9896	0.00021026999999999925	0.9883	159.8
easy:399956005	easy	A	A	True	True		0.9952	0.9952	3.638000000000026e-05	0.9946	177.0
hard:26132002	hard	A	A	True	True		0.969	0.969	0.0014535400000000016	0.9651	186.0
none-narrower:234503004	none-narrower	none	none	True	False		1.0	1.0	0.0	1.0	163.3
easy:109558001	easy	D	none	False	False		0.6994	0.2933	0.98862367	0.6618	158.7
retrieval-miss:59252009	retrieval-miss	none	A	False	False		0.9219	0.071	1.71298962	0.9121	195.6
easy:30800001	easy	A	A	True	True		0.9966	0.9966	2.007999999999972e-05	0.9961	184.8
retrieval-miss:195029002	retrieval-miss	none	none	True	False		0.9999	0.9999	9.999999999997797e-09	0.9999	186.2
none-narrower:196754001	none-narrower	none	none	True	False		1.0	1.0	0.0	1.0	136.1
easy:238001003	easy	A	none	False	True		0.5727	0.4197	0.6647881600000001	0.5193	187.0
easy:200973000	easy	A	A	True	True		0.9894	0.9894	0.00017483000000000114	0.9881	173.4
easy:403946000	easy	A	A	True	True		0.9897	0.9897	0.00018525999999999954	0.9884	202.7
easy:91514001	easy	A	A	True	True		0.9984	0.9984	4.290000000000147e-06	0.9982	122.2
none-narrower:95039009	none-narrower	none	none	True	False		1.0	1.0	0.0	0.9999	167.7
none-narrower:1148523003	none-narrower	none	none	True	False		0.9981	0.9981	5.100000000000049e-06	0.9978	176.5
easy:720514008	easy	A	A	True	True		0.9671	0.9671	0.002151710000000003	0.963	216.5
none-narrower:1254852008	none-narrower	none	none	True	False		0.9999	0.9999	1.9999999999997797e-08	0.9998	198.9
easy:719817002	easy	A	A	True	True		0.9432	0.9432	0.004964059999999995	0.9361	201.2
hard:47903000	hard	A	A	True	True		0.9913	0.9913	0.0001343100000000007	0.9902	181.3
hard:24069003	hard	A	A	True	True		0.9922	0.9922	0.00011713000000000045	0.9912	159.0
hard:742876007	hard	A	A	True	True		0.9559	0.9559	0.0038632700000000024	0.9504	208.2
easy:363495004	easy	A	A	True	True		0.9596	0.9596	0.0029736999999999993	0.9546	165.3
easy:55031000	easy	A	A	True	True		0.9959	0.9959	3.281999999999994e-05	0.9953	155.3
easy:11380006	easy	A	A	True	True		0.9938	0.9938	7.44499999999998e-05	0.993	174.0
hard:126835002	hard	A	A	True	True		0.9937	0.9937	6.713999999999966e-05	0.9929	169.5
hard:86133004	hard	A	A	True	True		0.9905	0.9905	0.0001767799999999991	0.9893	182.7
easy:61565001	easy	A	A	True	True		0.9927	0.9927	0.00010374999999999962	0.9917	164.6
easy:271432005	easy	A	A	True	True		0.9972	0.9972	1.5680000000000138e-05	0.9968	164.9
hard:699866005	hard	A	A	True	True		0.9346	0.9346	0.007921830000000001	0.9264	174.2
hard:363391009	hard	A	A	True	True		0.9827	0.9827	0.0005685799999999995	0.9806	155.3
none-narrower:431856006	none-narrower	none	none	True	False		0.9999	0.9999	1.9999999999997797e-08	0.9998	152.1
hard:230724001	hard	A	A	True	True		0.9778	0.9778	0.00081813	0.975	164.1
easy:5217008	easy	A	A	True	True		0.9722	0.9722	0.0012770600000000026	0.9687	192.5
none-narrower:240499000	none-narrower	none	none	True	False		0.9996	0.9996	2.4999999999996473e-07	0.9996	161.3
hard:72925005	hard	D	none	False	False		0.9304	0.0692	1.73203285	0.9217	187.4
hard:110979008	hard	A	A	True	True		0.9894	0.9894	0.00021850000000000114	0.988	148.1
none-narrower:311000119101	none-narrower	none	none	True	False		0.9999	0.9999	9.999999999997797e-09	0.9999	154.6
none-narrower:773774000	none-narrower	none	A	False	False		0.9841	0.0156	1.93749622	0.9821	223.8
none-narrower:302909007	none-narrower	none	none	True	False		0.999	0.999	1.660000000000002e-06	0.9989	163.6
easy:230228004	easy	A	A	True	True		0.9801	0.9801	0.0007686400000000012	0.9776	179.3
hard:700056005	hard	A	A	True	True		0.9872	0.9872	0.00025651000000000086	0.9856	154.3
hard:414783007	hard	A	A	True	True		0.9954	0.9954	3.659000000000045e-05	0.9948	175.4
hard:724282009	hard	A	A	True	True		0.955	0.955	0.004023120000000003	0.9494	167.2
easy:363394001	easy	A	A	True	True		0.978	0.978	0.000753960000000001	0.9752	176.4
none-narrower:95753002	none-narrower	none	none	True	False		0.9998	0.9998	7.999999999999119e-08	0.9998	121.9
none-narrower:43100002	none-narrower	none	none	True	False		0.9999	0.9999	9.999999999997797e-09	0.9998	149.6
easy:72621003	easy	A	A	True	True		0.9968	0.9968	1.8739999999999875e-05	0.9964	150.7
easy:302226006	easy	F	F	True	False		0.9707	0.9707	0.0016493099999999998	0.9671	148.6
hard:236740006	hard	B	B	True	False		0.9918	0.9918	0.00013124999999999975	0.9908	172.8
none-narrower:12203991000119100	none-narrower	none	none	True	False		1.0	1.0	0.0	0.9999	169.3
hard:48718006	hard	A	A	True	True		0.7232	0.7232	0.15229998000000006	0.6886	171.7
hard:414545008	hard	A	A	True	True		0.9886	0.9886	0.00024678999999999923	0.9871	172.9
retrieval-miss:312912001	retrieval-miss	none	none	True	False		0.9999	0.9999	1.9999999999997797e-08	0.9999	169.6
easy:177504007	easy	A	A	True	True		0.9812	0.9812	0.0007031400000000015	0.9788	215.6
none-narrower:32130001000004108	none-narrower	none	none	True	False		0.9972	0.9972	1.2080000000000138e-05	0.9968	155.4
hard:698247007	hard	A	A	True	True		0.9777	0.9777	0.0009857099999999995	0.9749	173.7
easy:7847004	easy	A	A	True	True		0.9948	0.9948	4.829999999999982e-05	0.9942	169.7
hard:725591002	hard	A	A	True	True		0.9821	0.9821	0.0006131200000000009	0.9799	173.5
none-narrower:312601003	none-narrower	none	none	True	False		0.7859	0.7859	0.09142123999999999	0.7591	160.8
none-narrower:682421000119104	none-narrower	none	none	True	False		0.9999	0.9999	1.9999999999997797e-08	0.9998	175.9
hard:186499007	hard	A	A	True	True		0.9906	0.9906	0.00017671999999999932	0.9894	192.7
hard:699189004	hard	A	A	True	True		0.8175	0.8175	0.06595962	0.7947	202.1
hard:3577000	hard	A	A	True	True		0.9875	0.9875	0.0002787299999999989	0.986	139.8
none-narrower:700346002	none-narrower	none	none	True	False		0.9997	0.9997	1.2999999999998017e-07	0.9997	157.4
none-narrower:92901000087104	none-narrower	none	none	True	False		0.9997	0.9997	1.7999999999998017e-07	0.9997	133.4
hard:91978004	hard	A	A	True	True		0.9907	0.9907	0.00015903999999999956	0.9895	172.6
none-narrower:1255207005	none-narrower	none	A	False	False		0.9814	0.0183	1.9268809	0.9791	195.6
easy:703267003	easy	A	A	True	True		0.9912	0.9912	0.00014036000000000053	0.9901	175.1
hard:765487008	hard	A	A	True	True		0.974	0.974	0.0013416800000000013	0.9707	226.9
retrieval-miss:445918001	retrieval-miss	none	none	True	False		1.0	1.0	0.0	1.0	154.7
none-narrower:235608007	none-narrower	none	none	True	False		0.9996	0.9996	2.5999999999996474e-07	0.9995	172.6
hard:68566005	hard	D	none	False	False		0.9999	0.0001	1.9996000200000001	0.9999	164.4
easy:239065004	easy	C	C	True	False		0.9793	0.9793	0.0008447400000000022	0.9767	214.9
retrieval-miss:238020001	retrieval-miss	none	none	True	False		0.9665	0.9665	0.002117479999999998	0.9623	165.8
none-narrower:15735161000119106	none-narrower	none	none	True	False		0.9998	0.9998	4.999999999999118e-08	0.9998	155.6
easy:702448007	easy	A	A	True	True		0.9614	0.9614	0.0029645399999999973	0.9565	169.0
none-narrower:704059008	none-narrower	none	none	True	False		0.9999	0.9999	9.999999999997797e-09	0.9999	149.7
easy:87211000119104	easy	A	A	True	True		0.9942	0.9942	5.709000000000031e-05	0.9935	214.4
hard:371582002	hard	D	D	True	False		0.9569	0.9569	0.0036809900000000025	0.9515	136.8
none-narrower:8445003	none-narrower	none	none	True	False		0.9998	0.9998	5.99999999999912e-08	0.9998	153.7
hard:48868008	hard	A	A	True	True		0.9772	0.9772	0.0010306100000000021	0.9744	152.1
easy:403803002	easy	A	A	True	True		0.9928	0.9928	0.00010224999999999977	0.9919	196.4
easy:254950006	easy	A	A	True	True		0.9898	0.9898	0.00020407999999999974	0.9885	152.3
easy:302829009	easy	A	A	True	True		0.9953	0.9953	3.5880000000000354e-05	0.9947	170.0
hard:35728003	hard	A	A	True	True		0.9853	0.9853	0.00041508000000000137	0.9835	188.7
easy:93468003	easy	A	A	True	True		0.9879	0.9879	0.00028806000000000003	0.9864	163.8
hard:33793000	hard	A	A	True	True		0.993	0.993	9.265000000000008e-05	0.9922	156.1
easy:76047005	easy	A	A	True	True		0.995	0.995	4.5350000000000045e-05	0.9944	192.4
none-narrower:188289008	none-narrower	none	none	True	False		0.9997	0.9997	1.7999999999998017e-07	0.9997	169.5
hard:720501007	hard	A	A	True	True		0.9552	0.9552	0.003817719999999996	0.9496	165.5
easy:197480006	easy	A	A	True	True		0.9954	0.9954	3.727000000000045e-05	0.9948	133.7
hard:237965005	hard	A	none	False	True		1.0	0.0	2.0	0.9999	168.0
hard:11010461000119101	hard	A	A	True	True		0.9562	0.9562	0.0034728099999999954	0.9508	190.8
hard:50658006	hard	A	A	True	True		0.7539	0.7539	0.11991241999999999	0.7231	195.4
hard:717632002	hard	A	A	True	True		0.9634	0.9634	0.002474879999999997	0.9588	237.2
hard:237706000	hard	A	A	True	True		0.9914	0.9914	0.00014625000000000093	0.9903	165.8
easy:716647001	easy	A	A	True	True		0.7445	0.7445	0.12603289999999998	0.7126	174.2
none-narrower:121131000119109	none-narrower	none	none	True	False		0.9991	0.9991	1.6200000000000213e-06	0.999	172.5
easy:204552001	easy	A	A	True	True		0.9971	0.9971	1.572000000000008e-05	0.9968	172.4
easy:197442005	easy	A	A	True	True		0.996	0.996	3.048000000000003e-05	0.9955	156.9
easy:186973005	easy	A	A	True	True		0.9926	0.9926	0.00010518999999999945	0.9917	145.8
hard:73843004	hard	A	A	True	True		0.9828	0.9828	0.0004957799999999997	0.9806	218.7
none-narrower:16026631000119103	none-narrower	none	none	True	False		1.0	1.0	0.0	1.0	184.7
hard:721629005	hard	A	A	True	True		0.9825	0.9825	0.0005076399999999987	0.9803	188.2
hard:720954000	hard	A	A	True	True		0.9902	0.9902	0.00018263000000000057	0.989	211.6
easy:45650007	easy	A	A	True	True		0.9951	0.9951	4.201000000000015e-05	0.9945	164.5
none-narrower:309760004	none-narrower	none	none	True	False		0.9997	0.9997	1.7999999999998017e-07	0.9996	158.2
none-narrower:551621000124109	none-narrower	none	none	True	False		0.9997	0.9997	1.3999999999998018e-07	0.9997	165.7
hard:3752003	hard	A	A	True	True		0.9862	0.9862	0.00036504000000000094	0.9845	217.8
easy:718717004	easy	A	A	True	True		0.993	0.993	9.661000000000009e-05	0.9921	193.5
easy:420120006	easy	A	A	True	True		0.9946	0.9946	5.522999999999958e-05	0.9939	192.2
hard:716008002	hard	A	A	True	True		0.9518	0.9518	0.004608250000000002	0.9458	191.5
hard:92060009	hard	A	A	True	True		0.9949	0.9949	4.557999999999993e-05	0.9942	165.6
none-narrower:353921000119103	none-narrower	none	none	True	False		0.9997	0.9997	1.7999999999998017e-07	0.9997	196.0
none-narrower:719860006	none-narrower	none	none	True	False		0.9434	0.9434	0.006017759999999998	0.9363	148.0
hard:725390002	hard	A	A	True	True		0.9753	0.9753	0.0009362700000000027	0.9722	232.2
retrieval-miss:73123008	retrieval-miss	none	none	True	False		0.9996	0.9996	2.0999999999996474e-07	0.9996	172.1
none-narrower:61048000	none-narrower	none	none	True	False		0.9999	0.9999	2.9999999999997794e-08	0.9999	179.2
easy:68409003	easy	C	A	False	False		0.9128	0.0138	1.8110944799999997	0.9019	164.7
hard:719574007	hard	A	A	True	True		0.9919	0.9919	0.00012803999999999995	0.9908	204.9
easy:230500006	easy	A	A	True	True		0.9656	0.9656	0.0023058199999999992	0.9612	167.4
hard:23412002	hard	A	A	True	True		0.9874	0.9874	0.0002768599999999986	0.9858	174.2
none-narrower:191692007	none-narrower	none	none	True	False		0.9901	0.9901	0.0001940500000000004	0.9889	155.0
easy:763739002	easy	A	A	True	True		0.9952	0.9952	4.5140000000000256e-05	0.9945	206.6
none-narrower:721166000	none-narrower	none	none	True	False		0.9999	0.9999	1.9999999999997797e-08	0.9998	161.9
easy:17585008	easy	A	A	True	True		0.9946	0.9946	5.831999999999958e-05	0.9939	168.0
easy:92039003	easy	A	A	True	True		0.9944	0.9944	5.7620000000000556e-05	0.9937	177.9
hard:709416009	hard	A	A	True	True		0.9789	0.9789	0.0007863600000000003	0.9763	175.3
easy:715752006	easy	A	A	True	True		0.9937	0.9937	7.458999999999965e-05	0.9929	208.4
hard:702442008	hard	A	A	True	True		0.9841	0.9841	0.0004931700000000008	0.9821	199.1
none-narrower:1231727005	none-narrower	none	none	True	False		0.9999	0.9999	1.9999999999997797e-08	0.9999	164.1
easy:48553001	easy	A	A	True	True		0.9965	0.9965	2.2579999999999635e-05	0.9961	161.6
hard:763774001	hard	A	A	True	True		0.986	0.986	0.0003864700000000003	0.9842	186.8
easy:765485000	easy	A	A	True	True		0.9724	0.9724	0.0015235199999999978	0.9689	227.5
hard:28987007	hard	A	A	True	True		0.9598	0.9598	0.002295490000000001	0.9548	171.5
hard:233858000	hard	A	A	True	True		0.9912	0.9912	0.00013181000000000054	0.9901	156.5
easy:702375004	easy	A	A	True	True		0.9927	0.9927	9.835999999999962e-05	0.9917	163.1
hard:194350005	hard	A	A	True	True		0.9824	0.9824	0.0005697899999999982	0.9802	143.0
easy:91955005	easy	A	A	True	True		0.9811	0.9811	0.000710650000000001	0.9788	189.5
hard:126971002	hard	A	A	True	True		0.9876	0.9876	0.0002931999999999992	0.986	195.9
none-narrower:773700005	none-narrower	none	A	False	False		0.9796	0.019	1.9219778	0.9771	188.6
easy:126834003	easy	A	A	True	True		0.9943	0.9943	5.9780000000000434e-05	0.9935	187.9
easy:766937004	easy	A	A	True	True		0.9823	0.9823	0.0006230500000000017	0.9801	200.4
hard:719268008	hard	A	A	True	True		0.9936	0.9936	7.71199999999995e-05	0.9928	171.3
easy:6121001	easy	A	A	True	True		0.6774	0.6774	0.15671747	0.637	170.8
easy:13706005	easy	A	A	True	True		0.9948	0.9948	4.9299999999999816e-05	0.9942	151.8
hard:109475005	hard	A	A	True	True		0.9187	0.9187	0.012191830000000006	0.9086	182.5
hard:190953007	hard	A	A	True	True		0.993	0.993	9.525000000000009e-05	0.9922	157.8
hard:126880001	hard	A	A	True	True		0.9923	0.9923	0.00011705000000000062	0.9914	165.9
easy:271569006	easy	A	A	True	True		0.9971	0.9971	1.5710000000000078e-05	0.9968	143.6
easy:92756002	easy	A	A	True	True		0.9956	0.9956	3.701999999999964e-05	0.995	168.4
none-narrower:191508007	none-narrower	none	none	True	False		0.9999	0.9999	9.999999999997797e-09	0.9999	166.5
hard:57406009	hard	A	A	True	True		0.9863	0.9863	0.00028490000000000123	0.9846	171.4
none-narrower:1351962002	none-narrower	none	A	False	False		0.896	0.0629	1.6825336600000003	0.883	171.6
easy:47673003	easy	A	A	True	True		0.9858	0.9858	0.0003976499999999997	0.9841	185.2
easy:279081001	easy	A	A	True	True		0.9156	0.9156	0.013866360000000005	0.905	175.7
retrieval-miss:91390005	retrieval-miss	none	none	True	False		0.9996	0.9996	3.1999999999996475e-07	0.9995	155.1
hard:85478004	hard	A	A	True	True		0.9932	0.9932	9.114000000000039e-05	0.9923	150.4
hard:723622007	hard	A	A	True	True		0.9793	0.9793	0.0008365900000000021	0.9767	235.1
none-narrower:251160002	none-narrower	none	none	True	False		0.9927	0.9927	7.086999999999961e-05	0.9918	192.0
easy:71638002	easy	A	A	True	True		0.9955	0.9955	4.0499999999999534e-05	0.995	131.7
easy:715866009	easy	A	A	True	True		0.9867	0.9867	0.00030793999999999944	0.985	171.3
easy:236302005	easy	A	A	True	True		0.9947	0.9947	4.9609999999999696e-05	0.994	174.2
none-narrower:191519005	none-narrower	none	none	True	False		0.9998	0.9998	4.999999999999118e-08	0.9998	176.8
none-narrower:770679002	none-narrower	none	B	False	False		0.9715	0.0283	1.8880131500000001	0.968	193.1
hard:254666005	hard	A	A	True	True		0.9888	0.9888	0.0002399899999999997	0.9874	167.8
hard:724064004	hard	A	A	True	True		0.9407	0.9407	0.007021140000000002	0.9333	192.8
easy:254627002	easy	A	A	True	True		0.9865	0.9865	0.0003370099999999988	0.9848	208.9
hard:717044000	hard	A	A	True	True		0.9278	0.9278	0.009801510000000006	0.9188	201.0
none-narrower:253204009	none-narrower	none	none	True	False		0.9999	0.9999	1.9999999999997797e-08	0.9998	162.5
easy:72262000	easy	A	A	True	True		0.9855	0.9855	0.00040085999999999876	0.9837	171.4
hard:378007	hard	A	A	True	True		0.9794	0.9794	0.0007593799999999981	0.9769	163.8
hard:445738007	hard	B	B	True	False		0.839	0.839	0.04354962	0.8189	189.1
hard:43339004	hard	A	A	True	True		0.9885	0.9885	0.00025116999999999897	0.9871	187.3
easy:428850001	easy	A	A	True	True		0.9973	0.9973	1.4580000000000192e-05	0.9969	142.6
hard:363414004	hard	B	B	True	False		0.9833	0.9833	0.0004187000000000016	0.9812	174.4
easy:71912000	easy	A	A	True	True		0.9957	0.9957	3.095999999999975e-05	0.9951	150.3
none-narrower:700458001	none-narrower	none	none	True	False		0.9999	0.9999	1.9999999999997797e-08	0.9999	172.6
hard:19943007	hard	A	A	True	True		0.9959	0.9959	2.985999999999994e-05	0.9953	154.2
hard:717941005	hard	A	A	True	True		0.9744	0.9744	0.0012755499999999977	0.9712	166.4
easy:70572005	easy	A	A	True	True		0.9878	0.9878	0.00022040999999999971	0.9863	157.8
easy:57203004	easy	A	A	True	True		0.9645	0.9645	0.002390439999999998	0.9601	153.0
none-narrower:448776002	none-narrower	none	none	True	False		1.0	1.0	0.0	0.9999	165.1
hard:719836007	hard	A	A	True	True		0.9712	0.9712	0.001410610000000003	0.9676	202.9
easy:275481002	easy	A	A	True	True		0.9913	0.9913	0.00011164000000000073	0.9902	155.0
easy:766981007	easy	A	A	True	True		0.9937	0.9937	7.457999999999966e-05	0.9929	215.0
easy:126790004	easy	A	A	True	True		0.9927	0.9927	0.00010234999999999961	0.9918	175.0
none-narrower:202941002	none-narrower	none	none	True	False		0.9856	0.9856	0.00041185999999999914	0.9838	166.1
hard:91273001	hard	A	A	True	True		0.995	0.995	4.536000000000004e-05	0.9944	166.5
none-narrower:771515001	none-narrower	none	A	False	False		0.9601	0.0387	1.8458901499999998	0.9551	182.2
hard:726345000	hard	A	A	True	True		0.9639	0.9639	0.0022052200000000012	0.9594	175.3
hard:26111005	hard	A	A	True	True		0.9964	0.9964	2.3870000000000342e-05	0.996	156.1
none-narrower:703223000	none-narrower	none	none	True	False		0.9999	0.9999	1.9999999999997797e-08	0.9999	160.8
easy:254778000	easy	A	A	True	True		0.9735	0.9735	0.0013339499999999985	0.9702	182.8
easy:9740002	easy	A	A	True	True		0.9932	0.9932	9.113000000000038e-05	0.9924	192.6
easy:59655002	easy	A	A	True	True		0.9959	0.9959	3.057999999999994e-05	0.9954	216.8
easy:405501007	easy	A	A	True	True		0.9022	0.9022	0.01803384	0.89	152.0
hard:763128009	hard	A	A	True	True		0.9962	0.9962	2.8140000000000195e-05	0.9958	164.0
hard:363443007	hard	A	A	True	True		0.9906	0.9906	0.00017120999999999933	0.9894	190.8
hard:28488007	hard	A	A	True	True		0.9852	0.9852	0.000412660000000001	0.9833	190.5
easy:764994007	easy	A	A	True	True		0.9844	0.9844	0.00039455999999999834	0.9824	209.3
easy:733518000	easy	A	A	True	True		0.9769	0.9769	0.0009098400000000005	0.974	243.5
easy:720955004	easy	A	A	True	True		0.9721	0.9721	0.0014671200000000023	0.9686	187.5
easy:44697002	easy	A	A	True	True		0.9881	0.9881	0.0002568400000000005	0.9866	192.3
hard:278991002	hard	B	B	True	False		0.792	0.792	0.06672141999999998	0.7661	175.3
none-narrower:203343001	none-narrower	none	none	True	False		0.9999	0.9999	2.9999999999997794e-08	0.9998	208.8
easy:10082001	easy	A	A	True	True		0.9947	0.9947	5.21999999999997e-05	0.994	174.2
easy:63246000	easy	A	A	True	True		0.9867	0.9867	0.0003459799999999994	0.985	193.4
hard:404055006	hard	A	A	True	True		0.9965	0.9965	2.1959999999999634e-05	0.9961	174.2
hard:156410002	hard	A	A	True	True		0.9931	0.9931	9.252000000000025e-05	0.9922	144.6
hard:267534000	hard	A	A	True	True		0.9886	0.9886	0.0002012199999999992	0.9872	172.2
easy:24326000	easy	A	A	True	True		0.9624	0.9624	0.0026625899999999972	0.9577	155.3
easy:71464000	easy	A	A	True	True		0.9911	0.9911	0.00015842000000000032	0.9899	194.3
hard:404808000	hard	A	A	True	True		0.9958	0.9958	3.364999999999984e-05	0.9953	152.2
hard:423673009	hard	A	A	True	True		0.9918	0.9918	0.00011886999999999976	0.9907	157.1
hard:402296004	hard	A	A	True	True		0.9975	0.9975	1.2009999999999733e-05	0.9972	157.2
hard:84759007	hard	A	A	True	True		0.9846	0.9846	0.00047125999999999906	0.9827	169.2
none-narrower:10754961000119101	none-narrower	none	none	True	False		0.9989	0.9989	2.209999999999978e-06	0.9988	170.2
easy:89454001	easy	A	none	False	True		0.9653	0.0288	1.87505501	0.9609	192.2
hard:721883006	hard	A	A	True	True		0.9692	0.9692	0.001842920000000003	0.9653	198.2
hard:7522008	hard	A	A	True	True		0.9826	0.9826	0.0006020499999999989	0.9805	163.3
none-narrower:235659008	none-narrower	none	none	True	False		0.9999	0.9999	1.9999999999997797e-08	0.9999	147.0
hard:722375007	hard	A	A	True	True		0.9683	0.9683	0.002003459999999997	0.9643	206.0
hard:124220008	hard	C	C	True	False		0.7732	0.7732	0.10220030000000001	0.7448	201.0
easy:237705001	easy	A	A	True	True		0.9956	0.9956	3.543999999999965e-05	0.995	167.9
hard:234584007	hard	A	A	True	True		0.9941	0.9941	6.84600000000002e-05	0.9934	156.2
none-narrower:57185003	none-narrower	none	none	True	False		0.9999	0.9999	1.9999999999997797e-08	0.9998	157.9
none-narrower:389160009	none-narrower	none	none	True	False		0.9171	0.9171	0.011591559999999994	0.9067	190.3
hard:233919006	hard	A	A	True	True		0.9473	0.9473	0.005420949999999997	0.9407	162.5
easy:197660000	easy	A	A	True	True		0.9969	0.9969	1.9219999999999948e-05	0.9965	190.7
none-narrower:764092008	none-narrower	none	none	True	False		0.9991	0.9991	1.4600000000000216e-06	0.9989	145.1
hard:707310009	hard	A	A	True	True		0.9834	0.9834	0.0005478099999999983	0.9814	212.5
easy:447292006	easy	A	A	True	True		0.9929	0.9929	8.453999999999992e-05	0.9921	184.3
none-narrower:127045008	none-narrower	none	none	True	False		0.9993	0.9993	7.700000000000475e-07	0.9992	207.8
easy:764989007	easy	A	A	True	True		0.9079	0.9079	0.01690968999999999	0.8964	238.6
hard:723406000	hard	A	A	True	True		0.9939	0.9939	7.441999999999993e-05	0.9931	210.5
hard:111196000	hard	A	A	True	True		0.9932	0.9932	7.481000000000039e-05	0.9924	186.3
easy:763794005	easy	A	A	True	True		0.9883	0.9883	0.00026023000000000105	0.9869	207.8
retrieval-miss:64852002	retrieval-miss	none	none	True	False		0.9822	0.9822	0.00047754000000000134	0.98	217.4
easy:717761005	easy	A	A	True	True		0.9727	0.9727	0.0014851399999999994	0.9693	195.8
easy:448670003	easy	A	A	True	True		0.9874	0.9874	0.0002793199999999986	0.9859	164.7
hard:25904003	hard	A	A	True	True		0.9717	0.9717	0.0013359399999999994	0.9681	182.3
hard:45369008	hard	A	A	True	True		0.9155	0.9155	0.013713500000000003	0.9049	193.8
easy:189099001	easy	A	A	True	True		0.9927	0.9927	8.978999999999961e-05	0.9918	193.4
hard:1779005	hard	A	A	True	True		0.9707	0.9707	0.0016545499999999996	0.9671	192.1
hard:870313002	hard	A	A	True	True		0.9663	0.9663	0.0018181999999999966	0.962	186.9
easy:363378008	easy	B	B	True	False		0.9558	0.9558	0.0030541000000000014	0.9503	176.1
easy:399903008	easy	A	A	True	True		0.9903	0.9903	0.0001862600000000008	0.989	174.3
none-narrower:699785004	none-narrower	none	none	True	False		0.9999	0.9999	1.9999999999997797e-08	0.9999	168.4
easy:253231007	easy	A	A	True	True		0.9823	0.9823	0.0006126700000000016	0.9801	161.7
easy:719171005	easy	A	A	True	True		0.9819	0.9819	0.0006307500000000001	0.9796	198.2
hard:442292004	hard	A	A	True	True		0.9962	0.9962	2.6730000000000193e-05	0.9957	156.9
none-narrower:1373832001	none-narrower	none	none	True	False		1.0	1.0	0.0	1.0	160.5
easy:36188001	easy	A	A	True	True		0.9973	0.9973	1.4580000000000192e-05	0.997	207.7
easy:206292002	easy	A	A	True	True		0.9951	0.9951	4.105000000000016e-05	0.9944	148.6
easy:238627002	easy	A	A	True	True		0.9901	0.9901	0.00018279000000000038	0.9889	164.4
easy:27059002	easy	H	H	True	False		0.9848	0.9848	0.00045905999999999974	0.9829	156.5
none-narrower:783155007	none-narrower	none	none	True	False		0.5025	0.5025	0.4917437	0.4403	199.9
retrieval-miss:28724005	retrieval-miss	none	none	True	False		1.0	1.0	0.0	1.0	192.2
easy:725078006	easy	A	A	True	True		0.9437	0.9437	0.005940290000000002	0.9366	222.4
easy:718574003	easy	A	A	True	True		0.9777	0.9777	0.0009813399999999994	0.9749	206.4
none-narrower:240657005	none-narrower	none	none	True	False		0.9995	0.9995	3.399999999999449e-07	0.9994	168.5
hard:11282001	hard	A	A	True	True		0.9941	0.9941	6.11200000000002e-05	0.9933	207.8
hard:7379000	hard	A	A	True	True		0.9951	0.9951	4.2680000000000154e-05	0.9945	160.6
hard:84193000	hard	A	none	False	True		0.9993	0.0007	1.99720098	0.9992	191.4
hard:126963001	hard	A	A	True	True		0.9847	0.9847	0.0003767099999999994	0.9828	171.8
hard:373604002	hard	A	A	True	True		0.983	0.983	0.0005088000000000004	0.9808	174.5
easy:363473003	easy	A	A	True	True		0.9837	0.9837	0.0004919199999999994	0.9817	164.8
none-narrower:87181002	none-narrower	none	A	False	False		0.8923	0.1076	1.59257705	0.8789	197.6
none-narrower:414927004	none-narrower	none	none	True	False		1.0	1.0	0.0	0.9999	147.9
easy:231527003	easy	B	none	False	False		0.9968	0.0023	1.98901634	0.9963	162.0
hard:722955006	hard	A	A	True	True		0.9926	0.9926	0.00010385999999999946	0.9917	185.6
hard:63137003	hard	A	A	True	True		0.9939	0.9939	6.881999999999993e-05	0.9932	135.9
hard:764958008	hard	A	A	True	True		0.9824	0.9824	0.0005759499999999981	0.9802	215.8
none-narrower:413356003	none-narrower	none	B	False	False		0.8957	0.0846	1.64061594	0.8826	200.3
hard:83414005	hard	A	A	True	True		0.9969	0.9969	1.8029999999999948e-05	0.9965	150.4
none-narrower:720952001	none-narrower	none	A	False	False		0.9097	0.0836	1.66735876	0.8984	214.5
hard:5299007	hard	A	A	True	True		0.9957	0.9957	3.374999999999975e-05	0.9952	134.2
easy:105632002	easy	A	A	True	True		0.9861	0.9861	0.0003782200000000006	0.9843	157.1
hard:204431007	hard	A	A	True	True		0.9669	0.9669	0.002191220000000001	0.9627	163.2
hard:711543008	hard	A	A	True	True		0.9696	0.9696	0.001794729999999999	0.9658	193.2
easy:716238003	easy	B	B	True	False		0.9752	0.9752	0.0011821300000000024	0.9721	194.1
easy:445338005	easy	A	A	True	True		0.9946	0.9946	4.8549999999999574e-05	0.9939	171.6
hard:38606009	hard	A	A	True	True		0.9328	0.9328	0.008820720000000006	0.9244	163.1
easy:54385001	easy	A	A	True	True		0.9917	0.9917	0.00012713999999999957	0.9906	203.0
easy:72789009	easy	A	A	True	True		0.9745	0.9745	0.0011451499999999984	0.9714	196.5
easy:371965009	easy	A	A	True	True		0.9669	0.9669	0.001984400000000001	0.9627	160.4
none-narrower:237620003	none-narrower	none	none	True	False		0.9999	0.9999	1.9999999999997797e-08	0.9998	170.6
easy:18377001	easy	A	A	True	True		0.9947	0.9947	5.21999999999997e-05	0.994	170.2
easy:129623003	easy	A	A	True	True		0.9846	0.9846	0.00044794999999999904	0.9826	191.6
hard:715726000	hard	A	A	True	True		0.9354	0.9354	0.008243979999999998	0.9273	151.8
hard:52994003	hard	A	A	True	True		0.8808	0.8808	0.024331149999999996	0.8659	168.1
easy:128139000	easy	A	A	True	True		0.996	0.996	3.0450000000000032e-05	0.9955	167.8
hard:402917003	hard	A	A	True	True		0.9974	0.9974	1.3520000000000243e-05	0.997	171.4
hard:81678004	hard	A	A	True	True		0.9836	0.9836	0.000537919999999999	0.9815	208.3
easy:89870006	easy	A	A	True	True		0.9765	0.9765	0.0010722399999999986	0.9735	208.4
easy:56805008	easy	A	A	True	True		0.9883	0.9883	0.000256020000000001	0.9869	158.7
hard:307649006	hard	A	A	True	True		0.9777	0.9777	0.0007652999999999995	0.9749	187.1
hard:31658008	hard	A	none	False	True		0.9997	0.0002	1.9990001400000001	0.9997	148.7
hard:80375002	hard	B	B	True	False		0.9783	0.9783	0.0009374600000000024	0.9755	137.6
hard:66351003	hard	A	A	True	True		0.9956	0.9956	3.871999999999964e-05	0.9951	230.4
easy:64235006	easy	A	A	True	True		0.9907	0.9907	0.00016754999999999955	0.9895	202.2
easy:92531006	easy	A	A	True	True		0.9848	0.9848	0.00045016999999999974	0.9829	168.3
hard:14785004	hard	A	A	True	True		0.9955	0.9955	3.874999999999954e-05	0.995	158.7
hard:72052003	hard	A	A	True	True		0.9959	0.9959	3.2059999999999934e-05	0.9954	150.3
hard:80258006	hard	A	A	True	True		0.9883	0.9883	0.00026689000000000107	0.9869	199.4
hard:715562001	hard	A	A	True	True		0.9941	0.9941	5.812000000000019e-05	0.9934	184.9
none-narrower:722517009	none-narrower	none	none	True	False		0.9831	0.9831	0.00046360000000000086	0.981	169.3
easy:722033000	easy	A	A	True	True		0.954	0.954	0.004159540000000003	0.9482	172.9
hard:277569004	hard	A	A	True	True		0.904	0.904	0.017085309999999992	0.892	186.5
retrieval-miss:80321008	retrieval-miss	none	A	False	False		0.8111	0.1721	1.3434207699999998	0.7874	191.5
easy:57534004	easy	A	A	True	True		0.992	0.992	0.00011913000000000011	0.991	152.4
hard:419893006	hard	A	A	True	True		0.9815	0.9815	0.0005131899999999987	0.9792	163.7
easy:254943007	easy	A	A	True	True		0.902	0.902	0.018577539999999997	0.8897	175.3
easy:2992000	easy	A	A	True	True		0.9381	0.9381	0.007613989999999994	0.9303	153.5
easy:5050001	easy	A	A	True	True		0.989	0.989	0.00022745000000000024	0.9877	157.6
easy:764435003	easy	A	A	True	True		0.9893	0.9893	0.00022898000000000091	0.9879	209.9
retrieval-miss:448015002	retrieval-miss	none	none	True	False		0.9999	0.9999	1.9999999999997797e-08	0.9998	155.5
none-narrower:890286007	none-narrower	none	A	False	False		0.9871	0.0102	1.9540767099999998	0.9855	193.3
none-narrower:702715008	none-narrower	none	none	True	False		0.9999	0.9999	9.999999999997797e-09	0.9999	159.6
hard:42385006	hard	A	A	True	True		0.9846	0.9846	0.0004398099999999991	0.9827	176.4
retrieval-miss:403901001	retrieval-miss	none	A	False	False		0.4984	0.4876	0.51105918	0.4358	210.8
none-narrower:55366007	none-narrower	none	none	True	False		0.9999	0.9999	1.9999999999997797e-08	0.9999	165.2
hard:3855007	hard	A	A	True	True		0.9936	0.9936	7.49599999999995e-05	0.9928	168.3
hard:27194006	hard	A	A	True	True		0.9964	0.9964	2.388000000000034e-05	0.996	146.3
easy:254654004	easy	A	A	True	True		0.9931	0.9931	9.251000000000024e-05	0.9923	174.2
none-narrower:92375009	none-narrower	none	none	True	False		0.9996	0.9996	2.4999999999996473e-07	0.9996	181.4
hard:8326008	hard	A	A	True	True		0.9899	0.9899	0.00019062999999999996	0.9886	155.1
easy:764105002	easy	A	A	True	True		0.9865	0.9865	0.0003413799999999988	0.9848	186.7
hard:766824003	hard	A	A	True	True		0.9531	0.9531	0.004361910000000005	0.9472	195.9
hard:230310003	hard	A	A	True	True		0.9894	0.9894	0.00017854000000000112	0.9881	176.0
none-narrower:127213008	none-narrower	none	none	True	False		0.9989	0.9989	1.7299999999999777e-06	0.9988	157.1
none-narrower:415652006	none-narrower	none	none	True	False		0.9999	0.9999	9.999999999997797e-09	0.9999	175.7
hard:716233007	hard	A	A	True	True		0.9801	0.9801	0.0007801900000000011	0.9777	179.4
easy:127232002	easy	C	A	False	False		0.9971	0.0003	1.99361476	0.9967	154.0
none-narrower:94129007	none-narrower	none	none	True	False		0.9854	0.9854	0.0004234099999999984	0.9836	166.0
hard:234422006	hard	A	A	True	True		0.9918	0.9918	0.00012513999999999977	0.9908	178.1
easy:42982001	easy	A	A	True	True		0.9947	0.9947	5.6179999999999696e-05	0.994	213.6
easy:716662004	easy	A	none	False	True		0.7425	0.2308	1.1432249200000002	0.7103	188.2
hard:241774007	hard	A	A	True	True		0.9858	0.9858	0.0004032799999999998	0.984	172.2
hard:237816004	hard	A	A	True	True		0.9941	0.9941	6.11600000000002e-05	0.9934	172.2
easy:715710001	easy	A	A	True	True		0.9658	0.9658	0.0020140500000000003	0.9615	176.8
easy:95279007	easy	A	A	True	True		0.9897	0.9897	0.0001986199999999995	0.9884	170.1
hard:193683001	hard	A	A	True	True		0.986	0.986	0.0003655900000000003	0.9842	161.1
easy:39998009	easy	B	B	True	False		0.9835	0.9835	0.0004938899999999987	0.9814	207.4
hard:725463007	hard	A	A	True	True		0.9814	0.9814	0.0006114599999999981	0.9791	204.2
hard:280483007	hard	A	A	True	True		0.9959	0.9959	3.361999999999994e-05	0.9954	201.7
hard:718182008	hard	A	A	True	True		0.9711	0.9711	0.0015599500000000022	0.9675	208.0
easy:722450007	easy	A	A	True	True		0.9765	0.9765	0.0010951899999999985	0.9736	205.6
easy:19885005	easy	A	A	True	True		0.9946	0.9946	4.4239999999999576e-05	0.9939	141.7
easy:196609006	easy	A	none	False	True		0.9996	0.0001	1.9990002600000003	0.9995	191.6
easy:37283009	easy	A	A	True	True		0.9955	0.9955	3.9609999999999534e-05	0.995	136.0
easy:424952003	easy	A	A	True	True		0.9174	0.9174	0.010393520000000002	0.9071	168.8
hard:191382009	hard	A	A	True	True		0.9926	0.9926	8.605999999999944e-05	0.9917	168.5
none-narrower:446076000	none-narrower	none	none	True	False		0.9999	0.9999	1.9999999999997797e-08	0.9998	197.1
none-narrower:1290237009	none-narrower	none	none	True	False		1.0	1.0	0.0	0.9999	174.2
none-narrower:128219005	none-narrower	none	none	True	False		0.9992	0.9992	1.1300000000000366e-06	0.9991	156.2
retrieval-miss:233954004	retrieval-miss	none	none	True	False		1.0	1.0	0.0	1.0	168.5
hard:1156813002	hard	A	A	True	True		0.9554	0.9554	0.003286869999999998	0.9498	178.4
none-narrower:461098000	none-narrower	none	none	True	False		0.9999	0.9999	1.9999999999997797e-08	0.9998	161.3
none-narrower:1177031006	none-narrower	none	none	True	False		0.9999	0.9999	9.999999999997797e-09	0.9999	166.4
easy:402824003	easy	A	A	True	True		0.9963	0.9963	2.4650000000000267e-05	0.9958	134.6
easy:698021005	easy	A	A	True	True		0.9662	0.9662	0.0019089400000000035	0.9619	219.3
none-narrower:1263652003	none-narrower	none	none	True	False		0.9998	0.9998	4.999999999999118e-08	0.9998	188.3
hard:723826007	hard	A	A	True	True		0.9807	0.9807	0.0007449799999999995	0.9783	213.5
none-narrower:763714006	none-narrower	none	A	False	False		0.9677	0.032	1.87346733	0.9637	173.0
none-narrower:233762004	none-narrower	none	none	True	False		0.8886	0.8886	0.02481992000000001	0.8747	167.1
hard:363478007	hard	A	A	True	True		0.9882	0.9882	0.00023966000000000078	0.9868	170.4
hard:720855003	hard	A	A	True	True		0.9926	0.9926	0.00010805999999999945	0.9916	205.4
none-narrower:389237009	none-narrower	none	A	False	False		0.8911	0.1081	1.58954546	0.8774	185.4
easy:23150001	easy	A	A	True	True		0.99	0.99	0.0001941400000000002	0.9887	172.0
easy:302870006	easy	A	A	True	True		0.9756	0.9756	0.0008837199999999989	0.9726	155.9
none-narrower:89248000	none-narrower	none	none	True	False		0.9983	0.9983	5.460000000000119e-06	0.998	200.1
hard:254738007	hard	A	A	True	True		0.9959	0.9959	3.129999999999994e-05	0.9954	194.9
hard:73237007	hard	A	A	True	True		0.9932	0.9932	8.186000000000039e-05	0.9923	158.0
none-narrower:109805003	none-narrower	none	none	True	False		1.0	1.0	0.0	1.0	168.6
retrieval-miss:193466003	retrieval-miss	none	none	True	False		0.8212	0.8212	0.06329958	0.7989	170.2
hard:234118009	hard	A	A	True	True		0.9951	0.9951	4.347000000000015e-05	0.9945	169.1
none-narrower:399959003	none-narrower	none	A	False	False		0.983	0.0141	1.93828997	0.9809	181.2
hard:722449007	hard	A	A	True	True		0.9694	0.9694	0.0018365299999999977	0.9655	203.3
retrieval-miss:124646004	retrieval-miss	none	none	True	False		0.9993	0.9993	9.800000000000474e-07	0.9992	176.2
none-narrower:48780006	none-narrower	none	none	True	False		0.9876	0.9876	0.0003026199999999992	0.986	157.0
easy:109393007	easy	B	none	False	False		0.9829	0.0053	1.9556419000000003	0.9807	169.6
none-narrower:2129002	none-narrower	none	none	True	False		1.0	1.0	0.0	1.0	179.6
easy:30915001	easy	A	A	True	True		0.9913	0.9913	0.00014966000000000073	0.9902	173.1
easy:409671005	easy	A	A	True	True		0.9945	0.9945	5.730999999999945e-05	0.9938	190.0
none-narrower:860828007	none-narrower	none	none	True	False		0.9993	0.9993	8.600000000000475e-07	0.9992	187.0
hard:765046002	hard	A	A	True	True		0.9654	0.9654	0.002294219999999997	0.9611	217.6
hard:253170008	hard	A	A	True	True		0.9969	0.9969	1.9219999999999948e-05	0.9965	229.2
hard:124309005	hard	A	A	True	True		0.9241	0.9241	0.011476219999999995	0.9146	193.2
none-narrower:896820003	none-narrower	none	none	True	False		0.9999	0.9999	1.9999999999997797e-08	0.9999	172.5
easy:702447002	easy	A	A	True	True		0.958	0.958	0.0035196300000000028	0.9528	207.3
none-narrower:1231278004	none-narrower	none	none	True	False		1.0	1.0	0.0	1.0	156.8
hard:428041004	hard	A	A	True	True		0.9681	0.9681	0.0020225400000000024	0.9641	164.9
none-narrower:341361000119108	none-narrower	none	none	True	False		0.9994	0.9994	5.400000000000539e-07	0.9994	174.3
retrieval-miss:49013001	retrieval-miss	none	none	True	False		0.8782	0.8782	0.026074060000000003	0.863	190.1
hard:7111000119109	hard	B	B	True	False		0.9339	0.9339	0.008685800000000006	0.9256	156.1
hard:600009	hard	A	A	True	True		0.9951	0.9951	4.8020000000000153e-05	0.9945	207.3
none-narrower:1259031004	none-narrower	none	A	False	False		0.9952	0.0045	1.9814433200000003	0.9946	163.9
hard:44808001	hard	A	A	True	True		0.7577	0.7577	0.08896084999999998	0.7274	168.6
easy:262521009	easy	A	A	True	True		0.9715	0.9715	0.0013945399999999984	0.9679	146.6
hard:363515000	hard	A	A	True	True		0.6076	0.6076	0.30491791999999995	0.5585	162.3
hard:28882002	hard	D	D	True	False		0.6346	0.6346	0.26128176	0.5889	160.3
hard:17709002	hard	A	A	True	True		0.9638	0.9638	0.0024586500000000006	0.9593	167.5
hard:233763009	hard	A	A	True	True		0.9967	0.9967	2.11299999999998e-05	0.9963	177.1
none-narrower:186289000	none-narrower	none	A	False	False		0.9966	0.0032	1.9868218100000004	0.9962	154.5
easy:16784003	easy	B	none	False	False		0.9754	0.0237	1.9045670099999998	0.9723	157.4
hard:402601007	hard	B	B	True	False		0.9924	0.9924	8.590000000000077e-05	0.9914	178.6
hard:765100000	hard	B	B	True	False		0.9541	0.9541	0.004132470000000004	0.9484	202.7
easy:733094005	easy	A	A	True	True		0.9351	0.9351	0.008295609999999993	0.927	177.2
none-narrower:212953005	none-narrower	none	none	True	False		0.9974	0.9974	1.3520000000000243e-05	0.9971	176.2
easy:21098003	easy	A	A	True	True		0.9883	0.9883	0.00023339000000000102	0.9869	137.8
easy:724349009	easy	A	A	True	True		0.9584	0.9584	0.0031263699999999972	0.9532	197.1
none-narrower:42746002	none-narrower	none	none	True	False		0.9999	0.9999	9.999999999997797e-09	0.9999	164.9
none-narrower:1259796004	none-narrower	none	none	True	False		0.9976	0.9976	8.659999999999799e-06	0.9973	166.0
hard:72124005	hard	A	A	True	True		0.9908	0.9908	0.00015253999999999976	0.9897	135.6
hard:699812002	hard	A	A	True	True		0.9871	0.9871	0.00025592000000000057	0.9855	140.4
hard:717049005	hard	A	A	True	True		0.9832	0.9832	0.0004801100000000012	0.9811	221.3
hard:424802006	hard	A	A	True	True		0.9892	0.9892	0.00022105000000000068	0.9878	154.5
retrieval-miss:233982006	retrieval-miss	none	none	True	False		0.9999	0.9999	1.9999999999997797e-08	0.9999	165.9
hard:699268002	hard	A	A	True	True		0.9365	0.9365	0.007723519999999999	0.9285	208.9
easy:400140006	easy	A	A	True	True		0.8573	0.8573	0.034995430000000015	0.8395	213.1
hard:723307008	hard	A	A	True	True		0.9909	0.9909	0.00016380999999999994	0.9898	174.6
easy:719652007	easy	A	A	True	True		0.9935	0.9935	7.844999999999936e-05	0.9926	207.1
none-narrower:123766008	none-narrower	none	none	True	False		0.9996	0.9996	3.1999999999996475e-07	0.9996	156.7
easy:4996001	easy	A	A	True	True		0.9925	0.9925	0.00010534999999999928	0.9916	213.9
hard:109298000	hard	A	A	True	True		0.9966	0.9966	2.180999999999972e-05	0.9962	179.8
easy:70995007	easy	A	A	True	True		0.9888	0.9888	0.00018434999999999974	0.9874	175.1
hard:201091002	hard	A	A	True	True		0.9905	0.9905	0.00013503999999999911	0.9893	193.1
easy:54470008	easy	C	C	True	False		0.9297	0.9297	0.009828200000000006	0.9209	214.4
retrieval-miss:37102008	retrieval-miss	none	none	True	False		0.9996	0.9996	3.1999999999996475e-07	0.9996	168.0
hard:722206009	hard	A	A	True	True		0.9384	0.9384	0.007455189999999999	0.9307	153.5
easy:200936003	easy	A	A	True	True		0.9048	0.9048	0.01412113999999999	0.8929	197.2
hard:230293003	hard	A	A	True	True		0.9965	0.9965	2.2509999999999634e-05	0.9961	177.8
hard:314757003	hard	A	A	True	True		0.9902	0.9902	0.0001668900000000006	0.989	162.2
none-narrower:1187048006	none-narrower	none	A	False	False		0.9878	0.012	1.95189288	0.9862	191.9
none-narrower:87816000	none-narrower	none	none	True	False		1.0	1.0	0.0	1.0	165.7
easy:65976001	easy	A	A	True	True		0.9787	0.9787	0.0008864399999999994	0.9761	175.5
hard:231858009	hard	A	A	True	True		0.9889	0.9889	0.00018468999999999997	0.9875	165.3
none-narrower:15978511000119100	none-narrower	none	none	True	False		0.9935	0.9935	8.450999999999935e-05	0.9927	172.5
easy:93145002	easy	A	A	True	True		0.6695	0.6695	0.20947756	0.6282	159.8
easy:702617007	easy	A	A	True	True		0.9838	0.9838	0.0005216599999999997	0.9817	212.8
hard:720565000	hard	A	A	True	True		0.9626	0.9626	0.0024801899999999993	0.9579	186.5
easy:715487005	easy	A	A	True	True		0.9716	0.9716	0.0013923699999999991	0.968	188.8
easy:232254004	easy	A	A	True	True		0.9952	0.9952	4.2560000000000257e-05	0.9946	165.0
easy:187732006	easy	A	A	True	True		0.9661	0.9661	0.002083650000000003	0.9618	159.1
easy:41345002	easy	A	A	True	True		0.9967	0.9967	1.8829999999999798e-05	0.9963	161.8
none-narrower:15699121000119104	none-narrower	none	none	True	False		0.9989	0.9989	1.3999999999999777e-06	0.9987	158.3
none-narrower:249446000	none-narrower	none	none	True	False		0.9999	0.9999	1.9999999999997797e-08	0.9999	196.1
easy:718222000	easy	A	A	True	True		0.9196	0.9196	0.009274660000000004	0.9095	193.5
easy:52404001	easy	A	A	True	True		0.9974	0.9974	1.3520000000000243e-05	0.9971	204.6
hard:725033008	hard	B	B	True	False		0.9722	0.9722	0.0014869400000000026	0.9687	226.6
none-narrower:1193650002	none-narrower	none	none	True	False		0.9999	0.9999	1.9999999999997797e-08	0.9999	185.8
easy:83799000	easy	B	B	True	False		0.9854	0.9854	0.00040941999999999845	0.9836	171.8
hard:44882003	hard	A	A	True	True		0.9963	0.9963	2.527000000000027e-05	0.9958	173.0
easy:424413001	easy	A	A	True	True		0.9962	0.9962	2.740000000000019e-05	0.9957	169.7
easy:68982002	easy	A	A	True	True		0.9959	0.9959	3.362999999999995e-05	0.9953	164.4
hard:3218000	hard	A	A	True	True		0.8967	0.8967	0.02125938999999999	0.8838	148.6
easy:43363007	easy	A	A	True	True		0.9964	0.9964	2.388000000000034e-05	0.996	147.5
easy:76069003	easy	A	A	True	True		0.9422	0.9422	0.006544899999999996	0.9349	148.2
easy:421529006	easy	F	F	True	False		0.6466	0.6466	0.24459170000000002	0.6024	192.9
hard:371197005	hard	A	A	True	True		0.978	0.978	0.0007740700000000009	0.9752	158.1
hard:255015006	hard	A	A	True	True		0.9892	0.9892	0.00021173000000000069	0.9878	167.5
easy:254620000	easy	A	A	True	True		0.9964	0.9964	2.3890000000000342e-05	0.996	192.6
retrieval-miss:1259003	retrieval-miss	none	none	True	False		1.0	1.0	0.0	1.0	191.4
hard:254794007	hard	A	A	True	True		0.9953	0.9953	3.9150000000000355e-05	0.9948	174.7
retrieval-miss:720830009	retrieval-miss	none	B	False	False		0.9071	0.0809	1.6676749100000001	0.8955	188.3
hard:446096008	hard	A	A	True	True		0.9939	0.9939	7.205999999999993e-05	0.9931	150.0
none-narrower:321131000119100	none-narrower	none	none	True	False		0.9772	0.9772	0.0007699800000000019	0.9744	168.3
hard:733045005	hard	A	A	True	True		0.9884	0.9884	0.00026006000000000125	0.9869	234.7
hard:713060000	hard	A	A	True	True		0.9908	0.9908	0.00015876999999999976	0.9896	175.0
easy:1493002	easy	A	A	True	True		0.9974	0.9974	1.2530000000000241e-05	0.9971	159.0
hard:22451001	hard	A	A	True	True		0.9901	0.9901	0.00019214000000000042	0.9888	174.2
easy:267395000	easy	A	A	True	True		0.9934	0.9934	8.454000000000066e-05	0.9925	161.7
easy:768935003	easy	A	A	True	True		0.9871	0.9871	0.00031781000000000056	0.9855	233.6
none-narrower:413808003	none-narrower	none	none	True	False		0.9995	0.9995	3.0999999999994494e-07	0.9994	170.6
hard:726350006	hard	A	A	True	True		0.9523	0.9523	0.0034985299999999967	0.9464	170.1
hard:715564000	hard	B	B	True	False		0.9796	0.9796	0.000789389999999999	0.977	188.1
none-narrower:21071000119101	none-narrower	none	none	True	False		0.9898	0.9898	0.00020412999999999974	0.9885	161.1
none-narrower:126780007	none-narrower	none	none	True	False		0.9998	0.9998	7.999999999999119e-08	0.9997	149.5
hard:254084008	hard	A	A	True	True		0.9748	0.9748	0.0012502099999999999	0.9716	164.7
hard:312917007	hard	A	A	True	True		0.9948	0.9948	4.6589999999999817e-05	0.9942	175.7
easy:36485005	easy	A	A	True	True		0.992	0.992	0.00012189000000000012	0.991	158.5
hard:14783006	hard	A	A	True	True		0.9909	0.9909	0.00013623999999999996	0.9898	157.7
hard:4340003	hard	A	A	True	True		0.9659	0.9659	0.002258960000000001	0.9616	155.2
none-narrower:276675009	none-narrower	none	none	True	False		1.0	1.0	0.0	1.0	156.4
hard:125666000	hard	A	A	True	True		0.9958	0.9958	3.527999999999984e-05	0.9952	169.7
hard:64009001	hard	A	A	True	True		0.4793	0.4793	0.4638391399999999	0.4142	173.4
easy:62110005	easy	A	A	True	True		0.9882	0.9882	0.00026936000000000077	0.9868	219.5
retrieval-miss:238700008	retrieval-miss	none	none	True	False		0.9955	0.9955	3.0149999999999533e-05	0.9949	178.5
easy:92413008	easy	A	A	True	True		0.9931	0.9931	8.750000000000023e-05	0.9922	176.5
easy:723360007	easy	C	A	False	False		0.7706	0.1879	1.2550037600000001	0.7419	155.4
hard:34225008	hard	A	none	False	True		0.9967	0.0033	1.98682178	0.9963	174.0
hard:9631008	hard	A	A	True	True		0.9927	0.9927	9.828999999999962e-05	0.9918	156.2
hard:372100004	hard	A	A	True	True		0.9946	0.9946	5.623999999999957e-05	0.9939	192.7
none-narrower:187662005	none-narrower	none	none	True	False		0.9996	0.9996	2.5999999999996474e-07	0.9995	166.6
easy:36753006	easy	A	A	True	True		0.9911	0.9911	0.00015666000000000033	0.99	214.3
easy:719256004	easy	A	A	True	True		0.9534	0.9534	0.004333819999999998	0.9475	163.6
none-narrower:1076881000119103	none-narrower	none	none	True	False		0.9997	0.9997	1.2999999999998017e-07	0.9997	164.6
none-narrower:403903003	none-narrower	none	none	True	False		0.9998	0.9998	4.999999999999118e-08	0.9998	180.0
hard:719518004	hard	A	A	True	True		0.9828	0.9828	0.0005781399999999997	0.9807	187.8
hard:716006003	hard	A	A	True	True		0.9357	0.9357	0.007933150000000003	0.9277	197.3
none-narrower:769219006	none-narrower	none	none	True	False		0.9988	0.9988	2.879999999999949e-06	0.9986	167.7
easy:238626006	easy	A	A	True	True		0.9904	0.9904	0.00016509000000000104	0.9892	163.1
retrieval-miss:230410004	retrieval-miss	none	A	False	False		0.9016	0.056	1.7049340699999997	0.8893	214.9
hard:126853008	hard	A	A	True	True		0.9749	0.9749	0.0011283900000000006	0.9718	156.5
hard:765057007	hard	A	A	True	True		0.9713	0.9713	0.001619059999999997	0.9677	218.4
hard:104431000119107	hard	A	A	True	True		0.9951	0.9951	4.442000000000015e-05	0.9945	191.7
easy:87074006	easy	A	A	True	True		0.9891	0.9891	0.00023121000000000046	0.9878	179.9
hard:699676006	hard	A	A	True	True		0.9868	0.9868	0.0003381699999999997	0.9852	159.8
none-narrower:405539004	none-narrower	none	none	True	False		0.9999	0.9999	9.999999999997797e-09	0.9999	177.5
none-narrower:296561000119108	none-narrower	none	none	True	False		0.9998	0.9998	7.999999999999119e-08	0.9998	195.1
hard:717055000	hard	A	A	True	True		0.9943	0.9943	6.275000000000044e-05	0.9936	158.0
hard:724066002	hard	A	A	True	True		0.9593	0.9593	0.003209819999999996	0.9542	193.7
hard:404041003	hard	A	A	True	True		0.9725	0.9725	0.0013847499999999984	0.969	191.7
hard:409658007	hard	A	A	True	True		0.9924	0.9924	0.00011402000000000078	0.9915	157.4
hard:720010009	hard	A	A	True	True		0.9781	0.9781	0.0009250600000000014	0.9753	190.2
none-narrower:71003000	none-narrower	none	none	True	False		0.9999	0.9999	1.9999999999997797e-08	0.9999	182.3
easy:204319006	easy	A	A	True	True		0.992	0.992	0.00012800000000000013	0.991	182.8
hard:768556005	hard	A	A	True	True		0.9786	0.9786	0.000898999999999999	0.976	205.8
none-narrower:399723004	none-narrower	none	none	True	False		0.9997	0.9997	1.2999999999998017e-07	0.9997	186.8
easy:205649008	easy	C	none	False	False		0.8811	0.1179	1.55443828	0.8662	176.9
hard:30496006	hard	B	B	True	False		0.7255	0.7255	0.14874475999999998	0.6912	208.0
easy:360378009	easy	A	A	True	True		0.9923	0.9923	0.00011705000000000062	0.9914	198.1
hard:254637007	hard	A	A	True	True		0.9842	0.9842	0.0004807900000000012	0.9823	194.2
hard:423607006	hard	A	A	True	True		0.9953	0.9953	4.0630000000000355e-05	0.9947	190.8
easy:85901000	easy	A	none	False	True		0.9952	0.0047	1.9810451299999998	0.9946	174.2
hard:274718005	hard	A	A	True	True		0.9879	0.9879	0.00027451	0.9864	149.0
easy:81285006	easy	A	A	True	True		0.9961	0.9961	2.6250000000000113e-05	0.9956	166.3
none-narrower:765481009	none-narrower	none	none	True	False		0.9997	0.9997	1.7999999999998017e-07	0.9997	158.9
none-narrower:430348006	none-narrower	none	none	True	False		0.9977	0.9977	9.029999999999856e-06	0.9974	159.3
easy:719576009	easy	A	A	True	True		0.9812	0.9812	0.0006884200000000014	0.9789	227.9
easy:763130006	easy	A	A	True	True		0.9628	0.9628	0.0027528500000000003	0.9582	181.5
none-narrower:22721008	none-narrower	none	none	True	False		0.9998	0.9998	4.999999999999118e-08	0.9998	189.1
easy:29352008	easy	A	A	True	True		0.9852	0.9852	0.00039693000000000107	0.9834	175.2
easy:719646006	easy	A	A	True	True		0.9911	0.9911	0.00015842000000000032	0.99	205.7
hard:15188001	hard	A	A	True	True		0.9384	0.9384	0.007527819999999999	0.9308	155.7
easy:79674009	easy	A	A	True	True		0.9945	0.9945	5.941999999999945e-05	0.9938	193.3
retrieval-miss:45894003	retrieval-miss	none	none	True	False		0.9999	0.9999	9.999999999997797e-09	0.9999	173.7
hard:726341009	hard	A	A	True	True		0.9658	0.9658	0.0020888600000000005	0.9615	172.6
none-narrower:266571009	none-narrower	none	none	True	False		0.9996	0.9996	3.1999999999996475e-07	0.9995	147.1
retrieval-miss:254150007	retrieval-miss	none	none	True	False		0.8801	0.8801	0.023905020000000003	0.8652	200.0
hard:40159009	hard	A	A	True	True		0.9752	0.9752	0.0011538700000000022	0.9721	177.0
none-narrower:735522008	none-narrower	none	none	True	False		0.9998	0.9998	7.999999999999119e-08	0.9998	165.7
easy:718632004	easy	A	A	True	True		0.9926	0.9926	0.00010112999999999943	0.9917	176.9
hard:80544005	hard	A	A	True	True		0.979	0.979	0.0008037100000000008	0.9764	164.6
none-narrower:447139008	none-narrower	none	none	True	False		1.0	1.0	0.0	1.0	146.1
none-narrower:127321000	none-narrower	none	none	True	False		0.9998	0.9998	7.999999999999119e-08	0.9997	165.7
easy:716092007	easy	A	A	True	True		0.9724	0.9724	0.0015125599999999979	0.969	212.9
hard:716775009	hard	A	A	True	True		0.9838	0.9838	0.0005029799999999997	0.9817	193.0
easy:733110004	easy	A	A	True	True		0.9734	0.9734	0.0013787299999999977	0.9701	203.9
hard:721221000	hard	C	C	True	False		0.9746	0.9746	0.001195969999999999	0.9714	193.7
easy:105261000119101	easy	A	A	True	True		0.9961	0.9961	2.6350000000000112e-05	0.9957	172.1
easy:84241008	easy	A	A	True	True		0.988	0.988	0.00026786000000000024	0.9865	173.5
easy:398831006	easy	A	none	False	True		0.999	0.0001	1.9978015200000003	0.9989	192.6
hard:367601000119103	hard	A	A	True	True		0.9957	0.9957	3.378999999999974e-05	0.9951	193.5
easy:716007007	easy	A	A	True	True		0.9616	0.9616	0.002918659999999999	0.9567	212.1
hard:46168003	hard	A	A	True	True		0.8626	0.8626	0.03675837	0.8454	163.9
easy:16059006	easy	A	A	True	True		0.9975	0.9975	1.2009999999999733e-05	0.9972	199.0
hard:37075008	hard	E	E	True	False		0.5699	0.5699	0.36842840000000004	0.5161	142.0
easy:46206005	easy	A	A	True	True		0.9939	0.9939	7.321999999999993e-05	0.9931	154.9
hard:717827000	hard	A	A	True	True		0.9582	0.9582	0.003085969999999995	0.953	171.4
hard:1475003	hard	A	A	True	True		0.9909	0.9909	0.00015373999999999992	0.9898	163.2
none-narrower:86100009	none-narrower	none	none	True	False		0.9995	0.9995	4.1999999999994495e-07	0.9994	188.8
easy:234500001	easy	A	A	True	True		0.9925	0.9925	0.00010274999999999927	0.9916	175.9
easy:715673002	easy	A	A	True	True		0.9864	0.9864	0.00035665999999999855	0.9847	226.9
retrieval-miss:2109003	retrieval-miss	none	none	True	False		1.0	1.0	0.0	1.0	187.3
hard:277602003	hard	A	A	True	True		0.9913	0.9913	0.0001324400000000007	0.9902	169.6
hard:363425008	hard	A	A	True	True		0.6486	0.6486	0.24026472000000004	0.6047	185.4
retrieval-miss:188274004	retrieval-miss	none	none	True	False		0.9999	0.9999	9.999999999997797e-09	0.9999	143.2
easy:198297004	easy	A	none	False	True		0.6498	0.015	1.50395595	0.606	167.2
hard:718200007	hard	A	A	True	True		0.8651	0.8651	0.029328600000000003	0.8483	188.1
none-narrower:48352007	none-narrower	none	none	True	False		1.0	1.0	0.0	1.0	147.6
easy:716279002	easy	A	A	True	True		0.991	0.991	0.00016021000000000015	0.9899	204.2
easy:720950009	easy	A	A	True	True		0.9847	0.9847	0.00040782999999999943	0.9828	189.9
none-narrower:1332388003	none-narrower	none	A	False	False		0.9872	0.0119	1.95090609	0.9856	186.5
hard:33979003	hard	A	A	True	True		0.959	0.959	0.003337510000000003	0.9539	175.3
easy:45281005	easy	A	A	True	True		0.9915	0.9915	0.0001184799999999992	0.9904	149.8
none-narrower:1237368006	none-narrower	none	A	False	False		0.988	0.0112	1.9538697600000001	0.9865	216.9
none-narrower:94166001	none-narrower	none	none	True	False		0.9999	0.9999	9.999999999997797e-09	0.9999	176.9
hard:254066006	hard	A	A	True	True		0.979	0.979	0.0008778100000000008	0.9764	165.2
none-narrower:191668004	none-narrower	none	none	True	False		0.9996	0.9996	2.1999999999996475e-07	0.9996	160.9
hard:764711007	hard	A	A	True	True		0.9939	0.9939	6.872999999999992e-05	0.9931	209.0
hard:254712007	hard	A	A	True	True		0.9578	0.9578	0.003072740000000001	0.9526	165.7
easy:70041004	easy	A	A	True	True		0.9293	0.9293	0.008121239999999997	0.9205	154.9
none-narrower:24285001	none-narrower	none	none	True	False		0.9999	0.9999	1.9999999999997797e-08	0.9998	188.2
easy:389214003	easy	A	A	True	True		0.9845	0.9845	0.0004804999999999987	0.9826	205.6
hard:79037006	hard	A	A	True	True		0.9944	0.9944	6.272000000000055e-05	0.9937	163.2
easy:69195002	easy	A	none	False	True		0.998	0.0013	1.99340618	0.9977	165.1
easy:9014002	easy	A	A	True	True		0.9974	0.9974	1.2530000000000241e-05	0.997	158.1
hard:410016009	hard	A	A	True	True		0.9913	0.9913	0.00014966000000000073	0.9903	207.6
hard:69278003	hard	A	A	True	True		0.9767	0.9767	0.0010539199999999994	0.9738	173.6
none-narrower:399899001	none-narrower	none	none	True	False		0.9942	0.9942	6.398000000000032e-05	0.9935	174.4
none-narrower:1237571004	none-narrower	none	D	False	False		0.8913	0.0351	1.7304798899999998	0.8777	207.7
hard:91521000119104	hard	A	A	True	True		0.9891	0.9891	0.00022334000000000047	0.9877	167.3
easy:267431006	easy	A	none	False	True		0.9985	0.0015	1.9940045000000002	0.9983	144.7
none-narrower:307762000	none-narrower	none	none	True	False		0.9999	0.9999	1.9999999999997797e-08	0.9999	149.1
easy:231824001	easy	A	A	True	True		0.9932	0.9932	8.143000000000039e-05	0.9924	163.6
hard:128606002	hard	A	A	True	True		0.9526	0.9526	0.00442791	0.9467	167.6
easy:16872008	easy	A	A	True	True		0.9486	0.9486	0.0051928600000000005	0.9421	168.8
hard:52179003	hard	A	A	True	True		0.878	0.878	0.02967059	0.8628	189.6
none-narrower:38725001	none-narrower	none	none	True	False		0.9999	0.9999	1.9999999999997797e-08	0.9999	162.5
easy:60676002	easy	A	A	True	True		0.9967	0.9967	1.93499999999998e-05	0.9963	158.3
easy:239020008	easy	A	A	True	True		0.9872	0.9872	0.00027650000000000087	0.9856	175.2
hard:66207005	hard	D	D	True	False		0.9856	0.9856	0.00041185999999999914	0.9838	188.1
none-narrower:44549008	none-narrower	none	none	True	False		0.9994	0.9994	7.200000000000539e-07	0.9993	158.1
none-narrower:1373821001	none-narrower	none	none	True	False		1.0	1.0	0.0	1.0	175.3
hard:187777008	hard	A	A	True	True		0.9768	0.9768	0.0009870999999999999	0.9739	177.2
easy:406506008	easy	E	A	False	False		0.9179	0.0029	1.8426494900000001	0.9076	153.0
easy:444645005	easy	A	A	True	True		0.993	0.993	8.184000000000008e-05	0.9922	166.6
hard:92470003	hard	A	A	True	True		0.9912	0.9912	0.0001390900000000005	0.9901	174.9
hard:30188007	hard	A	A	True	True		0.995	0.995	4.902000000000004e-05	0.9943	192.7
easy:11934000	easy	A	A	True	True		0.9941	0.9941	6.734000000000019e-05	0.9933	154.6
none-narrower:702399004	none-narrower	none	none	True	False		0.9999	0.9999	1.9999999999997797e-08	0.9999	159.8
none-narrower:75803007	none-narrower	none	none	True	False		1.0	1.0	0.0	1.0	167.2
retrieval-miss:205550003	retrieval-miss	none	A	False	False		0.9742	0.0244	1.9008618400000001	0.971	155.6
hard:230284004	hard	A	A	True	True		0.8983	0.8983	0.017081590000000004	0.8856	195.3
hard:363354003	hard	A	A	True	True		0.9625	0.9625	0.0024912799999999985	0.9578	175.2
none-narrower:197599000	none-narrower	none	none	True	False		0.9281	0.9281	0.010113969999999995	0.9191	165.4
easy:734024009	easy	A	A	True	True		0.9962	0.9962	2.5430000000000192e-05	0.9958	186.0
easy:716195006	easy	A	A	True	True		0.9749	0.9749	0.0012500300000000005	0.9718	203.9
retrieval-miss:275498002	retrieval-miss	none	none	True	False		1.0	1.0	0.0	1.0	159.3
easy:716741008	easy	A	A	True	True		0.6876	0.6876	0.19357199000000003	0.6485	182.6
easy:6631009	easy	A	A	True	True		0.8695	0.8695	0.03281526999999999	0.8532	178.8
easy:76902006	easy	A	A	True	True		0.9964	0.9964	2.1740000000000344e-05	0.996	206.7
easy:723308003	easy	A	A	True	True		0.9766	0.9766	0.001085839999999999	0.9737	201.3
none-narrower:86333008	none-narrower	none	none	True	False		0.9993	0.9993	8.500000000000474e-07	0.9992	169.6
hard:21848000	hard	A	A	True	True		0.9865	0.9865	0.00027077999999999884	0.9848	167.0
none-narrower:74142004	none-narrower	none	none	True	False		0.9997	0.9997	1.7999999999998017e-07	0.9996	174.0
hard:24867002	hard	B	none	False	False		0.9991	0.0001	1.99800123	0.9989	168.6
easy:20639004	easy	A	A	True	True		0.9912	0.9912	0.00014978000000000053	0.9901	177.8
easy:45913009	easy	A	A	True	True		0.9962	0.9962	2.3650000000000195e-05	0.9957	173.2
easy:63122002	easy	A	A	True	True		0.9679	0.9679	0.0020544200000000012	0.9638	203.5
easy:277155005	easy	A	A	True	True		0.9752	0.9752	0.0011866000000000023	0.9721	156.6
easy:64479007	easy	A	A	True	True		0.981	0.981	0.0006999200000000006	0.9786	175.2
none-narrower:4477007	none-narrower	none	none	True	False		0.9243	0.9243	0.01041081	0.9148	188.3
easy:448315008	easy	A	A	True	True		0.9919	0.9919	0.00012648999999999994	0.9909	172.5
hard:707354003	hard	A	none	False	True		0.9789	0.0208	1.9170778899999998	0.9763	189.7
hard:64250002	hard	A	A	True	True		0.9943	0.9943	6.275000000000044e-05	0.9936	180.5
easy:716169009	easy	A	A	True	True		0.9673	0.9673	0.0021320599999999964	0.9632	208.1
easy:18910001	easy	A	A	True	True		0.9811	0.9811	0.000688820000000001	0.9788	157.6
easy:111405003	easy	A	A	True	True		0.9935	0.9935	8.320999999999936e-05	0.9927	209.5
easy:75116005	easy	A	A	True	True		0.992	0.992	0.00012641000000000014	0.991	205.7
none-narrower:201988000	none-narrower	none	none	True	False		0.9999	0.9999	1.9999999999997797e-08	0.9999	161.4
hard:405810005	hard	A	A	True	True		0.996	0.996	3.122000000000003e-05	0.9955	188.5
easy:733085004	easy	A	A	True	True		0.9762	0.9762	0.0011234100000000022	0.9733	247.8
none-narrower:195812001	none-narrower	none	none	True	False		0.9975	0.9975	1.2019999999999732e-05	0.9972	159.0
none-narrower:399207003	none-narrower	none	none	True	False		0.9998	0.9998	4.999999999999118e-08	0.9998	149.7
hard:84777002	hard	A	A	True	True		0.9824	0.9824	0.0006160099999999982	0.9802	166.6
hard:733599009	hard	B	B	True	False		0.967	0.967	0.0018303800000000017	0.9629	212.2
hard:720520009	hard	A	A	True	True		0.9874	0.9874	0.00029372999999999856	0.9858	189.3
easy:33595009	easy	A	A	True	True		0.98	0.98	0.0005883000000000008	0.9775	172.4
easy:11666007	easy	A	A	True	True		0.9769	0.9769	0.0010490000000000005	0.974	195.3
hard:55444004	hard	A	A	True	True		0.9937	0.9937	6.691999999999965e-05	0.993	166.0
easy:10741005	easy	A	A	True	True		0.9871	0.9871	0.0003155400000000006	0.9854	171.6
hard:190919008	hard	A	A	True	True		0.9879	0.9879	0.00021943	0.9864	154.5
easy:233621003	easy	A	A	True	True		0.9878	0.9878	0.00023257999999999973	0.9863	170.0
hard:443937008	hard	A	A	True	True		0.9951	0.9951	4.350000000000015e-05	0.9945	172.0
hard:707405009	hard	A	none	False	True		0.9991	0.0008	1.99660146	0.999	168.7
easy:109041000119107	easy	A	A	True	True		0.9924	0.9924	0.00011256000000000078	0.9915	194.3
hard:7620006	hard	A	A	True	True		0.9573	0.9573	0.0036042899999999965	0.952	165.2
hard:45853006	hard	A	A	True	True		0.9945	0.9945	5.941999999999945e-05	0.9938	186.3
easy:721187005	easy	A	A	True	True		0.994	0.994	5.672000000000007e-05	0.9932	211.7
easy:71325002	easy	A	A	True	True		0.9935	0.9935	8.195999999999936e-05	0.9927	168.5
hard:192727001	hard	D	D	True	False		0.8826	0.8826	0.02701036999999999	0.8679	178.0
hard:235603003	hard	A	A	True	True		0.9943	0.9943	6.386000000000044e-05	0.9936	164.0
hard:83275001	hard	A	A	True	True		0.9897	0.9897	0.0002023799999999995	0.9884	136.3
retrieval-miss:49562005	retrieval-miss	none	none	True	False		0.8139	0.8139	0.06578296000000002	0.7906	171.7
none-narrower:16466741000119102	none-narrower	none	none	True	False		0.9998	0.9998	7.999999999999119e-08	0.9998	173.5
hard:39462005	hard	A	A	True	True		0.9926	0.9926	0.00010391999999999945	0.9917	168.9
hard:74728003	hard	A	A	True	True		0.9907	0.9907	0.00014788999999999953	0.9895	177.6
hard:73397007	hard	A	A	True	True		0.9923	0.9923	0.00011859000000000062	0.9913	165.5
easy:86095007	easy	A	A	True	True		0.8909	0.8909	0.022545329999999995	0.8773	167.7
hard:448254007	hard	A	A	True	True		0.9738	0.9738	0.0010259000000000002	0.9705	167.2
easy:109378008	easy	A	A	True	True		0.9277	0.9277	0.009966230000000003	0.9187	209.3
hard:715415005	hard	A	A	True	True		0.9913	0.9913	0.0001415500000000007	0.9902	195.6
easy:85149007	easy	A	A	True	True		0.9976	0.9976	1.1519999999999797e-05	0.9973	203.3
hard:763455008	hard	A	none	False	True		0.5913	0.3184	0.81939407	0.5402	229.2
none-narrower:1197333008	none-narrower	none	none	True	False		0.9997	0.9997	1.7999999999998017e-07	0.9997	150.2
hard:92246000	hard	A	A	True	True		0.9936	0.9936	7.822999999999951e-05	0.9927	176.0
none-narrower:61458006	none-narrower	none	none	True	False		0.9998	0.9998	7.999999999999119e-08	0.9998	200.8
hard:715626008	hard	A	A	True	True		0.989	0.989	0.0002294100000000002	0.9876	194.9
hard:717181004	hard	A	A	True	True		0.9875	0.9875	0.00029145999999999887	0.986	205.0
hard:40283005	hard	A	none	False	True		0.9946	0.0052	1.97885624	0.9939	155.0
easy:363505006	easy	A	A	True	True		0.9743	0.9743	0.0011213899999999973	0.9711	181.0
none-narrower:90974009	none-narrower	none	none	True	False		0.9703	0.9703	0.001400759999999997	0.9666	156.1
hard:722947004	hard	A	A	True	True		0.9924	0.9924	9.922000000000077e-05	0.9915	166.4
hard:715987000	hard	A	A	True	True		0.9807	0.9807	0.0006784899999999993	0.9783	209.5
none-narrower:1172901009	none-narrower	none	A	False	False		0.9724	0.0266	1.8930696900000004	0.969	187.9
hard:237957007	hard	A	A	True	True		0.9851	0.9851	0.00031027000000000073	0.9832	201.1
hard:237964009	hard	A	A	True	True		0.7958	0.7958	0.08335445000000002	0.7703	237.0
easy:33225004	easy	A	A	True	True		0.9886	0.9886	0.0002576599999999992	0.9871	155.7
hard:719305006	hard	A	A	True	True		0.9607	0.9607	0.00275136	0.9558	190.2
easy:722675000	easy	A	A	True	True		0.992	0.992	0.00012800000000000013	0.991	196.1
easy:723441001	easy	A	A	True	True		0.9332	0.9332	0.0076914599999999955	0.9248	189.1
hard:93471006	hard	A	A	True	True		0.9945	0.9945	5.7319999999999444e-05	0.9939	170.6
easy:237603002	easy	A	A	True	True		0.9837	0.9837	0.0003962199999999994	0.9816	178.7
none-narrower:95525004	none-narrower	none	none	True	False		0.9997	0.9997	1.3999999999998018e-07	0.9997	149.1
hard:417967008	hard	A	A	True	True		0.9925	0.9925	0.00011100999999999928	0.9916	167.2
easy:718720007	easy	A	A	True	True		0.9723	0.9723	0.001475099999999997	0.9688	166.5
none-narrower:1366243009	none-narrower	none	none	True	False		1.0	1.0	0.0	1.0	155.8
none-narrower:427435004	none-narrower	none	none	True	False		0.9999	0.9999	9.999999999997797e-09	0.9999	153.2
easy:404109006	easy	A	A	True	True		0.9872	0.9872	0.00030802000000000086	0.9857	169.3
hard:717041008	hard	A	A	True	True		0.9715	0.9715	0.0012463099999999983	0.968	173.2
none-narrower:61823004	none-narrower	none	none	True	False		0.9998	0.9998	5.99999999999912e-08	0.9997	174.1
easy:70070008	easy	A	A	True	True		0.7645	0.7645	0.10989096000000002	0.7351	218.6
hard:129000002	hard	A	A	True	True		0.9807	0.9807	0.0006453999999999993	0.9783	186.6
hard:56478004	hard	A	A	True	True		0.997	0.997	1.5920000000000017e-05	0.9966	158.1
retrieval-miss:402736003	retrieval-miss	none	none	True	False		0.9999	0.9999	1.9999999999997797e-08	0.9999	165.3
none-narrower:238778000	none-narrower	none	none	True	False		1.0	1.0	0.0	1.0	201.9
easy:254956000	easy	A	A	True	True		0.9854	0.9854	0.0004205299999999984	0.9836	176.0
easy:84828003	easy	A	A	True	True		0.9969	0.9969	1.7479999999999948e-05	0.9966	213.5
hard:49607006	hard	A	none	False	True		0.4241	0.2255	0.9004068199999999	0.3522	166.2
easy:239112008	easy	A	A	True	True		0.9796	0.9796	0.0007739399999999989	0.9771	207.2
hard:10934005	hard	A	A	True	True		0.9897	0.9897	0.0001725999999999995	0.9885	207.0
hard:34528009	hard	A	A	True	True		0.9448	0.9448	0.0059211500000000035	0.9378	141.8
easy:88518009	easy	A	A	True	True		0.9938	0.9938	7.687999999999979e-05	0.993	156.8
none-narrower:438628005	none-narrower	none	none	True	False		0.9996	0.9996	2.0999999999996474e-07	0.9996	165.8
easy:722062004	easy	A	A	True	True		0.9685	0.9685	0.0019290199999999983	0.9646	205.0
easy:82523003	easy	A	A	True	True		0.973	0.973	0.0014313100000000012	0.9697	156.7
hard:72836002	hard	A	A	True	True		0.9946	0.9946	5.623999999999957e-05	0.994	179.1
easy:74351001	easy	A	A	True	True		0.9933	0.9933	8.846000000000052e-05	0.9925	171.9
hard:4445009	hard	A	A	True	True		0.9643	0.9643	0.0020096899999999967	0.9599	169.2
hard:75316000	hard	A	A	True	True		0.9968	0.9968	1.924999999999988e-05	0.9964	190.6
hard:38959009	hard	A	A	True	True		0.9921	0.9921	0.00011033000000000028	0.9912	149.2
easy:408663001	easy	A	A	True	True		0.9938	0.9938	7.56499999999998e-05	0.993	208.8
none-narrower:427921009	none-narrower	none	none	True	False		0.9997	0.9997	1.7999999999998017e-07	0.9997	130.7
hard:205681004	hard	A	A	True	True		0.9907	0.9907	0.00013745999999999951	0.9896	175.0
easy:66038001	easy	A	A	True	True		0.9883	0.9883	0.000273790000000001	0.9868	207.4
hard:71941009	hard	A	A	True	True		0.9899	0.9899	0.00020201999999999997	0.9886	155.8
easy:715625007	easy	A	A	True	True		0.9882	0.9882	0.00021129000000000075	0.9868	198.8
none-narrower:15977008	none-narrower	none	none	True	False		0.9999	0.9999	1.9999999999997797e-08	0.9998	164.6
easy:10649000	easy	A	A	True	True		0.9945	0.9945	6.049999999999944e-05	0.9938	197.5
hard:26609002	hard	B	A	False	False		0.9766	0.0038	1.94654225	0.9737	189.4
hard:712922002	hard	A	none	False	True		0.9728	0.0272	1.89267968	0.9694	193.9
easy:254664008	easy	A	A	True	True		0.9823	0.9823	0.0005895200000000017	0.98	173.7
hard:723096000	hard	A	A	True	True		0.9913	0.9913	0.0001513800000000007	0.9902	149.7
hard:719300001	hard	A	A	True	True		0.9878	0.9878	0.00029048999999999975	0.9863	208.7
easy:46785007	easy	A	A	True	True		0.9822	0.9822	0.00048547000000000135	0.98	174.0
hard:58648008	hard	A	A	True	True		0.9838	0.9838	0.0004999399999999997	0.9818	201.2
none-narrower:719042007	none-narrower	none	B	False	False		0.6337	0.3602	0.8109422799999999	0.588	173.8
easy:68210006	easy	A	A	True	True		0.9721	0.9721	0.001472360000000002	0.9686	160.2
easy:276799004	easy	A	A	True	True		0.9947	0.9947	4.855999999999969e-05	0.9941	192.8
hard:231896005	hard	A	A	True	True		0.9969	0.9969	1.7499999999999948e-05	0.9965	158.8
hard:63103006	hard	A	A	True	True		0.9795	0.9795	0.0007785699999999984	0.977	164.6
easy:187842004	easy	A	A	True	True		0.9924	0.9924	0.00010330000000000078	0.9914	190.8
hard:128117002	hard	A	A	True	True		0.993	0.993	8.601000000000008e-05	0.9921	176.7
hard:78769001	hard	A	A	True	True		0.9947	0.9947	5.4149999999999703e-05	0.994	153.8
easy:22841008	easy	A	A	True	True		0.9592	0.9592	0.003134199999999996	0.9541	197.5
hard:254701007	hard	A	A	True	True		0.9945	0.9945	6.049999999999944e-05	0.9938	190.6
none-narrower:521000146105	none-narrower	none	none	True	False		0.9999	0.9999	1.9999999999997797e-08	0.9999	176.4
hard:239940004	hard	A	A	True	True		0.9953	0.9953	4.325000000000035e-05	0.9947	188.1
easy:763622006	easy	B	B	True	False		0.9765	0.9765	0.0010905399999999984	0.9736	185.2
none-narrower:871655005	none-narrower	none	none	True	False		0.9989	0.9989	2.4199999999999777e-06	0.9988	172.2
none-narrower:25668000	none-narrower	none	A	False	False		0.9899	0.0093	1.96138914	0.9886	162.4
hard:719599008	hard	A	A	True	True		0.9866	0.9866	0.0003564599999999991	0.9849	203.5
hard:52824009	hard	A	A	True	True		0.9703	0.9703	0.0013527299999999969	0.9666	149.3
hard:715827001	hard	A	A	True	True		0.9735	0.9735	0.0012300599999999983	0.9702	194.9
easy:307343001	easy	A	A	True	True		0.9722	0.9722	0.0014816100000000026	0.9687	159.3
none-narrower:95795006	none-narrower	none	none	True	False		0.9991	0.9991	1.3100000000000213e-06	0.999	118.6
none-narrower:762379000	none-narrower	none	none	True	False		0.9997	0.9997	1.2999999999998017e-07	0.9997	148.1
none-narrower:26284000	none-narrower	none	none	True	False		0.9999	0.9999	1.9999999999997797e-08	0.9999	170.8
easy:240877000	easy	A	A	True	True		0.9916	0.9916	0.00011986999999999938	0.9906	168.1
easy:717332007	easy	A	A	True	True		0.9878	0.9878	0.0002928599999999997	0.9863	182.3
easy:75544000	easy	A	A	True	True		0.9849	0.9849	0.0004301500000000001	0.983	135.5
easy:126956001	easy	A	A	True	True		0.9957	0.9957	3.0389999999999748e-05	0.9952	150.9
hard:444921008	hard	D	none	False	False		0.9996	0.0004	1.9984003200000002	0.9995	184.2
none-narrower:403151007	none-narrower	none	none	True	False		0.9998	0.9998	4.999999999999118e-08	0.9998	158.3
easy:104081000119103	easy	A	A	True	True		0.7888	0.7888	0.07952557000000002	0.7624	172.6
easy:25277000	easy	A	A	True	True		0.995	0.995	4.901000000000005e-05	0.9944	165.2
none-narrower:26884006	none-narrower	none	none	True	False		1.0	1.0	0.0	1.0	192.5
retrieval-miss:51689003	retrieval-miss	none	none	True	False		1.0	1.0	0.0	1.0	169.0
hard:399107008	hard	A	A	True	True		0.9835	0.9835	0.0004744999999999987	0.9814	159.8
hard:13596001	hard	A	A	True	True		0.9962	0.9962	2.8140000000000195e-05	0.9957	170.3
hard:722455002	hard	A	A	True	True		0.9618	0.9618	0.0028509100000000008	0.957	222.1
hard:10890000	hard	A	A	True	True		0.9851	0.9851	0.00042384000000000074	0.9832	162.6
easy:328611000119105	easy	A	A	True	True		0.9791	0.9791	0.0006603900000000013	0.9765	164.8
retrieval-miss:32599008	retrieval-miss	none	none	True	False		1.0	1.0	0.0	1.0	185.0
none-narrower:1296880000	none-narrower	none	none	True	False		0.9997	0.9997	1.7999999999998017e-07	0.9996	171.4
hard:49292002	hard	A	A	True	True		0.9724	0.9724	0.0012518599999999977	0.969	189.6
none-narrower:201240005	none-narrower	none	none	True	False		0.9998	0.9998	5.99999999999912e-08	0.9997	183.0
none-narrower:74372003	none-narrower	none	none	True	False		1.0	1.0	0.0	1.0	175.8
easy:372244006	easy	A	A	True	True		0.9839	0.9839	0.0005120400000000001	0.9818	157.9
none-narrower:243410003	none-narrower	none	none	True	False		0.9999	0.9999	1.9999999999997797e-08	0.9999	190.2
hard:715829003	hard	A	A	True	True		0.9728	0.9728	0.0013969400000000002	0.9695	179.4
easy:37471005	easy	A	A	True	True		0.9886	0.9886	0.00024269999999999923	0.9872	179.8
none-narrower:1177035002	none-narrower	none	none	True	False		0.9998	0.9998	5.99999999999912e-08	0.9998	181.8
none-narrower:201996005	none-narrower	none	none	True	False		0.9998	0.9998	7.999999999999119e-08	0.9998	138.7
none-narrower:277481003	none-narrower	none	none	True	False		0.9998	0.9998	7.999999999999119e-08	0.9998	164.1
easy:715796006	easy	A	A	True	True		0.9929	0.9929	9.302999999999993e-05	0.992	254.0
easy:413656006	easy	A	A	True	True		0.9523	0.9523	0.004429479999999996	0.9463	224.2
easy:189167009	easy	A	A	True	True		0.9935	0.9935	7.953999999999936e-05	0.9926	191.5
easy:78590007	easy	A	A	True	True		0.9936	0.9936	8.065999999999952e-05	0.9928	160.9
retrieval-miss:43116000	retrieval-miss	none	none	True	False		0.9994	0.9994	5.30000000000054e-07	0.9994	168.7
easy:238036004	easy	A	A	True	True		0.975	0.975	0.001170780000000001	0.9718	146.4
none-narrower:301824001	none-narrower	none	none	True	False		0.9878	0.9878	0.00022453999999999972	0.9863	149.9
easy:716200002	easy	A	A	True	True		0.968	0.968	0.0020289400000000016	0.964	207.8
hard:768926005	hard	A	A	True	True		0.9887	0.9887	0.00024242999999999948	0.9873	191.5
hard:59032001	hard	A	A	True	True		0.9954	0.9954	4.053000000000045e-05	0.9949	146.9
easy:198142001	easy	A	A	True	True		0.987	0.987	0.0002966500000000003	0.9853	177.4
retrieval-miss:361115000	retrieval-miss	none	A	False	False		0.9893	0.0107	1.9574289799999998	0.988	162.7
easy:363464006	easy	A	A	True	True		0.9833	0.9833	0.0005289500000000017	0.9812	154.7
easy:429998004	easy	A	A	True	True		0.9966	0.9966	2.1839999999999716e-05	0.9962	185.8
hard:37109004	hard	A	A	True	True		0.9754	0.9754	0.0012103199999999978	0.9723	168.4
hard:231472009	hard	A	A	True	True		0.9957	0.9957	3.453999999999975e-05	0.9952	135.1
hard:270491006	hard	A	A	True	True		0.9824	0.9824	0.0005855099999999982	0.9802	173.7
none-narrower:723905008	none-narrower	none	none	True	False		0.9993	0.9993	9.900000000000475e-07	0.9992	169.6
hard:12313004	hard	A	A	True	True		0.9871	0.9871	0.0003203700000000006	0.9855	178.5
hard:127030001	hard	A	A	True	True		0.9775	0.9775	0.0009817399999999985	0.9747	178.8
easy:92093000	easy	A	A	True	True		0.9911	0.9911	0.00014671000000000036	0.99	180.2
easy:25362006	easy	A	A	True	True		0.9758	0.9758	0.0011664499999999999	0.9728	192.6
none-narrower:312085005	none-narrower	none	none	True	False		0.9998	0.9998	4.999999999999118e-08	0.9998	166.1
hard:53913001	hard	A	A	True	True		0.9824	0.9824	0.0006195199999999982	0.9802	162.4
none-narrower:232121005	none-narrower	none	none	True	False		0.9999	0.9999	9.999999999997797e-09	0.9999	174.3
easy:16631009	easy	A	A	True	True		0.9887	0.9887	0.00024877999999999944	0.9872	137.7
none-narrower:448478000	none-narrower	none	none	True	False		0.9996	0.9996	3.2999999999996476e-07	0.9995	192.5
retrieval-miss:80328002	retrieval-miss	none	A	False	False		0.8481	0.0811	1.5685370500000002	0.8291	178.3
hard:410042009	hard	A	A	True	True		0.6682	0.6682	0.17972759	0.6268	200.5
easy:91954009	easy	A	A	True	True		0.9855	0.9855	0.00041761999999999876	0.9837	197.5
none-narrower:187701005	none-narrower	none	none	True	False		0.9995	0.9995	4.2999999999994496e-07	0.9994	188.1
hard:448542008	hard	A	A	True	True		0.9972	0.9972	1.412000000000014e-05	0.9969	172.9
none-narrower:40370006	none-narrower	none	none	True	False		0.986	0.986	0.0003837100000000003	0.9843	160.3
hard:725138002	hard	A	A	True	True		0.9858	0.9858	0.0004032799999999998	0.984	207.0
hard:254767008	hard	A	A	True	True		0.9921	0.9921	0.00011875000000000028	0.9912	192.2
easy:126926005	easy	A	A	True	True		0.9947	0.9947	5.4149999999999703e-05	0.994	194.2
hard:403913006	hard	A	A	True	True		0.9714	0.9714	0.0015911699999999977	0.9679	174.7
hard:399432003	hard	A	A	True	True		0.991	0.991	0.00015506000000000013	0.9898	200.1
retrieval-miss:75474006	retrieval-miss	none	none	True	False		1.0	1.0	0.0	1.0	158.0
none-narrower:238951005	none-narrower	none	none	True	False		1.0	1.0	0.0	1.0	195.4
none-narrower:447146004	none-narrower	none	none	True	False		0.9985	0.9985	4.4999999999998375e-06	0.9983	163.9
easy:37344009	easy	B	B	True	False		0.9819	0.9819	0.0006552200000000002	0.9796	146.4
easy:392662004	easy	A	A	True	True		0.9841	0.9841	0.0004496300000000008	0.9821	189.5
none-narrower:1196861001	none-narrower	none	none	True	False		0.9996	0.9996	2.399999999999648e-07	0.9996	164.5
easy:15682004	easy	A	A	True	True		0.9951	0.9951	4.0420000000000145e-05	0.9945	157.6
easy:55475008	easy	A	A	True	True		0.995	0.995	4.7130000000000045e-05	0.9944	212.9
easy:423709000	easy	A	A	True	True		0.9931	0.9931	8.178000000000024e-05	0.9922	169.7
hard:27420004	hard	A	A	True	True		0.9961	0.9961	3.0420000000000112e-05	0.9956	181.0
easy:733601006	easy	A	A	True	True		0.9698	0.9698	0.00181805	0.966	236.5
none-narrower:371012000	none-narrower	none	none	True	False		0.6956	0.6956	0.13854759	0.6576	192.6
easy:715504003	easy	A	A	True	True		0.9506	0.9506	0.004841420000000001	0.9444	207.8
easy:36742000	easy	A	A	True	True		0.9954	0.9954	4.142000000000044e-05	0.9948	166.4
easy:239062001	easy	A	A	True	True		0.9819	0.9819	0.0006236700000000002	0.9797	200.7
none-narrower:685031000119100	none-narrower	none	none	True	False		0.9999	0.9999	9.999999999997797e-09	0.9999	151.6
none-narrower:371962007	none-narrower	none	none	True	False		0.9997	0.9997	1.7999999999998017e-07	0.9996	174.5
hard:722205008	hard	A	A	True	True		0.9589	0.9589	0.0033135900000000025	0.9538	222.7
hard:38907003	hard	A	A	True	True		0.9873	0.9873	0.0002991800000000011	0.9857	163.7
easy:237950009	easy	A	A	True	True		0.989	0.989	0.0002121500000000002	0.9876	194.5
retrieval-miss:93132001	retrieval-miss	none	A	False	False		0.8497	0.1496	1.4451704600000002	0.8309	196.0
none-narrower:87666009	none-narrower	none	none	True	False		0.9998	0.9998	4.999999999999118e-08	0.9998	151.1
easy:235966007	easy	A	A	True	True		0.9895	0.9895	0.00021028999999999905	0.9882	196.1
hard:254851009	hard	A	A	True	True		0.9847	0.9847	0.00033895999999999937	0.9828	196.1
easy:190303007	easy	A	A	True	True		0.989	0.989	0.0002398200000000002	0.9876	157.8
none-narrower:1254906000	none-narrower	none	none	True	False		0.9987	0.9987	2.4299999999999166e-06	0.9986	177.4
easy:13507004	easy	A	A	True	True		0.9894	0.9894	0.00018000000000000112	0.9881	166.6
hard:363408006	hard	A	A	True	True		0.9936	0.9936	7.825999999999951e-05	0.9928	161.9
hard:230282000	hard	A	A	True	True		0.9838	0.9838	0.0004306399999999997	0.9818	167.6
easy:195180004	easy	A	A	True	True		0.9948	0.9948	4.833999999999981e-05	0.9942	147.6
easy:230425004	easy	A	A	True	True		0.9947	0.9947	4.42399999999997e-05	0.994	188.3
hard:95315005	hard	A	none	False	True		0.6451	0.2772	0.9445846499999999	0.6008	175.6
easy:59393003	easy	A	A	True	True		0.9768	0.9768	0.00097742	0.9739	171.2
easy:77121009	easy	A	A	True	True		0.977	0.977	0.000783030000000001	0.9742	208.2
hard:699305004	hard	A	A	True	True		0.9815	0.9815	0.0006116399999999985	0.9792	223.2
hard:71961003	hard	A	A	True	True		0.9917	0.9917	0.00013294999999999957	0.9906	167.0
hard:254230001	hard	A	A	True	True		0.9789	0.9789	0.0007688600000000003	0.9763	167.6
easy:45339001	easy	A	A	True	True		0.974	0.974	0.0012374200000000012	0.9707	163.6
hard:193411004	hard	A	A	True	True		0.9712	0.9712	0.0014804600000000029	0.9676	194.4
easy:402792003	easy	A	A	True	True		0.9862	0.9862	0.00032714000000000094	0.9845	163.0
hard:42574005	hard	A	A	True	True		0.983	0.983	0.0005746100000000005	0.9809	147.9
easy:7916009	easy	A	A	True	True		0.9965	0.9965	2.1019999999999633e-05	0.9961	147.5
hard:702361006	hard	A	A	True	True		0.9423	0.9423	0.006578549999999997	0.9351	195.0
easy:92083007	easy	A	A	True	True		0.9964	0.9964	2.4530000000000343e-05	0.996	168.7
hard:90708001	hard	A	A	True	True		0.9865	0.9865	0.00035395999999999887	0.9848	163.3
none-narrower:429724002	none-narrower	none	none	True	False		0.9996	0.9996	3.1999999999996475e-07	0.9995	160.0
easy:9491003	easy	A	A	True	True		0.9856	0.9856	0.00040903999999999913	0.9838	141.4
easy:450005	easy	A	A	True	True		0.9931	0.9931	8.411000000000024e-05	0.9922	153.9
hard:75006000	hard	A	A	True	True		0.9797	0.9797	0.0006185399999999993	0.9772	176.0
hard:719250005	hard	A	A	True	True		0.994	0.994	7.082000000000006e-05	0.9933	184.2
easy:764096006	easy	A	A	True	True		0.9872	0.9872	0.00030806000000000084	0.9856	200.4
hard:69134001	hard	A	A	True	True		0.973	0.973	0.0014313000000000012	0.9696	145.8
easy:45170000	easy	A	A	True	True		0.9946	0.9946	5.327999999999957e-05	0.9939	194.7
none-narrower:427419006	none-narrower	none	none	True	False		0.9996	0.9996	2.5999999999996474e-07	0.9995	171.8
hard:86103006	hard	A	A	True	True		0.9416	0.9416	0.005147420000000001	0.9343	156.7
easy:44795003	easy	A	none	False	True		0.9757	0.0231	1.90632554	0.9727	157.4
none-narrower:13457005	none-narrower	none	none	True	False		1.0	1.0	0.0	1.0	154.5
hard:725148000	hard	A	A	True	True		0.9861	0.9861	0.00036495000000000066	0.9844	216.7
retrieval-miss:22542007	retrieval-miss	none	none	True	False		0.9991	0.9991	1.1500000000000214e-06	0.999	191.9
easy:253283000	easy	A	A	True	True		0.9813	0.9813	0.0006509400000000019	0.9789	171.8
easy:21009004	easy	A	A	True	True		0.9862	0.9862	0.00037541000000000093	0.9845	174.9
retrieval-miss:124593001	retrieval-miss	none	A	False	False		0.7822	0.2176	1.22398661	0.755	198.6
easy:400946004	easy	F	F	True	False		0.9439	0.9439	0.006260870000000005	0.9369	199.8
easy:201191004	easy	A	A	True	True		0.9977	0.9977	9.329999999999855e-06	0.9974	137.4
retrieval-miss:58437007	retrieval-miss	none	none	True	False		1.0	1.0	0.0	1.0	190.2
easy:722381004	easy	A	A	True	True		0.9788	0.9788	0.0008946599999999998	0.9761	206.9
easy:703406006	easy	A	A	True	True		0.9596	0.9596	0.002489969999999999	0.9545	208.9
none-narrower:302920007	none-narrower	none	none	True	False		0.9999	0.9999	1.9999999999997797e-08	0.9999	165.1
hard:410429000	hard	A	A	True	True		0.9923	0.9923	8.711000000000062e-05	0.9914	142.6
hard:444830001	hard	A	none	False	True		0.8672	0.1166	1.5326874099999999	0.8506	201.9
easy:717042001	easy	A	A	True	True		0.9781	0.9781	0.0007702400000000014	0.9753	175.4
easy:29159009	easy	A	A	True	True		0.9746	0.9746	0.001280229999999999	0.9714	165.0
none-narrower:767448007	none-narrower	none	A	False	False		0.9938	0.0056	1.97646998	0.993	199.7
hard:766704005	hard	A	A	True	True		0.9938	0.9938	7.56599999999998e-05	0.9931	181.6
hard:229733002	hard	A	A	True	True		0.9947	0.9947	4.77999999999997e-05	0.9941	148.7
none-narrower:332461000119106	none-narrower	none	none	True	False		0.9999	0.9999	9.999999999997797e-09	0.9999	145.5
none-narrower:1300178001	none-narrower	none	none	True	False		0.9998	0.9998	4.999999999999118e-08	0.9998	148.8
hard:397825006	hard	A	A	True	True		0.9878	0.9878	0.0002373799999999997	0.9863	171.4
easy:60318001	easy	A	A	True	True		0.9884	0.9884	0.00022809000000000127	0.987	214.4
none-narrower:348681000119101	none-narrower	none	none	True	False		0.9999	0.9999	1.9999999999997797e-08	0.9999	148.2
hard:720414005	hard	B	B	True	False		0.9895	0.9895	0.00021049999999999905	0.9882	211.4
easy:238011005	easy	A	A	True	True		0.9641	0.9641	0.002542130000000003	0.9597	189.5
easy:95280005	easy	A	A	True	True		0.9905	0.9905	0.00017315999999999908	0.9893	166.1
none-narrower:789399002	none-narrower	none	none	True	False		0.9996	0.9996	3.1999999999996475e-07	0.9996	176.4
hard:28593007	hard	A	none	False	True		0.9996	0.0004	1.9984003200000002	0.9995	151.3
easy:186668002	easy	A	A	True	True		0.995	0.995	4.901000000000005e-05	0.9944	204.5
easy:20392000	easy	A	A	True	True		0.9963	0.9963	2.367000000000027e-05	0.9958	131.7
hard:442416002	hard	A	A	True	True		0.9816	0.9816	0.0006421399999999989	0.9793	174.3
retrieval-miss:234110002	retrieval-miss	none	none	True	False		1.0	1.0	0.0	1.0	160.8
easy:404086000	easy	A	A	True	True		0.996	0.996	3.0450000000000032e-05	0.9955	210.8
easy:367542003	easy	A	A	True	True		0.9917	0.9917	0.00013293999999999958	0.9907	191.9
easy:123596001	easy	A	A	True	True		0.9922	0.9922	0.00011719000000000046	0.9912	155.9
easy:49723003	easy	A	A	True	True		0.9853	0.9853	0.0004152600000000014	0.9834	155.5
none-narrower:1231379009	none-narrower	none	none	True	False		0.9989	0.9989	2.209999999999978e-06	0.9988	179.7
hard:719454003	hard	A	A	True	True		0.8581	0.8581	0.03495667000000001	0.8404	194.3
hard:764997000	hard	A	A	True	True		0.9816	0.9816	0.000651989999999999	0.9794	262.5
easy:201192006	easy	A	A	True	True		0.9961	0.9961	2.5460000000000112e-05	0.9956	136.8
hard:718848000	hard	A	A	True	True		0.9788	0.9788	0.0007982999999999997	0.9761	192.2
none-narrower:16932000	none-narrower	none	none	True	False		0.9999	0.9999	1.9999999999997797e-08	0.9999	173.6
hard:82852009	hard	A	A	True	True		0.9891	0.9891	0.00020634000000000044	0.9877	183.2
easy:92040001	easy	A	A	True	True		0.9947	0.9947	4.89799999999997e-05	0.994	174.4
hard:36667009	hard	A	A	True	True		0.9946	0.9946	5.831999999999958e-05	0.9939	190.0
hard:254068007	hard	A	A	True	True		0.993	0.993	8.541000000000009e-05	0.9922	199.6
hard:31323000	hard	A	A	True	True		0.9926	0.9926	9.654999999999945e-05	0.9916	174.3
easy:60168000	easy	A	A	True	True		0.9951	0.9951	3.9640000000000156e-05	0.9945	176.8
easy:764859001	easy	A	A	True	True		0.9636	0.9636	0.0025163699999999995	0.959	171.5
none-narrower:1052239007	none-narrower	none	none	True	False		1.0	1.0	0.0	1.0	169.0
hard:237889002	hard	A	A	True	True		0.9919	0.9919	0.00011825999999999994	0.9909	192.9
none-narrower:105710000	none-narrower	none	none	True	False		0.9989	0.9989	2.209999999999978e-06	0.9988	167.7
easy:1092381000119100	easy	A	A	True	True		0.8135	0.8135	0.06948995	0.7902	176.9
easy:719514002	easy	A	A	True	True		0.9854	0.9854	0.00041202999999999845	0.9836	220.2
hard:126907002	hard	D	B	False	False		0.9376	0.0044	1.87366553	0.9298	176.2
hard:764440006	hard	B	B	True	False		0.9835	0.9835	0.0005347399999999986	0.9814	208.9
easy:766870005	easy	B	B	True	False		0.9747	0.9747	0.0012651099999999996	0.9716	223.0
hard:720495005	hard	A	A	True	True		0.961	0.961	0.0030264500000000026	0.9562	188.5
hard:711483003	hard	A	A	True	True		0.9449	0.9449	0.005963160000000005	0.9381	206.8
hard:254774003	hard	A	A	True	True		0.9935	0.9935	8.197999999999935e-05	0.9927	207.5
retrieval-miss:719663005	retrieval-miss	none	none	True	False		0.9882	0.9882	0.00026930000000000075	0.9868	171.5
easy:28366008	easy	A	A	True	True		0.9967	0.9967	2.0519999999999797e-05	0.9963	165.1
none-narrower:240704003	none-narrower	none	none	True	False		0.9991	0.9991	1.3400000000000215e-06	0.999	169.6
easy:707374005	easy	A	A	True	True		0.9958	0.9958	3.0009999999999843e-05	0.9952	176.9
retrieval-miss:238019007	retrieval-miss	none	none	True	False		0.9981	0.9981	5.920000000000048e-06	0.9979	156.0
hard:402425006	hard	A	A	True	True		0.9634	0.9634	0.002657339999999997	0.9588	162.1
none-narrower:724647003	none-narrower	none	none	True	False		0.7983	0.7983	0.07797273	0.7731	241.9
easy:26029002	easy	A	A	True	True		0.9533	0.9533	0.004297179999999996	0.9475	184.7
easy:300988009	easy	A	A	True	True		0.9903	0.9903	0.00014447000000000082	0.9891	172.8
easy:371160000	easy	A	A	True	True		0.9779	0.9779	0.0009382100000000005	0.9752	165.4
easy:2589008	easy	A	A	True	True		0.997	0.997	1.6380000000000016e-05	0.9966	170.8
hard:83172007	hard	A	A	True	True		0.9936	0.9936	6.62499999999995e-05	0.9928	162.0
hard:266254007	hard	A	A	True	True		0.9933	0.9933	7.678000000000052e-05	0.9924	144.0
hard:128123007	hard	A	none	False	True		0.9347	0.0053	1.86581668	0.9265	167.5
easy:399906000	easy	A	A	True	True		0.993	0.993	9.142000000000008e-05	0.9921	168.4
hard:62005008	hard	A	A	True	True		0.9915	0.9915	0.0001278299999999992	0.9905	184.9
retrieval-miss:197284004	retrieval-miss	none	none	True	False		0.9996	0.9996	2.4999999999996473e-07	0.9996	151.4
easy:60389000	easy	A	A	True	True		0.9941	0.9941	6.73000000000002e-05	0.9934	178.0
easy:55850004	easy	A	A	True	True		0.9949	0.9949	4.9089999999999925e-05	0.9943	203.5
hard:763209008	hard	A	A	True	True		0.9887	0.9887	0.0002487099999999994	0.9873	226.4
easy:123948009	easy	B	B	True	False		0.9784	0.9784	0.0009245399999999979	0.9757	142.9
none-narrower:197853008	none-narrower	none	none	True	False		0.7326	0.7326	0.14130985999999998	0.6991	151.1
hard:53783003	hard	A	A	True	True		0.9888	0.9888	0.00019501999999999974	0.9874	174.8
hard:722389002	hard	A	A	True	True		0.944	0.944	0.004706420000000006	0.937	192.9
hard:9078005	hard	A	A	True	True		0.9971	0.9971	1.682000000000008e-05	0.9967	164.6
hard:234349007	hard	A	A	True	True		0.9939	0.9939	5.985999999999993e-05	0.9931	161.0
easy:63042009	easy	A	A	True	True		0.9896	0.9896	0.00016540999999999924	0.9883	178.0
easy:404077005	easy	A	A	True	True		0.9876	0.9876	0.0002931099999999992	0.9861	169.9
hard:93559003	hard	A	A	True	True		0.9817	0.9817	0.0006448499999999993	0.9794	207.2
easy:92660005	easy	A	A	True	True		0.985	0.985	0.00043550000000000045	0.9832	169.3
hard:187675005	hard	A	A	True	True		0.9814	0.9814	0.0005703799999999982	0.9791	170.3
hard:34713006	hard	A	A	True	True		0.9927	0.9927	0.00010232999999999961	0.9918	193.9
none-narrower:1090651000119103	none-narrower	none	none	True	False		0.9995	0.9995	4.0999999999994493e-07	0.9995	168.0
hard:253353007	hard	A	A	True	True		0.9863	0.9863	0.0003360600000000012	0.9846	193.8
easy:239918008	easy	A	A	True	True		0.9394	0.9394	0.0068769899999999995	0.9319	166.0
none-narrower:30390004	none-narrower	none	none	True	False		0.996	0.996	2.912000000000003e-05	0.9955	150.6
hard:63144007	hard	A	A	True	True		0.9936	0.9936	8.064999999999951e-05	0.9929	192.1
easy:230350000	easy	A	A	True	True		0.9966	0.9966	2.180999999999972e-05	0.9962	193.9
easy:255037004	easy	A	A	True	True		0.9285	0.9285	0.00952673	0.9195	178.3
hard:128333008	hard	A	A	True	True		0.9897	0.9897	0.0002002799999999995	0.9884	162.2
easy:254589009	easy	A	A	True	True		0.9946	0.9946	4.971999999999957e-05	0.994	167.5
easy:399995006	easy	A	A	True	True		0.9852	0.9852	0.00041256000000000105	0.9834	168.3
hard:444150000	hard	A	A	True	True		0.9958	0.9958	3.0739999999999845e-05	0.9952	157.5
easy:427232004	easy	A	A	True	True		0.9962	0.9962	2.6160000000000193e-05	0.9957	196.6
easy:253098009	easy	A	A	True	True		0.9947	0.9947	4.8719999999999696e-05	0.994	190.8
easy:65295003	easy	A	A	True	True		0.9938	0.9938	7.004999999999979e-05	0.993	169.3
hard:204950001	hard	A	A	True	True		0.9829	0.9829	0.0005072300000000002	0.9808	169.6
easy:63398001	easy	A	A	True	True		0.99	0.99	0.00018853000000000018	0.9887	168.2
easy:13468005	easy	A	A	True	True		0.9791	0.9791	0.0008491500000000012	0.9765	167.4
easy:86299006	easy	A	A	True	True		0.9895	0.9895	0.00020838999999999905	0.9882	161.8
hard:55822004	hard	A	A	True	True		0.9925	0.9925	0.00010670999999999928	0.9916	161.5
hard:20957000	hard	A	A	True	True		0.9562	0.9562	0.0031218199999999956	0.9508	149.6
none-narrower:70783003	none-narrower	none	none	True	False		1.0	1.0	0.0	1.0	152.7
easy:40122008	easy	A	A	True	True		0.9968	0.9968	1.9859999999999874e-05	0.9964	157.2
easy:27885002	easy	A	A	True	True		0.9836	0.9836	0.000521929999999999	0.9816	174.9
easy:371089000	easy	A	A	True	True		0.9939	0.9939	7.202999999999993e-05	0.9932	202.4
hard:255072001	hard	A	A	True	True		0.9857	0.9857	0.0003817999999999994	0.9839	175.4
hard:127231009	hard	A	A	True	True		0.9902	0.9902	0.0001757900000000006	0.989	196.1
none-narrower:428592003	none-narrower	none	none	True	False		0.9999	0.9999	1.9999999999997797e-08	0.9999	179.9
none-narrower:406570003	none-narrower	none	none	True	False		1.0	1.0	0.0	0.9999	169.0
hard:65049003	hard	A	A	True	True		0.9701	0.9701	0.0013418700000000022	0.9663	166.5
easy:765096001	easy	A	A	True	True		0.9871	0.9871	0.0003084200000000006	0.9855	202.6
easy:763536006	easy	A	A	True	True		0.9916	0.9916	0.00013465999999999936	0.9906	192.5
easy:429735007	easy	A	A	True	True		0.9924	0.9924	0.00010440000000000078	0.9914	207.9
hard:90584004	hard	A	A	True	True		0.9877	0.9877	0.00025309999999999943	0.9861	162.3
easy:58868000	easy	A	A	True	True		0.9859	0.9859	0.00038935	0.9841	187.5
none-narrower:20239009	none-narrower	none	none	True	False		0.9997	0.9997	1.1999999999998016e-07	0.9997	148.0
easy:722006004	easy	A	A	True	True		0.9812	0.9812	0.0006281600000000015	0.9789	224.3
hard:236746000	hard	A	A	True	True		0.997	0.997	1.6860000000000015e-05	0.9966	143.6
hard:271532008	hard	A	A	True	True		0.963	0.963	0.002665820000000002	0.9584	154.7
hard:198130006	hard	A	A	True	True		0.9727	0.9727	0.0014637799999999996	0.9693	161.5
retrieval-miss:716996008	retrieval-miss	none	A	False	False		0.9845	0.0152	1.93907131	0.9826	214.8
hard:231861005	hard	A	A	True	True		0.9405	0.9405	0.0055988999999999995	0.933	160.7
easy:367520004	easy	A	A	True	True		0.9875	0.9875	0.0002936399999999989	0.9859	190.6
hard:724575009	hard	A	A	True	True		0.9875	0.9875	0.00028904999999999887	0.986	174.5
easy:22298006	easy	A	A	True	True		0.9885	0.9885	0.00021182999999999895	0.9871	159.8
easy:709282004	easy	A	A	True	True		0.9868	0.9868	0.0003041099999999997	0.9851	192.8
hard:763309005	hard	A	A	True	True		0.7622	0.7622	0.09751962	0.7325	224.8
retrieval-miss:16459000	retrieval-miss	none	none	True	False		1.0	1.0	0.0	1.0	194.9
easy:63119004	easy	A	A	True	True		0.9932	0.9932	7.753000000000038e-05	0.9923	205.8
hard:254114000	hard	A	A	True	True		0.9713	0.9713	0.001367079999999997	0.9677	165.5
hard:763658004	hard	A	A	True	True		0.9739	0.9739	0.0012927500000000005	0.9707	228.8
easy:81211007	easy	A	A	True	True		0.9767	0.9767	0.0009868199999999996	0.9738	172.2
hard:26745009	hard	A	A	True	True		0.9821	0.9821	0.0006199500000000008	0.9799	163.7
easy:432328008	easy	A	A	True	True		0.9978	0.9978	9.259999999999911e-06	0.9976	176.3
easy:68116008	easy	A	A	True	True		0.9383	0.9383	0.007576889999999998	0.9306	171.5
hard:18260003	hard	A	A	True	True		0.9935	0.9935	8.197999999999935e-05	0.9927	155.8
hard:25569003	hard	A	A	True	True		0.9975	0.9975	1.1129999999999733e-05	0.9972	167.0
none-narrower:724612006	none-narrower	none	none	True	False		0.9999	0.9999	1.9999999999997797e-08	0.9999	196.8
easy:254898001	easy	A	A	True	True		0.9935	0.9935	7.625999999999935e-05	0.9927	207.7
none-narrower:126999006	none-narrower	none	none	True	False		0.9998	0.9998	5.99999999999912e-08	0.9998	177.9
hard:75614007	hard	A	A	True	True		0.994	0.994	6.854000000000007e-05	0.9932	162.1
easy:74100001	easy	A	none	False	True		0.925	0.0718	1.7171854500000001	0.9156	175.6
easy:192644005	easy	A	A	True	True		0.9928	0.9928	9.953999999999977e-05	0.9919	190.2
none-narrower:370494002	none-narrower	none	none	True	False		0.9772	0.9772	0.000735450000000002	0.9743	159.4
none-narrower:94514000	none-narrower	none	none	True	False		0.9995	0.9995	4.0999999999994493e-07	0.9995	175.5
easy:717789008	easy	A	A	True	True		0.9933	0.9933	8.235000000000054e-05	0.9925	178.7
hard:715825009	hard	A	A	True	True		0.9913	0.9913	0.00014798000000000073	0.9902	208.5
retrieval-miss:408642003	retrieval-miss	none	none	True	False		0.9973	0.9973	1.1190000000000193e-05	0.997	191.6
hard:30292005	hard	A	A	True	True		0.9968	0.9968	1.6749999999999875e-05	0.9964	168.4
easy:196102003	easy	A	A	True	True		0.9944	0.9944	6.163000000000056e-05	0.9937	173.0
easy:722034006	easy	A	A	True	True		0.91	0.91	0.015405279999999993	0.8987	165.8
hard:11314008	hard	A	A	True	True		0.9894	0.9894	0.00021854000000000114	0.9881	163.6
none-narrower:831000119103	none-narrower	none	none	True	False		0.9573	0.9573	0.003595839999999996	0.952	153.4
hard:725141006	hard	A	A	True	True		0.9798	0.9798	0.0007350499999999997	0.9772	170.6
retrieval-miss:238534006	retrieval-miss	none	none	True	False		1.0	1.0	0.0	1.0	162.8
hard:724384008	hard	A	A	True	True		0.9866	0.9866	0.00029455999999999916	0.9849	173.4
hard:723823004	hard	A	A	True	True		0.9874	0.9874	0.0003150099999999986	0.9858	240.4
none-narrower:721781004	none-narrower	none	none	True	False		0.8083	0.8083	0.07296493999999999	0.7843	175.0
retrieval-miss:69646003	retrieval-miss	none	none	True	False		1.0	1.0	0.0	1.0	214.4
retrieval-miss:431396003	retrieval-miss	none	none	True	False		0.9984	0.9984	4.530000000000146e-06	0.9982	165.4
hard:42908004	hard	A	A	True	True		0.9265	0.9265	0.010804500000000002	0.9173	163.9
easy:74469006	easy	B	B	True	False		0.9618	0.9618	0.002836010000000001	0.957	169.0
retrieval-miss:10170007	retrieval-miss	none	C	False	False		0.9593	0.0387	1.84435743	0.9543	183.0
hard:18756002	hard	A	A	True	True		0.9822	0.9822	0.0006196900000000013	0.98	178.5
none-narrower:1217382002	none-narrower	none	none	True	False		0.9995	0.9995	3.599999999999449e-07	0.9995	218.6
retrieval-miss:234062003	retrieval-miss	none	none	True	False		0.995	0.995	4.291000000000005e-05	0.9944	156.3
hard:765141005	hard	A	A	True	True		0.9926	0.9926	0.00010519999999999945	0.9917	215.0
hard:715462003	hard	A	A	True	True		0.9584	0.9584	0.0034035499999999974	0.9532	195.5
easy:88232005	easy	A	A	True	True		0.994	0.994	6.542000000000006e-05	0.9933	164.4
none-narrower:272006008	none-narrower	none	none	True	False		0.9999	0.9999	1.9999999999997797e-08	0.9998	158.2
easy:400179000	easy	A	A	True	True		0.9917	0.9917	0.00012240999999999955	0.9906	171.8
easy:81854007	easy	A	A	True	True		0.9851	0.9851	0.00042101000000000074	0.9833	158.8
retrieval-miss:237692001	retrieval-miss	none	none	True	False		0.9999	0.9999	1.9999999999997797e-08	0.9999	201.2
none-narrower:1145446000	none-narrower	none	none	True	False		0.9999	0.9999	1.9999999999997797e-08	0.9999	167.4
easy:89723004	easy	A	A	True	True		0.9917	0.9917	0.00012842999999999958	0.9907	152.7
hard:719825000	hard	A	A	True	True		0.964	0.964	0.002556330000000002	0.9595	193.2
hard:74400008	hard	A	A	True	True		0.997	0.997	1.4870000000000015e-05	0.9967	150.5
hard:41910004	hard	A	A	True	True		0.9928	0.9928	9.174999999999978e-05	0.9919	172.3
easy:253103006	easy	A	A	True	True		0.9963	0.9963	2.467000000000027e-05	0.9958	156.3
easy:92437008	easy	A	A	True	True		0.9936	0.9936	7.820999999999951e-05	0.9928	178.4
easy:38371006	easy	A	A	True	True		0.9866	0.9866	0.0003486599999999991	0.985	159.9
easy:715770009	easy	A	A	True	True		0.9932	0.9932	9.114000000000039e-05	0.9924	184.3
hard:196027008	hard	A	A	True	True		0.9833	0.9833	0.00044584000000000165	0.9812	168.6
hard:719164000	hard	A	A	True	True		0.9772	0.9772	0.001030640000000002	0.9744	165.6
none-narrower:403373008	none-narrower	none	none	True	False		0.6468	0.6468	0.24907714	0.6027	148.4
hard:416481006	hard	A	A	True	True		0.9955	0.9955	3.419999999999954e-05	0.995	178.1
none-narrower:94973007	none-narrower	none	none	True	False		1.0	1.0	0.0	0.9999	190.2
hard:237604008	hard	A	A	True	True		0.9654	0.9654	0.0022567399999999975	0.961	195.5
hard:86341008	hard	A	A	True	True		0.9798	0.9798	0.0007478399999999998	0.9773	170.1
hard:171131006	hard	A	A	True	True		0.9929	0.9929	7.786999999999993e-05	0.992	179.4
none-narrower:95255005	none-narrower	none	none	True	False		1.0	1.0	0.0	1.0	169.4
none-narrower:1156852009	none-narrower	none	none	True	False		0.9894	0.9894	0.00014643000000000116	0.9881	206.2
easy:56604005	easy	A	A	True	True		0.9911	0.9911	0.00013752000000000035	0.99	159.2
retrieval-miss:17406005	retrieval-miss	none	none	True	False		1.0	1.0	0.0	1.0	167.5
retrieval-miss:720635002	retrieval-miss	none	none	True	False		0.9996	0.9996	2.0999999999996474e-07	0.9996	174.5
hard:116381000119105	hard	A	A	True	True		0.989	0.989	0.00016968000000000023	0.9876	182.2
easy:69163003	easy	A	A	True	True		0.9863	0.9863	0.0003726500000000012	0.9846	170.4
easy:719140001	easy	A	A	True	True		0.9762	0.9762	0.001128130000000002	0.9733	210.5
retrieval-miss:425740005	retrieval-miss	none	none	True	False		1.0	1.0	0.0	1.0	218.8
none-narrower:2858002	none-narrower	none	none	True	False		0.9977	0.9977	1.0129999999999857e-05	0.9975	157.1
none-narrower:94682004	none-narrower	none	none	True	False		0.9997	0.9997	1.2999999999998017e-07	0.9996	177.2
hard:403900000	hard	A	B	False	True		0.9378	0.0255	1.8304368199999999	0.9301	179.2
hard:197866008	hard	A	A	True	True		0.988	0.988	0.0002880000000000003	0.9865	141.4
retrieval-miss:16814004	retrieval-miss	none	none	True	False		0.9999	0.9999	1.9999999999997797e-08	0.9999	159.4
easy:111798006	easy	A	A	True	True		0.9949	0.9949	4.7419999999999936e-05	0.9943	162.3
hard:234451005	hard	A	A	True	True		0.9535	0.9535	0.004171329999999999	0.9476	175.1
easy:58718002	easy	A	A	True	True		0.9952	0.9952	4.5140000000000256e-05	0.9946	158.0
easy:720612000	easy	A	A	True	True		0.9829	0.9829	0.0005584700000000001	0.9808	219.9
easy:363358000	easy	A	A	True	True		0.9842	0.9842	0.00046677000000000117	0.9822	169.5
easy:53974002	easy	A	A	True	True		0.9969	0.9969	1.8619999999999947e-05	0.9965	178.0
hard:85559002	hard	B	B	True	False		0.9965	0.9965	2.3819999999999633e-05	0.9961	160.0
hard:187681002	hard	A	none	False	True		0.9993	0.0007	1.99720098	0.9992	166.8
easy:254129003	easy	A	A	True	True		0.9954	0.9954	4.232000000000045e-05	0.9948	175.4
hard:62377009	hard	A	A	True	True		0.9765	0.9765	0.0010860199999999983	0.9736	170.4
hard:76976005	hard	A	A	True	True		0.9927	0.9927	9.32599999999996e-05	0.9918	159.6
hard:19138001	hard	A	A	True	True		0.9837	0.9837	0.0005004599999999993	0.9816	176.5
easy:18842008	easy	A	A	True	True		0.9665	0.9665	0.0016929499999999982	0.9623	156.0
retrieval-miss:10087007	retrieval-miss	none	none	True	False		0.9999	0.9999	9.999999999997797e-09	0.9999	171.5
hard:190724004	hard	A	A	True	True		0.9912	0.9912	0.00014014000000000054	0.9901	164.1
easy:404057003	easy	A	A	True	True		0.9945	0.9945	5.5379999999999446e-05	0.9938	195.9
easy:264443002	easy	A	A	True	True		0.9931	0.9931	9.386000000000024e-05	0.9922	170.8
easy:363433009	easy	A	A	True	True		0.985	0.985	0.0004213100000000004	0.9832	195.6
hard:28670008	hard	A	A	True	True		0.9941	0.9941	6.410000000000019e-05	0.9934	163.4
hard:92386006	hard	A	A	True	True		0.9961	0.9961	2.8220000000000113e-05	0.9957	172.0
none-narrower:472783006	none-narrower	none	none	True	False		0.954	0.954	0.004106640000000004	0.9482	158.2
easy:405822008	easy	A	A	True	True		0.8649	0.8649	0.028697840000000002	0.848	218.3
hard:59229005	hard	A	A	True	True		0.9695	0.9695	0.0015843599999999982	0.9657	167.1
none-narrower:771177009	none-narrower	none	A	False	False		0.9858	0.0133	1.94537887	0.9841	176.9
hard:19620000	hard	A	A	True	True		0.9895	0.9895	0.00020471999999999903	0.9881	159.1
none-narrower:441530006	none-narrower	none	none	True	False		0.9998	0.9998	7.999999999999119e-08	0.9998	154.5
hard:36989005	hard	A	A	True	True		0.9029	0.9029	0.018230319999999994	0.8908	175.7
none-narrower:276866009	none-narrower	none	none	True	False		0.9998	0.9998	7.999999999999119e-08	0.9998	175.9
none-narrower:403785002	none-narrower	none	none	True	False		0.9997	0.9997	1.2999999999998017e-07	0.9997	193.9
hard:721836009	hard	A	A	True	True		0.9736	0.9736	0.0013730199999999989	0.9703	213.9
none-narrower:373405005	none-narrower	none	none	True	False		0.9998	0.9998	7.999999999999119e-08	0.9997	148.0
hard:24629003	hard	A	A	True	True		0.9833	0.9833	0.0005511600000000017	0.9812	188.3
hard:404659001	hard	A	A	True	True		0.9672	0.9672	0.0020377100000000033	0.9631	189.0
hard:719800009	hard	A	A	True	True		0.9872	0.9872	0.00029528000000000085	0.9856	174.8
easy:720603002	easy	A	A	True	True		0.9707	0.9707	0.0013609399999999997	0.967	204.4
hard:56267009	hard	A	A	True	True		0.9845	0.9845	0.00043849999999999873	0.9825	177.0
none-narrower:47378001	none-narrower	none	none	True	False		0.9985	0.9985	3.7299999999998372e-06	0.9984	170.4
hard:196305005	hard	A	A	True	True		0.9962	0.9962	2.8140000000000195e-05	0.9957	179.0
hard:290653008	hard	A	A	True	True		0.9909	0.9909	0.00016205999999999995	0.9898	202.1
retrieval-miss:21893008	retrieval-miss	none	none	True	False		1.0	1.0	0.0	1.0	216.4
easy:720344007	easy	A	A	True	True		0.7154	0.7154	0.14029527999999997	0.6798	195.0
easy:95210003	easy	A	A	True	True		0.9924	0.9924	9.670000000000078e-05	0.9915	184.7
none-narrower:724749007	none-narrower	none	none	True	False		0.9987	0.9987	2.6599999999999165e-06	0.9985	169.4
hard:12676007	hard	A	A	True	True		0.9923	0.9923	0.00011268000000000062	0.9913	139.1
easy:89392001	easy	A	A	True	True		0.9931	0.9931	8.069000000000023e-05	0.9922	173.8
easy:37754005	easy	A	A	True	True		0.9936	0.9936	8.065999999999952e-05	0.9929	164.8
easy:721015008	easy	B	B	True	False		0.9593	0.9593	0.0032886899999999965	0.9542	176.0
hard:443439001	hard	A	A	True	True		0.8311	0.8311	0.05341113000000002	0.81	200.1
hard:716683005	hard	A	A	True	True		0.9853	0.9853	0.00040683000000000136	0.9835	210.2
none-narrower:231929005	none-narrower	none	none	True	False		0.9995	0.9995	4.1999999999994495e-07	0.9995	161.4
easy:8635005	easy	A	A	True	True		0.9081	0.9081	0.016618759999999996	0.8966	156.2
hard:93390002	hard	A	A	True	True		0.9617	0.9617	0.00257635	0.9569	171.2
hard:371199008	hard	A	A	True	True		0.9908	0.9908	0.00015078999999999974	0.9896	156.6
easy:239085000	easy	B	B	True	False		0.9854	0.9854	0.0003890999999999984	0.9835	158.7
easy:69080001	easy	A	A	True	True		0.9907	0.9907	0.00016063999999999955	0.9895	169.7
hard:768843007	hard	A	A	True	True		0.9795	0.9795	0.0008243099999999985	0.9769	211.3
easy:89420002	easy	A	A	True	True		0.9822	0.9822	0.00048105000000000137	0.98	170.1
easy:763215008	easy	A	A	True	True		0.9861	0.9861	0.0003836600000000006	0.9843	205.6
easy:717749002	easy	A	A	True	True		0.9663	0.9663	0.002149339999999997	0.9621	175.9
easy:47709007	easy	A	A	True	True		0.9896	0.9896	0.00020244999999999926	0.9883	198.1
hard:720984008	hard	A	A	True	True		0.9862	0.9862	0.000378140000000001	0.9844	203.4
none-narrower:255169005	none-narrower	none	none	True	False		0.9995	0.9995	4.999999999999449e-07	0.9994	178.8
hard:234628004	hard	A	A	True	True		0.9933	0.9933	8.589000000000052e-05	0.9925	167.7
hard:722456001	hard	A	A	True	True		0.9012	0.9012	0.01944411	0.8888	182.7
hard:24752008	hard	A	A	True	True		0.9881	0.9881	0.0002716800000000005	0.9866	171.8
hard:733520002	hard	A	A	True	True		0.9843	0.9843	0.0004492300000000015	0.9823	215.0
retrieval-miss:88887003	retrieval-miss	none	none	True	False		0.9999	0.9999	1.9999999999997797e-08	0.9999	168.4
easy:716091000	easy	A	A	True	True		0.9617	0.9617	0.00290333	0.9569	188.9
none-narrower:271570007	none-narrower	none	none	True	False		0.9987	0.9987	3.139999999999916e-06	0.9985	148.8
hard:55735004	hard	A	A	True	True		0.9951	0.9951	4.614000000000015e-05	0.9945	177.1
hard:13920009	hard	A	A	True	True		0.9932	0.9932	8.982000000000038e-05	0.9924	173.2
easy:1279844009	easy	A	A	True	True		0.9817	0.9817	0.0005709099999999993	0.9794	170.9
none-narrower:312224002	none-narrower	none	none	True	False		0.9996	0.9996	3.1999999999996475e-07	0.9995	159.5
easy:764996009	easy	A	A	True	True		0.9892	0.9892	0.0002117700000000007	0.9878	259.3
none-narrower:254196004	none-narrower	none	A	False	False		0.851	0.1417	1.4609128500000002	0.8324	217.7
easy:703266007	easy	A	A	True	True		0.9588	0.9588	0.002440080000000001	0.9536	163.6
none-narrower:773610007	none-narrower	none	A	False	False		0.9863	0.0127	1.9475494099999997	0.9846	196.8
none-narrower:447706001	none-narrower	none	none	True	False		0.9984	0.9984	4.820000000000147e-06	0.9982	189.2
hard:763528002	hard	A	A	True	True		0.973	0.973	0.0012150700000000013	0.9697	211.7
hard:70737009	hard	C	C	True	False		0.9769	0.9769	0.0009866600000000005	0.9741	192.2
hard:25374005	hard	A	A	True	True		0.9897	0.9897	0.00020420999999999954	0.9884	148.4
retrieval-miss:237687003	retrieval-miss	none	none	True	False		1.0	1.0	0.0	1.0	193.5
retrieval-miss:703403003	retrieval-miss	none	none	True	False		0.9999	0.9999	1.9999999999997797e-08	0.9998	215.2
hard:1271009	hard	A	A	True	True		0.9431	0.9431	0.006396229999999995	0.936	173.4
hard:85708001	hard	A	A	True	True		0.7309	0.7309	0.14413245	0.6973	168.1
none-narrower:111850006	none-narrower	none	none	True	False		0.9996	0.9996	2.399999999999648e-07	0.9996	148.1
easy:725413002	easy	A	A	True	True		0.9851	0.9851	0.0004381200000000007	0.9833	164.5
hard:238047006	hard	A	A	True	True		0.9867	0.9867	0.00034850999999999947	0.985	165.0
easy:230655004	easy	A	A	True	True		0.8279	0.8279	0.05889427000000001	0.8064	170.0
easy:25476006	easy	A	A	True	True		0.9828	0.9828	0.0005592799999999997	0.9806	177.6
hard:719209002	hard	A	A	True	True		0.994	0.994	7.082000000000006e-05	0.9932	198.5
hard:443520009	hard	A	A	True	True		0.9464	0.9464	0.005060699999999997	0.9397	161.9
none-narrower:1259592000	none-narrower	none	none	True	False		0.9975	0.9975	1.1549999999999734e-05	0.9972	187.6
none-narrower:373422007	none-narrower	none	none	True	False		0.999	0.999	1.4000000000000018e-06	0.9989	161.7
easy:721835008	easy	A	A	True	True		0.9832	0.9832	0.0005358600000000013	0.9811	179.2
hard:31097004	hard	D	D	True	False		0.9651	0.9651	0.002408420000000003	0.9608	188.8
easy:60136008	easy	A	A	True	True		0.9914	0.9914	0.0001428900000000009	0.9903	156.7
easy:721075001	easy	A	A	True	True		0.9671	0.9671	0.0021452200000000024	0.963	176.7
easy:28783002	easy	G	G	True	False		0.9579	0.9579	0.0034383000000000026	0.9526	161.0
retrieval-miss:1648002	retrieval-miss	none	none	True	False		0.9828	0.9828	0.0005882499999999998	0.9806	193.7
hard:719650004	hard	A	A	True	True		0.989	0.989	0.00021232000000000022	0.9876	193.5
easy:297237003	easy	A	A	True	True		0.901	0.901	0.017960469999999992	0.8886	200.7
retrieval-miss:4945003	retrieval-miss	none	none	True	False		1.0	1.0	0.0	1.0	192.6
retrieval-miss:34042008	retrieval-miss	none	none	True	False		0.9877	0.9877	0.00028403999999999946	0.9861	190.3
easy:126792007	easy	A	A	True	True		0.9805	0.9805	0.0007121099999999985	0.9781	164.6
easy:722059002	easy	A	A	True	True		0.993	0.993	9.661000000000009e-05	0.9921	184.6
easy:109995007	easy	A	A	True	True		0.9961	0.9961	2.9660000000000112e-05	0.9956	201.7
easy:48500005	easy	A	A	True	True		0.9965	0.9965	2.3819999999999633e-05	0.9961	156.5
none-narrower:49481000	none-narrower	none	none	True	False		0.9999	0.9999	1.9999999999997797e-08	0.9999	195.1
none-narrower:191820008	none-narrower	none	none	True	False		0.9995	0.9995	3.4999999999994493e-07	0.9995	141.0
hard:43878008	hard	A	A	True	True		0.9884	0.9884	0.00024346000000000125	0.987	170.3
easy:45781009	easy	E	E	True	False		0.9726	0.9726	0.001464019999999999	0.9691	174.8
easy:722690001	easy	A	A	True	True		0.9898	0.9898	0.00019829999999999972	0.9885	179.3
none-narrower:1259443009	none-narrower	none	none	True	False		0.6061	0.6061	0.29937073000000003	0.5569	204.4
hard:41799005	hard	A	A	True	True		0.9904	0.9904	0.000182410000000001	0.9892	168.9
hard:38804009	hard	A	A	True	True		0.9926	0.9926	0.00010013999999999944	0.9917	179.5
easy:276954004	easy	A	A	True	True		0.994	0.994	6.636000000000006e-05	0.9932	175.6
retrieval-miss:719848005	retrieval-miss	none	none	True	False		0.9968	0.9968	1.8679999999999875e-05	0.9964	142.2
easy:24790002	easy	A	A	True	True		0.9928	0.9928	0.00010084999999999978	0.9918	210.1
easy:717008005	easy	A	A	True	True		0.9677	0.9677	0.0020672999999999993	0.9637	233.4
none-narrower:4702003	none-narrower	none	none	True	False		0.9943	0.9943	6.387000000000043e-05	0.9935	162.3
none-narrower:262933008	none-narrower	none	none	True	False		0.9994	0.9994	5.400000000000539e-07	0.9993	165.4
retrieval-miss:61750000	retrieval-miss	none	none	True	False		1.0	1.0	0.0	1.0	171.5
hard:81577001	hard	A	A	True	True		0.9811	0.9811	0.000667710000000001	0.9787	175.4
hard:44730006	hard	A	A	True	True		0.9926	0.9926	9.073999999999945e-05	0.9917	192.5
none-narrower:722664004	none-narrower	none	none	True	False		0.9998	0.9998	4.999999999999118e-08	0.9998	171.5
hard:715907003	hard	A	A	True	True		0.9904	0.9904	0.000182430000000001	0.9891	198.7
hard:51523009	hard	A	A	True	True		0.9347	0.9347	0.008489110000000005	0.9266	175.9
retrieval-miss:445448008	retrieval-miss	none	none	True	False		0.9998	0.9998	5.99999999999912e-08	0.9998	209.5
retrieval-miss:37610005	retrieval-miss	none	none	True	False		1.0	1.0	0.0	1.0	151.1
hard:718602007	hard	A	A	True	True		0.9871	0.9871	0.00032523000000000057	0.9855	175.2
hard:49428008	hard	A	A	True	True		0.9893	0.9893	0.00022063000000000093	0.988	195.6
hard:42265009	hard	A	A	True	True		0.9939	0.9939	6.172999999999993e-05	0.9932	157.6
hard:33064008	hard	A	A	True	True		0.9926	0.9926	0.00010952999999999945	0.9916	178.6
easy:42386007	easy	A	A	True	True		0.9898	0.9898	0.00020213999999999974	0.9885	200.9
easy:254812004	easy	A	A	True	True		0.9667	0.9667	0.0021407399999999995	0.9626	159.6
easy:722439009	easy	A	A	True	True		0.9899	0.9899	0.00020002999999999997	0.9887	221.8
easy:44018007	easy	B	none	False	False		0.9993	0.0004	1.9978006700000002	0.9992	162.5
retrieval-miss:279611005	retrieval-miss	none	none	True	False		0.9996	0.9996	1.8999999999996475e-07	0.9995	194.8
hard:80813006	hard	A	A	True	True		0.9918	0.9918	0.00013285999999999973	0.9908	168.2
easy:715776003	easy	A	A	True	True		0.9794	0.9794	0.000844609999999998	0.9768	207.4
none-narrower:59136001	none-narrower	none	none	True	False		0.9999	0.9999	1.9999999999997797e-08	0.9998	161.4
easy:402700001	easy	A	A	True	True		0.994	0.994	6.965000000000007e-05	0.9933	160.8
easy:17608003	easy	A	A	True	True		0.9876	0.9876	0.00029114999999999914	0.986	194.8
none-narrower:1255194004	none-narrower	none	none	True	False		0.9999	0.9999	1.9999999999997797e-08	0.9999	194.1
none-narrower:818967003	none-narrower	none	A	False	False		0.9723	0.0273	1.89151267	0.9688	172.5
hard:240849009	hard	A	A	True	True		0.9947	0.9947	5.225999999999969e-05	0.994	199.8
hard:389145006	hard	A	A	True	True		0.9961	0.9961	2.8910000000000115e-05	0.9956	150.1
hard:35600002	hard	A	A	True	True		0.9892	0.9892	0.00023114000000000066	0.9878	180.4
hard:197270009	hard	A	A	True	True		0.9878	0.9878	0.0002771699999999997	0.9863	150.6
easy:85898001	easy	A	A	True	True		0.9954	0.9954	3.8070000000000454e-05	0.9949	167.8
easy:764512003	easy	A	A	True	True		0.9917	0.9917	0.00013613999999999957	0.9906	348.7
none-narrower:403369005	none-narrower	none	none	True	False		1.0	1.0	0.0	0.9999	146.1
hard:124596009	hard	A	A	True	True		0.9918	0.9918	0.00013285999999999973	0.9908	170.3
hard:75315001	hard	A	A	True	True		0.9906	0.9906	0.0001694199999999993	0.9895	160.3
hard:18735004	hard	A	A	True	True		0.974	0.974	0.0013365400000000013	0.9707	153.8
hard:237941007	hard	A	A	True	True		0.9908	0.9908	0.00016567999999999976	0.9896	195.4
easy:70647001	easy	A	A	True	True		0.9916	0.9916	0.00013618999999999936	0.9906	200.1
easy:35091000119101	easy	A	A	True	True		0.9812	0.9812	0.0005445300000000014	0.9788	190.1
none-narrower:10184002	none-narrower	none	none	True	False		0.9998	0.9998	5.99999999999912e-08	0.9998	145.0
hard:35520007	hard	A	A	True	True		0.989	0.989	0.0002398200000000002	0.9876	167.9
hard:18805001	hard	C	C	True	False		0.7962	0.7962	0.07932310999999999	0.7707	167.8
hard:126583006	hard	A	A	True	True		0.9919	0.9919	0.00010453999999999993	0.9909	179.9
easy:715736008	easy	A	A	True	True		0.9941	0.9941	6.845000000000019e-05	0.9934	204.3
hard:359007	hard	A	A	True	True		0.989	0.989	0.00021583000000000022	0.9877	175.6
none-narrower:95005005	none-narrower	none	none	True	False		0.9999	0.9999	1.9999999999997797e-08	0.9999	171.3
none-narrower:15966341000119102	none-narrower	none	none	True	False		0.9998	0.9998	7.999999999999119e-08	0.9998	155.2
easy:233667003	easy	C	none	False	False		0.9072	0.0923	1.6469312999999999	0.8956	159.3
easy:724275005	easy	A	A	True	True		0.9605	0.9605	0.0030814299999999983	0.9556	206.9
easy:723453002	easy	A	A	True	True		0.9909	0.9909	0.00016381999999999993	0.9897	205.6
easy:190293001	easy	A	A	True	True		0.9952	0.9952	3.566000000000025e-05	0.9946	164.1
none-narrower:94080006	none-narrower	none	none	True	False		0.9943	0.9943	5.6180000000000435e-05	0.9936	167.2
easy:449824004	easy	A	A	True	True		0.9874	0.9874	0.00029396999999999854	0.9858	172.5
none-narrower:1263522001	none-narrower	none	none	True	False		1.0	1.0	0.0	0.9999	180.2
hard:720458005	hard	A	A	True	True		0.9857	0.9857	0.0003508599999999994	0.9839	203.2
hard:62067003	hard	A	A	True	True		0.9915	0.9915	0.00013325999999999917	0.9905	187.5
none-narrower:66944004	none-narrower	none	none	True	False		0.998	0.998	6.980000000000008e-06	0.9977	165.8
easy:90623003	easy	A	A	True	True		0.9878	0.9878	0.0002952599999999997	0.9863	168.2
easy:49130001	easy	A	A	True	True		0.991	0.991	0.00016021000000000015	0.9899	152.0
easy:230321007	easy	A	A	True	True		0.9516	0.9516	0.00415341	0.9456	170.3
easy:36971009	easy	A	A	True	True		0.9977	0.9977	9.719999999999856e-06	0.9974	141.2
none-narrower:300457003	none-narrower	none	none	True	False		0.9982	0.9982	5.810000000000086e-06	0.998	148.8
hard:87343002	hard	A	A	True	True		0.9942	0.9942	5.554000000000031e-05	0.9935	204.6
hard:415105001	hard	A	A	True	True		0.9906	0.9906	0.00017671999999999932	0.9894	164.0
hard:254582000	hard	A	A	True	True		0.9946	0.9946	4.864999999999957e-05	0.994	194.6
easy:192004002	easy	A	A	True	True		0.994	0.994	7.082000000000006e-05	0.9932	148.9
easy:446989009	easy	A	A	True	True		0.9926	0.9926	0.00010805999999999945	0.9917	191.6
none-narrower:204985001	none-narrower	none	none	True	False		0.9991	0.9991	1.6200000000000213e-06	0.9989	147.3
easy:402723003	easy	A	A	True	True		0.9907	0.9907	0.00016253999999999954	0.9896	173.6
none-narrower:265569002	none-narrower	none	none	True	False		0.9619	0.9619	0.0024343800000000016	0.9571	170.2
easy:65194006	easy	A	A	True	True		0.9971	0.9971	1.3870000000000079e-05	0.9967	162.0
easy:255084004	easy	A	A	True	True		0.8121	0.8121	0.04809548999999998	0.7886	175.5
none-narrower:276873004	none-narrower	none	B	False	False		0.9791	0.02	1.91903721	0.9765	196.9
hard:92059004	hard	A	A	True	True		0.9927	0.9927	0.00010230999999999961	0.9918	170.8
hard:237083000	hard	A	A	True	True		0.9862	0.9862	0.00028514000000000095	0.9845	161.6
none-narrower:54116000	none-narrower	none	none	True	False		0.9995	0.9995	4.1999999999994495e-07	0.9994	174.2
retrieval-miss:105706003	retrieval-miss	none	none	True	False		0.9999	0.9999	1.9999999999997797e-08	0.9999	165.2
easy:695751021000132104	easy	A	A	True	True		0.9972	0.9972	1.5680000000000138e-05	0.9968	165.7
easy:28244003	easy	A	A	True	True		0.9941	0.9941	6.73100000000002e-05	0.9934	155.8
hard:121951000119101	hard	A	A	True	True		0.9968	0.9968	1.8239999999999876e-05	0.9964	152.6
none-narrower:771013004	none-narrower	none	A	False	False		0.9952	0.0047	1.98104514	0.9946	209.4
none-narrower:387681000	none-narrower	none	none	True	False		1.0	1.0	0.0	1.0	164.2
easy:277617004	easy	A	A	True	True		0.9929	0.9929	7.725999999999993e-05	0.992	171.4
hard:722378009	hard	A	A	True	True		0.9562	0.9562	0.003784809999999996	0.9507	188.5
hard:61253004	hard	A	A	True	True		0.9664	0.9664	0.0021986499999999973	0.9622	148.7
retrieval-miss:238694002	retrieval-miss	none	A	False	False		0.9955	0.0044	1.9822396200000003	0.9949	188.2
easy:200722003	easy	A	A	True	True		0.9975	0.9975	1.2009999999999733e-05	0.9972	148.3
hard:231931001	hard	A	A	True	True		0.996	0.996	3.0460000000000034e-05	0.9955	176.1
none-narrower:402126004	none-narrower	none	none	True	False		0.9931	0.9931	8.756000000000024e-05	0.9922	163.5
none-narrower:359711001	none-narrower	none	A	False	False		0.6423	0.3447	0.8421029899999999	0.5976	210.7
easy:194119004	easy	C	C	True	False		0.9615	0.9615	0.002607019999999998	0.9566	156.1
hard:41659003	hard	C	C	True	False		0.9366	0.9366	0.007963540000000002	0.9287	179.4
hard:14921002	hard	D	D	True	False		0.6308	0.6308	0.23110413999999999	0.5846	189.7
retrieval-miss:69488000	retrieval-miss	none	none	True	False		0.9993	0.9993	7.600000000000476e-07	0.9992	160.3
none-narrower:385006	none-narrower	none	none	True	False		0.9993	0.9993	7.400000000000475e-07	0.9993	149.1
none-narrower:186861006	none-narrower	none	none	True	False		0.9998	0.9998	4.999999999999118e-08	0.9998	169.2
easy:403889000	easy	A	A	True	True		0.9914	0.9914	0.00013963000000000088	0.9903	189.0
retrieval-miss:78305006	retrieval-miss	none	none	True	False		0.9999	0.9999	9.999999999997797e-09	0.9999	189.6
easy:77098009	easy	A	A	True	True		0.992	0.992	0.00010547000000000014	0.991	172.0
hard:12546009	hard	B	B	True	False		0.9734	0.9734	0.0011382199999999977	0.97	183.7
none-narrower:1177005009	none-narrower	none	none	True	False		0.9974	0.9974	1.2530000000000241e-05	0.997	158.8
easy:37925008	easy	A	A	True	True		0.9965	0.9965	2.0379999999999632e-05	0.9961	161.4
easy:36517007	easy	A	A	True	True		0.9818	0.9818	0.0006308799999999997	0.9796	168.2
easy:34742003	easy	A	A	True	True		0.9965	0.9965	2.2549999999999633e-05	0.996	137.8
easy:763833006	easy	A	A	True	True		0.9507	0.9507	0.0048413200000000005	0.9445	238.2
hard:613003	hard	A	A	True	True		0.9802	0.9802	0.0007314200000000016	0.9777	162.9
hard:716108004	hard	A	A	True	True		0.9745	0.9745	0.0012954099999999984	0.9713	198.6
easy:92272009	easy	A	A	True	True		0.9892	0.9892	0.00018150000000000067	0.9878	190.1
easy:238612002	easy	A	A	True	True		0.9816	0.9816	0.000615229999999999	0.9793	184.9
hard:15033003	hard	A	A	True	True		0.9967	0.9967	2.1789999999999796e-05	0.9962	148.7
easy:718174008	easy	A	A	True	True		0.9796	0.9796	0.0007930699999999989	0.977	175.9
hard:193093009	hard	A	A	True	True		0.9931	0.9931	9.121000000000023e-05	0.9922	164.8
easy:92298003	easy	A	A	True	True		0.9894	0.9894	0.00019456000000000112	0.988	176.2
easy:447781009	easy	A	A	True	True		0.9883	0.9883	0.000240040000000001	0.9869	187.5
easy:267592003	easy	B	none	False	False		0.9173	0.0809	1.68618581	0.9069	186.8
easy:763070001	easy	A	A	True	True		0.987	0.987	0.0003229300000000003	0.9854	213.6
hard:715482004	hard	A	A	True	True		0.9757	0.9757	0.0011570899999999995	0.9727	167.3
hard:39479004	hard	A	A	True	True		0.9956	0.9956	3.871999999999964e-05	0.995	187.8
retrieval-miss:277475006	retrieval-miss	none	none	True	False		1.0	1.0	0.0	1.0	187.5
hard:719404009	hard	A	A	True	True		0.9882	0.9882	0.00026271000000000074	0.9868	165.1
easy:255039001	easy	A	A	True	True		0.9913	0.9913	0.00014966000000000073	0.9902	191.6
none-narrower:712527004	none-narrower	none	none	True	False		0.9994	0.9994	5.30000000000054e-07	0.9993	165.2
hard:763211004	hard	A	A	True	True		0.9878	0.9878	0.0002881699999999997	0.9862	213.0
hard:76880004	hard	A	A	True	True		0.9939	0.9939	6.265999999999993e-05	0.9931	160.5
easy:92109005	easy	A	A	True	True		0.9933	0.9933	8.590000000000053e-05	0.9924	165.9
easy:21794005	easy	A	A	True	True		0.986	0.986	0.0003811200000000003	0.9843	165.9
easy:720976009	easy	A	A	True	True		0.9779	0.9779	0.0009551400000000006	0.9751	255.5
easy:274902006	easy	A	A	True	True		0.9924	0.9924	0.00011254000000000079	0.9915	202.1
hard:230672006	hard	A	A	True	True		0.9912	0.9912	0.00015145000000000054	0.9901	189.8
easy:94292003	easy	A	A	True	True		0.9753	0.9753	0.0011862800000000027	0.9722	171.8
hard:254609000	hard	A	A	True	True		0.9859	0.9859	0.00034051000000000003	0.9841	173.9
easy:716653001	easy	A	A	True	True		0.9892	0.9892	0.00018044000000000068	0.9879	196.4
hard:231479000	hard	A	A	True	True		0.9958	0.9958	3.2899999999999844e-05	0.9952	136.9
easy:363465007	easy	A	A	True	True		0.9865	0.9865	0.00034393999999999885	0.9849	145.8
none-narrower:92609009	none-narrower	none	none	True	False		0.9997	0.9997	1.7999999999998017e-07	0.9996	146.3
hard:92412003	hard	A	A	True	True		0.9939	0.9939	7.088999999999993e-05	0.9932	174.6
easy:277950001	easy	A	A	True	True		0.9777	0.9777	0.0007572399999999993	0.9749	174.7
retrieval-miss:444755001	retrieval-miss	none	none	True	False		1.0	1.0	0.0	1.0	154.9
hard:126677000	hard	A	A	True	True		0.9935	0.9935	8.073999999999935e-05	0.9927	181.1
hard:398680004	hard	B	A	False	False		0.9961	0.0003	1.99162756	0.9956	213.0
retrieval-miss:129565002	retrieval-miss	none	A	False	False		0.4904	0.4898	0.50100237	0.4267	147.2
easy:266257000	easy	B	B	True	False		0.9873	0.9873	0.0003056600000000011	0.9858	165.4
easy:276975007	easy	A	A	True	True		0.9959	0.9959	3.281999999999994e-05	0.9953	193.6
easy:715984007	easy	A	A	True	True		0.9622	0.9622	0.002798129999999996	0.9575	209.1
easy:1963002	easy	A	A	True	True		0.9866	0.9866	0.00028058999999999913	0.9849	171.8
hard:363451005	hard	A	A	True	True		0.9879	0.9879	0.00025363	0.9864	161.0
hard:718679004	hard	A	A	True	True		0.9853	0.9853	0.0004263600000000014	0.9835	166.0
none-narrower:1351328007	none-narrower	none	A	False	False		0.9682	0.0301	1.8781179099999998	0.9642	164.9
easy:609565001	easy	A	A	True	True		0.9869	0.9869	0.00028106	0.9852	169.9
easy:713577007	easy	A	A	True	True		0.9931	0.9931	8.522000000000024e-05	0.9923	193.5
hard:402524007	hard	A	A	True	True		0.9478	0.9478	0.005337060000000003	0.9413	165.8
hard:403986008	hard	A	A	True	True		0.9962	0.9962	2.6060000000000194e-05	0.9957	173.8
hard:126824007	hard	A	A	True	True		0.9965	0.9965	2.3159999999999633e-05	0.9961	169.3
hard:702368000	hard	A	A	True	True		0.9909	0.9909	0.00015531999999999997	0.9897	190.7
hard:61663001	hard	A	A	True	True		0.9253	0.9253	0.009854439999999999	0.9159	180.1
easy:26597004	easy	A	A	True	True		0.9932	0.9932	8.981000000000039e-05	0.9924	140.1
hard:763531001	hard	A	A	True	True		0.9825	0.9825	0.0005853599999999985	0.9803	182.2
none-narrower:403552007	none-narrower	none	none	True	False		0.9998	0.9998	4.999999999999118e-08	0.9998	177.4
easy:195021004	easy	A	none	False	True		0.882	0.1172	1.5572600200000002	0.8673	176.1
easy:32117000	easy	A	A	True	True		0.985	0.985	0.0004164600000000004	0.9831	206.0
easy:717224002	easy	A	A	True	True		0.9482	0.9482	0.005345839999999996	0.9417	190.5
hard:419503008	hard	A	A	True	True		0.9925	0.9925	8.600999999999927e-05	0.9916	164.8
easy:766982000	easy	A	A	True	True		0.9889	0.9889	0.00023989999999999998	0.9875	239.8
hard:235796008	hard	A	A	True	True		0.9933	0.9933	8.846000000000052e-05	0.9924	161.2
none-narrower:84097002	none-narrower	none	none	True	False		0.9994	0.9994	7.200000000000539e-07	0.9993	173.7
easy:11442006	easy	A	none	False	True		0.9988	0.0007	1.9962020900000002	0.9987	186.7
hard:197260007	hard	C	C	True	False		0.9922	0.9922	0.00010773000000000046	0.9913	166.6
easy:765747004	easy	A	A	True	True		0.9796	0.9796	0.000766989999999999	0.9771	233.3
easy:700057001	easy	A	A	True	True		0.9865	0.9865	0.0003618199999999988	0.9848	196.7
none-narrower:1087891000119107	none-narrower	none	none	True	False		0.9996	0.9996	3.1999999999996475e-07	0.9995	168.1
hard:25044007	hard	A	A	True	True		0.9777	0.9777	0.0009017199999999995	0.9749	159.2
easy:416510003	easy	A	none	False	True		0.6053	0.353	0.78627622	0.5559	167.9
retrieval-miss:105668007	retrieval-miss	none	none	True	False		0.9997	0.9997	1.7999999999998017e-07	0.9997	163.1
easy:274944000	easy	A	A	True	True		0.9941	0.9941	6.410000000000019e-05	0.9933	196.7
none-narrower:84753008	none-narrower	none	none	True	False		0.9997	0.9997	1.0999999999998018e-07	0.9997	154.7
none-narrower:1208841001	none-narrower	none	none	True	False		0.9989	0.9989	1.4899999999999777e-06	0.9987	154.9
hard:19092004	hard	A	A	True	True		0.9895	0.9895	0.00021635999999999905	0.9881	202.7
easy:22240003	easy	A	A	True	True		0.9955	0.9955	3.9609999999999534e-05	0.995	193.8
easy:429040005	easy	B	B	True	False		0.9737	0.9737	0.0013072799999999994	0.9704	147.6
hard:424114000	hard	A	A	True	True		0.9941	0.9941	6.845000000000019e-05	0.9934	185.7
retrieval-miss:15566009	retrieval-miss	none	none	True	False		1.0	1.0	0.0	1.0	171.6
retrieval-miss:65038009	retrieval-miss	none	none	True	False		0.9998	0.9998	5.99999999999912e-08	0.9998	132.7
hard:85039006	hard	A	A	True	True		0.9695	0.9695	0.0015975899999999981	0.9657	159.3
easy:763748007	easy	A	A	True	True		0.9953	0.9953	4.418000000000035e-05	0.9947	191.5
retrieval-miss:39288006	retrieval-miss	none	none	True	False		0.9639	0.9639	0.0021587200000000016	0.9594	158.3
none-narrower:1263575002	none-narrower	none	none	True	False		1.0	1.0	0.0	1.0	148.6
hard:18899000	hard	A	A	True	True		0.9832	0.9832	0.00039274000000000123	0.9811	170.3
none-narrower:1299151005	none-narrower	none	A	False	False		0.9527	0.0459	1.8179452	0.9468	188.3
easy:397923000	easy	A	A	True	True		0.9947	0.9947	5.225999999999969e-05	0.994	154.3
hard:126859007	hard	A	A	True	True		0.9959	0.9959	3.2039999999999944e-05	0.9954	174.1
easy:8808004	easy	A	A	True	True		0.9945	0.9945	6.049999999999944e-05	0.9938	213.0
none-narrower:403856000	none-narrower	none	none	True	False		0.9997	0.9997	1.3999999999998018e-07	0.9996	166.0
easy:724171006	easy	A	A	True	True		0.9969	0.9969	1.6949999999999948e-05	0.9966	161.2
hard:50390006	hard	A	A	True	True		0.9814	0.9814	0.0006702199999999981	0.9791	147.1
easy:70410008	easy	A	A	True	True		0.9928	0.9928	0.00010084999999999978	0.9919	191.2
easy:8634009	easy	A	A	True	True		0.8486	0.8486	0.04402543999999999	0.8297	173.2
hard:237770005	hard	A	A	True	True		0.9886	0.9886	0.00023095999999999924	0.9872	209.3
hard:79830009	hard	A	A	True	True		0.9948	0.9948	5.109999999999982e-05	0.9942	157.4
none-narrower:783182004	none-narrower	none	A	False	False		0.9454	0.0251	1.84463374	0.9386	177.6
easy:51239001	easy	A	A	True	True		0.9693	0.9693	0.001878859999999997	0.9655	157.2
none-narrower:236711008	none-narrower	none	none	True	False		0.9994	0.9994	6.20000000000054e-07	0.9993	153.0
hard:58349009	hard	A	A	True	True		0.9919	0.9919	0.00012962999999999994	0.9908	189.9
easy:68241007	easy	B	B	True	False		0.9557	0.9557	0.00392498	0.9501	155.0
easy:767713001	easy	A	A	True	True		0.9851	0.9851	0.00033622000000000073	0.9833	148.8
hard:404078000	hard	A	A	True	True		0.9902	0.9902	0.00015615000000000062	0.9889	172.4
hard:770406002	hard	A	A	True	True		0.9812	0.9812	0.0005844300000000015	0.9788	192.6
none-narrower:237819006	none-narrower	none	none	True	False		0.996	0.996	3.125000000000003e-05	0.9954	190.7
none-narrower:77746001	none-narrower	none	none	True	False		1.0	1.0	0.0	1.0	209.8
hard:80690008	hard	B	B	True	False		0.9867	0.9867	0.00034593999999999944	0.985	178.3
none-narrower:10701000087104	none-narrower	none	none	True	False		0.9996	0.9996	3.1999999999996475e-07	0.9995	154.5
