item_id	tier	truth	pred	hit	lex_hit	ambiguous	p_top	p_truth	brier	confidence	latency_ms
hard:238898001	hard	H	H	True	True	False	0.9697	0.9697	0.0018301299999999997	0.9659	823.1
hard:191201002	hard	F	F	True	True	False	0.9688	0.9688	0.0018860200000000004	0.9649	644.4
hard:722006004	hard	A	A	True	True	False	0.9899	0.9899	0.00020401999999999996	0.9886	693.0
hard:76642003	hard	F	F	True	True	True	0.9831	0.9831	0.00044027000000000085	0.9809	552.3
gold-removed:402815007	gold-removed	none	none	True	False		0.9895	0.9895	0.00015980999999999903	0.9882	618.4
easy:403980002	easy	E	E	True	True	False	0.978	0.978	0.0009506500000000009	0.9753	609.1
gold-removed:373420004	gold-removed	none	none	True	False		0.9997	0.9997	1.7999999999998017e-07	0.9996	669.8
easy:718610008	easy	G	G	True	True	False	0.7992	0.7992	0.07996345999999999	0.7741	782.8
hard:766759009	hard	F	none	False	False	True	0.8198	0.1731	1.35585698	0.7973	675.3
easy:80281008	easy	G	G	True	True	False	0.9786	0.9786	0.0009032199999999989	0.9759	556.4
easy:42601008	easy	H	H	True	True	True	0.7712	0.7712	0.10086467000000002	0.7426	555.6
retrieval-miss:238836000	retrieval-miss	none	none	True	False	True	0.9958	0.9958	2.7469999999999844e-05	0.9953	699.5
easy:55647004	easy	F	none	False	False	True	0.9794	0.0169	1.92571857	0.9768	545.8
hard:124138004	hard	E	E	True	True	False	0.9819	0.9819	0.0006239500000000003	0.9797	783.1
retrieval-miss:66379009	retrieval-miss	none	none	True	False	True	0.9972	0.9972	1.1100000000000138e-05	0.9969	582.6
hard:373168002	hard	A	A	True	True	False	0.7078	0.7078	0.17052817	0.6713	614.9
none-narrower:846579005	none-narrower	none	none	True	False		0.9922	0.9922	0.00010659000000000045	0.9912	562.8
retrieval-miss:95637005	retrieval-miss	none	none	True	False	True	0.9669	0.9669	0.0021395400000000014	0.9628	650.0
gold-removed:702440000	gold-removed	none	none	True	False		0.9999	0.9999	1.9999999999997797e-08	0.9999	788.0
gold-removed:71253000	gold-removed	none	none	True	False		0.9543	0.9543	0.0029844199999999967	0.9486	654.1
hard:609221008	hard	A	none	False	False	True	0.818	0.001	1.6818648400000002	0.7953	738.6
gold-removed:719689005	gold-removed	none	none	True	False		0.9763	0.9763	0.0006900300000000026	0.9733	907.5
hard:702377007	hard	C	C	True	True	False	0.805	0.805	0.07585549999999999	0.7806	623.3
hard:721845005	hard	A	A	True	True	False	0.9886	0.9886	0.0002554099999999992	0.9872	759.9
easy:128105004	easy	F	none	False	True	False	0.5895	0.3855	0.7255339500000001	0.5382	774.3
hard:231472009	hard	E	E	True	True	False	0.9961	0.9961	2.9650000000000114e-05	0.9956	494.1
none-narrower:95795006	none-narrower	none	none	True	False		0.9941	0.9941	4.689000000000019e-05	0.9934	486.2
easy:254918001	easy	C	C	True	True	False	0.9392	0.9392	0.007381129999999995	0.9316	644.4
none-narrower:91951001	none-narrower	none	none	True	False		0.9952	0.9952	2.9150000000000255e-05	0.9946	573.2
none-narrower:307680001	none-narrower	none	none	True	False		0.9937	0.9937	5.786999999999965e-05	0.993	601.1
gold-removed:38494008	gold-removed	none	none	True	False		0.9962	0.9962	1.9120000000000193e-05	0.9957	810.2
easy:128200000	easy	A	A	True	True	True	0.9732	0.9732	0.0013319800000000026	0.9699	643.6
none-narrower:370484007	none-narrower	none	D	False	False		0.7633	0.2343	1.16892784	0.7337	506.7
easy:761958009	easy	C	C	True	True	False	0.9738	0.9738	0.0013676500000000002	0.9705	656.6
easy:127004000	easy	F	C	False	False	True	0.8348	0.0047	1.7128582799999998	0.8142	582.7
none-narrower:1209168005	none-narrower	none	none	True	False		0.8574	0.8574	0.03996443999999999	0.8396	655.3
hard:253000007	hard	B	B	True	True	True	0.9505	0.9505	0.004664549999999998	0.9443	726.0
retrieval-miss:234961008	retrieval-miss	none	none	True	False	True	0.9753	0.9753	0.0008012700000000027	0.9722	720.7
none-narrower:34485008	none-narrower	none	none	True	False		0.993	0.993	8.882000000000009e-05	0.9922	693.9
hard:403986008	hard	G	G	True	True	False	0.945	0.945	0.0058380000000000055	0.9381	658.1
none-narrower:1177179002	none-narrower	none	A	False	False		0.9512	0.0474	1.81223016	0.945	718.6
none-narrower:1222677008	none-narrower	none	A	False	False		0.97	0.0273	1.88705158	0.9663	697.3
hard:95268002	hard	B	none	False	True	True	0.6434	0.3547	0.83037794	0.5988	651.7
none-narrower:1306747001	none-narrower	none	B	False	False		0.9891	0.0104	1.95762706	0.9878	834.2
easy:702359002	easy	A	A	True	True	True	0.9632	0.9632	0.002622820000000004	0.9586	720.3
hard:715817007	hard	A	A	True	True	False	0.9489	0.9489	0.005171680000000003	0.9425	784.7
none-narrower:198336007	none-narrower	none	none	True	False		0.9013	0.9013	0.015965100000000003	0.8889	598.5
hard:254916002	hard	C	none	False	False	True	0.9868	0.0002	1.9734440100000001	0.9851	795.1
easy:237249000	easy	G	G	True	True	False	0.9809	0.9809	0.0007258200000000003	0.9785	673.5
retrieval-miss:19968009	retrieval-miss	none	none	True	False	True	0.9983	0.9983	4.900000000000118e-06	0.9981	529.6
gold-removed:48245008	gold-removed	none	none	True	False		0.9991	0.9991	1.0900000000000215e-06	0.999	543.8
hard:458422009	hard	B	none	False	True	False	0.9324	0.0529	1.7665813300000002	0.924	676.4
easy:21848000	easy	C	C	True	True	False	0.9953	0.9953	4.418000000000035e-05	0.9947	682.7
retrieval-miss:73856006	retrieval-miss	none	E	False	False	True	0.931	0.0683	1.7348260100000001	0.9224	692.4
hard:724015007	hard	H	H	True	True	False	0.9885	0.9885	0.000262219999999999	0.987	674.7
none-narrower:733598001	none-narrower	none	H	False	False		0.9678	0.0314	1.8748234400000001	0.9637	1064.2
hard:449730005	hard	H	H	True	True	False	0.9868	0.9868	0.0003484799999999997	0.9852	688.1
hard:88037009	hard	D	D	True	True	False	0.9779	0.9779	0.0009384900000000004	0.9752	597.6
gold-removed:44917000	gold-removed	none	none	True	False		0.9999	0.9999	9.999999999997797e-09	0.9999	610.5
none-narrower:688931000119106	none-narrower	none	H	False	False		0.5138	0.4749	0.53975595	0.453	706.6
hard:87074006	hard	C	C	True	True	False	0.9946	0.9946	5.620999999999957e-05	0.994	656.4
retrieval-miss:105668007	retrieval-miss	none	none	True	False	True	0.9965	0.9965	1.882999999999963e-05	0.9961	571.8
easy:277571004	easy	C	C	True	True	True	0.9954	0.9954	4.054000000000045e-05	0.9948	774.8
hard:239144007	hard	G	none	False	False	True	0.9119	0.0864	1.66622783	0.9009	777.9
easy:10301003	easy	C	C	True	True	False	0.9976	0.9976	1.1519999999999797e-05	0.9973	647.8
retrieval-miss:400022009	retrieval-miss	none	none	True	False	True	0.9793	0.9793	0.000771940000000002	0.9767	637.8
easy:406506008	easy	B	G	False	False	True	0.9601	0.0	1.9233681099999997	0.9552	651.0
none-narrower:196853004	none-narrower	none	none	True	False		0.9973	0.9973	9.790000000000193e-06	0.997	581.8
none-narrower:1197308005	none-narrower	none	none	True	False		0.9954	0.9954	2.8960000000000444e-05	0.9948	809.9
retrieval-miss:7231009	retrieval-miss	none	none	True	False	True	0.9997	0.9997	1.1999999999998016e-07	0.9996	566.5
hard:238772004	hard	D	D	True	True	False	0.998	0.998	8.000000000000008e-06	0.9977	626.2
hard:241774007	hard	D	D	True	True	False	0.9953	0.9953	4.418000000000035e-05	0.9947	724.9
easy:60750009	easy	A	A	True	False	True	0.9562	0.9562	0.0037592599999999956	0.9507	611.5
none-narrower:700289000	none-narrower	none	none	True	False		0.8846	0.8846	0.026178859999999988	0.8702	576.7
none-narrower:20833001	none-narrower	none	none	True	False		0.9488	0.9488	0.003890650000000002	0.9424	641.9
hard:254693008	hard	E	E	True	True	False	0.9953	0.9953	4.418000000000035e-05	0.9948	646.4
gold-removed:22607003	gold-removed	none	none	True	False		1.0	1.0	0.0	1.0	576.1
easy:111227009	easy	F	none	False	False	True	0.6851	0.3123	0.94229528	0.6458	701.9
hard:699256006	hard	A	B	False	False	True	0.9778	0.0037	1.9490238599999998	0.975	671.0
none-narrower:89764009	none-narrower	none	none	True	False		0.9976	0.9976	8.659999999999799e-06	0.9973	546.5
hard:93827000	hard	H	none	False	True	True	0.5607	0.4108	0.66197818	0.5058	637.9
none-narrower:448372003	none-narrower	none	D	False	False		0.9418	0.0579	1.7745397	0.9345	732.1
easy:733096007	easy	A	A	True	True	False	0.9804	0.9804	0.0007683199999999981	0.9779	723.5
easy:254099008	easy	B	B	True	True	False	0.9971	0.9971	1.682000000000008e-05	0.9967	772.0
hard:763375003	hard	E	E	True	True	False	0.986	0.986	0.00038922000000000034	0.9842	910.2
gold-removed:238719003	gold-removed	none	none	True	False		0.9992	0.9992	8.600000000000367e-07	0.999	741.4
easy:238049009	easy	F	F	True	True	False	0.7768	0.7768	0.09936913999999998	0.7489	965.5
easy:439143004	easy	B	B	True	True	True	0.9954	0.9954	4.232000000000045e-05	0.9948	768.2
hard:722004001	hard	E	E	True	True	True	0.947	0.947	0.0055968800000000055	0.9404	771.7
retrieval-miss:58112007	retrieval-miss	none	none	True	False	True	0.991	0.991	0.00013832000000000015	0.9898	795.0
easy:765190005	easy	D	D	True	False	True	0.9989	0.9989	2.4199999999999777e-06	0.9987	745.7
retrieval-miss:34000006	retrieval-miss	none	H	False	False	True	0.9807	0.0192	1.9237411400000002	0.9783	593.6
hard:28783002	hard	B	B	True	False	True	0.9175	0.9175	0.013385420000000004	0.9072	544.7
hard:711482008	hard	D	D	True	True	True	0.8282	0.8282	0.05821537999999998	0.8068	775.5
easy:92021007	easy	F	F	True	True	True	0.9228	0.9228	0.008849500000000007	0.9131	711.3
gold-removed:239066003	gold-removed	none	none	True	False		0.7895	0.7895	0.08537786000000001	0.7632	905.8
retrieval-miss:720830009	retrieval-miss	none	E	False	False	True	0.8868	0.0587	1.67523907	0.8727	852.5
easy:203468000	easy	E	E	True	True	False	0.9753	0.9753	0.0012201800000000026	0.9722	686.1
none-narrower:340671000119102	none-narrower	none	none	True	False		0.882	0.882	0.026866999999999995	0.8673	671.2
easy:95656000	easy	G	G	True	True	True	0.8601	0.8601	0.036785910000000005	0.8426	673.0
none-narrower:723610009	none-narrower	none	F	False	False		0.9918	0.0081	1.96753285	0.9908	764.0
hard:707427000	hard	B	B	True	True	False	0.8252	0.8252	0.06024372999999999	0.8034	908.6
hard:41720003	hard	F	F	True	True	False	0.9904	0.9904	0.000182410000000001	0.9892	592.3
retrieval-miss:44086001	retrieval-miss	none	none	True	False	True	0.9985	0.9985	3.2499999999998376e-06	0.9983	686.4
easy:58258004	easy	H	H	True	True	True	0.7697	0.7697	0.09672703999999997	0.7409	870.6
retrieval-miss:45894003	retrieval-miss	none	none	True	False	True	0.9972	0.9972	1.514000000000014e-05	0.9968	665.9
hard:720987001	hard	E	E	True	True	False	0.9888	0.9888	0.00024864999999999973	0.9874	799.4
hard:23414001	hard	F	none	False	False	True	0.8466	0.1449	1.4479689599999999	0.8274	658.9
hard:12546009	hard	A	F	False	False	True	0.7442	0.1816	1.22889879	0.7122	701.1
none-narrower:1142319002	none-narrower	none	none	True	False		0.9994	0.9994	6.100000000000539e-07	0.9994	664.9
easy:77252004	easy	H	H	True	True	False	0.9934	0.9934	8.712000000000066e-05	0.9926	584.7
hard:254146000	hard	G	B	False	False	True	0.9907	0.001	1.9795547400000002	0.9895	730.5
easy:193683001	easy	F	F	True	True	False	0.6096	0.6096	0.29972789999999994	0.5608	664.8
retrieval-miss:715369006	retrieval-miss	none	none	True	False	True	0.9941	0.9941	4.560000000000019e-05	0.9934	829.3
easy:733521003	easy	D	D	True	True	False	0.9935	0.9935	8.449999999999934e-05	0.9926	1057.1
hard:723444009	hard	D	D	True	True	True	0.9904	0.9904	0.000173340000000001	0.9892	876.5
retrieval-miss:187741001	retrieval-miss	none	none	True	False	True	0.9765	0.9765	0.0009720899999999984	0.9736	618.2
easy:715727009	easy	G	G	True	True	False	0.9902	0.9902	0.00019208000000000061	0.989	794.9
easy:724349009	easy	F	F	True	True	False	0.9808	0.9808	0.0005774599999999998	0.9783	783.9
hard:68528007	hard	E	none	False	False	True	0.9664	0.0133	1.90773019	0.9622	818.6
retrieval-miss:265377002	retrieval-miss	none	none	True	False	True	0.9984	0.9984	3.2300000000001465e-06	0.9982	676.4
none-narrower:770728003	none-narrower	none	A	False	False		0.9733	0.0266	1.89482045	0.97	719.2
hard:43647007	hard	E	E	True	False	True	0.9034	0.9034	0.018643820000000005	0.8913	620.5
easy:763867001	easy	E	E	True	True	False	0.9802	0.9802	0.0007801300000000015	0.9778	913.8
hard:93255008	hard	H	none	False	True	True	0.7904	0.2026	1.26061417	0.7642	711.7
gold-removed:725286002	gold-removed	none	none	True	False		0.9985	0.9985	2.9699999999998377e-06	0.9983	1065.4
none-narrower:406571004	none-narrower	none	none	True	False		0.9758	0.9758	0.0008922800000000001	0.9727	692.5
retrieval-miss:445918001	retrieval-miss	none	none	True	False	True	0.9984	0.9984	3.7400000000001463e-06	0.9982	634.5
none-narrower:241897004	none-narrower	none	none	True	False		0.915	0.915	0.014247719999999993	0.9044	679.8
none-narrower:197819009	none-narrower	none	none	True	False		1.0	1.0	0.0	1.0	678.4
gold-removed:764958008	gold-removed	none	none	True	False		0.9236	0.9236	0.007500400000000004	0.914	976.2
easy:186807008	easy	H	none	False	True	False	0.5015	0.4967	0.50481446	0.4392	818.4
easy:56625005	easy	F	F	True	True	True	0.9938	0.9938	7.687999999999979e-05	0.993	604.1
hard:254124008	hard	F	none	False	True	False	0.8742	0.1061	1.56341066	0.8585	616.2
gold-removed:410052008	gold-removed	none	none	True	False		0.9999	0.9999	9.999999999997797e-09	0.9999	874.9
hard:719455002	hard	E	E	True	True	False	0.9971	0.9971	1.682000000000008e-05	0.9967	733.8
hard:37373007	hard	H	H	True	True	False	0.9655	0.9655	0.0023804999999999985	0.9612	666.5
easy:92464009	easy	A	A	True	True	False	0.8625	0.8625	0.03743070999999999	0.8454	662.7
easy:712750007	easy	E	E	True	False	True	0.6381	0.6381	0.25390683999999997	0.5929	640.8
gold-removed:271532008	gold-removed	none	none	True	False		0.9976	0.9976	1.1049999999999798e-05	0.9973	588.2
none-narrower:1156772007	none-narrower	none	E	False	False		0.7694	0.2274	1.18889326	0.7406	551.4
gold-removed:193177003	gold-removed	none	none	True	False		0.9985	0.9985	4.219999999999838e-06	0.9983	603.4
hard:719972004	hard	H	H	True	True	False	0.9952	0.9952	4.608000000000025e-05	0.9946	727.7
hard:239065004	hard	C	D	False	False	True	0.9187	0.0018	1.8461662599999997	0.9086	768.6
hard:720816004	hard	H	H	True	False	True	0.9918	0.9918	0.00013447999999999976	0.9908	787.8
gold-removed:68216000	gold-removed	none	none	True	False		0.9938	0.9938	4.5699999999999796e-05	0.993	701.2
easy:111323005	easy	G	none	False	True	False	0.5344	0.4615	0.57558162	0.4762	729.1
easy:363428005	easy	G	G	True	True	True	0.8797	0.8797	0.028872109999999993	0.8647	698.9
easy:733599009	easy	B	B	True	False	True	0.9586	0.9586	0.0034114399999999995	0.9534	932.7
easy:360525006	easy	D	none	False	True	True	0.8385	0.1567	1.4142442599999998	0.8183	680.6
easy:126865007	easy	H	H	True	True	False	0.9775	0.9775	0.0009650299999999984	0.9747	725.5
easy:50749006	easy	B	B	True	True	False	0.991	0.991	0.00016200000000000014	0.9898	907.8
easy:13468005	easy	G	none	False	True	False	0.9895	0.0095	1.9602008	0.9882	685.3
gold-removed:724274009	gold-removed	none	none	True	False		0.9499	0.9499	0.004990070000000003	0.9436	854.0
none-narrower:1269177007	none-narrower	none	C	False	False		0.9531	0.0469	1.81679922	0.9472	654.5
hard:715735007	hard	B	B	True	True	False	0.9937	0.9937	7.937999999999965e-05	0.9929	821.6
hard:720812002	hard	B	B	True	False	True	0.9926	0.9926	0.00010951999999999945	0.9917	768.8
none-narrower:1258980000	none-narrower	none	none	True	False		0.9809	0.9809	0.0005016800000000002	0.9785	618.8
hard:38528001	hard	H	H	True	True	False	0.9938	0.9938	7.687999999999979e-05	0.9931	637.3
easy:237941007	easy	F	F	True	True	False	0.9851	0.9851	0.0004440200000000007	0.9832	819.0
hard:15084002	hard	B	B	True	True	False	0.9825	0.9825	0.0006055599999999985	0.9803	844.3
easy:6118003	easy	F	F	True	True	False	0.9796	0.9796	0.0008282599999999988	0.977	659.2
none-narrower:240775001	none-narrower	none	none	True	False		0.8043	0.8043	0.07551147999999999	0.7798	621.8
hard:231996009	hard	H	H	True	True	False	0.9871	0.9871	0.0003202600000000006	0.9855	652.6
easy:255037004	easy	G	G	True	True	False	0.8837	0.8837	0.02077621999999999	0.8691	689.4
retrieval-miss:111865007	retrieval-miss	none	none	True	False	True	0.9994	0.9994	4.90000000000054e-07	0.9993	580.9
none-narrower:722692009	none-narrower	none	none	True	False		0.9973	0.9973	1.0940000000000193e-05	0.9969	628.2
easy:42399005	easy	E	E	True	True	False	0.6056	0.6056	0.31007969999999996	0.5563	636.3
retrieval-miss:86422009	retrieval-miss	none	none	True	False	True	0.9947	0.9947	5.6179999999999696e-05	0.994	652.8
retrieval-miss:249491000119100	retrieval-miss	none	none	True	False	True	0.999	0.999	1.5100000000000018e-06	0.9989	558.1
hard:404014008	hard	F	none	False	True	True	0.9913	0.0057	1.97131145	0.9903	730.7
easy:83586000	easy	A	A	True	False	True	0.5642	0.5642	0.37819315	0.5098	797.4
none-narrower:200968006	none-narrower	none	none	True	False		0.9886	0.9886	0.00024249999999999923	0.9871	643.3
none-narrower:699700006	none-narrower	none	none	True	False		0.9587	0.9587	0.00222739	0.9536	781.7
hard:78494001	hard	A	A	True	True	False	0.8483	0.8483	0.04554438999999999	0.8293	753.1
hard:716648006	hard	D	D	True	True	True	0.6716	0.6716	0.21028469	0.6305	786.0
gold-removed:127027008	gold-removed	none	none	True	False		0.9999	0.9999	9.999999999997797e-09	0.9999	788.6
hard:111806005	hard	D	D	True	True	True	0.9269	0.9269	0.01037407000000001	0.9178	701.7
retrieval-miss:69015003	retrieval-miss	none	none	True	False	True	0.9968	0.9968	1.9259999999999877e-05	0.9964	665.8
hard:441574008	hard	B	B	True	True	False	0.8319	0.8319	0.05471524000000001	0.8109	580.1
gold-removed:400006008	gold-removed	none	none	True	False		0.9765	0.9765	0.0007533299999999983	0.9736	671.3
easy:371486001	easy	D	none	False	False	True	0.825	0.0195	1.66457758	0.8031	609.5
none-narrower:271700006	none-narrower	none	none	True	False		0.9586	0.9586	0.0025129099999999993	0.9535	716.6
hard:277508009	hard	E	none	False	True	True	0.9254	0.0562	1.7472872599999998	0.9161	720.9
easy:187059008	easy	F	F	True	False	True	0.9609	0.9609	0.003057620000000002	0.956	641.0
retrieval-miss:763616002	retrieval-miss	none	none	True	False	True	0.9993	0.9993	6.800000000000475e-07	0.9992	815.9
hard:205306000	hard	G	none	False	False	True	0.6451	0.343	0.8478598900000001	0.6008	593.5
gold-removed:48241004	gold-removed	none	none	True	False		0.9937	0.9937	5.720999999999965e-05	0.9929	639.7
gold-removed:707379000	gold-removed	none	none	True	False		0.9928	0.9928	6.658999999999978e-05	0.9919	775.0
easy:192976002	easy	G	G	True	True	False	0.5053	0.5053	0.47209201	0.4435	792.6
gold-removed:15250008	gold-removed	none	none	True	False		0.9784	0.9784	0.000776709999999998	0.9757	614.4
none-narrower:1167373005	none-narrower	none	B	False	False		0.9924	0.0075	1.96991401	0.9915	643.4
none-narrower:16320831000119100	none-narrower	none	none	True	False		0.9205	0.9205	0.01180567	0.9105	706.5
hard:371965009	hard	B	B	True	True	True	0.5103	0.5103	0.47291801	0.4491	658.8
retrieval-miss:82077006	retrieval-miss	none	none	True	False	True	0.9924	0.9924	8.688000000000078e-05	0.9915	816.8
retrieval-miss:723821002	retrieval-miss	none	none	True	False	True	0.9881	0.9881	0.00020493000000000052	0.9866	1100.9
none-narrower:195680000	none-narrower	none	none	True	False		0.9889	0.9889	0.00017007999999999997	0.9875	680.6
none-narrower:239721001	none-narrower	none	none	True	False		1.0	1.0	0.0	0.9999	659.1
easy:269469005	easy	H	H	True	True	True	0.9587	0.9587	0.00339492	0.9535	854.0
easy:126881002	easy	G	G	True	True	False	0.5099	0.5099	0.47746742999999997	0.4486	716.8
easy:363385007	easy	F	none	False	True	True	0.7485	0.1769	1.2402166499999998	0.7171	752.5
hard:89142007	hard	B	B	True	True	False	0.9418	0.9418	0.0066594200000000036	0.9346	766.1
none-narrower:1157157006	none-narrower	none	E	False	False		0.9627	0.037	1.8541603699999998	0.958	972.4
hard:95797003	hard	A	A	True	True	False	0.9637	0.9637	0.0026209	0.9592	616.8
easy:449790007	easy	F	F	True	True	False	0.9326	0.9326	0.008431150000000002	0.9241	578.2
none-narrower:402387002	none-narrower	none	none	True	False		0.9881	0.9881	0.0001967800000000005	0.9866	751.7
easy:45170000	easy	E	E	True	True	True	0.9278	0.9278	0.009048420000000007	0.9188	811.8
easy:60555002	easy	E	E	True	False	True	0.8219	0.8219	0.06290834000000002	0.7996	867.7
easy:26029002	easy	A	A	True	True	True	0.9788	0.9788	0.0008780599999999998	0.9761	707.9
easy:44729001	easy	C	C	True	False	True	0.9732	0.9732	0.0014311300000000027	0.9699	551.0
easy:109492001	easy	D	D	True	True	False	0.9305	0.9305	0.009550120000000002	0.9218	693.2
easy:66071002	easy	E	E	True	False	True	0.9821	0.9821	0.0006267300000000009	0.9798	622.2
easy:5602001	easy	A	none	False	True	True	0.9514	0.0461	1.8150906999999998	0.9453	628.3
easy:720603002	easy	C	C	True	True	False	0.9955	0.9955	3.961999999999954e-05	0.995	916.6
retrieval-miss:263225007	retrieval-miss	none	none	True	False	True	0.9975	0.9975	1.0109999999999734e-05	0.9972	671.7
easy:68272006	easy	H	H	True	True	True	0.994	0.994	7.200000000000007e-05	0.9932	577.5
retrieval-miss:124646004	retrieval-miss	none	none	True	False	True	0.9996	0.9996	2.1999999999996475e-07	0.9996	752.4
easy:766992008	easy	D	D	True	False	True	0.6725	0.6725	0.21392422	0.6315	819.2
retrieval-miss:118601006	retrieval-miss	none	A	False	False	True	0.9723	0.0275	1.89112355	0.9688	829.3
easy:126736007	easy	G	G	True	True	False	0.9864	0.9864	0.0003520099999999985	0.9847	691.0
hard:414029004	hard	C	C	True	False	True	0.9954	0.9954	4.232000000000045e-05	0.9948	609.8
gold-removed:720639008	gold-removed	none	none	True	False		0.9741	0.9741	0.0010101800000000016	0.9709	759.7
easy:68633000	easy	H	H	True	False	True	0.855	0.855	0.040755690000000004	0.8369	552.2
easy:92559007	easy	H	H	True	True	False	0.9906	0.9906	0.00017485999999999928	0.9894	609.6
none-narrower:1179296003	none-narrower	none	B	False	False		0.9869	0.0131	1.94794322	0.9852	925.5
none-narrower:1003324007	none-narrower	none	none	True	False		0.9615	0.9615	0.0027663199999999983	0.9567	728.4
hard:84438001	hard	H	H	True	True	False	0.9951	0.9951	4.8020000000000153e-05	0.9944	945.5
hard:718850008	hard	G	G	True	True	False	0.9779	0.9779	0.0009768200000000006	0.9751	1041.8
easy:400171002	easy	B	B	True	False	True	0.9927	0.9927	0.0001065799999999996	0.9918	617.1
none-narrower:312157006	none-narrower	none	none	True	False		0.9773	0.9773	0.0008973000000000025	0.9745	596.8
hard:880065001	hard	D	D	True	True	True	0.9931	0.9931	9.386000000000024e-05	0.9923	901.1
none-narrower:298591003	none-narrower	none	none	True	False		0.9855	0.9855	0.0003719199999999988	0.9837	595.1
easy:425657001	easy	C	C	True	False	True	0.8378	0.8378	0.0360004	0.8176	846.7
easy:303063000	easy	D	none	False	False	True	0.9208	0.0241	1.80170591	0.911	687.3
easy:195889001	easy	B	B	True	True	False	0.9882	0.9882	0.0002761400000000008	0.9867	630.4
hard:93929003	hard	C	none	False	True	False	0.8446	0.1319	1.4674006400000001	0.8252	620.2
easy:34736002	easy	H	H	True	True	False	0.9828	0.9828	0.0005916799999999998	0.9807	650.3
none-narrower:433891000124100	none-narrower	none	none	True	False		0.9895	0.9895	0.00016998999999999904	0.9882	564.6
none-narrower:8442000	none-narrower	none	none	True	False		0.9992	0.9992	9.200000000000367e-07	0.9991	661.5
none-narrower:722529000	none-narrower	none	none	True	False		0.9941	0.9941	5.475000000000019e-05	0.9933	852.6
gold-removed:763713000	gold-removed	none	none	True	False		0.9976	0.9976	1.1519999999999797e-05	0.9972	633.9
retrieval-miss:74333002	retrieval-miss	none	none	True	False	True	0.9783	0.9783	0.0009038200000000022	0.9756	791.9
gold-removed:14756005	gold-removed	none	none	True	False		0.9957	0.9957	3.0379999999999746e-05	0.9952	546.9
none-narrower:866097000	none-narrower	none	none	True	False		0.9486	0.9486	0.00474691	0.9422	707.0
hard:61758007	hard	E	none	False	True	True	0.6632	0.3326	0.8852670499999999	0.6211	685.7
none-narrower:124141008	none-narrower	none	none	True	False		0.9951	0.9951	3.393000000000015e-05	0.9945	842.6
none-narrower:823019007	none-narrower	none	none	True	False		0.9979	0.9979	8.409999999999962e-06	0.9976	719.2
hard:733454004	hard	B	B	True	True	False	0.9964	0.9964	2.592000000000034e-05	0.9959	894.9
retrieval-miss:128060009	retrieval-miss	none	none	True	False	True	0.9997	0.9997	1.2999999999998017e-07	0.9997	575.1
hard:31993003	hard	A	A	True	True	False	0.9754	0.9754	0.0012054199999999978	0.9723	594.8
none-narrower:767031008	none-narrower	none	none	True	False		0.9963	0.9963	1.8960000000000272e-05	0.9959	713.9
hard:442917000	hard	A	A	True	True	True	0.9893	0.9893	0.0002148500000000009	0.988	595.9
hard:238031009	hard	A	none	False	True	False	0.7532	0.1754	1.24985868	0.7223	701.7
easy:238014002	easy	F	F	True	True	False	0.9613	0.9613	0.0028909399999999964	0.9565	766.2
none-narrower:1196829000	none-narrower	none	D	False	False		0.6925	0.2975	0.97313052	0.6541	750.9
hard:232049001	hard	B	B	True	False	True	0.5879	0.5879	0.33858376	0.5364	914.4
easy:363380002	easy	F	F	True	False	True	0.9013	0.9013	0.014844070000000004	0.889	845.6
hard:78975002	hard	E	E	True	True	True	0.9982	0.9982	6.480000000000085e-06	0.998	553.3
gold-removed:254631008	gold-removed	none	none	True	False		0.9982	0.9982	4.660000000000086e-06	0.9979	723.3
hard:92047003	hard	D	D	True	False	True	0.9248	0.9248	0.010805100000000008	0.9154	697.3
easy:240104008	easy	D	G	False	False	True	0.9895	0.0	1.97918575	0.9882	704.7
easy:230552007	easy	E	E	True	True	True	0.8874	0.8874	0.02239664000000001	0.8733	850.0
easy:9824006	easy	H	H	True	True	False	0.9723	0.9723	0.001529059999999997	0.9688	548.5
hard:718189004	hard	E	E	True	True	False	0.9833	0.9833	0.0005544600000000016	0.9812	563.8
retrieval-miss:26715006	retrieval-miss	none	none	True	False	True	0.9867	0.9867	0.0002744099999999994	0.985	523.7
hard:402792003	hard	F	G	False	True	False	0.8143	0.0768	1.52704738	0.7911	573.9
retrieval-miss:123953004	retrieval-miss	none	none	True	False	True	0.99	0.99	0.00015022000000000017	0.9887	799.2
hard:22841008	hard	G	G	True	True	False	0.8482	0.8482	0.04554394000000002	0.8293	645.8
easy:91521000119104	easy	H	H	True	True	False	0.9126	0.9126	0.012421810000000004	0.9017	589.2
easy:720408003	easy	H	H	True	True	False	0.991	0.991	0.00015674000000000013	0.9898	726.3
easy:85828009	easy	E	E	True	True	False	0.9674	0.9674	0.0021190099999999976	0.9634	662.2
easy:718609003	easy	A	A	True	True	False	0.748	0.748	0.12650540000000002	0.7166	1056.9
hard:406446000	hard	B	none	False	True	False	0.9979	0.0012	1.99340614	0.9977	666.8
gold-removed:404663008	gold-removed	none	none	True	False		0.9958	0.9958	2.1019999999999843e-05	0.9953	599.1
easy:39452003	easy	G	G	True	True	False	0.981	0.981	0.0007069900000000005	0.9786	553.3
hard:187716008	hard	C	C	True	False	True	0.6513	0.6513	0.24096994	0.6077	609.6
easy:93390002	easy	E	none	False	True	True	0.4864	0.3938	0.61748106	0.4222	552.3
easy:41309000	easy	F	F	True	True	True	0.9784	0.9784	0.0009288099999999979	0.9757	572.5
none-narrower:1306315009	none-narrower	none	none	True	False		0.9987	0.9987	2.4399999999999165e-06	0.9985	555.6
gold-removed:237714006	gold-removed	none	none	True	False		0.9966	0.9966	1.9009999999999718e-05	0.9961	576.7
easy:721221000	easy	G	G	True	False	True	0.9787	0.9787	0.0009073799999999993	0.9761	804.2
none-narrower:16039791000119101	none-narrower	none	none	True	False		0.9944	0.9944	4.132000000000055e-05	0.9937	585.0
gold-removed:718909001	gold-removed	none	none	True	False		0.9876	0.9876	0.00024689999999999917	0.9861	787.9
hard:79586000	hard	B	B	True	True	False	0.9649	0.9649	0.0024570200000000016	0.9605	642.4
retrieval-miss:722429003	retrieval-miss	none	none	True	False	True	0.9987	0.9987	2.0299999999999166e-06	0.9986	936.5
easy:205346006	easy	A	none	False	False	True	0.9156	0.0019	1.8381287099999999	0.9051	734.4
hard:363393007	hard	D	D	True	True	True	0.8754	0.8754	0.03100054000000001	0.8599	740.0
none-narrower:234376007	none-narrower	none	none	True	False		0.9823	0.9823	0.0004011200000000017	0.9801	738.7
easy:609580007	easy	H	H	True	True	True	0.8993	0.8993	0.01953861	0.8867	730.0
easy:725904009	easy	H	H	True	True	False	0.9939	0.9939	7.205999999999993e-05	0.9931	777.7
hard:702417004	hard	H	H	True	True	False	0.9816	0.9816	0.000673449999999999	0.9793	728.3
retrieval-miss:412787009	retrieval-miss	none	none	True	False	True	0.9478	0.9478	0.0046558000000000025	0.9412	686.0
hard:29504002	hard	D	E	False	False	True	0.9845	0.0001	1.9692683200000003	0.9825	681.3
hard:45781009	hard	D	none	False	False	True	0.9057	0.0936	1.64185381	0.8939	613.0
none-narrower:698947004	none-narrower	none	none	True	False		0.9985	0.9985	3.5199999999998375e-06	0.9983	503.3
easy:716660007	easy	A	A	True	False	True	0.9944	0.9944	5.848000000000055e-05	0.9937	964.0
hard:711499009	hard	C	C	True	True	False	0.9941	0.9941	6.845000000000019e-05	0.9934	557.7
none-narrower:230538005	none-narrower	none	none	True	False		0.9993	0.9993	6.900000000000475e-07	0.9992	647.1
none-narrower:1231182008	none-narrower	none	E	False	False		0.9934	0.0065	1.97388582	0.9926	709.3
none-narrower:200964008	none-narrower	none	none	True	False		0.9936	0.9936	7.46899999999995e-05	0.9928	634.9
none-narrower:81557008	none-narrower	none	none	True	False		0.962	0.962	0.0019618000000000027	0.9573	511.7
hard:403938001	hard	E	none	False	False	True	0.9385	0.0466	1.78985657	0.9308	672.1
hard:254164007	hard	E	none	False	True	True	0.9144	0.0843	1.6746347099999999	0.9037	710.7
easy:95588004	easy	D	D	True	True	True	0.8994	0.8994	0.019691500000000004	0.8868	613.0
none-narrower:238991008	none-narrower	none	none	True	False		0.8598	0.8598	0.03917229999999999	0.8422	610.3
easy:699649006	easy	F	none	False	False	True	0.8409	0.159	1.41439382	0.821	618.9
hard:438583008	hard	H	none	False	False	True	0.9273	0.0013	1.85984747	0.9182	648.9
hard:128272009	hard	H	H	True	True	True	0.9817	0.9817	0.0006317299999999994	0.9794	554.7
hard:37246009	hard	G	none	False	False	True	0.8632	0.1349	1.49351456	0.8461	545.1
hard:724384008	hard	C	C	True	True	False	0.9972	0.9972	1.5680000000000138e-05	0.9968	706.7
gold-removed:715428003	gold-removed	none	none	True	False		0.9984	0.9984	3.6900000000001464e-06	0.9982	609.3
easy:719210007	easy	F	F	True	True	False	0.9963	0.9963	2.665000000000027e-05	0.9959	812.1
easy:402700001	easy	G	G	True	True	False	0.567	0.567	0.37376839	0.5128	541.3
gold-removed:416707008	gold-removed	none	none	True	False		0.9893	0.9893	0.0001868700000000009	0.9879	637.3
easy:240450004	easy	E	E	True	True	True	0.9905	0.9905	0.0001767899999999991	0.9893	639.2
retrieval-miss:78868004	retrieval-miss	none	none	True	False	True	0.8467	0.8467	0.04396131	0.8276	567.5
retrieval-miss:237983002	retrieval-miss	none	none	True	False	True	0.9998	0.9998	5.99999999999912e-08	0.9998	751.3
none-narrower:1373027001	none-narrower	none	none	True	False		0.9981	0.9981	4.780000000000048e-06	0.9979	601.7
hard:122811000119101	hard	A	A	True	True	True	0.9952	0.9952	4.608000000000025e-05	0.9946	660.3
easy:237822008	easy	C	C	True	True	True	0.7686	0.7686	0.10254626000000003	0.7397	594.8
easy:16026008	easy	D	none	False	True	False	0.9987	0.0005	1.9964022200000002	0.9985	833.7
gold-removed:763366000	gold-removed	none	none	True	False		0.9842	0.9842	0.0004930200000000011	0.9822	762.0
hard:126872008	hard	F	none	False	False	True	0.9193	0.0765	1.6979714499999998	0.9092	688.6
hard:82275008	hard	B	B	True	True	False	0.9959	0.9959	3.280999999999994e-05	0.9954	771.1
hard:40178009	hard	E	E	True	True	False	0.9966	0.9966	2.3119999999999718e-05	0.9961	642.6
hard:442348004	hard	G	G	True	True	False	0.9968	0.9968	2.047999999999988e-05	0.9964	679.0
retrieval-miss:57436000	retrieval-miss	none	none	True	False	True	0.9977	0.9977	8.949999999999857e-06	0.9974	611.3
easy:230381009	easy	E	E	True	True	False	0.7954	0.7954	0.08335535	0.7698	731.6
retrieval-miss:254923001	retrieval-miss	none	none	True	False	True	0.9475	0.9475	0.004852949999999999	0.9409	724.6
hard:229706001	hard	H	H	True	False	True	0.9831	0.9831	0.0005579500000000008	0.981	812.0
hard:765748009	hard	D	D	True	True	True	0.9955	0.9955	3.874999999999954e-05	0.995	672.0
none-narrower:237663000	none-narrower	none	none	True	False		0.998	0.998	6.420000000000008e-06	0.9978	650.2
gold-removed:9014002	gold-removed	none	none	True	False		0.9994	0.9994	4.2000000000005395e-07	0.9994	583.1
hard:722859001	hard	H	H	True	True	False	0.9951	0.9951	4.8020000000000153e-05	0.9944	666.0
hard:190502001	hard	G	none	False	False	True	0.9629	0.0205	1.8868466000000002	0.9583	697.1
hard:56905009	hard	B	B	True	True	False	0.9893	0.9893	0.00022898000000000091	0.9879	541.5
easy:23205009	easy	C	C	True	True	False	0.9892	0.9892	0.0002332800000000007	0.9879	609.0
hard:13600006	hard	B	B	True	True	False	0.9829	0.9829	0.0005848200000000002	0.9808	646.5
none-narrower:399044006	none-narrower	none	E	False	False		0.5247	0.4752	0.55072514	0.4653	662.2
hard:707234001	hard	G	G	True	True	False	0.9955	0.9955	3.9609999999999534e-05	0.995	673.6
retrieval-miss:124343001	retrieval-miss	none	none	True	False	True	0.9982	0.9982	4.560000000000086e-06	0.998	735.1
hard:129104009	hard	C	none	False	False	True	0.9087	0.0857	1.66169354	0.8973	493.1
easy:230500006	easy	F	F	True	True	True	0.6375	0.6375	0.26143981000000005	0.5922	621.3
none-narrower:10752601000119104	none-narrower	none	none	True	False		0.9985	0.9985	3.3099999999998374e-06	0.9983	617.3
easy:763069002	easy	G	G	True	True	False	0.9817	0.9817	0.0006625099999999994	0.9794	861.9
hard:240062007	hard	E	E	True	True	True	0.9557	0.9557	0.0032468	0.9501	629.1
none-narrower:202674000	none-narrower	none	none	True	False		0.9963	0.9963	2.082000000000027e-05	0.9959	531.5
retrieval-miss:45414006	retrieval-miss	none	none	True	False	True	0.9935	0.9935	5.804999999999935e-05	0.9926	631.6
hard:702344008	hard	D	D	True	True	True	0.9974	0.9974	1.2150000000000243e-05	0.997	660.0
easy:764100007	easy	A	A	True	True	False	0.9929	0.9929	0.00010081999999999995	0.992	631.1
easy:386810004	easy	A	A	True	True	False	0.9907	0.9907	0.0001729799999999995	0.9895	537.2
retrieval-miss:57119000	retrieval-miss	none	none	True	False	True	0.9995	0.9995	3.4999999999994493e-07	0.9994	795.7
easy:254666005	easy	B	B	True	True	True	0.8386	0.8386	0.05152373	0.8184	638.3
hard:398102009	hard	A	A	True	True	False	0.7811	0.7811	0.09457999	0.7538	720.5
retrieval-miss:275498002	retrieval-miss	none	none	True	False	True	0.9696	0.9696	0.001610059999999999	0.9658	606.3
gold-removed:445014002	gold-removed	none	none	True	False		0.977	0.977	0.0006871400000000009	0.9741	877.9
none-narrower:703279003	none-narrower	none	none	True	False		0.9968	0.9968	1.4009999999999876e-05	0.9964	555.4
easy:87696004	easy	B	B	True	True	False	0.9878	0.9878	0.0002976799999999997	0.9863	499.1
easy:268232000	easy	H	none	False	True	False	0.5462	0.4464	0.60482916	0.4895	575.6
hard:48723006	hard	E	none	False	True	True	0.4993	0.4941	0.50526359	0.4367	543.2
easy:41565005	easy	G	G	True	True	False	0.8442	0.8442	0.04786911000000001	0.8248	510.2
hard:702380008	hard	F	F	True	True	False	0.988	0.988	0.00022179000000000025	0.9865	518.1
none-narrower:34126003	none-narrower	none	none	True	False		0.5821	0.5821	0.29046072	0.5299	552.2
easy:723508002	easy	A	A	True	True	False	0.8967	0.8967	0.02134177999999999	0.8837	610.7
retrieval-miss:193523008	retrieval-miss	none	none	True	False	True	0.9977	0.9977	1.0139999999999855e-05	0.9974	564.8
retrieval-miss:59531002	retrieval-miss	none	none	True	False	True	0.994	0.994	6.523000000000006e-05	0.9933	603.9
none-narrower:707351006	none-narrower	none	none	True	False		0.9651	0.9651	0.002245700000000003	0.9608	595.3
easy:26460006	easy	F	none	False	True	False	0.937	0.0609	1.7598818200000004	0.9291	682.9
retrieval-miss:34730008	retrieval-miss	none	none	True	False	True	0.9973	0.9973	1.0690000000000192e-05	0.997	602.6
easy:73415002	easy	B	B	True	True	False	0.9968	0.9968	2.047999999999988e-05	0.9964	547.4
retrieval-miss:414667000	retrieval-miss	none	F	False	False	True	0.9164	0.0823	1.68196369	0.906	556.0
hard:307496006	hard	F	F	True	True	False	0.9463	0.9463	0.005703439999999997	0.9396	551.9
hard:404041003	hard	C	none	False	True	True	0.9608	0.022	1.87983433	0.9559	671.6
easy:720459002	easy	G	G	True	False	True	0.9558	0.9558	0.0038547700000000013	0.9503	742.8
easy:79291003	easy	H	H	True	True	False	0.9877	0.9877	0.00030257999999999945	0.9862	720.8
easy:254825007	easy	E	none	False	False	True	0.8896	0.1072	1.5884839099999999	0.8758	672.8
none-narrower:1197357008	none-narrower	none	H	False	False		0.8788	0.1212	1.54457888	0.8636	748.2
easy:92197001	easy	C	C	True	True	True	0.8967	0.8967	0.02125938999999999	0.8838	564.4
hard:722454003	hard	E	E	True	True	True	0.6384	0.6384	0.24421348999999998	0.5932	795.5
easy:722451006	easy	A	A	True	True	False	0.9896	0.9896	0.00021631999999999926	0.9883	735.9
easy:722282008	easy	H	H	True	True	False	0.9597	0.9597	0.0032083	0.9546	817.2
none-narrower:1340188003	none-narrower	none	none	True	False		0.9653	0.9653	0.002050349999999997	0.961	549.2
retrieval-miss:398049005	retrieval-miss	none	none	True	False	True	0.9999	0.9999	9.999999999997797e-09	0.9998	541.8
gold-removed:231536004	gold-removed	none	none	True	False		0.9977	0.9977	8.439999999999857e-06	0.9974	647.6
hard:233728004	hard	C	none	False	False	True	0.7861	0.213	1.23732262	0.7593	550.2
retrieval-miss:128598002	retrieval-miss	none	none	True	False	True	0.9967	0.9967	1.5309999999999798e-05	0.9963	486.6
easy:703267003	easy	D	D	True	True	True	0.9971	0.9971	1.682000000000008e-05	0.9967	640.2
retrieval-miss:234541006	retrieval-miss	none	none	True	False	True	0.6944	0.6944	0.18599035	0.6561	651.2
easy:13920009	easy	F	F	True	True	False	0.9841	0.9841	0.0005024500000000009	0.9822	560.5
easy:92109005	easy	D	D	True	True	True	0.9938	0.9938	7.44499999999998e-05	0.993	585.3
easy:17322007	easy	D	D	True	True	False	0.8302	0.8302	0.04299133999999998	0.809	547.9
hard:407476002	hard	H	H	True	True	True	0.9175	0.9175	0.013481630000000001	0.9072	538.2
none-narrower:737209002	none-narrower	none	none	True	False		0.9676	0.9676	0.0016204299999999989	0.9635	562.9
easy:254915003	easy	A	A	True	True	False	0.7879	0.7879	0.08967662999999998	0.7614	669.2
easy:307576001	easy	C	C	True	True	False	0.995	0.995	4.902000000000004e-05	0.9944	617.9
hard:7573000	hard	D	H	False	True	False	0.9621	0.0001	1.92682796	0.9573	667.5
none-narrower:737220002	none-narrower	none	none	True	False		0.9881	0.9881	0.0002111000000000005	0.9866	547.5
gold-removed:240119009	gold-removed	none	none	True	False		0.9992	0.9992	1.0200000000000366e-06	0.9991	519.0
retrieval-miss:74969002	retrieval-miss	none	none	True	False	True	0.9967	0.9967	2.11299999999998e-05	0.9963	621.7
retrieval-miss:87872006	retrieval-miss	none	D	False	False	True	0.7159	0.2838	1.0254553399999997	0.6804	503.0
none-narrower:277643003	none-narrower	none	none	True	False		0.9927	0.9927	6.67299999999996e-05	0.9918	766.8
gold-removed:24526004	gold-removed	none	none	True	False		0.9975	0.9975	7.649999999999734e-06	0.9972	613.0
easy:419039007	easy	H	H	True	True	False	0.9778	0.9778	0.00098125	0.9751	761.5
hard:76802005	hard	G	none	False	False	True	0.4937	0.4824	0.51199083	0.4304	637.5
none-narrower:735549008	none-narrower	none	none	True	False		0.9989	0.9989	1.8199999999999777e-06	0.9988	651.3
hard:109041000119107	hard	A	A	True	True	False	0.8016	0.8016	0.07864584000000001	0.7768	625.6
easy:26111005	easy	G	G	True	True	False	0.8639	0.8639	0.03395552	0.8469	610.6
easy:42930003	easy	G	G	True	True	False	0.9887	0.9887	0.00024021999999999949	0.9873	639.2
hard:91662004	hard	D	D	True	True	False	0.9877	0.9877	0.00030012999999999947	0.9862	527.0
hard:446995005	hard	C	C	True	True	False	0.9931	0.9931	9.522000000000024e-05	0.9922	559.6
none-narrower:428172002	none-narrower	none	none	True	False		0.9857	0.9857	0.00028917999999999945	0.9839	571.3
hard:363469001	hard	D	none	False	False	True	0.3721	0.3121	0.7109530099999999	0.2937	584.9
easy:266257000	easy	G	none	False	False	True	0.5214	0.4782	0.54413337	0.4615	539.0
easy:27536004	easy	A	A	True	True	False	0.9598	0.9598	0.003224050000000001	0.9548	536.6
easy:77157004	easy	C	C	True	True	False	0.6225	0.6225	0.28186398999999995	0.5753	571.0
hard:189130001	hard	C	C	True	False	True	0.9835	0.9835	0.0004547599999999987	0.9814	617.4
gold-removed:126958000	gold-removed	none	none	True	False		0.9149	0.9149	0.008712949999999992	0.9043	593.0
easy:253737007	easy	F	F	True	True	False	0.8728	0.8728	0.03220753999999999	0.8569	633.6
retrieval-miss:234411007	retrieval-miss	none	none	True	False	True	0.9966	0.9966	1.4069999999999718e-05	0.9962	703.1
hard:763348005	hard	C	C	True	True	False	0.9959	0.9959	3.361999999999994e-05	0.9953	828.9
none-narrower:109272006	none-narrower	none	none	True	False		0.7276	0.7276	0.14807717999999997	0.6935	541.7
hard:235828008	hard	B	B	True	False	True	0.8873	0.8873	0.024490360000000003	0.8732	624.8
none-narrower:18040001	none-narrower	none	none	True	False		0.9956	0.9956	2.7139999999999645e-05	0.9951	583.5
easy:87694001	easy	C	none	False	True	True	0.9508	0.0426	1.82066507	0.9446	709.7
hard:699297004	hard	G	G	True	True	False	0.6951	0.6951	0.14234187999999998	0.657	773.1
none-narrower:871745001	none-narrower	none	none	True	False		0.9958	0.9958	3.0249999999999848e-05	0.9953	560.0
gold-removed:193411004	gold-removed	none	none	True	False		0.9985	0.9985	3.1499999999998377e-06	0.9983	661.5
hard:72000004	hard	E	E	True	True	False	0.9781	0.9781	0.0009548600000000014	0.9754	573.0
retrieval-miss:77323000	retrieval-miss	none	none	True	False	True	0.983	0.983	0.0005428200000000005	0.9808	623.9
retrieval-miss:370999003	retrieval-miss	none	none	True	False	True	0.9535	0.9535	0.003317719999999999	0.9477	750.6
retrieval-miss:254588001	retrieval-miss	none	none	True	False	True	0.9908	0.9908	0.00011429999999999974	0.9896	517.1
easy:192782005	easy	E	none	False	False	True	0.9926	0.0045	1.9762779600000004	0.9917	687.4
retrieval-miss:717917007	retrieval-miss	none	none	True	False	True	0.9797	0.9797	0.0005950499999999994	0.9771	775.4
none-narrower:1237225007	none-narrower	none	A	False	False		0.8042	0.1914	1.3005814299999998	0.7797	790.4
easy:718720007	easy	D	D	True	True	False	0.9709	0.9709	0.001687820000000001	0.9672	606.7
easy:373436002	easy	H	none	False	False	True	0.9909	0.002	1.977921	0.9898	571.9
retrieval-miss:789657008	retrieval-miss	none	none	True	False	True	0.9877	0.9877	0.00018679999999999944	0.9861	646.3
hard:363402007	hard	G	none	False	True	True	0.6005	0.3951	0.72651489	0.5506	603.4
easy:127230005	easy	D	B	False	False	True	0.8966	0.029	1.7522086099999998	0.8837	566.3
easy:124322002	easy	B	B	True	True	False	0.6992	0.6992	0.17474993	0.6616	633.8
easy:446079007	easy	G	G	True	True	False	0.6278	0.6278	0.27691685	0.5813	669.1
hard:718717004	hard	C	C	True	True	False	0.9922	0.9922	0.00012168000000000045	0.9912	632.8
easy:58213005	easy	C	C	True	True	False	0.9964	0.9964	2.592000000000034e-05	0.996	638.6
retrieval-miss:271807003	retrieval-miss	none	none	True	False	True	0.9996	0.9996	1.8999999999996475e-07	0.9995	586.3
easy:17024001	easy	C	C	True	True	False	0.9471	0.9471	0.004483219999999994	0.9405	633.6
hard:17226007	hard	D	D	True	True	False	0.9976	0.9976	1.1519999999999797e-05	0.9973	462.7
hard:90935002	hard	G	G	True	True	False	0.9846	0.9846	0.000391449999999999	0.9826	548.6
retrieval-miss:56975005	retrieval-miss	none	none	True	False	True	0.999	0.999	1.350000000000002e-06	0.9989	726.6
retrieval-miss:765216006	retrieval-miss	none	none	True	False	True	0.9944	0.9944	5.645000000000056e-05	0.9938	643.4
hard:711403001	hard	E	B	False	False	True	0.788	0.0241	1.6068274200000001	0.7615	615.0
easy:8635005	easy	A	A	True	True	False	0.9759	0.9759	0.0011520400000000007	0.9729	559.4
easy:36948007	easy	B	B	True	True	False	0.997	0.997	1.8000000000000017e-05	0.9967	667.0
hard:732252005	hard	F	F	True	False	True	0.9622	0.9622	0.0028351299999999956	0.9574	973.3
none-narrower:1306326003	none-narrower	none	none	True	False		0.9965	0.9965	1.7919999999999632e-05	0.996	530.2
hard:79886009	hard	H	H	True	True	False	0.9846	0.9846	0.0004743199999999991	0.9827	522.5
hard:203045001	hard	G	G	True	True	True	0.5392	0.5392	0.42402891	0.4816	630.3
retrieval-miss:82800008	retrieval-miss	none	D	False	False	True	0.9532	0.0463	1.8181340300000002	0.9474	547.2
gold-removed:33168009	gold-removed	none	none	True	False		0.998	0.998	5.200000000000008e-06	0.9978	452.7
none-narrower:723363009	none-narrower	none	E	False	False		0.4599	0.0225	1.3418671400000002	0.3924	617.3
none-narrower:1163472000	none-narrower	none	none	True	False		0.7335	0.7335	0.13728099999999996	0.7002	620.6
gold-removed:7522008	gold-removed	none	none	True	False		0.9998	0.9998	4.999999999999118e-08	0.9998	569.1
retrieval-miss:230572002	retrieval-miss	none	none	True	False	True	0.9996	0.9996	2.5999999999996474e-07	0.9995	518.1
gold-removed:720604008	gold-removed	none	none	True	False		0.9981	0.9981	4.9300000000000485e-06	0.9978	606.9
none-narrower:50927007	none-narrower	none	none	True	False		0.9653	0.9653	0.0017757199999999967	0.961	538.7
hard:718608006	hard	A	A	True	True	False	0.9775	0.9775	0.0010080099999999984	0.9747	791.2
easy:363379000	easy	B	B	True	True	True	0.5393	0.5393	0.4091286	0.4817	607.2
gold-removed:254627002	gold-removed	none	none	True	False		0.987	0.987	0.0002453700000000003	0.9854	748.3
hard:232006002	hard	C	C	True	True	False	0.9536	0.9536	0.0043059199999999995	0.9478	562.6
hard:129639005	hard	D	D	True	True	False	0.9732	0.9732	0.0014258400000000024	0.9699	528.3
hard:126980002	hard	F	none	False	True	False	0.6227	0.3718	0.7824069600000001	0.5756	575.2
retrieval-miss:718691008	retrieval-miss	none	none	True	False	True	0.9842	0.9842	0.0003705500000000012	0.9822	591.3
retrieval-miss:234110002	retrieval-miss	none	none	True	False	True	0.9999	0.9999	9.999999999997797e-09	0.9999	521.4
none-narrower:472699005	none-narrower	none	none	True	False		0.9972	0.9972	1.4640000000000138e-05	0.9969	580.4
gold-removed:726708009	gold-removed	none	none	True	False		1.0	1.0	0.0	1.0	593.3
easy:83482000	easy	F	F	True	True	False	0.9949	0.9949	5.201999999999994e-05	0.9942	589.3
hard:254837009	hard	F	F	True	True	False	0.9729	0.9729	0.0014316200000000006	0.9695	581.7
retrieval-miss:4945003	retrieval-miss	none	none	True	False	True	0.9982	0.9982	4.750000000000086e-06	0.9979	694.7
easy:718210003	easy	D	D	True	True	False	0.9852	0.9852	0.00043808000000000106	0.9833	725.5
gold-removed:719253007	gold-removed	none	none	True	False		0.9968	0.9968	1.2369999999999876e-05	0.9964	812.5
retrieval-miss:722055008	retrieval-miss	none	none	True	False	True	0.9991	0.9991	1.0300000000000215e-06	0.999	744.4
easy:763127004	easy	A	A	True	True	False	0.9282	0.9282	0.010310479999999997	0.9192	722.4
retrieval-miss:312912001	retrieval-miss	none	none	True	False	True	0.9981	0.9981	5.9100000000000484e-06	0.9979	606.2
hard:41799005	hard	A	A	True	True	False	0.9745	0.9745	0.0012954099999999984	0.9713	591.3
hard:764999002	hard	H	H	True	False	True	0.9933	0.9933	8.978000000000054e-05	0.9925	710.6
easy:66695004	easy	H	none	False	False	True	0.8497	0.0283	1.6808322900000001	0.8309	695.3
easy:404056007	easy	F	F	True	True	False	0.961	0.961	0.0030264600000000025	0.9561	551.4
retrieval-miss:388980004	retrieval-miss	none	none	True	False	True	0.9691	0.9691	0.0013591300000000022	0.9653	575.8
none-narrower:1162558000	none-narrower	none	none	True	False		0.9988	0.9988	2.1099999999999493e-06	0.9986	507.8
easy:4887000	easy	A	A	True	False	True	0.9921	0.9921	0.00012326000000000028	0.9911	731.5
retrieval-miss:234619000	retrieval-miss	none	none	True	False	True	0.6984	0.6984	0.17965727999999997	0.6607	515.2
retrieval-miss:715771008	retrieval-miss	none	D	False	False	True	0.9495	0.0505	1.8031005	0.9432	655.9
retrieval-miss:186217006	retrieval-miss	none	none	True	False	True	0.9975	0.9975	9.449999999999733e-06	0.9972	484.4
hard:715755008	hard	E	E	True	True	False	0.9878	0.9878	0.0002976799999999997	0.9863	788.5
hard:126703006	hard	E	B	False	False	True	0.9343	0.0003	1.8763026400000002	0.9261	602.2
none-narrower:48309007	none-narrower	none	none	True	False		0.8634	0.8634	0.03731912000000001	0.8463	658.7
easy:37272000	easy	G	G	True	True	False	0.9933	0.9933	8.978000000000054e-05	0.9925	675.5
none-narrower:763312008	none-narrower	none	B	False	False		0.9636	0.032	1.86556093	0.9591	961.2
easy:88092000	easy	F	F	True	False	True	0.9719	0.9719	0.001579220000000001	0.9684	599.8
none-narrower:1340174002	none-narrower	none	G	False	False		0.8344	0.0502	1.6114540000000002	0.8137	695.6
hard:92336000	hard	H	H	True	True	False	0.9408	0.9408	0.006938740000000004	0.9334	571.9
retrieval-miss:16140007	retrieval-miss	none	H	False	False	True	0.96	0.0399	1.8433920099999999	0.955	550.4
none-narrower:403632002	none-narrower	none	none	True	False		0.9239	0.9239	0.011446509999999993	0.9144	681.7
retrieval-miss:363398003	retrieval-miss	none	none	True	False	True	0.9567	0.9567	0.0034141300000000005	0.9513	606.0
hard:426055002	hard	A	A	True	True	False	0.9187	0.9187	0.012885950000000007	0.9086	516.1
none-narrower:716194005	none-narrower	none	H	False	False		0.9452	0.0548	1.78680608	0.9383	717.2
none-narrower:94660006	none-narrower	none	none	True	False		0.9989	0.9989	1.7399999999999778e-06	0.9988	602.9
hard:190785000	hard	D	D	True	True	False	0.9619	0.9619	0.0028357000000000018	0.9571	588.4
hard:92385005	hard	B	B	True	True	True	0.9583	0.9583	0.003404169999999997	0.9531	626.0
none-narrower:289474006	none-narrower	none	none	True	False		0.9796	0.9796	0.0006015199999999989	0.9771	548.0
easy:238763007	easy	E	E	True	True	False	0.9975	0.9975	1.2499999999999735e-05	0.9972	582.3
retrieval-miss:363009005	retrieval-miss	none	none	True	False	True	0.9892	0.9892	0.0001439800000000007	0.9878	641.4
none-narrower:133091000119105	none-narrower	none	none	True	False		0.9889	0.9889	0.00020357999999999997	0.9875	460.5
gold-removed:92697000	gold-removed	none	none	True	False		0.9852	0.9852	0.00032559000000000103	0.9833	587.8
hard:192781003	hard	H	H	True	True	False	0.9533	0.9533	0.004306209999999996	0.9475	695.0
easy:711480000	easy	H	C	False	True	False	0.5805	0.4064	0.68951282	0.5281	736.0
hard:254709009	hard	F	D	False	False	True	0.9963	0.0	1.9926273799999998	0.9958	635.2
retrieval-miss:716338001	retrieval-miss	none	B	False	False	True	0.8577	0.142	1.47181331	0.8399	635.2
easy:14535005	easy	F	F	True	True	False	0.9896	0.9896	0.00021631999999999926	0.9883	585.5
easy:734029004	easy	E	E	True	True	True	0.9171	0.9171	0.010120429999999994	0.9068	893.5
none-narrower:707750005	none-narrower	none	none	True	False		0.9944	0.9944	4.304000000000055e-05	0.9937	598.3
none-narrower:12240951000119107	none-narrower	none	none	True	False		0.8131	0.8131	0.06875524999999999	0.7898	626.1
easy:715801001	easy	F	F	True	True	False	0.9984	0.9984	5.120000000000147e-06	0.9982	867.6
hard:94140004	hard	G	none	False	True	True	0.9257	0.0333	1.79237772	0.9164	602.5
none-narrower:276682008	none-narrower	none	none	True	False		0.678	0.678	0.20171901999999997	0.6378	543.5
retrieval-miss:726672000	retrieval-miss	none	none	True	False	True	0.9994	0.9994	4.90000000000054e-07	0.9993	629.0
easy:717254007	easy	B	B	True	True	False	0.9986	0.9986	3.9199999999998795e-06	0.9984	674.2
retrieval-miss:105597003	retrieval-miss	none	none	True	False	True	0.9511	0.9511	0.004557550000000006	0.9449	533.5
easy:68779003	easy	E	none	False	True	False	0.992	0.0075	1.96912032	0.991	600.0
none-narrower:1144544008	none-narrower	none	none	True	False		0.9996	0.9996	2.399999999999648e-07	0.9995	587.2
hard:28189009	hard	C	C	True	True	False	0.9957	0.9957	3.6129999999999744e-05	0.9952	642.2
easy:237091009	easy	C	C	True	True	False	0.9497	0.9497	0.005000540000000001	0.9434	557.6
easy:45116002	easy	E	none	False	True	False	0.9956	0.0016	1.98802389	0.9951	798.0
hard:29928006	hard	H	H	True	False	True	0.9435	0.9435	0.004801229999999999	0.9364	579.2
gold-removed:51254007	gold-removed	none	none	True	False		0.9999	0.9999	9.999999999997797e-09	0.9999	602.6
gold-removed:235825006	gold-removed	none	none	True	False		0.9667	0.9667	0.0016329599999999997	0.9626	534.7
hard:47277009	hard	H	H	True	True	False	0.9917	0.9917	0.0001269399999999996	0.9907	582.2
gold-removed:766818009	gold-removed	none	none	True	False		0.9326	0.9326	0.008616780000000003	0.9242	673.3
hard:408643008	hard	A	A	True	False	True	0.978	0.978	0.0009300200000000009	0.9752	651.0
easy:254219004	easy	G	G	True	True	False	0.9549	0.9549	0.004059020000000003	0.9493	567.6
hard:702397002	hard	G	G	True	True	False	0.9738	0.9738	0.0013370600000000002	0.9705	550.3
retrieval-miss:240820001	retrieval-miss	none	none	True	False	True	0.9948	0.9948	3.570999999999982e-05	0.9942	570.3
gold-removed:720495005	gold-removed	none	none	True	False		0.9975	0.9975	9.089999999999733e-06	0.9972	642.2
none-narrower:145501000119108	none-narrower	none	none	True	False		0.9945	0.9945	4.327999999999944e-05	0.9938	650.6
hard:715530004	hard	E	E	True	False	True	0.9958	0.9958	3.445999999999985e-05	0.9953	802.8
hard:102449007	hard	G	G	True	True	False	0.9372	0.9372	0.007887679999999996	0.9294	594.7
easy:363373004	easy	A	none	False	False	True	0.9895	0.0056	1.96795454	0.9882	538.8
hard:205473008	hard	C	C	True	True	False	0.9978	0.9978	9.24999999999991e-06	0.9975	694.6
easy:312104005	easy	C	none	False	False	True	0.6287	0.2831	0.91424968	0.5823	633.9
easy:63175003	easy	A	none	False	False	True	0.8494	0.1494	1.44500143	0.8306	641.8
hard:363493006	hard	C	none	False	True	True	0.7158	0.2777	1.03410856	0.6803	574.6
retrieval-miss:399955009	retrieval-miss	none	none	True	False	True	0.9955	0.9955	2.6589999999999537e-05	0.9949	793.4
retrieval-miss:27240009	retrieval-miss	none	none	True	False	True	0.9999	0.9999	9.999999999997797e-09	0.9999	629.9
none-narrower:1343511009	none-narrower	none	none	True	False		0.9986	0.9986	2.989999999999879e-06	0.9984	594.4
hard:1489008	hard	E	none	False	False	True	0.9429	0.0523	1.7872178	0.9357	502.2
easy:234576008	easy	C	none	False	True	False	0.9061	0.0936	1.6425782300000003	0.8943	558.9
easy:124267007	easy	C	none	False	False	True	0.996	0.0031	1.98582626	0.9955	775.0
hard:724142005	hard	A	none	False	False	True	0.8197	0.1703	1.3603914499999998	0.7971	807.8
easy:717632002	easy	E	E	True	True	False	0.9284	0.9284	0.010055689999999999	0.9195	967.6
easy:733447005	easy	H	H	True	True	False	0.9764	0.9764	0.0011139199999999978	0.9734	699.2
gold-removed:719172003	gold-removed	none	none	True	False		0.9884	0.9884	0.00018412000000000127	0.987	856.9
none-narrower:705128004	none-narrower	none	none	True	False		0.9959	0.9959	2.394999999999994e-05	0.9954	516.0
gold-removed:126804008	gold-removed	none	none	True	False		0.6876	0.6876	0.19487543000000002	0.6485	552.0
gold-removed:50923006	gold-removed	none	none	True	False		0.9975	0.9975	7.699999999999733e-06	0.9972	620.0
gold-removed:95413004	gold-removed	none	none	True	False		0.9988	0.9988	2.4499999999999494e-06	0.9986	554.6
easy:6729006	easy	A	A	True	True	True	0.9823	0.9823	0.0006126700000000017	0.9801	638.8
easy:763793004	easy	H	H	True	False	True	0.8993	0.8993	0.020240740000000004	0.8868	725.8
easy:715342005	easy	F	F	True	True	False	0.9898	0.9898	0.00020604999999999972	0.9885	708.9
retrieval-miss:403901001	retrieval-miss	none	F	False	False	True	0.9118	0.0876	1.66385318	0.9007	631.3
hard:187151009	hard	D	D	True	True	False	0.9884	0.9884	0.0002668100000000012	0.987	655.5
gold-removed:155441006	gold-removed	none	none	True	False		0.9845	0.9845	0.0003156499999999987	0.9826	617.5
easy:50869007	easy	B	B	True	False	True	0.9554	0.9554	0.003907999999999998	0.9498	634.6
hard:73237007	hard	G	G	True	True	False	0.9911	0.9911	0.00015665000000000034	0.99	530.8
hard:763529005	hard	G	G	True	True	False	0.9859	0.9859	0.00039762	0.9842	791.1
gold-removed:128869009	gold-removed	none	none	True	False		0.9964	0.9964	1.7500000000000344e-05	0.996	580.7
gold-removed:22199006	gold-removed	none	none	True	False		0.9984	0.9984	4.030000000000146e-06	0.9982	618.2
easy:254790003	easy	D	D	True	True	False	0.8605	0.8605	0.03875365999999998	0.843	499.7
hard:126677000	hard	B	B	True	True	False	0.9907	0.9907	0.0001729799999999995	0.9895	578.7
retrieval-miss:56688005	retrieval-miss	none	none	True	False	True	0.9094	0.9094	0.016114460000000004	0.8981	503.4
easy:202882003	easy	C	C	True	True	False	0.9944	0.9944	6.161000000000054e-05	0.9938	618.3
hard:29271008	hard	A	none	False	True	True	0.9741	0.0177	1.91384048	0.9709	629.4
hard:36233006	hard	E	E	True	False	True	0.9479	0.9479	0.005387400000000004	0.9414	664.9
easy:719949001	easy	C	C	True	True	False	0.968	0.968	0.002028980000000002	0.964	742.8
easy:61071003	easy	B	none	False	False	True	0.8261	0.1728	1.3667014799999997	0.8044	782.3
retrieval-miss:218728005	retrieval-miss	none	none	True	False	True	0.9735	0.9735	0.0012820299999999985	0.9702	582.5
retrieval-miss:725028009	retrieval-miss	none	none	True	False	True	0.9909	0.9909	0.00011585999999999994	0.9898	808.7
hard:28314004	hard	D	none	False	True	True	0.7835	0.2163	1.2280579600000001	0.7565	558.8
hard:24269006	hard	C	C	True	True	True	0.67	0.67	0.20814278999999997	0.6287	600.9
easy:722376008	easy	G	G	True	True	True	0.9814	0.9814	0.0006808799999999981	0.9791	679.4
hard:715406003	hard	E	E	True	True	False	0.9859	0.9859	0.00039482000000000005	0.9842	705.8
easy:126680004	easy	D	D	True	True	False	0.7945	0.7945	0.08197145	0.7689	595.8
none-narrower:93846004	none-narrower	none	none	True	False		0.7126	0.7126	0.16270625999999996	0.6767	489.9
gold-removed:763213001	gold-removed	none	none	True	False		0.991	0.991	0.00012055000000000014	0.9899	625.5
gold-removed:71912000	gold-removed	none	none	True	False		0.9838	0.9838	0.00044542999999999975	0.9818	502.2
easy:428281000	easy	G	none	False	True	False	0.5296	0.4666	0.5649982199999999	0.4708	532.6
hard:722391005	hard	B	B	True	True	False	0.997	0.997	1.8000000000000017e-05	0.9966	663.5
easy:231829006	easy	B	none	False	True	True	0.6954	0.2423	1.0608996300000002	0.6573	561.2
none-narrower:232023006	none-narrower	none	none	True	False		0.9983	0.9983	4.280000000000118e-06	0.998	553.8
none-narrower:1382212005	none-narrower	none	none	True	False		0.9948	0.9948	3.9379999999999816e-05	0.9941	660.9
hard:708536001	hard	B	B	True	True	False	0.8922	0.8922	0.01969792	0.8787	647.6
none-narrower:314207007	none-narrower	none	none	True	False		0.9967	0.9967	1.33399999999998e-05	0.9963	529.4
easy:398723007	easy	D	D	True	False	True	0.8706	0.8706	0.03282885999999999	0.8544	606.6
retrieval-miss:236803007	retrieval-miss	none	none	True	False	True	0.9981	0.9981	4.290000000000049e-06	0.9978	450.5
hard:721756002	hard	C	none	False	False	True	0.8533	0.1103	1.52026761	0.835	505.5
none-narrower:418072004	none-narrower	none	none	True	False		0.9974	0.9974	1.2530000000000241e-05	0.997	616.9
retrieval-miss:87065009	retrieval-miss	none	none	True	False	True	1.0	1.0	0.0	0.9999	707.6
gold-removed:33655002	gold-removed	none	none	True	False		0.9924	0.9924	8.619000000000077e-05	0.9915	465.7
easy:254895003	easy	A	A	True	True	False	0.87	0.87	0.03336223000000001	0.8537	719.5
easy:255072001	easy	E	E	True	True	True	0.7156	0.7156	0.15670132999999997	0.6801	650.6
none-narrower:423471004	none-narrower	none	none	True	False		0.9781	0.9781	0.0006646800000000014	0.9753	605.6
hard:25147002	hard	C	C	True	True	False	0.9951	0.9951	4.8020000000000153e-05	0.9945	548.8
retrieval-miss:2109003	retrieval-miss	none	none	True	False	True	0.999	0.999	1.660000000000002e-06	0.9989	646.3
easy:254846003	easy	G	none	False	True	False	0.9186	0.0693	1.7101654	0.9084	624.5
hard:3323003	hard	E	E	True	True	False	0.9933	0.9933	8.978000000000054e-05	0.9925	547.9
hard:41446000	hard	E	E	True	True	False	0.9946	0.9946	5.623999999999957e-05	0.9939	438.8
easy:41572006	easy	B	B	True	False	True	0.9805	0.9805	0.0007527799999999986	0.978	716.2
hard:276645004	hard	F	F	True	True	False	0.6868	0.6868	0.18832738000000004	0.6477	543.8
gold-removed:27215002	gold-removed	none	none	True	False		0.9998	0.9998	7.999999999999119e-08	0.9998	605.7
gold-removed:433068007	gold-removed	none	none	True	False		0.9918	0.9918	9.482999999999975e-05	0.9908	631.4
easy:35031005	easy	E	E	True	True	False	0.9786	0.9786	0.0008634099999999989	0.976	634.1
easy:85375000	easy	E	E	True	True	False	0.9969	0.9969	1.8619999999999947e-05	0.9965	501.0
none-narrower:198448006	none-narrower	none	none	True	False		0.9988	0.9988	1.7499999999999494e-06	0.9986	601.6
retrieval-miss:725910009	retrieval-miss	none	none	True	False	True	0.9953	0.9953	4.236000000000035e-05	0.9947	578.1
hard:719659003	hard	G	G	True	False	True	0.854	0.854	0.04239954	0.8357	764.8
hard:81564005	hard	C	C	True	True	True	0.9345	0.9345	0.00800784	0.9263	506.1
none-narrower:723829000	none-narrower	none	G	False	False		0.9742	0.0256	1.89852102	0.971	577.9
easy:22125009	easy	E	E	True	True	True	0.9243	0.9243	0.011415699999999997	0.9148	643.5
retrieval-miss:440350001	retrieval-miss	none	none	True	False	True	0.9977	0.9977	7.489999999999856e-06	0.9974	730.0
gold-removed:10082001	gold-removed	none	none	True	False		0.9975	0.9975	8.209999999999733e-06	0.9971	673.5
easy:28183005	easy	E	E	True	True	False	0.9965	0.9965	2.3819999999999633e-05	0.996	740.6
hard:53597009	hard	D	D	True	True	False	0.9942	0.9942	6.613000000000032e-05	0.9935	511.1
hard:25010000	hard	H	none	False	False	True	0.9896	0.0033	1.9727419800000001	0.9883	651.4
easy:22949006	easy	C	C	True	False	True	0.9134	0.9134	0.014759900000000001	0.9025	520.6
retrieval-miss:230410004	retrieval-miss	none	A	False	False	True	0.9383	0.0449	1.79273338	0.9306	724.3
gold-removed:239892009	gold-removed	none	none	True	False		0.9653	0.9653	0.0020751599999999965	0.961	598.8
easy:91051003	easy	D	D	True	True	False	0.9948	0.9948	5.4079999999999814e-05	0.9941	528.0
retrieval-miss:124224004	retrieval-miss	none	none	True	False	True	0.9999	0.9999	9.999999999997797e-09	0.9999	615.3
easy:725027004	easy	G	G	True	False	True	0.9369	0.9369	0.007938030000000006	0.929	879.6
easy:25690000	easy	E	E	True	True	False	0.974	0.974	0.0013468100000000012	0.9708	559.7
easy:67895005	easy	G	G	True	True	False	0.9902	0.9902	0.00019208000000000061	0.989	560.4
hard:237751000	hard	G	G	True	True	False	0.983	0.983	0.0005746200000000005	0.9809	663.8
retrieval-miss:54266002	retrieval-miss	none	none	True	False	True	0.9992	0.9992	1.2800000000000367e-06	0.9991	640.6
easy:445436005	easy	C	C	True	True	True	0.9929	0.9929	8.041999999999994e-05	0.992	769.3
hard:438476003	hard	C	C	True	True	True	0.8692	0.8692	0.027452050000000013	0.8528	681.0
easy:191382009	easy	G	G	True	True	True	0.8664	0.8664	0.03501621000000002	0.8498	547.5
hard:255154009	hard	C	C	True	True	True	0.9922	0.9922	0.00011430000000000045	0.9912	608.7
gold-removed:2284002	gold-removed	none	none	True	False		0.9812	0.9812	0.0006105800000000014	0.9789	509.3
easy:363378008	easy	H	H	True	False	True	0.9243	0.9243	0.009749939999999999	0.9148	614.2
hard:126686005	hard	B	B	True	True	False	0.9873	0.9873	0.0003175600000000011	0.9857	590.1
easy:43152001	easy	G	G	True	True	False	0.9819	0.9819	0.0006552200000000002	0.9796	499.9
hard:723411003	hard	B	B	True	True	False	0.9884	0.9884	0.00026912000000000127	0.987	631.3
gold-removed:234584007	gold-removed	none	none	True	False		0.9997	0.9997	1.2999999999998017e-07	0.9997	703.6
hard:725591002	hard	E	E	True	True	False	0.9636	0.9636	0.002642649999999999	0.9591	662.6
retrieval-miss:243321006	retrieval-miss	none	none	True	False	True	0.9965	0.9965	1.7899999999999635e-05	0.996	546.0
hard:5262007	hard	G	G	True	True	True	0.9657	0.9657	0.00196712	0.9614	625.6
gold-removed:77489003	gold-removed	none	none	True	False		0.7882	0.7882	0.08866837	0.7617	450.0
none-narrower:371074009	none-narrower	none	none	True	False		0.9877	0.9877	0.00024139999999999944	0.9861	578.0
gold-removed:74460005	gold-removed	none	none	True	False		0.9878	0.9878	0.0002732599999999997	0.9862	562.1
gold-removed:75544000	gold-removed	none	none	True	False		0.9909	0.9909	0.00013206999999999995	0.9897	438.5
hard:28244003	hard	G	G	True	True	False	0.9787	0.9787	0.0009031299999999994	0.9761	486.0
retrieval-miss:390834004	retrieval-miss	none	none	True	False	True	0.9997	0.9997	1.1999999999998016e-07	0.9997	533.3
easy:128082002	easy	H	H	True	True	True	0.9873	0.9873	0.0002665900000000011	0.9858	705.1
easy:720749004	easy	H	H	True	False	True	0.9881	0.9881	0.00028322000000000053	0.9866	702.0
none-narrower:56871000	none-narrower	none	C	False	False		0.7835	0.2043	1.2470508599999999	0.7565	613.4
retrieval-miss:70534000	retrieval-miss	none	none	True	False	True	0.9829	0.9829	0.00044391000000000016	0.9808	537.2
easy:31659000	easy	H	none	False	False	True	0.604	0.3959	0.7297528200000001	0.5545	584.5
easy:10623005	easy	F	F	True	True	False	0.9555	0.9555	0.003916349999999998	0.95	541.1
hard:78622004	hard	C	none	False	True	True	0.6272	0.3658	0.7956357599999999	0.5806	522.6
gold-removed:32893002	gold-removed	none	none	True	False		0.9025	0.9025	0.018647000000000004	0.8903	580.8
gold-removed:33666009	gold-removed	none	none	True	False		0.9922	0.9922	0.00011861000000000047	0.9912	556.5
none-narrower:772225005	none-narrower	none	D	False	False		0.9897	0.0103	1.95901218	0.9884	772.7
easy:45377007	easy	H	H	True	True	True	0.9788	0.9788	0.0008036399999999999	0.9762	557.3
hard:254067002	hard	E	E	True	True	False	0.991	0.991	0.00016021000000000015	0.9898	608.9
none-narrower:403114001	none-narrower	none	none	True	False		0.9964	0.9964	1.8770000000000344e-05	0.9959	509.8
gold-removed:231826004	gold-removed	none	none	True	False		0.9957	0.9957	2.5109999999999744e-05	0.9951	605.3
easy:715415005	easy	H	H	True	True	False	0.9934	0.9934	8.712000000000066e-05	0.9926	586.0
easy:429233001	easy	E	E	True	True	True	0.7564	0.7564	0.11819654000000002	0.7259	523.9
easy:15350006	easy	G	G	True	True	False	0.683	0.683	0.200978	0.6434	596.1
gold-removed:59282003	gold-removed	none	none	True	False		0.9998	0.9998	5.99999999999912e-08	0.9998	616.8
hard:238091006	hard	A	C	False	True	True	0.7909	0.01	1.64502531	0.7647	691.3
easy:37350004	easy	F	F	True	False	True	0.944	0.944	0.0062608200000000055	0.937	542.4
gold-removed:722207000	gold-removed	none	none	True	False		0.9992	0.9992	7.800000000000366e-07	0.9991	660.2
hard:372140005	hard	E	none	False	True	False	0.8201	0.1328	1.42644491	0.7976	571.5
hard:733518000	hard	C	C	True	True	False	0.9942	0.9942	6.614000000000031e-05	0.9935	940.6
none-narrower:109858008	none-narrower	none	none	True	False		0.9876	0.9876	0.00020356999999999916	0.9861	651.2
hard:360481003	hard	F	none	False	True	True	0.9319	0.057	1.7577418599999999	0.9234	661.3
easy:111565003	easy	F	F	True	True	False	0.9888	0.9888	0.00024864999999999973	0.9874	489.6
retrieval-miss:238020001	retrieval-miss	none	E	False	False	True	0.8977	0.1019	1.6124489300000002	0.8849	582.5
hard:423425006	hard	G	F	False	True	True	0.5042	0.1183	1.1721648400000002	0.4422	569.0
retrieval-miss:67915005	retrieval-miss	none	none	True	False	True	0.9894	0.9894	0.00022053000000000112	0.9881	495.5
easy:763067000	easy	C	C	True	True	True	0.9563	0.9563	0.0032998299999999962	0.9509	743.4
hard:82458004	hard	A	A	True	False	True	0.8621	0.8621	0.03767654000000001	0.8448	622.3
easy:24868007	easy	E	E	True	True	True	0.9897	0.9897	0.0002081099999999995	0.9885	557.5
none-narrower:1186810009	none-narrower	none	none	True	False		0.9862	0.9862	0.00027938000000000095	0.9845	781.6
easy:27621000119100	easy	C	none	False	False	True	0.9757	0.0152	1.92185996	0.9726	554.5
hard:92040001	hard	A	A	True	True	True	0.9781	0.9781	0.0009548500000000013	0.9754	597.5
easy:764944006	easy	C	C	True	True	False	0.9953	0.9953	4.325000000000035e-05	0.9948	744.2
gold-removed:443095000	gold-removed	none	none	True	False		0.9992	0.9992	1.2800000000000367e-06	0.9991	526.6
hard:707341005	hard	E	E	True	False	True	0.9811	0.9811	0.000710650000000001	0.9788	518.6
hard:27059002	hard	H	H	True	False	True	0.9894	0.9894	0.00022472000000000114	0.9881	498.9
none-narrower:773774000	none-narrower	none	C	False	False		0.9934	0.0066	1.97368712	0.9926	827.1
hard:128128003	hard	F	F	True	True	False	0.9825	0.9825	0.0006021299999999986	0.9803	527.3
retrieval-miss:20376005	retrieval-miss	none	none	True	False	True	0.9501	0.9501	0.0033387600000000057	0.9439	580.9
none-narrower:1293071007	none-narrower	none	G	False	False		0.7551	0.23	1.16326958	0.7245	616.6
retrieval-miss:722390006	retrieval-miss	none	none	True	False	True	0.9999	0.9999	9.999999999997797e-09	0.9999	729.5
easy:71325002	easy	E	E	True	True	False	0.9912	0.9912	0.00014331000000000052	0.9902	597.7
gold-removed:448315008	gold-removed	none	none	True	False		0.9897	0.9897	0.0002021999999999995	0.9884	580.4
hard:709075008	hard	B	B	True	True	False	0.9622	0.9622	0.002850139999999996	0.9575	745.0
hard:236644005	hard	A	A	True	True	False	0.8168	0.8168	0.06600725000000002	0.7939	496.9
gold-removed:720983002	gold-removed	none	none	True	False		0.999	0.999	1.390000000000002e-06	0.9989	704.0
easy:109983007	easy	H	H	True	True	False	0.5442	0.5442	0.41477894000000004	0.4872	800.1
hard:92039003	hard	H	H	True	True	True	0.9593	0.9593	0.0032726599999999967	0.9542	639.0
easy:92617001	easy	D	none	False	True	True	0.7039	0.2959	0.9912320599999999	0.6669	574.8
easy:76916001	easy	D	D	True	True	False	0.9974	0.9974	1.3010000000000243e-05	0.9971	517.3
hard:19034001	hard	A	A	True	False	True	0.6086	0.6086	0.30266539	0.5597	529.2
easy:93235007	easy	F	none	False	False	True	0.9943	0.0001	1.98845676	0.9936	591.5
easy:70931000	easy	F	none	False	False	True	0.9048	0.0863	1.65353524	0.8929	521.4
easy:233915000	easy	B	E	False	False	True	0.9955	0.0001	1.9908396200000003	0.9949	640.6
hard:253187005	hard	E	E	True	False	True	0.9934	0.9934	6.552000000000066e-05	0.9926	577.0
hard:270516002	hard	D	D	True	True	True	0.9919	0.9919	0.00011581999999999993	0.9909	609.5
retrieval-miss:105706003	retrieval-miss	none	none	True	False	True	0.991	0.991	0.00015512000000000013	0.9899	542.1
none-narrower:2061000	none-narrower	none	none	True	False		0.995	0.995	3.626000000000004e-05	0.9944	555.6
hard:232442001	hard	H	H	True	False	True	0.6411	0.6411	0.23922148	0.5962	579.4
none-narrower:302958006	none-narrower	none	none	True	False		0.672	0.672	0.19656149999999997	0.631	616.7
none-narrower:686991000119106	none-narrower	none	none	True	False		0.9955	0.9955	2.7049999999999536e-05	0.9949	493.7
none-narrower:12181000119103	none-narrower	none	none	True	False		0.9812	0.9812	0.0006848200000000015	0.9788	499.1
gold-removed:60380001	gold-removed	none	none	True	False		0.9689	0.9689	0.001709140000000001	0.965	557.5
none-narrower:1344682008	none-narrower	none	none	True	False		0.9174	0.9174	0.013305190000000001	0.9071	534.6
retrieval-miss:13445001	retrieval-miss	none	none	True	False	True	0.9999	0.9999	1.9999999999997797e-08	0.9999	663.7
hard:86500004	hard	G	G	True	True	False	0.8874	0.8874	0.025290140000000006	0.8733	628.2
hard:707756004	hard	A	A	True	True	False	0.9972	0.9972	1.5680000000000138e-05	0.9968	625.9
none-narrower:11045000	none-narrower	none	none	True	False		0.9993	0.9993	6.300000000000475e-07	0.9992	536.1
retrieval-miss:67795000	retrieval-miss	none	none	True	False	True	0.9941	0.9941	4.336000000000019e-05	0.9934	564.5
hard:254711000	hard	B	B	True	True	True	0.9911	0.9911	0.00015665000000000034	0.99	641.0
hard:54470008	hard	F	F	True	False	True	0.8661	0.8661	0.03567181000000001	0.8494	860.0
none-narrower:301191003	none-narrower	none	none	True	False		0.9859	0.9859	0.00036613	0.9842	527.3
hard:19138001	hard	G	G	True	True	False	0.9523	0.9523	0.004428709999999997	0.9464	624.7
none-narrower:782754006	none-narrower	none	B	False	False		0.9849	0.015	1.94025301	0.983	645.4
retrieval-miss:37548006	retrieval-miss	none	none	True	False	True	0.9952	0.9952	3.211000000000025e-05	0.9947	618.8
easy:716723000	easy	G	E	False	False	True	0.991	0.0	1.982162	0.9899	707.6
gold-removed:29740003	gold-removed	none	none	True	False		0.983	0.983	0.0003833600000000005	0.9808	519.2
easy:408751001	easy	D	D	True	True	False	0.5566	0.5566	0.39241062000000004	0.5012	733.2
hard:92087008	hard	H	H	True	True	True	0.9616	0.9616	0.002881219999999999	0.9568	589.0
hard:7259005	hard	C	C	True	False	True	0.7398	0.7398	0.1303021	0.7072	699.5
easy:721882001	easy	C	C	True	False	True	0.9909	0.9909	0.00015865999999999992	0.9897	831.1
none-narrower:340461000119106	none-narrower	none	none	True	False		0.9983	0.9983	4.200000000000118e-06	0.9981	497.6
none-narrower:125628003	none-narrower	none	none	True	False		0.9888	0.9888	0.00016389999999999973	0.9874	559.0
hard:237610008	hard	C	C	True	False	True	0.9062	0.9062	0.017245379999999998	0.8945	642.5
none-narrower:43634002	none-narrower	none	none	True	False		0.9903	0.9903	0.0001719400000000008	0.989	511.2
retrieval-miss:279611005	retrieval-miss	none	none	True	False	True	0.9868	0.9868	0.0003035899999999997	0.9852	632.8
hard:118611004	hard	D	D	True	True	False	0.8415	0.8415	0.050181149999999994	0.8217	660.5
gold-removed:397012002	gold-removed	none	none	True	False		0.9458	0.9458	0.004921410000000003	0.939	659.7
none-narrower:203260009	none-narrower	none	none	True	False		0.9989	0.9989	1.899999999999978e-06	0.9987	590.5
hard:237963003	hard	C	C	True	True	False	0.9893	0.9893	0.0002034700000000009	0.988	587.1
hard:4754008	hard	H	H	True	False	True	0.8523	0.8523	0.04313258000000002	0.8338	663.7
easy:49584005	easy	A	A	True	True	True	0.9671	0.9671	0.0021648300000000026	0.963	573.6
hard:732928005	hard	F	F	True	True	False	0.9963	0.9963	2.738000000000027e-05	0.9958	580.8
retrieval-miss:110997000	retrieval-miss	none	none	True	False	True	1.0	1.0	0.0	1.0	572.8
easy:86638007	easy	E	E	True	True	False	0.9875	0.9875	0.0003124999999999989	0.9859	578.1
easy:725463007	easy	B	B	True	True	False	0.9949	0.9949	5.1009999999999933e-05	0.9943	726.6
retrieval-miss:183342005	retrieval-miss	none	none	True	False	True	0.9997	0.9997	1.0999999999998018e-07	0.9997	575.1
none-narrower:424289008	none-narrower	none	none	True	False		1.0	1.0	0.0	1.0	577.5
easy:205468002	easy	H	H	True	True	False	0.9565	0.9565	0.0037844999999999984	0.951	711.7
none-narrower:240716009	none-narrower	none	none	True	False		0.9511	0.9511	0.004385560000000005	0.945	595.1
hard:721617001	hard	E	none	False	False	True	0.9657	0.0041	1.92526391	0.9614	687.4
gold-removed:109477002	gold-removed	none	none	True	False		0.9997	0.9997	1.0999999999998018e-07	0.9996	517.7
gold-removed:715822007	gold-removed	none	none	True	False		0.9917	0.9917	0.00010285999999999957	0.9907	810.0
hard:722457005	hard	C	C	True	True	False	0.9783	0.9783	0.0009374600000000024	0.9755	702.7
hard:237683004	hard	G	G	True	True	False	0.9332	0.9332	0.008871299999999995	0.9248	582.7
hard:713060000	hard	B	B	True	True	False	0.9981	0.9981	6.850000000000048e-06	0.9979	633.6
none-narrower:109972003	none-narrower	none	none	True	False		0.9976	0.9976	7.239999999999798e-06	0.9973	698.5
easy:3978000	easy	F	F	True	True	False	0.8149	0.8149	0.06819229000000002	0.7918	602.4
easy:417607009	easy	E	E	True	True	False	0.9652	0.9652	0.002353930000000003	0.9608	656.6
hard:44274007	hard	F	F	True	True	True	0.9893	0.9893	0.0002227400000000009	0.9879	579.0
hard:724066002	hard	C	C	True	True	False	0.9963	0.9963	2.738000000000027e-05	0.9958	717.9
hard:702437000	hard	D	D	True	True	False	0.9965	0.9965	2.380999999999963e-05	0.9961	569.9
hard:58976002	hard	E	E	True	True	True	0.949	0.949	0.004945570000000005	0.9426	774.0
retrieval-miss:397758007	retrieval-miss	none	H	False	False	True	0.8996	0.1001	1.6191002	0.8871	607.8
easy:726051002	easy	A	A	True	True	False	0.5883	0.5883	0.2961649599999999	0.5369	597.2
gold-removed:50715003	gold-removed	none	none	True	False		0.9889	0.9889	0.00016582999999999998	0.9875	607.3
retrieval-miss:710572000	retrieval-miss	none	none	True	False	True	0.9713	0.9713	0.001189929999999997	0.9677	614.9
easy:92205005	easy	G	G	True	True	True	0.8617	0.8617	0.03476782999999999	0.8444	626.8
hard:363495004	hard	F	F	True	True	True	0.6307	0.6307	0.20938733999999998	0.5846	531.8
hard:363458004	hard	F	F	True	True	True	0.9369	0.9369	0.007705340000000007	0.929	584.3
easy:723552005	easy	F	F	True	False	True	0.9943	0.9943	6.170000000000044e-05	0.9936	825.3
none-narrower:16060551000119103	none-narrower	none	none	True	False		0.997	0.997	1.3900000000000014e-05	0.9967	484.6
none-narrower:443971004	none-narrower	none	none	True	False		0.9706	0.9706	0.001471919999999999	0.9669	518.9
hard:726610000	hard	G	G	True	True	True	0.9736	0.9736	0.0013886499999999989	0.9703	888.5
hard:230450001	hard	A	none	False	False	True	0.8474	0.1446	1.4498567699999998	0.8284	524.2
none-narrower:11780521000119105	none-narrower	none	none	True	False		0.9998	0.9998	5.99999999999912e-08	0.9998	496.6
retrieval-miss:4416007	retrieval-miss	none	none	True	False	True	0.9999	0.9999	9.999999999997797e-09	0.9999	611.1
hard:718053009	hard	C	none	False	False	True	0.5089	0.4872	0.5219510299999999	0.4475	485.9
hard:8634009	hard	D	D	True	True	False	0.6395	0.6395	0.25977635	0.5945	549.1
none-narrower:703163006	none-narrower	none	none	True	False		0.9986	0.9986	2.8599999999998794e-06	0.9984	588.8
hard:719456001	hard	E	E	True	False	True	0.9892	0.9892	0.0002290900000000007	0.9878	766.7
hard:57993004	hard	A	A	True	True	True	0.9765	0.9765	0.0010998199999999983	0.9735	506.8
retrieval-miss:233692000	retrieval-miss	none	none	True	False	True	0.9886	0.9886	0.0002176099999999992	0.9872	625.5
gold-removed:56882008	gold-removed	none	none	True	False		0.9996	0.9996	2.399999999999648e-07	0.9995	629.4
easy:111396008	easy	F	F	True	True	True	0.9346	0.9346	0.008528240000000001	0.9264	620.3
retrieval-miss:399029005	retrieval-miss	none	none	True	False	True	0.9908	0.9908	0.00012579999999999975	0.9897	508.2
hard:237611007	hard	B	B	True	False	True	0.9968	0.9968	2.047999999999988e-05	0.9964	609.1
easy:187736009	easy	F	none	False	True	True	0.5736	0.4114	0.67563857	0.5203	535.9
none-narrower:1186834004	none-narrower	none	none	True	False		0.996	0.996	2.083000000000003e-05	0.9955	610.1
hard:230496009	hard	B	B	True	True	False	0.9098	0.9098	0.015675979999999992	0.8986	642.2
easy:80328002	easy	B	none	False	False	True	0.9205	0.0004	1.8517272	0.9105	647.5
easy:195469007	easy	B	B	True	False	True	0.7512	0.7512	0.12365374000000001	0.72	580.0
gold-removed:700107006	gold-removed	none	none	True	False		0.9737	0.9737	0.0009512999999999994	0.9704	672.0
none-narrower:1264565005	none-narrower	none	D	False	False		0.7667	0.157	1.30428433	0.7375	786.3
gold-removed:92068002	gold-removed	none	none	True	False		0.8821	0.8821	0.026015750000000004	0.8673	580.0
hard:448664009	hard	H	H	True	True	False	0.988	0.988	0.0002880000000000003	0.9865	595.6
hard:240613006	hard	G	G	True	False	True	0.5283	0.5283	0.40989407	0.4694	570.7
none-narrower:50279003	none-narrower	none	H	False	False		0.9839	0.016	1.93631522	0.9819	478.4
hard:127217009	hard	G	G	True	True	False	0.9865	0.9865	0.00036449999999999883	0.9848	597.3
easy:188264002	easy	E	none	False	True	True	0.9494	0.0397	1.8235916600000002	0.9431	529.8
retrieval-miss:79883001	retrieval-miss	none	none	True	False	True	0.9988	0.9988	2.1099999999999493e-06	0.9987	629.6
gold-removed:734173003	gold-removed	none	none	True	False		0.9994	0.9994	5.30000000000054e-07	0.9993	738.5
easy:230571009	easy	G	G	True	False	True	0.9791	0.9791	0.0008736200000000012	0.9765	561.1
hard:425940002	hard	E	E	True	True	False	0.9852	0.9852	0.00042649000000000105	0.9834	485.0
easy:95280005	easy	E	E	True	True	False	0.9937	0.9937	6.793999999999965e-05	0.9929	583.2
easy:722690001	easy	A	A	True	True	True	0.9149	0.9149	0.014450059999999994	0.9043	619.3
gold-removed:399340005	gold-removed	none	none	True	False		0.9989	0.9989	1.7399999999999778e-06	0.9988	529.4
hard:85102008	hard	H	H	True	True	False	0.952	0.952	0.004532230000000003	0.946	608.2
easy:390936003	easy	B	none	False	False	True	0.5941	0.0179	1.4627560099999999	0.5434	873.4
retrieval-miss:105600002	retrieval-miss	none	none	True	False	True	0.9999	0.9999	1.9999999999997797e-08	0.9998	513.4
none-narrower:721267000	none-narrower	none	none	True	False		0.9519	0.9519	0.003168000000000003	0.9458	544.0
easy:86406008	easy	D	none	False	False	True	0.5202	0.4796	0.54142424	0.4602	574.5
retrieval-miss:205550003	retrieval-miss	none	E	False	False	True	0.995	0.0036	1.98283992	0.9943	549.5
easy:192727001	easy	E	E	True	False	True	0.9967	0.9967	2.11299999999998e-05	0.9963	685.2
hard:403970001	hard	G	G	True	True	False	0.7697	0.7697	0.09656607999999997	0.741	586.7
gold-removed:235494005	gold-removed	none	none	True	False		0.9958	0.9958	2.2539999999999845e-05	0.9953	514.6
easy:62009002	easy	G	G	True	True	True	0.8356	0.8356	0.044051339999999994	0.8151	754.4
hard:8691004	hard	H	H	True	True	False	0.9964	0.9964	2.5210000000000343e-05	0.996	580.4
easy:127232002	easy	D	E	False	False	True	0.9366	0.0003	1.8805886600000004	0.9287	516.4
easy:27614006	easy	G	G	True	True	False	0.9629	0.9629	0.002745410000000001	0.9583	457.6
hard:267607008	hard	E	E	True	True	True	0.975	0.975	0.0012255000000000013	0.9719	527.9
easy:232262007	easy	H	D	False	False	True	0.5351	0.1353	1.11512509	0.477	565.1
hard:75238000	hard	E	E	True	False	True	0.8368	0.8368	0.04808869	0.8164	654.7
gold-removed:88905005	gold-removed	none	none	True	False		1.0	1.0	0.0	1.0	728.9
hard:764625002	hard	F	F	True	True	True	0.9768	0.9768	0.0008230399999999999	0.9739	768.3
hard:40149008	hard	G	G	True	True	False	0.9723	0.9723	0.001534579999999997	0.9688	538.5
gold-removed:109978004	gold-removed	none	none	True	False		0.998	0.998	4.990000000000007e-06	0.9978	750.8
gold-removed:53165003	gold-removed	none	none	True	False		0.9874	0.9874	0.0002210999999999986	0.9858	720.6
gold-removed:763274002	gold-removed	none	none	True	False		0.9977	0.9977	6.479999999999857e-06	0.9974	879.9
easy:70090004	easy	F	F	True	True	False	0.9886	0.9886	0.0002599199999999992	0.9871	505.8
gold-removed:716097001	gold-removed	none	none	True	False		0.9981	0.9981	5.4700000000000484e-06	0.9979	583.5
gold-removed:111489007	gold-removed	none	none	True	False		0.9941	0.9941	4.565000000000019e-05	0.9934	536.5
retrieval-miss:43116000	retrieval-miss	none	none	True	False	True	0.9765	0.9765	0.0009204299999999983	0.9736	528.9
retrieval-miss:307406004	retrieval-miss	none	D	False	False	True	0.9831	0.0169	1.93297122	0.981	506.9
hard:92080005	hard	G	G	True	True	False	0.8511	0.8511	0.04334703000000001	0.8325	567.4
hard:25898005	hard	H	H	True	True	True	0.9746	0.9746	0.0012554299999999988	0.9715	524.7
hard:363404008	hard	A	A	True	True	True	0.9034	0.9034	0.018189150000000008	0.8913	545.4
easy:26479009	easy	B	none	False	False	True	0.8441	0.1499	1.4352096300000001	0.8247	516.8
easy:234633000	easy	C	C	True	True	True	0.6379	0.6379	0.25800683999999996	0.5926	867.8
none-narrower:1231185005	none-narrower	none	none	True	False		0.9439	0.9439	0.006129440000000005	0.9369	646.0
easy:720813007	easy	E	E	True	False	True	0.9692	0.9692	0.0018911300000000032	0.9654	712.4
easy:442696006	easy	H	none	False	True	False	0.6982	0.3004	0.9769248500000001	0.6604	587.7
easy:426336007	easy	C	C	True	False	True	0.7834	0.7834	0.09344245000000001	0.7564	590.7
hard:403975006	hard	D	D	True	True	False	0.8866	0.8866	0.025606069999999988	0.8724	587.0
easy:232364006	easy	B	B	True	True	False	0.8509	0.8509	0.04440203000000001	0.8323	570.6
none-narrower:239813000	none-narrower	none	none	True	False		0.9988	0.9988	2.0999999999999494e-06	0.9986	587.4
hard:448794008	hard	B	B	True	True	False	0.9819	0.9819	0.0006516200000000001	0.9796	682.8
none-narrower:254255007	none-narrower	none	none	True	False		0.9979	0.9979	8.81999999999996e-06	0.9976	523.7
easy:724642009	easy	F	F	True	False	True	0.9787	0.9787	0.0008906299999999992	0.976	939.4
none-narrower:278043000	none-narrower	none	none	True	False		0.9578	0.9578	0.002358740000000001	0.9526	575.9
none-narrower:37369009	none-narrower	none	none	True	False		0.9995	0.9995	3.0999999999994494e-07	0.9994	535.5
hard:720635002	hard	E	E	True	False	True	0.9748	0.9748	0.00117551	0.9717	672.1
none-narrower:237155000	none-narrower	none	none	True	False		0.6725	0.6725	0.20171495	0.6316	490.0
easy:715952000	easy	D	F	False	False	True	0.9863	0.0003	1.9723594299999998	0.9846	638.9
retrieval-miss:443416007	retrieval-miss	none	none	True	False	True	0.9301	0.9301	0.009337289999999995	0.9214	582.6
easy:32139003	easy	F	F	True	True	False	0.9939	0.9939	6.985999999999993e-05	0.9931	508.0
easy:204370002	easy	D	none	False	True	True	0.5707	0.4239	0.6576167500000001	0.5171	545.7
gold-removed:312514006	gold-removed	none	none	True	False		0.9978	0.9978	7.839999999999911e-06	0.9975	580.5
retrieval-miss:725034002	retrieval-miss	none	B	False	False	True	0.925	0.0741	1.7129163099999998	0.9156	689.7
gold-removed:192958009	gold-removed	none	none	True	False		0.9989	0.9989	1.4399999999999777e-06	0.9988	511.5
hard:721974000	hard	A	A	True	True	False	0.992	0.992	0.00012800000000000013	0.991	692.2
easy:400948003	easy	A	A	True	True	False	0.9876	0.9876	0.00030751999999999917	0.9861	652.4
easy:31742004	easy	B	B	True	True	False	0.9637	0.9637	0.0025853499999999997	0.9591	746.0
hard:127055007	hard	B	B	True	True	False	0.936	0.936	0.008016719999999993	0.928	635.3
retrieval-miss:32599008	retrieval-miss	none	none	True	False	True	0.9984	0.9984	3.840000000000146e-06	0.9982	675.4
hard:398623004	hard	H	H	True	True	False	0.9832	0.9832	0.0005292500000000013	0.9811	866.6
retrieval-miss:192877007	retrieval-miss	none	H	False	False	True	0.9525	0.0475	1.8145125	0.9466	569.6
gold-removed:118940003	gold-removed	none	none	True	False		0.9786	0.9786	0.0007569199999999989	0.976	545.1
easy:268163008	easy	F	F	True	False	True	0.8029	0.8029	0.07714750000000002	0.7783	518.7
hard:193413001	hard	H	H	True	True	False	0.9295	0.9295	0.009786920000000001	0.9207	671.6
gold-removed:716239006	gold-removed	none	none	True	False		0.9998	0.9998	4.999999999999118e-08	0.9998	633.0
easy:715504003	easy	G	G	True	True	True	0.6803	0.6803	0.20358712	0.6403	747.9
easy:367434002	easy	H	none	False	True	False	0.4864	0.469	0.52052622	0.4222	667.3
none-narrower:1197741006	none-narrower	none	none	True	False		0.9993	0.9993	6.600000000000475e-07	0.9992	563.2
none-narrower:371045000	none-narrower	none	D	False	False		0.9869	0.0127	1.94873293	0.9853	588.9
easy:51744007	easy	H	H	True	True	False	0.972	0.972	0.0013104800000000015	0.9685	622.9
easy:715736008	easy	B	B	True	True	False	0.9952	0.9952	4.608000000000025e-05	0.9946	881.5
hard:51387008	hard	B	B	True	True	False	0.9716	0.9716	0.001427049999999999	0.9681	465.7
easy:48528004	easy	F	F	True	True	False	0.9704	0.9704	0.0017230699999999976	0.9667	797.1
none-narrower:1259102000	none-narrower	none	none	True	False		0.9963	0.9963	1.873000000000027e-05	0.9959	529.6
hard:82236004	hard	G	none	False	False	True	0.9836	0.0045	1.9585305700000002	0.9816	655.0
retrieval-miss:399992009	retrieval-miss	none	none	True	False	True	0.9942	0.9942	5.1110000000000315e-05	0.9934	657.6
retrieval-miss:403886007	retrieval-miss	none	G	False	False	True	0.899	0.0979	1.62199041	0.8863	610.4
easy:10934005	easy	B	B	True	True	False	0.9721	0.9721	0.001551260000000002	0.9686	584.6
none-narrower:446771003	none-narrower	none	D	False	False		0.8411	0.1587	1.41523491	0.8213	507.7
retrieval-miss:758664007	retrieval-miss	none	none	True	False	True	0.9965	0.9965	1.7569999999999634e-05	0.996	645.9
hard:733112007	hard	F	F	True	True	False	0.5075	0.5075	0.48373636000000003	0.4459	798.6
easy:237965005	easy	E	none	False	True	False	0.9939	0.005	1.9778628600000001	0.9931	561.3
hard:70737009	hard	C	none	False	False	True	0.9799	0.0122	1.93598466	0.9773	702.4
easy:718897009	easy	A	A	True	True	False	0.9967	0.9967	2.1779999999999798e-05	0.9963	680.1
easy:11296007	easy	G	G	True	False	True	0.8198	0.8198	0.06454937000000002	0.7973	561.6
none-narrower:44939003	none-narrower	none	none	True	False		0.9981	0.9981	5.4600000000000485e-06	0.9978	591.1
hard:726707004	hard	C	C	True	True	True	0.9973	0.9973	1.4060000000000192e-05	0.9969	785.7
hard:63684002	hard	D	D	True	True	False	0.924	0.924	0.011536809999999993	0.9145	507.9
easy:236811002	easy	E	E	True	True	False	0.9542	0.9542	0.004177019999999996	0.9485	461.1
none-narrower:246762009	none-narrower	none	none	True	False		0.9888	0.9888	0.00019121999999999973	0.9874	520.3
easy:72900001	easy	F	F	True	False	True	0.7023	0.7023	0.17461002999999997	0.6651	552.1
hard:230421008	hard	D	D	True	True	False	0.9935	0.9935	8.449999999999934e-05	0.9926	565.3
hard:92788005	hard	B	B	True	True	False	0.973	0.973	0.0014472800000000013	0.9697	546.5
easy:126799003	easy	A	A	True	True	False	0.9761	0.9761	0.0011142800000000018	0.9731	534.0
easy:33982008	easy	A	A	True	False	True	0.899	0.899	0.019770889999999996	0.8864	592.5
none-narrower:93646002	none-narrower	none	none	True	False		0.998	0.998	6.050000000000007e-06	0.9978	585.9
gold-removed:431034009	gold-removed	none	none	True	False		0.9416	0.9416	0.003995590000000001	0.9342	533.5
easy:721843003	easy	C	C	True	True	False	0.9959	0.9959	3.361999999999994e-05	0.9954	493.9
none-narrower:451981000124108	none-narrower	none	none	True	False		0.9982	0.9982	4.540000000000085e-06	0.9979	549.1
gold-removed:95333004	gold-removed	none	D	False	False		0.9259	0.0741	1.7145816199999997	0.9166	523.6
none-narrower:1259079006	none-narrower	none	none	True	False		0.9954	0.9954	3.8220000000000444e-05	0.9948	509.1
none-narrower:236631000	none-narrower	none	none	True	False		0.998	0.998	5.820000000000007e-06	0.9978	501.1
hard:89242004	hard	G	G	True	True	True	0.9953	0.9953	4.418000000000035e-05	0.9947	392.1
easy:432261003	easy	F	F	True	True	False	0.9916	0.9916	0.00014111999999999935	0.9905	556.2
retrieval-miss:2689001	retrieval-miss	none	none	True	False	True	0.9971	0.9971	1.0770000000000078e-05	0.9968	726.2
retrieval-miss:717736007	retrieval-miss	none	none	True	False	True	0.991	0.991	0.00010760000000000014	0.9898	623.8
hard:716859000	hard	D	D	True	False	True	0.6982	0.6982	0.17393241999999998	0.6605	676.5
hard:763376002	hard	G	G	True	True	False	0.9889	0.9889	0.00019843999999999998	0.9875	733.0
hard:83799000	hard	F	F	True	False	True	0.8599	0.8599	0.03875623	0.8424	711.1
easy:18927009	easy	D	none	False	True	True	0.9888	0.0004	1.9769933600000003	0.9874	676.1
retrieval-miss:67256000	retrieval-miss	none	none	True	False	True	0.9953	0.9953	2.9140000000000355e-05	0.9947	582.5
easy:715192004	easy	B	B	True	True	False	0.9901	0.9901	0.0001940600000000004	0.9889	577.0
none-narrower:1335794000	none-narrower	none	none	True	False		0.9883	0.9883	0.00022641000000000103	0.9868	604.0
none-narrower:336911000119104	none-narrower	none	none	True	False		0.9989	0.9989	1.7199999999999778e-06	0.9987	558.2
gold-removed:116020001	gold-removed	none	none	True	False		0.9109	0.9109	0.010554059999999992	0.8997	518.5
easy:1654001	easy	F	F	True	False	True	0.9133	0.9133	0.01501645	0.9024	548.4
hard:367489004	hard	E	E	True	True	False	0.8134	0.8134	0.06871427	0.79	618.8
none-narrower:334491000119108	none-narrower	none	none	True	False		0.6056	0.6056	0.30882946999999994	0.5563	506.7
gold-removed:766874001	gold-removed	none	none	True	False		0.9948	0.9948	4.044999999999982e-05	0.9941	667.0
retrieval-miss:253042009	retrieval-miss	none	none	True	False	True	0.9986	0.9986	2.7699999999998795e-06	0.9984	669.5
easy:725908007	easy	E	E	True	True	False	0.9975	0.9975	1.2499999999999735e-05	0.9972	672.2
hard:19092004	hard	B	B	True	True	False	0.9963	0.9963	2.738000000000027e-05	0.9959	615.6
easy:44553005	easy	E	E	True	True	False	0.9942	0.9942	6.728000000000032e-05	0.9935	654.7
none-narrower:285191000119103	none-narrower	none	none	True	False		0.8554	0.8554	0.028417889999999987	0.8374	574.1
none-narrower:430969000	none-narrower	none	none	True	False		0.9573	0.9573	0.003394629999999997	0.952	516.4
easy:187752007	easy	A	A	True	False	True	0.7882	0.7882	0.08756881	0.7617	515.7
hard:92428008	hard	G	G	True	True	False	0.9657	0.9657	0.0023189999999999994	0.9614	568.5
gold-removed:34417008	gold-removed	none	none	True	False		0.9817	0.9817	0.0006484699999999993	0.9794	602.6
gold-removed:21061004	gold-removed	none	none	True	False		0.9999	0.9999	1.9999999999997797e-08	0.9999	544.0
hard:402356004	hard	H	H	True	False	True	0.9966	0.9966	2.3119999999999718e-05	0.9961	541.2
none-narrower:416658003	none-narrower	none	none	True	False		0.9988	0.9988	2.2899999999999493e-06	0.9987	490.3
none-narrower:11810261000119103	none-narrower	none	none	True	False		0.9954	0.9954	3.393000000000044e-05	0.9948	490.0
hard:763403007	hard	F	F	True	True	False	0.9967	0.9967	2.11299999999998e-05	0.9963	655.1
gold-removed:28826002	gold-removed	none	none	True	False		0.9985	0.9985	4.4999999999998375e-06	0.9983	608.4
retrieval-miss:55852007	retrieval-miss	none	none	True	False	True	0.9989	0.9989	1.5799999999999779e-06	0.9988	600.9
hard:254851009	hard	H	H	True	True	False	0.9862	0.9862	0.00028370000000000093	0.9845	674.7
gold-removed:276876007	gold-removed	none	none	True	False		0.9501	0.9501	0.0031103700000000055	0.9439	552.4
none-narrower:2851000119101	none-narrower	none	none	True	False		0.9751	0.9751	0.0007526600000000017	0.972	572.7
hard:62151007	hard	A	A	True	True	True	0.6421	0.6421	0.25124798	0.5974	601.2
none-narrower:187857006	none-narrower	none	none	True	False		0.8984	0.8984	0.019426300000000004	0.8857	550.8
easy:30369007	easy	A	A	True	True	False	0.9108	0.9108	0.01591327999999999	0.8996	564.7
retrieval-miss:361115000	retrieval-miss	none	B	False	False	True	0.9507	0.0493	1.8076609799999999	0.9445	516.9
retrieval-miss:418279001	retrieval-miss	none	none	True	False	True	0.9998	0.9998	7.999999999999119e-08	0.9997	614.4
gold-removed:262461007	gold-removed	none	none	True	False		0.9934	0.9934	7.522000000000065e-05	0.9925	557.3
gold-removed:363466008	gold-removed	none	none	True	False		0.9522	0.9522	0.004278239999999996	0.9462	575.8
retrieval-miss:95208000	retrieval-miss	none	none	True	False	True	0.9641	0.9641	0.0025072700000000033	0.9596	539.2
hard:284449005	hard	A	A	True	True	True	0.8783	0.8783	0.022537240000000007	0.8631	636.0
easy:253149002	easy	B	none	False	True	True	0.7923	0.1972	1.27225321	0.7663	626.8
retrieval-miss:52542005	retrieval-miss	none	none	True	False	True	1.0	1.0	0.0	1.0	517.0
retrieval-miss:69550000	retrieval-miss	none	none	True	False	True	0.9936	0.9936	7.704999999999951e-05	0.9928	561.6
retrieval-miss:83652003	retrieval-miss	none	none	True	False	True	0.9312	0.9312	0.007988699999999996	0.9226	588.2
gold-removed:128862000	gold-removed	none	none	True	False		0.9905	0.9905	0.0001748999999999991	0.9894	577.2
retrieval-miss:67988000	retrieval-miss	none	none	True	False	True	0.9984	0.9984	3.7300000000001464e-06	0.9982	547.8
none-narrower:45062007	none-narrower	none	none	True	False		0.9715	0.9715	0.0015528099999999982	0.968	462.2
none-narrower:339331000119102	none-narrower	none	B	False	False		0.9057	0.094	1.64112853	0.8939	427.9
retrieval-miss:17653001	retrieval-miss	none	none	True	False	True	0.9996	0.9996	2.4999999999996473e-07	0.9996	555.1
easy:111524003	easy	A	A	True	False	True	0.788	0.788	0.08830492999999998	0.7616	432.9
retrieval-miss:44250009	retrieval-miss	none	none	True	False	True	0.9998	0.9998	5.99999999999912e-08	0.9998	531.1
easy:722476007	easy	D	D	True	False	True	0.9941	0.9941	6.962000000000019e-05	0.9934	602.3
hard:363422006	hard	H	H	True	True	True	0.9144	0.9144	0.014620540000000001	0.9037	515.8
hard:83886009	hard	D	D	True	True	False	0.9959	0.9959	3.362999999999995e-05	0.9954	580.7
gold-removed:763767006	gold-removed	none	none	True	False		0.9999	0.9999	9.999999999997797e-09	0.9999	677.9
retrieval-miss:95670000	retrieval-miss	none	none	True	False	True	0.9759	0.9759	0.0010079500000000005	0.9728	487.2
gold-removed:719136005	gold-removed	none	none	True	False		0.9901	0.9901	0.0001427500000000004	0.9889	673.0
easy:45639009	easy	H	none	False	False	True	0.9974	0.0004	1.99400835	0.9971	575.6
hard:7699004	hard	C	C	True	True	False	0.9937	0.9937	7.812999999999965e-05	0.993	479.9
easy:716091000	easy	D	D	True	True	False	0.978	0.978	0.0009636100000000008	0.9753	620.3
easy:237960000	easy	A	A	True	False	True	0.9855	0.9855	0.00041192999999999883	0.9837	698.7
retrieval-miss:234638009	retrieval-miss	none	none	True	False	True	0.986	0.986	0.00025045000000000037	0.9843	627.7
none-narrower:236382007	none-narrower	none	none	True	False		0.9985	0.9985	2.9999999999998374e-06	0.9983	562.9
hard:703199001	hard	G	G	True	False	True	0.9687	0.9687	0.0019531399999999995	0.9648	492.0
gold-removed:52845002	gold-removed	none	none	True	False		0.9946	0.9946	3.610999999999957e-05	0.994	507.0
easy:78200003	easy	E	E	True	True	False	0.9634	0.9634	0.0026645399999999974	0.9588	542.8
none-narrower:85461008	none-narrower	none	none	True	False		0.9996	0.9996	3.1999999999996475e-07	0.9995	527.1
easy:76520005	easy	H	E	False	False	True	0.9911	0.0001	1.9821549100000002	0.99	613.8
retrieval-miss:64233004	retrieval-miss	none	none	True	False	True	0.5234	0.5234	0.45429512000000005	0.4638	532.3
easy:68092007	easy	D	D	True	False	True	0.9497	0.9497	0.004990510000000001	0.9435	549.1
none-narrower:410484008	none-narrower	none	none	True	False		0.9988	0.9988	2.4599999999999493e-06	0.9986	473.6
none-narrower:198241002	none-narrower	none	none	True	False		0.9898	0.9898	0.00015737999999999972	0.9885	513.5
easy:12381000132107	easy	A	none	False	False	True	0.9978	0.0001	1.99540813	0.9976	555.3
hard:709018004	hard	A	none	False	False	True	0.9219	0.0106	1.8333010600000001	0.9121	576.5
gold-removed:68116008	gold-removed	none	none	True	False		0.9999	0.9999	2.9999999999997794e-08	0.9998	492.1
easy:254986007	easy	G	none	False	True	True	0.926	0.021	1.81806437	0.9167	622.5
hard:83942000	hard	B	B	True	True	False	0.995	0.995	4.901000000000005e-05	0.9944	683.8
gold-removed:719251009	gold-removed	none	none	True	False		0.9917	0.9917	8.251999999999957e-05	0.9907	746.7
none-narrower:94654006	none-narrower	none	none	True	False		0.9958	0.9958	2.5529999999999845e-05	0.9953	598.3
easy:763716008	easy	F	F	True	True	True	0.9974	0.9974	1.2530000000000241e-05	0.9971	564.8
hard:734031008	hard	A	A	True	True	False	0.9924	0.9924	0.00011552000000000078	0.9914	666.0
hard:17585008	hard	E	E	True	True	False	0.9911	0.9911	0.00015842000000000032	0.99	476.2
none-narrower:707607008	none-narrower	none	none	True	False		0.9944	0.9944	3.9470000000000556e-05	0.9937	613.5
gold-removed:700467001	gold-removed	none	none	True	False		0.9999	0.9999	1.9999999999997797e-08	0.9999	560.6
none-narrower:713299003	none-narrower	none	none	True	False		0.9988	0.9988	2.4499999999999494e-06	0.9987	527.5
hard:25897000	hard	H	H	True	True	False	0.9403	0.9403	0.0071162599999999975	0.9329	543.9
retrieval-miss:16459000	retrieval-miss	none	none	True	False	True	0.9997	0.9997	1.2999999999998017e-07	0.9997	525.7
easy:702447002	easy	G	G	True	True	False	0.871	0.871	0.03325622	0.8549	614.9
none-narrower:27358001	none-narrower	none	none	True	False		0.9952	0.9952	3.715000000000025e-05	0.9946	554.4
hard:267592003	hard	D	none	False	False	True	0.6036	0.3924	0.73352313	0.5541	524.9
hard:768927001	hard	F	F	True	True	False	0.9792	0.9792	0.0008570100000000018	0.9766	681.4
none-narrower:1269531007	none-narrower	none	none	True	False		0.9976	0.9976	9.089999999999798e-06	0.9974	510.8
hard:443719001	hard	G	G	True	True	True	0.9317	0.9317	0.009221360000000005	0.9232	573.2
none-narrower:66893008	none-narrower	none	none	True	False		0.5011	0.5011	0.49650759	0.4387	593.9
easy:23849003	easy	G	G	True	True	False	0.9054	0.9054	0.0151832	0.8935	500.7
hard:233913007	hard	G	G	True	True	True	0.99	0.99	0.00019605000000000018	0.9887	511.2
hard:238080004	hard	A	A	True	True	False	0.9254	0.9254	0.00867275	0.9161	624.5
none-narrower:43658003	none-narrower	none	none	True	False		0.6332	0.6332	0.25793859	0.5873	469.8
retrieval-miss:277921008	retrieval-miss	none	F	False	False	True	0.9794	0.0206	1.9184487200000002	0.9768	544.2
hard:363444001	hard	G	none	False	True	True	0.5419	0.4472	0.5992780600000001	0.4847	589.7
none-narrower:128211000119102	none-narrower	none	none	True	False		0.994	0.994	4.994000000000006e-05	0.9932	647.0
easy:56692003	easy	H	H	True	True	False	0.9445	0.9445	0.00595523	0.9376	834.2
none-narrower:246943004	none-narrower	none	none	True	False		0.9926	0.9926	7.794999999999944e-05	0.9917	456.9
easy:722375007	easy	H	H	True	True	False	0.9905	0.9905	0.0001804999999999991	0.9894	586.1
easy:699251001	easy	C	C	True	True	True	0.9509	0.9509	0.004811810000000003	0.9448	556.0
easy:92415001	easy	D	D	True	False	True	0.9531	0.9531	0.004361910000000005	0.9473	601.5
retrieval-miss:726543008	retrieval-miss	none	none	True	False	True	1.0	1.0	0.0	1.0	477.5
easy:14070001000004105	easy	D	D	True	True	False	0.9719	0.9719	0.001568060000000001	0.9683	592.4
easy:404160007	easy	B	B	True	False	True	0.9267	0.9267	0.010701980000000003	0.9175	671.2
hard:200999007	hard	H	H	True	True	False	0.9933	0.9933	8.978000000000054e-05	0.9925	564.3
none-narrower:81531005	none-narrower	none	none	True	False		0.9636	0.9636	0.0021622399999999993	0.959	542.6
easy:1155842003	easy	H	H	True	True	False	0.9508	0.9508	0.004841280000000002	0.9447	490.1
hard:253781004	hard	D	E	False	False	True	0.5955	0.3466	0.78389667	0.545	619.2
gold-removed:193570009	gold-removed	none	none	True	False		0.9908	0.9908	0.00010311999999999974	0.9897	585.3
none-narrower:126682007	none-narrower	none	none	True	False		0.9776	0.9776	0.0006763999999999989	0.9748	599.6
easy:707530009	easy	G	G	True	True	False	0.9919	0.9919	0.00012961999999999994	0.9909	557.9
hard:70405009	hard	G	G	True	True	False	0.9776	0.9776	0.0010035199999999988	0.9748	540.0
gold-removed:32595002	gold-removed	none	none	True	False		0.9933	0.9933	6.775000000000054e-05	0.9925	553.5
retrieval-miss:239873007	retrieval-miss	none	F	False	False	True	0.9795	0.0203	1.91923238	0.9769	517.2
retrieval-miss:721887007	retrieval-miss	none	none	True	False	True	0.9977	0.9977	8.339999999999856e-06	0.9975	614.8
hard:255055008	hard	H	H	True	True	False	0.9775	0.9775	0.0009220099999999984	0.9747	591.7
hard:194785008	hard	E	E	True	True	True	0.9876	0.9876	0.00030260999999999916	0.9861	419.4
gold-removed:40291001	gold-removed	none	none	True	False		0.9989	0.9989	1.6399999999999777e-06	0.9988	660.0
gold-removed:232064001	gold-removed	none	none	True	False		0.9061	0.9061	0.015491209999999995	0.8944	603.6
hard:93559003	hard	F	F	True	True	True	0.8747	0.8747	0.03132512	0.8591	668.7
gold-removed:63480004	gold-removed	none	none	True	False		0.9979	0.9979	8.409999999999962e-06	0.9977	514.9
retrieval-miss:715414009	retrieval-miss	none	none	True	False	True	0.964	0.964	0.002274120000000002	0.9595	623.9
retrieval-miss:64969001	retrieval-miss	none	none	True	False	True	0.9881	0.9881	0.0002695600000000005	0.9866	522.3
easy:237059008	easy	C	C	True	True	False	0.6086	0.6086	0.29414319	0.5596	680.5
none-narrower:410063006	none-narrower	none	none	True	False		0.9481	0.9481	0.004376099999999994	0.9416	479.3
hard:56453003	hard	C	C	True	False	True	0.9291	0.9291	0.009530249999999995	0.9203	702.4
easy:44018007	easy	C	none	False	False	True	0.9872	0.0114	1.9518945300000001	0.9857	506.8
retrieval-miss:52674009	retrieval-miss	none	none	True	False	True	0.9887	0.9887	0.00015639999999999946	0.9873	501.1
none-narrower:722922001	none-narrower	none	none	True	False		1.0	1.0	0.0	0.9999	522.2
none-narrower:1259038005	none-narrower	none	E	False	False		0.9918	0.0082	1.96733448	0.9907	632.9
hard:403889000	hard	E	E	True	True	False	0.9778	0.9778	0.00098125	0.975	585.3
easy:703524005	easy	E	E	True	True	True	0.9094	0.9094	0.016380530000000004	0.898	598.0
easy:447351004	easy	F	F	True	False	True	0.7793	0.7793	0.07015477	0.7518	674.4
retrieval-miss:719663005	retrieval-miss	none	none	True	False	True	0.5703	0.5703	0.35275802	0.5166	658.4
easy:192965001	easy	F	none	False	False	True	0.5496	0.4483	0.6064343999999999	0.4933	584.0
none-narrower:300312006	none-narrower	none	none	True	False		0.9762	0.9762	0.000820980000000002	0.9732	506.8
none-narrower:724608000	none-narrower	none	none	True	False		0.9839	0.9839	0.0003983500000000001	0.9819	496.0
gold-removed:91038008	gold-removed	none	none	True	False		0.8161	0.8161	0.06590516999999999	0.7931	437.5
easy:716077006	easy	D	D	True	True	False	0.8195	0.8195	0.06462185000000001	0.797	587.8
hard:77478005	hard	E	E	True	False	True	0.9822	0.9822	0.0006301300000000013	0.9799	507.8
easy:28790007	easy	D	D	True	False	True	0.7395	0.7395	0.13478798999999997	0.7069	455.0
gold-removed:234478007	gold-removed	none	none	True	False		0.9667	0.9667	0.0016308099999999997	0.9626	712.5
hard:429033009	hard	G	none	False	True	True	0.8469	0.1386	1.4594143899999998	0.8277	554.7
easy:195136004	easy	E	none	False	False	True	0.8746	0.1121	1.5533542000000002	0.8589	489.4
easy:95435007	easy	A	none	False	False	True	0.903	0.0026	1.81908941	0.8908	621.9
hard:17111003	hard	H	H	True	True	False	0.9939	0.9939	7.441999999999993e-05	0.9931	614.9
hard:55912009	hard	F	F	True	True	True	0.9766	0.9766	0.001095119999999999	0.9737	627.5
hard:720634003	hard	B	B	True	True	False	0.9921	0.9921	0.0001248200000000003	0.9911	709.6
easy:126790004	easy	F	F	True	True	False	0.9876	0.9876	0.0002931699999999992	0.9861	579.3
easy:25766007	easy	H	H	True	True	False	0.9831	0.9831	0.0005645400000000009	0.9809	445.5
easy:66758006	easy	B	B	True	True	True	0.9946	0.9946	5.831999999999958e-05	0.994	644.7
none-narrower:123977005	none-narrower	none	none	True	False		0.9996	0.9996	2.4999999999996473e-07	0.9995	534.1
easy:717003001	easy	H	none	False	True	True	0.4547	0.4418	0.5267486800000001	0.3865	561.0
none-narrower:870285004	none-narrower	none	none	True	False		0.9675	0.9675	0.0013734299999999982	0.9635	611.2
hard:725167001	hard	B	none	False	False	True	0.9136	0.0074	1.8254093400000002	0.9027	624.7
hard:297278001	hard	E	none	False	True	True	0.9419	0.0309	1.8269495499999997	0.9346	624.9
easy:2251002	easy	G	G	True	True	True	0.9823	0.9823	0.0006160700000000017	0.9801	457.0
gold-removed:190808009	gold-removed	none	none	True	False		0.9993	0.9993	7.800000000000475e-07	0.9992	575.9
easy:372105009	easy	E	E	True	True	False	0.9622	0.9622	0.0026437399999999956	0.9575	562.1
hard:197585004	hard	B	B	True	False	True	0.5291	0.5291	0.4425534	0.4702	500.7
easy:126859007	easy	H	H	True	True	False	0.9643	0.9643	0.0025276799999999966	0.9599	602.5
easy:723362004	easy	C	C	True	True	False	0.9376	0.9376	0.007543070000000001	0.9298	533.5
easy:230422001	easy	B	B	True	True	True	0.6077	0.6077	0.30398685999999997	0.5586	592.0
hard:403824007	hard	F	F	True	True	False	0.9864	0.9864	0.0003672099999999985	0.9847	619.9
none-narrower:61301000119102	none-narrower	none	none	True	False		0.9949	0.9949	3.349999999999993e-05	0.9942	553.4
easy:189197001	easy	G	G	True	True	False	0.9802	0.9802	0.0007801300000000015	0.9778	525.5
easy:49455004	easy	E	none	False	False	True	0.7479	0.252	1.11885842	0.7164	493.7
hard:34566007	hard	D	D	True	True	True	0.7259	0.7259	0.13837750999999998	0.6916	657.5
hard:13394002	hard	H	H	True	True	False	0.9629	0.9629	0.0027528200000000013	0.9582	568.7
retrieval-miss:414173003	retrieval-miss	none	none	True	False	True	0.9959	0.9959	2.076999999999994e-05	0.9954	655.8
gold-removed:90505000	gold-removed	none	none	True	False		0.7933	0.7933	0.07986103	0.7674	696.3
retrieval-miss:22542007	retrieval-miss	none	none	True	False	True	0.9991	0.9991	1.2000000000000215e-06	0.999	644.9
easy:363353009	easy	D	none	False	True	True	0.7101	0.2787	1.02457515	0.6738	589.2
easy:441456002	easy	G	G	True	True	False	0.8947	0.8947	0.02070900999999999	0.8815	474.3
easy:18241005	easy	B	B	True	True	False	0.9907	0.9907	0.00017113999999999953	0.9895	468.5
easy:233621003	easy	G	G	True	True	False	0.9769	0.9769	0.0010626200000000004	0.974	527.0
easy:240063002	easy	A	none	False	True	False	0.5971	0.3947	0.72296008	0.5468	702.1
easy:92413008	easy	F	F	True	True	True	0.9883	0.9883	0.000271450000000001	0.9869	571.7
easy:764694005	easy	B	B	True	True	False	0.9968	0.9968	1.9849999999999876e-05	0.9964	673.4
gold-removed:15170009	gold-removed	none	none	True	False		0.9984	0.9984	4.540000000000146e-06	0.9982	515.7
easy:83911000119104	easy	E	none	False	False	True	0.9759	0.0156	1.9214930700000001	0.9729	408.4
none-narrower:866045007	none-narrower	none	none	True	False		0.9838	0.9838	0.0003305599999999997	0.9817	507.0
hard:417093003	hard	E	none	False	True	True	0.6694	0.3301	0.8968624299999999	0.6281	570.6
none-narrower:431855005	none-narrower	none	none	True	False		0.9955	0.9955	2.7279999999999536e-05	0.9949	484.4
easy:235073000	easy	G	none	False	False	True	0.9404	0.0335	1.8188351900000002	0.933	636.3
hard:716663009	hard	B	B	True	True	False	0.994	0.994	7.200000000000007e-05	0.9933	614.8
easy:719378009	easy	E	E	True	True	False	0.9828	0.9828	0.0005916799999999998	0.9807	751.8
none-narrower:92571001	none-narrower	none	none	True	False		0.9972	0.9972	1.4620000000000138e-05	0.9968	550.1
retrieval-miss:67854007	retrieval-miss	none	none	True	False	True	0.9975	0.9975	7.799999999999734e-06	0.9972	643.5
hard:87730004	hard	F	F	True	True	False	0.9972	0.9972	1.5680000000000138e-05	0.9969	560.3
easy:716249009	easy	E	E	True	True	True	0.9109	0.9109	0.014650669999999992	0.8998	603.8
hard:267532001	hard	H	H	True	False	True	0.9556	0.9556	0.0038640199999999997	0.9501	456.3
hard:254069004	hard	C	C	True	True	False	0.926	0.926	0.010834499999999993	0.9167	573.1
none-narrower:56090007	none-narrower	none	E	False	False		0.9879	0.0121	1.95189282	0.9864	774.8
hard:410041002	hard	G	G	True	True	False	0.993	0.993	9.800000000000009e-05	0.9921	579.6
easy:40956001	easy	C	C	True	True	False	0.9733	0.9733	0.001420459999999997	0.9699	689.9
retrieval-miss:711265009	retrieval-miss	none	none	True	False	True	0.9939	0.9939	4.6219999999999934e-05	0.9931	633.6
none-narrower:53284008	none-narrower	none	none	True	False		0.9697	0.9697	0.0013878599999999997	0.9659	582.6
easy:715374003	easy	G	G	True	True	True	0.9845	0.9845	0.0004713399999999987	0.9825	649.2
retrieval-miss:59252009	retrieval-miss	none	C	False	False	True	0.988	0.012	1.9522880100000002	0.9865	683.8
retrieval-miss:197352008	retrieval-miss	none	none	True	False	True	0.9987	0.9987	2.1999999999999163e-06	0.9985	499.6
none-narrower:68361004	none-narrower	none	none	True	False		0.9983	0.9983	3.6900000000001184e-06	0.9981	644.4
gold-removed:726349006	gold-removed	none	none	True	False		0.8171	0.8171	0.06585642999999998	0.7942	556.1
easy:711163009	easy	B	B	True	True	False	0.9874	0.9874	0.0003175199999999986	0.9859	663.5
none-narrower:425756000	none-narrower	none	none	True	False		0.9959	0.9959	2.123999999999994e-05	0.9954	547.2
easy:398036000	easy	G	H	False	False	True	0.9786	0.0006	1.9568588299999998	0.9759	654.2
easy:69134001	easy	G	G	True	True	False	0.9592	0.9592	0.003329279999999996	0.9541	485.9
none-narrower:85209005	none-narrower	none	none	True	False		0.9909	0.9909	0.00015359999999999994	0.9897	526.2
gold-removed:67873006	gold-removed	none	none	True	False		0.9997	0.9997	1.2999999999998017e-07	0.9997	664.6
hard:7393007	hard	B	B	True	False	True	0.9667	0.9667	0.0021590499999999996	0.9626	482.0
none-narrower:1254886004	none-narrower	none	G	False	False		0.6004	0.3962	0.7250648500000001	0.5504	471.2
hard:61738006	hard	D	D	True	True	False	0.9426	0.9426	0.006487660000000001	0.9354	586.1
easy:236740006	easy	C	C	True	False	True	0.8852	0.8852	0.026312210000000003	0.8709	557.6
hard:403426003	hard	H	H	True	True	False	0.9583	0.9583	0.0034777799999999967	0.953	488.8
none-narrower:720979002	none-narrower	none	D	False	False		0.9778	0.0168	1.92278723	0.9751	629.1
hard:186437007	hard	G	G	True	False	True	0.9835	0.9835	0.0005379499999999986	0.9815	480.7
hard:134031000119108	hard	B	B	True	True	True	0.9755	0.9755	0.0011956099999999984	0.9725	612.0
easy:95643007	easy	G	G	True	True	False	0.9918	0.9918	0.00013285999999999973	0.9908	626.3
gold-removed:717183001	gold-removed	none	none	True	False		0.7724	0.7724	0.10009714	0.744	692.3
easy:72991005	easy	B	B	True	True	True	0.572	0.572	0.36186772	0.5185	506.4
retrieval-miss:71444005	retrieval-miss	none	none	True	False	True	0.9962	0.9962	2.6730000000000193e-05	0.9957	586.4
easy:400178008	easy	G	G	True	True	False	0.9566	0.9566	0.003656989999999999	0.9512	557.0
none-narrower:688271000119100	none-narrower	none	none	True	False		0.9905	0.9905	0.0001786199999999991	0.9893	672.0
hard:698251009	hard	C	C	True	True	True	0.9536	0.9536	0.00429666	0.9478	591.2
retrieval-miss:445507008	retrieval-miss	none	none	True	False	True	0.9794	0.9794	0.000824529999999998	0.9768	527.1
hard:363478007	hard	H	H	True	True	True	0.4469	0.4469	0.4715242599999999	0.3778	593.1
hard:297232009	hard	G	G	True	True	False	0.9871	0.9871	0.0003277100000000006	0.9855	736.6
none-narrower:1177049006	none-narrower	none	none	True	False		0.9853	0.9853	0.0003137000000000014	0.9835	565.3
easy:50967008	easy	A	A	True	True	False	0.9697	0.9697	0.0018061899999999996	0.9659	542.6
hard:302162004	hard	E	E	True	True	False	0.9953	0.9953	4.4190000000000354e-05	0.9947	470.6
easy:45339001	easy	A	A	True	True	False	0.9424	0.9424	0.006555629999999998	0.9352	550.8
easy:419097006	easy	A	A	True	True	False	0.9908	0.9908	0.00016744999999999976	0.9897	567.7
none-narrower:64634000	none-narrower	none	none	True	False		0.995	0.995	3.211000000000004e-05	0.9944	489.7
easy:92175003	easy	G	none	False	True	False	0.6127	0.3767	0.76398247	0.5643	631.4
none-narrower:21420006	none-narrower	none	none	True	False		0.9683	0.9683	0.0014960599999999968	0.9643	563.5
retrieval-miss:36803009	retrieval-miss	none	F	False	False	True	0.9956	0.0043	1.9826378500000001	0.9951	648.2
hard:2576002	hard	G	G	True	False	True	0.898	0.898	0.017931619999999995	0.8852	583.8
easy:458432002	easy	E	E	True	True	False	0.9721	0.9721	0.001534710000000002	0.9686	593.0
none-narrower:609464004	none-narrower	none	none	True	False		0.9989	0.9989	1.5899999999999778e-06	0.9987	510.3
easy:1059007	easy	E	E	True	True	False	0.9725	0.9725	0.0015124999999999982	0.969	653.7
retrieval-miss:717182006	retrieval-miss	none	none	True	False	True	0.9973	0.9973	9.020000000000193e-06	0.997	793.9
easy:26037005	easy	D	none	False	False	True	0.9619	0.0373	1.8520434	0.9571	463.0
hard:47125007	hard	E	E	True	True	False	0.9939	0.9939	7.441999999999993e-05	0.9931	557.9
none-narrower:449782007	none-narrower	none	none	True	False		0.9997	0.9997	1.2999999999998017e-07	0.9997	580.1
easy:719838008	easy	B	B	True	False	True	0.6247	0.6247	0.27923728	0.5778	676.7
hard:128870005	hard	E	none	False	False	True	0.6241	0.3734	0.78213462	0.5771	582.1
easy:186312003	easy	C	none	False	True	False	0.9967	0.0032	1.98702113	0.9963	692.1
gold-removed:715391004	gold-removed	none	none	True	False		0.9519	0.9519	0.003491410000000003	0.9459	868.5
hard:2946003	hard	D	D	True	False	True	0.998	0.998	8.000000000000008e-06	0.9978	533.4
hard:274864009	hard	G	G	True	True	True	0.9403	0.9403	0.006987069999999998	0.9329	744.0
easy:54280009	easy	G	G	True	True	False	0.8813	0.8813	0.028179380000000007	0.8665	535.6
none-narrower:81704009	none-narrower	none	E	False	False		0.5355	0.4625	0.57566856	0.4775	614.1
retrieval-miss:702949005	retrieval-miss	none	none	True	False	True	0.9998	0.9998	4.999999999999118e-08	0.9997	778.8
hard:373905003	hard	B	B	True	True	True	0.9969	0.9969	1.860999999999995e-05	0.9965	623.5
retrieval-miss:277574007	retrieval-miss	none	none	True	False	True	0.9875	0.9875	0.0001949799999999989	0.9859	613.8
hard:92668003	hard	H	H	True	True	False	0.973	0.973	0.0014210500000000014	0.9696	597.8
hard:88687001	hard	E	none	False	False	True	0.5095	0.4777	0.5325032999999999	0.4481	549.3
easy:190794006	easy	C	C	True	False	True	0.9834	0.9834	0.0005511199999999983	0.9813	636.7
easy:16784003	easy	C	none	False	False	True	0.7638	0.0942	1.41320852	0.7343	528.3
hard:18504008	hard	D	D	True	True	False	0.9921	0.9921	0.00012326000000000028	0.9911	707.4
gold-removed:234500001	gold-removed	none	none	True	False		0.9965	0.9965	1.837999999999963e-05	0.996	603.8
easy:265798000	easy	G	none	False	False	True	0.6086	0.3893	0.74335054	0.5596	502.3
none-narrower:202918005	none-narrower	none	none	True	False		0.9976	0.9976	9.539999999999797e-06	0.9973	583.5
gold-removed:765141005	gold-removed	none	none	True	False		0.9989	0.9989	1.6799999999999778e-06	0.9988	673.1
none-narrower:233696002	none-narrower	none	none	True	False		0.9913	0.9913	0.00014965000000000074	0.9903	670.0
hard:403818001	hard	F	F	True	True	False	0.9922	0.9922	0.00012013000000000046	0.9913	598.0
none-narrower:285251000119101	none-narrower	none	none	True	False		0.8488	0.8488	0.037947159999999994	0.8299	641.5
easy:36989005	easy	H	none	False	True	False	0.7248	0.2735	1.05313985	0.6904	626.4
hard:763632004	hard	G	G	True	False	True	0.9676	0.9676	0.002036719999999999	0.9636	535.6
hard:92059004	hard	G	G	True	True	False	0.9904	0.9904	0.00017696000000000102	0.9892	543.9
easy:389203001	easy	B	B	True	True	False	0.9404	0.9404	0.006849359999999999	0.933	652.8
retrieval-miss:18718003	retrieval-miss	none	none	True	False	True	0.9998	0.9998	5.99999999999912e-08	0.9998	553.0
none-narrower:710360007	none-narrower	none	none	True	False		0.9873	0.9873	0.00027714000000000113	0.9857	543.3
gold-removed:47014000	gold-removed	none	none	True	False		0.9967	0.9967	1.68299999999998e-05	0.9963	587.3
hard:37785001	hard	E	E	True	True	False	0.9958	0.9958	3.444999999999985e-05	0.9953	582.9
hard:237877004	hard	G	G	True	True	False	0.9969	0.9969	1.9219999999999948e-05	0.9965	644.0
easy:304603007	easy	H	H	True	True	False	0.886	0.886	0.018107039999999998	0.8718	643.8
hard:93948004	hard	E	none	False	True	True	0.8112	0.1448	1.39088173	0.7876	547.6
hard:430042004	hard	F	none	False	True	False	0.9986	0.0006	1.99600272	0.9985	590.6
hard:254062008	hard	H	H	True	True	False	0.9768	0.9768	0.0008354999999999999	0.9739	761.5
hard:725392005	hard	G	A	False	False	True	0.7454	0.0012	1.61702969	0.7136	644.6
easy:229752008	easy	D	none	False	False	True	0.9218	0.0131	1.8261134399999999	0.912	495.8
easy:14386001	easy	F	F	True	True	False	0.9851	0.9851	0.0004410500000000008	0.9833	573.5
none-narrower:276646003	none-narrower	none	none	True	False		0.9934	0.9934	6.228000000000066e-05	0.9925	600.6
retrieval-miss:448015002	retrieval-miss	none	none	True	False	True	0.9877	0.9877	0.0002793099999999994	0.9861	496.6
none-narrower:188247000	none-narrower	none	none	True	False		0.99	0.99	0.0001431700000000002	0.9887	507.0
easy:254180002	easy	B	B	True	True	False	0.952	0.952	0.004598410000000004	0.946	739.3
easy:766928004	easy	E	E	True	True	True	0.995	0.995	5.000000000000005e-05	0.9944	628.2
none-narrower:230174006	none-narrower	none	none	True	False		0.9949	0.9949	3.823999999999993e-05	0.9942	609.2
gold-removed:255184001	gold-removed	none	none	True	False		0.9396	0.9396	0.005719330000000002	0.932	532.8
retrieval-miss:62628008	retrieval-miss	none	C	False	False	True	0.8776	0.1201	1.5444075000000002	0.8623	662.4
gold-removed:25792000	gold-removed	none	none	True	False		0.9992	0.9992	1.1300000000000366e-06	0.9991	603.3
easy:127024001	easy	F	F	True	True	False	0.7478	0.7478	0.12660644	0.7163	637.0
hard:13534001	hard	F	none	False	True	False	0.9657	0.0342	1.86534614	0.9614	595.4
gold-removed:70020005	gold-removed	none	none	True	False		1.0	1.0	0.0	1.0	584.9
hard:198029003	hard	A	A	True	True	False	0.943	0.943	0.006463980000000006	0.9358	583.6
easy:6631009	easy	H	none	False	False	True	0.8414	0.1513	1.4282666800000001	0.8215	686.9
retrieval-miss:403910009	retrieval-miss	none	none	True	False	True	0.9639	0.9639	0.0022365300000000013	0.9594	620.7
hard:399072004	hard	E	E	True	True	True	0.833	0.833	0.05547885000000001	0.8122	499.9
gold-removed:82323002	gold-removed	none	none	True	False		0.9805	0.9805	0.0005014299999999986	0.9781	501.7
hard:254167000	hard	F	none	False	False	True	0.7172	0.281	1.03133835	0.6818	588.4
hard:72925005	hard	G	none	False	False	True	0.9432	0.0038	1.88461483	0.9361	631.1
hard:703219008	hard	C	C	True	True	True	0.9881	0.9881	0.0002673000000000005	0.9867	846.3
easy:254052001	easy	G	G	True	False	True	0.8837	0.8837	0.02677421999999999	0.8691	725.9
none-narrower:403933005	none-narrower	none	none	True	False		0.973	0.973	0.0014526200000000013	0.9696	570.0
retrieval-miss:239011004	retrieval-miss	none	none	True	False	True	0.9982	0.9982	3.830000000000086e-06	0.998	680.9
easy:67782005	easy	G	F	False	False	True	0.9626	0.0021	1.9236422199999998	0.9579	572.1
hard:237946002	hard	H	H	True	False	True	0.9029	0.9029	0.017657269999999996	0.8907	823.7
easy:204036008	easy	F	F	True	True	False	0.5304	0.5304	0.43964225	0.4717	595.4
easy:93870000	easy	C	C	True	True	True	0.8122	0.8122	0.07053767999999999	0.7887	582.7
none-narrower:149941000119100	none-narrower	none	none	True	False		0.9905	0.9905	0.0001068499999999991	0.9893	559.9
gold-removed:766815007	gold-removed	none	none	True	False		0.9929	0.9929	9.532999999999994e-05	0.992	635.5
none-narrower:402925001	none-narrower	none	none	True	False		0.9991	0.9991	1.4500000000000215e-06	0.999	505.6
easy:57219006	easy	G	B	False	False	True	0.9642	0.0	1.9309561299999998	0.9597	591.4
hard:254157005	hard	D	H	False	False	True	0.9828	0.0107	1.9446525799999999	0.9806	634.3
none-narrower:403129004	none-narrower	none	none	True	False		0.9914	0.9914	0.0001462200000000009	0.9903	466.8
none-narrower:52042003	none-narrower	none	none	True	False		0.9815	0.9815	0.0005133999999999985	0.9792	603.9
easy:128333008	easy	A	A	True	True	False	0.982	0.982	0.00047906000000000055	0.9797	536.3
none-narrower:255051004	none-narrower	none	none	True	False		0.9912	0.9912	0.00012933000000000053	0.9901	570.0
easy:389272007	easy	E	E	True	True	False	0.9958	0.9958	3.527999999999984e-05	0.9952	564.2
retrieval-miss:102878001	retrieval-miss	none	none	True	False	True	1.0	1.0	0.0	1.0	656.4
hard:717052002	hard	E	E	True	True	False	0.9902	0.9902	0.00019208000000000061	0.9889	670.9
retrieval-miss:237886009	retrieval-miss	none	none	True	False	True	0.9869	0.9869	0.00032302000000000003	0.9853	544.1
retrieval-miss:235919008	retrieval-miss	none	none	True	False	True	1.0	1.0	0.0	1.0	549.6
hard:254096001	hard	C	C	True	True	False	0.9898	0.9898	0.00020808999999999975	0.9885	596.7
easy:59276001	easy	H	none	False	False	True	0.9826	0.0156	1.93454769	0.9804	531.2
gold-removed:88233000	gold-removed	none	none	True	False		0.9996	0.9996	2.399999999999648e-07	0.9996	538.6
easy:717014003	easy	F	F	True	True	False	0.9094	0.9094	0.016344450000000003	0.8981	919.6
retrieval-miss:269476000	retrieval-miss	none	none	True	False	True	0.9912	0.9912	0.00011218000000000053	0.9901	590.1
easy:56048001	easy	C	C	True	False	True	0.9976	0.9976	1.1519999999999797e-05	0.9973	631.6
easy:45142002	easy	B	B	True	True	False	0.9901	0.9901	0.00019602000000000042	0.9889	586.3
none-narrower:335561000119101	none-narrower	none	none	True	False		0.9901	0.9901	0.0001940500000000004	0.9889	589.9
hard:61094002	hard	A	A	True	True	False	0.9905	0.9905	0.0001786099999999991	0.9893	668.0
easy:197260007	easy	A	A	True	False	True	0.9753	0.9753	0.0012055500000000027	0.9722	526.5
hard:363481002	hard	G	G	True	True	True	0.8931	0.8931	0.02279126	0.8797	695.7
retrieval-miss:230687001	retrieval-miss	none	none	True	False	True	0.995	0.995	3.511000000000005e-05	0.9943	629.8
easy:29227009	easy	G	G	True	True	False	0.9519	0.9519	0.004627220000000003	0.9458	499.8
retrieval-miss:30865009	retrieval-miss	none	none	True	False	True	0.9985	0.9985	3.779999999999837e-06	0.9983	574.5
hard:128207002	hard	C	C	True	True	False	0.9702	0.9702	0.001238300000000003	0.9665	562.3
hard:233858000	hard	A	A	True	True	True	0.9873	0.9873	0.0002711000000000011	0.9857	570.1
retrieval-miss:277475006	retrieval-miss	none	none	True	False	True	0.9961	0.9961	2.8920000000000116e-05	0.9956	630.0
hard:363352004	hard	E	E	True	True	False	0.7938	0.7938	0.08483110000000002	0.768	546.8
hard:65814009	hard	D	D	True	True	False	0.998	0.998	8.000000000000008e-06	0.9977	518.9
none-narrower:426370008	none-narrower	none	none	True	False		0.9982	0.9982	4.4300000000000855e-06	0.9979	657.7
none-narrower:39625001	none-narrower	none	none	True	False		0.9979	0.9979	8.029999999999962e-06	0.9976	617.7
none-narrower:271386001	none-narrower	none	none	True	False		0.9838	0.9838	0.00033975999999999977	0.9818	667.0
easy:63844009	easy	F	F	True	True	False	0.9181	0.9181	0.013317399999999995	0.9078	819.8
easy:254957009	easy	B	none	False	False	True	0.9828	0.0122	1.94165575	0.9806	771.0
hard:397734008	hard	G	G	True	True	False	0.8383	0.8383	0.05184493999999998	0.8181	732.5
gold-removed:80126007	gold-removed	none	none	True	False		0.9931	0.9931	9.254000000000025e-05	0.9922	608.8
hard:36874002	hard	E	E	True	True	False	0.9785	0.9785	0.0009075099999999984	0.9758	518.3
easy:92058007	easy	F	F	True	True	True	0.7682	0.7682	0.10275980000000001	0.7392	541.4
none-narrower:268651002	none-narrower	none	none	True	False		0.9992	0.9992	8.500000000000366e-07	0.9992	445.9
gold-removed:312491004	gold-removed	none	none	True	False		0.9974	0.9974	1.1010000000000242e-05	0.9971	589.2
easy:110004001	easy	A	none	False	True	False	0.5817	0.4151	0.6804877199999999	0.5294	732.5
hard:398796005	hard	B	B	True	True	False	0.5512	0.5512	0.39848485	0.4951	622.8
hard:302161006	hard	B	B	True	True	False	0.9889	0.9889	0.00024421999999999996	0.9875	447.5
hard:191169008	hard	F	C	False	False	True	0.9967	0.0	1.99342051	0.9963	653.5
gold-removed:608817003	gold-removed	none	none	True	False		0.8579	0.8579	0.040356420000000004	0.8401	603.0
easy:303012000	easy	H	none	False	True	False	0.9716	0.0197	1.90505064	0.968	577.0
hard:719012009	hard	E	E	True	True	False	0.6043	0.6043	0.24653993000000002	0.5549	699.1
hard:269533000	hard	D	D	True	True	False	0.8387	0.8387	0.05168273	0.8185	496.3
easy:397015000	easy	H	H	True	True	False	0.9785	0.9785	0.0009244999999999983	0.9758	656.6
none-narrower:232245002	none-narrower	none	none	True	False		0.998	0.998	6.1100000000000076e-06	0.9978	573.0
retrieval-miss:129154003	retrieval-miss	none	C	False	False	True	0.6759	0.218	1.07630843	0.6354	651.0
gold-removed:359732009	gold-removed	none	none	True	False		0.9791	0.9791	0.0007992200000000013	0.9764	735.9
gold-removed:706885006	gold-removed	none	none	True	False		0.9474	0.9474	0.003657949999999998	0.9408	783.4
none-narrower:192051000	none-narrower	none	none	True	False		0.9986	0.9986	2.849999999999879e-06	0.9985	513.1
gold-removed:716588005	gold-removed	none	none	True	False		0.723	0.723	0.14602899000000003	0.6883	760.4
hard:721881008	hard	G	none	False	True	False	0.7071	0.2915	1.00196414	0.6705	838.0
gold-removed:360375007	gold-removed	none	none	True	False		0.9963	0.9963	1.7050000000000272e-05	0.9958	470.3
none-narrower:1258979003	none-narrower	none	none	True	False		0.9918	0.9918	0.00010456999999999975	0.9907	746.3
easy:56787009	easy	B	B	True	False	True	0.9487	0.9487	0.005102830000000001	0.9422	557.9
none-narrower:235986006	none-narrower	none	none	True	False		0.982	0.982	0.0004698500000000005	0.9797	488.6
retrieval-miss:56038003	retrieval-miss	none	none	True	False	True	0.9928	0.9928	9.553999999999978e-05	0.9919	478.8
retrieval-miss:716649003	retrieval-miss	none	none	True	False	True	0.7443	0.7443	0.12177748000000001	0.7124	649.7
hard:723096000	hard	B	B	True	True	True	0.9822	0.9822	0.0006301300000000013	0.98	475.8
none-narrower:337871000119100	none-narrower	none	none	True	False		0.9934	0.9934	6.402000000000066e-05	0.9925	422.2
retrieval-miss:234477002	retrieval-miss	none	none	True	False	True	0.9996	0.9996	2.1999999999996475e-07	0.9995	721.5
easy:50189006	easy	D	D	True	False	True	0.4398	0.4398	0.47627022	0.3697	472.3
retrieval-miss:403780007	retrieval-miss	none	none	True	False	True	0.5452	0.5452	0.39760372999999993	0.4884	673.9
easy:39912006	easy	F	F	True	True	False	0.9539	0.9539	0.004062810000000003	0.9481	774.6
none-narrower:93829002	none-narrower	none	none	True	False		0.9732	0.9732	0.0010105000000000025	0.9699	561.5
hard:22451001	hard	C	C	True	True	True	0.9419	0.9419	0.006625200000000005	0.9346	516.0
easy:124275001	easy	E	E	True	True	False	0.663	0.663	0.22626427	0.6209	715.8
hard:126833009	hard	C	none	False	True	False	0.6793	0.3173	0.92753526	0.6392	592.6
none-narrower:75548002	none-narrower	none	none	True	False		0.9809	0.9809	0.0005250800000000003	0.9785	594.2
hard:717821004	hard	G	G	True	True	False	0.8753	0.8753	0.030803560000000008	0.8597	757.9
gold-removed:254877001	gold-removed	none	none	True	False		0.9809	0.9809	0.0004902800000000003	0.9785	576.2
gold-removed:726702005	gold-removed	none	none	True	False		0.9964	0.9964	1.5930000000000344e-05	0.996	721.4
retrieval-miss:254064009	retrieval-miss	none	none	True	False	True	0.9976	0.9976	6.719999999999798e-06	0.9973	548.9
easy:39288006	easy	C	C	True	False	True	0.9903	0.9903	0.00017701000000000083	0.9891	502.6
easy:62311004	easy	C	none	False	True	True	0.6319	0.3575	0.8122141200000002	0.5858	654.5
hard:255084004	hard	F	F	True	True	True	0.9945	0.9945	5.638999999999945e-05	0.9938	580.0
hard:762282007	hard	C	C	True	False	True	0.9882	0.9882	0.00027848000000000076	0.9867	682.5
easy:276860003	easy	B	none	False	True	False	0.7687	0.2153	1.2067901600000002	0.7398	631.7
hard:33958003	hard	H	H	True	True	False	0.9252	0.9252	0.010730609999999996	0.9159	534.0
none-narrower:237782001	none-narrower	none	none	True	False		0.9925	0.9925	9.213999999999926e-05	0.9915	583.8
retrieval-miss:23687008	retrieval-miss	none	none	True	False	True	0.999	0.999	1.8100000000000017e-06	0.9989	648.3
easy:720414005	easy	G	G	True	False	True	0.994	0.994	7.200000000000007e-05	0.9932	656.2
hard:195021004	hard	F	none	False	True	False	0.6435	0.1537	1.1554885700000002	0.5989	601.9
hard:363436001	hard	E	none	False	True	True	0.5369	0.4421	0.5998666300000002	0.479	546.1
easy:92083007	easy	B	B	True	True	True	0.997	0.997	1.8000000000000017e-05	0.9967	589.2
retrieval-miss:398768004	retrieval-miss	none	none	True	False	True	0.5328	0.5328	0.42857377999999996	0.4744	649.4
none-narrower:52897009	none-narrower	none	none	True	False		0.997	0.997	1.5860000000000014e-05	0.9967	675.2
none-narrower:29340001000004108	none-narrower	none	none	True	False		0.9927	0.9927	9.968999999999961e-05	0.9918	513.9
easy:404077005	easy	H	H	True	True	False	0.9295	0.9295	0.00967851	0.9207	599.3
easy:51500006	easy	B	C	False	True	False	0.9355	0.0519	1.77420052	0.9274	542.0
retrieval-miss:82639001	retrieval-miss	none	G	False	False	True	0.8456	0.1544	1.43007872	0.8263	590.7
hard:4760008	hard	H	H	True	True	False	0.9915	0.9915	0.00014281999999999918	0.9904	559.7
gold-removed:91478007	gold-removed	none	none	True	False		0.9599	0.9599	0.002200230000000002	0.9549	566.1
hard:126485001	hard	D	D	True	True	False	0.9934	0.9934	8.712000000000066e-05	0.9926	551.6
gold-removed:314270008	gold-removed	none	none	True	False		0.9062	0.9062	0.016264559999999997	0.8945	597.4
easy:57917004	easy	C	C	True	True	False	0.9533	0.9533	0.004288199999999997	0.9474	682.5
hard:703403003	hard	B	B	True	False	True	0.9699	0.9699	0.0018120200000000008	0.9661	708.5
easy:30496006	easy	C	none	False	False	True	0.979	0.0175	1.92375236	0.9764	605.7
easy:402525008	easy	C	none	False	True	False	0.7467	0.2494	1.12096896	0.715	604.3
hard:719209002	hard	B	B	True	True	False	0.9975	0.9975	1.2499999999999735e-05	0.9972	843.3
easy:721094006	easy	H	H	True	True	False	0.9568	0.9568	0.0037238500000000016	0.9514	763.6
hard:91612009	hard	E	E	True	True	False	0.9758	0.9758	0.0011616500000000002	0.9728	424.5
none-narrower:1187464007	none-narrower	none	E	False	False		0.9963	0.0037	1.9852273799999998	0.9958	612.9
hard:17025000	hard	C	C	True	False	True	0.8013	0.8013	0.06879424999999999	0.7764	738.0
none-narrower:427910000	none-narrower	none	none	True	False		0.8282	0.8282	0.054932239999999986	0.8067	501.0
gold-removed:49049000	gold-removed	none	none	True	False		0.9969	0.9969	1.148999999999995e-05	0.9965	598.4
hard:57863006	hard	E	E	True	True	False	0.9868	0.9868	0.0003458599999999997	0.9852	621.4
gold-removed:26899006	gold-removed	none	none	True	False		0.9877	0.9877	0.0002759399999999995	0.9862	554.9
none-narrower:15959101000119103	none-narrower	none	none	True	False		0.9981	0.9981	4.7500000000000485e-06	0.9978	632.2
gold-removed:404064001	gold-removed	none	none	True	False		0.9862	0.9862	0.00037813000000000093	0.9845	632.6
hard:254838004	hard	A	A	True	True	False	0.6027	0.6027	0.31403214999999995	0.5531	582.2
easy:363494000	easy	G	G	True	True	True	0.6585	0.6585	0.23060352000000003	0.6158	600.4
none-narrower:368721000119104	none-narrower	none	none	True	False		0.9964	0.9964	1.9760000000000343e-05	0.996	519.5
hard:31220004	hard	B	B	True	True	False	0.7305	0.7305	0.14483016999999998	0.6969	772.7
none-narrower:190471009	none-narrower	none	none	True	False		0.9864	0.9864	0.0002800299999999985	0.9847	470.1
gold-removed:26538006	gold-removed	none	none	True	False		0.8063	0.8063	0.07434690999999999	0.7821	521.8
hard:204431007	hard	B	B	True	True	False	0.8078	0.8078	0.07384325000000001	0.7838	577.0
gold-removed:48500005	gold-removed	none	none	True	False		0.9981	0.9981	5.410000000000048e-06	0.9979	460.2
easy:734020000	easy	C	C	True	True	False	0.9965	0.9965	2.4499999999999633e-05	0.996	724.9
retrieval-miss:720410001	retrieval-miss	none	none	True	False	True	0.9975	0.9975	7.559999999999734e-06	0.9972	701.5
retrieval-miss:389100007	retrieval-miss	none	none	True	False	True	0.9992	0.9992	9.400000000000366e-07	0.9991	694.5
none-narrower:197606008	none-narrower	none	none	True	False		0.9963	0.9963	1.668000000000027e-05	0.9958	514.4
hard:626004	hard	H	H	True	True	False	0.9592	0.9592	0.003329279999999996	0.9541	696.1
easy:52186006	easy	G	G	True	True	False	0.8983	0.8983	0.01845504	0.8856	596.2
retrieval-miss:422886007	retrieval-miss	none	D	False	False	True	0.9568	0.0424	1.8324645	0.9514	543.4
hard:609573005	hard	A	A	True	True	False	0.9898	0.9898	0.00020604999999999972	0.9885	699.5
hard:72893007	hard	A	A	True	True	True	0.6851	0.6851	0.18957637999999996	0.6458	585.6
gold-removed:254113006	gold-removed	none	none	True	False		0.9887	0.9887	0.0001923599999999995	0.9872	611.9
easy:2177002	easy	B	B	True	True	False	0.9937	0.9937	7.813999999999966e-05	0.9929	565.0
hard:111293003	hard	H	none	False	False	True	0.9847	0.0028	1.96417216	0.9827	586.1
retrieval-miss:54203008	retrieval-miss	none	none	True	False	True	1.0	1.0	0.0	1.0	586.0
easy:239032007	easy	G	G	True	True	False	0.9864	0.9864	0.00034189999999999855	0.9847	764.7
hard:398680004	hard	F	C	False	False	True	0.9678	0.0004	1.9365516200000001	0.9638	782.5
easy:733626002	easy	C	C	True	True	False	0.9969	0.9969	1.9219999999999948e-05	0.9965	691.9
none-narrower:94505005	none-narrower	none	none	True	False		0.9308	0.9308	0.009467460000000006	0.9221	633.8
hard:724840004	hard	A	A	True	True	False	0.9918	0.9918	0.00013285999999999973	0.9908	748.9
easy:303852004	easy	D	D	True	True	False	0.9567	0.9567	0.0037497800000000003	0.9513	614.2
none-narrower:890354000	none-narrower	none	none	True	False		0.9972	0.9972	1.4610000000000138e-05	0.9969	578.2
retrieval-miss:725291001	retrieval-miss	none	none	True	False	True	0.9999	0.9999	9.999999999997797e-09	0.9999	717.9
retrieval-miss:17885001	retrieval-miss	none	none	True	False	True	0.9999	0.9999	9.999999999997797e-09	0.9999	763.1
gold-removed:120639003	gold-removed	none	none	True	False		0.9733	0.9733	0.0013544299999999972	0.97	605.7
hard:92272009	hard	E	E	True	True	True	0.9943	0.9943	6.174000000000044e-05	0.9936	614.0
gold-removed:87211000119104	gold-removed	none	none	True	False		0.9922	0.9922	9.355000000000046e-05	0.9912	725.6
none-narrower:143291000119104	none-narrower	none	none	True	False		0.9971	0.9971	1.3420000000000078e-05	0.9968	671.9
retrieval-miss:10651001	retrieval-miss	none	none	True	False	True	0.9992	0.9992	1.0100000000000365e-06	0.9991	601.7
easy:720636001	easy	G	G	True	True	False	0.9888	0.9888	0.0002508799999999997	0.9874	598.2
none-narrower:22935002	none-narrower	none	none	True	False		0.5599	0.5599	0.38370273000000005	0.5048	643.1
easy:716742001	easy	F	F	True	False	True	0.7387	0.7387	0.13650313999999997	0.706	544.6
hard:398114001	hard	B	B	True	True	False	0.9966	0.9966	2.3119999999999718e-05	0.9962	669.3
gold-removed:27868004	gold-removed	none	none	True	False		0.9996	0.9996	2.399999999999648e-07	0.9995	518.7
retrieval-miss:238700008	retrieval-miss	none	E	False	False	True	0.5591	0.1634	1.08944313	0.504	614.7
easy:30281009	easy	D	D	True	True	False	0.9789	0.9789	0.0008738600000000004	0.9763	517.9
none-narrower:12181002	none-narrower	none	none	True	False		0.9993	0.9993	8.600000000000475e-07	0.9992	622.2
easy:78511005	easy	H	H	True	True	False	0.9903	0.9903	0.00018818000000000082	0.9891	630.6
easy:26360005	easy	A	A	True	True	True	0.957	0.957	0.003646820000000003	0.9516	509.9
none-narrower:403964007	none-narrower	none	H	False	False		0.9954	0.0046	1.9816423199999997	0.9948	495.6
hard:303098002	hard	A	A	True	True	False	0.9549	0.9549	0.003189110000000003	0.9493	610.4
none-narrower:1343512002	none-narrower	none	none	True	False		0.9879	0.9879	0.00018579000000000002	0.9864	510.1
easy:232086000	easy	E	none	False	False	True	0.9875	0.0075	1.96022307	0.9859	568.7
easy:703544004	easy	B	B	True	False	True	0.8817	0.8817	0.02756844999999999	0.867	890.4
retrieval-miss:720861000	retrieval-miss	none	none	True	False	True	0.6649	0.6649	0.16451808999999998	0.623	832.6
none-narrower:1371100008	none-narrower	none	none	True	False		0.992	0.992	9.451000000000012e-05	0.991	493.2
easy:253298003	easy	G	none	False	False	True	0.8982	0.0206	1.7709772000000001	0.8855	647.5
gold-removed:7071007	gold-removed	none	none	True	False		1.0	1.0	0.0	1.0	506.2
easy:35111009	easy	D	D	True	True	True	0.9179	0.9179	0.013480819999999994	0.9076	596.7
none-narrower:418054005	none-narrower	none	none	True	False		0.9834	0.9834	0.0005193699999999983	0.9813	639.2
hard:27916005	hard	B	B	True	True	False	0.9902	0.9902	0.00019208000000000061	0.9889	506.7
hard:72124005	hard	H	H	True	True	False	0.988	0.988	0.0002880000000000003	0.9865	431.2
easy:111354009	easy	D	D	True	False	True	0.9475	0.9475	0.005512509999999998	0.9409	479.3
hard:11218009	hard	B	none	False	False	True	0.5195	0.466	0.5551724	0.4594	573.2
easy:717734005	easy	E	none	False	True	False	0.9961	0.001	1.9902182700000002	0.9956	656.3
easy:716277000	easy	D	D	True	True	False	0.9898	0.9898	0.00020807999999999976	0.9885	641.8
retrieval-miss:95532008	retrieval-miss	none	none	True	False	True	0.9942	0.9942	5.2890000000000315e-05	0.9934	554.1
hard:67678004	hard	D	D	True	True	True	0.8478	0.8478	0.04557817	0.8287	502.0
none-narrower:235929001	none-narrower	none	none	True	False		0.9951	0.9951	3.531000000000015e-05	0.9945	627.4
gold-removed:235601001	gold-removed	none	none	True	False		0.9983	0.9983	5.170000000000118e-06	0.998	537.3
gold-removed:717332007	gold-removed	none	none	True	False		0.9953	0.9953	2.8260000000000353e-05	0.9947	722.3
easy:766050000	easy	A	A	True	True	False	0.967	0.967	0.002178000000000002	0.9629	887.6
gold-removed:187740000	gold-removed	none	none	True	False		0.9979	0.9979	8.81999999999996e-06	0.9977	556.5
easy:196133001	easy	E	none	False	False	True	0.8368	0.161	1.40415659	0.8164	569.1
none-narrower:38731000087104	none-narrower	none	none	True	False		0.7953	0.7953	0.08279030999999999	0.7698	523.8
none-narrower:48352007	none-narrower	none	none	True	False		0.997	0.997	1.4940000000000015e-05	0.9966	469.8
retrieval-miss:190773008	retrieval-miss	none	none	True	False	True	0.9997	0.9997	1.2999999999998017e-07	0.9997	614.8
hard:234577004	hard	G	G	True	True	False	0.9516	0.9516	0.00467546	0.9456	527.4
hard:95776004	hard	G	G	True	True	False	0.9219	0.9219	0.010650219999999991	0.9121	547.4
easy:124252008	easy	G	G	True	True	False	0.5369	0.5369	0.42892321999999994	0.479	636.2
easy:402425006	easy	E	none	False	True	False	0.9793	0.0162	1.92689531	0.9767	522.7
hard:722059002	hard	D	D	True	True	False	0.9975	0.9975	1.2499999999999735e-05	0.9972	694.8
easy:193756007	easy	A	A	True	True	False	0.9565	0.9565	0.0037758099999999984	0.9511	592.1
easy:57203004	easy	D	D	True	True	True	0.8696	0.8696	0.03357010999999999	0.8534	458.2
easy:308870004	easy	E	E	True	True	False	0.9787	0.9787	0.0009031399999999993	0.9761	526.1
gold-removed:205465004	gold-removed	none	none	True	False		0.9971	0.9971	1.0810000000000078e-05	0.9967	732.3
easy:398909004	easy	H	H	True	True	False	0.988	0.988	0.0002880000000000003	0.9865	536.9
easy:92624000	easy	B	none	False	True	False	0.5196	0.4797	0.54069674	0.4596	504.2
hard:403805009	hard	G	G	True	True	False	0.9802	0.9802	0.0007840800000000017	0.9777	586.8
easy:21897009	easy	G	G	True	True	False	0.9977	0.9977	1.0579999999999856e-05	0.9974	463.6
hard:278833002	hard	D	none	False	True	True	0.7532	0.0171	1.5832789799999998	0.7223	628.5
gold-removed:721073008	gold-removed	none	none	True	False		0.9912	0.9912	0.00011381000000000054	0.9901	525.0
easy:255003007	easy	A	A	True	True	False	0.6965	0.6965	0.18289689	0.6586	732.4
none-narrower:783705006	none-narrower	none	F	False	False		0.9771	0.0218	1.9116003099999999	0.9743	574.6
easy:726609005	easy	C	C	True	True	False	0.9887	0.9887	0.0002553799999999995	0.9873	913.2
none-narrower:186679007	none-narrower	none	none	True	False		0.9778	0.9778	0.0008061099999999999	0.975	504.7
none-narrower:27507004	none-narrower	none	none	True	False		0.9956	0.9956	3.6199999999999653e-05	0.995	585.6
gold-removed:277568007	gold-removed	none	none	True	False		0.5633	0.5633	0.38002019	0.5088	627.1
hard:238676008	hard	B	B	True	False	True	0.997	0.997	1.8000000000000017e-05	0.9966	514.6
easy:19905009	easy	G	G	True	True	False	0.9763	0.9763	0.0011139800000000027	0.9733	507.1
easy:404120006	easy	E	E	True	True	False	0.9643	0.9643	0.0025489799999999967	0.9598	708.6
gold-removed:39390005	gold-removed	none	none	True	False		0.9735	0.9735	0.0009264799999999984	0.9702	640.9
hard:722290008	hard	F	F	True	False	True	0.9155	0.9155	0.014213140000000003	0.9049	649.1
retrieval-miss:59399004	retrieval-miss	none	none	True	False	True	0.9856	0.9856	0.0003082699999999991	0.9838	555.2
retrieval-miss:4855003	retrieval-miss	none	none	True	False	True	0.9998	0.9998	8.999999999999118e-08	0.9997	510.0
easy:399463004	easy	H	none	False	True	True	0.9069	0.0501	1.7263187500000001	0.8953	584.9
hard:230595006	hard	C	C	True	True	False	0.9966	0.9966	2.3119999999999718e-05	0.9962	469.7
retrieval-miss:10177005	retrieval-miss	none	none	True	False	True	0.9922	0.9922	7.824000000000046e-05	0.9912	518.7
hard:398963001	hard	G	none	False	False	True	0.8419	0.1313	1.4638607700000001	0.8221	560.9
retrieval-miss:717812000	retrieval-miss	none	none	True	False	True	0.9952	0.9952	4.085000000000025e-05	0.9946	547.3
none-narrower:783558004	none-narrower	none	A	False	False		0.9904	0.0096	1.9617843199999998	0.9892	836.5
none-narrower:721677005	none-narrower	none	none	True	False		0.9969	0.9969	1.5099999999999949e-05	0.9965	531.3
none-narrower:372024009	none-narrower	none	none	True	False		0.9006	0.9006	0.014119410000000008	0.8882	570.3
hard:86203003	hard	B	B	True	True	False	0.9972	0.9972	1.514000000000014e-05	0.9968	546.6
none-narrower:268654005	none-narrower	none	none	True	False		0.9959	0.9959	2.8729999999999937e-05	0.9954	556.6
none-narrower:66265004	none-narrower	none	none	True	False		0.9999	0.9999	9.999999999997797e-09	0.9999	567.2
easy:89655007	easy	F	D	False	False	True	0.8958	0.0832	1.64336883	0.8828	605.8
hard:28656008	hard	D	D	True	False	True	0.9614	0.9614	0.0029191699999999974	0.9566	557.9
hard:442551007	hard	A	A	True	True	False	0.9306	0.9306	0.009563730000000003	0.922	448.5
easy:764997000	easy	G	G	True	True	False	0.9729	0.9729	0.0013236300000000006	0.9695	946.3
retrieval-miss:763669001	retrieval-miss	none	none	True	False	True	0.9889	0.9889	0.00015907999999999997	0.9875	666.2
none-narrower:1196912004	none-narrower	none	none	True	False		0.995	0.995	3.523000000000005e-05	0.9944	680.5
none-narrower:1237346001	none-narrower	none	B	False	False		0.9995	0.0004	1.9982004200000003	0.9994	580.5
hard:118600007	hard	F	none	False	True	False	0.9736	0.0257	1.8971575999999999	0.9703	588.4
hard:400142003	hard	A	none	False	True	False	0.7495	0.2473	1.1283143900000003	0.7182	620.5
hard:48718006	hard	D	D	True	True	False	0.9913	0.9913	0.00014965000000000074	0.9902	689.1
easy:715748006	easy	D	D	True	True	False	0.9673	0.9673	0.0021385799999999967	0.9632	752.7
retrieval-miss:58437007	retrieval-miss	none	none	True	False	True	0.9983	0.9983	3.940000000000118e-06	0.9981	619.1
hard:449096009	hard	F	F	True	True	True	0.9608	0.9608	0.0029965300000000007	0.9559	509.8
easy:718607001	easy	E	E	True	True	False	0.9942	0.9942	6.728000000000032e-05	0.9935	815.9
hard:79830009	hard	E	E	True	True	False	0.9792	0.9792	0.0008611300000000017	0.9766	508.0
easy:698290008	easy	H	none	False	True	False	0.9005	0.0972	1.62595212	0.888	605.0
none-narrower:65528008	none-narrower	none	none	True	False		0.9642	0.9642	0.0025632800000000037	0.9597	527.7
easy:721014007	easy	D	D	True	True	False	0.9642	0.9642	0.002549020000000004	0.9597	711.1
gold-removed:253904001	gold-removed	none	none	True	False		0.9955	0.9955	2.5939999999999535e-05	0.9949	602.4
easy:392662004	easy	B	B	True	True	False	0.9943	0.9943	6.386000000000044e-05	0.9936	631.8
none-narrower:29736007	none-narrower	none	none	True	False		0.9846	0.9846	0.0003035899999999991	0.9827	573.5
hard:22784002	hard	B	B	True	True	False	0.9983	0.9983	5.450000000000119e-06	0.9981	579.7
hard:715397000	hard	E	E	True	True	False	0.9601	0.9601	0.003121470000000004	0.9551	541.8
hard:238874008	hard	A	A	True	True	True	0.8958	0.8958	0.021446959999999994	0.8828	629.0
easy:239069005	easy	H	H	True	True	False	0.9845	0.9845	0.0004804999999999987	0.9825	659.7
hard:268240006	hard	H	H	True	True	False	0.8542	0.8542	0.036422240000000015	0.836	584.3
retrieval-miss:715338007	retrieval-miss	none	none	True	False	True	0.997	0.997	1.3210000000000014e-05	0.9967	673.8
easy:32620007	easy	E	E	True	True	False	0.987	0.987	0.0003380000000000003	0.9853	599.1
gold-removed:238078005	gold-removed	none	none	True	False		0.9966	0.9966	1.9519999999999718e-05	0.9961	680.4
none-narrower:698836007	none-narrower	none	none	True	False		0.9968	0.9968	1.8689999999999877e-05	0.9964	558.9
easy:79674009	easy	H	H	True	True	False	0.9503	0.9503	0.004940179999999997	0.9441	698.3
none-narrower:724784006	none-narrower	none	none	True	False		0.9967	0.9967	1.6519999999999798e-05	0.9963	599.7
hard:128468007	hard	G	none	False	False	True	0.7387	0.0661	1.44986514	0.7061	511.1
retrieval-miss:230499002	retrieval-miss	none	none	True	False	True	0.9965	0.9965	1.6789999999999634e-05	0.996	550.3
hard:725408001	hard	C	none	False	True	False	0.4657	0.3384	0.69242326	0.3989	716.7
hard:445257004	hard	C	C	True	True	False	0.9976	0.9976	1.1519999999999797e-05	0.9973	607.0
none-narrower:102361000119104	none-narrower	none	none	True	False		0.9927	0.9927	8.78699999999996e-05	0.9917	567.1
hard:707435002	hard	B	B	True	True	False	0.9547	0.9547	0.004068260000000001	0.949	592.6
gold-removed:763458005	gold-removed	none	C	False	False		0.9839	0.016	1.93631521	0.9819	860.7
hard:715427008	hard	G	G	True	True	True	0.9792	0.9792	0.0006684900000000017	0.9766	699.6
hard:187722004	hard	D	D	True	True	False	0.9922	0.9922	0.00011861000000000047	0.9913	633.1
retrieval-miss:17234001	retrieval-miss	none	none	True	False	True	0.9999	0.9999	9.999999999997797e-09	0.9999	522.5
easy:733068001	easy	G	G	True	True	True	0.975	0.975	0.001173930000000001	0.9719	626.2
easy:609581006	easy	A	A	True	True	True	0.9375	0.9375	0.00771342	0.9296	612.4
retrieval-miss:111395007	retrieval-miss	none	none	True	False	True	0.9937	0.9937	7.812999999999965e-05	0.9929	512.3
hard:58833000	hard	H	H	True	True	True	0.9302	0.9302	0.009702329999999997	0.9215	752.2
gold-removed:58459009	gold-removed	none	none	True	False		0.9706	0.9706	0.001705449999999999	0.9669	509.2
gold-removed:254102008	gold-removed	none	none	True	False		0.9745	0.9745	0.0010693699999999983	0.9713	744.7
hard:720344007	hard	A	A	True	True	True	0.9395	0.9395	0.00543355	0.932	579.8
easy:416960004	easy	G	G	True	False	True	0.9625	0.9625	0.0022161499999999983	0.9578	647.9
hard:428174001	hard	H	none	False	True	False	0.5752	0.4231	0.66366992	0.5221	608.7
hard:92405007	hard	A	A	True	True	True	0.9362	0.9362	0.008027249999999994	0.9282	592.7
hard:715395008	hard	C	C	True	True	True	0.9889	0.9889	0.00022945	0.9875	577.1
gold-removed:95691008	gold-removed	none	none	True	False		0.9979	0.9979	7.019999999999961e-06	0.9977	535.9
easy:719069008	easy	G	G	True	True	True	0.9735	0.9735	0.0011614199999999985	0.9702	685.9
retrieval-miss:471885006	retrieval-miss	none	none	True	False	True	0.984	0.984	0.0004526800000000005	0.982	634.1
none-narrower:1260130005	none-narrower	none	E	False	False		0.9717	0.0283	1.8884017800000001	0.9681	664.6
retrieval-miss:302872003	retrieval-miss	none	none	True	False	True	0.9999	0.9999	9.999999999997797e-09	0.9999	447.6
none-narrower:74202002	none-narrower	none	none	True	False		0.9929	0.9929	7.114999999999994e-05	0.992	491.9
none-narrower:82069007	none-narrower	none	none	True	False		0.9894	0.9894	0.00015949000000000112	0.9881	520.0
hard:85478004	hard	B	B	True	True	False	0.9952	0.9952	4.608000000000025e-05	0.9946	484.9
hard:721231007	hard	C	C	True	True	False	0.9935	0.9935	8.449999999999934e-05	0.9927	572.1
hard:266578003	hard	D	D	True	True	False	0.9468	0.9468	0.0056604800000000025	0.9401	483.0
easy:704166007	easy	G	none	False	False	True	0.9994	0.0001	1.99860047	0.9993	599.3
hard:205647005	hard	A	none	False	False	True	0.9737	0.006	1.93632599	0.9704	607.8
gold-removed:707510005	gold-removed	none	none	True	False		0.9968	0.9968	1.3879999999999877e-05	0.9964	682.5
gold-removed:10347006	gold-removed	none	none	True	False		0.9983	0.9983	3.920000000000118e-06	0.9981	538.3
hard:55379003	hard	E	E	True	True	False	0.983	0.983	0.0005712900000000004	0.9809	516.9
hard:400166009	hard	A	A	True	True	False	0.9646	0.9646	0.002485209999999999	0.9602	647.1
easy:3135009	easy	C	C	True	True	False	0.9872	0.9872	0.00030583000000000086	0.9856	524.6
easy:27201004	easy	B	B	True	True	False	0.7766	0.7766	0.09928126000000001	0.7487	620.3
retrieval-miss:73465006	retrieval-miss	none	none	True	False	True	0.9993	0.9993	9.800000000000474e-07	0.9992	613.4
easy:238032002	easy	G	G	True	True	False	0.9653	0.9653	0.002314679999999997	0.961	494.2
hard:16872008	hard	E	E	True	True	True	0.9377	0.9377	0.007713000000000003	0.9299	544.5
easy:403760006	easy	H	E	False	True	False	0.7605	0.0059	1.62111732	0.7305	576.1
hard:762295002	hard	D	D	True	True	True	0.9839	0.9839	0.0005120400000000001	0.9819	593.7
easy:68067009	easy	F	F	True	False	True	0.9895	0.9895	0.000218419999999999	0.9882	689.3
gold-removed:86489003	gold-removed	none	none	True	False		0.994	0.994	5.491000000000006e-05	0.9932	482.7
gold-removed:720565000	gold-removed	none	none	True	False		0.9786	0.9786	0.000667679999999999	0.976	644.4
retrieval-miss:75875004	retrieval-miss	none	none	True	False	True	0.9996	0.9996	2.0999999999996474e-07	0.9996	630.9
none-narrower:192631000	none-narrower	none	none	True	False		0.821	0.821	0.06408200000000001	0.7986	519.3
easy:719981005	easy	E	E	True	True	False	0.9947	0.9947	5.6179999999999696e-05	0.994	907.3
hard:80960004	hard	D	D	True	True	False	0.9876	0.9876	0.0003002599999999992	0.9861	533.2
hard:74469006	hard	D	D	True	False	True	0.7984	0.7984	0.08080316000000001	0.7732	547.7
retrieval-miss:66576001	retrieval-miss	none	none	True	False	True	0.9954	0.9954	3.3860000000000445e-05	0.9948	578.6
easy:1271009	easy	B	B	True	True	False	0.9919	0.9919	0.00012805999999999994	0.9909	668.3
hard:73757007	hard	C	C	True	True	False	0.9934	0.9934	8.333000000000065e-05	0.9926	496.9
easy:68409003	easy	C	F	False	False	True	0.7464	0.0403	1.52299738	0.7147	544.4
easy:238021002	easy	B	B	True	False	True	0.9485	0.9485	0.004641349999999999	0.9421	534.5
easy:443439001	easy	F	F	True	True	True	0.9087	0.9087	0.013568990000000006	0.8973	669.8
hard:254131007	hard	H	H	True	True	False	0.9661	0.9661	0.0022984300000000023	0.9618	570.7
none-narrower:342291000119102	none-narrower	none	none	True	False		0.9957	0.9957	2.4639999999999747e-05	0.9951	577.3
hard:5217008	hard	E	E	True	True	False	0.9978	0.9978	8.879999999999912e-06	0.9975	531.7
easy:238007004	easy	F	F	True	False	True	0.5064	0.5064	0.48258581000000006	0.4447	753.0
retrieval-miss:716871006	retrieval-miss	none	none	True	False	True	0.9937	0.9937	6.0759999999999655e-05	0.9929	645.7
gold-removed:419237004	gold-removed	none	none	True	False		0.8563	0.8563	0.03533249000000002	0.8383	608.3
hard:716653001	hard	E	E	True	True	False	0.9934	0.9934	8.712000000000066e-05	0.9925	613.8
gold-removed:609578001	gold-removed	none	none	True	False		0.9877	0.9877	0.00018091999999999945	0.9862	662.8
gold-removed:1899006	gold-removed	none	none	True	False		0.8323	0.8323	0.043741939999999986	0.8113	474.3
hard:416769008	hard	D	none	False	True	True	0.6512	0.3438	0.85468202	0.6075	571.6
easy:363468009	easy	A	A	True	False	True	0.6913	0.6913	0.17920087999999995	0.6527	572.6
hard:402601007	hard	C	C	True	False	True	0.9811	0.9811	0.000621620000000001	0.9787	539.4
retrieval-miss:419193008	retrieval-miss	none	none	True	False	True	0.9986	0.9986	2.799999999999879e-06	0.9984	445.5
gold-removed:722034006	gold-removed	none	none	True	False		0.9897	0.9897	0.0001547899999999995	0.9884	542.2
easy:91968002	easy	B	B	True	True	True	0.9958	0.9958	2.6639999999999843e-05	0.9953	507.6
easy:85769006	easy	B	B	True	False	True	0.9929	0.9929	9.940999999999994e-05	0.992	473.0
retrieval-miss:359814004	retrieval-miss	none	none	True	False	True	1.0	1.0	0.0	1.0	531.1
hard:253020008	hard	G	A	False	False	True	0.9526	0.003	1.90340942	0.9467	528.7
hard:188241004	hard	E	E	True	True	False	0.8472	0.8472	0.046421770000000015	0.8281	458.4
hard:3944006	hard	H	none	False	True	True	0.9994	0.0001	1.99860057	0.9993	583.3
none-narrower:1186858000	none-narrower	none	none	True	False		0.9955	0.9955	3.714999999999954e-05	0.995	517.6
easy:72815004	easy	B	none	False	False	True	0.8631	0.1279	1.5055774899999999	0.846	441.2
none-narrower:55637002	none-narrower	none	none	True	False		0.9729	0.9729	0.0009479400000000006	0.9696	553.4
retrieval-miss:239869009	retrieval-miss	none	none	True	False	True	0.9988	0.9988	2.0999999999999494e-06	0.9987	521.8
hard:25044007	hard	A	A	True	True	False	0.9075	0.9075	0.016874940000000005	0.896	603.7
gold-removed:190745006	gold-removed	none	none	True	False		0.9375	0.9375	0.00580367	0.9296	542.8
gold-removed:126908007	gold-removed	none	none	True	False		0.8678	0.8678	0.03329988	0.8513	617.0
none-narrower:86333008	none-narrower	none	none	True	False		0.982	0.982	0.0005579300000000005	0.9798	555.9
hard:726341009	hard	A	A	True	True	False	0.9301	0.9301	0.008830349999999994	0.9213	633.6
gold-removed:719827008	gold-removed	none	none	True	False		0.9931	0.9931	8.502000000000024e-05	0.9922	675.0
easy:9245008	easy	H	H	True	True	False	0.9789	0.9789	0.0008904200000000003	0.9762	518.7
easy:237997005	easy	C	C	True	True	False	0.9953	0.9953	4.418000000000035e-05	0.9947	757.1
easy:253366007	easy	C	none	False	True	True	0.9624	0.0157	1.8953303	0.9577	542.3
easy:302226006	easy	E	E	True	False	True	0.9123	0.9123	0.01173625	0.9014	465.0
hard:95462004	hard	E	E	True	True	True	0.615	0.615	0.26760059999999997	0.5668	466.8
gold-removed:733492003	gold-removed	none	none	True	False		0.987	0.987	0.0002799900000000003	0.9853	586.1
gold-removed:302954008	gold-removed	none	none	True	False		0.9958	0.9958	2.4769999999999846e-05	0.9953	546.8
retrieval-miss:8829008	retrieval-miss	none	none	True	False	True	0.9984	0.9984	3.830000000000146e-06	0.9983	619.1
none-narrower:193436005	none-narrower	none	none	True	False		0.9994	0.9994	4.7000000000005395e-07	0.9993	494.2
hard:125603006	hard	H	H	True	True	False	0.99	0.99	0.0002000000000000002	0.9888	439.1
hard:280816001	hard	F	F	True	False	True	0.7904	0.7904	0.08475354	0.7642	584.4
hard:363427000	hard	D	none	False	True	True	0.6621	0.2801	0.9579787000000001	0.6199	570.8
none-narrower:253147000	none-narrower	none	E	False	False		0.7502	0.2477	1.12875672	0.7189	642.4
easy:720750004	easy	G	G	True	True	False	0.995	0.995	5.000000000000005e-05	0.9944	737.1
easy:84706005	easy	C	C	True	False	True	0.6549	0.6549	0.23818802	0.6117	522.9
hard:766705006	hard	D	D	True	False	True	0.9938	0.9938	7.687999999999979e-05	0.993	587.0
hard:302820008	hard	D	C	False	False	True	0.9956	0.0006	1.99003416	0.9951	534.4
none-narrower:402811003	none-narrower	none	none	True	False		0.9965	0.9965	1.6389999999999635e-05	0.9961	532.7
hard:717943008	hard	D	D	True	True	True	0.9923	0.9923	0.00011858000000000062	0.9913	652.1
easy:237913008	easy	A	A	True	True	False	0.9563	0.9563	0.0038193799999999972	0.9508	485.0
none-narrower:237622006	none-narrower	none	none	True	False		0.999	0.999	1.4600000000000017e-06	0.9989	593.8
none-narrower:1287336004	none-narrower	none	none	True	False		0.9988	0.9988	2.479999999999949e-06	0.9986	529.6
easy:62201009	easy	C	none	False	False	True	0.6463	0.353	0.8363130599999999	0.6021	574.9
gold-removed:62005008	gold-removed	none	none	True	False		0.9993	0.9993	9.800000000000474e-07	0.9992	523.5
retrieval-miss:15566009	retrieval-miss	none	none	True	False	True	0.983	0.983	0.00038652000000000055	0.9808	561.4
none-narrower:193185007	none-narrower	none	none	True	False		0.9918	0.9918	0.00013124999999999975	0.9908	497.1
retrieval-miss:274102007	retrieval-miss	none	none	True	False	True	0.9979	0.9979	5.769999999999962e-06	0.9976	486.9
none-narrower:609600000	none-narrower	none	none	True	False		0.9977	0.9977	8.069999999999857e-06	0.9974	498.5
gold-removed:698250005	gold-removed	none	none	True	False		0.9972	0.9972	1.2100000000000138e-05	0.9968	508.9
hard:702809001	hard	H	H	True	True	False	0.9703	0.9703	0.0017641799999999971	0.9665	621.0
hard:77090002	hard	E	E	True	True	False	0.9981	0.9981	6.850000000000048e-06	0.9979	474.8
retrieval-miss:147101000119108	retrieval-miss	none	none	True	False	True	0.9993	0.9993	8.600000000000475e-07	0.9993	534.4
retrieval-miss:277589003	retrieval-miss	none	none	True	False	True	0.6089	0.6089	0.29691288000000005	0.56	693.1
none-narrower:43742007	none-narrower	none	none	True	False		0.9993	0.9993	6.400000000000474e-07	0.9992	545.4
hard:54552008	hard	E	E	True	True	False	0.9886	0.9886	0.00024708999999999924	0.9871	476.7
easy:2032001	easy	H	none	False	False	True	0.8504	0.1495	1.4465304100000003	0.8317	567.5
hard:205484001	hard	E	E	True	True	True	0.9798	0.9798	0.0007518999999999998	0.9773	664.9
retrieval-miss:238824006	retrieval-miss	none	none	True	False	True	0.9999	0.9999	9.999999999997797e-09	0.9999	521.6
hard:15628003	hard	D	D	True	True	False	0.9981	0.9981	7.220000000000049e-06	0.9979	566.3
gold-removed:240453002	gold-removed	none	none	True	False		0.9762	0.9762	0.0011187400000000022	0.9732	491.4
none-narrower:342451000119108	none-narrower	none	none	True	False		0.7891	0.7891	0.08684513999999999	0.7628	538.5
none-narrower:298150009	none-narrower	none	none	True	False		0.9888	0.9888	0.0002227399999999997	0.9874	571.4
hard:402355000	hard	H	H	True	False	True	0.9954	0.9954	4.232000000000045e-05	0.9948	540.5
easy:24867002	easy	E	none	False	False	True	0.9952	0.0001	1.9902328200000001	0.9947	540.9
hard:234405009	hard	A	A	True	True	False	0.9904	0.9904	0.000173520000000001	0.9892	649.9
retrieval-miss:58729003	retrieval-miss	none	none	True	False	True	1.0	1.0	0.0	1.0	473.6
gold-removed:16059006	gold-removed	none	none	True	False		0.9999	0.9999	9.999999999997797e-09	0.9999	632.5
retrieval-miss:55711009	retrieval-miss	none	C	False	False	True	0.8442	0.1431	1.44703551	0.8248	685.6
easy:42786005	easy	E	none	False	False	True	0.9566	0.0412	1.83438542	0.9512	665.3
none-narrower:29320008	none-narrower	none	none	True	False		0.9843	0.9843	0.0004776400000000015	0.9823	542.6
hard:40272001	hard	H	none	False	False	True	0.9477	0.0424	1.8152252300000002	0.9411	491.7
gold-removed:389214003	gold-removed	none	none	True	False		0.9995	0.9995	4.999999999999449e-07	0.9994	644.1
retrieval-miss:367649002	retrieval-miss	none	none	True	False	True	1.0	1.0	0.0	1.0	487.1
gold-removed:92241005	gold-removed	none	none	True	False		0.9501	0.9501	0.004814310000000006	0.9438	516.9
gold-removed:234440005	gold-removed	none	none	True	False		0.9943	0.9943	3.8540000000000434e-05	0.9936	564.9
easy:1003375005	easy	B	none	False	True	False	0.9936	0.0008	1.9856707999999998	0.9927	585.3
none-narrower:323291000119108	none-narrower	none	none	True	False		0.9872	0.9872	0.00032013000000000093	0.9856	513.2
none-narrower:126754006	none-narrower	none	none	True	False		0.9716	0.9716	0.001180409999999999	0.968	558.2
easy:699315005	easy	A	A	True	True	True	0.8992	0.8992	0.02018102	0.8866	513.7
easy:3951002	easy	A	A	True	False	True	0.4953	0.4953	0.49148234999999996	0.4322	473.9
gold-removed:28835009	gold-removed	none	none	True	False		0.9935	0.9935	5.0239999999999356e-05	0.9927	565.7
retrieval-miss:193687000	retrieval-miss	none	D	False	False	True	0.9803	0.0193	1.9227607399999997	0.9778	523.2
easy:233815004	easy	D	none	False	False	True	0.9171	0.0661	1.71345096	0.9067	491.1
none-narrower:370481004	none-narrower	none	none	True	False		0.9992	0.9992	1.1300000000000366e-06	0.9991	522.1
none-narrower:109630002	none-narrower	none	none	True	False		0.9968	0.9968	1.8669999999999874e-05	0.9964	531.2
gold-removed:238926009	gold-removed	none	none	True	False		0.9977	0.9977	6.999999999999856e-06	0.9974	684.9
hard:418763003	hard	B	B	True	True	False	0.9906	0.9906	0.00017671999999999932	0.9894	531.7
hard:254771006	hard	H	H	True	True	False	0.9539	0.9539	0.004159870000000003	0.9482	582.1
easy:254831005	easy	B	B	True	True	False	0.9074	0.9074	0.017057270000000003	0.8959	537.1
hard:371979001	hard	G	G	True	True	True	0.9482	0.9482	0.005294639999999996	0.9417	472.1
hard:60232001	hard	E	E	True	True	False	0.9959	0.9959	3.280999999999994e-05	0.9954	567.1
none-narrower:94695009	none-narrower	none	none	True	False		0.9934	0.9934	8.206000000000066e-05	0.9926	438.4
none-narrower:422061002	none-narrower	none	none	True	False		0.9023	0.9023	0.014283970000000002	0.8901	481.8
retrieval-miss:65038009	retrieval-miss	none	none	True	False	True	0.9967	0.9967	1.47299999999998e-05	0.9962	439.8
hard:724072002	hard	H	none	False	False	True	0.7712	0.1677	1.2911573	0.7426	622.5
retrieval-miss:253031000	retrieval-miss	none	none	True	False	True	0.9093	0.9093	0.013670290000000002	0.898	589.9
easy:711164003	easy	A	A	True	True	False	0.9647	0.9647	0.0024921799999999997	0.9603	633.8
easy:367542003	easy	E	E	True	True	False	0.6577	0.6577	0.23427013000000002	0.6149	637.0
easy:419645003	easy	A	A	True	True	True	0.9468	0.9468	0.005607690000000002	0.9402	567.4
none-narrower:232402006	none-narrower	none	none	True	False		0.9938	0.9938	5.54999999999998e-05	0.993	562.9
retrieval-miss:58263000	retrieval-miss	none	none	True	False	True	0.997	0.997	1.4890000000000015e-05	0.9966	660.6
hard:230655004	hard	H	H	True	True	False	0.9843	0.9843	0.00047769000000000153	0.9824	452.7
easy:721311006	easy	F	F	True	True	False	0.984	0.984	0.0004580600000000005	0.9821	662.6
hard:766756002	hard	B	B	True	True	False	0.9972	0.9972	1.5680000000000138e-05	0.9969	649.2
gold-removed:29248006	gold-removed	none	none	True	False		0.9774	0.9774	0.0007748499999999979	0.9746	689.2
easy:82661006	easy	B	B	True	True	False	0.9043	0.9043	0.018221630000000003	0.8924	512.3
easy:10890000	easy	G	G	True	True	False	0.9558	0.9558	0.003854800000000002	0.9502	637.6
gold-removed:715442006	gold-removed	none	none	True	False		0.9963	0.9963	2.2790000000000268e-05	0.9958	739.5
none-narrower:109347009	none-narrower	none	none	True	False		0.9884	0.9884	0.00017129000000000124	0.987	533.8
easy:92169007	easy	B	B	True	True	True	0.9885	0.9885	0.0002599499999999989	0.9871	534.6
gold-removed:719660008	gold-removed	none	none	True	False		0.9914	0.9914	0.0001100000000000009	0.9903	668.8
hard:118615008	hard	C	none	False	False	True	0.9149	0.0579	1.7252969700000003	0.9043	537.2
easy:95211004	easy	A	A	True	False	True	0.8471	0.8471	0.04675682000000002	0.828	529.4
hard:404065000	hard	E	E	True	True	False	0.9932	0.9932	9.249000000000038e-05	0.9923	522.6
retrieval-miss:126550004	retrieval-miss	none	none	True	False	True	0.9986	0.9986	2.7699999999998795e-06	0.9985	578.1
easy:29731002	easy	A	A	True	True	False	0.9952	0.9952	4.608000000000025e-05	0.9946	532.9
none-narrower:127104002	none-narrower	none	none	True	False		0.9999	0.9999	1.9999999999997797e-08	0.9999	593.8
hard:363425008	hard	B	none	False	True	True	0.831	0.156	1.40302125	0.8099	561.2
hard:398670003	hard	D	D	True	True	True	0.9323	0.9323	0.009045979999999999	0.9238	552.3
none-narrower:12011009	none-narrower	none	none	True	False		0.999	0.999	1.4100000000000017e-06	0.9989	455.2
easy:274142002	easy	G	F	False	False	True	0.9058	0.0007	1.8278163800000002	0.894	546.0
hard:763279007	hard	F	F	True	True	True	0.9861	0.9861	0.0003864200000000006	0.9843	599.6
retrieval-miss:254782003	retrieval-miss	none	none	True	False	True	0.999	0.999	1.2300000000000018e-06	0.9989	581.1
hard:76976005	hard	G	G	True	True	False	0.9722	0.9722	0.0014917300000000027	0.9687	489.0
none-narrower:60023006	none-narrower	none	none	True	False		0.998	0.998	8.000000000000008e-06	0.9977	531.8
hard:254976006	hard	B	B	True	True	False	0.9798	0.9798	0.0008080499999999998	0.9773	560.6
none-narrower:126726004	none-narrower	none	none	True	False		0.9512	0.9512	0.003821939999999995	0.9451	593.6
gold-removed:25906001	gold-removed	none	none	True	False		0.9598	0.9598	0.002776230000000001	0.9548	501.1
none-narrower:78974003	none-narrower	none	none	True	False		0.9882	0.9882	0.00026488000000000076	0.9867	546.2
