item_id	tier	truth	pred	hit	lex_hit	ambiguous	p_top	p_truth	brier	confidence	latency_ms
hard:253006001	hard	A	A	True	True		0.6447	0.6447	0.15591470999999998	0.6003	22115.9
hard:363477002	hard	B	B	True	False		0.4645	0.4645	0.39367733	0.3976	324.1
hard:445187004	hard	A	A	True	True		0.694	0.694	0.11778179000000003	0.6557	329.8
easy:274947007	easy	A	A	True	True		0.5563	0.5563	0.258961	0.5008	316.4
hard:268262006	hard	A	A	True	True		0.3868	0.3868	0.4934001999999999	0.3101	317.5
none-narrower:308123002	none-narrower	none	H	False	False		0.252	0.173	0.8129945499999999	0.1585	236.6
easy:415238003	easy	A	A	True	True		0.7553	0.7553	0.07344980000000002	0.7248	156.2
easy:70272006	easy	A	A	True	True		0.4845	0.4845	0.33210858000000004	0.4201	232.8
easy:422437002	easy	A	A	True	True		0.7989	0.7989	0.05074388999999998	0.7738	1733.6
easy:722117000	easy	A	A	True	True		0.6409	0.6409	0.16018473999999994	0.596	155.7
hard:254146000	hard	C	A	False	False		0.646	0.0662	1.3274464099999999	0.6018	88.9
easy:397868007	easy	A	none	False	True		0.4896	0.2863	0.75725409	0.4258	314.2
easy:238735005	easy	A	A	True	True		0.5558	0.5558	0.24455432000000005	0.5003	160.6
easy:722294004	easy	A	B	False	True		0.3481	0.2807	0.6676755700000001	0.2666	235.4
easy:303852004	easy	A	A	True	True		0.8053	0.8053	0.04925080999999999	0.781	96.4
easy:154283005	easy	A	A	True	True		0.5212	0.5212	0.33227397	0.4613	80.3
none-narrower:1259580000	none-narrower	none	A	False	False		0.4771	0.2204	0.8607622399999999	0.4118	96.6
none-narrower:53933002	none-narrower	none	none	True	False		0.3402	0.3402	0.5423838999999999	0.2578	82.3
hard:237613005	hard	A	A	True	True		0.6284	0.6284	0.17911323000000004	0.5819	163.8
retrieval-miss:26715006	retrieval-miss	none	A	False	False		0.4934	0.2008	0.9094892300000001	0.4301	308.5
easy:717772000	easy	A	A	True	True		0.8525	0.8525	0.028821539999999993	0.8341	77.4
hard:232016005	hard	A	A	True	True		0.7929	0.7929	0.059354929999999986	0.7671	24.2
none-narrower:1268955002	none-narrower	none	A	False	False		0.6503	0.1436	1.1667447700000002	0.6066	24.5
hard:448227009	hard	A	B	False	True		0.326	0.2221	0.7536205700000002	0.2418	24.6
hard:698851003	hard	D	D	True	False		0.2991	0.2991	0.5987067400000001	0.2114	85.2
hard:703388005	hard	A	A	True	True		0.7775	0.7775	0.06521784000000001	0.7497	82.8
easy:720401009	easy	A	A	True	True		0.6327	0.6327	0.16256631999999996	0.5867	82.9
easy:15228007	easy	A	A	True	True		0.4495	0.4495	0.42603796999999993	0.3807	24.8
easy:297232009	easy	A	A	True	True		0.5086	0.5086	0.29495483999999994	0.4472	68.8
easy:230782004	easy	A	A	True	True		0.5375	0.5375	0.26361212	0.4796	167.8
easy:92439006	easy	A	A	True	True		0.7679	0.7679	0.06938973999999999	0.7389	24.7
easy:193839007	easy	A	A	True	True		0.5956	0.5956	0.21350075999999998	0.5451	61.0
easy:197601003	easy	A	A	True	True		0.5158	0.5158	0.2747739699999999	0.4552	24.2
none-narrower:203245006	none-narrower	none	none	True	False		0.2744	0.2744	0.6039339800000001	0.1837	24.2
easy:764854006	easy	A	A	True	True		0.76	0.76	0.07413832	0.7301	24.3
none-narrower:1142265002	none-narrower	none	none	True	False		0.3109	0.3109	0.5514379200000001	0.2247	23.9
easy:717360009	easy	A	A	True	True		0.6034	0.6034	0.1913988	0.5538	25.8
hard:190808009	hard	A	A	True	True		0.601	0.601	0.20417708	0.5511	70.5
none-narrower:1177030007	none-narrower	none	A	False	False		0.512	0.2749	0.8154094700000001	0.451	24.4
retrieval-miss:82639001	retrieval-miss	none	A	False	False		0.7374	0.1851	1.2097062000000003	0.7046	24.9
hard:86489003	hard	A	A	True	True		0.6552	0.6552	0.15847546999999998	0.6121	25.0
hard:448045004	hard	A	A	True	True		0.7839	0.7839	0.06297666999999998	0.7569	24.9
hard:719017003	hard	A	A	True	True		0.4285	0.4285	0.4428376	0.3571	25.8
easy:722201004	easy	A	A	True	True		0.8431	0.8431	0.03434216000000001	0.8234	87.1
easy:78267003	easy	A	none	False	True		0.3731	0.3431	0.5997817599999999	0.2948	76.2
easy:119422004	easy	A	A	True	True		0.4089	0.4089	0.4261694199999999	0.335	24.7
easy:297238008	easy	A	A	True	True		0.5366	0.5366	0.28034268	0.4787	26.3
none-narrower:1162315003	none-narrower	none	none	True	False		0.3415	0.3415	0.58592026	0.2592	24.6
easy:439732004	easy	A	none	False	True		0.2562	0.2536	0.6616420599999998	0.1633	25.0
hard:275437005	hard	B	B	True	False		0.3567	0.3567	0.4974693199999999	0.2763	24.2
none-narrower:280967004	none-narrower	none	none	True	False		0.2628	0.2628	0.6414533700000001	0.1706	24.5
easy:89141000	easy	A	A	True	True		0.5816	0.5816	0.20738695	0.5293	24.8
none-narrower:26681001	none-narrower	none	B	False	False		0.437	0.2445	0.7801814800000001	0.3666	91.5
retrieval-miss:265377002	retrieval-miss	none	B	False	False		0.3792	0.2392	0.75147066	0.3016	24.1
easy:82275008	easy	A	A	True	True		0.3972	0.3972	0.50742725	0.3218	82.1
hard:46683007	hard	A	A	True	True		0.7684	0.7684	0.07064931000000002	0.7394	166.1
none-narrower:323321000119100	none-narrower	none	A	False	False		0.4229	0.1866	0.9403039200000001	0.3508	24.1
none-narrower:190979003	none-narrower	none	A	False	False		0.4904	0.2385	0.8371909700000002	0.4267	25.7
easy:738527001	easy	D	D	True	False		0.3836	0.3836	0.47365862000000003	0.3065	218.2
easy:724095006	easy	A	A	True	True		0.7939	0.7939	0.05952191999999998	0.7681	65.7
easy:719009006	easy	A	B	False	True		0.4055	0.1959	0.8471803800000002	0.3311	25.4
none-narrower:71799002	none-narrower	none	none	True	False		0.1989	0.1989	0.7344166500000001	0.0988	25.7
none-narrower:17960009	none-narrower	none	none	True	False		0.3554	0.3554	0.5060879800000001	0.2749	84.1
easy:448709005	easy	A	A	True	True		0.5559	0.5559	0.24477940000000006	0.5004	81.1
easy:2593002	easy	A	A	True	True		0.7286	0.7286	0.10135195999999998	0.6947	25.3
none-narrower:197342009	none-narrower	none	A	False	False		0.2543	0.2139	0.73706042	0.1611	24.5
hard:725464001	hard	A	A	True	True		0.768	0.768	0.07022108999999999	0.739	167.2
easy:63302006	easy	A	A	True	True		0.5057	0.5057	0.34378101	0.4439	68.2
hard:52868006	hard	A	A	True	True		0.5102	0.5102	0.29527885	0.449	24.5
easy:448668007	easy	A	A	True	True		0.8041	0.8041	0.061154869999999986	0.7797	23.8
retrieval-miss:254185007	retrieval-miss	none	A	False	False		0.1938	0.1871	0.76366432	0.093	117.5
hard:70422006	hard	A	A	True	True		0.6246	0.6246	0.17501091999999996	0.5777	23.9
easy:399956005	easy	A	A	True	True		0.5222	0.5222	0.27699176	0.4625	24.7
hard:26132002	hard	A	A	True	True		0.656	0.656	0.15091933	0.613	26.0
none-narrower:234503004	none-narrower	none	H	False	False		0.4637	0.2872	0.74377512	0.3966	23.9
easy:109558001	easy	D	none	False	False		0.2755	0.2175	0.7901991799999999	0.1849	23.9
retrieval-miss:59252009	retrieval-miss	none	A	False	False		0.7743	0.12	1.37653444	0.7461	83.2
easy:30800001	easy	A	A	True	True		0.5626	0.5626	0.25260906	0.5079	25.7
retrieval-miss:195029002	retrieval-miss	none	A	False	False		0.5981	0.1783	1.04984003	0.5479	25.7
none-narrower:196754001	none-narrower	none	none	True	False		0.366	0.366	0.47809372000000006	0.2867	212.5
easy:238001003	easy	A	D	False	True		0.4735	0.2477	0.8145599499999999	0.4077	26.0
easy:200973000	easy	A	A	True	True		0.3771	0.3771	0.44795617000000004	0.2992	24.7
easy:403946000	easy	A	A	True	True		0.5512	0.5512	0.24991344999999998	0.4951	80.8
easy:91514001	easy	A	A	True	True		0.5968	0.5968	0.21229181	0.5464	211.6
none-narrower:95039009	none-narrower	none	none	True	False		0.2908	0.2908	0.5937779000000001	0.2022	23.9
none-narrower:1148523003	none-narrower	none	none	True	False		0.2743	0.2743	0.62580517	0.1836	24.5
easy:720514008	easy	A	A	True	True		0.787	0.787	0.06127220999999999	0.7604	81.8
none-narrower:1254852008	none-narrower	none	A	False	False		0.5323	0.087	1.1682615	0.4738	82.2
easy:719817002	easy	A	A	True	True		0.5134	0.5134	0.30009846000000007	0.4526	80.1
hard:47903000	hard	A	A	True	True		0.3564	0.3564	0.50723977	0.2759	25.3
hard:24069003	hard	A	A	True	True		0.5844	0.5844	0.21379083999999993	0.5325	23.8
hard:742876007	hard	A	A	True	True		0.6288	0.6288	0.17553184	0.5824	85.9
easy:363495004	easy	A	none	False	True		0.3298	0.216	0.7825462900000001	0.2461	23.9
easy:55031000	easy	A	A	True	True		0.5264	0.5264	0.27608190000000005	0.4672	23.2
easy:11380006	easy	A	A	True	True		0.5317	0.5317	0.2658727700000001	0.4731	69.3
hard:126835002	hard	A	A	True	True		0.4684	0.4684	0.35051940000000004	0.402	24.1
hard:86133004	hard	A	A	True	True		0.355	0.355	0.50307904	0.2744	25.3
easy:61565001	easy	A	A	True	True		0.4144	0.4144	0.4255672200000001	0.3412	24.0
easy:271432005	easy	A	A	True	True		0.5932	0.5932	0.21539351000000004	0.5423	24.1
hard:699866005	hard	A	A	True	True		0.3005	0.3005	0.60728048	0.213	24.9
hard:363391009	hard	A	A	True	True		0.4394	0.4394	0.38534124999999997	0.3693	23.7
none-narrower:431856006	none-narrower	none	none	True	False		0.3503	0.3503	0.5064678599999999	0.2691	22.6
hard:230724001	hard	A	A	True	True		0.6799	0.6799	0.13398927000000002	0.6398	24.3
easy:5217008	easy	A	A	True	True		0.5365	0.5365	0.27816989999999997	0.4785	25.8
none-narrower:240499000	none-narrower	none	G	False	False		0.335	0.2544	0.7106890000000001	0.2519	23.9
hard:72925005	hard	D	A	False	False		0.3443	0.0709	1.11501504	0.2623	25.7
hard:110979008	hard	A	A	True	True		0.4517	0.4517	0.36951040999999996	0.3831	22.8
none-narrower:311000119101	none-narrower	none	A	False	False		0.4522	0.1886	0.88892909	0.3837	23.2
none-narrower:773774000	none-narrower	none	A	False	False		0.7477	0.1191	1.3396618800000002	0.7162	91.8
none-narrower:302909007	none-narrower	none	A	False	False		0.3321	0.2549	0.70275307	0.2486	24.1
easy:230228004	easy	A	A	True	True		0.6945	0.6945	0.11262132000000001	0.6563	61.5
hard:700056005	hard	A	A	True	True		0.6415	0.6415	0.15817936	0.5966	23.1
hard:414783007	hard	A	A	True	True		0.6214	0.6214	0.17523772000000004	0.574	24.7
hard:724282009	hard	A	A	True	True		0.7721	0.7721	0.06931351	0.7436	24.2
easy:363394001	easy	A	C	False	True		0.3376	0.257	0.70626283	0.2548	24.7
none-narrower:95753002	none-narrower	none	A	False	False		0.6516	0.1634	1.1297943	0.608	118.8
none-narrower:43100002	none-narrower	none	none	True	False		0.2596	0.2596	0.63214555	0.167	102.0
easy:72621003	easy	A	A	True	True		0.4923	0.4923	0.36653575000000005	0.4289	22.5
easy:302226006	easy	F	F	True	False		0.543	0.543	0.26654272999999995	0.4859	22.7
hard:236740006	hard	B	B	True	False		0.2725	0.2725	0.6466594600000002	0.1815	24.7
none-narrower:12203991000119100	none-narrower	none	A	False	False		0.3403	0.2519	0.70763349	0.2578	24.2
hard:48718006	hard	A	A	True	True		0.5714	0.5714	0.22130321	0.5179	25.2
hard:414545008	hard	A	none	False	True		0.4094	0.0775	1.0841124	0.3355	24.6
retrieval-miss:312912001	retrieval-miss	none	none	True	False		0.5176	0.5176	0.27405366000000003	0.4573	24.4
easy:177504007	easy	A	A	True	True		0.5961	0.5961	0.23488156000000002	0.5456	126.7
none-narrower:32130001000004108	none-narrower	none	H	False	False		0.2976	0.2918	0.67324224	0.2098	23.7
hard:698247007	hard	A	A	True	True		0.3284	0.3284	0.54536318	0.2444	24.9
easy:7847004	easy	A	A	True	True		0.5223	0.5223	0.28890541000000003	0.4625	24.3
hard:725591002	hard	A	A	True	True		0.647	0.647	0.16827394	0.6029	24.6
none-narrower:312601003	none-narrower	none	A	False	False		0.288	0.2189	0.73752353	0.199	23.9
none-narrower:682421000119104	none-narrower	none	A	False	False		0.7491	0.107	1.3618511	0.7178	24.9
hard:186499007	hard	A	A	True	True		0.7151	0.7151	0.10627999000000002	0.6795	26.0
hard:699189004	hard	A	A	True	True		0.6387	0.6387	0.16072224999999996	0.5935	91.7
hard:3577000	hard	A	A	True	True		0.4158	0.4158	0.40800229000000005	0.3427	111.0
none-narrower:700346002	none-narrower	none	A	False	False		0.3323	0.1757	0.84696179	0.2488	23.0
none-narrower:92901000087104	none-narrower	none	C	False	False		0.3577	0.2846	0.6684196900000001	0.2774	20.3
hard:91978004	hard	A	A	True	True		0.5519	0.5519	0.23838359000000003	0.4958	25.0
none-narrower:1255207005	none-narrower	none	A	False	False		0.7658	0.1296	1.3466431100000003	0.7366	26.0
easy:703267003	easy	A	A	True	True		0.5094	0.5094	0.32006942000000005	0.4481	25.1
hard:765487008	hard	A	A	True	True		0.645	0.645	0.16145065	0.6006	166.0
retrieval-miss:445918001	retrieval-miss	none	none	True	False		0.3148	0.3148	0.55676577	0.2292	23.1
none-narrower:235608007	none-narrower	none	A	False	False		0.3946	0.1944	0.83857128	0.3189	24.9
hard:68566005	hard	D	D	True	False		0.3482	0.3482	0.5471539599999999	0.2667	23.9
easy:239065004	easy	C	A	False	False		0.5286	0.1884	0.9757966699999998	0.4697	103.8
retrieval-miss:238020001	retrieval-miss	none	B	False	False		0.3627	0.2172	0.81339368	0.2831	24.1
none-narrower:15735161000119106	none-narrower	none	A	False	False		0.2575	0.2045	0.76617867	0.1647	23.8
easy:702448007	easy	A	A	True	True		0.5351	0.5351	0.26329884	0.477	24.6
none-narrower:704059008	none-narrower	none	A	False	False		0.5198	0.1992	0.93870155	0.4598	90.0
easy:87211000119104	easy	A	A	True	True		0.7685	0.7685	0.06754653000000002	0.7396	101.6
hard:371582002	hard	D	none	False	False		0.3031	0.1167	0.9391520200000001	0.216	157.4
none-narrower:8445003	none-narrower	none	none	True	False		0.403	0.403	0.46001205999999994	0.3284	23.8
hard:48868008	hard	A	A	True	True		0.5853	0.5853	0.22231924999999997	0.5334	22.7
easy:403803002	easy	A	A	True	True		0.7792	0.7792	0.06761217	0.7516	100.7
easy:254950006	easy	A	A	True	True		0.5393	0.5393	0.26171912	0.4817	23.9
easy:302829009	easy	A	A	True	True		0.4715	0.4715	0.36246423	0.4054	24.3
hard:35728003	hard	A	A	True	True		0.5817	0.5817	0.20989575	0.5294	26.0
easy:93468003	easy	A	A	True	True		0.5	0.5	0.34185322	0.4375	24.3
hard:33793000	hard	A	A	True	True		0.6709	0.6709	0.15961116999999997	0.6298	23.2
easy:76047005	easy	A	A	True	True		0.3268	0.3268	0.5533564000000001	0.2427	25.8
none-narrower:188289008	none-narrower	none	none	True	False		0.3674	0.3674	0.49529138000000006	0.2883	24.7
hard:720501007	hard	A	A	True	True		0.7273	0.7273	0.09126096000000003	0.6932	24.7
easy:197480006	easy	A	A	True	True		0.4246	0.4246	0.40265474000000007	0.3527	174.7
hard:237965005	hard	A	A	True	True		0.5945	0.5945	0.21286533	0.5439	24.3
hard:11010461000119101	hard	A	A	True	True		0.4203	0.4203	0.40426518999999994	0.3479	25.8
hard:50658006	hard	A	A	True	True		0.5368	0.5368	0.29083782999999996	0.4789	101.6
hard:717632002	hard	A	A	True	True		0.7253	0.7253	0.09415337000000006	0.691	166.9
hard:237706000	hard	A	A	True	True		0.4085	0.4085	0.4420018300000001	0.3345	24.8
easy:716647001	easy	A	A	True	True		0.4342	0.4342	0.4330647200000001	0.3635	24.8
none-narrower:121131000119109	none-narrower	none	C	False	False		0.5555	0.1043	1.1488296399999998	0.4999	24.6
easy:204552001	easy	A	A	True	True		0.6578	0.6578	0.14764852999999997	0.6151	24.2
easy:197442005	easy	A	A	True	True		0.4099	0.4099	0.4571204900000001	0.3361	23.2
easy:186973005	easy	A	A	True	True		0.3123	0.3123	0.5975354199999999	0.2263	22.9
hard:73843004	hard	A	H	False	True		0.3057	0.2106	0.7571977999999999	0.2189	316.9
none-narrower:16026631000119103	none-narrower	none	none	True	False		0.2583	0.2583	0.65751883	0.1656	25.6
hard:721629005	hard	A	A	True	True		0.4919	0.4919	0.34159517000000006	0.4284	25.8
hard:720954000	hard	A	A	True	True		0.7331	0.7331	0.08977306000000003	0.6997	102.1
easy:45650007	easy	A	A	True	True		0.4703	0.4703	0.33193096	0.4041	24.5
none-narrower:309760004	none-narrower	none	none	True	False		0.2573	0.2573	0.63909104	0.1645	23.2
none-narrower:551621000124109	none-narrower	none	A	False	False		0.4447	0.17	0.9282203099999999	0.3753	24.5
hard:3752003	hard	A	A	True	True		0.7733	0.7733	0.07077354000000001	0.745	106.7
easy:718717004	easy	A	A	True	True		0.6819	0.6819	0.12556726	0.6422	26.0
easy:420120006	easy	A	A	True	True		0.8126	0.8126	0.04635352000000001	0.7891	26.1
hard:716008002	hard	A	A	True	True		0.7647	0.7647	0.07175561999999998	0.7352	101.9
hard:92060009	hard	A	A	True	True		0.4865	0.4865	0.3487546000000001	0.4223	24.1
none-narrower:353921000119103	none-narrower	none	A	False	False		0.7201	0.0828	1.37105891	0.6851	157.1
none-narrower:719860006	none-narrower	none	A	False	False		0.309	0.1327	0.9537239399999999	0.2226	22.6
hard:725390002	hard	A	C	False	True		0.4917	0.3548	0.6694295100000002	0.4282	227.8
retrieval-miss:73123008	retrieval-miss	none	none	True	False		0.2733	0.2733	0.62640092	0.1824	24.9
none-narrower:61048000	none-narrower	none	A	False	False		0.3508	0.1876	0.83309287	0.2696	24.7
easy:68409003	easy	C	none	False	False		0.2867	0.1806	0.8117464099999999	0.1975	24.4
hard:719574007	hard	A	A	True	True		0.6768	0.6768	0.13112842000000002	0.6365	103.3
easy:230500006	easy	A	A	True	True		0.4758	0.4758	0.34673275000000003	0.4103	24.0
hard:23412002	hard	A	A	True	True		0.5693	0.5693	0.23368413	0.5155	24.7
none-narrower:191692007	none-narrower	none	none	True	False		0.4592	0.4592	0.37281828999999994	0.3916	22.9
easy:763739002	easy	A	A	True	True		0.7721	0.7721	0.07939761000000001	0.7436	103.2
none-narrower:721166000	none-narrower	none	G	False	False		0.3581	0.3556	0.564067	0.2779	24.0
easy:17585008	easy	A	A	True	True		0.5005	0.5005	0.3066760800000001	0.4381	24.0
easy:92039003	easy	A	A	True	True		0.3885	0.3885	0.5504476199999999	0.312	24.5
hard:709416009	hard	A	A	True	True		0.5548	0.5548	0.24799275000000004	0.4992	24.6
easy:715752006	easy	A	A	True	True		0.562	0.562	0.22620866999999997	0.5073	161.8
hard:702442008	hard	A	A	True	True		0.6782	0.6782	0.15344661999999998	0.6379	96.1
none-narrower:1231727005	none-narrower	none	none	True	False		0.232	0.232	0.6901629300000001	0.136	24.0
easy:48553001	easy	A	A	True	True		0.6929	0.6929	0.12868908	0.6546	22.9
hard:763774001	hard	A	A	True	True		0.6765	0.6765	0.13267516000000001	0.6361	25.9
easy:765485000	easy	A	A	True	True		0.6574	0.6574	0.15014332000000002	0.6146	103.7
hard:28987007	hard	A	A	True	True		0.4725	0.4725	0.3398918300000001	0.4066	24.5
hard:233858000	hard	A	A	True	True		0.5364	0.5364	0.3154459	0.4785	23.2
easy:702375004	easy	A	A	True	True		0.5322	0.5322	0.27463732	0.4738	24.1
hard:194350005	hard	A	A	True	True		0.4158	0.4158	0.40705405000000006	0.3428	20.5
easy:91955005	easy	A	A	True	True		0.5687	0.5687	0.23132584	0.5148	25.9
hard:126971002	hard	A	A	True	True		0.5362	0.5362	0.2661391	0.4782	25.5
none-narrower:773700005	none-narrower	none	A	False	False		0.6876	0.1308	1.23533807	0.6486	25.4
easy:126834003	easy	A	A	True	True		0.567	0.567	0.23473194000000003	0.5129	25.5
easy:766937004	easy	A	A	True	True		0.8717	0.8717	0.024141769999999993	0.8557	234.1
hard:719268008	hard	A	A	True	True		0.7274	0.7274	0.11083926999999998	0.6934	24.1
easy:6121001	easy	A	B	False	True		0.6767	0.1399	1.2135441399999998	0.6363	24.0
easy:13706005	easy	A	A	True	True		0.6567	0.6567	0.14683736000000003	0.6138	22.5
hard:109475005	hard	A	none	False	True		0.173	0.1498	0.8299559200000001	0.0696	24.7
hard:190953007	hard	A	A	True	True		0.6967	0.6967	0.12713619	0.6588	23.0
hard:126880001	hard	A	A	True	True		0.646	0.646	0.17602099999999998	0.6017	24.3
easy:271569006	easy	A	A	True	True		0.4455	0.4455	0.37788677000000004	0.3762	20.2
easy:92756002	easy	A	A	True	True		0.696	0.696	0.12055411000000002	0.658	24.4
none-narrower:191508007	none-narrower	none	H	False	False		0.7101	0.2315	1.09577131	0.6739	24.8
hard:57406009	hard	A	A	True	True		0.6096	0.6096	0.19505232999999997	0.5608	25.0
none-narrower:1351962002	none-narrower	none	A	False	False		0.7499	0.1357	1.3114601500000003	0.7186	25.0
easy:47673003	easy	A	A	True	True		0.6402	0.6402	0.18721611999999999	0.5952	25.9
easy:279081001	easy	A	B	False	True		0.7087	0.1127	1.30094673	0.6723	24.7
retrieval-miss:91390005	retrieval-miss	none	none	True	False		0.2834	0.2834	0.6301663	0.1939	23.2
hard:85478004	hard	A	A	True	True		0.3441	0.3441	0.5199943199999999	0.2621	22.8
hard:723622007	hard	A	A	True	True		0.7014	0.7014	0.11202870999999998	0.664	108.1
none-narrower:251160002	none-narrower	none	B	False	False		0.2803	0.1274	0.9235140700000001	0.1904	85.3
easy:71638002	easy	A	A	True	True		0.3579	0.3579	0.52093298	0.2776	19.6
easy:715866009	easy	A	A	True	True		0.5121	0.5121	0.31548635999999997	0.4511	24.9
easy:236302005	easy	A	A	True	True		0.5958	0.5958	0.20927193	0.5452	24.7
none-narrower:191519005	none-narrower	none	none	True	False		0.2869	0.2869	0.5996504500000002	0.1977	24.7
none-narrower:770679002	none-narrower	none	B	False	False		0.8478	0.0792	1.5678301099999998	0.8287	25.8
hard:254666005	hard	A	A	True	True		0.3894	0.3894	0.47771963000000006	0.313	24.4
hard:724064004	hard	A	A	True	True		0.7716	0.7716	0.07495157000000002	0.743	109.0
easy:254627002	easy	A	A	True	True		0.4428	0.4428	0.39410047999999986	0.3732	98.5
hard:717044000	hard	A	A	True	True		0.2854	0.2854	0.5920866300000001	0.196	99.5
none-narrower:253204009	none-narrower	none	none	True	False		0.32	0.32	0.5356448899999999	0.235	22.9
easy:72262000	easy	A	A	True	True		0.475	0.475	0.34599588	0.4094	24.0
hard:378007	hard	A	none	False	True		0.3604	0.1679	0.8964764100000001	0.2805	23.2
hard:445738007	hard	B	A	False	False		0.4077	0.3435	0.6205283599999999	0.3337	25.8
hard:43339004	hard	A	none	False	True		0.2717	0.1763	0.8344004600000001	0.1806	26.2
easy:428850001	easy	A	A	True	True		0.8512	0.8512	0.031117890000000016	0.8326	91.9
hard:363414004	hard	B	B	True	False		0.2418	0.2418	0.69853371	0.147	24.5
easy:71912000	easy	A	A	True	True		0.378	0.378	0.47012351	0.3003	22.5
none-narrower:700458001	none-narrower	none	A	False	False		0.5774	0.2492	0.9023275500000001	0.5245	24.5
hard:19943007	hard	A	A	True	True		0.7152	0.7152	0.11042580000000003	0.6796	23.0
hard:717941005	hard	A	A	True	True		0.6541	0.6541	0.1573568	0.6109	24.1
easy:70572005	easy	A	A	True	True		0.4804	0.4804	0.33439200000000013	0.4155	24.1
easy:57203004	easy	A	A	True	True		0.3745	0.3745	0.4755906299999999	0.2963	22.7
none-narrower:448776002	none-narrower	none	none	True	False		0.3674	0.3674	0.4713327400000001	0.2883	23.9
hard:719836007	hard	A	B	False	True		0.2717	0.2442	0.727158	0.1807	105.6
easy:275481002	easy	A	A	True	True		0.463	0.463	0.35206379999999987	0.3958	22.9
easy:766981007	easy	A	A	True	True		0.5842	0.5842	0.22705780999999997	0.5322	100.1
easy:126790004	easy	A	A	True	True		0.5865	0.5865	0.2048022	0.5348	24.5
none-narrower:202941002	none-narrower	none	C	False	False		0.4416	0.2443	0.7869981400000001	0.3718	23.9
hard:91273001	hard	A	A	True	True		0.527	0.527	0.27457618	0.4679	24.1
none-narrower:771515001	none-narrower	none	A	False	False		0.6777	0.1416	1.20150603	0.6375	26.0
hard:726345000	hard	A	A	True	True		0.5043	0.5043	0.3055733200000001	0.4423	24.7
hard:26111005	hard	A	A	True	True		0.3679	0.3679	0.4792284999999999	0.2888	23.2
none-narrower:703223000	none-narrower	none	A	False	False		0.4367	0.1671	0.93417715	0.3663	24.5
easy:254778000	easy	A	A	True	True		0.7976	0.7976	0.05840573000000001	0.7723	24.9
easy:9740002	easy	A	A	True	True		0.3874	0.3874	0.49500832000000006	0.3109	170.8
easy:59655002	easy	A	A	True	True		0.4269	0.4269	0.42019450999999997	0.3553	99.1
easy:405501007	easy	A	A	True	True		0.4052	0.4052	0.43287113000000005	0.3308	82.4
hard:763128009	hard	A	A	True	True		0.8073	0.8073	0.05155704	0.7832	23.9
hard:363443007	hard	A	A	True	True		0.3419	0.3419	0.5139434700000001	0.2597	25.4
hard:28488007	hard	A	A	True	True		0.6849	0.6849	0.12551600000000002	0.6455	25.4
easy:764994007	easy	A	A	True	True		0.7359	0.7359	0.08962748999999998	0.7029	97.3
easy:733518000	easy	A	A	True	True		0.6303	0.6303	0.1656795	0.5841	98.5
easy:720955004	easy	A	A	True	True		0.7272	0.7272	0.09357776000000002	0.6931	25.4
easy:44697002	easy	A	A	True	True		0.4857	0.4857	0.33825359	0.4214	157.2
hard:278991002	hard	B	A	False	False		0.3735	0.2273	0.7933673499999998	0.2952	24.5
none-narrower:203343001	none-narrower	none	A	False	False		0.5408	0.1307	1.07047384	0.4834	99.3
easy:10082001	easy	A	A	True	True		0.621	0.621	0.18500547999999997	0.5736	24.5
easy:63246000	easy	A	A	True	True		0.5322	0.5322	0.27648802	0.4737	25.5
hard:404055006	hard	A	C	False	True		0.4662	0.1835	0.9144175099999998	0.3995	24.9
hard:156410002	hard	A	A	True	True		0.6971	0.6971	0.12921640999999998	0.6592	20.6
hard:267534000	hard	A	A	True	True		0.3481	0.3481	0.5023781699999998	0.2666	24.8
easy:24326000	easy	A	B	False	True		0.3832	0.3643	0.5702623599999999	0.3061	24.7
easy:71464000	easy	A	A	True	True		0.4647	0.4647	0.34083082	0.3978	105.1
hard:404808000	hard	A	A	True	True		0.5736	0.5736	0.22383735	0.5203	88.0
hard:423673009	hard	A	A	True	True		0.6556	0.6556	0.15258941	0.6125	23.7
hard:402296004	hard	A	A	True	True		0.5823	0.5823	0.22524214	0.5301	22.9
hard:84759007	hard	A	A	True	True		0.4657	0.4657	0.35965595	0.3989	24.1
none-narrower:10754961000119101	none-narrower	none	B	False	False		0.3032	0.2845	0.64418955	0.2161	24.2
easy:89454001	easy	A	A	True	True		0.723	0.723	0.09756630000000002	0.6883	25.7
hard:721883006	hard	A	A	True	True		0.6569	0.6569	0.14524088	0.614	102.0
hard:7522008	hard	A	none	False	True		0.4573	0.226	0.8245392	0.3894	23.9
none-narrower:235659008	none-narrower	none	A	False	False		0.2592	0.2427	0.68433298	0.1666	22.5
hard:722375007	hard	A	A	True	True		0.8173	0.8173	0.054303669999999984	0.7945	101.2
hard:124220008	hard	C	C	True	False		0.5548	0.5548	0.25753258	0.4991	99.3
easy:237705001	easy	A	A	True	True		0.5691	0.5691	0.22499793999999992	0.5153	23.9
hard:234584007	hard	A	A	True	True		0.6253	0.6253	0.19062737000000002	0.5785	22.8
none-narrower:57185003	none-narrower	none	A	False	False		0.3709	0.2307	0.76812264	0.2923	22.9
none-narrower:389160009	none-narrower	none	A	False	False		0.2908	0.1362	0.8951258599999999	0.2022	85.3
hard:233919006	hard	A	A	True	True		0.5067	0.5067	0.31918944	0.445	23.9
easy:197660000	easy	A	A	True	True		0.5213	0.5213	0.29722181000000003	0.4615	25.4
none-narrower:764092008	none-narrower	none	A	False	False		0.4916	0.1838	0.93679146	0.4281	20.7
hard:707310009	hard	A	A	True	True		0.6933	0.6933	0.12698605	0.6549	103.9
easy:447292006	easy	A	A	True	True		0.3653	0.3653	0.4628378000000001	0.2859	25.1
none-narrower:127045008	none-narrower	none	E	False	False		0.2368	0.173	0.8061621999999999	0.1414	98.0
easy:764989007	easy	A	A	True	True		0.6403	0.6403	0.16441436	0.5953	98.1
hard:723406000	hard	A	A	True	True		0.7727	0.7727	0.06860034999999998	0.7442	97.1
hard:111196000	hard	A	A	True	True		0.7941	0.7941	0.05423330999999999	0.7683	25.4
easy:763794005	easy	A	A	True	True		0.3726	0.3726	0.46086059999999995	0.2942	98.7
retrieval-miss:64852002	retrieval-miss	none	none	True	False		0.3204	0.3204	0.54463323	0.2355	98.3
easy:717761005	easy	A	A	True	True		0.8494	0.8494	0.030375549999999987	0.8306	97.0
easy:448670003	easy	A	A	True	True		0.2696	0.2696	0.6632416399999999	0.1783	23.9
hard:25904003	hard	A	A	True	True		0.5278	0.5278	0.26714351999999997	0.4687	24.6
hard:45369008	hard	A	A	True	True		0.5427	0.5427	0.29884501	0.4855	25.7
easy:189099001	easy	A	A	True	True		0.5384	0.5384	0.26783878	0.4806	25.6
hard:1779005	hard	A	A	True	True		0.5613	0.5613	0.24690686999999997	0.5065	25.6
hard:870313002	hard	A	A	True	True		0.7503	0.7503	0.07819092000000002	0.7191	25.5
easy:363378008	easy	B	B	True	False		0.2708	0.2708	0.6393234900000001	0.1797	24.5
easy:399903008	easy	A	A	True	True		0.6148	0.6148	0.17679476	0.5666	24.5
none-narrower:699785004	none-narrower	none	H	False	False		0.3586	0.3311	0.597688	0.2785	24.0
easy:253231007	easy	A	A	True	True		0.5463	0.5463	0.25704592	0.4896	23.0
easy:719171005	easy	A	A	True	True		0.478	0.478	0.34924932	0.4127	165.5
hard:442292004	hard	A	A	True	True		0.3823	0.3823	0.53031013	0.3051	23.9
none-narrower:1373832001	none-narrower	none	none	True	False		0.4871	0.4871	0.32378466000000006	0.4229	23.8
easy:36188001	easy	A	A	True	True		0.7213	0.7213	0.12494936999999996	0.6864	100.5
easy:206292002	easy	A	A	True	True		0.7304	0.7304	0.09488439999999998	0.6967	22.7
easy:238627002	easy	A	A	True	True		0.5548	0.5548	0.23571135000000004	0.4992	24.0
easy:27059002	easy	H	H	True	False		0.6431	0.6431	0.17087608	0.5985	23.0
none-narrower:783155007	none-narrower	none	B	False	False		0.5718	0.1519	1.06270475	0.5182	101.0
retrieval-miss:28724005	retrieval-miss	none	none	True	False		0.2919	0.2919	0.57718635	0.2034	25.5
easy:725078006	easy	A	A	True	True		0.5591	0.5591	0.23054197999999998	0.5039	95.4
easy:718574003	easy	A	A	True	True		0.8279	0.8279	0.04270478000000001	0.8063	99.8
none-narrower:240657005	none-narrower	none	B	False	False		0.2729	0.2646	0.6522187000000002	0.182	24.2
hard:11282001	hard	A	A	True	True		0.4938	0.4938	0.30046253999999994	0.4305	102.1
hard:7379000	hard	A	A	True	True		0.527	0.527	0.26874222	0.4679	22.8
hard:84193000	hard	A	A	True	True		0.6285	0.6285	0.19209942000000005	0.5821	25.5
hard:126963001	hard	A	A	True	True		0.5041	0.5041	0.29253716	0.4421	24.6
hard:373604002	hard	A	A	True	True		0.6351	0.6351	0.16417788000000003	0.5895	24.6
easy:363473003	easy	A	B	False	True		0.2979	0.2099	0.7788199000000001	0.2102	23.9
none-narrower:87181002	none-narrower	none	none	True	False		0.427	0.427	0.4059176299999999	0.3553	100.1
none-narrower:414927004	none-narrower	none	none	True	False		0.3759	0.3759	0.44506314999999996	0.2979	20.5
easy:231527003	easy	B	A	False	False		0.4887	0.1399	1.04746031	0.4248	23.8
hard:722955006	hard	A	A	True	True		0.6959	0.6959	0.10869306000000002	0.6579	25.9
hard:63137003	hard	A	A	True	True		0.4803	0.4803	0.37347701000000005	0.4154	20.4
hard:764958008	hard	A	A	True	True		0.5628	0.5628	0.22644916000000007	0.5082	112.1
none-narrower:413356003	none-narrower	none	A	False	False		0.5464	0.1368	1.1031703999999998	0.4897	99.4
hard:83414005	hard	A	A	True	True		0.5125	0.5125	0.29874341000000004	0.4516	22.6
none-narrower:720952001	none-narrower	none	A	False	False		0.6311	0.1051	1.21571675	0.585	102.8
hard:5299007	hard	A	A	True	True		0.3164	0.3164	0.54424796	0.231	96.4
easy:105632002	easy	A	A	True	True		0.5127	0.5127	0.29808142	0.4518	22.9
hard:204431007	hard	A	A	True	True		0.4966	0.4966	0.3398898200000001	0.4337	24.0
hard:711543008	hard	A	A	True	True		0.6388	0.6388	0.15777486999999998	0.5937	25.8
easy:716238003	easy	B	B	True	False		0.7015	0.7015	0.10832685999999998	0.6642	25.7
easy:445338005	easy	A	A	True	True		0.5539	0.5539	0.24421827000000004	0.4981	24.7
hard:38606009	hard	A	A	True	True		0.4153	0.4153	0.44408108	0.3422	24.3
easy:54385001	easy	A	A	True	True		0.7044	0.7044	0.12144365999999998	0.6674	103.0
easy:72789009	easy	A	A	True	True		0.4767	0.4767	0.35812962	0.4113	25.5
easy:371965009	easy	A	B	False	True		0.4235	0.205	0.8499101900000001	0.3515	23.0
none-narrower:237620003	none-narrower	none	A	False	False		0.3392	0.2305	0.76255401	0.2566	24.0
easy:18377001	easy	A	A	True	True		0.3413	0.3413	0.5190158400000001	0.2589	24.1
easy:129623003	easy	A	A	True	True		0.7466	0.7466	0.08038031999999998	0.7149	25.8
hard:715726000	hard	A	A	True	True		0.4446	0.4446	0.36814846	0.3752	89.0
hard:52994003	hard	A	A	True	True		0.6137	0.6137	0.19696442	0.5654	23.8
easy:128139000	easy	A	A	True	True		0.1923	0.1923	0.7460276999999998	0.0913	23.9
hard:402917003	hard	A	A	True	True		0.8051	0.8051	0.05265759999999999	0.7808	24.2
hard:81678004	hard	A	A	True	True		0.7096	0.7096	0.11218389	0.6733	100.0
easy:89870006	easy	A	A	True	True		0.6016	0.6016	0.19277784999999997	0.5518	97.6
easy:56805008	easy	A	A	True	True		0.6169	0.6169	0.19408436999999998	0.569	23.6
hard:307649006	hard	A	A	True	True		0.7247	0.7247	0.09773959999999998	0.6902	25.6
hard:31658008	hard	A	B	False	True		0.2965	0.1893	0.8234976199999999	0.2086	22.7
hard:80375002	hard	B	B	True	False		0.7926	0.7926	0.057652980000000006	0.7667	20.1
hard:66351003	hard	A	A	True	True		0.6831	0.6831	0.13614554999999995	0.6435	107.4
easy:64235006	easy	A	A	True	True		0.5641	0.5641	0.24866986999999996	0.5096	98.7
easy:92531006	easy	A	A	True	True		0.4789	0.4789	0.32324261	0.4137	23.9
hard:14785004	hard	A	A	True	True		0.5934	0.5934	0.2075533	0.5426	23.7
hard:72052003	hard	A	A	True	True		0.4816	0.4816	0.33548667	0.4168	20.5
hard:80258006	hard	A	A	True	True		0.637	0.637	0.15585831	0.5916	106.3
hard:715562001	hard	A	A	True	True		0.5178	0.5178	0.27214690999999996	0.4576	25.8
none-narrower:722517009	none-narrower	none	A	False	False		0.6189	0.0982	1.2125467	0.5712	24.2
easy:722033000	easy	A	A	True	True		0.6048	0.6048	0.20424564	0.5553	24.8
hard:277569004	hard	A	A	True	True		0.5665	0.5665	0.23487829999999998	0.5123	25.6
retrieval-miss:80321008	retrieval-miss	none	A	False	False		0.2933	0.2287	0.7350733700000001	0.2049	25.9
easy:57534004	easy	A	A	True	True		0.4897	0.4897	0.35982222	0.4259	23.9
hard:419893006	hard	A	A	True	True		0.5152	0.5152	0.31460921	0.4546	24.5
easy:254943007	easy	A	A	True	True		0.4683	0.4683	0.3505511800000001	0.4018	24.9
easy:2992000	easy	A	none	False	True		0.3357	0.0938	1.02880811	0.2527	23.1
easy:5050001	easy	A	A	True	True		0.3102	0.3102	0.61468857	0.224	22.9
easy:764435003	easy	A	A	True	True		0.7744	0.7744	0.07105669000000002	0.7462	113.0
retrieval-miss:448015002	retrieval-miss	none	A	False	False		0.4699	0.2072	0.86740934	0.4036	23.6
none-narrower:890286007	none-narrower	none	A	False	False		0.5429	0.1376	1.0571042900000003	0.4858	25.6
none-narrower:702715008	none-narrower	none	B	False	False		0.3368	0.2229	0.76142926	0.254	22.9
hard:42385006	hard	A	A	True	True		0.7426	0.7426	0.08462215999999997	0.7104	24.6
retrieval-miss:403901001	retrieval-miss	none	A	False	False		0.3566	0.1224	0.9896159600000001	0.2762	104.5
none-narrower:55366007	none-narrower	none	A	False	False		0.4126	0.2359	0.77611272	0.3392	24.2
hard:3855007	hard	A	A	True	True		0.4184	0.4184	0.42451091999999996	0.3457	23.9
hard:27194006	hard	A	A	True	True		0.5587	0.5587	0.23915406000000003	0.5036	20.5
easy:254654004	easy	A	A	True	True		0.6503	0.6503	0.15449599	0.6066	24.6
none-narrower:92375009	none-narrower	none	A	False	False		0.3914	0.1423	0.92562433	0.3154	24.7
hard:8326008	hard	A	C	False	True		0.3725	0.1823	0.8452668799999999	0.2941	22.9
easy:764105002	easy	A	A	True	True		0.6981	0.6981	0.11592553999999997	0.6603	26.0
hard:766824003	hard	A	A	True	True		0.6815	0.6815	0.13807667	0.6416	25.9
hard:230310003	hard	A	A	True	True		0.5621	0.5621	0.23323607999999996	0.5074	24.8
none-narrower:127213008	none-narrower	none	A	False	False		0.5053	0.1807	0.94705957	0.4435	24.0
none-narrower:415652006	none-narrower	none	A	False	False		0.3418	0.293	0.6435423600000001	0.2595	24.8
hard:716233007	hard	A	A	True	True		0.6758	0.6758	0.13236357	0.6353	25.0
easy:127232002	easy	C	A	False	False		0.5282	0.1113	1.1050685100000002	0.4692	23.3
none-narrower:94129007	none-narrower	none	A	False	False		0.697	0.1352	1.24172459	0.6591	24.8
hard:234422006	hard	A	A	True	True		0.6768	0.6768	0.14230976	0.6364	25.0
easy:42982001	easy	A	A	True	True		0.7177	0.7177	0.11967478000000001	0.6824	107.2
easy:716662004	easy	A	A	True	True		0.3299	0.3299	0.5283173199999999	0.2461	25.7
hard:241774007	hard	A	A	True	True		0.7854	0.7854	0.06618476000000001	0.7586	24.5
hard:237816004	hard	A	A	True	True		0.3749	0.3749	0.55257888	0.2967	24.7
easy:715710001	easy	A	A	True	True		0.5422	0.5422	0.27044282000000003	0.485	86.1
easy:95279007	easy	A	A	True	True		0.6353	0.6353	0.16872134000000003	0.5897	23.9
hard:193683001	hard	A	A	True	True		0.4982	0.4982	0.30747522000000005	0.4354	23.6
easy:39998009	easy	B	B	True	False		0.7077	0.7077	0.11129434000000002	0.6712	99.8
hard:725463007	hard	A	A	True	True		0.5911	0.5911	0.20307315000000006	0.54	97.3
hard:280483007	hard	A	A	True	True		0.5148	0.5148	0.34557435999999997	0.4542	96.0
hard:718182008	hard	A	A	True	True		0.5137	0.5137	0.28104429	0.4529	98.1
easy:722450007	easy	A	A	True	True		0.5474	0.5474	0.26295633	0.4908	97.5
easy:19885005	easy	A	A	True	True		0.6192	0.6192	0.18336796000000002	0.5716	20.0
easy:196609006	easy	A	none	False	True		0.3098	0.1046	1.00508851	0.2235	25.6
easy:37283009	easy	A	A	True	True		0.5224	0.5224	0.29224215000000003	0.4627	95.5
easy:424952003	easy	A	A	True	True		0.4461	0.4461	0.3840974200000001	0.3768	24.2
hard:191382009	hard	A	B	False	True		0.4264	0.315	0.6882547999999999	0.3547	23.9
none-narrower:446076000	none-narrower	none	none	True	False		0.2873	0.2873	0.64222694	0.1982	99.1
none-narrower:1290237009	none-narrower	none	none	True	False		0.2623	0.2623	0.64014064	0.1701	24.5
none-narrower:128219005	none-narrower	none	none	True	False		0.3242	0.3242	0.52689164	0.2397	23.7
retrieval-miss:233954004	retrieval-miss	none	none	True	False		0.4303	0.4303	0.46026539999999994	0.3591	24.2
hard:1156813002	hard	A	A	True	True		0.5686	0.5686	0.24024979000000005	0.5147	24.6
none-narrower:461098000	none-narrower	none	A	False	False		0.3769	0.2108	0.8130569700000001	0.299	23.2
none-narrower:1177031006	none-narrower	none	A	False	False		0.4092	0.199	0.8742994299999999	0.3354	24.5
easy:402824003	easy	A	A	True	True		0.4322	0.4322	0.42934092000000007	0.3613	19.8
easy:698021005	easy	A	A	True	True		0.5962	0.5962	0.22180815000000006	0.5457	109.3
none-narrower:1263652003	none-narrower	none	A	False	False		0.6246	0.1081	1.2018993400000002	0.5777	25.4
hard:723826007	hard	A	A	True	True		0.8298	0.8298	0.04019473000000001	0.8085	96.6
none-narrower:763714006	none-narrower	none	A	False	False		0.6655	0.1838	1.11623386	0.6237	24.5
none-narrower:233762004	none-narrower	none	A	False	False		0.815	0.1591	1.37145311	0.7919	24.3
hard:363478007	hard	A	A	True	True		0.4808	0.4808	0.39479237	0.4159	24.5
hard:720855003	hard	A	A	True	True		0.6908	0.6908	0.12377625000000002	0.6521	101.5
none-narrower:389237009	none-narrower	none	A	False	False		0.4429	0.1849	0.9196215299999999	0.3733	25.4
easy:23150001	easy	A	A	True	True		0.8005	0.8005	0.053948800000000005	0.7755	24.6
easy:302870006	easy	A	A	True	True		0.599	0.599	0.21276534000000003	0.5488	23.0
none-narrower:89248000	none-narrower	none	A	False	False		0.4791	0.2148	0.86425618	0.414	100.9
hard:254738007	hard	A	A	True	True		0.3924	0.3924	0.4642076299999999	0.3165	99.1
hard:73237007	hard	A	A	True	True		0.4065	0.4065	0.45702124	0.3323	23.6
none-narrower:109805003	none-narrower	none	none	True	False		0.3095	0.3095	0.5763139	0.2231	24.0
retrieval-miss:193466003	retrieval-miss	none	G	False	False		0.4304	0.1979	0.8594689000000001	0.3592	24.0
hard:234118009	hard	A	A	True	True		0.4199	0.4199	0.40985782000000004	0.3474	24.2
none-narrower:399959003	none-narrower	none	A	False	False		0.5281	0.1336	1.0489665000000001	0.4691	24.9
hard:722449007	hard	A	A	True	True		0.8002	0.8002	0.05379787	0.7752	107.1
retrieval-miss:124646004	retrieval-miss	none	A	False	False		0.4487	0.2473	0.7898953000000001	0.3798	24.5
none-narrower:48780006	none-narrower	none	A	False	False		0.2657	0.1957	0.76828552	0.1739	23.5
easy:109393007	easy	B	C	False	False		0.263	0.0989	0.9527023399999999	0.1709	23.9
none-narrower:2129002	none-narrower	none	none	True	False		0.3129	0.3129	0.5677376600000001	0.227	24.6
easy:30915001	easy	A	A	True	True		0.6765	0.6765	0.13985487000000002	0.6361	24.5
easy:409671005	easy	A	A	True	True		0.6461	0.6461	0.15568843999999996	0.6018	25.6
none-narrower:860828007	none-narrower	none	E	False	False		0.2589	0.2127	0.74573284	0.1663	25.6
hard:765046002	hard	A	A	True	True		0.6859	0.6859	0.12235991000000003	0.6467	106.2
hard:253170008	hard	A	A	True	True		0.5686	0.5686	0.22921737000000003	0.5146	97.8
hard:124309005	hard	A	A	True	True		0.45	0.45	0.39930024999999997	0.3812	25.4
none-narrower:896820003	none-narrower	none	none	True	False		0.3674	0.3674	0.5092222500000001	0.2884	24.2
easy:702447002	easy	A	A	True	True		0.6312	0.6312	0.17956213000000001	0.5851	97.9
none-narrower:1231278004	none-narrower	none	none	True	False		0.4133	0.4133	0.48963619	0.3399	23.6
hard:428041004	hard	A	A	True	True		0.7583	0.7583	0.07758836000000002	0.7281	24.2
none-narrower:341361000119108	none-narrower	none	none	True	False		0.2723	0.2723	0.64868106	0.1814	24.6
retrieval-miss:49013001	retrieval-miss	none	A	False	False		0.6187	0.1092	1.1933476	0.5711	83.6
hard:7111000119109	hard	B	B	True	False		0.6435	0.6435	0.15580977999999998	0.5989	23.6
hard:600009	hard	A	A	True	True		0.6825	0.6825	0.14964372999999997	0.6428	97.4
none-narrower:1259031004	none-narrower	none	A	False	False		0.7242	0.143	1.26250828	0.6897	24.2
hard:44808001	hard	A	A	True	True		0.3977	0.3977	0.4488018500000001	0.3224	24.2
easy:262521009	easy	A	A	True	True		0.3986	0.3986	0.46101433999999997	0.3235	85.5
hard:363515000	hard	A	A	True	True		0.4071	0.4071	0.43262255999999993	0.333	23.7
hard:28882002	hard	D	A	False	False		0.2862	0.1336	0.9349347000000002	0.197	24.3
hard:17709002	hard	A	A	True	True		0.6968	0.6968	0.12713424	0.6589	24.0
hard:233763009	hard	A	A	True	True		0.5322	0.5322	0.30294128000000003	0.4737	24.6
none-narrower:186289000	none-narrower	none	A	False	False		0.6	0.1058	1.18818742	0.55	23.8
easy:16784003	easy	B	A	False	False		0.2252	0.225	0.7200837900000001	0.1283	23.0
hard:402601007	hard	B	B	True	False		0.5053	0.5053	0.3160939400000001	0.4435	24.7
hard:765100000	hard	B	B	True	False		0.4183	0.4183	0.44014242	0.3455	106.9
easy:733094005	easy	A	A	True	True		0.709	0.709	0.10743934000000002	0.6726	24.8
none-narrower:212953005	none-narrower	none	A	False	False		0.7077	0.182	1.17202532	0.6711	24.5
easy:21098003	easy	A	A	True	True		0.535	0.535	0.28220769	0.4769	20.1
easy:724349009	easy	A	A	True	True		0.5437	0.5437	0.28543205	0.4867	102.4
none-narrower:42746002	none-narrower	none	A	False	False		0.4158	0.28	0.71158251	0.3428	24.2
none-narrower:1259796004	none-narrower	none	A	False	False		0.339	0.1783	0.84995714	0.2563	24.1
hard:72124005	hard	A	A	True	True		0.4655	0.4655	0.39496986	0.3986	19.6
hard:699812002	hard	A	A	True	True		0.2641	0.2641	0.65250191	0.1721	93.8
hard:717049005	hard	A	A	True	True		0.6969	0.6969	0.11276785000000002	0.659	95.8
hard:424802006	hard	A	A	True	True		0.5101	0.5101	0.30136591999999995	0.4489	22.8
retrieval-miss:233982006	retrieval-miss	none	none	True	False		0.2432	0.2432	0.66557814	0.1486	23.9
hard:699268002	hard	A	A	True	True		0.5391	0.5391	0.26749641999999996	0.4815	103.5
easy:400140006	easy	A	A	True	True		0.7134	0.7134	0.09809137999999999	0.6776	97.5
hard:723307008	hard	A	A	True	True		0.7822	0.7822	0.06315620999999999	0.755	24.8
easy:719652007	easy	A	A	True	True		0.6619	0.6619	0.13773626999999997	0.6196	166.3
none-narrower:123766008	none-narrower	none	none	True	False		0.3077	0.3077	0.57962068	0.2211	22.8
easy:4996001	easy	A	none	False	True		0.3176	0.1233	0.9621077200000001	0.2323	99.1
hard:109298000	hard	A	A	True	True		0.5175	0.5175	0.31497667000000007	0.4572	25.2
easy:70995007	easy	A	A	True	True		0.392	0.392	0.5163772	0.316	24.6
hard:201091002	hard	A	A	True	True		0.5915	0.5915	0.21240764999999998	0.5405	25.6
easy:54470008	easy	C	C	True	False		0.6311	0.6311	0.17077435000000002	0.585	105.0
retrieval-miss:37102008	retrieval-miss	none	none	True	False		0.2654	0.2654	0.6362370499999999	0.1736	23.9
hard:722206009	hard	A	A	True	True		0.8184	0.8184	0.04699795	0.7957	23.1
easy:200936003	easy	A	A	True	True		0.5687	0.5687	0.22531464	0.5148	100.5
hard:230293003	hard	A	A	True	True		0.6534	0.6534	0.14975682	0.6101	24.5
hard:314757003	hard	A	A	True	True		0.7539	0.7539	0.07569369999999999	0.7232	24.1
none-narrower:1187048006	none-narrower	none	B	False	False		0.3505	0.2177	0.80710058	0.2694	25.6
none-narrower:87816000	none-narrower	none	C	False	False		0.2831	0.2346	0.7165429	0.1935	24.3
easy:65976001	easy	A	A	True	True		0.373	0.373	0.4940418999999999	0.2946	24.7
hard:231858009	hard	A	A	True	True		0.4249	0.4249	0.42406946999999995	0.353	24.2
none-narrower:15978511000119100	none-narrower	none	none	True	False		0.4175	0.4175	0.43351836	0.3447	24.8
easy:93145002	easy	A	A	True	True		0.2971	0.2971	0.58254542	0.2092	24.4
easy:702617007	easy	A	A	True	True		0.715	0.715	0.12021752000000002	0.6794	109.2
hard:720565000	hard	A	A	True	True		0.747	0.747	0.08314632	0.7154	25.5
easy:715487005	easy	A	A	True	True		0.774	0.774	0.06560672	0.7457	25.4
easy:232254004	easy	A	A	True	True		0.4376	0.4376	0.4249342200000001	0.3673	23.9
easy:187732006	easy	A	D	False	True		0.4162	0.126	0.9988604	0.3432	23.7
easy:41345002	easy	A	A	True	True		0.7188	0.7188	0.09806949	0.6836	23.9
none-narrower:15699121000119104	none-narrower	none	A	False	False		0.3441	0.1845	0.84340147	0.2621	22.9
none-narrower:249446000	none-narrower	none	A	False	False		0.3604	0.1089	1.01136125	0.2805	102.3
easy:718222000	easy	A	B	False	True		0.4166	0.4082	0.5332356799999999	0.3437	25.5
easy:52404001	easy	A	A	True	True		0.6694	0.6694	0.16260625	0.6281	96.2
hard:725033008	hard	B	B	True	False		0.3972	0.3972	0.5308712200000001	0.3218	95.5
none-narrower:1193650002	none-narrower	none	D	False	False		0.431	0.2117	0.83751163	0.3599	25.1
easy:83799000	easy	B	B	True	False		0.6023	0.6023	0.18941023000000004	0.5526	25.0
hard:44882003	hard	A	A	True	True		0.5987	0.5987	0.21223956	0.5485	24.1
easy:424413001	easy	A	A	True	True		0.7205	0.7205	0.09832819999999999	0.6856	24.5
easy:68982002	easy	A	A	True	True		0.7303	0.7303	0.09613972000000004	0.6966	24.0
hard:3218000	hard	A	A	True	True		0.4082	0.4082	0.44489754	0.3343	22.7
easy:43363007	easy	A	A	True	True		0.5514	0.5514	0.24679289999999998	0.4953	22.7
easy:76069003	easy	A	A	True	True		0.3496	0.3496	0.50637981	0.2683	22.8
easy:421529006	easy	F	none	False	False		0.4251	0.1702	0.91628457	0.3532	26.1
hard:371197005	hard	A	none	False	True		0.293	0.0916	0.98213345	0.2046	23.2
hard:255015006	hard	A	A	True	True		0.5519	0.5519	0.25359346000000005	0.4959	24.3
easy:254620000	easy	A	A	True	True		0.6307	0.6307	0.16699574999999997	0.5845	26.0
retrieval-miss:1259003	retrieval-miss	none	A	False	False		0.2736	0.2522	0.6798898	0.1828	110.3
hard:254794007	hard	A	A	True	True		0.6671	0.6671	0.14396054	0.6255	24.5
retrieval-miss:720830009	retrieval-miss	none	B	False	False		0.4436	0.0837	1.10682689	0.3741	25.8
hard:446096008	hard	A	A	True	True		0.66	0.66	0.14574857	0.6175	22.5
none-narrower:321131000119100	none-narrower	none	B	False	False		0.3368	0.1715	0.8553214	0.2539	23.9
hard:733045005	hard	A	A	True	True		0.6388	0.6388	0.1611562	0.5936	99.5
hard:713060000	hard	A	A	True	True		0.2842	0.2842	0.67503116	0.1948	24.5
easy:1493002	easy	A	A	True	True		0.4612	0.4612	0.39445639999999993	0.3938	22.8
hard:22451001	hard	A	A	True	True		0.5221	0.5221	0.30662789	0.4624	24.5
easy:267395000	easy	A	A	True	True		0.5505	0.5505	0.27705805	0.4943	23.7
easy:768935003	easy	A	A	True	True		0.5738	0.5738	0.21385305000000002	0.5205	100.9
none-narrower:413808003	none-narrower	none	H	False	False		0.298	0.2452	0.69594909	0.2103	24.9
hard:726350006	hard	A	A	True	True		0.4654	0.4654	0.35894898999999997	0.3985	24.2
hard:715564000	hard	B	none	False	False		0.315	0.2467	0.74953904	0.2294	25.8
none-narrower:21071000119101	none-narrower	none	A	False	False		0.4342	0.2632	0.7648177700000001	0.3634	22.9
none-narrower:126780007	none-narrower	none	A	False	False		0.4243	0.1765	0.92474413	0.3523	22.6
hard:254084008	hard	A	A	True	True		0.345	0.345	0.4980248300000001	0.2632	24.5
hard:312917007	hard	A	A	True	True		0.6541	0.6541	0.14142064	0.6108	24.9
easy:36485005	easy	A	A	True	True		0.6376	0.6376	0.17480399000000005	0.5923	24.1
hard:14783006	hard	A	H	False	True		0.2448	0.1617	0.83875971	0.1504	23.2
hard:4340003	hard	A	A	True	True		0.5157	0.5157	0.2766751499999999	0.4551	22.7
none-narrower:276675009	none-narrower	none	A	False	False		0.2273	0.2267	0.70847	0.1307	24.1
hard:125666000	hard	A	A	True	True		0.4645	0.4645	0.37397364	0.3975	24.6
hard:64009001	hard	A	A	True	True		0.6228	0.6228	0.18964897	0.5757	25.0
easy:62110005	easy	A	A	True	True		0.7191	0.7191	0.10714402000000002	0.684	110.2
retrieval-miss:238700008	retrieval-miss	none	A	False	False		0.3614	0.1901	0.8647742700000001	0.2816	24.7
easy:92413008	easy	A	A	True	True		0.4487	0.4487	0.37828344	0.3798	24.6
easy:723360007	easy	C	A	False	False		0.4722	0.3314	0.6793777600000002	0.4063	22.8
hard:34225008	hard	A	A	True	True		0.7138	0.7138	0.11294913999999999	0.678	24.5
hard:9631008	hard	A	A	True	True		0.7194	0.7194	0.10078063999999998	0.6843	22.9
hard:372100004	hard	A	A	True	True		0.6558	0.6558	0.15335622	0.6128	25.6
none-narrower:187662005	none-narrower	none	none	True	False		0.3515	0.3515	0.5392381800000001	0.2704	24.4
easy:36753006	easy	A	A	True	True		0.3491	0.3491	0.54892353	0.2677	108.3
easy:719256004	easy	A	A	True	True		0.7469	0.7469	0.08233622	0.7153	23.9
none-narrower:1076881000119103	none-narrower	none	A	False	False		0.6597	0.2367	1.02033647	0.6171	24.0
none-narrower:403903003	none-narrower	none	A	False	False		0.5195	0.1674	0.98009244	0.4594	24.9
hard:719518004	hard	A	A	True	True		0.7646	0.7646	0.06727489000000002	0.7352	26.0
hard:716006003	hard	A	A	True	True		0.7585	0.7585	0.07543840000000002	0.7283	99.1
none-narrower:769219006	none-narrower	none	H	False	False		0.4174	0.2469	0.77156798	0.3446	23.9
easy:238626006	easy	A	A	True	True		0.4454	0.4454	0.36604894	0.3761	24.1
retrieval-miss:230410004	retrieval-miss	none	A	False	False		0.3156	0.0773	1.0279842499999998	0.2301	98.9
hard:126853008	hard	A	A	True	True		0.4986	0.4986	0.3285031800000001	0.4359	23.6
hard:765057007	hard	A	A	True	True		0.8658	0.8658	0.025718419999999995	0.849	99.9
hard:104431000119107	hard	A	A	True	True		0.6252	0.6252	0.17931148000000002	0.5783	98.0
easy:87074006	easy	A	A	True	True		0.5967	0.5967	0.22472651	0.5463	25.1
hard:699676006	hard	A	A	True	True		0.5569	0.5569	0.23878201000000004	0.5015	23.6
none-narrower:405539004	none-narrower	none	C	False	False		0.328	0.268	0.68606463	0.244	24.7
none-narrower:296561000119108	none-narrower	none	A	False	False		0.7159	0.1086	1.31716756	0.6803	25.5
hard:717055000	hard	A	A	True	True		0.7659	0.7659	0.06800021999999999	0.7366	23.0
hard:724066002	hard	A	A	True	True		0.7058	0.7058	0.11290180000000001	0.669	103.0
hard:404041003	hard	A	none	False	True		0.3103	0.2013	0.79696537	0.224	25.4
hard:409658007	hard	A	A	True	True		0.68	0.68	0.13544271999999996	0.64	23.5
hard:720010009	hard	A	A	True	True		0.7688	0.7688	0.06780710999999999	0.7399	25.8
none-narrower:71003000	none-narrower	none	H	False	False		0.2864	0.2489	0.69576079	0.1972	24.6
easy:204319006	easy	A	A	True	True		0.7934	0.7934	0.06382705	0.7676	25.3
hard:768556005	hard	A	A	True	True		0.7561	0.7561	0.07168494	0.7256	101.1
none-narrower:399723004	none-narrower	none	none	True	False		0.2292	0.2292	0.6872958600000001	0.1329	25.4
easy:205649008	easy	C	D	False	False		0.2286	0.1767	0.7956884800000001	0.1321	24.6
hard:30496006	hard	B	A	False	False		0.4159	0.3444	0.6247158399999999	0.3429	98.2
easy:360378009	easy	A	A	True	True		0.6415	0.6415	0.16863985000000004	0.5967	95.8
hard:254637007	hard	A	A	True	True		0.6213	0.6213	0.17730952000000005	0.574	25.4
hard:423607006	hard	A	A	True	True		0.679	0.679	0.13026912999999996	0.6388	25.5
easy:85901000	easy	A	A	True	True		0.6325	0.6325	0.17788580000000007	0.5866	24.6
hard:274718005	hard	A	A	True	True		0.727	0.727	0.10295744000000001	0.6929	22.5
easy:81285006	easy	A	A	True	True		0.3107	0.3107	0.5850428300000001	0.2245	24.0
none-narrower:765481009	none-narrower	none	A	False	False		0.4982	0.2451	0.8295702899999999	0.4354	23.7
none-narrower:430348006	none-narrower	none	A	False	False		0.2821	0.2701	0.64818786	0.1924	24.0
easy:719576009	easy	A	A	True	True		0.4861	0.4861	0.3266027	0.4218	104.7
easy:763130006	easy	A	A	True	True		0.6855	0.6855	0.12726126000000001	0.6462	24.5
none-narrower:22721008	none-narrower	none	H	False	False		0.5922	0.1958	1.00878685	0.5412	25.5
easy:29352008	easy	A	A	True	True		0.4438	0.4438	0.38621029000000007	0.3743	24.7
easy:719646006	easy	A	A	True	True		0.7426	0.7426	0.08205069	0.7104	104.0
hard:15188001	hard	A	A	True	True		0.5893	0.5893	0.20899794	0.5379	22.8
easy:79674009	easy	A	A	True	True		0.2661	0.2661	0.6682190899999999	0.1744	100.5
retrieval-miss:45894003	retrieval-miss	none	none	True	False		0.3784	0.3784	0.4550241199999999	0.3007	24.5
hard:726341009	hard	A	A	True	True		0.3555	0.3555	0.5320429200000001	0.2749	24.9
none-narrower:266571009	none-narrower	none	A	False	False		0.5898	0.2312	0.94652681	0.5385	22.5
retrieval-miss:254150007	retrieval-miss	none	A	False	False		0.3698	0.3413	0.5927516800000001	0.291	100.8
hard:40159009	hard	A	D	False	True		0.3676	0.0939	1.0314438600000002	0.2885	24.5
none-narrower:735522008	none-narrower	none	none	True	False		0.3315	0.3315	0.572043	0.2479	24.1
easy:718632004	easy	A	A	True	True		0.5978	0.5978	0.22344475	0.5475	24.9
hard:80544005	hard	A	A	True	True		0.6181	0.6181	0.19829037000000002	0.5704	24.4
none-narrower:447139008	none-narrower	none	A	False	False		0.5021	0.1618	1.02461056	0.4399	20.7
none-narrower:127321000	none-narrower	none	A	False	False		0.3537	0.1909	0.8240609600000001	0.2729	24.4
easy:716092007	easy	A	A	True	True		0.7372	0.7372	0.09633441000000004	0.7044	106.9
hard:716775009	hard	A	A	True	True		0.7751	0.7751	0.06683533	0.747	25.7
easy:733110004	easy	A	A	True	True		0.6187	0.6187	0.20236715	0.571	101.5
hard:721221000	hard	C	C	True	False		0.5637	0.5637	0.25091651000000004	0.5092	97.0
easy:105261000119101	easy	A	A	True	True		0.5342	0.5342	0.27508255	0.476	24.4
easy:84241008	easy	A	B	False	True		0.495	0.1864	0.9438836500000001	0.4319	24.5
easy:398831006	easy	A	A	True	True		0.2723	0.2723	0.64491336	0.1813	25.5
hard:367601000119103	hard	A	A	True	True		0.6313	0.6313	0.17635216	0.5852	25.6
easy:716007007	easy	A	A	True	True		0.7214	0.7214	0.09572758999999997	0.6865	104.7
hard:46168003	hard	A	none	False	True		0.2948	0.1494	0.8890722000000002	0.2067	23.9
easy:16059006	easy	A	A	True	True		0.5488	0.5488	0.24977776000000002	0.4923	98.0
hard:37075008	hard	E	none	False	False		0.27	0.1396	0.90366831	0.1788	20.5
easy:46206005	easy	A	A	True	True		0.4946	0.4946	0.33381849000000013	0.4314	20.7
hard:717827000	hard	A	A	True	True		0.6979	0.6979	0.11275914000000002	0.6601	25.0
hard:1475003	hard	A	A	True	True		0.4111	0.4111	0.43594393	0.3375	24.0
none-narrower:86100009	none-narrower	none	A	False	False		0.3103	0.163	0.88135319	0.224	25.5
easy:234500001	easy	A	A	True	True		0.6192	0.6192	0.17869134000000003	0.5716	24.7
easy:715673002	easy	A	A	True	True		0.7307	0.7307	0.09244962	0.697	105.4
retrieval-miss:2109003	retrieval-miss	none	none	True	False		0.2803	0.2803	0.63779434	0.1903	25.5
hard:277602003	hard	A	A	True	True		0.6978	0.6978	0.11586908000000003	0.66	24.6
hard:363425008	hard	A	A	True	True		0.4557	0.4557	0.36798987000000005	0.3877	25.6
retrieval-miss:188274004	retrieval-miss	none	none	True	False		0.4166	0.4166	0.4148352199999999	0.3437	20.6
easy:198297004	easy	A	A	True	True		0.2953	0.2953	0.6146508	0.2072	24.5
hard:718200007	hard	A	A	True	True		0.7272	0.7272	0.09638516000000003	0.6931	25.7
none-narrower:48352007	none-narrower	none	E	False	False		0.2235	0.2086	0.7288969999999999	0.1264	20.8
easy:716279002	easy	A	A	True	True		0.7417	0.7417	0.09498046999999998	0.7094	108.5
easy:720950009	easy	A	A	True	True		0.7446	0.7446	0.0797845	0.7126	25.4
none-narrower:1332388003	none-narrower	none	A	False	False		0.7287	0.1151	1.32526004	0.6948	25.5
hard:33979003	hard	A	A	True	True		0.6483	0.6483	0.15554248000000004	0.6044	24.6
easy:45281005	easy	A	D	False	True		0.2816	0.207	0.7852203100000001	0.1918	22.6
none-narrower:1237368006	none-narrower	none	A	False	False		0.6708	0.1317	1.2222214299999998	0.6296	101.9
none-narrower:94166001	none-narrower	none	none	True	False		0.3463	0.3463	0.5617642799999999	0.2646	24.5
hard:254066006	hard	A	A	True	True		0.7876	0.7876	0.06431700000000001	0.761	24.4
none-narrower:191668004	none-narrower	none	none	True	False		0.3005	0.3005	0.64180014	0.213	23.7
hard:764711007	hard	A	A	True	True		0.7643	0.7643	0.06922387000000002	0.7349	104.2
hard:254712007	hard	A	A	True	True		0.5344	0.5344	0.25879702000000004	0.4762	24.2
easy:70041004	easy	A	B	False	True		0.4202	0.184	0.88539962	0.3478	21.9
none-narrower:24285001	none-narrower	none	A	False	False		0.2883	0.2037	0.78174535	0.1993	25.8
easy:389214003	easy	A	A	True	True		0.8211	0.8211	0.04212889999999998	0.7987	108.1
hard:79037006	hard	A	A	True	True		0.7645	0.7645	0.08036673000000003	0.735	23.9
easy:69195002	easy	A	B	False	True		0.395	0.1802	0.8901230500000001	0.3193	24.0
easy:9014002	easy	A	A	True	True		0.7784	0.7784	0.06877982	0.7507	22.9
hard:410016009	hard	A	A	True	True		0.7783	0.7783	0.0803394	0.7506	102.7
hard:69278003	hard	A	A	True	True		0.8339	0.8339	0.03865078000000001	0.8131	24.5
none-narrower:399899001	none-narrower	none	A	False	False		0.3953	0.1806	0.8701081	0.3198	24.5
none-narrower:1237571004	none-narrower	none	D	False	False		0.4473	0.0768	1.17049625	0.3782	103.0
hard:91521000119104	hard	A	A	True	True		0.4625	0.4625	0.37675937000000004	0.3954	23.9
easy:267431006	easy	A	A	True	True		0.2888	0.2888	0.59440212	0.1999	20.4
none-narrower:307762000	none-narrower	none	none	True	False		0.3648	0.3648	0.5212415	0.2854	22.8
easy:231824001	easy	A	A	True	True		0.3626	0.3626	0.48786756	0.2829	24.3
hard:128606002	hard	A	none	False	True		0.3336	0.3017	0.6275476799999999	0.2503	24.3
easy:16872008	easy	A	A	True	True		0.5188	0.5188	0.3573242399999999	0.4587	24.7
hard:52179003	hard	A	E	False	True		0.406	0.1395	0.9586172900000001	0.3317	26.0
none-narrower:38725001	none-narrower	none	A	False	False		0.4898	0.2538	0.8213344899999999	0.426	23.2
easy:60676002	easy	A	A	True	True		0.5169	0.5169	0.27048805	0.4565	23.3
easy:239020008	easy	A	A	True	True		0.5175	0.5175	0.28242442000000006	0.4572	24.9
hard:66207005	hard	D	D	True	False		0.7903	0.7903	0.07060957	0.7641	26.1
none-narrower:44549008	none-narrower	none	A	False	False		0.5792	0.1552	1.06306148	0.5266	24.0
none-narrower:1373821001	none-narrower	none	none	True	False		0.6503	0.6503	0.15926347000000002	0.6066	25.0
hard:187777008	hard	A	A	True	True		0.5326	0.5326	0.27735026	0.4741	25.1
easy:406506008	easy	E	A	False	False		0.7706	0.0221	1.5744931899999999	0.742	23.4
easy:444645005	easy	A	A	True	True		0.6513	0.6513	0.16732836	0.6077	24.7
hard:92470003	hard	A	A	True	True		0.4599	0.4599	0.34596758	0.3924	25.0
hard:30188007	hard	A	A	True	True		0.8195	0.8195	0.046804660000000005	0.7969	26.0
easy:11934000	easy	A	A	True	True		0.7401	0.7401	0.10024620000000001	0.7076	22.7
none-narrower:702399004	none-narrower	none	B	False	False		0.5087	0.122	1.10522158	0.4473	23.9
none-narrower:75803007	none-narrower	none	none	True	False		0.3884	0.3884	0.51770597	0.3119	24.3
retrieval-miss:205550003	retrieval-miss	none	A	False	False		0.4298	0.0982	1.04755866	0.3585	23.2
hard:230284004	hard	A	A	True	True		0.3906	0.3906	0.45454738	0.3144	111.1
hard:363354003	hard	A	B	False	True		0.3456	0.2208	0.7884215800000001	0.2638	24.5
none-narrower:197599000	none-narrower	none	A	False	False		0.2884	0.2297	0.7454498599999999	0.1995	24.0
easy:734024009	easy	A	A	True	True		0.6724	0.6724	0.14091525	0.6315	25.9
easy:716195006	easy	A	A	True	True		0.6927	0.6927	0.11314313000000004	0.6543	103.5
retrieval-miss:275498002	retrieval-miss	none	A	False	False		0.5641	0.1773	1.0129538	0.5096	23.7
easy:716741008	easy	A	A	True	True		0.204	0.204	0.72791656	0.1045	25.8
easy:6631009	easy	A	A	True	True		0.5273	0.5273	0.27100814000000006	0.4682	24.6
easy:76902006	easy	A	A	True	True		0.4414	0.4414	0.44903233	0.3715	104.5
easy:723308003	easy	A	A	True	True		0.6281	0.6281	0.18614077999999998	0.5817	89.8
none-narrower:86333008	none-narrower	none	none	True	False		0.3306	0.3306	0.59638989	0.2469	23.9
hard:21848000	hard	A	A	True	True		0.3234	0.3234	0.55210814	0.2388	23.9
none-narrower:74142004	none-narrower	none	none	True	False		0.41	0.41	0.4002106800000001	0.3362	24.1
hard:24867002	hard	B	A	False	False		0.3729	0.2053	0.8483402499999999	0.2945	24.3
easy:20639004	easy	A	A	True	True		0.732	0.732	0.09300384000000002	0.6985	24.6
easy:45913009	easy	A	A	True	True		0.5332	0.5332	0.28114967	0.4749	24.7
easy:63122002	easy	A	none	False	True		0.5592	0.185	0.9949137299999999	0.5041	105.9
easy:277155005	easy	A	A	True	True		0.4357	0.4357	0.3736796	0.3651	23.5
easy:64479007	easy	A	none	False	True		0.2405	0.1699	0.8534508100000001	0.1456	24.5
none-narrower:4477007	none-narrower	none	C	False	False		0.4753	0.1644	0.94559561	0.4097	25.2
easy:448315008	easy	A	A	True	True		0.3585	0.3585	0.5277698999999999	0.2783	24.4
hard:707354003	hard	A	A	True	True		0.4937	0.4937	0.31077116	0.4304	25.5
hard:64250002	hard	A	A	True	True		0.3738	0.3738	0.47727456999999995	0.2955	25.2
easy:716169009	easy	A	A	True	True		0.5888	0.5888	0.24150924000000001	0.5374	102.2
easy:18910001	easy	A	A	True	True		0.4231	0.4231	0.40068863	0.351	23.6
easy:111405003	easy	A	A	True	True		0.5285	0.5285	0.32578205000000005	0.4696	99.1
easy:75116005	easy	A	A	True	True		0.6137	0.6137	0.22917151	0.5654	96.3
none-narrower:201988000	none-narrower	none	A	False	False		0.5334	0.204	0.9300081	0.4751	23.6
hard:405810005	hard	A	A	True	True		0.7677	0.7677	0.07437457999999998	0.7387	25.5
easy:733085004	easy	A	A	True	True		0.3919	0.3919	0.46428878999999995	0.3159	103.1
none-narrower:195812001	none-narrower	none	A	False	False		0.3716	0.1769	0.8723863199999998	0.293	23.6
none-narrower:399207003	none-narrower	none	none	True	False		0.3145	0.3145	0.5804306	0.2289	20.6
hard:84777002	hard	A	A	True	True		0.2325	0.2325	0.6901877999999999	0.1365	24.1
hard:733599009	hard	B	B	True	False		0.3623	0.3623	0.5088220299999999	0.2826	106.6
hard:720520009	hard	A	A	True	True		0.7012	0.7012	0.11380719999999997	0.6639	25.8
easy:33595009	easy	A	A	True	True		0.4477	0.4477	0.38631557000000005	0.3786	24.1
easy:11666007	easy	A	A	True	True		0.5999	0.5999	0.21925672000000002	0.5499	99.0
hard:55444004	hard	A	A	True	True		0.5746	0.5746	0.22123018000000003	0.5214	23.9
easy:10741005	easy	A	A	True	True		0.434	0.434	0.3919946100000001	0.3633	24.5
hard:190919008	hard	A	A	True	True		0.6093	0.6093	0.22212451000000005	0.5605	22.9
easy:233621003	easy	A	A	True	True		0.5514	0.5514	0.24555168	0.4953	24.5
hard:443937008	hard	A	A	True	True		0.7204	0.7204	0.10157813999999998	0.6854	24.2
hard:707405009	hard	A	A	True	True		0.3564	0.3564	0.4878118699999999	0.2759	24.3
easy:109041000119107	easy	A	A	True	True		0.4655	0.4655	0.3655595199999999	0.3987	26.0
hard:7620006	hard	A	A	True	True		0.5344	0.5344	0.29864184000000005	0.4762	24.4
hard:45853006	hard	A	A	True	True		0.8367	0.8367	0.04006985	0.8163	26.4
easy:721187005	easy	A	B	False	True		0.4304	0.2165	0.83209836	0.3592	107.1
easy:71325002	easy	A	A	True	True		0.585	0.585	0.20392142000000005	0.5331	23.9
hard:192727001	hard	D	D	True	False		0.7407	0.7407	0.08214373999999999	0.7083	24.5
hard:235603003	hard	A	A	True	True		0.5258	0.5258	0.2800051499999999	0.4665	24.3
hard:83275001	hard	A	A	True	True		0.5779	0.5779	0.23086270000000006	0.5251	20.1
retrieval-miss:49562005	retrieval-miss	none	B	False	False		0.2317	0.1117	0.9259422199999998	0.1356	24.7
none-narrower:16466741000119102	none-narrower	none	A	False	False		0.6101	0.1633	1.0835071	0.5613	24.5
hard:39462005	hard	A	A	True	True		0.8433	0.8433	0.03607738999999999	0.8238	24.0
hard:74728003	hard	A	A	True	True		0.7379	0.7379	0.08717066	0.7051	24.7
hard:73397007	hard	A	A	True	True		0.811	0.811	0.05342904999999999	0.7873	24.0
easy:86095007	easy	A	A	True	True		0.4664	0.4664	0.3397566700000001	0.3997	24.1
hard:448254007	hard	A	A	True	True		0.5913	0.5913	0.19842484999999999	0.5403	24.2
easy:109378008	easy	A	A	True	True		0.5936	0.5936	0.21572628999999996	0.5428	104.1
hard:715415005	hard	A	A	True	True		0.7281	0.7281	0.09082880000000002	0.6941	25.6
easy:85149007	easy	A	A	True	True		0.6759	0.6759	0.15305450000000004	0.6354	99.8
hard:763455008	hard	A	C	False	True		0.3103	0.0706	1.06140064	0.2241	98.1
none-narrower:1197333008	none-narrower	none	none	True	False		0.3161	0.3161	0.5485861099999999	0.2306	22.6
hard:92246000	hard	A	A	True	True		0.4598	0.4598	0.3654823300000001	0.3922	24.7
none-narrower:61458006	none-narrower	none	A	False	False		0.5225	0.1552	1.0062182599999998	0.4628	99.4
hard:715626008	hard	A	A	True	True		0.7091	0.7091	0.10893090000000004	0.6728	25.4
hard:717181004	hard	A	A	True	True		0.7215	0.7215	0.10725615999999999	0.6867	101.2
hard:40283005	hard	A	A	True	True		0.5285	0.5285	0.27869777	0.4696	22.8
easy:363505006	easy	A	A	True	True		0.4458	0.4458	0.38409291	0.3766	25.1
none-narrower:90974009	none-narrower	none	C	False	False		0.3574	0.227	0.79817662	0.2771	22.8
hard:722947004	hard	A	A	True	True		0.4969	0.4969	0.29287880999999993	0.434	24.1
hard:715987000	hard	A	A	True	True		0.4212	0.4212	0.40150350999999995	0.3488	107.9
none-narrower:1172901009	none-narrower	none	A	False	False		0.6566	0.1474	1.1658393	0.6137	25.5
hard:237957007	hard	A	A	True	True		0.5268	0.5268	0.26914763999999997	0.4676	101.5
hard:237964009	hard	A	A	True	True		0.6786	0.6786	0.13443266	0.6384	98.9
easy:33225004	easy	A	A	True	True		0.696	0.696	0.12225706000000003	0.658	23.6
hard:719305006	hard	A	A	True	True		0.5344	0.5344	0.2575843	0.4762	25.5
easy:722675000	easy	A	A	True	True		0.6871	0.6871	0.13361892999999997	0.648	25.8
easy:723441001	easy	A	none	False	True		0.3162	0.0532	1.0810206399999998	0.2307	26.0
hard:93471006	hard	A	A	True	True		0.6193	0.6193	0.17811364	0.5717	24.2
easy:237603002	easy	A	A	True	True		0.5625	0.5625	0.22783891	0.5078	24.8
none-narrower:95525004	none-narrower	none	none	True	False		0.3048	0.3048	0.5803361100000001	0.2179	22.8
hard:417967008	hard	A	A	True	True		0.4435	0.4435	0.40162661	0.374	24.3
easy:718720007	easy	A	A	True	True		0.6634	0.6634	0.14350041000000002	0.6213	24.4
none-narrower:1366243009	none-narrower	none	none	True	False		0.3431	0.3431	0.52839839	0.261	23.0
none-narrower:427435004	none-narrower	none	B	False	False		0.4736	0.1578	0.9684922200000001	0.4078	23.3
easy:404109006	easy	A	A	True	True		0.5535	0.5535	0.24741056000000003	0.4977	24.5
hard:717041008	hard	A	A	True	True		0.5902	0.5902	0.21372984000000006	0.539	25.0
none-narrower:61823004	none-narrower	none	none	True	False		0.275	0.275	0.61220665	0.1844	25.0
easy:70070008	easy	A	none	False	True		0.3986	0.1126	0.99455045	0.3234	110.7
hard:129000002	hard	A	A	True	True		0.5588	0.5588	0.25413319000000006	0.5036	25.4
hard:56478004	hard	A	A	True	True		0.7357	0.7357	0.09834029	0.7027	23.0
retrieval-miss:402736003	retrieval-miss	none	none	True	False		0.3707	0.3707	0.45770183999999997	0.292	24.5
none-narrower:238778000	none-narrower	none	none	True	False		0.2573	0.2573	0.6443095300000001	0.1644	102.4
easy:254956000	easy	A	A	True	True		0.7092	0.7092	0.10329258999999996	0.6728	24.5
easy:84828003	easy	A	A	True	True		0.4867	0.4867	0.33732098	0.4226	96.9
hard:49607006	hard	A	E	False	True		0.4646	0.1502	0.98000869	0.3977	24.2
easy:239112008	easy	A	A	True	True		0.6452	0.6452	0.15267450000000002	0.6009	100.4
hard:10934005	hard	A	A	True	True		0.4614	0.4614	0.35729063	0.3941	99.2
hard:34528009	hard	A	B	False	True		0.58	0.0577	1.26261563	0.5275	20.1
easy:88518009	easy	A	A	True	True		0.769	0.769	0.08091190999999999	0.7401	23.6
none-narrower:438628005	none-narrower	none	A	False	False		0.2971	0.1204	0.9642390000000001	0.2093	24.0
easy:722062004	easy	A	A	True	True		0.567	0.567	0.24388241000000005	0.5129	105.2
easy:82523003	easy	A	A	True	True		0.5	0.5	0.32607264	0.4375	23.5
hard:72836002	hard	A	H	False	True		0.5772	0.1593	1.08783366	0.5243	25.1
easy:74351001	easy	A	A	True	True		0.7821	0.7821	0.0726986	0.7549	24.3
hard:4445009	hard	A	A	True	True		0.4515	0.4515	0.42450444000000004	0.383	24.0
hard:75316000	hard	A	A	True	True		0.7835	0.7835	0.05670467000000001	0.7564	25.7
hard:38959009	hard	A	A	True	True		0.5981	0.5981	0.18892371000000005	0.5478	22.5
easy:408663001	easy	A	A	True	True		0.4083	0.4083	0.42533094	0.3343	103.6
none-narrower:427921009	none-narrower	none	none	True	False		0.3134	0.3134	0.5673418699999999	0.2276	19.6
hard:205681004	hard	A	A	True	True		0.4266	0.4266	0.4023372500000001	0.3549	24.6
easy:66038001	easy	A	A	True	True		0.6564	0.6564	0.15254443	0.6135	103.5
hard:71941009	hard	A	none	False	True		0.3005	0.2992	0.6361370799999999	0.213	23.6
easy:715625007	easy	A	A	True	True		0.709	0.709	0.13548739	0.6727	100.9
none-narrower:15977008	none-narrower	none	A	False	False		0.4756	0.3154	0.7019960199999999	0.41	23.9
easy:10649000	easy	A	A	True	True		0.6619	0.6619	0.17344242999999995	0.6196	98.4
hard:26609002	hard	B	A	False	False		0.7077	0.0551	1.42120443	0.6712	25.6
hard:712922002	hard	A	A	True	True		0.5325	0.5325	0.31466761	0.4741	25.7
easy:254664008	easy	A	A	True	True		0.709	0.709	0.10842864000000002	0.6726	24.5
hard:723096000	hard	A	A	True	True		0.7394	0.7394	0.08908969000000003	0.7068	22.5
hard:719300001	hard	A	A	True	True		0.5543	0.5543	0.23735732	0.4986	101.5
easy:46785007	easy	A	A	True	True		0.7767	0.7767	0.06280793000000003	0.7488	24.9
hard:58648008	hard	A	A	True	True		0.5031	0.5031	0.315206	0.441	90.3
none-narrower:719042007	none-narrower	none	B	False	False		0.7548	0.144	1.3042624200000001	0.7242	24.5
easy:68210006	easy	A	A	True	True		0.5424	0.5424	0.27231727000000006	0.4852	22.8
easy:276799004	easy	A	A	True	True		0.679	0.679	0.13994621999999995	0.6389	103.0
hard:231896005	hard	A	A	True	True		0.4802	0.4802	0.35069474	0.4152	22.8
hard:63103006	hard	A	A	True	True		0.4023	0.4023	0.42645947000000006	0.3276	24.1
easy:187842004	easy	A	A	True	True		0.3599	0.3599	0.51264891	0.2799	25.7
hard:128117002	hard	A	C	False	True		0.4374	0.1956	0.88123839	0.3671	24.7
hard:78769001	hard	A	A	True	True		0.7333	0.7333	0.09062373000000001	0.7	22.8
easy:22841008	easy	A	E	False	True		0.309	0.0942	0.9908326399999999	0.2226	99.3
hard:254701007	hard	A	A	True	True		0.7424	0.7424	0.08428856000000003	0.7102	25.4
none-narrower:521000146105	none-narrower	none	A	False	False		0.4806	0.2178	0.8576901000000001	0.4157	24.8
hard:239940004	hard	A	A	True	True		0.6797	0.6797	0.14318761000000002	0.6396	25.5
easy:763622006	easy	B	B	True	False		0.6371	0.6371	0.17211261	0.5917	25.3
none-narrower:871655005	none-narrower	none	A	False	False		0.6948	0.1874	1.1463792800000001	0.6566	24.8
none-narrower:25668000	none-narrower	none	none	True	False		0.3066	0.3066	0.58470955	0.22	24.3
hard:719599008	hard	A	A	True	True		0.7893	0.7893	0.057773140000000014	0.763	104.0
hard:52824009	hard	A	F	False	True		0.4951	0.0994	1.1074929900000001	0.432	20.6
hard:715827001	hard	A	A	True	True		0.5452	0.5452	0.27495598	0.4884	25.8
easy:307343001	easy	A	none	False	True		0.3604	0.1935	0.89021473	0.2805	23.2
none-narrower:95795006	none-narrower	none	A	False	False		0.3557	0.2446	0.72084367	0.2752	105.0
none-narrower:762379000	none-narrower	none	A	False	False		0.377	0.1279	0.9710815	0.2991	22.6
none-narrower:26284000	none-narrower	none	none	True	False		0.3561	0.3561	0.4944105399999999	0.2757	24.3
easy:240877000	easy	A	B	False	True		0.4545	0.3031	0.7156484000000001	0.3863	24.0
easy:717332007	easy	A	A	True	True		0.563	0.563	0.23164517000000007	0.5084	23.9
easy:75544000	easy	A	A	True	True		0.432	0.432	0.38964800000000005	0.361	18.3
easy:126956001	easy	A	A	True	True		0.5401	0.5401	0.27145767	0.4826	24.4
hard:444921008	hard	D	A	False	False		0.3936	0.1239	1.01773718	0.3178	26.1
none-narrower:403151007	none-narrower	none	A	False	False		0.3226	0.2717	0.6619254299999999	0.238	24.2
easy:104081000119103	easy	A	A	True	True		0.3791	0.3791	0.4610686	0.3015	25.0
easy:25277000	easy	A	A	True	True		0.643	0.643	0.16248173999999999	0.5984	24.7
none-narrower:26884006	none-narrower	none	none	True	False		0.3926	0.3926	0.4657581699999999	0.3167	25.3
retrieval-miss:51689003	retrieval-miss	none	A	False	False		0.3395	0.2396	0.74028996	0.2569	24.4
hard:399107008	hard	A	A	True	True		0.6587	0.6587	0.14750687	0.616	23.3
hard:13596001	hard	A	A	True	True		0.3802	0.3802	0.45713044	0.3027	25.0
hard:722455002	hard	A	A	True	True		0.7532	0.7532	0.07460581000000002	0.7224	110.1
hard:10890000	hard	A	A	True	True		0.3586	0.3586	0.5066393199999999	0.2785	24.5
easy:328611000119105	easy	A	B	False	True		0.4119	0.3378	0.62279566	0.3384	24.9
retrieval-miss:32599008	retrieval-miss	none	none	True	False		0.3451	0.3451	0.49980858000000006	0.2632	25.5
none-narrower:1296880000	none-narrower	none	A	False	False		0.6156	0.1833	1.05572134	0.5676	24.5
hard:49292002	hard	A	A	True	True		0.5532	0.5532	0.23983744999999998	0.4974	25.5
none-narrower:201240005	none-narrower	none	A	False	False		0.48	0.2394	0.83604271	0.415	24.6
none-narrower:74372003	none-narrower	none	A	False	False		0.3294	0.3024	0.62050755	0.2455	24.6
easy:372244006	easy	A	A	True	True		0.5392	0.5392	0.28690619	0.4816	23.6
none-narrower:243410003	none-narrower	none	B	False	False		0.3604	0.2793	0.6740179900000001	0.2805	25.5
hard:715829003	hard	A	A	True	True		0.6563	0.6563	0.15815345	0.6134	24.8
easy:37471005	easy	A	A	True	True		0.6984	0.6984	0.10892320999999998	0.6607	24.8
none-narrower:1177035002	none-narrower	none	A	False	False		0.5963	0.2274	0.95833799	0.5458	24.9
none-narrower:201996005	none-narrower	none	A	False	False		0.4523	0.1958	0.87032085	0.3838	20.4
none-narrower:277481003	none-narrower	none	A	False	False		0.4893	0.1751	0.9479843699999999	0.4254	24.4
easy:715796006	easy	A	A	True	True		0.6177	0.6177	0.18135535	0.5699	111.2
easy:413656006	easy	A	B	False	True		0.235	0.2194	0.7321691899999998	0.1393	99.4
easy:189167009	easy	A	A	True	True		0.4333	0.4333	0.46208038	0.3624	25.5
easy:78590007	easy	A	A	True	True		0.6242	0.6242	0.19783631000000002	0.5772	23.7
retrieval-miss:43116000	retrieval-miss	none	A	False	False		0.6006	0.1856	1.0396500400000002	0.5507	24.0
easy:238036004	easy	A	A	True	True		0.3107	0.3107	0.58522047	0.2246	20.6
none-narrower:301824001	none-narrower	none	B	False	False		0.6074	0.16	1.0976381499999999	0.5583	22.8
easy:716200002	easy	A	A	True	True		0.6697	0.6697	0.14371884000000001	0.6284	109.6
hard:768926005	hard	A	A	True	True		0.6083	0.6083	0.20031082000000006	0.5593	25.4
hard:59032001	hard	A	A	True	True		0.7768	0.7768	0.07206484999999997	0.7489	22.6
easy:198142001	easy	A	A	True	True		0.5851	0.5851	0.21664148000000003	0.5332	24.7
retrieval-miss:361115000	retrieval-miss	none	A	False	False		0.4048	0.3828	0.5526454	0.3304	23.3
easy:363464006	easy	A	A	True	True		0.3819	0.3819	0.53557864	0.3046	24.0
easy:429998004	easy	A	A	True	True		0.5824	0.5824	0.21769438999999996	0.5302	25.4
hard:37109004	hard	A	A	True	True		0.6652	0.6652	0.15140416999999998	0.6234	24.5
hard:231472009	hard	A	A	True	True		0.4211	0.4211	0.40192157999999994	0.3487	20.5
hard:270491006	hard	A	A	True	True		0.6046	0.6046	0.18787763999999998	0.5551	24.6
none-narrower:723905008	none-narrower	none	A	False	False		0.5362	0.2083	0.9429650999999999	0.4783	24.4
hard:12313004	hard	A	A	True	True		0.7089	0.7089	0.12098385000000002	0.6725	25.1
hard:127030001	hard	A	A	True	True		0.5011	0.5011	0.31006766	0.4388	25.2
easy:92093000	easy	A	A	True	True		0.5972	0.5972	0.21076689000000004	0.5468	24.9
easy:25362006	easy	A	none	False	True		0.2901	0.2818	0.6343657799999999	0.2014	25.8
none-narrower:312085005	none-narrower	none	A	False	False		0.3997	0.2387	0.7739549899999999	0.3247	24.4
hard:53913001	hard	A	A	True	True		0.6709	0.6709	0.13300195999999997	0.6298	24.4
none-narrower:232121005	none-narrower	none	B	False	False		0.3064	0.2693	0.67936628	0.2196	25.4
easy:16631009	easy	A	A	True	True		0.3479	0.3479	0.5239387	0.2663	20.3
none-narrower:448478000	none-narrower	none	A	False	False		0.3149	0.1745	0.87854948	0.2293	26.1
retrieval-miss:80328002	retrieval-miss	none	A	False	False		0.574	0.1642	1.04162487	0.5208	25.1
hard:410042009	hard	A	none	False	True		0.4688	0.2992	0.73340047	0.4024	107.5
easy:91954009	easy	A	A	True	True		0.5534	0.5534	0.24223713000000002	0.4976	25.4
none-narrower:187701005	none-narrower	none	B	False	False		0.3016	0.2173	0.7501276699999999	0.2143	25.5
hard:448542008	hard	A	A	True	True		0.6891	0.6891	0.12259107999999998	0.6503	24.7
none-narrower:40370006	none-narrower	none	A	False	False		0.4193	0.1854	0.87800952	0.3467	23.9
hard:725138002	hard	A	A	True	True		0.6817	0.6817	0.15094003000000003	0.642	106.7
hard:254767008	hard	A	A	True	True		0.4849	0.4849	0.35855541	0.4205	25.5
easy:126926005	easy	A	A	True	True		0.5631	0.5631	0.23044100999999995	0.5085	25.5
hard:403913006	hard	A	A	True	True		0.6485	0.6485	0.15765217000000004	0.6046	24.7
hard:399432003	hard	A	A	True	True		0.5843	0.5843	0.21134898	0.5323	104.8
retrieval-miss:75474006	retrieval-miss	none	none	True	False		0.3882	0.3882	0.45685955	0.3118	23.6
none-narrower:238951005	none-narrower	none	none	True	False		0.3737	0.3737	0.4569609600000001	0.2954	98.8
none-narrower:447146004	none-narrower	none	A	False	False		0.4594	0.2909	0.72552795	0.3919	23.6
easy:37344009	easy	B	none	False	False		0.4787	0.46	0.52166215	0.4135	20.5
easy:392662004	easy	A	A	True	True		0.614	0.614	0.17950611	0.5658	25.8
none-narrower:1196861001	none-narrower	none	B	False	False		0.5348	0.2279	0.8987521700000001	0.4766	24.3
easy:15682004	easy	A	A	True	True		0.4066	0.4066	0.4355787599999999	0.3324	23.0
easy:55475008	easy	A	A	True	True		0.7594	0.7594	0.07338628000000003	0.7293	108.1
easy:423709000	easy	A	A	True	True		0.3574	0.3574	0.5131116200000001	0.2771	24.3
hard:27420004	hard	A	A	True	True		0.5741	0.5741	0.21416922999999996	0.5208	24.7
easy:733601006	easy	A	A	True	True		0.5673	0.5673	0.22221195999999996	0.5132	101.1
none-narrower:371012000	none-narrower	none	A	False	False		0.4477	0.0618	1.15784864	0.3787	25.6
easy:715504003	easy	A	A	True	True		0.549	0.549	0.26089002	0.4926	101.1
easy:36742000	easy	A	A	True	True		0.5188	0.5188	0.28526121	0.4586	23.9
easy:239062001	easy	A	A	True	True		0.6409	0.6409	0.16240444999999998	0.596	100.8
none-narrower:685031000119100	none-narrower	none	H	False	False		0.3154	0.1982	0.7775184400000001	0.2298	22.5
none-narrower:371962007	none-narrower	none	A	False	False		0.287	0.1484	0.9434741400000001	0.1978	24.6
hard:722205008	hard	A	A	True	True		0.4827	0.4827	0.31091011999999996	0.418	103.2
hard:38907003	hard	A	A	True	True		0.4583	0.4583	0.4027051100000001	0.3906	23.7
easy:237950009	easy	A	A	True	True		0.5037	0.5037	0.28722313	0.4417	99.6
retrieval-miss:93132001	retrieval-miss	none	A	False	False		0.5631	0.2356	0.91093566	0.5085	27.1
none-narrower:87666009	none-narrower	none	none	True	False		0.4023	0.4023	0.43024134	0.3275	22.5
easy:235966007	easy	A	A	True	True		0.5095	0.5095	0.31096951000000006	0.4482	25.6
hard:254851009	hard	A	A	True	True		0.3401	0.3401	0.5739391399999999	0.2577	25.5
easy:190303007	easy	A	A	True	True		0.6378	0.6378	0.16535125999999997	0.5925	22.9
none-narrower:1254906000	none-narrower	none	A	False	False		0.3062	0.1817	0.8294513600000001	0.2195	24.7
easy:13507004	easy	A	A	True	True		0.6517	0.6517	0.16822428000000003	0.6082	24.2
hard:363408006	hard	A	A	True	True		0.4359	0.4359	0.41198485	0.3654	24.0
hard:230282000	hard	A	A	True	True		0.6769	0.6769	0.15147620000000003	0.6365	24.2
easy:195180004	easy	A	A	True	True		0.6468	0.6468	0.15749707999999998	0.6026	20.8
easy:230425004	easy	A	A	True	True		0.5909	0.5909	0.22928738000000004	0.5398	26.1
hard:95315005	hard	A	B	False	True		0.4518	0.1772	0.9317936399999998	0.3833	24.9
easy:59393003	easy	A	A	True	True		0.6635	0.6635	0.14086238000000004	0.6215	25.3
easy:77121009	easy	A	A	True	True		0.6044	0.6044	0.18309178999999995	0.555	108.3
hard:699305004	hard	A	A	True	True		0.7428	0.7428	0.08445345	0.7107	99.3
hard:71961003	hard	A	A	True	True		0.6801	0.6801	0.15032191	0.6401	24.2
hard:254230001	hard	A	A	True	True		0.5757	0.5757	0.22216472000000004	0.5227	23.9
easy:45339001	easy	A	A	True	True		0.6075	0.6075	0.19261389999999995	0.5585	24.2
hard:193411004	hard	A	A	True	True		0.5644	0.5644	0.23688874999999998	0.51	25.8
easy:402792003	easy	A	A	True	True		0.2817	0.2817	0.6104227	0.1919	23.1
hard:42574005	hard	A	A	True	True		0.5746	0.5746	0.23342899	0.5214	20.6
easy:7916009	easy	A	A	True	True		0.6872	0.6872	0.12489146999999998	0.6481	20.8
hard:702361006	hard	A	A	True	True		0.5698	0.5698	0.24093049000000005	0.516	107.9
easy:92083007	easy	A	A	True	True		0.5567	0.5567	0.27295878	0.5013	23.9
hard:90708001	hard	A	A	True	True		0.4496	0.4496	0.36229929000000005	0.3807	23.6
none-narrower:429724002	none-narrower	none	H	False	False		0.2746	0.2514	0.6823959899999998	0.1839	23.7
easy:9491003	easy	A	A	True	True		0.4275	0.4275	0.39843744000000003	0.3559	20.2
easy:450005	easy	A	A	True	True		0.5305	0.5305	0.27182413	0.4718	22.9
hard:75006000	hard	A	A	True	True		0.2703	0.2703	0.65688934	0.1791	25.0
hard:719250005	hard	A	A	True	True		0.8263	0.8263	0.03681783999999999	0.8046	104.7
easy:764096006	easy	A	A	True	True		0.4925	0.4925	0.31428063	0.4291	98.6
hard:69134001	hard	A	A	True	True		0.6734	0.6734	0.13443285	0.6326	20.4
easy:45170000	easy	A	A	True	True		0.4086	0.4086	0.4344937099999999	0.3347	97.8
none-narrower:427419006	none-narrower	none	A	False	False		0.5171	0.1561	0.99888471	0.4567	24.0
hard:86103006	hard	A	A	True	True		0.4975	0.4975	0.31563761999999995	0.4347	22.8
easy:44795003	easy	A	none	False	True		0.3498	0.1326	0.9452963299999999	0.2686	23.7
none-narrower:13457005	none-narrower	none	A	False	False		0.2678	0.2139	0.75592749	0.1762	23.7
hard:725148000	hard	A	A	True	True		0.7096	0.7096	0.10303495999999998	0.6733	104.1
retrieval-miss:22542007	retrieval-miss	none	none	True	False		0.2736	0.2736	0.61528925	0.1828	25.7
easy:253283000	easy	A	B	False	True		0.3021	0.0794	1.05201979	0.2148	24.8
easy:21009004	easy	A	A	True	True		0.511	0.511	0.31030083999999997	0.4499	24.5
retrieval-miss:124593001	retrieval-miss	none	A	False	False		0.4182	0.1849	0.8668425	0.3455	102.5
easy:400946004	easy	F	F	True	False		0.6767	0.6767	0.14290984	0.6363	97.0
easy:201191004	easy	A	B	False	True		0.3467	0.3414	0.57904402	0.265	19.6
retrieval-miss:58437007	retrieval-miss	none	none	True	False		0.4141	0.4141	0.40308327	0.3409	25.7
easy:722381004	easy	A	A	True	True		0.5998	0.5998	0.21208295	0.5498	104.1
easy:703406006	easy	A	A	True	True		0.5867	0.5867	0.21670877	0.535	96.7
none-narrower:302920007	none-narrower	none	A	False	False		0.4534	0.186	0.8942943600000001	0.385	23.9
hard:410429000	hard	A	B	False	True		0.4587	0.2611	0.78577912	0.3911	20.1
hard:444830001	hard	A	B	False	True		0.5035	0.1629	0.9877886	0.4414	102.2
easy:717042001	easy	A	A	True	True		0.6067	0.6067	0.18302913	0.5575	24.9
easy:29159009	easy	A	none	False	True		0.2791	0.2602	0.6717913200000001	0.189	23.9
none-narrower:767448007	none-narrower	none	A	False	False		0.697	0.1392	1.2362531499999998	0.6591	99.0
hard:766704005	hard	A	A	True	True		0.8509	0.8509	0.034909960000000004	0.8322	24.5
hard:229733002	hard	A	A	True	True		0.3382	0.3382	0.5233042299999999	0.2555	22.6
none-narrower:332461000119106	none-narrower	none	none	True	False		0.2877	0.2877	0.5891330899999999	0.1987	20.6
none-narrower:1300178001	none-narrower	none	A	False	False		0.4836	0.118	1.04909843	0.419	22.8
hard:397825006	hard	A	A	True	True		0.4859	0.4859	0.34405565	0.4217	24.6
easy:60318001	easy	A	A	True	True		0.7895	0.7895	0.057196520000000015	0.7632	109.1
none-narrower:348681000119101	none-narrower	none	A	False	False		0.2461	0.2337	0.71191691	0.1519	22.5
hard:720414005	hard	B	B	True	False		0.8501	0.8501	0.03122520000000001	0.8314	98.9
easy:238011005	easy	A	A	True	True		0.7172	0.7172	0.10300584000000003	0.6819	25.4
easy:95280005	easy	A	A	True	True		0.6002	0.6002	0.20063210000000006	0.5502	24.0
none-narrower:789399002	none-narrower	none	A	False	False		0.5026	0.2524	0.82746209	0.4404	24.7
hard:28593007	hard	A	A	True	True		0.5067	0.5067	0.33186562	0.445	22.7
easy:186668002	easy	A	A	True	True		0.6364	0.6364	0.18107600000000001	0.5909	104.0
easy:20392000	easy	A	A	True	True		0.4335	0.4335	0.40851692	0.3627	19.6
hard:442416002	hard	A	A	True	True		0.3885	0.3885	0.5243395599999999	0.312	25.0
retrieval-miss:234110002	retrieval-miss	none	none	True	False		0.2818	0.2818	0.6044522099999998	0.192	23.9
easy:404086000	easy	A	A	True	True		0.5241	0.5241	0.28215728	0.4646	109.1
easy:367542003	easy	A	A	True	True		0.763	0.763	0.07491339	0.7334	25.6
easy:123596001	easy	A	none	False	True		0.3617	0.262	0.71353221	0.2819	23.7
easy:49723003	easy	A	A	True	True		0.644	0.644	0.16887240999999997	0.5996	22.6
none-narrower:1231379009	none-narrower	none	A	False	False		0.3173	0.2822	0.65116366	0.232	24.7
hard:719454003	hard	A	A	True	True		0.5946	0.5946	0.20517610999999997	0.544	25.7
hard:764997000	hard	A	A	True	True		0.6753	0.6753	0.15359968	0.6348	103.2
easy:201192006	easy	A	A	True	True		0.498	0.498	0.30600389999999994	0.4353	20.1
hard:718848000	hard	A	A	True	True		0.5034	0.5034	0.29966475000000004	0.4413	25.7
none-narrower:16932000	none-narrower	none	none	True	False		0.3144	0.3144	0.6026459099999999	0.2287	24.8
hard:82852009	hard	A	A	True	True		0.5025	0.5025	0.3377637600000001	0.4404	25.1
easy:92040001	easy	A	A	True	True		0.722	0.722	0.11006202000000001	0.6872	25.0
hard:36667009	hard	A	A	True	True		0.7629	0.7629	0.07741885999999998	0.7332	26.0
hard:254068007	hard	A	A	True	True		0.404	0.404	0.41564794000000005	0.3295	109.6
hard:31323000	hard	A	A	True	True		0.6877	0.6877	0.11591414000000003	0.6486	24.5
easy:60168000	easy	A	A	True	True		0.5395	0.5395	0.26780931	0.4819	24.5
easy:764859001	easy	A	none	False	True		0.2519	0.2044	0.7454375000000001	0.1584	24.0
none-narrower:1052239007	none-narrower	none	none	True	False		0.2836	0.2836	0.5897745499999998	0.194	24.0
hard:237889002	hard	A	A	True	True		0.7659	0.7659	0.07053907999999998	0.7366	26.0
none-narrower:105710000	none-narrower	none	B	False	False		0.2884	0.2483	0.7233393300000001	0.1994	24.1
easy:1092381000119100	easy	A	none	False	True		0.5211	0.2265	0.8864552499999998	0.4612	24.8
easy:719514002	easy	A	A	True	True		0.5983	0.5983	0.19230484999999994	0.5481	109.3
hard:126907002	hard	D	D	True	False		0.3978	0.3978	0.47965498	0.3226	24.5
hard:764440006	hard	B	B	True	False		0.7275	0.7275	0.09845698999999998	0.6935	98.9
easy:766870005	easy	B	B	True	False		0.8584	0.8584	0.025772829999999986	0.8407	99.4
hard:720495005	hard	A	A	True	True		0.7253	0.7253	0.10294943000000004	0.691	25.5
hard:711483003	hard	A	A	True	True		0.535	0.535	0.27253784999999997	0.4769	102.7
hard:254774003	hard	A	A	True	True		0.7622	0.7622	0.0805897	0.7325	99.0
retrieval-miss:719663005	retrieval-miss	none	none	True	False		0.218	0.218	0.7365534800000001	0.1202	24.2
easy:28366008	easy	A	A	True	True		0.4357	0.4357	0.38040318000000006	0.3652	24.3
none-narrower:240704003	none-narrower	none	A	False	False		0.3742	0.1672	0.8772819499999999	0.296	23.9
easy:707374005	easy	A	A	True	True		0.6861	0.6861	0.12824053999999996	0.6469	24.6
retrieval-miss:238019007	retrieval-miss	none	A	False	False		0.3619	0.1793	0.8421210299999999	0.2822	23.0
hard:402425006	hard	A	A	True	True		0.5896	0.5896	0.21322539	0.5383	23.1
none-narrower:724647003	none-narrower	none	A	False	False		0.3463	0.1312	0.96805474	0.2646	106.9
easy:26029002	easy	A	A	True	True		0.6735	0.6735	0.14556318000000001	0.6327	25.1
easy:300988009	easy	A	A	True	True		0.4781	0.4781	0.32611954	0.4129	24.0
easy:371160000	easy	A	A	True	True		0.3541	0.3541	0.4975070599999999	0.2733	24.0
easy:2589008	easy	A	A	True	True		0.4115	0.4115	0.44383617	0.338	24.0
hard:83172007	hard	A	A	True	True		0.4802	0.4802	0.33077392000000005	0.4152	23.0
hard:266254007	hard	A	A	True	True		0.5484	0.5484	0.25153676	0.4919	20.6
hard:128123007	hard	A	A	True	True		0.3454	0.3454	0.5745837	0.2636	24.6
easy:399906000	easy	A	A	True	True		0.6346	0.6346	0.16491311999999997	0.5889	24.1
hard:62005008	hard	A	A	True	True		0.5924	0.5924	0.22538684999999997	0.5415	25.8
retrieval-miss:197284004	retrieval-miss	none	none	True	False		0.2984	0.2984	0.58472484	0.2107	22.9
easy:60389000	easy	A	A	True	True		0.2669	0.2669	0.6274391199999999	0.1753	24.5
easy:55850004	easy	A	A	True	True		0.5189	0.5189	0.29155671	0.4588	109.2
hard:763209008	hard	A	A	True	True		0.6301	0.6301	0.16754729999999998	0.5839	99.0
easy:123948009	easy	B	B	True	False		0.5326	0.5326	0.29286023000000005	0.4741	20.4
none-narrower:197853008	none-narrower	none	none	True	False		0.2931	0.2931	0.61070243	0.2047	22.5
hard:53783003	hard	A	A	True	True		0.4285	0.4285	0.49382817	0.357	24.3
hard:722389002	hard	A	A	True	True		0.7472	0.7472	0.08150932000000001	0.7156	25.7
hard:9078005	hard	A	A	True	True		0.7953	0.7953	0.060983209999999996	0.7697	24.0
hard:234349007	hard	A	A	True	True		0.3455	0.3455	0.53625345	0.2637	23.7
easy:63042009	easy	A	A	True	True		0.7154	0.7154	0.11110954999999999	0.6798	24.7
easy:404077005	easy	A	A	True	True		0.5702	0.5702	0.22080046999999997	0.5165	24.1
hard:93559003	hard	A	A	True	True		0.874	0.874	0.022106150000000005	0.8583	106.3
easy:92660005	easy	A	A	True	True		0.6331	0.6331	0.16430942	0.5872	24.0
hard:187675005	hard	A	A	True	True		0.5181	0.5181	0.30129539000000005	0.4579	24.0
hard:34713006	hard	A	A	True	True		0.3071	0.3071	0.5796971600000002	0.2204	25.5
none-narrower:1090651000119103	none-narrower	none	G	False	False		0.2892	0.2069	0.79809303	0.2004	24.1
hard:253353007	hard	A	A	True	True		0.6917	0.6917	0.12411819	0.6532	25.8
easy:239918008	easy	A	A	True	True		0.392	0.392	0.4415485	0.316	24.1
none-narrower:30390004	none-narrower	none	C	False	False		0.4418	0.1278	1.00578118	0.3721	22.8
hard:63144007	hard	A	A	True	True		0.7116	0.7116	0.13020247	0.6755	25.7
easy:230350000	easy	A	A	True	True		0.7121	0.7121	0.10081664000000001	0.6761	25.8
easy:255037004	easy	A	C	False	True		0.3774	0.3573	0.5822439300000001	0.2995	24.6
hard:128333008	hard	A	A	True	True		0.4976	0.4976	0.33095006	0.4348	23.8
easy:254589009	easy	A	A	True	True		0.3852	0.3852	0.43701066000000005	0.3084	24.1
easy:399995006	easy	A	A	True	True		0.72	0.72	0.09762728000000001	0.685	24.1
hard:444150000	hard	A	A	True	True		0.428	0.428	0.4199551100000001	0.3565	23.8
easy:427232004	easy	A	B	False	True		0.2818	0.265	0.69352384	0.1921	107.6
easy:253098009	easy	A	A	True	True		0.7116	0.7116	0.10208447999999999	0.6755	25.9
easy:65295003	easy	A	A	True	True		0.523	0.523	0.27889624999999996	0.4634	24.0
hard:204950001	hard	A	A	True	True		0.3004	0.3004	0.59355898	0.213	24.0
easy:63398001	easy	A	A	True	True		0.3533	0.3533	0.49236939000000013	0.2724	24.0
easy:13468005	easy	A	A	True	True		0.386	0.386	0.45379512	0.3092	24.0
easy:86299006	easy	A	A	True	True		0.8259	0.8259	0.04318337000000001	0.8041	23.5
hard:55822004	hard	A	A	True	True		0.6818	0.6818	0.12834274	0.642	23.8
hard:20957000	hard	A	A	True	True		0.418	0.418	0.42681003000000006	0.3452	22.6
none-narrower:70783003	none-narrower	none	none	True	False		0.3223	0.3223	0.57395831	0.2376	20.7
easy:40122008	easy	A	A	True	True		0.5962	0.5962	0.19561622000000004	0.5457	22.9
easy:27885002	easy	A	A	True	True		0.6667	0.6667	0.14611482	0.6251	25.0
easy:371089000	easy	A	A	True	True		0.7323	0.7323	0.09091867000000003	0.6989	105.1
hard:255072001	hard	A	A	True	True		0.4621	0.4621	0.35100886000000003	0.3949	24.5
hard:127231009	hard	A	A	True	True		0.6665	0.6665	0.14108399	0.6248	25.6
none-narrower:428592003	none-narrower	none	none	True	False		0.3633	0.3633	0.5147575500000001	0.2837	24.6
none-narrower:406570003	none-narrower	none	H	False	False		0.3731	0.1748	0.8948246399999998	0.2947	23.9
hard:65049003	hard	A	B	False	True		0.4912	0.2433	0.8533261600000001	0.4276	23.9
easy:765096001	easy	A	A	True	True		0.5451	0.5451	0.25383313999999996	0.4883	100.1
easy:763536006	easy	A	A	True	True		0.713	0.713	0.10065909000000002	0.6772	25.5
easy:429735007	easy	A	A	True	True		0.6403	0.6403	0.17288543	0.5953	98.6
hard:90584004	hard	A	A	True	True		0.3137	0.3137	0.58947064	0.2279	23.6
easy:58868000	easy	A	A	True	True		0.5771	0.5771	0.21135802	0.5242	25.2
none-narrower:20239009	none-narrower	none	C	False	False		0.2524	0.2039	0.76081603	0.159	22.6
easy:722006004	easy	A	A	True	True		0.559	0.559	0.24319022999999995	0.5038	103.3
hard:236746000	hard	A	A	True	True		0.4771	0.4771	0.3349170399999999	0.4117	20.4
hard:271532008	hard	A	H	False	True		0.2862	0.2102	0.7580958400000001	0.197	22.5
hard:198130006	hard	A	A	True	True		0.8065	0.8065	0.05368786	0.7823	23.6
retrieval-miss:716996008	retrieval-miss	none	A	False	False		0.7858	0.1133	1.4064815900000003	0.7591	100.2
hard:231861005	hard	A	none	False	True		0.2839	0.1673	0.8295917300000001	0.1944	22.9
easy:367520004	easy	A	A	True	True		0.6282	0.6282	0.17545714	0.5817	25.5
hard:724575009	hard	A	A	True	True		0.7067	0.7067	0.10730440000000002	0.67	24.9
easy:22298006	easy	A	A	True	True		0.709	0.709	0.10768588000000001	0.6726	22.9
easy:709282004	easy	A	A	True	True		0.6318	0.6318	0.18404468999999996	0.5858	25.5
hard:763309005	hard	A	A	True	True		0.5405	0.5405	0.31022271	0.483	102.1
retrieval-miss:16459000	retrieval-miss	none	A	False	False		0.2388	0.2328	0.70600447	0.1437	96.0
easy:63119004	easy	A	A	True	True		0.6381	0.6381	0.16190386999999998	0.5929	98.2
hard:254114000	hard	A	A	True	True		0.6058	0.6058	0.19266661	0.5566	24.0
hard:763658004	hard	A	A	True	True		0.7054	0.7054	0.10747024999999999	0.6685	99.3
easy:81211007	easy	A	A	True	True		0.2345	0.2345	0.6912054600000002	0.1388	24.0
hard:26745009	hard	A	none	False	True		0.3568	0.2486	0.7511476500000001	0.2764	22.9
easy:432328008	easy	A	A	True	True		0.805	0.805	0.05023572999999998	0.7806	24.8
easy:68116008	easy	A	A	True	True		0.6626	0.6626	0.16871373	0.6204	24.0
hard:18260003	hard	A	A	True	True		0.7999	0.7999	0.06193318999999998	0.7748	23.9
hard:25569003	hard	A	A	True	True		0.7135	0.7135	0.10161230999999997	0.6777	24.3
none-narrower:724612006	none-narrower	none	none	True	False		0.3184	0.3184	0.60113436	0.2332	26.0
easy:254898001	easy	A	A	True	True		0.4689	0.4689	0.37077754	0.4025	107.7
none-narrower:126999006	none-narrower	none	none	True	False		0.3516	0.3516	0.52002279	0.2705	24.5
hard:75614007	hard	A	A	True	True		0.7022	0.7022	0.11301031999999997	0.665	23.8
easy:74100001	easy	A	none	False	True		0.2647	0.2299	0.7203400400000001	0.1728	24.6
easy:192644005	easy	A	A	True	True		0.5723	0.5723	0.22140034999999997	0.5188	25.4
none-narrower:370494002	none-narrower	none	H	False	False		0.2617	0.2111	0.73427985	0.1694	23.0
none-narrower:94514000	none-narrower	none	A	False	False		0.3812	0.1699	0.8914164200000001	0.3038	24.8
easy:717789008	easy	A	A	True	True		0.4754	0.4754	0.3432789599999999	0.4098	24.9
hard:715825009	hard	A	A	True	True		0.7036	0.7036	0.10291440999999998	0.6665	104.9
retrieval-miss:408642003	retrieval-miss	none	B	False	False		0.3052	0.186	0.8174998000000001	0.2183	25.5
hard:30292005	hard	A	A	True	True		0.5684	0.5684	0.2459488	0.5145	24.0
easy:196102003	easy	A	A	True	True		0.5363	0.5363	0.30134328	0.4784	24.6
easy:722034006	easy	A	A	True	True		0.5276	0.5276	0.28247885000000006	0.4686	24.0
hard:11314008	hard	A	A	True	True		0.7642	0.7642	0.07519059	0.7348	24.0
none-narrower:831000119103	none-narrower	none	A	False	False		0.4864	0.2197	0.86742403	0.4222	22.8
hard:725141006	hard	A	A	True	True		0.4823	0.4823	0.3299251600000001	0.4176	24.4
retrieval-miss:238534006	retrieval-miss	none	none	True	False		0.4996	0.4996	0.29016934	0.437	23.2
hard:724384008	hard	A	A	True	True		0.7108	0.7108	0.10756761000000001	0.6747	24.5
hard:723823004	hard	A	A	True	True		0.8593	0.8593	0.025840570000000018	0.8417	109.3
none-narrower:721781004	none-narrower	none	A	False	False		0.5048	0.2632	0.80852303	0.4429	24.5
retrieval-miss:69646003	retrieval-miss	none	none	True	False		0.2823	0.2823	0.5985381200000001	0.1926	99.1
retrieval-miss:431396003	retrieval-miss	none	B	False	False		0.2988	0.2881	0.64653217	0.2111	24.2
hard:42908004	hard	A	none	False	True		0.4305	0.2937	0.69848391	0.3593	22.8
easy:74469006	easy	B	B	True	False		0.3271	0.3271	0.5657954200000002	0.243	24.0
retrieval-miss:10170007	retrieval-miss	none	C	False	False		0.4887	0.1662	0.9544599	0.4248	24.8
hard:18756002	hard	A	A	True	True		0.4608	0.4608	0.34595387	0.3934	24.7
none-narrower:1217382002	none-narrower	none	G	False	False		0.2455	0.191	0.7641945199999999	0.1512	102.7
retrieval-miss:234062003	retrieval-miss	none	C	False	False		0.3031	0.1134	0.9757978900000001	0.216	22.8
hard:765141005	hard	A	A	True	True		0.7163	0.7163	0.10045081999999997	0.6808	99.4
hard:715462003	hard	A	A	True	True		0.7401	0.7401	0.08993318	0.7076	99.5
easy:88232005	easy	A	A	True	True		0.3805	0.3805	0.4530743399999999	0.3031	23.6
none-narrower:272006008	none-narrower	none	H	False	False		0.4609	0.2401	0.81103294	0.3935	23.7
easy:400179000	easy	A	A	True	True		0.6961	0.6961	0.11369613999999997	0.6581	24.2
easy:81854007	easy	A	A	True	True		0.5791	0.5791	0.24924791000000004	0.5264	23.8
retrieval-miss:237692001	retrieval-miss	none	E	False	False		0.2347	0.1746	0.8113740600000001	0.139	107.7
none-narrower:1145446000	none-narrower	none	A	False	False		0.4513	0.391	0.57901892	0.3827	23.0
easy:89723004	easy	A	A	True	True		0.5766	0.5766	0.24286079	0.5237	22.5
hard:719825000	hard	A	A	True	True		0.6158	0.6158	0.17818606999999997	0.5677	25.9
hard:74400008	hard	A	A	True	True		0.506	0.506	0.31632427	0.4442	22.5
hard:41910004	hard	A	A	True	True		0.4039	0.4039	0.46598213000000005	0.3294	24.5
easy:253103006	easy	A	A	True	True		0.5194	0.5194	0.27350607000000005	0.4593	22.8
easy:92437008	easy	A	A	True	True		0.6713	0.6713	0.1343782	0.6302	24.6
easy:38371006	easy	A	A	True	True		0.7968	0.7968	0.05841572000000002	0.7714	23.8
easy:715770009	easy	A	A	True	True		0.7525	0.7525	0.08120196000000002	0.7216	24.9
hard:196027008	hard	A	A	True	True		0.4954	0.4954	0.3053207699999999	0.4323	24.1
hard:719164000	hard	A	A	True	True		0.6465	0.6465	0.17810601000000004	0.6023	24.4
none-narrower:403373008	none-narrower	none	H	False	False		0.3716	0.2579	0.71231139	0.293	22.6
hard:416481006	hard	A	A	True	True		0.3444	0.3444	0.5319209899999999	0.2625	24.8
none-narrower:94973007	none-narrower	none	A	False	False		0.3276	0.2057	0.7958765800000001	0.2435	25.8
hard:237604008	hard	A	A	True	True		0.5664	0.5664	0.24073929999999996	0.5122	104.7
hard:86341008	hard	A	A	True	True		0.3641	0.3641	0.48151129000000004	0.2846	23.9
hard:171131006	hard	A	A	True	True		0.5646	0.5646	0.24180094	0.5102	24.7
none-narrower:95255005	none-narrower	none	A	False	False		0.2806	0.2492	0.6879566800000001	0.1907	24.2
none-narrower:1156852009	none-narrower	none	A	False	False		0.296	0.1346	0.8952085499999998	0.208	102.5
easy:56604005	easy	A	A	True	True		0.6791	0.6791	0.12426980999999998	0.6389	23.0
retrieval-miss:17406005	retrieval-miss	none	none	True	False		0.2419	0.2419	0.6662658100000001	0.1471	23.9
retrieval-miss:720635002	retrieval-miss	none	A	False	False		0.461	0.2377	0.80784256	0.3936	25.0
hard:116381000119105	hard	A	A	True	True		0.7179	0.7179	0.09625948999999999	0.6826	24.8
easy:69163003	easy	A	A	True	True		0.4835	0.4835	0.38812099	0.4189	24.5
easy:719140001	easy	A	A	True	True		0.4003	0.4003	0.48950101	0.3253	104.7
retrieval-miss:425740005	retrieval-miss	none	none	True	False		0.3648	0.3648	0.50236062	0.2854	99.6
none-narrower:2858002	none-narrower	none	H	False	False		0.2683	0.1585	0.8836498500000001	0.1769	22.9
none-narrower:94682004	none-narrower	none	A	False	False		0.3293	0.2042	0.7769815500000001	0.2454	24.6
hard:403900000	hard	A	C	False	True		0.3545	0.1573	0.89911259	0.2738	24.7
hard:197866008	hard	A	A	True	True		0.771	0.771	0.08531812999999999	0.7424	20.2
retrieval-miss:16814004	retrieval-miss	none	A	False	False		0.3497	0.22	0.7800756200000001	0.2685	23.9
easy:111798006	easy	A	A	True	True		0.4429	0.4429	0.41497706999999995	0.3733	24.1
hard:234451005	hard	A	A	True	True		0.7975	0.7975	0.059005990000000015	0.7722	25.0
easy:58718002	easy	A	A	True	True		0.6768	0.6768	0.14363529000000003	0.6364	24.2
easy:720612000	easy	A	A	True	True		0.6679	0.6679	0.14374387999999996	0.6264	109.0
easy:363358000	easy	A	A	True	True		0.4479	0.4479	0.39079124	0.3788	24.2
easy:53974002	easy	A	A	True	True		0.6756	0.6756	0.14012214000000003	0.6351	24.6
hard:85559002	hard	B	B	True	False		0.7808	0.7808	0.06704566999999997	0.7534	23.0
hard:187681002	hard	A	A	True	True		0.6518	0.6518	0.16486588999999996	0.6082	24.2
easy:254129003	easy	A	A	True	True		0.663	0.663	0.16116294999999997	0.6209	24.8
hard:62377009	hard	A	A	True	True		0.8411	0.8411	0.039001670000000016	0.8212	24.6
hard:76976005	hard	A	A	True	True		0.6175	0.6175	0.17899934999999997	0.5697	23.1
hard:19138001	hard	A	A	True	True		0.7558	0.7558	0.07417048999999999	0.7252	25.2
easy:18842008	easy	A	A	True	True		0.3462	0.3462	0.5549385399999999	0.2644	23.3
retrieval-miss:10087007	retrieval-miss	none	none	True	False		0.3518	0.3518	0.5073633	0.2707	24.6
hard:190724004	hard	A	A	True	True		0.3104	0.3104	0.5642823	0.2242	23.2
easy:404057003	easy	A	A	True	True		0.4585	0.4585	0.36719266	0.3908	112.4
easy:264443002	easy	A	A	True	True		0.7638	0.7638	0.06979398999999999	0.7342	23.9
easy:363433009	easy	A	A	True	True		0.285	0.285	0.6313028400000001	0.1956	25.5
hard:28670008	hard	A	A	True	True		0.7618	0.7618	0.07797528999999997	0.7321	24.0
hard:92386006	hard	A	A	True	True		0.647	0.647	0.15481923999999997	0.6029	24.0
none-narrower:472783006	none-narrower	none	H	False	False		0.3084	0.209	0.8027489400000001	0.2219	23.1
easy:405822008	easy	A	A	True	True		0.4625	0.4625	0.36317573	0.3953	104.9
hard:59229005	hard	A	B	False	True		0.4349	0.3652	0.6041784200000001	0.3643	23.9
none-narrower:771177009	none-narrower	none	A	False	False		0.6849	0.1223	1.24639783	0.6455	25.0
hard:19620000	hard	A	A	True	True		0.4741	0.4741	0.3542997800000001	0.4084	22.8
none-narrower:441530006	none-narrower	none	A	False	False		0.4235	0.2456	0.77649897	0.3514	22.6
hard:36989005	hard	A	A	True	True		0.7801	0.7801	0.06658796	0.7526	24.7
none-narrower:276866009	none-narrower	none	none	True	False		0.337	0.337	0.53228204	0.2541	24.7
none-narrower:403785002	none-narrower	none	A	False	False		0.7188	0.164	1.21949963	0.6837	25.8
hard:721836009	hard	A	A	True	True		0.7588	0.7588	0.07648339999999998	0.7286	110.3
none-narrower:373405005	none-narrower	none	A	False	False		0.3525	0.259	0.73170106	0.2715	22.6
hard:24629003	hard	A	A	True	True		0.7554	0.7554	0.07624342000000003	0.7248	25.8
hard:404659001	hard	A	A	True	True		0.7798	0.7798	0.06105762999999997	0.7523	25.5
hard:719800009	hard	A	A	True	True		0.842	0.842	0.03612114000000001	0.8222	24.6
easy:720603002	easy	A	A	True	True		0.5282	0.5282	0.32633944	0.4693	105.4
hard:56267009	hard	A	A	True	True		0.5727	0.5727	0.22382967	0.5193	24.5
none-narrower:47378001	none-narrower	none	A	False	False		0.3069	0.1703	0.8593239699999999	0.2202	24.3
hard:196305005	hard	A	none	False	True		0.3371	0.2406	0.7239323599999999	0.2542	24.5
hard:290653008	hard	A	A	True	True		0.657	0.657	0.16485839	0.6141	100.7
retrieval-miss:21893008	retrieval-miss	none	none	True	False		0.3249	0.3249	0.5297001	0.2405	96.8
easy:720344007	easy	A	A	True	True		0.4252	0.4252	0.4404864	0.3533	99.9
easy:95210003	easy	A	A	True	True		0.5837	0.5837	0.21735485999999998	0.5316	25.2
none-narrower:724749007	none-narrower	none	A	False	False		0.6136	0.1716	1.07719549	0.5653	23.9
hard:12676007	hard	A	A	True	True		0.5299	0.5299	0.27636656	0.4712	20.2
easy:89392001	easy	A	A	True	True		0.549	0.549	0.24454558999999998	0.4927	24.4
easy:37754005	easy	A	A	True	True		0.3936	0.3936	0.48947071000000003	0.3178	24.1
easy:721015008	easy	B	B	True	False		0.8683	0.8683	0.02547281000000001	0.8518	24.6
hard:443439001	hard	A	A	True	True		0.3794	0.3794	0.49705123000000007	0.3018	102.9
hard:716683005	hard	A	A	True	True		0.7084	0.7084	0.11055274999999998	0.672	98.7
none-narrower:231929005	none-narrower	none	B	False	False		0.5014	0.2	0.9238879200000001	0.4391	22.8
easy:8635005	easy	A	A	True	True		0.5303	0.5303	0.26346761	0.4716	23.6
hard:93390002	hard	A	D	False	True		0.4159	0.268	0.7477214800000002	0.3429	24.0
hard:371199008	hard	A	none	False	True		0.2877	0.244	0.70461244	0.1987	22.9
easy:239085000	easy	B	B	True	False		0.4849	0.4849	0.33436082	0.4205	23.3
easy:69080001	easy	A	A	True	True		0.7176	0.7176	0.09931142999999998	0.6823	24.0
hard:768843007	hard	A	A	True	True		0.6134	0.6134	0.17794665000000004	0.5651	105.7
easy:89420002	easy	A	A	True	True		0.5932	0.5932	0.19855028000000002	0.5423	24.1
easy:763215008	easy	A	A	True	True		0.7506	0.7506	0.08333622999999997	0.7195	98.6
easy:717749002	easy	A	B	False	True		0.3242	0.2133	0.7771065799999999	0.2397	24.5
easy:47709007	easy	A	A	True	True		0.6597	0.6597	0.15060304000000005	0.6171	25.7
hard:720984008	hard	A	A	True	True		0.7859	0.7859	0.06336286999999999	0.7591	100.4
none-narrower:255169005	none-narrower	none	B	False	False		0.571	0.2383	0.9174893800000001	0.5173	24.5
hard:234628004	hard	A	A	True	True		0.6361	0.6361	0.17126778	0.5906	24.0
hard:722456001	hard	A	A	True	True		0.6914	0.6914	0.12014871	0.6529	25.3
hard:24752008	hard	A	A	True	True		0.563	0.563	0.23275128000000006	0.5084	24.2
hard:733520002	hard	A	A	True	True		0.6495	0.6495	0.14702293000000002	0.6057	107.8
retrieval-miss:88887003	retrieval-miss	none	none	True	False		0.2734	0.2734	0.63310716	0.1825	24.1
easy:716091000	easy	A	A	True	True		0.6064	0.6064	0.18739775999999997	0.5572	26.1
none-narrower:271570007	none-narrower	none	none	True	False		0.2449	0.2449	0.6580556099999999	0.1505	22.7
hard:55735004	hard	A	A	True	True		0.3979	0.3979	0.46382979	0.3226	24.6
hard:13920009	hard	A	A	True	True		0.7177	0.7177	0.11990131999999999	0.6825	24.7
easy:1279844009	easy	A	A	True	True		0.5035	0.5035	0.34136098000000004	0.4415	24.3
none-narrower:312224002	none-narrower	none	A	False	False		0.7772	0.1365	1.3513985799999997	0.7494	23.1
easy:764996009	easy	A	A	True	True		0.6825	0.6825	0.1353382	0.6428	104.8
none-narrower:254196004	none-narrower	none	A	False	False		0.4101	0.1421	0.94995629	0.3364	101.6
easy:703266007	easy	A	A	True	True		0.5786	0.5786	0.20892224	0.5259	24.3
none-narrower:773610007	none-narrower	none	A	False	False		0.617	0.1799	1.0658115400000001	0.5691	26.0
none-narrower:447706001	none-narrower	none	B	False	False		0.37	0.2582	0.72423696	0.2913	25.8
hard:763528002	hard	A	A	True	True		0.3664	0.3664	0.5015596099999999	0.2871	99.4
hard:70737009	hard	C	none	False	False		0.2704	0.1238	0.958909	0.1792	25.5
hard:25374005	hard	A	A	True	True		0.6545	0.6545	0.17331259000000002	0.6113	22.6
retrieval-miss:237687003	retrieval-miss	none	none	True	False		0.4088	0.4088	0.41011389	0.3349	25.9
retrieval-miss:703403003	retrieval-miss	none	none	True	False		0.2998	0.2998	0.5735819	0.2123	101.1
hard:1271009	hard	A	A	True	True		0.6233	0.6233	0.17277872000000005	0.5762	24.9
hard:85708001	hard	A	A	True	True		0.5508	0.5508	0.27132508000000005	0.4946	24.1
none-narrower:111850006	none-narrower	none	C	False	False		0.5017	0.2613	0.8145298599999999	0.4395	22.7
easy:725413002	easy	A	A	True	True		0.6947	0.6947	0.11513100000000001	0.6565	24.4
hard:238047006	hard	A	A	True	True		0.7854	0.7854	0.06352584	0.7586	24.5
easy:230655004	easy	A	A	True	True		0.4965	0.4965	0.33940867	0.4335	24.3
easy:25476006	easy	A	A	True	True		0.4192	0.4192	0.48969002999999994	0.3466	25.0
hard:719209002	hard	A	A	True	True		0.6787	0.6787	0.12779023	0.6385	107.5
hard:443520009	hard	A	A	True	True		0.717	0.717	0.10758459000000001	0.6816	23.1
none-narrower:1259592000	none-narrower	none	A	False	False		0.6765	0.0987	1.28309245	0.6361	25.6
none-narrower:373422007	none-narrower	none	A	False	False		0.3324	0.2355	0.7472874599999999	0.249	23.2
easy:721835008	easy	A	A	True	True		0.3962	0.3962	0.45708444000000004	0.3207	24.1
hard:31097004	hard	D	D	True	False		0.7642	0.7642	0.07889675	0.7348	25.9
easy:60136008	easy	A	A	True	True		0.6896	0.6896	0.12146221	0.6508	21.8
easy:721075001	easy	A	A	True	True		0.7521	0.7521	0.08815909000000001	0.7211	24.8
easy:28783002	easy	G	G	True	False		0.4441	0.4441	0.37538137000000005	0.3746	23.9
retrieval-miss:1648002	retrieval-miss	none	none	True	False		0.4882	0.4882	0.31263301000000004	0.4242	26.0
hard:719650004	hard	A	A	True	True		0.6705	0.6705	0.12961442	0.6294	26.2
easy:297237003	easy	A	A	True	True		0.4176	0.4176	0.47708802	0.3448	26.0
retrieval-miss:4945003	retrieval-miss	none	A	False	False		0.2946	0.2212	0.7433110599999999	0.2064	101.5
retrieval-miss:34042008	retrieval-miss	none	none	True	False		0.2828	0.2828	0.5876117600000001	0.1931	25.5
easy:126792007	easy	A	A	True	True		0.296	0.296	0.6271835699999999	0.208	23.8
easy:722059002	easy	A	A	True	True		0.69	0.69	0.12055811000000002	0.6513	98.9
easy:109995007	easy	A	A	True	True		0.69	0.69	0.11726036000000004	0.6512	97.4
easy:48500005	easy	A	A	True	True		0.6003	0.6003	0.22692540000000005	0.5504	23.8
none-narrower:49481000	none-narrower	none	none	True	False		0.4172	0.4172	0.42030829999999997	0.3443	102.1
none-narrower:191820008	none-narrower	none	A	False	False		0.3843	0.2219	0.78382002	0.3074	20.2
hard:43878008	hard	A	A	True	True		0.4386	0.4386	0.42171883000000004	0.3684	24.1
easy:45781009	easy	E	none	False	False		0.3303	0.2731	0.66916423	0.2465	24.8
easy:722690001	easy	A	A	True	True		0.5844	0.5844	0.20710897999999994	0.5324	24.8
none-narrower:1259443009	none-narrower	none	A	False	False		0.5178	0.2049	0.9247062600000001	0.4575	102.9
hard:41799005	hard	A	A	True	True		0.5736	0.5736	0.23274736	0.5203	24.2
hard:38804009	hard	A	A	True	True		0.8528	0.8528	0.0305784	0.8344	24.7
easy:276954004	easy	A	A	True	True		0.3363	0.3363	0.52332878	0.2534	24.8
retrieval-miss:719848005	retrieval-miss	none	G	False	False		0.2839	0.2002	0.7999309600000001	0.1944	20.2
easy:24790002	easy	A	A	True	True		0.6953	0.6953	0.11109907	0.6572	104.2
easy:717008005	easy	A	A	True	True		0.7229	0.7229	0.09563460000000001	0.6883	98.4
none-narrower:4702003	none-narrower	none	A	False	False		0.2927	0.1876	0.8391631399999999	0.2043	22.9
none-narrower:262933008	none-narrower	none	A	False	False		0.3086	0.2913	0.64611896	0.2222	24.3
retrieval-miss:61750000	retrieval-miss	none	none	True	False		0.3465	0.3465	0.49077081	0.2648	24.1
hard:81577001	hard	A	A	True	True		0.5796	0.5796	0.22118997999999998	0.5271	24.6
hard:44730006	hard	A	A	True	True		0.4264	0.4264	0.41090942	0.3547	25.6
none-narrower:722664004	none-narrower	none	none	True	False		0.248	0.248	0.66526288	0.154	24.2
hard:715907003	hard	A	A	True	True		0.8536	0.8536	0.030924469999999996	0.8353	26.0
hard:51523009	hard	A	A	True	True		0.6649	0.6649	0.15312512999999997	0.6231	25.0
retrieval-miss:445448008	retrieval-miss	none	A	False	False		0.565	0.1792	1.0122526299999999	0.5106	109.4
retrieval-miss:37610005	retrieval-miss	none	none	True	False		0.6217	0.6217	0.18180095999999998	0.5744	20.6
hard:718602007	hard	A	A	True	True		0.7799	0.7799	0.07067114999999997	0.7524	25.3
hard:49428008	hard	A	A	True	True		0.7471	0.7471	0.08154282000000002	0.7155	25.9
hard:42265009	hard	A	A	True	True		0.6715	0.6715	0.13969598000000003	0.6305	23.3
hard:33064008	hard	A	A	True	True		0.6942	0.6942	0.12902562999999997	0.656	25.2
easy:42386007	easy	A	A	True	True		0.6587	0.6587	0.16901783000000004	0.616	108.5
easy:254812004	easy	A	B	False	True		0.4202	0.2433	0.7840943400000002	0.3478	22.9
easy:722439009	easy	A	A	True	True		0.8486	0.8486	0.034169029999999996	0.8297	101.9
easy:44018007	easy	B	none	False	False		0.3153	0.1447	0.8860835199999999	0.2297	22.9
retrieval-miss:279611005	retrieval-miss	none	D	False	False		0.2626	0.2417	0.6983123999999999	0.1704	25.7
hard:80813006	hard	A	A	True	True		0.7284	0.7284	0.09860518999999998	0.6944	24.3
easy:715776003	easy	A	A	True	True		0.7867	0.7867	0.05832345000000001	0.76	103.5
none-narrower:59136001	none-narrower	none	none	True	False		0.258	0.258	0.6912337199999999	0.1652	23.7
easy:402700001	easy	A	A	True	True		0.5145	0.5145	0.29376213000000007	0.4538	22.9
easy:17608003	easy	A	A	True	True		0.737	0.737	0.0855306	0.7041	25.5
none-narrower:1255194004	none-narrower	none	A	False	False		0.3158	0.1909	0.80436365	0.2303	25.8
none-narrower:818967003	none-narrower	none	A	False	False		0.5175	0.2445	0.8545326900000001	0.4571	24.7
hard:240849009	hard	A	A	True	True		0.7335	0.7335	0.08873517999999998	0.7002	101.1
hard:389145006	hard	A	A	True	True		0.6406	0.6406	0.16603127000000006	0.5956	23.3
hard:35600002	hard	A	A	True	True		0.3265	0.3265	0.57187426	0.2423	24.9
hard:197270009	hard	A	A	True	True		0.7999	0.7999	0.05923596999999998	0.7748	22.9
easy:85898001	easy	A	A	True	True		0.2699	0.2699	0.63804048	0.1787	24.2
easy:764512003	easy	A	A	True	True		0.6644	0.6644	0.13892446000000003	0.6224	315.0
none-narrower:403369005	none-narrower	none	none	True	False		0.295	0.295	0.6093118700000001	0.2069	24.0
hard:124596009	hard	A	A	True	True		0.6286	0.6286	0.17403791999999996	0.5822	24.6
hard:75315001	hard	A	A	True	True		0.5133	0.5133	0.28259027000000003	0.4524	24.2
hard:18735004	hard	A	A	True	True		0.803	0.803	0.05404411999999999	0.7784	22.9
hard:237941007	hard	A	A	True	True		0.5076	0.5076	0.32491091999999994	0.4461	103.0
easy:70647001	easy	A	A	True	True		0.6909	0.6909	0.13458379000000004	0.6522	25.7
easy:35091000119101	easy	A	A	True	True		0.444	0.444	0.36793603	0.3745	25.7
none-narrower:10184002	none-narrower	none	A	False	False		0.2916	0.2377	0.71031081	0.2031	22.7
hard:35520007	hard	A	A	True	True		0.7884	0.7884	0.06267789000000001	0.7619	24.3
hard:18805001	hard	C	D	False	False		0.2115	0.1097	0.92687253	0.1129	24.4
hard:126583006	hard	A	A	True	True		0.6201	0.6201	0.19042536	0.5726	24.9
easy:715736008	easy	A	A	True	True		0.7966	0.7966	0.05970240000000002	0.7712	107.5
hard:359007	hard	A	A	True	True		0.6571	0.6571	0.15819738999999997	0.6143	24.6
none-narrower:95005005	none-narrower	none	none	True	False		0.3314	0.3314	0.5724660100000001	0.2478	24.5
none-narrower:15966341000119102	none-narrower	none	A	False	False		0.5861	0.1639	1.06195484	0.5344	23.7
easy:233667003	easy	C	none	False	False		0.334	0.2006	0.79934786	0.2507	23.0
easy:724275005	easy	A	A	True	True		0.5484	0.5484	0.24921188	0.492	105.2
easy:723453002	easy	A	A	True	True		0.7917	0.7917	0.05945146000000002	0.7657	100.2
easy:190293001	easy	A	A	True	True		0.5396	0.5396	0.28197287000000004	0.4821	24.3
none-narrower:94080006	none-narrower	none	A	False	False		0.3997	0.1417	1.00653017	0.3246	24.3
easy:449824004	easy	A	A	True	True		0.6287	0.6287	0.17367814999999998	0.5823	24.0
none-narrower:1263522001	none-narrower	none	none	True	False		0.4976	0.4976	0.30936584	0.4348	24.6
hard:720458005	hard	A	A	True	True		0.6523	0.6523	0.15039648	0.6088	100.6
hard:62067003	hard	A	A	True	True		0.8034	0.8034	0.055109910000000005	0.7788	25.5
none-narrower:66944004	none-narrower	none	A	False	False		0.3417	0.1942	0.8041103099999999	0.2595	24.1
easy:90623003	easy	A	A	True	True		0.5568	0.5568	0.26739991	0.5014	24.3
easy:49130001	easy	A	A	True	True		0.3291	0.3291	0.53043109	0.2453	22.8
easy:230321007	easy	A	C	False	True		0.3891	0.1251	0.9738728799999999	0.3128	24.2
easy:36971009	easy	A	A	True	True		0.5958	0.5958	0.20755431000000002	0.5453	20.3
none-narrower:300457003	none-narrower	none	none	True	False		0.27	0.27	0.6367690099999999	0.1788	22.8
hard:87343002	hard	A	A	True	True		0.6587	0.6587	0.16480626000000004	0.6161	103.4
hard:415105001	hard	A	A	True	True		0.7066	0.7066	0.12060388	0.67	24.3
hard:254582000	hard	A	A	True	True		0.4557	0.4557	0.36706556999999995	0.3877	100.3
easy:192004002	easy	A	A	True	True		0.4561	0.4561	0.3924739300000001	0.3881	22.6
easy:446989009	easy	A	A	True	True		0.4285	0.4285	0.41003692	0.3571	25.6
none-narrower:204985001	none-narrower	none	none	True	False		0.2561	0.2561	0.65167657	0.1632	22.9
easy:402723003	easy	A	A	True	True		0.6783	0.6783	0.12734599	0.638	25.0
none-narrower:265569002	none-narrower	none	A	False	False		0.3262	0.1014	0.99133069	0.242	24.8
easy:65194006	easy	A	A	True	True		0.4516	0.4516	0.36444951999999997	0.3831	24.3
easy:255084004	easy	A	A	True	True		0.47	0.47	0.35240046	0.4038	24.9
none-narrower:276873004	none-narrower	none	A	False	False		0.6008	0.148	1.11822227	0.5508	26.1
hard:92059004	hard	A	A	True	True		0.2937	0.2937	0.6287753899999999	0.2054	24.5
hard:237083000	hard	A	A	True	True		0.4531	0.4531	0.36491201	0.3848	24.2
none-narrower:54116000	none-narrower	none	A	False	False		0.549	0.1745	0.99710188	0.4926	25.4
retrieval-miss:105706003	retrieval-miss	none	A	False	False		0.3625	0.2328	0.80868502	0.2828	24.4
easy:695751021000132104	easy	A	A	True	True		0.5326	0.5326	0.28545688	0.4742	24.7
easy:28244003	easy	A	A	True	True		0.4825	0.4825	0.3251304000000001	0.4179	23.5
hard:121951000119101	hard	A	A	True	True		0.6565	0.6565	0.14928998000000002	0.6136	24.3
none-narrower:771013004	none-narrower	none	A	False	False		0.6051	0.1371	1.12290822	0.5557	111.8
none-narrower:387681000	none-narrower	none	A	False	False		0.3644	0.3148	0.6216609	0.2849	24.1
easy:277617004	easy	A	A	True	True		0.5019	0.5019	0.30131235999999995	0.4397	25.2
hard:722378009	hard	A	A	True	True		0.729	0.729	0.09451081	0.6951	26.2
hard:61253004	hard	A	A	True	True		0.4448	0.4448	0.3914051	0.3754	23.0
retrieval-miss:238694002	retrieval-miss	none	A	False	False		0.2878	0.1218	0.91754479	0.1988	26.1
easy:200722003	easy	A	A	True	True		0.7551	0.7551	0.08063468	0.7245	22.9
hard:231931001	hard	A	A	True	True		0.3889	0.3889	0.44583676999999994	0.3125	24.9
none-narrower:402126004	none-narrower	none	H	False	False		0.342	0.1512	0.91745945	0.2598	24.7
none-narrower:359711001	none-narrower	none	A	False	False		0.5403	0.138	1.0578408799999999	0.4828	111.8
easy:194119004	easy	C	C	True	False		0.3082	0.3082	0.5927273199999998	0.2217	22.8
hard:41659003	hard	C	A	False	False		0.2484	0.1688	0.83875623	0.1544	25.4
hard:14921002	hard	D	none	False	False		0.2736	0.1484	0.87017686	0.1828	25.7
retrieval-miss:69488000	retrieval-miss	none	none	True	False		0.1917	0.1917	0.7527088900000001	0.0906	23.8
none-narrower:385006	none-narrower	none	A	False	False		0.5739	0.1143	1.13172245	0.5206	22.7
none-narrower:186861006	none-narrower	none	A	False	False		0.4454	0.1979	0.8813241000000002	0.3761	24.2
easy:403889000	easy	A	A	True	True		0.5004	0.5004	0.29225195000000004	0.438	25.8
retrieval-miss:78305006	retrieval-miss	none	none	True	False		0.3665	0.3665	0.46244010999999996	0.2873	26.0
easy:77098009	easy	A	A	True	True		0.6395	0.6395	0.15706562000000004	0.5944	25.4
hard:12546009	hard	B	B	True	False		0.4352	0.4352	0.4415608199999999	0.3646	25.6
none-narrower:1177005009	none-narrower	none	A	False	False		0.2867	0.2357	0.70097866	0.1975	23.2
easy:37925008	easy	A	B	False	True		0.5613	0.1229	1.1088533999999999	0.5065	24.1
easy:36517007	easy	A	A	True	True		0.7304	0.7304	0.08919259999999997	0.6967	24.5
easy:34742003	easy	A	A	True	True		0.6421	0.6421	0.16199062999999997	0.5973	20.3
easy:763833006	easy	A	A	True	True		0.6388	0.6388	0.16206465	0.5937	111.1
hard:613003	hard	A	A	True	True		0.7907	0.7907	0.06267060000000002	0.7645	23.0
hard:716108004	hard	A	A	True	True		0.8019	0.8019	0.050574100000000025	0.7771	100.4
easy:92272009	easy	A	A	True	True		0.5474	0.5474	0.25706554	0.4908	25.5
easy:238612002	easy	A	A	True	True		0.4904	0.4904	0.3117241300000001	0.4267	25.5
hard:15033003	hard	A	A	True	True		0.7236	0.7236	0.10439199999999997	0.6891	22.6
easy:718174008	easy	A	A	True	True		0.4564	0.4564	0.34390629000000006	0.3885	24.6
hard:193093009	hard	A	A	True	True		0.7156	0.7156	0.10049846999999999	0.6801	24.1
easy:92298003	easy	A	A	True	True		0.7297	0.7297	0.09361891	0.6959	24.6
easy:447781009	easy	A	A	True	True		0.4333	0.4333	0.40894960999999996	0.3625	25.6
easy:267592003	easy	B	B	True	False		0.4939	0.4939	0.36545189	0.4306	25.7
easy:763070001	easy	A	A	True	True		0.7503	0.7503	0.07899534000000002	0.7191	105.7
hard:715482004	hard	A	A	True	True		0.7509	0.7509	0.08592043999999999	0.7197	24.9
hard:39479004	hard	A	A	True	True		0.78	0.78	0.07011861999999999	0.7525	25.5
retrieval-miss:277475006	retrieval-miss	none	F	False	False		0.5854	0.2156	0.96547772	0.5336	25.4
hard:719404009	hard	A	A	True	True		0.712	0.712	0.11059673000000003	0.676	24.0
easy:255039001	easy	A	A	True	True		0.7839	0.7839	0.06273320999999998	0.7569	25.6
none-narrower:712527004	none-narrower	none	A	False	False		0.4001	0.1831	0.8721959899999999	0.3252	24.1
hard:763211004	hard	A	A	True	True		0.7415	0.7415	0.08227540999999997	0.7092	102.8
hard:76880004	hard	A	A	True	True		0.695	0.695	0.11498443000000003	0.6569	22.9
easy:92109005	easy	A	B	False	True		0.3686	0.2674	0.7026013199999998	0.2896	24.0
easy:21794005	easy	A	A	True	True		0.7144	0.7144	0.10129321999999999	0.6787	24.0
easy:720976009	easy	A	A	True	True		0.5167	0.5167	0.2920426099999999	0.4563	104.1
easy:274902006	easy	A	A	True	True		0.7152	0.7152	0.10857960000000004	0.6796	99.7
hard:230672006	hard	A	A	True	True		0.7344	0.7344	0.09359132999999997	0.7011	25.7
easy:94292003	easy	A	A	True	True		0.5234	0.5234	0.27943876	0.4638	24.5
hard:254609000	hard	A	A	True	True		0.5493	0.5493	0.25391224	0.493	24.6
easy:716653001	easy	A	A	True	True		0.6451	0.6451	0.15087098000000002	0.6008	25.7
hard:231479000	hard	A	C	False	True		0.4236	0.3104	0.67668667	0.3515	18.4
easy:363465007	easy	A	none	False	True		0.2865	0.2572	0.68932449	0.1973	22.9
none-narrower:92609009	none-narrower	none	B	False	False		0.3342	0.1474	0.9233348	0.251	22.9
hard:92412003	hard	A	A	True	True		0.6174	0.6174	0.18241604000000006	0.5696	25.0
easy:277950001	easy	A	A	True	True		0.3696	0.3696	0.4758138200000001	0.2908	25.5
retrieval-miss:444755001	retrieval-miss	none	none	True	False		0.2741	0.2741	0.62119857	0.1834	23.0
hard:126677000	hard	A	A	True	True		0.7213	0.7213	0.10297548999999996	0.6865	24.8
hard:398680004	hard	B	A	False	False		0.4668	0.032	1.25130896	0.4001	110.4
retrieval-miss:129565002	retrieval-miss	none	none	True	False		0.2822	0.2822	0.6198536800000001	0.1925	22.5
easy:266257000	easy	B	B	True	False		0.5604	0.5604	0.25690994	0.5054	24.3
easy:276975007	easy	A	A	True	True		0.67	0.67	0.14751455999999996	0.6288	97.7
easy:715984007	easy	A	A	True	True		0.8286	0.8286	0.044054399999999994	0.8071	98.0
easy:1963002	easy	A	A	True	True		0.7498	0.7498	0.09068348999999999	0.7185	24.9
hard:363451005	hard	A	A	True	True		0.3745	0.3745	0.4966651499999999	0.2963	23.7
hard:718679004	hard	A	A	True	True		0.7954	0.7954	0.06342618	0.7698	24.1
none-narrower:1351328007	none-narrower	none	A	False	False		0.5394	0.143	1.0437512	0.4818	24.5
easy:609565001	easy	A	A	True	True		0.549	0.549	0.24868099	0.4927	24.1
easy:713577007	easy	A	A	True	True		0.7476	0.7476	0.07690956999999997	0.716	25.6
hard:402524007	hard	A	B	False	True		0.4722	0.1188	1.04824497	0.4063	24.2
hard:403986008	hard	A	A	True	True		0.6892	0.6892	0.12430153999999997	0.6504	24.3
hard:126824007	hard	A	A	True	True		0.4535	0.4535	0.37936129999999996	0.3852	24.2
hard:702368000	hard	A	A	True	True		0.3442	0.3442	0.57020807	0.2623	25.8
hard:61663001	hard	A	A	True	True		0.4997	0.4997	0.31579858999999993	0.4371	25.2
easy:26597004	easy	A	A	True	True		0.7347	0.7347	0.09778809999999999	0.7015	168.9
hard:763531001	hard	A	A	True	True		0.5798	0.5798	0.20839420000000003	0.5273	24.7
none-narrower:403552007	none-narrower	none	A	False	False		0.4304	0.2142	0.83044462	0.3592	24.6
easy:195021004	easy	A	A	True	True		0.5761	0.5761	0.21047727000000005	0.5232	24.6
easy:32117000	easy	A	A	True	True		0.5561	0.5561	0.26698624	0.5006	102.4
easy:717224002	easy	A	A	True	True		0.67	0.67	0.12924166999999998	0.6288	99.8
hard:419503008	hard	A	A	True	True		0.3042	0.3042	0.5856495799999999	0.2172	24.4
easy:766982000	easy	A	A	True	True		0.5051	0.5051	0.28706627999999995	0.4433	168.2
hard:235796008	hard	A	A	True	True		0.7653	0.7653	0.07528111	0.7359	23.7
none-narrower:84097002	none-narrower	none	A	False	False		0.519	0.2367	0.8647489500000001	0.4589	24.1
easy:11442006	easy	A	A	True	True		0.4075	0.4075	0.4008049	0.3335	26.0
hard:197260007	hard	C	C	True	False		0.613	0.613	0.18718330000000002	0.5646	24.1
easy:765747004	easy	A	B	False	True		0.4772	0.2608	0.7887079900000001	0.4118	102.7
easy:700057001	easy	A	A	True	True		0.8365	0.8365	0.036003919999999995	0.816	99.0
none-narrower:1087891000119107	none-narrower	none	A	False	False		0.4061	0.2678	0.7260526399999999	0.3319	24.0
hard:25044007	hard	A	A	True	True		0.6258	0.6258	0.19709619999999997	0.579	23.2
easy:416510003	easy	A	A	True	True		0.3279	0.3279	0.6057428799999999	0.2438	24.0
retrieval-miss:105668007	retrieval-miss	none	A	False	False		0.3784	0.2905	0.6767298500000001	0.3007	24.1
easy:274944000	easy	A	A	True	True		0.73	0.73	0.09957021999999999	0.6962	101.4
none-narrower:84753008	none-narrower	none	none	True	False		0.2563	0.2563	0.6497707600000001	0.1633	22.8
none-narrower:1208841001	none-narrower	none	none	True	False		0.298	0.298	0.5758557	0.2103	22.9
hard:19092004	hard	A	A	True	True		0.771	0.771	0.07349968	0.7424	101.0
easy:22240003	easy	A	A	True	True		0.5437	0.5437	0.28876202	0.4867	99.7
easy:429040005	easy	B	B	True	False		0.3242	0.3242	0.56548603	0.2397	22.6
hard:424114000	hard	A	A	True	True		0.8318	0.8318	0.04429960000000001	0.8107	25.8
retrieval-miss:15566009	retrieval-miss	none	D	False	False		0.2614	0.2473	0.6916922500000001	0.169	24.7
retrieval-miss:65038009	retrieval-miss	none	none	True	False		0.2855	0.2855	0.62145746	0.1962	20.3
hard:85039006	hard	A	A	True	True		0.5705	0.5705	0.23898533	0.5169	23.5
easy:763748007	easy	A	A	True	True		0.8332	0.8332	0.04216959999999998	0.8123	26.0
retrieval-miss:39288006	retrieval-miss	none	A	False	False		0.2093	0.204	0.7623097400000001	0.1105	24.2
none-narrower:1263575002	none-narrower	none	A	False	False		0.6333	0.1657	1.10573065	0.5875	23.0
hard:18899000	hard	A	A	True	True		0.5972	0.5972	0.20989644000000005	0.5468	25.4
none-narrower:1299151005	none-narrower	none	A	False	False		0.794	0.1113	1.4225913600000002	0.7683	26.0
easy:397923000	easy	A	A	True	True		0.4073	0.4073	0.4789062	0.3332	24.2
hard:126859007	hard	A	A	True	True		0.4348	0.4348	0.38364975999999984	0.3642	25.0
easy:8808004	easy	A	A	True	True		0.8019	0.8019	0.05554009000000002	0.7771	109.1
none-narrower:403856000	none-narrower	none	D	False	False		0.3271	0.3122	0.60811708	0.243	24.0
easy:724171006	easy	A	B	False	True		0.564	0.1768	1.0177756799999997	0.5095	23.8
hard:50390006	hard	A	A	True	True		0.6907	0.6907	0.12162136000000001	0.652	22.7
easy:70410008	easy	A	A	True	True		0.5765	0.5765	0.21675577	0.5236	25.8
easy:8634009	easy	A	A	True	True		0.6301	0.6301	0.16806891	0.5838	24.9
hard:237770005	hard	A	A	True	True		0.6204	0.6204	0.18693596000000004	0.573	107.8
hard:79830009	hard	A	A	True	True		0.6228	0.6228	0.18746206999999998	0.5756	22.9
none-narrower:783182004	none-narrower	none	A	False	False		0.535	0.169	1.0014339799999998	0.4769	24.6
easy:51239001	easy	A	A	True	True		0.411	0.411	0.45192097	0.3374	23.8
none-narrower:236711008	none-narrower	none	none	True	False		0.2604	0.2604	0.65993966	0.168	22.7
hard:58349009	hard	A	A	True	True		0.2919	0.2919	0.5988474199999999	0.2034	25.7
easy:68241007	easy	B	B	True	False		0.8354	0.8354	0.04076743999999999	0.8148	24.0
easy:767713001	easy	A	A	True	True		0.4443	0.4443	0.4392953800000001	0.3748	23.1
hard:404078000	hard	A	A	True	True		0.483	0.483	0.34500679	0.4183	25.3
hard:770406002	hard	A	A	True	True		0.5339	0.5339	0.31031863	0.4757	108.7
none-narrower:237819006	none-narrower	none	H	False	False		0.3719	0.2397	0.7772316499999999	0.2934	25.6
none-narrower:77746001	none-narrower	none	H	False	False		0.4817	0.3262	0.69182538	0.4169	101.8
hard:80690008	hard	B	B	True	False		0.3585	0.3585	0.5477184399999999	0.2783	24.5
none-narrower:10701000087104	none-narrower	none	none	True	False		0.3186	0.3186	0.5493738100000001	0.2335	23.2
