item_id	tier	truth	pred	hit	lex_hit	ambiguous	p_top	p_truth	brier	confidence	latency_ms
hard:238898001	hard	H	H	True	True	False	0.8942	0.8942	0.014982630000000002	0.881	119.4
hard:191201002	hard	F	F	True	True	False	0.9164	0.9164	0.008946410000000002	0.9059	115.2
hard:722006004	hard	A	A	True	True	False	0.9407	0.9407	0.004537190000000003	0.9333	122.0
hard:76642003	hard	F	H	False	True	True	0.5873	0.3768	0.7338060500000001	0.5357	106.6
gold-removed:402815007	gold-removed	none	none	True	False		0.7425	0.7425	0.07692216999999997	0.7103	118.5
easy:403980002	easy	E	E	True	True	False	0.9076	0.9076	0.01029196000000001	0.8961	111.3
gold-removed:373420004	gold-removed	none	none	True	False		0.9391	0.9391	0.004943929999999994	0.9315	180.8
easy:718610008	easy	G	G	True	True	False	0.9532	0.9532	0.002803309999999996	0.9473	177.9
hard:766759009	hard	F	F	True	False	True	0.773	0.773	0.06954711999999999	0.7446	119.2
easy:80281008	easy	G	G	True	True	False	0.8719	0.8719	0.0224163	0.8559	107.1
easy:42601008	easy	H	H	True	True	True	0.8044	0.8044	0.0527563	0.78	107.4
retrieval-miss:238836000	retrieval-miss	none	none	True	False	True	0.5011	0.5011	0.39033924	0.4387	179.2
easy:55647004	easy	F	F	True	False	True	0.8953	0.8953	0.01382212	0.8822	99.3
hard:124138004	hard	E	E	True	True	False	0.9324	0.9324	0.005905259999999998	0.9239	180.8
retrieval-miss:66379009	retrieval-miss	none	B	False	False	True	0.9143	0.0598	1.7200354200000003	0.9036	107.3
hard:373168002	hard	A	A	True	True	False	0.9337	0.9337	0.006103760000000003	0.9254	116.4
none-narrower:846579005	none-narrower	none	none	True	False		0.4453	0.4453	0.39837477	0.376	108.5
retrieval-miss:95637005	retrieval-miss	none	none	True	False	True	0.6402	0.6402	0.18221246	0.5952	111.6
gold-removed:702440000	gold-removed	none	none	True	False		0.9564	0.9564	0.0021868799999999974	0.9509	178.1
gold-removed:71253000	gold-removed	none	none	True	False		0.4061	0.4061	0.43942573	0.3318	107.6
hard:609221008	hard	A	E	False	False	True	0.8413	0.0179	1.6775841800000002	0.8214	120.1
gold-removed:719689005	gold-removed	none	none	True	False		0.4285	0.4285	0.40320177	0.3571	183.4
hard:702377007	hard	C	C	True	True	False	0.9363	0.9363	0.005542219999999998	0.9283	106.8
hard:721845005	hard	A	A	True	True	False	0.947	0.947	0.003437520000000005	0.9403	180.9
easy:128105004	easy	F	F	True	True	False	0.8659	0.8659	0.02275261	0.8492	180.4
hard:231472009	hard	E	E	True	True	False	0.9693	0.9693	0.001253689999999997	0.9655	91.4
none-narrower:95795006	none-narrower	none	none	True	False		0.3488	0.3488	0.55395665	0.2673	84.9
easy:254918001	easy	C	C	True	True	False	0.9417	0.9417	0.004471860000000002	0.9344	108.6
none-narrower:91951001	none-narrower	none	none	True	False		0.519	0.519	0.33344894999999997	0.4589	98.8
none-narrower:307680001	none-narrower	none	none	True	False		0.5079	0.5079	0.30434132	0.4463	98.7
gold-removed:38494008	gold-removed	none	none	True	False		0.5311	0.5311	0.27222625	0.4725	121.8
easy:128200000	easy	A	A	True	True	True	0.8377	0.8377	0.03539216	0.8175	111.9
none-narrower:370484007	none-narrower	none	D	False	False		0.6815	0.1321	1.23180642	0.6417	96.5
easy:761958009	easy	C	C	True	True	False	0.8778	0.8778	0.020771109999999995	0.8625	111.8
easy:127004000	easy	F	C	False	False	True	0.8691	0.0205	1.7204569600000001	0.8527	106.9
none-narrower:1209168005	none-narrower	none	none	True	False		0.8133	0.8133	0.04358023	0.79	109.9
hard:253000007	hard	B	B	True	True	True	0.9027	0.9027	0.01220189000000001	0.8905	118.2
retrieval-miss:234961008	retrieval-miss	none	A	False	False	True	0.6795	0.1081	1.28387027	0.6395	114.1
none-narrower:34485008	none-narrower	none	none	True	False		0.5041	0.5041	0.28883926000000004	0.4421	112.5
hard:403986008	hard	G	G	True	True	False	0.9246	0.9246	0.0070889600000000035	0.9152	110.9
none-narrower:1177179002	none-narrower	none	A	False	False		0.9506	0.0196	1.8649908000000002	0.9444	177.9
none-narrower:1222677008	none-narrower	none	A	False	False		0.5549	0.0328	1.3776728399999998	0.4993	111.0
hard:95268002	hard	B	B	True	True	True	0.9541	0.9541	0.002662600000000005	0.9483	107.7
none-narrower:1306747001	none-narrower	none	B	False	False		0.95	0.0168	1.8694585	0.9437	182.1
easy:702359002	easy	A	A	True	True	True	0.9546	0.9546	0.00261364	0.949	111.0
hard:715817007	hard	A	A	True	True	False	0.9224	0.9224	0.00729545	0.9127	122.6
none-narrower:198336007	none-narrower	none	F	False	False		0.4245	0.3421	0.6292388599999998	0.3526	104.8
hard:254916002	hard	C	none	False	False	True	0.7237	0.0383	1.46332689	0.6892	181.3
easy:237249000	easy	G	G	True	True	False	0.9653	0.9653	0.0015246299999999967	0.961	111.9
retrieval-miss:19968009	retrieval-miss	none	none	True	False	True	0.7098	0.7098	0.10905325	0.6735	93.6
gold-removed:48245008	gold-removed	none	none	True	False		0.8426	0.8426	0.03156356	0.823	96.4
hard:458422009	hard	B	B	True	True	False	0.5251	0.5251	0.32894793	0.4657	106.9
easy:21848000	easy	C	C	True	True	False	0.9096	0.9096	0.010241630000000007	0.8983	106.8
retrieval-miss:73856006	retrieval-miss	none	E	False	False	True	0.7948	0.0986	1.44754294	0.7691	112.4
hard:724015007	hard	H	H	True	True	False	0.9642	0.9642	0.0016293400000000036	0.9597	107.6
none-narrower:733598001	none-narrower	none	H	False	False		0.8051	0.0225	1.6295246900000002	0.7807	193.9
hard:449730005	hard	H	H	True	True	False	0.961	0.961	0.0020580500000000027	0.9561	111.1
hard:88037009	hard	D	D	True	True	False	0.8204	0.8204	0.04529985999999999	0.798	104.4
gold-removed:44917000	gold-removed	none	none	True	False		0.9687	0.9687	0.0011732599999999995	0.9648	106.9
none-narrower:688931000119106	none-narrower	none	H	False	False		0.8681	0.0492	1.65903395	0.8516	118.9
hard:87074006	hard	C	C	True	True	False	0.9495	0.9495	0.003215859999999999	0.9432	111.2
retrieval-miss:105668007	retrieval-miss	none	none	True	False	True	0.6804	0.6804	0.17657337	0.6405	98.8
easy:277571004	easy	C	C	True	True	True	0.8279	0.8279	0.03577166000000002	0.8063	120.0
hard:239144007	hard	G	G	True	False	True	0.9615	0.9615	0.0019579999999999984	0.9567	177.0
easy:10301003	easy	C	C	True	True	False	0.9703	0.9703	0.0010786299999999969	0.9666	111.6
retrieval-miss:400022009	retrieval-miss	none	H	False	False	True	0.2886	0.1858	0.8479427100000001	0.1997	112.1
easy:406506008	easy	B	G	False	False	True	0.9334	0.0059	1.8608028799999998	0.9251	102.4
none-narrower:196853004	none-narrower	none	none	True	False		0.3382	0.3382	0.60884783	0.2555	98.8
none-narrower:1197308005	none-narrower	none	none	True	False		0.6432	0.6432	0.16482417000000002	0.5986	122.5
retrieval-miss:7231009	retrieval-miss	none	none	True	False	True	0.737	0.737	0.09328282000000002	0.7041	96.4
hard:238772004	hard	D	D	True	True	False	0.9498	0.9498	0.002995930000000002	0.9436	106.7
hard:241774007	hard	D	D	True	True	False	0.9557	0.9557	0.00271681	0.9501	181.0
easy:60750009	easy	A	A	True	False	True	0.9149	0.9149	0.008924799999999991	0.9042	107.0
none-narrower:700289000	none-narrower	none	A	False	False		0.6138	0.1982	1.04401155	0.5655	96.4
none-narrower:20833001	none-narrower	none	H	False	False		0.8182	0.031	1.62901638	0.7955	111.3
hard:254693008	hard	E	E	True	True	False	0.9681	0.9681	0.0012575000000000025	0.9642	106.6
gold-removed:22607003	gold-removed	none	none	True	False		0.9853	0.9853	0.00025245000000000134	0.9835	86.4
easy:111227009	easy	F	F	True	False	True	0.9007	0.9007	0.012476540000000013	0.8883	107.2
hard:699256006	hard	A	B	False	False	True	0.6786	0.1807	1.1395242100000003	0.6384	111.4
none-narrower:89764009	none-narrower	none	none	True	False		0.5703	0.5703	0.24016087999999997	0.5166	97.0
hard:93827000	hard	H	H	True	True	True	0.8951	0.8951	0.014003529999999997	0.882	108.5
none-narrower:448372003	none-narrower	none	D	False	False		0.9583	0.0146	1.8896986900000003	0.9531	119.3
easy:733096007	easy	A	A	True	True	False	0.967	0.967	0.001334680000000002	0.9629	118.3
easy:254099008	easy	B	B	True	True	False	0.9138	0.9138	0.00926266000000001	0.9031	178.6
hard:763375003	hard	E	E	True	True	False	0.966	0.966	0.0014073300000000022	0.9618	172.3
gold-removed:238719003	gold-removed	none	none	True	False		0.7173	0.7173	0.10395075999999998	0.6819	114.1
easy:238049009	easy	F	none	False	True	False	0.3498	0.34	0.5752182299999999	0.2686	183.2
easy:439143004	easy	B	B	True	True	True	0.9286	0.9286	0.006394280000000003	0.9196	181.1
hard:722004001	hard	E	E	True	True	True	0.9613	0.9613	0.0019094799999999968	0.9564	181.5
retrieval-miss:58112007	retrieval-miss	none	none	True	False	True	0.7146	0.7146	0.11043657	0.6789	111.5
easy:765190005	easy	D	D	True	False	True	0.9611	0.9611	0.0020510600000000034	0.9563	118.1
retrieval-miss:34000006	retrieval-miss	none	H	False	False	True	0.9683	0.0221	1.89391261	0.9644	98.5
hard:28783002	hard	B	B	True	False	True	0.9424	0.9424	0.004763759999999998	0.9352	96.6
hard:711482008	hard	D	D	True	True	True	0.7435	0.7435	0.08516276999999997	0.7114	114.5
easy:92021007	easy	F	F	True	True	True	0.8619	0.8619	0.02469816	0.8446	111.2
gold-removed:239066003	gold-removed	none	none	True	False		0.6327	0.6327	0.16026071999999997	0.5868	182.3
retrieval-miss:720830009	retrieval-miss	none	E	False	False	True	0.9224	0.0317	1.7890472600000003	0.9128	122.3
easy:203468000	easy	E	E	True	True	False	0.9761	0.9761	0.0007421300000000015	0.9731	110.8
none-narrower:340671000119102	none-narrower	none	G	False	False		0.903	0.0398	1.73937478	0.8909	108.8
easy:95656000	easy	G	G	True	True	True	0.9057	0.9057	0.01108005000000001	0.8939	107.9
none-narrower:723610009	none-narrower	none	F	False	False		0.9462	0.0224	1.8512270800000001	0.9395	111.5
hard:707427000	hard	B	B	True	True	False	0.8312	0.8312	0.033850709999999985	0.8101	177.6
hard:41720003	hard	F	F	True	True	False	0.9036	0.9036	0.012205720000000007	0.8916	91.8
retrieval-miss:44086001	retrieval-miss	none	none	True	False	True	0.7993	0.7993	0.055513179999999995	0.7743	111.8
easy:58258004	easy	H	H	True	True	True	0.9129	0.9129	0.009945419999999991	0.902	184.4
retrieval-miss:45894003	retrieval-miss	none	none	True	False	True	0.6515	0.6515	0.19687499000000003	0.6079	110.8
hard:720987001	hard	E	E	True	True	False	0.9612	0.9612	0.0018727599999999955	0.9564	121.6
hard:23414001	hard	F	F	True	False	True	0.8873	0.8873	0.015472420000000004	0.8732	111.1
hard:12546009	hard	A	F	False	False	True	0.6038	0.3073	0.8467871599999999	0.5543	117.2
none-narrower:1142319002	none-narrower	none	none	True	False		0.6969	0.6969	0.12307769000000002	0.659	111.5
easy:77252004	easy	H	H	True	True	False	0.9474	0.9474	0.003596809999999998	0.9409	98.8
hard:254146000	hard	G	B	False	False	True	0.942	0.0088	1.87097721	0.9348	113.0
easy:193683001	easy	F	F	True	True	False	0.8556	0.8556	0.025825799999999993	0.8375	115.9
retrieval-miss:715369006	retrieval-miss	none	none	True	False	True	0.4757	0.4757	0.37492599	0.4102	181.8
easy:733521003	easy	D	D	True	True	False	0.9648	0.9648	0.0016054000000000008	0.9604	175.9
hard:723444009	hard	D	D	True	True	True	0.8085	0.8085	0.04843698000000001	0.7846	179.9
retrieval-miss:187741001	retrieval-miss	none	F	False	False	True	0.7669	0.0819	1.4436836100000001	0.7378	104.8
easy:715727009	easy	G	G	True	True	False	0.9741	0.9741	0.0008991900000000018	0.9708	118.8
easy:724349009	easy	F	F	True	True	False	0.9513	0.9513	0.003027419999999997	0.9452	182.5
hard:68528007	hard	E	none	False	False	True	0.5282	0.099	1.11744224	0.4692	122.6
retrieval-miss:265377002	retrieval-miss	none	none	True	False	True	0.4648	0.4648	0.34256504000000004	0.3979	106.8
none-narrower:770728003	none-narrower	none	A	False	False		0.9475	0.0197	1.8589201799999997	0.941	112.1
hard:43647007	hard	E	E	True	False	True	0.9535	0.9535	0.0028962899999999984	0.9477	108.9
easy:763867001	easy	E	E	True	True	False	0.9556	0.9556	0.0025493199999999995	0.95	179.9
hard:93255008	hard	H	H	True	True	True	0.8869	0.8869	0.017311549999999995	0.8728	111.1
gold-removed:725286002	gold-removed	none	none	True	False		0.8444	0.8444	0.030272229999999987	0.8249	184.6
none-narrower:406571004	none-narrower	none	D	False	False		0.436	0.3039	0.7112413699999999	0.3655	106.3
retrieval-miss:445918001	retrieval-miss	none	none	True	False	True	0.9264	0.9264	0.006425780000000001	0.9172	98.8
none-narrower:241897004	none-narrower	none	none	True	False		0.5383	0.5383	0.26375464	0.4806	115.9
none-narrower:197819009	none-narrower	none	none	True	False		0.9429	0.9429	0.004160630000000005	0.9357	107.4
gold-removed:764958008	gold-removed	none	H	False	False		0.4551	0.2253	0.8343773699999999	0.387	182.9
easy:186807008	easy	H	none	False	True	False	0.4104	0.37	0.58223606	0.3366	180.6
easy:56625005	easy	F	F	True	True	True	0.9781	0.9781	0.0007610800000000013	0.9754	104.7
hard:254124008	hard	F	F	True	True	False	0.7954	0.7954	0.053062370000000005	0.7698	98.7
gold-removed:410052008	gold-removed	none	none	True	False		0.934	0.934	0.005105369999999993	0.9258	177.7
hard:719455002	hard	E	E	True	True	False	0.9458	0.9458	0.0035025300000000024	0.939	112.0
hard:37373007	hard	H	H	True	True	False	0.9737	0.9737	0.0011155399999999995	0.9704	99.5
easy:92464009	easy	A	A	True	True	False	0.9591	0.9591	0.002249180000000004	0.954	110.7
easy:712750007	easy	E	E	True	False	True	0.9403	0.9403	0.004778909999999997	0.9329	107.2
gold-removed:271532008	gold-removed	none	none	True	False		0.5422	0.5422	0.37955982	0.485	104.6
none-narrower:1156772007	none-narrower	none	E	False	False		0.9073	0.0445	1.73709829	0.8957	91.6
gold-removed:193177003	gold-removed	none	none	True	False		0.554	0.554	0.27090278999999995	0.4983	104.2
hard:719972004	hard	H	H	True	True	False	0.9691	0.9691	0.0012444200000000022	0.9653	119.8
hard:239065004	hard	C	C	True	False	True	0.6242	0.6242	0.18590593	0.5772	176.4
hard:720816004	hard	H	H	True	False	True	0.9627	0.9627	0.0019268199999999997	0.9581	119.0
gold-removed:68216000	gold-removed	none	none	True	False		0.6993	0.6993	0.1376365	0.6617	110.8
easy:111323005	easy	G	G	True	True	False	0.9694	0.9694	0.0012799699999999977	0.9655	119.5
easy:363428005	easy	G	G	True	True	True	0.9458	0.9458	0.0038246800000000026	0.939	112.0
easy:733599009	easy	B	B	True	False	True	0.8841	0.8841	0.0190863	0.8696	181.3
easy:360525006	easy	D	D	True	True	True	0.5929	0.5929	0.20941698000000003	0.542	110.9
easy:126865007	easy	H	H	True	True	False	0.9433	0.9433	0.0040873499999999965	0.9362	111.4
easy:50749006	easy	B	B	True	True	False	0.9673	0.9673	0.0014039799999999967	0.9632	181.1
easy:13468005	easy	G	G	True	True	False	0.9435	0.9435	0.00464004	0.9365	106.8
gold-removed:724274009	gold-removed	none	B	False	False		0.941	0.0256	1.83526187	0.9337	179.3
none-narrower:1269177007	none-narrower	none	C	False	False		0.9401	0.0211	1.8426981100000002	0.9326	108.5
hard:715735007	hard	B	B	True	True	False	0.9454	0.9454	0.003586479999999998	0.9385	124.0
hard:720812002	hard	B	B	True	False	True	0.9532	0.9532	0.0027475499999999957	0.9473	119.5
none-narrower:1258980000	none-narrower	none	none	True	False		0.5575	0.5575	0.25284779	0.5022	98.2
hard:38528001	hard	H	H	True	True	False	0.974	0.974	0.0010016900000000013	0.9707	108.5
easy:237941007	easy	F	F	True	True	False	0.969	0.969	0.0013372600000000016	0.9652	179.6
hard:15084002	hard	B	B	True	True	False	0.9201	0.9201	0.008044679999999997	0.9101	178.7
easy:6118003	easy	F	F	True	True	False	0.9485	0.9485	0.003261059999999999	0.942	107.0
none-narrower:240775001	none-narrower	none	none	True	False		0.5247	0.5247	0.29881496999999996	0.4653	106.8
hard:231996009	hard	H	H	True	True	False	0.9122	0.9122	0.009805369999999997	0.9012	106.6
easy:255037004	easy	G	G	True	True	False	0.9411	0.9411	0.004351839999999995	0.9338	117.1
retrieval-miss:111865007	retrieval-miss	none	none	True	False	True	0.8605	0.8605	0.023720969999999987	0.843	99.0
none-narrower:722692009	none-narrower	none	none	True	False		0.7397	0.7397	0.08904139999999999	0.7071	106.7
easy:42399005	easy	E	E	True	True	False	0.8517	0.8517	0.02833301	0.8332	106.4
retrieval-miss:86422009	retrieval-miss	none	C	False	False	True	0.6292	0.3282	0.8475254999999999	0.5828	111.1
retrieval-miss:249491000119100	retrieval-miss	none	none	True	False	True	0.4449	0.4449	0.5048691299999999	0.3755	87.6
hard:404014008	hard	F	F	True	True	True	0.7673	0.7673	0.07204101	0.7382	118.6
easy:83586000	easy	A	A	True	False	True	0.9089	0.9089	0.011721489999999994	0.8975	114.2
none-narrower:200968006	none-narrower	none	none	True	False		0.6158	0.6158	0.18484221999999997	0.5678	98.7
none-narrower:699700006	none-narrower	none	E	False	False		0.8961	0.0323	1.74080311	0.8831	110.6
hard:78494001	hard	A	A	True	True	False	0.9265	0.9265	0.006445780000000002	0.9173	107.0
hard:716648006	hard	D	D	True	True	True	0.934	0.934	0.005774929999999992	0.9257	118.6
gold-removed:127027008	gold-removed	none	none	True	False		0.9736	0.9736	0.0008120699999999988	0.9703	111.4
hard:111806005	hard	D	D	True	True	True	0.9566	0.9566	0.002452039999999999	0.9511	104.4
retrieval-miss:69015003	retrieval-miss	none	none	True	False	True	0.6276	0.6276	0.22455721999999995	0.581	107.0
hard:441574008	hard	B	B	True	True	False	0.7196	0.7196	0.10093312999999998	0.6846	96.2
gold-removed:400006008	gold-removed	none	none	True	False		0.3792	0.3792	0.44015133	0.3016	107.1
easy:371486001	easy	D	B	False	False	True	0.8132	0.0361	1.6004043200000002	0.7898	104.9
none-narrower:271700006	none-narrower	none	none	True	False		0.257	0.257	0.6604266	0.1642	118.8
hard:277508009	hard	E	E	True	True	True	0.7258	0.7258	0.09204166	0.6916	110.8
easy:187059008	easy	F	F	True	False	True	0.9319	0.9319	0.007042640000000006	0.9233	106.6
retrieval-miss:763616002	retrieval-miss	none	none	True	False	True	0.9008	0.9008	0.01312441999999999	0.8884	181.3
hard:205306000	hard	G	G	True	False	True	0.3779	0.3779	0.51017281	0.3002	93.5
gold-removed:48241004	gold-removed	none	D	False	False		0.4179	0.3649	0.6029258399999999	0.3451	99.0
gold-removed:707379000	gold-removed	none	none	True	False		0.6165	0.6165	0.19880720999999996	0.5686	118.6
easy:192976002	easy	G	G	True	True	False	0.7869	0.7869	0.07224802999999996	0.7603	114.7
gold-removed:15250008	gold-removed	none	none	True	False		0.5167	0.5167	0.26797607999999995	0.4563	105.0
none-narrower:1167373005	none-narrower	none	B	False	False		0.9477	0.025	1.84889554	0.9412	106.7
none-narrower:16320831000119100	none-narrower	none	G	False	False		0.557	0.2857	0.8279277599999999	0.5017	110.5
hard:371965009	hard	B	B	True	True	True	0.8249	0.8249	0.037509380000000016	0.803	107.1
retrieval-miss:82077006	retrieval-miss	none	C	False	False	True	0.7787	0.1118	1.3978187800000001	0.7511	113.1
retrieval-miss:723821002	retrieval-miss	none	none	True	False	True	0.9029	0.9029	0.010946029999999992	0.8907	180.9
none-narrower:195680000	none-narrower	none	H	False	False		0.3806	0.2797	0.6979256199999999	0.3032	108.9
none-narrower:239721001	none-narrower	none	none	True	False		0.8501	0.8501	0.031808930000000006	0.8314	98.6
easy:269469005	easy	H	H	True	True	True	0.9634	0.9634	0.0017399299999999976	0.9588	119.5
easy:126881002	easy	G	G	True	True	False	0.8131	0.8131	0.04435389999999999	0.7898	106.8
easy:363385007	easy	F	F	True	True	True	0.7367	0.7367	0.09326901999999998	0.7038	106.6
hard:89142007	hard	B	B	True	True	False	0.8002	0.8002	0.04922163999999998	0.7752	106.8
none-narrower:1157157006	none-narrower	none	E	False	False		0.9605	0.0209	1.88126895	0.9556	177.3
hard:95797003	hard	A	A	True	True	False	0.9304	0.9304	0.00578559	0.9217	93.3
easy:449790007	easy	F	F	True	True	False	0.8051	0.8051	0.04996196999999999	0.7808	87.3
none-narrower:402387002	none-narrower	none	none	True	False		0.718	0.718	0.09607243000000001	0.6827	111.3
easy:45170000	easy	E	E	True	True	True	0.8923	0.8923	0.015046830000000004	0.8788	177.6
easy:60555002	easy	E	E	True	False	True	0.8882	0.8882	0.01683797	0.8742	179.1
easy:26029002	easy	A	A	True	True	True	0.9457	0.9457	0.003974910000000001	0.939	115.7
easy:44729001	easy	C	C	True	False	True	0.9436	0.9436	0.00428276	0.9365	91.3
easy:109492001	easy	D	D	True	True	False	0.8742	0.8742	0.020932410000000005	0.8585	98.8
easy:66071002	easy	E	E	True	False	True	0.9248	0.9248	0.006946660000000006	0.9154	104.2
easy:5602001	easy	A	A	True	True	True	0.8375	0.8375	0.03706507999999999	0.8172	99.3
easy:720603002	easy	C	C	True	True	False	0.9544	0.9544	0.002625439999999998	0.9487	181.5
retrieval-miss:263225007	retrieval-miss	none	none	True	False	True	0.5	0.5	0.37060068	0.4375	106.6
easy:68272006	easy	H	H	True	True	True	0.9816	0.9816	0.000465299999999999	0.9793	96.1
retrieval-miss:124646004	retrieval-miss	none	none	True	False	True	0.5253	0.5253	0.26966278	0.466	112.4
easy:766992008	easy	D	D	True	False	True	0.9439	0.9439	0.004219890000000005	0.9369	114.5
retrieval-miss:118601006	retrieval-miss	none	A	False	False	True	0.9313	0.0313	1.80597115	0.9227	180.4
easy:126736007	easy	G	G	True	True	False	0.9095	0.9095	0.010706050000000005	0.8982	110.6
hard:414029004	hard	C	C	True	False	True	0.8719	0.8719	0.021109660000000002	0.8559	104.5
gold-removed:720639008	gold-removed	none	none	True	False		0.7815	0.7815	0.05600673000000002	0.7541	111.0
easy:68633000	easy	H	H	True	False	True	0.8635	0.8635	0.02489997999999999	0.8464	91.1
easy:92559007	easy	H	H	True	True	False	0.9775	0.9775	0.0007036099999999985	0.9747	104.4
none-narrower:1179296003	none-narrower	none	B	False	False		0.9333	0.0297	1.8129366100000002	0.925	121.8
none-narrower:1003324007	none-narrower	none	none	True	False		0.3972	0.3972	0.52978661	0.3218	99.1
hard:84438001	hard	H	H	True	True	False	0.954	0.954	0.0028713700000000033	0.9482	119.3
hard:718850008	hard	G	G	True	True	False	0.9611	0.9611	0.0020362900000000035	0.9562	183.7
easy:400171002	easy	B	B	True	False	True	0.9734	0.9734	0.0009119799999999977	0.9701	106.8
none-narrower:312157006	none-narrower	none	none	True	False		0.6817	0.6817	0.13726681000000002	0.6419	104.2
hard:880065001	hard	D	D	True	True	True	0.968	0.968	0.001341070000000002	0.964	125.0
none-narrower:298591003	none-narrower	none	B	False	False		0.8127	0.1145	1.4462183299999998	0.7893	104.5
easy:425657001	easy	C	C	True	False	True	0.8724	0.8724	0.020752820000000012	0.8565	180.5
easy:303063000	easy	D	D	True	False	True	0.599	0.599	0.21224624000000003	0.5489	110.7
easy:195889001	easy	B	B	True	True	False	0.9368	0.9368	0.005185980000000004	0.9289	108.9
hard:93929003	hard	C	C	True	True	False	0.8666	0.8666	0.02293239999999999	0.8499	106.5
easy:34736002	easy	H	H	True	True	False	0.9407	0.9407	0.005106290000000003	0.9333	108.3
none-narrower:433891000124100	none-narrower	none	none	True	False		0.5772	0.5772	0.22957026999999997	0.5243	96.0
none-narrower:8442000	none-narrower	none	none	True	False		0.6088	0.6088	0.19340626	0.5599	104.5
none-narrower:722529000	none-narrower	none	G	False	False		0.5591	0.235	0.90865763	0.504	182.8
gold-removed:763713000	gold-removed	none	C	False	False		0.9602	0.0215	1.8795363700000003	0.9552	106.8
retrieval-miss:74333002	retrieval-miss	none	none	True	False	True	0.6315	0.6315	0.16803864000000002	0.5855	119.0
gold-removed:14756005	gold-removed	none	E	False	False		0.3794	0.2422	0.8321516800000001	0.3018	94.3
none-narrower:866097000	none-narrower	none	G	False	False		0.5953	0.1729	1.05560205	0.5448	111.1
hard:61758007	hard	E	E	True	True	True	0.8936	0.8936	0.014538310000000011	0.8803	118.2
none-narrower:124141008	none-narrower	none	B	False	False		0.5243	0.2118	0.9214112	0.4649	182.0
none-narrower:823019007	none-narrower	none	none	True	False		0.6995	0.6995	0.1121894	0.6619	118.2
hard:733454004	hard	B	B	True	True	False	0.9405	0.9405	0.004647769999999999	0.9331	178.0
retrieval-miss:128060009	retrieval-miss	none	C	False	False	True	0.3319	0.3275	0.58389052	0.2484	97.1
hard:31993003	hard	A	A	True	True	False	0.934	0.934	0.005278199999999993	0.9257	108.3
none-narrower:767031008	none-narrower	none	A	False	False		0.6087	0.2207	0.98599415	0.5598	122.0
hard:442917000	hard	A	A	True	True	True	0.8914	0.8914	0.015420830000000007	0.8778	107.7
hard:238031009	hard	A	A	True	True	False	0.5443	0.5443	0.2677641	0.4873	114.2
easy:238014002	easy	F	F	True	True	False	0.888	0.888	0.017743359999999996	0.874	120.5
none-narrower:1196829000	none-narrower	none	D	False	False		0.6688	0.1991	1.0929163799999997	0.6274	107.0
hard:232049001	hard	B	B	True	False	True	0.9115	0.9115	0.010025690000000004	0.9004	119.2
easy:363380002	easy	F	F	True	False	True	0.9003	0.9003	0.01216149	0.8878	112.1
hard:78975002	hard	E	E	True	True	True	0.9344	0.9344	0.005857039999999999	0.9262	90.4
gold-removed:254631008	gold-removed	none	none	True	False		0.6078	0.6078	0.20130215999999998	0.5588	115.4
hard:92047003	hard	D	D	True	False	True	0.8963	0.8963	0.014118370000000003	0.8833	106.4
easy:240104008	easy	D	G	False	False	True	0.8037	0.0059	1.65358309	0.7791	106.9
easy:230552007	easy	E	E	True	True	True	0.8501	0.8501	0.02984048000000001	0.8314	184.0
easy:9824006	easy	H	H	True	True	False	0.9305	0.9305	0.006219240000000001	0.9219	99.1
hard:718189004	hard	E	E	True	True	False	0.9677	0.9677	0.0013243599999999997	0.9636	106.6
retrieval-miss:26715006	retrieval-miss	none	none	True	False	True	0.7699	0.7699	0.07295085	0.7411	104.7
hard:402792003	hard	F	G	False	True	False	0.4873	0.2439	0.8339091599999999	0.4232	108.0
retrieval-miss:123953004	retrieval-miss	none	none	True	False	True	0.5085	0.5085	0.39305748000000007	0.447	114.3
hard:22841008	hard	G	G	True	True	False	0.8852	0.8852	0.016327900000000003	0.8709	111.0
easy:91521000119104	easy	H	H	True	True	False	0.9526	0.9526	0.00300246	0.9467	107.1
easy:720408003	easy	H	H	True	True	False	0.9062	0.9062	0.010759740000000002	0.8945	118.0
easy:85828009	easy	E	E	True	True	False	0.9053	0.9053	0.01208086	0.8935	107.2
easy:718609003	easy	A	A	True	True	False	0.9522	0.9522	0.0028637499999999956	0.9462	173.0
hard:406446000	hard	B	B	True	True	False	0.5216	0.5216	0.29325836000000005	0.4618	110.8
gold-removed:404663008	gold-removed	none	none	True	False		0.9049	0.9049	0.011369239999999992	0.893	98.3
easy:39452003	easy	G	G	True	True	False	0.9251	0.9251	0.007112919999999995	0.9157	98.1
hard:187716008	hard	C	C	True	False	True	0.8576	0.8576	0.025740519999999996	0.8398	111.0
easy:93390002	easy	E	E	True	True	True	0.8934	0.8934	0.014894860000000006	0.88	106.6
easy:41309000	easy	F	F	True	True	True	0.94	0.94	0.004644880000000007	0.9325	107.1
none-narrower:1306315009	none-narrower	none	E	False	False		0.836	0.0589	1.59152348	0.8155	104.7
gold-removed:237714006	gold-removed	none	none	True	False		0.6085	0.6085	0.19223167999999996	0.5595	98.6
easy:721221000	easy	G	G	True	False	True	0.962	0.962	0.0018436500000000027	0.9572	121.5
none-narrower:16039791000119101	none-narrower	none	none	True	False		0.4865	0.4865	0.38103187000000005	0.4223	99.4
gold-removed:718909001	gold-removed	none	none	True	False		0.8376	0.8376	0.030441479999999996	0.8173	177.9
hard:79586000	hard	B	B	True	True	False	0.963	0.963	0.0017542500000000023	0.9584	107.2
retrieval-miss:722429003	retrieval-miss	none	none	True	False	True	0.681	0.681	0.12270281999999996	0.6412	179.9
easy:205346006	easy	A	none	False	False	True	0.4438	0.1313	1.01335203	0.3743	94.6
hard:363393007	hard	D	D	True	True	True	0.9164	0.9164	0.008699670000000001	0.906	109.2
none-narrower:234376007	none-narrower	none	none	True	False		0.2896	0.2896	0.6417576299999999	0.2008	107.1
easy:609580007	easy	H	H	True	True	True	0.8007	0.8007	0.05246918000000001	0.7758	110.9
easy:725904009	easy	H	H	True	True	False	0.9705	0.9705	0.0012389299999999983	0.9668	177.5
hard:702417004	hard	H	H	True	True	False	0.9682	0.9682	0.0013958000000000032	0.9642	113.8
retrieval-miss:412787009	retrieval-miss	none	none	True	False	True	0.6835	0.6835	0.12498426	0.6439	118.8
hard:29504002	hard	D	E	False	False	True	0.9345	0.0125	1.84941072	0.9263	121.6
hard:45781009	hard	D	D	True	False	True	0.8754	0.8754	0.019300460000000012	0.8599	111.1
none-narrower:698947004	none-narrower	none	G	False	False		0.5063	0.2975	0.76663858	0.4446	94.3
easy:716660007	easy	A	A	True	False	True	0.9477	0.9477	0.0034845500000000016	0.9412	182.3
hard:711499009	hard	C	C	True	True	False	0.9653	0.9653	0.0014580199999999965	0.9609	96.6
none-narrower:230538005	none-narrower	none	none	True	False		0.3863	0.3863	0.47658265	0.3096	111.4
none-narrower:1231182008	none-narrower	none	E	False	False		0.9384	0.0301	1.8218108499999999	0.9307	118.3
none-narrower:200964008	none-narrower	none	none	True	False		0.555	0.555	0.26962032999999996	0.4993	111.8
none-narrower:81557008	none-narrower	none	none	True	False		0.5551	0.5551	0.25562486999999995	0.4995	96.7
hard:403938001	hard	E	E	True	False	True	0.857	0.857	0.026853240000000004	0.8391	118.1
hard:254164007	hard	E	E	True	True	True	0.919	0.919	0.009363789999999993	0.9088	119.9
easy:95588004	easy	D	D	True	True	True	0.9339	0.9339	0.005525040000000007	0.9256	107.1
none-narrower:238991008	none-narrower	none	H	False	False		0.9424	0.0403	1.80922603	0.9352	99.2
easy:699649006	easy	F	F	True	False	True	0.9409	0.9409	0.004990640000000005	0.9335	107.1
hard:438583008	hard	H	C	False	False	True	0.7127	0.0652	1.39977443	0.6768	204.8
hard:128272009	hard	H	H	True	True	True	0.9035	0.9035	0.013106580000000007	0.8915	95.8
hard:37246009	hard	G	G	True	False	True	0.7219	0.7219	0.10643615	0.6872	96.8
hard:724384008	hard	C	C	True	True	False	0.9355	0.9355	0.005124629999999999	0.9275	117.7
gold-removed:715428003	gold-removed	none	none	True	False		0.8709	0.8709	0.019455169999999997	0.8548	106.9
easy:719210007	easy	F	F	True	True	False	0.9744	0.9744	0.0008291499999999977	0.9712	172.3
easy:402700001	easy	G	G	True	True	False	0.9235	0.9235	0.007472170000000002	0.9139	98.5
gold-removed:416707008	gold-removed	none	none	True	False		0.9055	0.9055	0.011601970000000007	0.8937	118.1
easy:240450004	easy	E	E	True	True	True	0.943	0.943	0.004176490000000006	0.9359	118.9
retrieval-miss:78868004	retrieval-miss	none	H	False	False	True	0.7464	0.1344	1.30962339	0.7147	104.3
retrieval-miss:237983002	retrieval-miss	none	none	True	False	True	0.8831	0.8831	0.01729777	0.8685	181.9
none-narrower:1373027001	none-narrower	none	none	True	False		0.669	0.669	0.14541669999999998	0.6276	104.2
hard:122811000119101	hard	A	A	True	True	True	0.951	0.951	0.0030790200000000044	0.9449	106.9
easy:237822008	easy	C	C	True	True	True	0.9037	0.9037	0.01300678000000001	0.8917	104.3
easy:16026008	easy	D	D	True	True	False	0.4302	0.4302	0.42552403	0.359	125.3
gold-removed:763366000	gold-removed	none	G	False	False		0.8808	0.0856	1.6121943600000002	0.8659	118.3
hard:126872008	hard	F	F	True	False	True	0.4372	0.4372	0.4698595099999999	0.3668	110.9
hard:82275008	hard	B	B	True	True	False	0.9699	0.9699	0.0010994400000000008	0.9661	118.1
hard:40178009	hard	E	E	True	True	False	0.9484	0.9484	0.0034331799999999984	0.9419	107.2
hard:442348004	hard	G	G	True	True	False	0.9477	0.9477	0.0036486900000000017	0.9411	107.2
retrieval-miss:57436000	retrieval-miss	none	none	True	False	True	0.7686	0.7686	0.08054099000000002	0.7397	97.1
easy:230381009	easy	E	E	True	True	False	0.919	0.919	0.008253089999999994	0.9089	118.6
retrieval-miss:254923001	retrieval-miss	none	none	True	False	True	0.4824	0.4824	0.41241036000000003	0.4177	111.6
hard:229706001	hard	H	H	True	False	True	0.7365	0.7365	0.09676118999999997	0.7036	181.6
hard:765748009	hard	D	D	True	True	True	0.9598	0.9598	0.0020903500000000012	0.9548	110.8
none-narrower:237663000	none-narrower	none	none	True	False		0.8619	0.8619	0.024717629999999997	0.8447	110.8
gold-removed:9014002	gold-removed	none	none	True	False		0.5683	0.5683	0.21690223999999997	0.5143	98.5
hard:722859001	hard	H	H	True	True	False	0.9539	0.9539	0.002712490000000003	0.9481	110.9
hard:190502001	hard	G	E	False	False	True	0.8789	0.0429	1.69077889	0.8638	118.4
hard:56905009	hard	B	B	True	True	False	0.9539	0.9539	0.002786280000000003	0.9482	98.6
easy:23205009	easy	C	C	True	True	False	0.949	0.949	0.0034762900000000047	0.9426	98.7
hard:13600006	hard	B	B	True	True	False	0.9208	0.9208	0.007679070000000007	0.9109	111.5
none-narrower:399044006	none-narrower	none	E	False	False		0.6009	0.298	0.85602201	0.551	111.8
hard:707234001	hard	G	G	True	True	False	0.9655	0.9655	0.0016325399999999983	0.9612	112.0
retrieval-miss:124343001	retrieval-miss	none	none	True	False	True	0.7749	0.7749	0.058090149999999986	0.7468	114.6
hard:129104009	hard	C	C	True	False	True	0.7524	0.7524	0.08019582000000001	0.7214	91.2
easy:230500006	easy	F	F	True	True	True	0.936	0.936	0.006268709999999993	0.928	110.8
none-narrower:10752601000119104	none-narrower	none	D	False	False		0.4994	0.367	0.65582786	0.4368	115.8
easy:763069002	easy	G	G	True	True	False	0.9622	0.9622	0.0017267999999999958	0.9575	172.9
hard:240062007	hard	E	E	True	True	True	0.9019	0.9019	0.011749359999999992	0.8896	102.0
none-narrower:202674000	none-narrower	none	none	True	False		0.4883	0.4883	0.44827647000000004	0.4243	92.4
retrieval-miss:45414006	retrieval-miss	none	none	True	False	True	0.2811	0.2811	0.60196041	0.1912	111.1
hard:702344008	hard	D	D	True	True	True	0.959	0.959	0.002145650000000003	0.9538	112.5
easy:764100007	easy	A	A	True	True	False	0.9623	0.9623	0.0018832999999999968	0.9576	111.1
easy:386810004	easy	A	A	True	True	False	0.9581	0.9581	0.0024587400000000044	0.9528	94.8
retrieval-miss:57119000	retrieval-miss	none	none	True	False	True	0.7743	0.7743	0.07060548	0.7461	181.3
easy:254666005	easy	B	B	True	True	True	0.6209	0.6209	0.18143929	0.5735	107.3
hard:398102009	hard	A	A	True	True	False	0.7818	0.7818	0.06465481999999997	0.7545	118.2
retrieval-miss:275498002	retrieval-miss	none	none	True	False	True	0.7371	0.7371	0.09808424000000002	0.7043	104.7
gold-removed:445014002	gold-removed	none	E	False	False		0.9004	0.0393	1.73478381	0.888	182.5
none-narrower:703279003	none-narrower	none	none	True	False		0.6364	0.6364	0.16874518000000005	0.5909	92.0
easy:87696004	easy	B	B	True	True	False	0.9686	0.9686	0.0012288599999999992	0.9647	96.2
easy:268232000	easy	H	H	True	True	False	0.9515	0.9515	0.003000109999999999	0.9454	98.7
hard:48723006	hard	E	E	True	True	True	0.9046	0.9046	0.012130350000000007	0.8927	98.4
easy:41565005	easy	G	G	True	True	False	0.8751	0.8751	0.01965636	0.8595	98.5
hard:702380008	hard	F	F	True	True	False	0.6906	0.6906	0.1493483	0.6519	99.2
none-narrower:34126003	none-narrower	none	G	False	False		0.694	0.1436	1.22646757	0.6557	108.8
easy:723508002	easy	A	A	True	True	False	0.9482	0.9482	0.003411949999999995	0.9418	118.4
retrieval-miss:193523008	retrieval-miss	none	none	True	False	True	0.5073	0.5073	0.33335827000000007	0.4457	108.9
retrieval-miss:59531002	retrieval-miss	none	none	True	False	True	0.7665	0.7665	0.06903743000000002	0.7373	106.7
none-narrower:707351006	none-narrower	none	C	False	False		0.5244	0.2674	0.8212463699999998	0.465	108.5
easy:26460006	easy	F	F	True	True	False	0.9314	0.9314	0.0065014800000000005	0.9228	113.2
retrieval-miss:34730008	retrieval-miss	none	none	True	False	True	0.4767	0.4767	0.43260992	0.4112	109.1
easy:73415002	easy	B	B	True	True	False	0.9479	0.9479	0.0035149000000000035	0.9414	98.1
retrieval-miss:414667000	retrieval-miss	none	F	False	False	True	0.8756	0.0527	1.6667563900000002	0.8601	98.6
hard:307496006	hard	F	F	True	True	False	0.8956	0.8956	0.014811040000000011	0.8825	104.7
hard:404041003	hard	C	C	True	True	True	0.8416	0.8416	0.032783379999999994	0.8218	118.3
easy:720459002	easy	G	G	True	False	True	0.9541	0.9541	0.002925340000000005	0.9484	123.9
easy:79291003	easy	H	H	True	True	False	0.7619	0.7619	0.07737904999999999	0.7322	119.1
easy:254825007	easy	E	E	True	False	True	0.8858	0.8858	0.017104329999999994	0.8716	118.4
none-narrower:1197357008	none-narrower	none	H	False	False		0.9761	0.0146	1.9238032200000001	0.9731	121.9
easy:92197001	easy	C	C	True	True	True	0.9167	0.9167	0.008816420000000007	0.9063	99.2
hard:722454003	hard	E	E	True	True	True	0.9501	0.9501	0.003205450000000006	0.9438	180.0
easy:722451006	easy	A	A	True	True	False	0.9679	0.9679	0.0012851600000000013	0.9639	119.1
easy:722282008	easy	H	H	True	True	False	0.9635	0.9635	0.0017670699999999984	0.9589	181.8
none-narrower:1340188003	none-narrower	none	A	False	False		0.3411	0.2959	0.64737008	0.2587	104.3
retrieval-miss:398049005	retrieval-miss	none	none	True	False	True	0.8998	0.8998	0.012849099999999992	0.8873	99.0
gold-removed:231536004	gold-removed	none	C	False	False		0.4436	0.4423	0.51004307	0.3741	117.9
hard:233728004	hard	C	C	True	False	True	0.8391	0.8391	0.03599934000000001	0.819	107.3
retrieval-miss:128598002	retrieval-miss	none	none	True	False	True	0.8978	0.8978	0.012023709999999991	0.885	94.2
easy:703267003	easy	D	D	True	True	True	0.9686	0.9686	0.001301039999999999	0.9647	113.1
retrieval-miss:234541006	retrieval-miss	none	none	True	False	True	0.6983	0.6983	0.14406860999999999	0.6606	119.4
easy:13920009	easy	F	F	True	True	False	0.9401	0.9401	0.004290179999999994	0.9326	98.8
easy:92109005	easy	D	D	True	True	True	0.9546	0.9546	0.0026324499999999997	0.9489	107.2
easy:17322007	easy	D	D	True	True	False	0.8914	0.8914	0.016920180000000007	0.8778	98.3
hard:407476002	hard	H	H	True	True	True	0.9572	0.9572	0.0023557899999999956	0.9519	104.9
none-narrower:737209002	none-narrower	none	F	False	False		0.4562	0.283	0.7415169300000001	0.3882	99.1
easy:254915003	easy	A	A	True	True	False	0.9315	0.9315	0.005855600000000001	0.9229	118.6
easy:307576001	easy	C	C	True	True	False	0.8118	0.8118	0.046584960000000016	0.7882	111.0
hard:7573000	hard	D	H	False	True	False	0.9754	0.0045	1.9426189500000002	0.9724	112.9
none-narrower:737220002	none-narrower	none	none	True	False		0.4897	0.4897	0.31763790999999997	0.4259	104.5
gold-removed:240119009	gold-removed	none	none	True	False		0.7914	0.7914	0.05450271	0.7653	97.1
retrieval-miss:74969002	retrieval-miss	none	none	True	False	True	0.4606	0.4606	0.46197467999999997	0.3932	116.7
retrieval-miss:87872006	retrieval-miss	none	D	False	False	True	0.9634	0.021	1.8866801100000001	0.9588	92.1
none-narrower:277643003	none-narrower	none	none	True	False		0.5566	0.5566	0.2535102	0.5012	122.1
gold-removed:24526004	gold-removed	none	none	True	False		0.7445	0.7445	0.07440542999999997	0.7125	106.7
easy:419039007	easy	H	H	True	True	False	0.9655	0.9655	0.0015669699999999985	0.9611	119.1
hard:76802005	hard	G	G	True	False	True	0.945	0.945	0.004031000000000005	0.9381	99.1
none-narrower:735549008	none-narrower	none	G	False	False		0.8878	0.0768	1.64118314	0.8738	109.3
hard:109041000119107	hard	A	A	True	True	False	0.8139	0.8139	0.047020800000000015	0.7907	99.3
easy:26111005	easy	G	G	True	True	False	0.9529	0.9529	0.0029047100000000026	0.947	108.8
easy:42930003	easy	G	G	True	True	False	0.8911	0.8911	0.014582939999999997	0.8774	111.0
hard:91662004	hard	D	D	True	True	False	0.9417	0.9417	0.004253260000000002	0.9344	98.6
hard:446995005	hard	C	C	True	True	False	0.9489	0.9489	0.003528770000000004	0.9425	107.1
none-narrower:428172002	none-narrower	none	none	True	False		0.5512	0.5512	0.30299339999999997	0.4951	107.4
hard:363469001	hard	D	D	True	False	True	0.9034	0.9034	0.012904960000000004	0.8913	111.1
easy:266257000	easy	G	G	True	False	True	0.9626	0.9626	0.001868099999999999	0.9579	108.8
easy:27536004	easy	A	A	True	True	False	0.896	0.896	0.013873949999999996	0.883	94.8
easy:77157004	easy	C	C	True	True	False	0.754	0.754	0.08200907	0.7232	107.7
hard:189130001	hard	C	C	True	False	True	0.3643	0.3643	0.51485083	0.2848	111.6
gold-removed:126958000	gold-removed	none	none	True	False		0.4336	0.4336	0.39574352	0.3628	107.1
easy:253737007	easy	F	F	True	True	False	0.9665	0.9665	0.0015129099999999984	0.9623	107.2
retrieval-miss:234411007	retrieval-miss	none	none	True	False	True	0.8408	0.8408	0.02914311	0.8209	118.5
hard:763348005	hard	C	C	True	True	False	0.9545	0.9545	0.002545839999999999	0.9488	178.2
none-narrower:109272006	none-narrower	none	none	True	False		0.725	0.725	0.11002769000000001	0.6906	97.1
hard:235828008	hard	B	B	True	False	True	0.903	0.903	0.012060159999999995	0.8908	111.7
none-narrower:18040001	none-narrower	none	none	True	False		0.5689	0.5689	0.30082301000000006	0.515	107.5
easy:87694001	easy	C	C	True	True	True	0.8897	0.8897	0.01545936999999999	0.8759	122.6
hard:699297004	hard	G	G	True	True	False	0.7864	0.7864	0.06593661	0.7597	177.6
none-narrower:871745001	none-narrower	none	none	True	False		0.6918	0.6918	0.14176673	0.6533	106.5
gold-removed:193411004	gold-removed	none	A	False	False		0.551	0.2866	0.8169492600000001	0.4949	117.9
hard:72000004	hard	E	E	True	True	False	0.9666	0.9666	0.0015064299999999991	0.9624	108.5
retrieval-miss:77323000	retrieval-miss	none	F	False	False	True	0.6383	0.1885	1.08788731	0.5931	110.8
retrieval-miss:370999003	retrieval-miss	none	G	False	False	True	0.5198	0.2978	0.7715824699999999	0.4598	114.7
retrieval-miss:254588001	retrieval-miss	none	H	False	False	True	0.4319	0.3868	0.57247865	0.3609	96.1
easy:192782005	easy	E	E	True	False	True	0.9827	0.9827	0.00038633999999999934	0.9805	118.3
retrieval-miss:717917007	retrieval-miss	none	none	True	False	True	0.8946	0.8946	0.014208250000000009	0.8815	178.1
none-narrower:1237225007	none-narrower	none	A	False	False		0.9028	0.0344	1.7480968200000002	0.8906	114.4
easy:718720007	easy	D	D	True	True	False	0.9486	0.9486	0.00324745	0.9421	107.0
easy:373436002	easy	H	none	False	False	True	0.5201	0.4017	0.63070274	0.4601	106.9
retrieval-miss:789657008	retrieval-miss	none	none	True	False	True	0.2807	0.2807	0.64094711	0.1908	102.0
hard:363402007	hard	G	G	True	True	True	0.9388	0.9388	0.004701400000000004	0.9312	111.8
easy:127230005	easy	D	B	False	False	True	0.8856	0.0217	1.74374076	0.8713	107.1
easy:124322002	easy	B	G	False	True	False	0.5631	0.2137	0.9502395600000001	0.5085	111.9
easy:446079007	easy	G	G	True	True	False	0.9688	0.9688	0.0013624500000000003	0.9649	178.9
hard:718717004	hard	C	C	True	True	False	0.9677	0.9677	0.00132771	0.9636	111.0
easy:58213005	easy	C	C	True	True	False	0.9659	0.9659	0.0014454900000000015	0.9616	118.5
retrieval-miss:271807003	retrieval-miss	none	none	True	False	True	0.3464	0.3464	0.49950758999999995	0.2648	106.7
easy:17024001	easy	C	C	True	True	False	0.5532	0.5532	0.31896132	0.4974	112.4
hard:17226007	hard	D	D	True	True	False	0.9722	0.9722	0.0010701800000000026	0.9688	86.5
hard:90935002	hard	G	G	True	True	False	0.9219	0.9219	0.007815659999999992	0.9122	105.1
retrieval-miss:56975005	retrieval-miss	none	none	True	False	True	0.8928	0.8928	0.013696509999999992	0.8794	181.5
retrieval-miss:765216006	retrieval-miss	none	none	True	False	True	0.7376	0.7376	0.08351618	0.7048	118.1
hard:711403001	hard	E	B	False	False	True	0.6068	0.249	0.9385107699999999	0.5576	108.1
easy:8635005	easy	A	A	True	True	False	0.9202	0.9202	0.007930559999999998	0.9103	104.5
easy:36948007	easy	B	B	True	True	False	0.8549	0.8549	0.026916890000000002	0.8368	118.7
hard:732252005	hard	F	F	True	False	True	0.966	0.966	0.001469500000000002	0.9617	181.6
none-narrower:1306326003	none-narrower	none	none	True	False		0.4349	0.4349	0.44896685	0.3643	96.6
hard:79886009	hard	H	H	True	True	False	0.9662	0.9662	0.0015524300000000035	0.962	96.5
hard:203045001	hard	G	G	True	True	True	0.9516	0.9516	0.0030420300000000003	0.9456	111.7
retrieval-miss:82800008	retrieval-miss	none	D	False	False	True	0.9605	0.0237	1.87579341	0.9556	98.4
gold-removed:33168009	gold-removed	none	none	True	False		0.616	0.616	0.17513689	0.568	87.4
none-narrower:723363009	none-narrower	none	C	False	False		0.8482	0.0344	1.65777596	0.8292	110.0
none-narrower:1163472000	none-narrower	none	none	True	False		0.6995	0.6995	0.11720216	0.6619	117.8
gold-removed:7522008	gold-removed	none	none	True	False		0.5954	0.5954	0.19323756999999997	0.5449	106.9
retrieval-miss:230572002	retrieval-miss	none	none	True	False	True	0.6896	0.6896	0.13571306	0.6508	99.1
gold-removed:720604008	gold-removed	none	none	True	False		0.7269	0.7269	0.0889998	0.6928	110.2
none-narrower:50927007	none-narrower	none	none	True	False		0.4257	0.4257	0.38705196000000003	0.3539	104.9
hard:718608006	hard	A	A	True	True	False	0.9505	0.9505	0.003134539999999999	0.9443	181.6
easy:363379000	easy	B	B	True	True	True	0.9289	0.9289	0.006640770000000008	0.92	110.9
gold-removed:254627002	gold-removed	none	F	False	False		0.6622	0.2431	1.01366449	0.62	180.2
hard:232006002	hard	C	C	True	True	False	0.9404	0.9404	0.004701559999999999	0.9329	99.3
hard:129639005	hard	D	D	True	True	False	0.9653	0.9653	0.0016993699999999965	0.961	98.5
hard:126980002	hard	F	F	True	True	False	0.8314	0.8314	0.03781347999999999	0.8103	107.0
retrieval-miss:718691008	retrieval-miss	none	D	False	False	True	0.632	0.2419	0.9786078600000001	0.586	110.8
retrieval-miss:234110002	retrieval-miss	none	none	True	False	True	0.9011	0.9011	0.011218049999999997	0.8887	104.4
none-narrower:472699005	none-narrower	none	C	False	False		0.7187	0.1742	1.20171092	0.6835	111.5
gold-removed:726708009	gold-removed	none	none	True	False		0.9221	0.9221	0.008612649999999996	0.9124	111.2
easy:83482000	easy	F	F	True	True	False	0.9598	0.9598	0.0022315700000000013	0.9548	200.4
hard:254837009	hard	F	F	True	True	False	0.9206	0.9206	0.008053460000000005	0.9107	114.8
retrieval-miss:4945003	retrieval-miss	none	F	False	False	True	0.6697	0.2779	0.9706280199999999	0.6284	176.6
easy:718210003	easy	D	D	True	True	False	0.9282	0.9282	0.006557419999999996	0.9193	179.5
gold-removed:719253007	gold-removed	none	none	True	False		0.9011	0.9011	0.011766469999999998	0.8888	170.0
retrieval-miss:722055008	retrieval-miss	none	none	True	False	True	0.7979	0.7979	0.053401409999999976	0.7727	180.2
easy:763127004	easy	A	A	True	True	False	0.9748	0.9748	0.0008489600000000001	0.9716	118.3
retrieval-miss:312912001	retrieval-miss	none	none	True	False	True	0.7023	0.7023	0.12185845999999997	0.6651	107.2
hard:41799005	hard	A	A	True	True	False	0.9047	0.9047	0.011957320000000009	0.8928	99.0
hard:764999002	hard	H	H	True	False	True	0.9594	0.9594	0.0020751499999999974	0.9543	180.3
easy:66695004	easy	H	H	True	False	True	0.6159	0.6159	0.21170607	0.5678	175.7
easy:404056007	easy	F	F	True	True	False	0.9185	0.9185	0.008473690000000002	0.9083	107.1
retrieval-miss:388980004	retrieval-miss	none	A	False	False	True	0.4352	0.1832	0.91786233	0.3646	111.0
none-narrower:1162558000	none-narrower	none	none	True	False		0.7104	0.7104	0.10958345999999998	0.6742	104.9
easy:4887000	easy	A	A	True	False	True	0.9564	0.9564	0.0025636299999999973	0.9509	184.4
retrieval-miss:234619000	retrieval-miss	none	H	False	False	True	0.8894	0.0915	1.61654031	0.8756	104.8
retrieval-miss:715771008	retrieval-miss	none	D	False	False	True	0.9308	0.0329	1.8018819599999998	0.9222	115.2
retrieval-miss:186217006	retrieval-miss	none	none	True	False	True	0.9077	0.9077	0.01148457000000001	0.8962	96.3
hard:715755008	hard	E	E	True	True	False	0.9719	0.9719	0.0010052900000000007	0.9684	169.2
hard:126703006	hard	E	B	False	False	True	0.9027	0.0121	1.79335853	0.8905	111.6
none-narrower:48309007	none-narrower	none	G	False	False		0.952	0.0375	1.83273413	0.9461	118.3
easy:37272000	easy	G	G	True	True	False	0.9788	0.9788	0.0006535999999999998	0.9761	120.3
none-narrower:763312008	none-narrower	none	B	False	False		0.9337	0.0291	1.8147734499999997	0.9254	185.3
easy:88092000	easy	F	F	True	False	True	0.9074	0.9074	0.010780050000000003	0.8958	106.9
none-narrower:1340174002	none-narrower	none	G	False	False		0.9114	0.0277	1.77790587	0.9003	103.1
hard:92336000	hard	H	H	True	True	False	0.9675	0.9675	0.0013284499999999982	0.9635	107.2
retrieval-miss:16140007	retrieval-miss	none	H	False	False	True	0.8943	0.0596	1.68484137	0.8811	106.7
none-narrower:403632002	none-narrower	none	none	True	False		0.4365	0.4365	0.48569525	0.3661	119.5
retrieval-miss:363398003	retrieval-miss	none	C	False	False	True	0.4185	0.3041	0.6973581799999999	0.3458	111.0
hard:426055002	hard	A	A	True	True	False	0.9306	0.9306	0.006457450000000002	0.922	96.8
none-narrower:716194005	none-narrower	none	H	False	False		0.9626	0.0228	1.88156254	0.9579	121.5
none-narrower:94660006	none-narrower	none	none	True	False		0.5616	0.5616	0.24839499000000004	0.5068	108.7
hard:190785000	hard	D	D	True	True	False	0.8184	0.8184	0.041496160000000004	0.7957	99.4
hard:92385005	hard	B	B	True	True	True	0.9335	0.9335	0.005375020000000001	0.9252	110.8
none-narrower:289474006	none-narrower	none	E	False	False		0.52	0.266	0.82123115	0.4599	104.7
easy:238763007	easy	E	E	True	True	False	0.9282	0.9282	0.0065550199999999965	0.9192	106.9
retrieval-miss:363009005	retrieval-miss	none	none	True	False	True	0.3727	0.3727	0.46099751999999994	0.2943	118.8
none-narrower:133091000119105	none-narrower	none	none	True	False		0.7344	0.7344	0.08850692999999997	0.7012	91.4
gold-removed:92697000	gold-removed	none	A	False	False		0.451	0.3059	0.7016579	0.3824	110.9
hard:192781003	hard	H	H	True	True	False	0.9583	0.9583	0.002303729999999997	0.953	113.9
easy:711480000	easy	H	H	True	True	False	0.6886	0.6886	0.17252587	0.6497	180.1
hard:254709009	hard	F	D	False	False	True	0.8978	0.0415	1.7258810400000002	0.885	118.0
retrieval-miss:716338001	retrieval-miss	none	B	False	False	True	0.5446	0.3225	0.76017724	0.4877	112.8
easy:14535005	easy	F	F	True	True	False	0.966	0.966	0.0016935200000000022	0.9617	111.9
easy:734029004	easy	E	E	True	True	True	0.9455	0.9455	0.003990979999999999	0.9387	186.4
none-narrower:707750005	none-narrower	none	none	True	False		0.4261	0.4261	0.43579118000000006	0.3544	111.1
none-narrower:12240951000119107	none-narrower	none	none	True	False		0.3096	0.3096	0.6291477999999999	0.2233	118.8
easy:715801001	easy	F	F	True	True	False	0.9626	0.9626	0.0017032599999999992	0.9579	172.8
hard:94140004	hard	G	G	True	True	True	0.3086	0.3086	0.60142052	0.2222	112.0
none-narrower:276682008	none-narrower	none	none	True	False		0.3651	0.3651	0.54586041	0.2857	106.9
retrieval-miss:726672000	retrieval-miss	none	none	True	False	True	0.9431	0.9431	0.0037899699999999945	0.936	112.5
easy:717254007	easy	B	B	True	True	False	0.9641	0.9641	0.0018689100000000031	0.9596	119.4
retrieval-miss:105597003	retrieval-miss	none	none	True	False	True	0.4047	0.4047	0.48061261999999993	0.3303	99.0
easy:68779003	easy	E	E	True	True	False	0.8094	0.8094	0.05326553	0.7856	106.3
none-narrower:1144544008	none-narrower	none	none	True	False		0.8551	0.8551	0.027775810000000012	0.837	107.3
hard:28189009	hard	C	C	True	True	False	0.9681	0.9681	0.0013047400000000026	0.9642	107.8
easy:237091009	easy	C	C	True	True	False	0.9581	0.9581	0.002368630000000004	0.9528	99.0
easy:45116002	easy	E	E	True	True	False	0.943	0.943	0.004596330000000005	0.9358	183.0
hard:29928006	hard	H	H	True	False	True	0.9332	0.9332	0.006463839999999996	0.9248	100.3
gold-removed:51254007	gold-removed	none	none	True	False		0.8744	0.8744	0.020492720000000013	0.8587	109.3
gold-removed:235825006	gold-removed	none	none	True	False		0.3809	0.3809	0.50787709	0.3035	104.4
hard:47277009	hard	H	H	True	True	False	0.9401	0.9401	0.004785929999999994	0.9326	111.0
gold-removed:766818009	gold-removed	none	H	False	False		0.6687	0.2393	1.02816527	0.6273	121.6
hard:408643008	hard	A	A	True	False	True	0.9144	0.9144	0.009514930000000001	0.9037	177.4
easy:254219004	easy	G	G	True	True	False	0.9231	0.9231	0.007673099999999994	0.9134	106.9
hard:702397002	hard	G	G	True	True	False	0.9554	0.9554	0.0024805999999999977	0.9499	107.4
retrieval-miss:240820001	retrieval-miss	none	B	False	False	True	0.8287	0.1157	1.46946451	0.8073	110.8
gold-removed:720495005	gold-removed	none	none	True	False		0.8651	0.8651	0.021197010000000002	0.8483	112.4
none-narrower:145501000119108	none-narrower	none	none	True	False		0.5123	0.5123	0.34847435000000004	0.4513	118.3
hard:715530004	hard	E	E	True	False	True	0.9451	0.9451	0.0039969999999999945	0.9383	183.4
hard:102449007	hard	G	G	True	True	False	0.9756	0.9756	0.000863289999999999	0.9725	107.3
easy:363373004	easy	A	A	True	False	True	0.6267	0.6267	0.19081114999999996	0.5801	104.5
hard:205473008	hard	C	C	True	True	False	0.9115	0.9115	0.009451540000000003	0.9004	114.5
easy:312104005	easy	C	C	True	False	True	0.8077	0.8077	0.045800610000000005	0.7837	111.1
easy:63175003	easy	A	A	True	False	True	0.8275	0.8275	0.041384889999999994	0.806	111.5
hard:363493006	hard	C	C	True	True	True	0.8069	0.8069	0.04601499000000002	0.7827	107.3
retrieval-miss:399955009	retrieval-miss	none	G	False	False	True	0.4021	0.3383	0.62361742	0.3274	183.2
retrieval-miss:27240009	retrieval-miss	none	none	True	False	True	0.9621	0.9621	0.0017030200000000034	0.9573	118.2
none-narrower:1343511009	none-narrower	none	G	False	False		0.4334	0.1795	0.9230685	0.3626	110.8
hard:1489008	hard	E	E	True	False	True	0.962	0.962	0.0019864300000000026	0.9573	97.3
easy:234576008	easy	C	C	True	True	False	0.9265	0.9265	0.006631620000000001	0.9173	106.5
easy:124267007	easy	C	C	True	False	True	0.9388	0.9388	0.005197140000000003	0.9311	184.4
hard:724142005	hard	A	A	True	False	True	0.9575	0.9575	0.002302939999999998	0.9522	180.5
easy:717632002	easy	E	E	True	True	False	0.9486	0.9486	0.00337625	0.9422	186.6
easy:733447005	easy	H	H	True	True	False	0.9709	0.9709	0.0012740700000000008	0.9673	114.0
gold-removed:719172003	gold-removed	none	none	True	False		0.7197	0.7197	0.09361177999999999	0.6847	175.6
none-narrower:705128004	none-narrower	none	B	False	False		0.811	0.1004	1.4701678	0.7874	99.7
gold-removed:126804008	gold-removed	none	E	False	False		0.7807	0.1172	1.39292324	0.7533	107.2
gold-removed:50923006	gold-removed	none	none	True	False		0.8558	0.8558	0.02593717	0.8378	118.6
gold-removed:95413004	gold-removed	none	none	True	False		0.8236	0.8236	0.03795204	0.8015	106.7
easy:6729006	easy	A	A	True	True	True	0.9459	0.9459	0.003918530000000004	0.9391	119.3
easy:763793004	easy	H	H	True	False	True	0.9643	0.9643	0.0016306499999999967	0.9598	180.7
easy:715342005	easy	F	F	True	True	False	0.9514	0.9514	0.002963639999999998	0.9453	183.0
retrieval-miss:403901001	retrieval-miss	none	F	False	False	True	0.9063	0.033	1.7578822	0.8945	119.1
hard:187151009	hard	D	D	True	True	False	0.9425	0.9425	0.004569219999999999	0.9353	179.8
gold-removed:155441006	gold-removed	none	F	False	False		0.6736	0.0617	1.37956936	0.6328	111.2
easy:50869007	easy	B	B	True	False	True	0.7573	0.7573	0.08415693000000002	0.7269	110.6
hard:73237007	hard	G	G	True	True	False	0.9575	0.9575	0.0023429399999999982	0.9522	104.5
hard:763529005	hard	G	G	True	True	False	0.9621	0.9621	0.0017916500000000036	0.9574	183.2
gold-removed:128869009	gold-removed	none	B	False	False		0.5341	0.4174	0.62511191	0.4758	110.6
gold-removed:22199006	gold-removed	none	none	True	False		0.7024	0.7024	0.10566851999999999	0.6652	117.9
easy:254790003	easy	D	D	True	True	False	0.9352	0.9352	0.005227959999999996	0.9271	98.6
hard:126677000	hard	B	B	True	True	False	0.9371	0.9371	0.004915479999999995	0.9293	111.0
retrieval-miss:56688005	retrieval-miss	none	none	True	False	True	0.616	0.616	0.23963389999999998	0.568	104.9
easy:202882003	easy	C	C	True	True	False	0.9718	0.9718	0.0010632000000000003	0.9683	119.0
hard:29271008	hard	A	A	True	True	True	0.7399	0.7399	0.08342697	0.7074	108.6
hard:36233006	hard	E	E	True	False	True	0.9602	0.9602	0.001979889999999996	0.9552	118.6
easy:719949001	easy	C	C	True	True	False	0.9455	0.9455	0.003578969999999999	0.9386	178.7
easy:61071003	easy	B	B	True	False	True	0.9708	0.9708	0.0012798000000000002	0.9672	180.4
retrieval-miss:218728005	retrieval-miss	none	C	False	False	True	0.8943	0.0467	1.7094095	0.8811	106.9
retrieval-miss:725028009	retrieval-miss	none	none	True	False	True	0.734	0.734	0.08731823000000001	0.7008	183.2
hard:28314004	hard	D	D	True	True	True	0.9212	0.9212	0.008226189999999996	0.9113	109.2
hard:24269006	hard	C	C	True	True	True	0.8354	0.8354	0.03350496999999999	0.8148	110.4
easy:722376008	easy	G	G	True	True	True	0.951	0.951	0.002924170000000004	0.9449	180.2
hard:715406003	hard	E	E	True	True	False	0.9354	0.9354	0.0053032999999999995	0.9273	181.8
easy:126680004	easy	D	D	True	True	False	0.7964	0.7964	0.054301720000000005	0.7709	111.9
none-narrower:93846004	none-narrower	none	B	False	False		0.8787	0.0668	1.6446142900000003	0.8635	104.9
gold-removed:763213001	gold-removed	none	none	True	False		0.7528	0.7528	0.07291431999999999	0.7219	112.6
gold-removed:71912000	gold-removed	none	none	True	False		0.4614	0.4614	0.34665639	0.3941	100.4
easy:428281000	easy	G	G	True	True	False	0.8811	0.8811	0.018441620000000002	0.8662	104.7
hard:722391005	hard	B	B	True	True	False	0.9697	0.9697	0.0011309199999999997	0.9659	119.9
easy:231829006	easy	B	B	True	True	True	0.7417	0.7417	0.08949758999999999	0.7095	107.4
none-narrower:232023006	none-narrower	none	none	True	False		0.7173	0.7173	0.11253591999999998	0.6819	106.7
none-narrower:1382212005	none-narrower	none	B	False	False		0.6503	0.2104	1.05794302	0.6065	118.5
hard:708536001	hard	B	B	True	True	False	0.9594	0.9594	0.0020119399999999977	0.9544	112.7
none-narrower:314207007	none-narrower	none	none	True	False		0.4956	0.4956	0.31218299	0.4325	98.4
easy:398723007	easy	D	D	True	False	True	0.9063	0.9063	0.01153782	0.8945	107.8
retrieval-miss:236803007	retrieval-miss	none	none	True	False	True	0.4757	0.4757	0.34019916	0.4102	91.1
hard:721756002	hard	C	C	True	False	True	0.8965	0.8965	0.014133210000000009	0.8836	98.7
none-narrower:418072004	none-narrower	none	none	True	False		0.4268	0.4268	0.42905826999999996	0.3551	107.7
retrieval-miss:87065009	retrieval-miss	none	none	True	False	True	0.781	0.781	0.06443668999999999	0.7536	179.2
gold-removed:33655002	gold-removed	none	none	True	False		0.6714	0.6714	0.13239297	0.6303	91.0
easy:254895003	easy	A	A	True	True	False	0.9442	0.9442	0.004034979999999996	0.9372	177.4
easy:255072001	easy	E	E	True	True	True	0.751	0.751	0.08279801	0.7198	117.9
none-narrower:423471004	none-narrower	none	A	False	False		0.938	0.0265	1.8278000899999998	0.9302	111.1
hard:25147002	hard	C	C	True	True	False	0.9629	0.9629	0.0016893000000000017	0.9582	107.4
retrieval-miss:2109003	retrieval-miss	none	none	True	False	True	0.9133	0.9133	0.00896896	0.9024	118.6
easy:254846003	easy	G	G	True	True	False	0.9772	0.9772	0.000705720000000002	0.9743	118.2
hard:3323003	hard	E	E	True	True	False	0.9655	0.9655	0.0015105199999999985	0.9612	108.8
hard:41446000	hard	E	E	True	True	False	0.9406	0.9406	0.004417600000000001	0.9332	90.2
easy:41572006	easy	B	B	True	False	True	0.9518	0.9518	0.0031339100000000023	0.9458	180.3
hard:276645004	hard	F	F	True	True	False	0.8871	0.8871	0.01668115	0.873	98.8
gold-removed:27215002	gold-removed	none	none	True	False		0.9305	0.9305	0.005672580000000002	0.9218	110.6
gold-removed:433068007	gold-removed	none	none	True	False		0.6222	0.6222	0.17680085	0.575	102.5
easy:35031005	easy	E	E	True	True	False	0.9309	0.9309	0.0071194200000000065	0.9223	182.3
easy:85375000	easy	E	E	True	True	False	0.9675	0.9675	0.0013923899999999981	0.9634	104.4
none-narrower:198448006	none-narrower	none	none	True	False		0.3707	0.3707	0.5440603799999999	0.292	116.4
retrieval-miss:725910009	retrieval-miss	none	none	True	False	True	0.822	0.822	0.048186830000000014	0.7998	109.4
hard:719659003	hard	G	G	True	False	True	0.9508	0.9508	0.0032500900000000024	0.9446	183.3
hard:81564005	hard	C	C	True	True	True	0.7544	0.7544	0.07452524000000003	0.7237	98.8
none-narrower:723829000	none-narrower	none	G	False	False		0.9523	0.0178	1.87176312	0.9464	106.9
easy:22125009	easy	E	E	True	True	True	0.887	0.887	0.015299609999999996	0.8729	111.0
retrieval-miss:440350001	retrieval-miss	none	none	True	False	True	0.75	0.75	0.07735168	0.7187	118.2
gold-removed:10082001	gold-removed	none	none	True	False		0.8626	0.8626	0.023468809999999993	0.8455	111.0
easy:28183005	easy	E	E	True	True	False	0.957	0.957	0.002579010000000003	0.9517	177.5
hard:53597009	hard	D	D	True	True	False	0.9391	0.9391	0.004537619999999994	0.9315	104.4
hard:25010000	hard	H	H	True	False	True	0.8376	0.8376	0.03853051	0.8173	178.8
easy:22949006	easy	C	C	True	False	True	0.904	0.904	0.011877219999999996	0.892	99.5
retrieval-miss:230410004	retrieval-miss	none	A	False	False	True	0.8369	0.053	1.5994942199999997	0.8165	178.1
gold-removed:239892009	gold-removed	none	none	True	False		0.7084	0.7084	0.10910343999999997	0.672	111.4
easy:91051003	easy	D	D	True	True	False	0.9624	0.9624	0.002013649999999998	0.9576	106.4
retrieval-miss:124224004	retrieval-miss	none	none	True	False	True	0.9497	0.9497	0.0029030300000000013	0.9434	110.3
easy:725027004	easy	G	G	True	False	True	0.9677	0.9677	0.0015610299999999997	0.9637	183.7
easy:25690000	easy	E	E	True	True	False	0.953	0.953	0.0029110700000000043	0.9472	109.4
easy:67895005	easy	G	G	True	True	False	0.9457	0.9457	0.0038406400000000015	0.939	106.9
hard:237751000	hard	G	G	True	True	False	0.9534	0.9534	0.002754669999999998	0.9476	112.2
retrieval-miss:54266002	retrieval-miss	none	none	True	False	True	0.8929	0.8929	0.015862419999999995	0.8795	118.4
easy:445436005	easy	C	C	True	True	True	0.504	0.504	0.42412184	0.442	181.8
hard:438476003	hard	C	C	True	True	True	0.8144	0.8144	0.04537094	0.7912	117.7
easy:191382009	easy	G	G	True	True	True	0.9532	0.9532	0.0029718199999999957	0.9474	107.4
hard:255154009	hard	C	C	True	True	True	0.8491	0.8491	0.02785538000000001	0.8303	111.4
gold-removed:2284002	gold-removed	none	H	False	False		0.3875	0.1523	0.95377298	0.311	93.3
easy:363378008	easy	H	H	True	False	True	0.8766	0.8766	0.019504669999999988	0.8611	111.9
hard:126686005	hard	B	B	True	True	False	0.7705	0.7705	0.06649900000000002	0.7418	111.1
easy:43152001	easy	G	G	True	True	False	0.9221	0.9221	0.008509399999999995	0.9124	99.3
hard:723411003	hard	B	B	True	True	False	0.9508	0.9508	0.003026970000000002	0.9447	112.7
gold-removed:234584007	gold-removed	none	none	True	False		0.9093	0.9093	0.010324640000000001	0.8979	180.2
hard:725591002	hard	E	E	True	True	False	0.9712	0.9712	0.0010824300000000027	0.9676	118.2
retrieval-miss:243321006	retrieval-miss	none	none	True	False	True	0.6611	0.6611	0.15062226999999997	0.6187	98.9
hard:5262007	hard	G	G	True	True	True	0.9158	0.9158	0.009074360000000009	0.9053	110.9
gold-removed:77489003	gold-removed	none	E	False	False		0.7421	0.1218	1.32543412	0.7099	87.5
none-narrower:371074009	none-narrower	none	none	True	False		0.8479	0.8479	0.029698520000000006	0.8289	107.5
gold-removed:74460005	gold-removed	none	none	True	False		0.5908	0.5908	0.20402786	0.5397	107.3
gold-removed:75544000	gold-removed	none	H	False	False		0.4592	0.2698	0.78390377	0.3916	86.4
hard:28244003	hard	G	G	True	True	False	0.8977	0.8977	0.013870469999999987	0.8849	92.9
retrieval-miss:390834004	retrieval-miss	none	none	True	False	True	0.869	0.869	0.02107033	0.8526	106.6
easy:128082002	easy	H	H	True	True	True	0.9714	0.9714	0.0012377899999999977	0.9678	179.2
easy:720749004	easy	H	H	True	False	True	0.9644	0.9644	0.0016918999999999977	0.96	122.3
none-narrower:56871000	none-narrower	none	C	False	False		0.3578	0.3273	0.59940168	0.2775	118.2
retrieval-miss:70534000	retrieval-miss	none	none	True	False	True	0.4074	0.4074	0.45806499	0.3333	106.4
easy:31659000	easy	H	H	True	False	True	0.9769	0.9769	0.0008259400000000004	0.974	110.9
easy:10623005	easy	F	F	True	True	False	0.7593	0.7593	0.07277366000000002	0.7292	99.2
hard:78622004	hard	C	C	True	True	True	0.7649	0.7649	0.07212659999999999	0.7355	99.9
gold-removed:32893002	gold-removed	none	none	True	False		0.4019	0.4019	0.49708698000000007	0.3272	110.7
gold-removed:33666009	gold-removed	none	A	False	False		0.938	0.0432	1.79541343	0.9303	106.7
none-narrower:772225005	none-narrower	none	D	False	False		0.9759	0.0158	1.92104732	0.9729	180.0
easy:45377007	easy	H	H	True	True	True	0.9638	0.9638	0.0017429800000000012	0.9593	107.2
hard:254067002	hard	E	E	True	True	False	0.7326	0.7326	0.09647677	0.6992	107.5
none-narrower:403114001	none-narrower	none	none	True	False		0.5778	0.5778	0.25038596	0.525	99.0
gold-removed:231826004	gold-removed	none	none	True	False		0.5145	0.5145	0.3435728900000001	0.4538	111.9
easy:715415005	easy	H	H	True	True	False	0.9786	0.9786	0.000628569999999999	0.9759	112.2
easy:429233001	easy	E	E	True	True	True	0.9418	0.9418	0.004763200000000002	0.9345	105.1
easy:15350006	easy	G	G	True	True	False	0.8811	0.8811	0.0203191	0.8663	108.4
gold-removed:59282003	gold-removed	none	none	True	False		0.4277	0.4277	0.46925900000000004	0.3561	106.7
hard:238091006	hard	A	C	False	True	True	0.8835	0.0594	1.6662496900000001	0.869	120.1
easy:37350004	easy	F	F	True	False	True	0.9136	0.9136	0.009987150000000005	0.9028	104.9
gold-removed:722207000	gold-removed	none	none	True	False		0.4677	0.4677	0.38453156999999993	0.4011	114.0
hard:372140005	hard	E	E	True	True	False	0.5965	0.5965	0.23152699999999996	0.5461	107.4
hard:733518000	hard	C	C	True	True	False	0.9592	0.9592	0.0021532199999999956	0.9541	176.6
none-narrower:109858008	none-narrower	none	A	False	False		0.3129	0.1953	0.8385137	0.227	119.2
hard:360481003	hard	F	F	True	True	True	0.9105	0.9105	0.009842560000000004	0.8994	115.1
easy:111565003	easy	F	F	True	True	False	0.9279	0.9279	0.007207210000000008	0.9189	92.4
retrieval-miss:238020001	retrieval-miss	none	E	False	False	True	0.8763	0.0592	1.65492833	0.8608	106.6
hard:423425006	hard	G	G	True	True	True	0.4269	0.4269	0.42293832	0.3553	107.0
retrieval-miss:67915005	retrieval-miss	none	A	False	False	True	0.7249	0.2079	1.1540555700000001	0.6905	98.5
easy:763067000	easy	C	C	True	True	True	0.5087	0.5087	0.44635587	0.4473	184.7
hard:82458004	hard	A	A	True	False	True	0.9334	0.9334	0.005389509999999998	0.9251	118.2
easy:24868007	easy	E	E	True	True	True	0.9546	0.9546	0.00270171	0.9489	107.4
none-narrower:1186810009	none-narrower	none	C	False	False		0.8121	0.0597	1.5510550200000002	0.7886	180.7
easy:27621000119100	easy	C	C	True	False	True	0.9287	0.9287	0.007073210000000003	0.9198	106.8
hard:92040001	hard	A	A	True	True	True	0.9145	0.9145	0.008997000000000003	0.9038	111.7
easy:764944006	easy	C	C	True	True	False	0.9245	0.9245	0.006819050000000001	0.9151	176.7
gold-removed:443095000	gold-removed	none	none	True	False		0.8925	0.8925	0.01501699000000001	0.879	98.3
hard:707341005	hard	E	E	True	False	True	0.9714	0.9714	0.0010975999999999978	0.9678	105.0
hard:27059002	hard	H	H	True	False	True	0.9523	0.9523	0.003305929999999997	0.9463	93.6
none-narrower:773774000	none-narrower	none	C	False	False		0.9604	0.0181	1.88664261	0.9554	179.8
hard:128128003	hard	F	F	True	True	False	0.9419	0.9419	0.004310560000000005	0.9346	96.5
retrieval-miss:20376005	retrieval-miss	none	A	False	False	True	0.4137	0.2229	0.82657018	0.3404	104.7
none-narrower:1293071007	none-narrower	none	G	False	False		0.9522	0.0268	1.85391284	0.9463	106.6
retrieval-miss:722390006	retrieval-miss	none	none	True	False	True	0.8433	0.8433	0.031010489999999984	0.8237	180.8
easy:71325002	easy	E	E	True	True	False	0.8657	0.8657	0.022512039999999994	0.8489	111.5
gold-removed:448315008	gold-removed	none	none	True	False		0.4998	0.4998	0.31087986999999995	0.4373	109.2
hard:709075008	hard	B	B	True	True	False	0.9748	0.9748	0.0008262499999999999	0.9717	182.1
hard:236644005	hard	A	A	True	True	False	0.6109	0.6109	0.20827028	0.5623	96.1
gold-removed:720983002	gold-removed	none	none	True	False		0.9083	0.9083	0.00975154	0.8969	121.7
easy:109983007	easy	H	H	True	True	False	0.9478	0.9478	0.0036585600000000034	0.9413	181.1
hard:92039003	hard	H	H	True	True	True	0.9717	0.9717	0.0011133599999999997	0.9681	118.1
easy:92617001	easy	D	D	True	True	True	0.9631	0.9631	0.0018582000000000034	0.9585	107.7
easy:76916001	easy	D	D	True	True	False	0.908	0.908	0.010297909999999993	0.8965	98.5
hard:19034001	hard	A	A	True	False	True	0.9223	0.9223	0.00782312	0.9126	93.9
easy:93235007	easy	F	A	False	False	True	0.4804	0.1967	0.9278986300000001	0.4154	110.9
easy:70931000	easy	F	F	True	False	True	0.5133	0.5133	0.32082114000000006	0.4524	98.6
easy:233915000	easy	B	E	False	False	True	0.9216	0.039	1.7735751399999997	0.9118	114.6
hard:253187005	hard	E	E	True	False	True	0.7901	0.7901	0.07466722999999999	0.7639	107.6
hard:270516002	hard	D	D	True	True	True	0.9617	0.9617	0.0020063600000000004	0.9569	118.4
retrieval-miss:105706003	retrieval-miss	none	none	True	False	True	0.6569	0.6569	0.20431498999999997	0.614	107.2
none-narrower:2061000	none-narrower	none	none	True	False		0.3344	0.3344	0.5785349799999999	0.2512	106.6
hard:232442001	hard	H	B	False	False	True	0.3465	0.2702	0.7082216600000001	0.2648	107.4
none-narrower:302958006	none-narrower	none	none	True	False		0.4102	0.4102	0.45812739999999996	0.3365	111.1
none-narrower:686991000119106	none-narrower	none	A	False	False		0.4751	0.2382	0.8289084600000001	0.4095	96.7
none-narrower:12181000119103	none-narrower	none	F	False	False		0.6303	0.2852	0.90969743	0.5841	96.3
gold-removed:60380001	gold-removed	none	E	False	False		0.8383	0.0808	1.5494049700000003	0.8181	99.0
none-narrower:1344682008	none-narrower	none	F	False	False		0.6277	0.2849	0.9092275900000002	0.5812	94.8
retrieval-miss:13445001	retrieval-miss	none	none	True	False	True	0.8756	0.8756	0.02474822999999999	0.8601	111.4
hard:86500004	hard	G	G	True	True	False	0.9472	0.9472	0.003719799999999995	0.9407	107.1
hard:707756004	hard	A	A	True	True	False	0.9146	0.9146	0.009707010000000005	0.9039	108.1
none-narrower:11045000	none-narrower	none	B	False	False		0.5083	0.2815	0.7897984499999999	0.4468	104.6
retrieval-miss:67795000	retrieval-miss	none	G	False	False	True	0.4319	0.369	0.61255984	0.3608	108.7
hard:254711000	hard	B	B	True	True	True	0.9248	0.9248	0.007106130000000007	0.9153	118.0
hard:54470008	hard	F	F	True	False	True	0.9672	0.9672	0.0014888800000000034	0.9631	196.4
none-narrower:301191003	none-narrower	none	G	False	False		0.6538	0.2	1.0738074800000001	0.6106	104.7
hard:19138001	hard	G	G	True	True	False	0.9428	0.9428	0.004128070000000004	0.9357	110.3
none-narrower:782754006	none-narrower	none	B	False	False		0.9319	0.029	1.8115385199999998	0.9234	117.9
retrieval-miss:37548006	retrieval-miss	none	C	False	False	True	0.6895	0.1524	1.19971025	0.6507	119.0
easy:716723000	easy	G	E	False	False	True	0.9539	0.0088	1.89288802	0.9481	120.3
gold-removed:29740003	gold-removed	none	none	True	False		0.3799	0.3799	0.55222293	0.3024	105.0
easy:408751001	easy	D	D	True	True	False	0.9762	0.9762	0.0008325600000000022	0.9732	179.7
hard:92087008	hard	H	H	True	True	True	0.8926	0.8926	0.01398347000000001	0.8792	107.0
hard:7259005	hard	C	C	True	False	True	0.955	0.955	0.002792540000000004	0.9494	176.9
easy:721882001	easy	C	C	True	False	True	0.7536	0.7536	0.10304700999999997	0.7228	197.3
none-narrower:340461000119106	none-narrower	none	A	False	False		0.5831	0.2411	0.9283294200000001	0.531	104.5
none-narrower:125628003	none-narrower	none	none	True	False		0.7626	0.7626	0.07642587000000002	0.7329	107.1
hard:237610008	hard	C	C	True	False	True	0.9201	0.9201	0.008188549999999996	0.9101	118.4
none-narrower:43634002	none-narrower	none	G	False	False		0.4307	0.3774	0.59047457	0.3596	105.1
retrieval-miss:279611005	retrieval-miss	none	none	True	False	True	0.8196	0.8196	0.03906746	0.7971	118.1
hard:118611004	hard	D	D	True	True	False	0.964	0.964	0.0016172200000000021	0.9594	119.2
gold-removed:397012002	gold-removed	none	none	True	False		0.3481	0.3481	0.5245248799999999	0.2666	112.9
none-narrower:203260009	none-narrower	none	none	True	False		0.6274	0.6274	0.18746984000000003	0.5808	107.6
hard:237963003	hard	C	C	True	True	False	0.6724	0.6724	0.14007823000000003	0.6314	107.2
hard:4754008	hard	H	H	True	False	True	0.9077	0.9077	0.011341850000000011	0.8962	111.8
easy:49584005	easy	A	A	True	True	True	0.9481	0.9481	0.003673729999999994	0.9416	110.0
hard:732928005	hard	F	F	True	True	False	0.9723	0.9723	0.001037249999999997	0.9688	99.7
retrieval-miss:110997000	retrieval-miss	none	none	True	False	True	0.9836	0.9836	0.00031918999999999904	0.9816	116.7
easy:86638007	easy	E	E	True	True	False	0.9758	0.9758	0.00076822	0.9728	109.6
easy:725463007	easy	B	B	True	True	False	0.9239	0.9239	0.007357109999999993	0.9143	180.2
retrieval-miss:183342005	retrieval-miss	none	none	True	False	True	0.8805	0.8805	0.01914654000000001	0.8655	109.0
none-narrower:424289008	none-narrower	none	none	True	False		0.4835	0.4835	0.4967312399999999	0.419	111.0
easy:205468002	easy	H	H	True	True	False	0.9632	0.9632	0.002135030000000004	0.9586	178.8
none-narrower:240716009	none-narrower	none	none	True	False		0.5423	0.5423	0.24446178	0.4851	106.8
hard:721617001	hard	E	E	True	False	True	0.8248	0.8248	0.0457498	0.8029	179.5
gold-removed:109477002	gold-removed	none	none	True	False		0.9202	0.9202	0.007396209999999998	0.9103	104.2
gold-removed:715822007	gold-removed	none	none	True	False		0.3732	0.3732	0.47069206	0.2949	176.3
hard:722457005	hard	C	C	True	True	False	0.9518	0.9518	0.0029503200000000024	0.9458	121.8
hard:237683004	hard	G	G	True	True	False	0.9574	0.9574	0.0025691199999999977	0.9521	107.4
hard:713060000	hard	B	B	True	True	False	0.9423	0.9423	0.004021139999999998	0.935	111.1
none-narrower:109972003	none-narrower	none	none	True	False		0.5321	0.5321	0.28962910999999997	0.4736	178.1
easy:3978000	easy	F	F	True	True	False	0.9417	0.9417	0.0044098500000000025	0.9344	110.9
easy:417607009	easy	E	E	True	True	False	0.9552	0.9552	0.002601479999999996	0.9496	176.7
hard:44274007	hard	F	F	True	True	True	0.9453	0.9453	0.004123209999999997	0.9384	111.3
hard:724066002	hard	C	C	True	True	False	0.9281	0.9281	0.0064992599999999946	0.9191	180.5
hard:702437000	hard	D	D	True	True	False	0.9583	0.9583	0.002220479999999997	0.9531	106.7
hard:58976002	hard	E	E	True	True	True	0.9232	0.9232	0.008097749999999997	0.9136	178.5
retrieval-miss:397758007	retrieval-miss	none	H	False	False	True	0.9149	0.0477	1.7441510900000003	0.9042	110.9
easy:726051002	easy	A	A	True	True	False	0.8718	0.8718	0.020712279999999993	0.8558	99.1
gold-removed:50715003	gold-removed	none	F	False	False		0.6207	0.0955	1.25598779	0.5733	107.5
retrieval-miss:710572000	retrieval-miss	none	G	False	False	True	0.4922	0.196	0.9307869000000002	0.4288	111.5
easy:92205005	easy	G	G	True	True	True	0.969	0.969	0.001278420000000002	0.9651	111.7
hard:363495004	hard	F	F	True	True	True	0.7779	0.7779	0.06052635999999998	0.7502	104.9
hard:363458004	hard	F	F	True	True	True	0.9418	0.9418	0.004399560000000004	0.9346	110.9
easy:723552005	easy	F	F	True	False	True	0.9554	0.9554	0.0024937299999999974	0.9499	184.0
none-narrower:16060551000119103	none-narrower	none	none	True	False		0.6112	0.6112	0.24060882000000006	0.5626	93.9
none-narrower:443971004	none-narrower	none	none	True	False		0.4556	0.4556	0.40192609	0.3876	105.0
hard:726610000	hard	G	G	True	True	True	0.9699	0.9699	0.0011727700000000011	0.9661	181.6
hard:230450001	hard	A	A	True	False	True	0.9341	0.9341	0.005931779999999994	0.9258	108.6
none-narrower:11780521000119105	none-narrower	none	none	True	False		0.7431	0.7431	0.10643404000000001	0.711	104.7
retrieval-miss:4416007	retrieval-miss	none	none	True	False	True	0.9249	0.9249	0.007478969999999992	0.9155	118.7
hard:718053009	hard	C	C	True	False	True	0.8573	0.8573	0.024938020000000012	0.8395	99.1
hard:8634009	hard	D	D	True	True	False	0.9268	0.9268	0.006861580000000006	0.9176	100.2
none-narrower:703163006	none-narrower	none	none	True	False		0.6085	0.6085	0.19933732999999998	0.5595	108.5
hard:719456001	hard	E	E	True	False	True	0.8596	0.8596	0.03127088999999999	0.8421	177.7
hard:57993004	hard	A	A	True	True	True	0.9191	0.9191	0.008637409999999996	0.909	93.5
retrieval-miss:233692000	retrieval-miss	none	E	False	False	True	0.4887	0.3711	0.63951102	0.4248	116.6
gold-removed:56882008	gold-removed	none	none	True	False		0.6819	0.6819	0.12663052000000002	0.6422	111.2
easy:111396008	easy	F	F	True	True	True	0.951	0.951	0.0030087100000000043	0.9448	112.1
retrieval-miss:399029005	retrieval-miss	none	none	True	False	True	0.6698	0.6698	0.16945916000000003	0.6286	105.0
hard:237611007	hard	B	B	True	False	True	0.9583	0.9583	0.0022835599999999965	0.953	107.9
easy:187736009	easy	F	F	True	True	True	0.5457	0.5457	0.34973614000000003	0.4889	105.1
none-narrower:1186834004	none-narrower	none	none	True	False		0.5433	0.5433	0.31624264999999996	0.4862	107.0
hard:230496009	hard	B	B	True	True	False	0.9525	0.9525	0.002805939999999999	0.9465	110.9
easy:80328002	easy	B	none	False	False	True	0.4716	0.0201	1.2489833	0.4055	110.9
easy:195469007	easy	B	B	True	False	True	0.8733	0.8733	0.022974130000000002	0.8575	107.5
gold-removed:700107006	gold-removed	none	none	True	False		0.5159	0.5159	0.28583066999999995	0.4554	180.6
none-narrower:1264565005	none-narrower	none	D	False	False		0.8565	0.0234	1.70063848	0.8386	182.1
gold-removed:92068002	gold-removed	none	H	False	False		0.6786	0.2106	1.08692327	0.6385	111.5
hard:448664009	hard	H	H	True	True	False	0.9192	0.9192	0.008614319999999996	0.9091	111.2
hard:240613006	hard	G	G	True	False	True	0.8709	0.8709	0.020965199999999996	0.8547	109.3
none-narrower:50279003	none-narrower	none	H	False	False		0.9247	0.0531	1.7517914899999998	0.9153	97.4
hard:127217009	hard	G	G	True	True	False	0.9635	0.9635	0.0016724199999999982	0.9589	116.5
easy:188264002	easy	E	E	True	True	True	0.8497	0.8497	0.03032672	0.8309	104.9
retrieval-miss:79883001	retrieval-miss	none	none	True	False	True	0.7971	0.7971	0.05407718999999999	0.7717	175.3
gold-removed:734173003	gold-removed	none	none	True	False		0.8855	0.8855	0.01641379000000001	0.8712	180.5
easy:230571009	easy	G	G	True	False	True	0.9457	0.9457	0.004127720000000001	0.9389	107.1
hard:425940002	hard	E	E	True	True	False	0.9662	0.9662	0.0014526400000000035	0.9619	96.6
easy:95280005	easy	E	E	True	True	False	0.9577	0.9577	0.0022729800000000004	0.9525	107.1
easy:722690001	easy	A	A	True	True	True	0.947	0.947	0.003652590000000005	0.9404	111.0
gold-removed:399340005	gold-removed	none	E	False	False		0.4641	0.412	0.5644374300000001	0.3972	99.3
hard:85102008	hard	H	H	True	True	False	0.935	0.935	0.005389609999999993	0.9269	106.8
easy:390936003	easy	B	B	True	False	True	0.8249	0.8249	0.04134310000000001	0.8031	207.0
retrieval-miss:105600002	retrieval-miss	none	none	True	False	True	0.9533	0.9533	0.0029649999999999967	0.9474	103.0
none-narrower:721267000	none-narrower	none	C	False	False		0.6672	0.1253	1.22642316	0.6256	106.7
easy:86406008	easy	D	D	True	False	True	0.9774	0.9774	0.0007437499999999979	0.9746	112.0
retrieval-miss:205550003	retrieval-miss	none	E	False	False	True	0.9041	0.0253	1.77001863	0.8921	99.1
easy:192727001	easy	E	E	True	False	True	0.9505	0.9505	0.003083089999999999	0.9443	118.7
hard:403970001	hard	G	G	True	True	False	0.9258	0.9258	0.007056070000000006	0.9165	107.5
gold-removed:235494005	gold-removed	none	none	True	False		0.473	0.473	0.34126209	0.4071	93.3
easy:62009002	easy	G	G	True	True	True	0.9231	0.9231	0.007239249999999995	0.9134	171.6
hard:8691004	hard	H	H	True	True	False	0.9622	0.9622	0.0019000699999999957	0.9575	111.9
easy:127232002	easy	D	E	False	False	True	0.9173	0.0152	1.8126219500000003	0.9069	99.4
easy:27614006	easy	G	G	True	True	False	0.9735	0.9735	0.0009496199999999984	0.9702	91.5
hard:267607008	hard	E	E	True	True	True	0.9638	0.9638	0.001649920000000001	0.9593	98.8
easy:232262007	easy	H	C	False	False	True	0.645	0.2152	1.0388486499999998	0.6006	99.0
hard:75238000	hard	E	E	True	False	True	0.9761	0.9761	0.0007685400000000016	0.9731	114.8
gold-removed:88905005	gold-removed	none	none	True	False		0.9742	0.9742	0.0007673000000000022	0.971	184.1
hard:764625002	hard	F	F	True	True	True	0.9615	0.9615	0.0019040799999999983	0.9567	180.7
hard:40149008	hard	G	G	True	True	False	0.9611	0.9611	0.0021349200000000037	0.9563	105.3
gold-removed:109978004	gold-removed	none	none	True	False		0.5155	0.5155	0.30582442000000004	0.4549	184.3
gold-removed:53165003	gold-removed	none	none	True	False		0.3707	0.3707	0.46031885999999994	0.2921	178.8
gold-removed:763274002	gold-removed	none	none	True	False		0.8361	0.8361	0.033958110000000014	0.8156	179.0
easy:70090004	easy	F	F	True	True	False	0.9774	0.9774	0.000777949999999998	0.9746	98.6
gold-removed:716097001	gold-removed	none	none	True	False		0.7251	0.7251	0.09042536000000002	0.6908	111.2
gold-removed:111489007	gold-removed	none	none	True	False		0.3747	0.3747	0.50393219	0.2966	105.1
retrieval-miss:43116000	retrieval-miss	none	C	False	False	True	0.4105	0.3338	0.6256646100000001	0.3368	106.7
retrieval-miss:307406004	retrieval-miss	none	D	False	False	True	0.9142	0.0462	1.7458104399999999	0.9035	105.1
hard:92080005	hard	G	G	True	True	False	0.9406	0.9406	0.0043854800000000015	0.9331	106.9
hard:25898005	hard	H	H	True	True	True	0.9056	0.9056	0.011593170000000009	0.8938	99.4
hard:363404008	hard	A	A	True	True	True	0.8198	0.8198	0.04230281000000001	0.7973	109.4
easy:26479009	easy	B	B	True	False	True	0.7894	0.7894	0.06440769000000002	0.7631	99.0
easy:234633000	easy	C	C	True	True	True	0.859	0.859	0.02546614	0.8414	183.5
none-narrower:1231185005	none-narrower	none	H	False	False		0.4358	0.3555	0.6192945000000002	0.3652	111.4
easy:720813007	easy	E	E	True	False	True	0.9644	0.9644	0.0015687099999999977	0.96	117.3
easy:442696006	easy	H	H	True	True	False	0.9178	0.9178	0.01046841000000001	0.9075	111.3
easy:426336007	easy	C	C	True	False	True	0.9096	0.9096	0.009856380000000007	0.8983	111.7
hard:403975006	hard	D	D	True	True	False	0.9282	0.9282	0.0071741299999999964	0.9192	107.4
easy:232364006	easy	B	B	True	True	False	0.9597	0.9597	0.00211149	0.9547	111.1
none-narrower:239813000	none-narrower	none	none	True	False		0.8092	0.8092	0.044066319999999985	0.7854	107.4
hard:448794008	hard	B	B	True	True	False	0.7683	0.7683	0.07040841	0.7394	122.3
none-narrower:254255007	none-narrower	none	none	True	False		0.8096	0.8096	0.049642660000000005	0.7858	106.9
easy:724642009	easy	F	F	True	False	True	0.9531	0.9531	0.002812450000000005	0.9472	193.6
none-narrower:278043000	none-narrower	none	D	False	False		0.9509	0.0184	1.8680440099999998	0.9447	111.7
none-narrower:37369009	none-narrower	none	none	True	False		0.8626	0.8626	0.024562079999999993	0.8455	107.3
hard:720635002	hard	E	E	True	False	True	0.9082	0.9082	0.01016503	0.8968	115.1
none-narrower:237155000	none-narrower	none	E	False	False		0.4745	0.2619	0.80413932	0.4088	105.1
easy:715952000	easy	D	F	False	False	True	0.9359	0.0057	1.86564059	0.9279	118.3
retrieval-miss:443416007	retrieval-miss	none	F	False	False	True	0.6017	0.2561	0.9193232600000001	0.5519	110.9
easy:32139003	easy	F	F	True	True	False	0.8733	0.8733	0.022190110000000006	0.8575	99.5
easy:204370002	easy	D	D	True	True	True	0.9311	0.9311	0.006564729999999995	0.9224	106.9
gold-removed:312514006	gold-removed	none	none	True	False		0.9056	0.9056	0.011449470000000007	0.8938	111.6
retrieval-miss:725034002	retrieval-miss	none	B	False	False	True	0.8923	0.0511	1.69745919	0.8789	179.4
gold-removed:192958009	gold-removed	none	none	True	False		0.6645	0.6645	0.16746636	0.6225	104.5
hard:721974000	hard	A	A	True	True	False	0.9416	0.9416	0.004061240000000001	0.9343	179.8
easy:400948003	easy	A	A	True	True	False	0.9618	0.9618	0.0020340600000000007	0.9571	118.3
easy:31742004	easy	B	B	True	True	False	0.7005	0.7005	0.11530142	0.663	181.1
hard:127055007	hard	B	B	True	True	False	0.937	0.937	0.005403799999999994	0.9291	112.0
retrieval-miss:32599008	retrieval-miss	none	none	True	False	True	0.8599	0.8599	0.0249272	0.8424	119.4
hard:398623004	hard	H	H	True	True	False	0.9125	0.9125	0.010498040000000004	0.9015	186.5
retrieval-miss:192877007	retrieval-miss	none	H	False	False	True	0.971	0.0184	1.90641689	0.9674	99.0
gold-removed:118940003	gold-removed	none	none	True	False		0.7015	0.7015	0.10367596	0.6642	98.9
easy:268163008	easy	F	F	True	False	True	0.8628	0.8628	0.02569508	0.8457	99.3
hard:193413001	hard	H	H	True	True	False	0.9562	0.9562	0.0024647399999999956	0.9507	119.4
gold-removed:716239006	gold-removed	none	none	True	False		0.922	0.922	0.007539959999999993	0.9122	119.9
easy:715504003	easy	G	G	True	True	True	0.964	0.964	0.0017949700000000023	0.9595	183.5
easy:367434002	easy	H	H	True	True	False	0.9229	0.9229	0.008374479999999991	0.9133	113.9
none-narrower:1197741006	none-narrower	none	H	False	False		0.4404	0.3456	0.64666697	0.3704	105.2
none-narrower:371045000	none-narrower	none	D	False	False		0.668	0.0737	1.31899144	0.6265	107.4
easy:51744007	easy	H	H	True	True	False	0.9385	0.9385	0.00527162	0.9308	102.5
easy:715736008	easy	B	B	True	True	False	0.9777	0.9777	0.0006396599999999995	0.9749	175.1
hard:51387008	hard	B	B	True	True	False	0.8424	0.8424	0.03215355999999999	0.8227	96.9
easy:48528004	easy	F	F	True	True	False	0.7185	0.7185	0.10239971	0.6833	182.5
none-narrower:1259102000	none-narrower	none	none	True	False		0.5122	0.5122	0.32055310000000004	0.4512	105.4
hard:82236004	hard	G	G	True	False	True	0.6897	0.6897	0.13171578000000003	0.6509	111.8
retrieval-miss:399992009	retrieval-miss	none	F	False	False	True	0.4087	0.2943	0.68645972	0.3348	110.4
retrieval-miss:403886007	retrieval-miss	none	G	False	False	True	0.8735	0.0423	1.6826531100000002	0.8577	111.7
easy:10934005	easy	B	B	True	True	False	0.9013	0.9013	0.013671830000000003	0.889	107.3
none-narrower:446771003	none-narrower	none	D	False	False		0.9295	0.0491	1.7683922699999999	0.9206	105.1
retrieval-miss:758664007	retrieval-miss	none	none	True	False	True	0.7043	0.7043	0.11253636999999998	0.6673	118.4
hard:733112007	hard	F	F	True	True	False	0.9736	0.9736	0.0009191699999999989	0.9703	182.8
easy:237965005	easy	E	none	False	True	False	0.7812	0.0544	1.50904062	0.7538	107.2
hard:70737009	hard	C	C	True	False	True	0.9365	0.9365	0.00538483	0.9285	180.0
easy:718897009	easy	A	A	True	True	False	0.9349	0.9349	0.005361100000000006	0.9268	118.9
easy:11296007	easy	G	G	True	False	True	0.9608	0.9608	0.002035960000000001	0.9559	107.6
none-narrower:44939003	none-narrower	none	H	False	False		0.4841	0.3245	0.7012292299999999	0.4196	113.3
hard:726707004	hard	C	C	True	True	True	0.9199	0.9199	0.008766789999999993	0.9099	196.6
hard:63684002	hard	D	D	True	True	False	0.9315	0.9315	0.0062577000000000015	0.923	107.1
easy:236811002	easy	E	E	True	True	False	0.9496	0.9496	0.0033777800000000004	0.9432	96.9
none-narrower:246762009	none-narrower	none	none	True	False		0.4642	0.4642	0.37299853000000005	0.3972	99.2
easy:72900001	easy	F	F	True	False	True	0.9404	0.9404	0.004608569999999998	0.9329	111.3
hard:230421008	hard	D	D	True	True	False	0.9728	0.9728	0.0009501900000000001	0.9694	111.8
hard:92788005	hard	B	B	True	True	False	0.6135	0.6135	0.22795071	0.5652	111.9
easy:126799003	easy	A	A	True	True	False	0.8969	0.8969	0.013864029999999994	0.8841	107.6
easy:33982008	easy	A	A	True	False	True	0.8659	0.8659	0.02304841	0.8491	111.5
none-narrower:93646002	none-narrower	none	none	True	False		0.5528	0.5528	0.28792631	0.4969	177.4
gold-removed:431034009	gold-removed	none	none	True	False		0.289	0.289	0.5937398600000001	0.2001	107.5
easy:721843003	easy	C	C	True	True	False	0.9394	0.9394	0.004517659999999998	0.9319	105.1
none-narrower:451981000124108	none-narrower	none	none	True	False		0.7972	0.7972	0.05189998999999999	0.7719	111.6
gold-removed:95333004	gold-removed	none	D	False	False		0.9585	0.02	1.87923288	0.9534	107.3
none-narrower:1259079006	none-narrower	none	none	True	False		0.7445	0.7445	0.09519694999999997	0.7125	109.3
none-narrower:236631000	none-narrower	none	A	False	False		0.6212	0.22	1.00868977	0.5738	105.0
hard:89242004	hard	G	G	True	True	True	0.9493	0.9493	0.0033901799999999965	0.943	85.4
easy:432261003	easy	F	F	True	True	False	0.9788	0.9788	0.0006929699999999998	0.9762	110.9
retrieval-miss:2689001	retrieval-miss	none	none	True	False	True	0.4746	0.4746	0.39073185999999993	0.4089	184.2
retrieval-miss:717736007	retrieval-miss	none	none	True	False	True	0.441	0.441	0.36922956999999995	0.3712	177.9
hard:716859000	hard	D	D	True	False	True	0.9188	0.9188	0.008082200000000008	0.9086	180.0
hard:763376002	hard	G	G	True	True	False	0.9743	0.9743	0.0008646999999999971	0.9711	181.0
hard:83799000	hard	F	F	True	False	True	0.9292	0.9292	0.006227909999999996	0.9203	114.6
easy:18927009	easy	D	none	False	True	True	0.9297	0.0049	1.85555437	0.9209	118.5
retrieval-miss:67256000	retrieval-miss	none	none	True	False	True	0.7256	0.7256	0.10395519	0.6913	111.0
easy:715192004	easy	B	B	True	True	False	0.8903	0.8903	0.016909270000000007	0.8766	119.1
none-narrower:1335794000	none-narrower	none	none	True	False		0.5236	0.5236	0.27698338000000006	0.4641	118.6
none-narrower:336911000119104	none-narrower	none	none	True	False		0.6245	0.6245	0.17191436999999996	0.5776	111.6
gold-removed:116020001	gold-removed	none	A	False	False		0.4443	0.1604	0.9479081300000001	0.3748	99.0
easy:1654001	easy	F	F	True	False	True	0.7308	0.7308	0.10065052000000001	0.6971	107.2
hard:367489004	hard	E	E	True	True	False	0.8319	0.8319	0.03657191000000001	0.8109	119.2
none-narrower:334491000119108	none-narrower	none	H	False	False		0.8682	0.0768	1.6077202	0.8518	99.0
gold-removed:766874001	gold-removed	none	A	False	False		0.4355	0.3846	0.5770278099999999	0.365	185.2
retrieval-miss:253042009	retrieval-miss	none	none	True	False	True	0.9055	0.9055	0.010626170000000006	0.8937	110.1
easy:725908007	easy	E	E	True	True	False	0.9759	0.9759	0.0007430500000000005	0.9729	180.1
hard:19092004	hard	B	B	True	True	False	0.965	0.965	0.0015352400000000022	0.9607	119.4
easy:44553005	easy	E	E	True	True	False	0.9709	0.9709	0.001033690000000001	0.9673	122.6
none-narrower:285191000119103	none-narrower	none	G	False	False		0.4852	0.0889	1.19039757	0.4209	118.2
none-narrower:430969000	none-narrower	none	none	True	False		0.4864	0.4864	0.34208736000000006	0.4222	108.7
easy:187752007	easy	A	A	True	False	True	0.82	0.82	0.04424041000000002	0.7976	107.4
hard:92428008	hard	G	G	True	True	False	0.9438	0.9438	0.003893010000000003	0.9368	112.4
gold-removed:34417008	gold-removed	none	none	True	False		0.3601	0.3601	0.58790693	0.2801	118.9
gold-removed:21061004	gold-removed	none	none	True	False		0.8089	0.8089	0.055236040000000014	0.785	108.6
hard:402356004	hard	H	H	True	False	True	0.9818	0.9818	0.00045048999999999973	0.9795	109.5
none-narrower:416658003	none-narrower	none	none	True	False		0.7076	0.7076	0.12018232	0.671	105.2
none-narrower:11810261000119103	none-narrower	none	none	True	False		0.6348	0.6348	0.19255913999999996	0.5892	104.8
hard:763403007	hard	F	F	True	True	False	0.9577	0.9577	0.0023451300000000004	0.9524	113.7
gold-removed:28826002	gold-removed	none	none	True	False		0.7319	0.7319	0.12028835000000002	0.6984	112.6
retrieval-miss:55852007	retrieval-miss	none	none	True	False	True	0.4115	0.4115	0.46776889	0.3379	107.9
hard:254851009	hard	H	H	True	True	False	0.9531	0.9531	0.002913890000000005	0.9472	120.1
gold-removed:276876007	gold-removed	none	none	True	False		0.6161	0.6161	0.18110303	0.5681	107.7
none-narrower:2851000119101	none-narrower	none	none	True	False		0.346	0.346	0.5149126	0.2643	107.7
hard:62151007	hard	A	A	True	True	True	0.9447	0.9447	0.0037694400000000015	0.9378	111.8
none-narrower:187857006	none-narrower	none	B	False	False		0.4995	0.2412	0.8510463300000001	0.437	111.9
easy:30369007	easy	A	A	True	True	False	0.9654	0.9654	0.0017257699999999976	0.9611	111.9
retrieval-miss:361115000	retrieval-miss	none	B	False	False	True	0.9525	0.0201	1.8676115	0.9466	100.2
retrieval-miss:418279001	retrieval-miss	none	none	True	False	True	0.9538	0.9538	0.0024295600000000016	0.948	119.0
gold-removed:262461007	gold-removed	none	none	True	False		0.7144	0.7144	0.10289039999999998	0.6787	111.7
gold-removed:363466008	gold-removed	none	H	False	False		0.4624	0.3783	0.6105136499999999	0.3952	111.3
retrieval-miss:95208000	retrieval-miss	none	none	True	False	True	0.7357	0.7357	0.08959922	0.7026	109.0
hard:284449005	hard	A	A	True	True	True	0.5954	0.5954	0.26400820999999997	0.5448	180.5
easy:253149002	easy	B	B	True	True	True	0.6066	0.6066	0.19827825999999996	0.5575	119.1
retrieval-miss:52542005	retrieval-miss	none	none	True	False	True	0.9509	0.9509	0.0031949800000000035	0.9447	107.6
retrieval-miss:69550000	retrieval-miss	none	none	True	False	True	0.5227	0.5227	0.3614630999999999	0.463	112.3
retrieval-miss:83652003	retrieval-miss	none	A	False	False	True	0.4355	0.3299	0.6592330699999999	0.3649	119.2
gold-removed:128862000	gold-removed	none	none	True	False		0.7057	0.7057	0.12991687000000002	0.6689	118.6
retrieval-miss:67988000	retrieval-miss	none	none	True	False	True	0.9241	0.9241	0.006734589999999995	0.9146	107.6
none-narrower:45062007	none-narrower	none	E	False	False		0.4854	0.4336	0.5583539200000001	0.4211	93.4
none-narrower:339331000119102	none-narrower	none	B	False	False		0.7736	0.1319	1.3540762499999999	0.7453	87.7
retrieval-miss:17653001	retrieval-miss	none	none	True	False	True	0.509	0.509	0.41903962000000006	0.4476	111.5
easy:111524003	easy	A	A	True	False	True	0.9154	0.9154	0.009442700000000002	0.9049	91.8
retrieval-miss:44250009	retrieval-miss	none	none	True	False	True	0.828	0.828	0.03943260000000001	0.8065	108.9
easy:722476007	easy	D	D	True	False	True	0.9261	0.9261	0.006821269999999996	0.9169	115.2
hard:363422006	hard	H	H	True	True	True	0.9372	0.9372	0.005319689999999996	0.9293	108.8
hard:83886009	hard	D	D	True	True	False	0.9674	0.9674	0.0014585499999999973	0.9633	174.1
gold-removed:763767006	gold-removed	none	none	True	False		0.9528	0.9528	0.0025382700000000018	0.9469	179.4
retrieval-miss:95670000	retrieval-miss	none	E	False	False	True	0.6034	0.2012	1.0135998499999999	0.5539	104.8
gold-removed:719136005	gold-removed	none	none	True	False		0.8844	0.8844	0.015584090000000009	0.87	180.3
easy:45639009	easy	H	none	False	False	True	0.7742	0.0296	1.5517109900000001	0.746	111.5
hard:7699004	hard	C	C	True	True	False	0.9076	0.9076	0.010808170000000008	0.896	104.9
easy:716091000	easy	D	D	True	True	False	0.961	0.961	0.0019262900000000028	0.9561	115.4
easy:237960000	easy	A	A	True	False	True	0.8147	0.8147	0.041334930000000006	0.7915	183.0
retrieval-miss:234638009	retrieval-miss	none	none	True	False	True	0.3886	0.3886	0.45228159999999995	0.3122	119.5
none-narrower:236382007	none-narrower	none	F	False	False		0.3985	0.2257	0.82310913	0.3233	99.5
hard:703199001	hard	G	G	True	False	True	0.9146	0.9146	0.009183100000000005	0.9039	96.7
gold-removed:52845002	gold-removed	none	none	True	False		0.5061	0.5061	0.29179254	0.4444	98.8
easy:78200003	easy	E	E	True	True	False	0.9669	0.9669	0.0014159700000000012	0.9627	107.3
none-narrower:85461008	none-narrower	none	none	True	False		0.7129	0.7129	0.10960645000000002	0.677	107.8
easy:76520005	easy	H	E	False	False	True	0.9294	0.0205	1.8238525800000003	0.9206	119.1
retrieval-miss:64233004	retrieval-miss	none	H	False	False	True	0.7903	0.1822	1.2935179199999998	0.7641	107.3
easy:68092007	easy	D	D	True	False	True	0.7431	0.7431	0.09742485000000001	0.711	107.4
none-narrower:410484008	none-narrower	none	none	True	False		0.5769	0.5769	0.25294462	0.524	97.1
none-narrower:198241002	none-narrower	none	none	True	False		0.668	0.668	0.14383056999999996	0.6266	108.7
easy:12381000132107	easy	A	A	True	False	True	0.5859	0.5859	0.23176342	0.5341	109.4
hard:709018004	hard	A	A	True	False	True	0.5296	0.5296	0.32454350000000004	0.4708	112.1
gold-removed:68116008	gold-removed	none	A	False	False		0.4201	0.2555	0.8270304899999998	0.3476	97.2
easy:254986007	easy	G	E	False	True	True	0.6878	0.1983	1.12093362	0.6488	112.3
hard:83942000	hard	B	B	True	True	False	0.9384	0.9384	0.004449059999999998	0.9307	115.7
gold-removed:719251009	gold-removed	none	none	True	False		0.9593	0.9593	0.0019102599999999965	0.9542	110.4
none-narrower:94654006	none-narrower	none	none	True	False		0.7033	0.7033	0.11884771999999998	0.6663	111.9
easy:763716008	easy	F	F	True	True	True	0.9452	0.9452	0.003537299999999996	0.9384	107.5
hard:734031008	hard	A	A	True	True	False	0.9523	0.9523	0.0030319799999999966	0.9463	178.4
hard:17585008	hard	E	E	True	True	False	0.9451	0.9451	0.0038362399999999942	0.9382	97.1
none-narrower:707607008	none-narrower	none	none	True	False		0.6426	0.6426	0.15377082000000003	0.5979	119.0
gold-removed:700467001	gold-removed	none	none	True	False		0.5969	0.5969	0.26918425999999995	0.5465	111.4
none-narrower:713299003	none-narrower	none	none	True	False		0.8277	0.8277	0.03759533	0.8061	109.2
hard:25897000	hard	H	H	True	True	False	0.9787	0.9787	0.0005993299999999994	0.976	111.7
retrieval-miss:16459000	retrieval-miss	none	none	True	False	True	0.904	0.904	0.012149529999999995	0.8921	107.6
easy:702447002	easy	G	G	True	True	False	0.9363	0.9363	0.005843059999999997	0.9283	120.9
none-narrower:27358001	none-narrower	none	none	True	False		0.6093	0.6093	0.20027304	0.5605	109.0
hard:267592003	hard	D	D	True	False	True	0.9521	0.9521	0.002887040000000005	0.9461	109.0
hard:768927001	hard	F	F	True	True	False	0.9013	0.9013	0.012305590000000002	0.889	184.3
none-narrower:1269531007	none-narrower	none	none	True	False		0.3381	0.3381	0.6005772199999999	0.2553	107.4
hard:443719001	hard	G	G	True	True	True	0.8758	0.8758	0.019722149999999997	0.8602	111.5
none-narrower:66893008	none-narrower	none	D	False	False		0.8528	0.0505	1.63188061	0.8344	119.6
easy:23849003	easy	G	G	True	True	False	0.9458	0.9458	0.003702180000000003	0.939	105.7
hard:233913007	hard	G	G	True	True	True	0.9555	0.9555	0.0023835899999999984	0.9499	107.2
hard:238080004	hard	A	A	True	True	False	0.7531	0.7531	0.07392611000000002	0.7222	179.8
none-narrower:43658003	none-narrower	none	E	False	False		0.8755	0.0505	1.66950464	0.8599	97.5
retrieval-miss:277921008	retrieval-miss	none	F	False	False	True	0.9382	0.0305	1.82033908	0.9305	107.1
hard:363444001	hard	G	G	True	True	True	0.6896	0.6896	0.16029081999999997	0.6508	119.3
none-narrower:128211000119102	none-narrower	none	F	False	False		0.5359	0.102	1.18500268	0.4779	116.1
easy:56692003	easy	H	H	True	True	False	0.8788	0.8788	0.018859539999999994	0.8636	176.2
none-narrower:246943004	none-narrower	none	none	True	False		0.544	0.544	0.24779766999999997	0.487	97.1
easy:722375007	easy	H	H	True	True	False	0.974	0.974	0.0009557600000000012	0.9707	118.4
easy:699251001	easy	C	C	True	True	True	0.9584	0.9584	0.0022406799999999975	0.9532	111.4
easy:92415001	easy	D	D	True	False	True	0.9684	0.9684	0.0013542399999999977	0.9645	111.5
retrieval-miss:726543008	retrieval-miss	none	none	True	False	True	0.709	0.709	0.13330950000000003	0.6726	98.7
easy:14070001000004105	easy	D	D	True	True	False	0.9687	0.9687	0.0013196899999999994	0.9648	119.8
easy:404160007	easy	B	B	True	False	True	0.9262	0.9262	0.007148319999999997	0.9169	123.4
hard:200999007	hard	H	H	True	True	False	0.9712	0.9712	0.0011083000000000028	0.9676	111.1
none-narrower:81531005	none-narrower	none	none	True	False		0.6362	0.6362	0.17843489	0.5907	108.7
easy:1155842003	easy	H	H	True	True	False	0.9698	0.9698	0.0016013900000000003	0.966	99.2
hard:253781004	hard	D	D	True	False	True	0.7277	0.7277	0.09686075000000001	0.6936	95.2
gold-removed:193570009	gold-removed	none	none	True	False		0.5843	0.5843	0.19644091999999996	0.5323	112.9
none-narrower:126682007	none-narrower	none	F	False	False		0.4918	0.1504	1.01501837	0.4282	119.0
easy:707530009	easy	G	G	True	True	False	0.9301	0.9301	0.0064479899999999955	0.9213	111.3
hard:70405009	hard	G	G	True	True	False	0.9822	0.9822	0.0004824200000000013	0.98	107.8
gold-removed:32595002	gold-removed	none	none	True	False		0.5726	0.5726	0.22559665	0.5192	112.9
retrieval-miss:239873007	retrieval-miss	none	F	False	False	True	0.9328	0.0358	1.8003569099999999	0.9244	107.8
retrieval-miss:721887007	retrieval-miss	none	none	True	False	True	0.9525	0.9525	0.0028362999999999986	0.9466	182.0
hard:255055008	hard	H	H	True	True	False	0.9582	0.9582	0.0022392399999999956	0.953	179.8
hard:194785008	hard	E	E	True	True	True	0.9378	0.9378	0.004807660000000004	0.93	90.4
gold-removed:40291001	gold-removed	none	none	True	False		0.6642	0.6642	0.14378157	0.6222	183.5
gold-removed:232064001	gold-removed	none	A	False	False		0.6005	0.227	0.96623316	0.5506	119.1
hard:93559003	hard	F	F	True	True	True	0.9341	0.9341	0.005522889999999995	0.9259	122.2
gold-removed:63480004	gold-removed	none	none	True	False		0.4874	0.4874	0.4004416999999999	0.4233	104.8
retrieval-miss:715414009	retrieval-miss	none	none	True	False	True	0.3458	0.3458	0.57032016	0.264	118.3
retrieval-miss:64969001	retrieval-miss	none	none	True	False	True	0.5425	0.5425	0.33326228	0.4853	104.9
easy:237059008	easy	C	C	True	True	False	0.5733	0.5733	0.23773156999999995	0.5199	185.0
none-narrower:410063006	none-narrower	none	A	False	False		0.7792	0.1073	1.4063152800000003	0.7517	93.7
hard:56453003	hard	C	C	True	False	True	0.9354	0.9354	0.005819259999999999	0.9273	182.5
easy:44018007	easy	C	none	False	False	True	0.3842	0.2963	0.6665222399999999	0.3073	99.3
retrieval-miss:52674009	retrieval-miss	none	none	True	False	True	0.3487	0.3487	0.51369984	0.2673	105.1
none-narrower:722922001	none-narrower	none	none	True	False		0.8703	0.8703	0.02122414000000001	0.8541	107.6
none-narrower:1259038005	none-narrower	none	E	False	False		0.8869	0.0406	1.7079884300000001	0.8728	113.9
hard:403889000	hard	E	E	True	True	False	0.9562	0.9562	0.0025118499999999956	0.9507	119.0
easy:703524005	easy	E	E	True	True	True	0.9636	0.9636	0.001753849999999999	0.9591	112.2
easy:447351004	easy	F	F	True	False	True	0.8771	0.8771	0.017983690000000004	0.8617	124.8
retrieval-miss:719663005	retrieval-miss	none	A	False	False	True	0.6823	0.2	1.1095104200000003	0.6426	114.4
easy:192965001	easy	F	F	True	False	True	0.7315	0.7315	0.09235897999999998	0.698	110.8
none-narrower:300312006	none-narrower	none	F	False	False		0.4511	0.3732	0.60457531	0.3825	105.2
none-narrower:724608000	none-narrower	none	none	True	False		0.6225	0.6225	0.1867467	0.5753	100.0
gold-removed:91038008	gold-removed	none	none	True	False		0.6609	0.6609	0.16017306999999997	0.6185	92.6
easy:716077006	easy	D	D	True	True	False	0.8906	0.8906	0.015125280000000012	0.877	119.6
hard:77478005	hard	E	E	True	False	True	0.9464	0.9464	0.003605899999999998	0.9397	107.4
easy:28790007	easy	D	D	True	False	True	0.6611	0.6611	0.15697228	0.6187	97.1
gold-removed:234478007	gold-removed	none	E	False	False		0.8698	0.0658	1.6304056	0.8535	184.2
hard:429033009	hard	G	G	True	True	True	0.6948	0.6948	0.14003161000000003	0.6567	111.3
easy:195136004	easy	E	none	False	False	True	0.4515	0.3629	0.61739761	0.383	105.3
easy:95435007	easy	A	G	False	False	True	0.8061	0.0728	1.51767821	0.7818	181.8
hard:17111003	hard	H	H	True	True	False	0.9512	0.9512	0.003138719999999996	0.9451	179.0
hard:55912009	hard	F	F	True	True	True	0.9668	0.9668	0.0015140800000000005	0.9627	183.3
hard:720634003	hard	B	B	True	True	False	0.9464	0.9464	0.0034255099999999984	0.9397	185.2
easy:126790004	easy	F	F	True	True	False	0.923	0.923	0.007726749999999993	0.9134	112.2
easy:25766007	easy	H	H	True	True	False	0.9627	0.9627	0.0017657199999999997	0.9581	97.2
easy:66758006	easy	B	B	True	True	True	0.9223	0.9223	0.0074181299999999985	0.9125	184.5
none-narrower:123977005	none-narrower	none	none	True	False		0.8168	0.8168	0.04276089000000002	0.794	109.4
easy:717003001	easy	H	H	True	True	True	0.8408	0.8408	0.03515501	0.8209	111.4
none-narrower:870285004	none-narrower	none	none	True	False		0.4766	0.4766	0.33915544	0.4111	111.1
hard:725167001	hard	B	G	False	False	True	0.9277	0.0073	1.8475733500000002	0.9186	119.7
hard:297278001	hard	E	H	False	True	True	0.4282	0.1208	1.0549622300000001	0.3567	120.4
easy:2251002	easy	G	G	True	True	True	0.9211	0.9211	0.007972599999999995	0.9112	96.7
gold-removed:190808009	gold-removed	none	none	True	False		0.7253	0.7253	0.10077160000000003	0.691	108.5
easy:372105009	easy	E	E	True	True	False	0.9128	0.9128	0.00972750000000001	0.9019	112.0
hard:197585004	hard	B	B	True	False	True	0.9309	0.9309	0.006395390000000007	0.9223	99.3
easy:126859007	easy	H	H	True	True	False	0.9394	0.9394	0.004993649999999999	0.9318	112.6
easy:723362004	easy	C	C	True	True	False	0.8752	0.8752	0.019615080000000003	0.8596	107.7
easy:230422001	easy	B	B	True	True	True	0.9004	0.9004	0.012159160000000006	0.888	112.3
hard:403824007	hard	F	F	True	True	False	0.9508	0.9508	0.0030935300000000023	0.9447	120.1
none-narrower:61301000119102	none-narrower	none	A	False	False		0.659	0.1597	1.1481898700000002	0.6164	111.5
easy:189197001	easy	G	G	True	True	False	0.9715	0.9715	0.0012119099999999983	0.9679	107.4
easy:49455004	easy	E	E	True	False	True	0.9761	0.9761	0.0008132700000000016	0.9731	99.2
hard:34566007	hard	D	D	True	True	True	0.9153	0.9153	0.009638289999999999	0.9047	119.0
hard:13394002	hard	H	H	True	True	False	0.9632	0.9632	0.001729090000000004	0.9587	111.7
retrieval-miss:414173003	retrieval-miss	none	none	True	False	True	0.4937	0.4937	0.4246834999999999	0.4304	119.2
gold-removed:90505000	gold-removed	none	D	False	False		0.4577	0.2365	0.8153662900000002	0.3899	122.7
retrieval-miss:22542007	retrieval-miss	none	F	False	False	True	0.5034	0.3022	0.7516910699999999	0.4414	120.1
easy:363353009	easy	D	D	True	True	True	0.7044	0.7044	0.13961029	0.6675	111.5
easy:441456002	easy	G	G	True	True	False	0.7959	0.7959	0.055859889999999975	0.7704	104.8
easy:18241005	easy	B	B	True	True	False	0.8742	0.8742	0.019560350000000004	0.8585	93.8
easy:233621003	easy	G	G	True	True	False	0.9442	0.9442	0.003942659999999995	0.9372	110.0
easy:240063002	easy	A	A	True	True	False	0.6022	0.6022	0.20130673000000004	0.5525	185.5
easy:92413008	easy	F	F	True	True	True	0.9477	0.9477	0.003579230000000001	0.9412	111.7
easy:764694005	easy	B	B	True	True	False	0.9512	0.9512	0.0030292999999999956	0.9451	179.2
gold-removed:15170009	gold-removed	none	none	True	False		0.6272	0.6272	0.18300531000000003	0.5806	99.1
easy:83911000119104	easy	E	E	True	False	True	0.8879	0.8879	0.017907589999999994	0.8739	85.5
none-narrower:866045007	none-narrower	none	none	True	False		0.5592	0.5592	0.24419947999999997	0.5041	99.2
hard:417093003	hard	E	E	True	True	True	0.9335	0.9335	0.006036850000000001	0.9252	111.4
none-narrower:431855005	none-narrower	none	none	True	False		0.7794	0.7794	0.06302694	0.7518	97.3
easy:235073000	easy	G	none	False	False	True	0.5447	0.0956	1.13673944	0.4878	114.8
hard:716663009	hard	B	B	True	True	False	0.9353	0.9353	0.004969299999999997	0.9272	111.2
easy:719378009	easy	E	E	True	True	False	0.9672	0.9672	0.0013729400000000035	0.9631	183.3
none-narrower:92571001	none-narrower	none	C	False	False		0.6683	0.2883	0.95347671	0.6269	107.2
retrieval-miss:67854007	retrieval-miss	none	none	True	False	True	0.3782	0.3782	0.45606880000000005	0.3005	119.6
hard:87730004	hard	F	F	True	True	False	0.9565	0.9565	0.0025038099999999987	0.951	107.5
easy:716249009	easy	E	E	True	True	True	0.9511	0.9511	0.003067410000000005	0.945	111.2
hard:267532001	hard	H	H	True	False	True	0.8022	0.8022	0.049059499999999985	0.7775	92.0
hard:254069004	hard	C	none	False	True	False	0.3152	0.3017	0.6336020499999998	0.2296	106.9
none-narrower:56090007	none-narrower	none	E	False	False		0.949	0.02	1.8613650599999998	0.9426	185.4
hard:410041002	hard	G	G	True	True	False	0.9617	0.9617	0.0019573999999999998	0.9569	111.5
easy:40956001	easy	C	C	True	True	False	0.9584	0.9584	0.0023009099999999976	0.9532	119.8
retrieval-miss:711265009	retrieval-miss	none	none	True	False	True	0.8429	0.8429	0.03046833000000001	0.8232	111.9
none-narrower:53284008	none-narrower	none	G	False	False		0.7553	0.2082	1.19766509	0.7247	107.5
easy:715374003	easy	G	G	True	True	True	0.9302	0.9302	0.006145319999999996	0.9215	113.3
retrieval-miss:59252009	retrieval-miss	none	C	False	False	True	0.9461	0.0218	1.8524664899999999	0.9394	181.5
retrieval-miss:197352008	retrieval-miss	none	none	True	False	True	0.8529	0.8529	0.026702800000000006	0.8345	104.8
none-narrower:68361004	none-narrower	none	none	True	False		0.4062	0.4062	0.46448314999999996	0.332	119.2
gold-removed:726349006	gold-removed	none	none	True	False		0.462	0.462	0.43505833000000005	0.3948	91.4
easy:711163009	easy	B	B	True	True	False	0.9652	0.9652	0.0016125100000000036	0.9609	180.6
none-narrower:425756000	none-narrower	none	B	False	False		0.8883	0.0382	1.71610662	0.8743	107.2
easy:398036000	easy	G	H	False	False	True	0.8124	0.1473	1.3876464499999999	0.7889	113.1
easy:69134001	easy	G	G	True	True	False	0.9564	0.9564	0.002366449999999998	0.951	98.8
none-narrower:85209005	none-narrower	none	none	True	False		0.8782	0.8782	0.020016160000000005	0.863	108.8
gold-removed:67873006	gold-removed	none	none	True	False		0.7996	0.7996	0.05266654000000001	0.7745	118.6
hard:7393007	hard	B	B	True	False	True	0.9221	0.9221	0.0076017899999999946	0.9124	97.7
none-narrower:1254886004	none-narrower	none	G	False	False		0.8565	0.0749	1.59208721	0.8386	96.7
hard:61738006	hard	D	D	True	True	False	0.9547	0.9547	0.0026235800000000004	0.949	115.9
easy:236740006	easy	C	C	True	False	True	0.9318	0.9318	0.005973490000000005	0.9233	107.4
hard:403426003	hard	H	H	True	True	False	0.9135	0.9135	0.010749810000000004	0.9027	93.7
none-narrower:720979002	none-narrower	none	D	False	False		0.9536	0.019	1.87184136	0.9478	112.4
hard:186437007	hard	G	G	True	False	True	0.9491	0.9491	0.0032673699999999947	0.9428	97.0
hard:134031000119108	hard	B	B	True	True	True	0.9116	0.9116	0.010751780000000008	0.9005	112.1
easy:95643007	easy	G	G	True	True	False	0.9698	0.9698	0.0012189100000000001	0.9661	112.5
gold-removed:717183001	gold-removed	none	A	False	False		0.7358	0.1348	1.29374367	0.7028	119.4
easy:72991005	easy	B	B	True	True	True	0.8024	0.8024	0.05288047	0.7777	92.5
retrieval-miss:71444005	retrieval-miss	none	G	False	False	True	0.4314	0.43	0.5150440300000001	0.3603	107.7
easy:400178008	easy	G	G	True	True	False	0.9046	0.9046	0.011432990000000007	0.8927	99.5
none-narrower:688271000119100	none-narrower	none	H	False	False		0.6498	0.2173	1.0425195299999999	0.606	119.8
hard:698251009	hard	C	C	True	True	True	0.9653	0.9653	0.0016475199999999967	0.9609	107.8
retrieval-miss:445507008	retrieval-miss	none	none	True	False	True	0.7685	0.7685	0.07808286000000002	0.7396	107.3
hard:363478007	hard	H	H	True	True	True	0.6903	0.6903	0.16985274999999994	0.6516	112.3
hard:297232009	hard	G	G	True	True	False	0.9554	0.9554	0.0025703399999999973	0.9498	114.4
none-narrower:1177049006	none-narrower	none	none	True	False		0.5142	0.5142	0.43312328	0.4535	112.4
easy:50967008	easy	A	A	True	True	False	0.8978	0.8978	0.013691909999999991	0.8851	107.2
hard:302162004	hard	E	E	True	True	False	0.9603	0.9603	0.0020317199999999964	0.9553	97.2
easy:45339001	easy	A	A	True	True	False	0.8031	0.8031	0.04824420999999999	0.7785	107.4
easy:419097006	easy	A	A	True	True	False	0.9559	0.9559	0.0026421600000000023	0.9504	116.3
none-narrower:64634000	none-narrower	none	none	True	False		0.377	0.377	0.48807817	0.2991	99.5
easy:92175003	easy	G	G	True	True	False	0.947	0.947	0.003769800000000005	0.9404	119.1
none-narrower:21420006	none-narrower	none	none	True	False		0.3932	0.3932	0.44564195	0.3174	108.3
retrieval-miss:36803009	retrieval-miss	none	F	False	False	True	0.931	0.0354	1.79741156	0.9224	118.0
hard:2576002	hard	G	G	True	False	True	0.9573	0.9573	0.0024219999999999966	0.952	112.3
easy:458432002	easy	E	E	True	True	False	0.9408	0.9408	0.0044939500000000035	0.9334	112.1
none-narrower:609464004	none-narrower	none	none	True	False		0.3521	0.3521	0.5859926199999999	0.2711	104.8
easy:1059007	easy	E	E	True	True	False	0.9779	0.9779	0.0007369600000000004	0.9751	119.4
retrieval-miss:717182006	retrieval-miss	none	none	True	False	True	0.8836	0.8836	0.01661055999999999	0.8691	183.1
easy:26037005	easy	D	D	True	False	True	0.9257	0.9257	0.0076865700000000045	0.9164	97.4
hard:47125007	hard	E	E	True	True	False	0.9223	0.9223	0.007797629999999999	0.9126	109.8
none-narrower:449782007	none-narrower	none	none	True	False		0.838	0.838	0.030835950000000008	0.8177	112.0
easy:719838008	easy	B	B	True	False	True	0.9122	0.9122	0.00936654	0.9013	116.2
hard:128870005	hard	E	E	True	False	True	0.9696	0.9696	0.0013123299999999991	0.9658	109.6
easy:186312003	easy	C	none	False	True	False	0.4872	0.4073	0.59080807	0.4231	118.9
gold-removed:715391004	gold-removed	none	C	False	False		0.2923	0.2104	0.7690378499999999	0.2039	108.6
hard:2946003	hard	D	D	True	False	True	0.9488	0.9488	0.003308560000000002	0.9424	100.6
hard:274864009	hard	G	G	True	True	True	0.8938	0.8938	0.01505123999999999	0.8805	181.7
easy:54280009	easy	G	G	True	True	False	0.9557	0.9557	0.0026323500000000003	0.9502	109.9
none-narrower:81704009	none-narrower	none	D	False	False		0.3996	0.2209	0.8215295600000001	0.3246	117.7
retrieval-miss:702949005	retrieval-miss	none	none	True	False	True	0.9592	0.9592	0.0019371099999999958	0.954	182.8
hard:373905003	hard	B	B	True	True	True	0.9344	0.9344	0.00518638	0.9262	111.7
retrieval-miss:277574007	retrieval-miss	none	none	True	False	True	0.4082	0.4082	0.42962555999999996	0.3343	111.6
hard:92668003	hard	H	H	True	True	False	0.9717	0.9717	0.0010481999999999996	0.9682	111.9
hard:88687001	hard	E	E	True	False	True	0.4567	0.4567	0.41285003	0.3888	109.7
easy:190794006	easy	C	C	True	False	True	0.9065	0.9065	0.010872560000000005	0.8948	119.1
easy:16784003	easy	C	C	True	False	True	0.8283	0.8283	0.04061892999999999	0.8068	99.2
hard:18504008	hard	D	D	True	True	False	0.9187	0.9187	0.008622640000000006	0.9086	181.1
gold-removed:234500001	gold-removed	none	none	True	False		0.529	0.529	0.31485375	0.4701	111.4
easy:265798000	easy	G	G	True	False	True	0.8091	0.8091	0.05232084999999999	0.7853	99.4
none-narrower:202918005	none-narrower	none	none	True	False		0.6908	0.6908	0.13674684	0.6521	107.3
gold-removed:765141005	gold-removed	none	none	True	False		0.7964	0.7964	0.050723910000000004	0.771	119.2
none-narrower:233696002	none-narrower	none	E	False	False		0.5419	0.3812	0.6777689900000001	0.4846	180.1
hard:403818001	hard	F	F	True	True	False	0.9562	0.9562	0.0026045299999999955	0.9508	111.9
none-narrower:285251000119101	none-narrower	none	B	False	False		0.6553	0.0852	1.28157589	0.6123	108.6
easy:36989005	easy	H	H	True	True	False	0.9526	0.9526	0.0033171299999999997	0.9466	118.5
hard:763632004	hard	G	G	True	False	True	0.9591	0.9591	0.002119730000000004	0.954	99.1
hard:92059004	hard	G	G	True	True	False	0.934	0.934	0.0056826099999999925	0.9258	100.3
easy:389203001	easy	B	B	True	True	False	0.8229	0.8229	0.044944720000000014	0.8008	119.5
retrieval-miss:18718003	retrieval-miss	none	none	True	False	True	0.7613	0.7613	0.06606019000000002	0.7315	105.1
none-narrower:710360007	none-narrower	none	none	True	False		0.6048	0.6048	0.1967083	0.5554	97.1
gold-removed:47014000	gold-removed	none	none	True	False		0.7753	0.7753	0.07020960000000001	0.7472	104.8
hard:37785001	hard	E	E	True	True	False	0.9658	0.9658	0.0015076700000000005	0.9616	107.0
hard:237877004	hard	G	G	True	True	False	0.9635	0.9635	0.0017438699999999983	0.959	118.5
easy:304603007	easy	H	H	True	True	False	0.9678	0.9678	0.0012645300000000005	0.9638	118.4
hard:93948004	hard	E	E	True	True	True	0.6624	0.6624	0.16161209	0.6202	107.2
hard:430042004	hard	F	F	True	True	False	0.651	0.651	0.19007259999999998	0.6074	111.7
hard:254062008	hard	H	H	True	True	False	0.9184	0.9184	0.008500120000000002	0.9082	181.2
hard:725392005	hard	G	A	False	False	True	0.7838	0.0769	1.4756626400000001	0.7568	113.2
easy:229752008	easy	D	D	True	False	True	0.7943	0.7943	0.05711850999999999	0.7686	105.1
easy:14386001	easy	F	F	True	True	False	0.9689	0.9689	0.001211590000000001	0.965	111.0
none-narrower:276646003	none-narrower	none	none	True	False		0.4894	0.4894	0.3567965699999999	0.4256	110.9
retrieval-miss:448015002	retrieval-miss	none	none	True	False	True	0.7352	0.7352	0.08611540000000002	0.7021	104.8
none-narrower:188247000	none-narrower	none	none	True	False		0.6627	0.6627	0.14820983000000004	0.6206	105.0
easy:254180002	easy	B	B	True	True	False	0.9491	0.9491	0.0034881299999999942	0.9427	133.3
easy:766928004	easy	E	E	True	True	True	0.954	0.954	0.0027627100000000037	0.9483	118.4
none-narrower:230174006	none-narrower	none	none	True	False		0.7655	0.7655	0.07164058000000001	0.7362	111.4
gold-removed:255184001	gold-removed	none	D	False	False		0.4018	0.2203	0.8983222500000001	0.3271	109.0
retrieval-miss:62628008	retrieval-miss	none	C	False	False	True	0.8423	0.0616	1.59206763	0.8226	115.0
gold-removed:25792000	gold-removed	none	none	True	False		0.9457	0.9457	0.003992130000000002	0.9389	118.5
easy:127024001	easy	F	F	True	True	False	0.9049	0.9049	0.011444809999999995	0.8931	118.4
hard:13534001	hard	F	F	True	True	False	0.9635	0.9635	0.0019275499999999984	0.9589	111.2
gold-removed:70020005	gold-removed	none	none	True	False		0.9681	0.9681	0.0011671500000000026	0.9642	111.5
hard:198029003	hard	A	A	True	True	False	0.9316	0.9316	0.005894480000000002	0.9231	109.3
easy:6631009	easy	H	H	True	False	True	0.7054	0.7054	0.12036981999999997	0.6686	118.8
retrieval-miss:403910009	retrieval-miss	none	none	True	False	True	0.4325	0.4325	0.44022817000000003	0.3616	111.9
hard:399072004	hard	E	E	True	True	True	0.914	0.914	0.009239159999999993	0.9033	97.1
gold-removed:82323002	gold-removed	none	none	True	False		0.3886	0.3886	0.44112516999999996	0.3122	104.4
hard:254167000	hard	F	F	True	False	True	0.901	0.901	0.013142929999999995	0.8887	102.7
hard:72925005	hard	G	G	True	False	True	0.8248	0.8248	0.04682665000000001	0.8029	119.0
hard:703219008	hard	C	C	True	True	True	0.8199	0.8199	0.04780280000000002	0.7974	201.4
easy:254052001	easy	G	G	True	False	True	0.9224	0.9224	0.00754513	0.9127	121.2
none-narrower:403933005	none-narrower	none	F	False	False		0.7671	0.207	1.21742506	0.7379	111.2
retrieval-miss:239011004	retrieval-miss	none	none	True	False	True	0.7239	0.7239	0.10410262	0.6894	177.2
easy:67782005	easy	G	G	True	False	True	0.5407	0.5407	0.31667841	0.4832	111.6
hard:237946002	hard	H	H	True	False	True	0.9548	0.9548	0.0027927900000000016	0.9492	175.7
easy:204036008	easy	F	F	True	True	False	0.7513	0.7513	0.08355185000000002	0.7202	112.3
easy:93870000	easy	C	C	True	True	True	0.9635	0.9635	0.0019257699999999983	0.9589	117.2
none-narrower:149941000119100	none-narrower	none	none	True	False		0.4028	0.4028	0.42153651999999997	0.3282	99.0
gold-removed:766815007	gold-removed	none	none	True	False		0.5432	0.5432	0.32973651	0.4861	118.6
none-narrower:402925001	none-narrower	none	A	False	False		0.6001	0.3235	0.8195853399999999	0.5501	99.0
easy:57219006	easy	G	D	False	False	True	0.738	0.0094	1.5470245000000002	0.7052	111.1
hard:254157005	hard	D	H	False	False	True	0.8567	0.1085	1.5293766199999999	0.8388	113.9
none-narrower:403129004	none-narrower	none	none	True	False		0.8174	0.8174	0.05459407999999999	0.7945	96.6
none-narrower:52042003	none-narrower	none	A	False	False		0.7674	0.1109	1.38288929	0.7383	111.0
easy:128333008	easy	A	A	True	True	False	0.8694	0.8694	0.021239750000000016	0.853	105.1
none-narrower:255051004	none-narrower	none	G	False	False		0.563	0.3149	0.79019901	0.5084	107.2
easy:389272007	easy	E	E	True	True	False	0.952	0.952	0.002953840000000004	0.946	99.1
retrieval-miss:102878001	retrieval-miss	none	none	True	False	True	0.931	0.931	0.005476439999999994	0.9224	118.9
hard:717052002	hard	E	E	True	True	False	0.9626	0.9626	0.001723319999999999	0.9579	112.9
retrieval-miss:237886009	retrieval-miss	none	none	True	False	True	0.4895	0.4895	0.3792396099999999	0.4256	99.5
retrieval-miss:235919008	retrieval-miss	none	none	True	False	True	0.7518	0.7518	0.099261	0.7207	99.5
hard:254096001	hard	C	C	True	True	False	0.9585	0.9585	0.0021749499999999984	0.9533	112.1
easy:59276001	easy	H	H	True	False	True	0.4727	0.4727	0.41131061	0.4068	104.8
gold-removed:88233000	gold-removed	none	none	True	False		0.3671	0.3671	0.5583834400000001	0.288	106.8
easy:717014003	easy	F	F	True	True	False	0.9491	0.9491	0.0032004099999999947	0.9427	174.4
retrieval-miss:269476000	retrieval-miss	none	none	True	False	True	0.6531	0.6531	0.14833986999999998	0.6097	112.6
easy:56048001	easy	C	C	True	False	True	0.969	0.969	0.0011892500000000017	0.9651	108.6
easy:45142002	easy	B	B	True	True	False	0.9612	0.9612	0.0020266099999999955	0.9564	111.3
none-narrower:335561000119101	none-narrower	none	F	False	False		0.5148	0.3422	0.70189233	0.4542	107.7
hard:61094002	hard	A	A	True	True	False	0.9672	0.9672	0.0013349000000000039	0.9631	179.7
easy:197260007	easy	A	A	True	False	True	0.8339	0.8339	0.03407878000000001	0.8132	106.9
hard:363481002	hard	G	G	True	True	True	0.9486	0.9486	0.0036557899999999995	0.9422	180.2
retrieval-miss:230687001	retrieval-miss	none	E	False	False	True	0.3151	0.2317	0.7500062399999999	0.2295	112.2
easy:29227009	easy	G	G	True	True	False	0.9735	0.9735	0.0010252099999999982	0.9702	99.3
retrieval-miss:30865009	retrieval-miss	none	none	True	False	True	0.5281	0.5281	0.38494649	0.4691	107.1
hard:128207002	hard	C	C	True	True	False	0.4946	0.4946	0.40685575000000007	0.4314	107.3
hard:233858000	hard	A	A	True	True	True	0.8517	0.8517	0.026980639999999997	0.8331	108.4
retrieval-miss:277475006	retrieval-miss	none	none	True	False	True	0.6542	0.6542	0.21513132999999998	0.6109	118.4
hard:363352004	hard	E	E	True	True	False	0.9545	0.9545	0.002687719999999999	0.9488	109.0
hard:65814009	hard	D	D	True	True	False	0.9348	0.9348	0.005247900000000005	0.9266	99.4
none-narrower:426370008	none-narrower	none	none	True	False		0.5465	0.5465	0.26060342000000003	0.4898	181.4
none-narrower:39625001	none-narrower	none	E	False	False		0.7282	0.2462	1.0985932999999999	0.6942	112.3
none-narrower:271386001	none-narrower	none	none	True	False		0.4068	0.4068	0.45086687	0.3327	118.8
easy:63844009	easy	F	F	True	True	False	0.8764	0.8764	0.02202954000000001	0.8609	179.5
easy:254957009	easy	B	B	True	False	True	0.916	0.916	0.009706499999999993	0.9055	179.7
hard:397734008	hard	G	G	True	True	False	0.9716	0.9716	0.001065769999999999	0.968	122.5
gold-removed:80126007	gold-removed	none	none	True	False		0.91	0.91	0.011300079999999994	0.8987	118.2
hard:36874002	hard	E	E	True	True	False	0.9341	0.9341	0.005344789999999995	0.9259	99.4
easy:92058007	easy	F	F	True	True	True	0.92	0.92	0.008179339999999993	0.91	107.1
none-narrower:268651002	none-narrower	none	none	True	False		0.7391	0.7391	0.08384274	0.7065	90.8
gold-removed:312491004	gold-removed	none	none	True	False		0.7197	0.7197	0.10966402	0.6847	112.3
easy:110004001	easy	A	A	True	True	False	0.9582	0.9582	0.0022298199999999956	0.953	176.6
hard:398796005	hard	B	B	True	True	False	0.9007	0.9007	0.012084360000000011	0.8883	112.0
hard:302161006	hard	B	B	True	True	False	0.9444	0.9444	0.003991839999999998	0.9374	91.4
hard:191169008	hard	F	C	False	False	True	0.9406	0.009	1.86758069	0.9332	119.6
gold-removed:608817003	gold-removed	none	E	False	False		0.8731	0.1104	1.5537372399999998	0.8572	112.1
easy:303012000	easy	H	H	True	True	False	0.5428	0.5428	0.31248548000000004	0.4856	112.1
hard:719012009	hard	E	E	True	True	False	0.7906	0.7906	0.055153070000000005	0.7644	116.2
hard:269533000	hard	D	D	True	True	False	0.8934	0.8934	0.014312090000000003	0.8801	96.8
easy:397015000	easy	H	H	True	True	False	0.9575	0.9575	0.0022980699999999984	0.9522	119.5
none-narrower:232245002	none-narrower	none	none	True	False		0.6435	0.6435	0.15178930000000002	0.599	107.7
retrieval-miss:129154003	retrieval-miss	none	C	False	False	True	0.8286	0.0806	1.53386543	0.8072	119.8
gold-removed:359732009	gold-removed	none	none	True	False		0.8372	0.8372	0.03400143999999999	0.8168	179.8
gold-removed:706885006	gold-removed	none	none	True	False		0.3856	0.3856	0.44470076000000003	0.3088	178.8
none-narrower:192051000	none-narrower	none	none	True	False		0.5174	0.5174	0.36364024000000006	0.457	99.0
gold-removed:716588005	gold-removed	none	H	False	False		0.9324	0.0263	1.81792616	0.924	179.8
hard:721881008	hard	G	G	True	True	False	0.4473	0.4473	0.46598880000000004	0.3782	184.5
gold-removed:360375007	gold-removed	none	none	True	False		0.8466	0.8466	0.03002020999999999	0.8275	91.3
none-narrower:1258979003	none-narrower	none	C	False	False		0.3977	0.356	0.59666844	0.3225	177.0
easy:56787009	easy	B	B	True	False	True	0.9045	0.9045	0.010886140000000004	0.8926	107.2
none-narrower:235986006	none-narrower	none	none	True	False		0.6602	0.6602	0.14236606999999998	0.6177	97.2
retrieval-miss:56038003	retrieval-miss	none	none	True	False	True	0.5467	0.5467	0.368738	0.4901	96.9
retrieval-miss:716649003	retrieval-miss	none	A	False	False	True	0.4465	0.1123	1.1035883100000001	0.3773	118.5
hard:723096000	hard	B	B	True	True	True	0.9468	0.9468	0.0037524400000000023	0.9402	96.3
none-narrower:337871000119100	none-narrower	none	F	False	False		0.6347	0.2607	0.9513037500000001	0.5891	85.4
retrieval-miss:234477002	retrieval-miss	none	none	True	False	True	0.9503	0.9503	0.002859499999999997	0.9441	182.5
easy:50189006	easy	D	D	True	False	True	0.6455	0.6455	0.16524590000000006	0.6012	96.3
retrieval-miss:403780007	retrieval-miss	none	none	True	False	True	0.4149	0.4149	0.4954787699999999	0.3418	121.6
easy:39912006	easy	F	F	True	True	False	0.9086	0.9086	0.010312850000000007	0.8972	172.5
none-narrower:93829002	none-narrower	none	C	False	False		0.6542	0.2115	1.06027236	0.6109	111.0
hard:22451001	hard	C	C	True	True	True	0.9294	0.9294	0.00662897	0.9206	99.4
easy:124275001	easy	E	E	True	True	False	0.8852	0.8852	0.017270100000000004	0.8708	126.2
hard:126833009	hard	C	C	True	True	False	0.8718	0.8718	0.021523809999999994	0.8558	111.6
none-narrower:75548002	none-narrower	none	none	True	False		0.3809	0.3809	0.49190626	0.3035	112.3
hard:717821004	hard	G	G	True	True	False	0.9041	0.9041	0.012068439999999998	0.8921	183.9
gold-removed:254877001	gold-removed	none	none	True	False		0.5898	0.5898	0.20548844	0.5385	111.0
gold-removed:726702005	gold-removed	none	none	True	False		0.3745	0.3745	0.4684219999999999	0.2963	172.6
retrieval-miss:254064009	retrieval-miss	none	none	True	False	True	0.5074	0.5074	0.28419872	0.4459	99.3
easy:39288006	easy	C	B	False	False	True	0.4591	0.3313	0.6694229000000002	0.3915	104.8
easy:62311004	easy	C	C	True	True	True	0.9136	0.9136	0.010514090000000005	0.9028	119.1
hard:255084004	hard	F	F	True	True	True	0.8137	0.8137	0.04592684000000001	0.7904	111.7
hard:762282007	hard	C	C	True	False	True	0.9505	0.9505	0.0033408199999999987	0.9443	118.7
easy:276860003	easy	B	B	True	True	False	0.9529	0.9529	0.0029178200000000024	0.947	111.7
hard:33958003	hard	H	H	True	True	False	0.897	0.897	0.013927929999999995	0.8841	105.2
none-narrower:237782001	none-narrower	none	none	True	False		0.5874	0.5874	0.22769793999999996	0.5358	111.0
retrieval-miss:23687008	retrieval-miss	none	none	True	False	True	0.9079	0.9079	0.011236389999999992	0.8964	110.9
easy:720414005	easy	G	G	True	False	True	0.9363	0.9363	0.005167359999999998	0.9284	118.3
hard:195021004	hard	F	F	True	True	False	0.4135	0.4135	0.46215750000000005	0.3402	110.9
hard:363436001	hard	E	E	True	True	True	0.8925	0.8925	0.014911710000000009	0.8791	107.3
easy:92083007	easy	B	B	True	True	True	0.9584	0.9584	0.0022772999999999977	0.9532	107.4
retrieval-miss:398768004	retrieval-miss	none	B	False	False	True	0.7966	0.0779	1.49884715	0.7712	177.7
none-narrower:52897009	none-narrower	none	F	False	False		0.3205	0.3089	0.6453996700000001	0.2356	120.2
none-narrower:29340001000004108	none-narrower	none	A	False	False		0.5763	0.3647	0.7365582799999999	0.5233	104.9
easy:404077005	easy	H	H	True	True	False	0.8815	0.8815	0.017379600000000012	0.8667	107.1
easy:51500006	easy	B	C	False	True	False	0.596	0.3192	0.8215625900000001	0.5455	98.7
retrieval-miss:82639001	retrieval-miss	none	G	False	False	True	0.961	0.021	1.88215706	0.9561	111.3
hard:4760008	hard	H	H	True	True	False	0.9476	0.9476	0.003546520000000001	0.941	107.3
gold-removed:91478007	gold-removed	none	none	True	False		0.5526	0.5526	0.24226068000000003	0.4967	99.3
hard:126485001	hard	D	D	True	True	False	0.9524	0.9524	0.002835399999999998	0.9464	109.5
gold-removed:314270008	gold-removed	none	none	True	False		0.4575	0.4575	0.38369201	0.3897	104.7
easy:57917004	easy	C	C	True	True	False	0.9022	0.9022	0.011629129999999998	0.89	118.8
hard:703403003	hard	B	B	True	False	True	0.9462	0.9462	0.0037034399999999953	0.9395	122.0
easy:30496006	easy	C	C	True	False	True	0.8971	0.8971	0.013770369999999997	0.8843	111.5
easy:402525008	easy	C	C	True	True	False	0.8571	0.8571	0.028061150000000007	0.8392	107.2
hard:719209002	hard	B	B	True	True	False	0.9633	0.9633	0.0016600199999999969	0.9587	181.3
easy:721094006	easy	H	H	True	True	False	0.959	0.959	0.002313030000000003	0.9539	184.9
hard:91612009	hard	E	E	True	True	False	0.9069	0.9069	0.011446289999999991	0.8953	84.6
none-narrower:1187464007	none-narrower	none	E	False	False		0.966	0.0152	1.90307214	0.9618	109.4
hard:17025000	hard	C	C	True	False	True	0.9543	0.9543	0.0026757399999999968	0.9486	120.6
none-narrower:427910000	none-narrower	none	D	False	False		0.5726	0.1785	1.03486934	0.5192	96.8
gold-removed:49049000	gold-removed	none	none	True	False		0.5672	0.5672	0.21646852999999994	0.5131	108.0
hard:57863006	hard	E	E	True	True	False	0.9566	0.9566	0.002513689999999999	0.9512	113.4
gold-removed:26899006	gold-removed	none	none	True	False		0.7848	0.7848	0.06516555999999998	0.7579	110.0
none-narrower:15959101000119103	none-narrower	none	C	False	False		0.4212	0.3528	0.61282636	0.3488	119.2
gold-removed:404064001	gold-removed	none	none	True	False		0.8931	0.8931	0.0159121	0.8798	118.7
hard:254838004	hard	A	A	True	True	False	0.9117	0.9117	0.009647540000000008	0.9007	109.5
easy:363494000	easy	G	G	True	True	True	0.9015	0.9015	0.013225190000000005	0.8892	107.4
none-narrower:368721000119104	none-narrower	none	E	False	False		0.3959	0.3541	0.5901898199999999	0.3204	104.7
hard:31220004	hard	B	B	True	True	False	0.8852	0.8852	0.01679156	0.8709	114.4
none-narrower:190471009	none-narrower	none	none	True	False		0.547	0.547	0.25973188999999997	0.4904	96.9
gold-removed:26538006	gold-removed	none	E	False	False		0.6595	0.2362	1.02087796	0.6169	98.6
hard:204431007	hard	B	B	True	True	False	0.888	0.888	0.01863109	0.874	106.8
gold-removed:48500005	gold-removed	none	none	True	False		0.5617	0.5617	0.28469527000000006	0.5069	87.2
easy:734020000	easy	C	C	True	True	False	0.9606	0.9606	0.001941009999999999	0.9556	111.1
retrieval-miss:720410001	retrieval-miss	none	none	True	False	True	0.6657	0.6657	0.13397769000000004	0.6239	178.0
retrieval-miss:389100007	retrieval-miss	none	none	True	False	True	0.8986	0.8986	0.01207652000000001	0.886	179.8
none-narrower:197606008	none-narrower	none	none	True	False		0.4473	0.4473	0.38701761999999995	0.3782	98.8
hard:626004	hard	H	H	True	True	False	0.9719	0.9719	0.001218380000000001	0.9684	180.8
easy:52186006	easy	G	G	True	True	False	0.7554	0.7554	0.09352466000000002	0.7248	110.4
retrieval-miss:422886007	retrieval-miss	none	D	False	False	True	0.8026	0.0295	1.60972983	0.7779	107.3
hard:609573005	hard	A	A	True	True	False	0.9499	0.9499	0.0032008900000000035	0.9437	122.0
hard:72893007	hard	A	A	True	True	True	0.6155	0.6155	0.20561739999999995	0.5674	110.9
gold-removed:254113006	gold-removed	none	B	False	False		0.3396	0.3065	0.62803789	0.257	111.1
easy:2177002	easy	B	B	True	True	False	0.9512	0.9512	0.0029348599999999953	0.9451	105.3
hard:111293003	hard	H	none	False	False	True	0.4047	0.205	0.8624699900000001	0.3303	106.6
retrieval-miss:54203008	retrieval-miss	none	none	True	False	True	0.9659	0.9659	0.0013233200000000013	0.9616	115.7
easy:239032007	easy	G	G	True	True	False	0.9289	0.9289	0.006578540000000007	0.9201	181.3
hard:398680004	hard	F	C	False	False	True	0.8865	0.0285	1.73235373	0.8724	177.9
easy:733626002	easy	C	C	True	True	False	0.9568	0.9568	0.0023172900000000014	0.9514	179.3
none-narrower:94505005	none-narrower	none	none	True	False		0.5277	0.5277	0.33676031000000006	0.4687	118.2
hard:724840004	hard	A	A	True	True	False	0.8779	0.8779	0.017983059999999995	0.8626	133.9
easy:303852004	easy	D	D	True	True	False	0.9814	0.9814	0.0004518799999999981	0.9791	118.9
none-narrower:890354000	none-narrower	none	none	True	False		0.5755	0.5755	0.25376639	0.5225	100.8
retrieval-miss:725291001	retrieval-miss	none	none	True	False	True	0.8246	0.8246	0.04168265	0.8026	181.1
retrieval-miss:17885001	retrieval-miss	none	none	True	False	True	0.9115	0.9115	0.009683060000000004	0.9004	183.0
gold-removed:120639003	gold-removed	none	G	False	False		0.5064	0.4096	0.60673811	0.4446	116.0
hard:92272009	hard	E	E	True	True	True	0.9599	0.9599	0.002170960000000002	0.9549	111.1
gold-removed:87211000119104	gold-removed	none	A	False	False		0.5611	0.2567	0.8754083300000002	0.5063	180.6
none-narrower:143291000119104	none-narrower	none	none	True	False		0.6795	0.6795	0.138282	0.6394	178.7
retrieval-miss:10651001	retrieval-miss	none	none	True	False	True	0.5914	0.5914	0.19940590999999996	0.5403	111.6
easy:720636001	easy	G	G	True	True	False	0.962	0.962	0.0019113000000000025	0.9572	111.1
none-narrower:22935002	none-narrower	none	E	False	False		0.4642	0.2509	0.79110063	0.3972	112.6
easy:716742001	easy	F	F	True	False	True	0.9544	0.9544	0.002843909999999998	0.9488	107.1
hard:398114001	hard	B	B	True	True	False	0.9613	0.9613	0.0017990699999999966	0.9564	119.4
gold-removed:27868004	gold-removed	none	none	True	False		0.7213	0.7213	0.09873480999999998	0.6864	104.8
retrieval-miss:238700008	retrieval-miss	none	none	True	False	True	0.7623	0.7623	0.07291369	0.7326	111.4
easy:30281009	easy	D	D	True	True	False	0.8998	0.8998	0.013116999999999993	0.8872	104.5
none-narrower:12181002	none-narrower	none	none	True	False		0.6034	0.6034	0.23510606999999994	0.5538	115.5
easy:78511005	easy	H	H	True	True	False	0.9562	0.9562	0.002686089999999995	0.9507	110.8
easy:26360005	easy	A	A	True	True	True	0.8185	0.8185	0.0399509	0.7958	99.0
none-narrower:403964007	none-narrower	none	H	False	False		0.9002	0.0468	1.7199559899999999	0.8877	98.5
hard:303098002	hard	A	A	True	True	False	0.534	0.534	0.28119706999999994	0.4757	111.2
none-narrower:1343512002	none-narrower	none	none	True	False		0.5248	0.5248	0.26221097	0.4654	104.9
easy:232086000	easy	E	E	True	False	True	0.8524	0.8524	0.029633899999999987	0.8339	106.6
easy:703544004	easy	B	B	True	False	True	0.7187	0.7187	0.09926942	0.6835	184.3
retrieval-miss:720861000	retrieval-miss	none	C	False	False	True	0.5861	0.1828	1.03747254	0.5343	185.4
none-narrower:1371100008	none-narrower	none	G	False	False		0.9064	0.075	1.67724646	0.8947	105.0
easy:253298003	easy	G	C	False	False	True	0.4029	0.1135	1.0646007999999998	0.3283	110.2
gold-removed:7071007	gold-removed	none	none	True	False		0.9519	0.9519	0.002737360000000003	0.9459	94.3
easy:35111009	easy	D	D	True	True	True	0.9745	0.9745	0.0008519599999999983	0.9714	111.2
none-narrower:418054005	none-narrower	none	none	True	False		0.4953	0.4953	0.35833227999999995	0.4322	118.4
hard:27916005	hard	B	B	True	True	False	0.966	0.966	0.0015009900000000022	0.9617	99.3
hard:72124005	hard	H	H	True	True	False	0.8949	0.8949	0.015469479999999996	0.8818	90.4
easy:111354009	easy	D	D	True	False	True	0.9637	0.9637	0.0020137999999999996	0.9592	97.0
hard:11218009	hard	B	B	True	False	True	0.8747	0.8747	0.019749159999999995	0.859	107.7
easy:717734005	easy	E	E	True	True	False	0.902	0.902	0.012381949999999996	0.8897	118.4
easy:716277000	easy	D	D	True	True	False	0.955	0.955	0.0026150300000000034	0.9494	113.8
retrieval-miss:95532008	retrieval-miss	none	none	True	False	True	0.656	0.656	0.15146526	0.613	107.0
hard:67678004	hard	D	D	True	True	True	0.9198	0.9198	0.007873880000000008	0.9097	99.1
none-narrower:235929001	none-narrower	none	none	True	False		0.7526	0.7526	0.07443154999999999	0.7216	112.9
gold-removed:235601001	gold-removed	none	none	True	False		0.9294	0.9294	0.0063285	0.9206	107.3
gold-removed:717332007	gold-removed	none	none	True	False		0.9348	0.9348	0.004993020000000004	0.9267	120.5
easy:766050000	easy	A	A	True	True	False	0.9493	0.9493	0.003565959999999997	0.943	176.1
gold-removed:187740000	gold-removed	none	C	False	False		0.8852	0.0927	1.60688954	0.8709	108.7
easy:196133001	easy	E	E	True	False	True	0.9167	0.9167	0.008684260000000008	0.9063	109.7
none-narrower:38731000087104	none-narrower	none	B	False	False		0.9108	0.0506	1.7313764200000001	0.8996	105.0
none-narrower:48352007	none-narrower	none	none	True	False		0.8822	0.8822	0.019378010000000005	0.8674	86.7
retrieval-miss:190773008	retrieval-miss	none	none	True	False	True	0.9484	0.9484	0.003078279999999998	0.942	110.3
hard:234577004	hard	G	G	True	True	False	0.9617	0.9617	0.00196317	0.9569	99.2
hard:95776004	hard	G	G	True	True	False	0.596	0.596	0.22250410000000004	0.5455	107.1
easy:124252008	easy	G	G	True	True	False	0.9703	0.9703	0.001290549999999997	0.9665	114.0
easy:402425006	easy	E	E	True	True	False	0.6429	0.6429	0.16547547999999995	0.5982	106.6
hard:722059002	hard	D	D	True	True	False	0.9608	0.9608	0.001919860000000001	0.9559	169.0
easy:193756007	easy	A	A	True	True	False	0.947	0.947	0.003534670000000005	0.9403	118.9
easy:57203004	easy	D	D	True	True	True	0.8737	0.8737	0.020983279999999986	0.8579	96.6
easy:308870004	easy	E	E	True	True	False	0.9373	0.9373	0.005010649999999997	0.9295	104.9
gold-removed:205465004	gold-removed	none	none	True	False		0.3105	0.3105	0.5403157599999999	0.2243	179.1
easy:398909004	easy	H	H	True	True	False	0.9669	0.9669	0.001871890000000001	0.9628	104.5
easy:92624000	easy	B	B	True	True	False	0.9534	0.9534	0.0032353799999999978	0.9475	96.6
hard:403805009	hard	G	G	True	True	False	0.9629	0.9629	0.0018380900000000014	0.9583	111.1
easy:21897009	easy	G	G	True	True	False	0.9581	0.9581	0.0022920600000000037	0.9528	86.4
hard:278833002	hard	D	D	True	True	True	0.402	0.402	0.45043290999999996	0.3273	110.8
gold-removed:721073008	gold-removed	none	C	False	False		0.4224	0.2935	0.71393512	0.3502	106.7
easy:255003007	easy	A	A	True	True	False	0.9708	0.9708	0.0011370100000000001	0.9672	176.8
none-narrower:783705006	none-narrower	none	F	False	False		0.9159	0.0493	1.74294396	0.9054	107.3
easy:726609005	easy	C	C	True	True	False	0.9812	0.9812	0.0004716000000000015	0.9788	181.3
none-narrower:186679007	none-narrower	none	none	True	False		0.636	0.636	0.17373989	0.5905	99.1
none-narrower:27507004	none-narrower	none	H	False	False		0.8253	0.1374	1.4254563800000002	0.8035	107.2
gold-removed:277568007	gold-removed	none	none	True	False		0.4909	0.4909	0.35086118	0.4273	116.8
hard:238676008	hard	B	B	True	False	True	0.9632	0.9632	0.0017510800000000038	0.9586	104.5
easy:19905009	easy	G	G	True	True	False	0.9691	0.9691	0.0013177400000000026	0.9652	104.4
easy:404120006	easy	E	E	True	True	False	0.947	0.947	0.003830870000000005	0.9403	180.7
gold-removed:39390005	gold-removed	none	none	True	False		0.8489	0.8489	0.026687120000000005	0.8301	118.1
hard:722290008	hard	F	F	True	False	True	0.9016	0.9016	0.012742460000000008	0.8893	114.9
retrieval-miss:59399004	retrieval-miss	none	none	True	False	True	0.4044	0.4044	0.47491619	0.33	106.8
retrieval-miss:4855003	retrieval-miss	none	none	True	False	True	0.7933	0.7933	0.059053259999999996	0.7675	99.0
easy:399463004	easy	H	H	True	True	True	0.8818	0.8818	0.017863329999999997	0.8671	107.3
hard:230595006	hard	C	C	True	True	False	0.9514	0.9514	0.0029037499999999975	0.9453	96.7
retrieval-miss:10177005	retrieval-miss	none	H	False	False	True	0.8862	0.0754	1.64067232	0.8719	104.4
hard:398963001	hard	G	G	True	False	True	0.7598	0.7598	0.07496661999999998	0.7298	106.9
retrieval-miss:717812000	retrieval-miss	none	none	True	False	True	0.6514	0.6514	0.15083133	0.6078	106.6
none-narrower:783558004	none-narrower	none	A	False	False		0.9153	0.0385	1.76258605	0.9047	182.5
none-narrower:721677005	none-narrower	none	none	True	False		0.7452	0.7452	0.09298174000000001	0.7133	109.4
none-narrower:372024009	none-narrower	none	H	False	False		0.8753	0.0252	1.72159181	0.8597	111.3
hard:86203003	hard	B	B	True	True	False	0.8356	0.8356	0.034911059999999994	0.815	100.4
none-narrower:268654005	none-narrower	none	none	True	False		0.449	0.449	0.36984755999999996	0.3802	107.0
none-narrower:66265004	none-narrower	none	none	True	False		0.8539	0.8539	0.027873570000000004	0.8356	106.9
easy:89655007	easy	F	D	False	False	True	0.544	0.3097	0.7780090500000001	0.487	111.6
hard:28656008	hard	D	D	True	False	True	0.9814	0.9814	0.00046805999999999817	0.9791	99.2
hard:442551007	hard	A	A	True	True	False	0.9393	0.9393	0.004781479999999998	0.9317	90.6
easy:764997000	easy	G	G	True	True	False	0.9752	0.9752	0.0007980700000000022	0.9721	185.7
retrieval-miss:763669001	retrieval-miss	none	none	True	False	True	0.8047	0.8047	0.04488496000000001	0.7803	119.7
none-narrower:1196912004	none-narrower	none	C	False	False		0.4897	0.323	0.7054726600000001	0.4259	119.1
none-narrower:1237346001	none-narrower	none	B	False	False		0.8889	0.0291	1.73688682	0.875	108.9
hard:118600007	hard	F	F	True	True	False	0.7403	0.7403	0.08778157000000002	0.7079	111.9
hard:400142003	hard	A	A	True	True	False	0.8785	0.8785	0.018261020000000013	0.8633	112.3
hard:48718006	hard	D	D	True	True	False	0.9561	0.9561	0.0024707100000000044	0.9506	120.9
easy:715748006	easy	D	D	True	True	False	0.9712	0.9712	0.0011291500000000028	0.9676	179.4
retrieval-miss:58437007	retrieval-miss	none	none	True	False	True	0.473	0.473	0.45197695	0.4072	118.4
hard:449096009	hard	F	F	True	True	True	0.9454	0.9454	0.003772579999999998	0.9385	104.9
easy:718607001	easy	E	E	True	True	False	0.9759	0.9759	0.0007598600000000005	0.9729	172.0
hard:79830009	hard	E	E	True	True	False	0.9328	0.9328	0.005753430000000005	0.9244	98.5
easy:698290008	easy	H	H	True	True	False	0.938	0.938	0.005502970000000006	0.9302	111.7
none-narrower:65528008	none-narrower	none	F	False	False		0.8062	0.1719	1.33578214	0.782	99.1
easy:721014007	easy	D	D	True	True	False	0.9593	0.9593	0.0021307899999999966	0.9542	177.1
gold-removed:253904001	gold-removed	none	none	True	False		0.4944	0.4944	0.3235254	0.4312	111.1
easy:392662004	easy	B	B	True	True	False	0.9217	0.9217	0.007963410000000006	0.9119	118.0
none-narrower:29736007	none-narrower	none	none	True	False		0.4436	0.4436	0.36065366	0.3741	107.4
hard:22784002	hard	B	B	True	True	False	0.9715	0.9715	0.0010428699999999983	0.968	109.6
hard:715397000	hard	E	E	True	True	False	0.9367	0.9367	0.0053649800000000036	0.9288	104.7
hard:238874008	hard	A	A	True	True	True	0.9402	0.9402	0.004467969999999996	0.9327	110.0
easy:239069005	easy	H	H	True	True	False	0.9692	0.9692	0.001548270000000003	0.9653	179.2
hard:268240006	hard	H	H	True	True	False	0.9257	0.9257	0.008485800000000005	0.9164	110.8
retrieval-miss:715338007	retrieval-miss	none	none	True	False	True	0.7081	0.7081	0.10274630000000003	0.6716	120.1
easy:32620007	easy	E	E	True	True	False	0.955	0.955	0.003106450000000004	0.9493	112.2
gold-removed:238078005	gold-removed	none	none	True	False		0.4132	0.4132	0.44418324000000003	0.3399	115.3
none-narrower:698836007	none-narrower	none	none	True	False		0.8392	0.8392	0.03705125000000002	0.8191	109.0
easy:79674009	easy	H	H	True	True	False	0.9518	0.9518	0.003989920000000002	0.9458	119.0
none-narrower:724784006	none-narrower	none	E	False	False		0.4597	0.3232	0.6865487800000001	0.3921	107.5
hard:128468007	hard	G	B	False	False	True	0.5633	0.2965	0.8187011999999999	0.5087	104.8
retrieval-miss:230499002	retrieval-miss	none	none	True	False	True	0.6643	0.6643	0.14077344	0.6224	107.9
hard:725408001	hard	C	C	True	True	False	0.9554	0.9554	0.002682359999999998	0.9499	115.2
hard:445257004	hard	C	C	True	True	False	0.9423	0.9423	0.004005769999999997	0.935	110.6
none-narrower:102361000119104	none-narrower	none	none	True	False		0.6433	0.6433	0.15363130000000003	0.5987	108.7
hard:707435002	hard	B	B	True	True	False	0.9573	0.9573	0.002304679999999997	0.952	111.7
gold-removed:763458005	gold-removed	none	none	True	False		0.743	0.743	0.07775201999999999	0.7108	186.0
hard:715427008	hard	G	G	True	True	True	0.9364	0.9364	0.005105619999999998	0.9284	176.3
hard:187722004	hard	D	D	True	True	False	0.8898	0.8898	0.015730279999999992	0.876	118.8
retrieval-miss:17234001	retrieval-miss	none	none	True	False	True	0.7968	0.7968	0.06228384000000002	0.7715	105.2
easy:733068001	easy	G	G	True	True	True	0.9599	0.9599	0.0021402400000000016	0.9549	110.7
easy:609581006	easy	A	A	True	True	True	0.9099	0.9099	0.010574799999999995	0.8986	111.2
retrieval-miss:111395007	retrieval-miss	none	none	True	False	True	0.9109	0.9109	0.010905189999999992	0.8998	99.9
hard:58833000	hard	H	H	True	True	True	0.9579	0.9579	0.0022962200000000025	0.9526	174.4
gold-removed:58459009	gold-removed	none	none	True	False		0.5722	0.5722	0.22012067999999996	0.5187	99.7
gold-removed:254102008	gold-removed	none	none	True	False		0.5635	0.5635	0.27388524999999997	0.5089	122.8
hard:720344007	hard	A	A	True	True	True	0.9208	0.9208	0.008040250000000007	0.9109	111.2
easy:416960004	easy	G	F	False	False	True	0.3012	0.1995	0.80871816	0.2139	115.3
hard:428174001	hard	H	H	True	True	False	0.9866	0.9866	0.0002677299999999991	0.9849	111.8
hard:92405007	hard	A	A	True	True	True	0.9217	0.9217	0.007649120000000006	0.9119	112.0
hard:715395008	hard	C	C	True	True	True	0.8579	0.8579	0.02464538	0.8401	112.1
gold-removed:95691008	gold-removed	none	none	True	False		0.8153	0.8153	0.054817689999999995	0.7922	99.3
easy:719069008	easy	G	G	True	True	True	0.842	0.842	0.03443251000000001	0.8222	180.0
retrieval-miss:471885006	retrieval-miss	none	none	True	False	True	0.6497	0.6497	0.14218829999999996	0.6059	111.4
none-narrower:1260130005	none-narrower	none	E	False	False		0.9512	0.026	1.85353812	0.9451	113.3
retrieval-miss:302872003	retrieval-miss	none	none	True	False	True	0.9477	0.9477	0.0032440600000000013	0.9411	96.5
none-narrower:74202002	none-narrower	none	none	True	False		0.6822	0.6822	0.14156800999999997	0.6425	104.7
none-narrower:82069007	none-narrower	none	H	False	False		0.9075	0.0717	1.68539042	0.8959	107.0
hard:85478004	hard	B	B	True	True	False	0.9051	0.9051	0.010765219999999997	0.8933	104.7
hard:721231007	hard	C	C	True	True	False	0.9594	0.9594	0.0020995499999999978	0.9544	119.0
hard:266578003	hard	D	D	True	True	False	0.9536	0.9536	0.0029159299999999997	0.9478	104.9
easy:704166007	easy	G	none	False	False	True	0.596	0.0919	1.20398217	0.5455	112.7
hard:205647005	hard	A	none	False	False	True	0.4126	0.1463	0.9672677500000001	0.3392	118.5
gold-removed:707510005	gold-removed	none	none	True	False		0.4408	0.4408	0.39799145999999996	0.3708	182.5
gold-removed:10347006	gold-removed	none	none	True	False		0.8954	0.8954	0.013489210000000005	0.8823	109.5
hard:55379003	hard	E	E	True	True	False	0.9673	0.9673	0.001378259999999997	0.9632	98.5
hard:400166009	hard	A	A	True	True	False	0.8859	0.8859	0.017007539999999995	0.8717	180.5
easy:3135009	easy	C	C	True	True	False	0.9109	0.9109	0.009642989999999992	0.8998	107.1
easy:27201004	easy	B	B	True	True	False	0.7375	0.7375	0.08423883999999997	0.7047	115.8
retrieval-miss:73465006	retrieval-miss	none	none	True	False	True	0.9337	0.9337	0.0053649900000000035	0.9255	119.1
easy:238032002	easy	G	G	True	True	False	0.951	0.951	0.0032982400000000044	0.9449	99.2
hard:16872008	hard	E	E	True	True	True	0.9792	0.9792	0.0005796600000000018	0.9766	110.8
easy:403760006	easy	H	H	True	True	False	0.9538	0.9538	0.0031381200000000016	0.948	111.5
hard:762295002	hard	D	D	True	True	True	0.9271	0.9271	0.007359749999999996	0.918	110.5
easy:68067009	easy	F	F	True	False	True	0.9601	0.9601	0.002067180000000004	0.9552	181.3
gold-removed:86489003	gold-removed	none	none	True	False		0.7127	0.7127	0.10700536	0.6767	104.7
gold-removed:720565000	gold-removed	none	A	False	False		0.6882	0.1553	1.1916596400000001	0.6492	178.7
retrieval-miss:75875004	retrieval-miss	none	none	True	False	True	0.7857	0.7857	0.056408930000000024	0.7589	106.6
none-narrower:192631000	none-narrower	none	C	False	False		0.8894	0.079	1.63946773	0.8756	105.2
easy:719981005	easy	E	E	True	True	False	0.9676	0.9676	0.001302429999999999	0.9636	185.7
hard:80960004	hard	D	D	True	True	False	0.9629	0.9629	0.0018454200000000015	0.9582	99.3
hard:74469006	hard	D	D	True	False	True	0.8622	0.8622	0.027337970000000007	0.845	106.8
retrieval-miss:66576001	retrieval-miss	none	none	True	False	True	0.6983	0.6983	0.10662460999999998	0.6606	111.7
easy:1271009	easy	B	B	True	True	False	0.8309	0.8309	0.040329710000000005	0.8098	178.4
hard:73757007	hard	C	C	True	True	False	0.9362	0.9362	0.005119669999999995	0.9282	98.7
easy:68409003	easy	C	F	False	False	True	0.5564	0.2497	0.88959806	0.501	109.5
easy:238021002	easy	B	B	True	False	True	0.8888	0.8888	0.015753789999999993	0.8749	107.3
easy:443439001	easy	F	F	True	True	True	0.8188	0.8188	0.041738390000000014	0.7962	179.7
hard:254131007	hard	H	H	True	True	False	0.9727	0.9727	0.0010159599999999996	0.9693	112.0
none-narrower:342291000119102	none-narrower	none	none	True	False		0.3558	0.3558	0.57656256	0.2753	112.4
hard:5217008	hard	E	E	True	True	False	0.8926	0.8926	0.016467550000000008	0.8792	107.2
easy:238007004	easy	F	F	True	False	True	0.9338	0.9338	0.005966450000000005	0.9255	195.1
retrieval-miss:716871006	retrieval-miss	none	none	True	False	True	0.9417	0.9417	0.004017500000000002	0.9344	106.6
gold-removed:419237004	gold-removed	none	none	True	False		0.4717	0.4717	0.32882901999999997	0.4057	115.2
hard:716653001	hard	E	E	True	True	False	0.9196	0.9196	0.007949010000000003	0.9096	118.3
gold-removed:609578001	gold-removed	none	none	True	False		0.5894	0.5894	0.25151542	0.538	122.6
gold-removed:1899006	gold-removed	none	none	True	False		0.3673	0.3673	0.46992200000000006	0.2882	96.8
hard:416769008	hard	D	D	True	True	True	0.9072	0.9072	0.01085768	0.8956	112.1
easy:363468009	easy	A	A	True	False	True	0.8446	0.8446	0.03442218999999999	0.8252	112.6
hard:402601007	hard	C	C	True	False	True	0.7025	0.7025	0.11282077999999998	0.6654	111.8
retrieval-miss:419193008	retrieval-miss	none	none	True	False	True	0.4768	0.4768	0.46091061	0.4114	96.7
gold-removed:722034006	gold-removed	none	none	True	False		0.551	0.551	0.25230054999999996	0.4949	111.2
easy:91968002	easy	B	B	True	True	True	0.9309	0.9309	0.006078250000000007	0.9222	107.1
easy:85769006	easy	B	B	True	False	True	0.965	0.965	0.001684410000000002	0.9607	105.0
retrieval-miss:359814004	retrieval-miss	none	none	True	False	True	0.9661	0.9661	0.0013675200000000027	0.9619	106.9
hard:253020008	hard	G	A	False	False	True	0.738	0.1816	1.21721225	0.7053	107.4
hard:188241004	hard	E	E	True	True	False	0.9173	0.9173	0.009186739999999999	0.907	96.6
hard:3944006	hard	H	none	False	True	True	0.8895	0.0222	1.74911354	0.8757	112.3
none-narrower:1186858000	none-narrower	none	none	True	False		0.5965	0.5965	0.26189808	0.5461	107.2
easy:72815004	easy	B	B	True	False	True	0.9537	0.9537	0.0032138900000000005	0.948	91.2
none-narrower:55637002	none-narrower	none	none	True	False		0.5659	0.5659	0.22017572000000005	0.5116	107.3
retrieval-miss:239869009	retrieval-miss	none	none	True	False	True	0.6331	0.6331	0.19685916	0.5873	107.3
hard:25044007	hard	A	A	True	True	False	0.6574	0.6574	0.15509492	0.6146	111.1
gold-removed:190745006	gold-removed	none	B	False	False		0.6233	0.2055	1.0261982	0.5762	107.2
gold-removed:126908007	gold-removed	none	G	False	False		0.8845	0.066	1.65515646	0.8701	112.3
none-narrower:86333008	none-narrower	none	E	False	False		0.8872	0.0702	1.65234439	0.8731	107.4
hard:726341009	hard	A	A	True	True	False	0.8212	0.8212	0.04505638999999999	0.7989	111.0
gold-removed:719827008	gold-removed	none	none	True	False		0.676	0.676	0.13794181999999997	0.6355	118.8
easy:9245008	easy	H	H	True	True	False	0.9477	0.9477	0.003823680000000001	0.9412	104.9
easy:237997005	easy	C	C	True	True	False	0.9335	0.9335	0.005782990000000001	0.9252	181.0
easy:253366007	easy	C	none	False	True	True	0.3944	0.3198	0.64449584	0.3187	107.2
easy:302226006	easy	E	E	True	False	True	0.8976	0.8976	0.01423821000000001	0.8848	96.4
hard:95462004	hard	E	E	True	True	True	0.711	0.711	0.11213345000000002	0.6749	96.1
gold-removed:733492003	gold-removed	none	B	False	False		0.6836	0.2714	0.99855965	0.6441	118.1
gold-removed:302954008	gold-removed	none	none	True	False		0.6473	0.6473	0.17566400000000001	0.6032	107.7
retrieval-miss:8829008	retrieval-miss	none	none	True	False	True	0.6773	0.6773	0.14868919	0.637	115.5
none-narrower:193436005	none-narrower	none	none	True	False		0.6171	0.6171	0.18875813000000002	0.5693	98.7
hard:125603006	hard	H	H	True	True	False	0.9692	0.9692	0.0014500500000000033	0.9653	96.5
hard:280816001	hard	F	E	False	False	True	0.4892	0.449	0.54419027	0.4254	116.3
hard:363427000	hard	D	D	True	True	True	0.8635	0.8635	0.02270475999999999	0.8465	110.9
none-narrower:253147000	none-narrower	none	E	False	False		0.9185	0.0336	1.7786687099999998	0.9083	121.8
easy:720750004	easy	G	G	True	True	False	0.9682	0.9682	0.001331640000000003	0.9642	180.9
easy:84706005	easy	C	C	True	False	True	0.9447	0.9447	0.004988700000000001	0.9378	106.6
hard:766705006	hard	D	D	True	False	True	0.935	0.935	0.005625189999999993	0.9268	111.5
hard:302820008	hard	D	C	False	False	True	0.9463	0.0221	1.85217862	0.9396	109.3
none-narrower:402811003	none-narrower	none	none	True	False		0.5094	0.5094	0.32572072	0.4481	107.7
hard:717943008	hard	D	D	True	True	True	0.9407	0.9407	0.0044754300000000025	0.9332	115.9
easy:237913008	easy	A	A	True	True	False	0.9014	0.9014	0.014312530000000004	0.8891	99.2
none-narrower:237622006	none-narrower	none	none	True	False		0.591	0.591	0.25792363	0.5399	110.7
none-narrower:1287336004	none-narrower	none	B	False	False		0.8942	0.0588	1.6866550400000002	0.881	109.5
easy:62201009	easy	C	C	True	False	True	0.9432	0.9432	0.004340149999999996	0.9361	119.4
gold-removed:62005008	gold-removed	none	B	False	False		0.7415	0.2131	1.16942846	0.7092	107.5
retrieval-miss:15566009	retrieval-miss	none	none	True	False	True	0.9409	0.9409	0.004553870000000005	0.9335	111.4
none-narrower:193185007	none-narrower	none	none	True	False		0.4829	0.4829	0.42895594000000004	0.4183	104.9
retrieval-miss:274102007	retrieval-miss	none	none	True	False	True	0.5743	0.5743	0.21326225999999998	0.5211	98.9
none-narrower:609600000	none-narrower	none	F	False	False		0.6324	0.2602	0.95019959	0.5865	99.0
gold-removed:698250005	gold-removed	none	none	True	False		0.7817	0.7817	0.05987162000000002	0.7544	99.2
hard:702809001	hard	H	H	True	True	False	0.9765	0.9765	0.0008194099999999983	0.9735	120.0
hard:77090002	hard	E	E	True	True	False	0.9593	0.9593	0.0020023699999999964	0.9542	93.8
retrieval-miss:147101000119108	retrieval-miss	none	none	True	False	True	0.4328	0.4328	0.51474583	0.3618	107.7
retrieval-miss:277589003	retrieval-miss	none	C	False	False	True	0.4335	0.2404	0.79628279	0.3627	181.6
none-narrower:43742007	none-narrower	none	none	True	False		0.6815	0.6815	0.12607725	0.6417	107.7
hard:54552008	hard	E	E	True	True	False	0.9005	0.9005	0.012611370000000005	0.8881	97.0
easy:2032001	easy	H	H	True	False	True	0.964	0.964	0.0018965200000000024	0.9595	108.9
hard:205484001	hard	E	E	True	True	True	0.9007	0.9007	0.011869880000000011	0.8883	112.7
retrieval-miss:238824006	retrieval-miss	none	none	True	False	True	0.9293	0.9293	0.005754179999999998	0.9204	99.2
hard:15628003	hard	D	D	True	True	False	0.956	0.956	0.0024142200000000034	0.9505	111.2
gold-removed:240453002	gold-removed	none	none	True	False		0.741	0.741	0.08368472	0.7086	105.5
none-narrower:342451000119108	none-narrower	none	C	False	False		0.4611	0.0518	1.31844953	0.3938	109.5
none-narrower:298150009	none-narrower	none	none	True	False		0.4271	0.4271	0.49549160999999997	0.3555	111.0
hard:402355000	hard	H	H	True	False	True	0.9756	0.9756	0.0008031599999999988	0.9725	111.1
easy:24867002	easy	E	E	True	False	True	0.3781	0.3781	0.47796269	0.3004	111.6
hard:234405009	hard	A	A	True	True	False	0.9415	0.9415	0.00443086	0.9342	179.7
retrieval-miss:58729003	retrieval-miss	none	none	True	False	True	0.8234	0.8234	0.044264059999999994	0.8013	97.4
gold-removed:16059006	gold-removed	none	none	True	False		0.9593	0.9593	0.0019239799999999966	0.9543	180.5
retrieval-miss:55711009	retrieval-miss	none	C	False	False	True	0.8536	0.0516	1.6320445000000001	0.8353	183.2
easy:42786005	easy	E	E	True	False	True	0.8793	0.8793	0.020200190000000007	0.8642	178.7
none-narrower:29320008	none-narrower	none	C	False	False		0.4689	0.2771	0.75546855	0.4025	112.3
hard:40272001	hard	H	E	False	False	True	0.6753	0.1602	1.17959504	0.6347	99.6
gold-removed:389214003	gold-removed	none	none	True	False		0.9058	0.9058	0.01155694999999999	0.8941	178.0
retrieval-miss:367649002	retrieval-miss	none	none	True	False	True	0.9199	0.9199	0.008165349999999991	0.9099	104.8
gold-removed:92241005	gold-removed	none	G	False	False		0.489	0.2183	0.8915479100000001	0.4252	107.3
gold-removed:234440005	gold-removed	none	none	True	False		0.3112	0.3112	0.6007267200000002	0.2251	108.7
easy:1003375005	easy	B	none	False	True	False	0.7504	0.0251	1.5434021999999998	0.7192	113.0
none-narrower:323291000119108	none-narrower	none	none	True	False		0.4887	0.4887	0.37786140999999995	0.4248	107.1
none-narrower:126754006	none-narrower	none	H	False	False		0.5751	0.2366	0.91954052	0.5219	111.0
easy:699315005	easy	A	A	True	True	True	0.9248	0.9248	0.006947840000000008	0.9154	107.2
easy:3951002	easy	A	A	True	False	True	0.8421	0.8421	0.03222690000000001	0.8224	93.5
gold-removed:28835009	gold-removed	none	none	True	False		0.5286	0.5286	0.25147833	0.4697	111.9
retrieval-miss:193687000	retrieval-miss	none	D	False	False	True	0.9565	0.0204	1.87470719	0.951	109.9
easy:233815004	easy	D	D	True	False	True	0.8416	0.8416	0.033765649999999994	0.8218	104.8
none-narrower:370481004	none-narrower	none	none	True	False		0.5487	0.5487	0.32716954000000004	0.4923	107.3
none-narrower:109630002	none-narrower	none	F	False	False		0.4854	0.3534	0.6657537200000001	0.421	107.3
gold-removed:238926009	gold-removed	none	none	True	False		0.4336	0.4336	0.38713902	0.3628	179.6
hard:418763003	hard	B	B	True	True	False	0.9508	0.9508	0.002871580000000002	0.9447	109.3
hard:254771006	hard	H	H	True	True	False	0.9751	0.9751	0.0008219300000000017	0.9719	111.1
easy:254831005	easy	B	B	True	True	False	0.9362	0.9362	0.005138819999999995	0.9282	109.3
hard:371979001	hard	G	G	True	True	True	0.8403	0.8403	0.032632569999999986	0.8204	96.5
hard:60232001	hard	E	E	True	True	False	0.9356	0.9356	0.005285700000000002	0.9275	112.1
none-narrower:94695009	none-narrower	none	none	True	False		0.662	0.662	0.16967564	0.6197	92.4
none-narrower:422061002	none-narrower	none	D	False	False		0.3317	0.2882	0.6955231399999999	0.2482	93.6
retrieval-miss:65038009	retrieval-miss	none	none	True	False	True	0.6176	0.6176	0.17131305999999996	0.5698	92.3
hard:724072002	hard	H	H	True	False	True	0.8755	0.8755	0.021236140000000014	0.8599	111.4
retrieval-miss:253031000	retrieval-miss	none	A	False	False	True	0.6877	0.2213	1.0816290999999998	0.6486	118.2
easy:711164003	easy	A	A	True	True	False	0.9602	0.9602	0.001957919999999996	0.9553	176.0
easy:367542003	easy	E	E	True	True	False	0.9568	0.9568	0.002406370000000002	0.9514	121.0
easy:419645003	easy	A	A	True	True	True	0.9339	0.9339	0.0057659900000000056	0.9257	112.4
none-narrower:232402006	none-narrower	none	none	True	False		0.4402	0.4402	0.41629196000000007	0.3703	112.1
retrieval-miss:58263000	retrieval-miss	none	none	True	False	True	0.3265	0.3265	0.5400942799999999	0.2423	123.2
hard:230655004	hard	H	H	True	True	False	0.947	0.947	0.004015920000000004	0.9403	92.7
easy:721311006	easy	F	F	True	True	False	0.8658	0.8658	0.024424249999999995	0.849	121.8
hard:766756002	hard	B	B	True	True	False	0.9487	0.9487	0.0033086100000000013	0.9422	180.5
gold-removed:29248006	gold-removed	none	none	True	False		0.7533	0.7533	0.07315537000000001	0.7225	121.9
easy:82661006	easy	B	B	True	True	False	0.9499	0.9499	0.0036249600000000035	0.9436	104.8
easy:10890000	easy	G	G	True	True	False	0.8324	0.8324	0.03836178999999999	0.8115	112.3
gold-removed:715442006	gold-removed	none	none	True	False		0.6564	0.6564	0.15893508	0.6135	180.1
none-narrower:109347009	none-narrower	none	none	True	False		0.4302	0.4302	0.40583038	0.3589	107.3
easy:92169007	easy	B	B	True	True	True	0.94	0.94	0.004688950000000006	0.9325	107.1
gold-removed:719660008	gold-removed	none	none	True	False		0.8771	0.8771	0.02020705	0.8618	112.8
hard:118615008	hard	C	C	True	False	True	0.8525	0.8525	0.028465899999999995	0.8341	107.6
easy:95211004	easy	A	A	True	False	True	0.9247	0.9247	0.007328930000000005	0.9153	100.2
hard:404065000	hard	E	E	True	True	False	0.9713	0.9713	0.0010510599999999971	0.9677	108.8
retrieval-miss:126550004	retrieval-miss	none	none	True	False	True	0.7804	0.7804	0.06813038	0.7529	118.4
easy:29731002	easy	A	A	True	True	False	0.9594	0.9594	0.002125969999999998	0.9543	107.7
none-narrower:127104002	none-narrower	none	none	True	False		0.6369	0.6369	0.16178597	0.5915	118.9
hard:363425008	hard	B	B	True	True	True	0.9187	0.9187	0.008773630000000006	0.9085	112.1
hard:398670003	hard	D	D	True	True	True	0.9519	0.9519	0.0029131300000000025	0.9458	112.4
none-narrower:12011009	none-narrower	none	none	True	False		0.8571	0.8571	0.027396960000000005	0.8392	97.1
easy:274142002	easy	G	F	False	False	True	0.8644	0.0458	1.66169223	0.8475	107.3
hard:763279007	hard	F	F	True	True	True	0.9592	0.9592	0.0021262599999999957	0.954	111.2
retrieval-miss:254782003	retrieval-miss	none	none	True	False	True	0.5727	0.5727	0.27872019000000003	0.5193	119.1
hard:76976005	hard	G	G	True	True	False	0.8852	0.8852	0.017262050000000004	0.8709	99.3
none-narrower:60023006	none-narrower	none	A	False	False		0.5215	0.3052	0.7638282999999999	0.4617	107.5
hard:254976006	hard	B	B	True	True	False	0.9065	0.9065	0.010874180000000006	0.8948	111.4
none-narrower:126726004	none-narrower	none	none	True	False		0.5127	0.5127	0.29376527999999996	0.4518	118.7
gold-removed:25906001	gold-removed	none	none	True	False		0.3786	0.3786	0.52928119	0.301	104.9
none-narrower:78974003	none-narrower	none	none	True	False		0.6482	0.6482	0.18562607	0.6043	111.6
