item_id	tier	truth	pred	hit	lex_hit	ambiguous	p_top	p_truth	brier	confidence	latency_ms
hard:238898001	hard	H	H	True	True	False	0.3229	0.3229	0.5816935500000001	0.2382	26.4
hard:191201002	hard	F	F	True	True	False	0.6179	0.6179	0.17971633999999997	0.5701	25.3
hard:722006004	hard	A	A	True	True	False	0.5601	0.5601	0.23071980999999997	0.5052	26.3
hard:76642003	hard	F	F	True	True	True	0.388	0.388	0.51043315	0.3115	24.4
gold-removed:402815007	gold-removed	none	none	True	False		0.2919	0.2919	0.57659016	0.2034	26.0
easy:403980002	easy	E	E	True	True	False	0.4483	0.4483	0.37453881000000006	0.3793	25.1
gold-removed:373420004	gold-removed	none	none	True	False		0.3712	0.3712	0.45530441000000005	0.2926	110.1
easy:718610008	easy	G	G	True	True	False	0.5073	0.5073	0.30038304000000005	0.4458	99.5
hard:766759009	hard	F	F	True	False	True	0.5348	0.5348	0.29326254999999996	0.4766	25.5
easy:80281008	easy	G	G	True	True	False	0.4166	0.4166	0.4178397399999999	0.3436	24.1
easy:42601008	easy	H	A	False	True	True	0.3641	0.1059	0.9856716	0.2846	24.0
retrieval-miss:238836000	retrieval-miss	none	B	False	False	True	0.3126	0.2319	0.73240601	0.2267	103.0
easy:55647004	easy	F	none	False	False	True	0.2751	0.0559	1.04605345	0.1844	22.9
hard:124138004	hard	E	E	True	True	False	0.4723	0.4723	0.33558244000000004	0.4064	100.3
retrieval-miss:66379009	retrieval-miss	none	none	True	False	True	0.2896	0.2896	0.5972514899999999	0.2008	23.9
hard:373168002	hard	A	A	True	True	False	0.4569	0.4569	0.39874181000000003	0.389	25.3
none-narrower:846579005	none-narrower	none	E	False	False		0.2869	0.2128	0.7646395699999999	0.1978	24.2
retrieval-miss:95637005	retrieval-miss	none	F	False	False	True	0.3983	0.3171	0.6472784100000001	0.3231	24.5
gold-removed:702440000	gold-removed	none	none	True	False		0.4098	0.4098	0.43322022000000004	0.336	102.3
gold-removed:71253000	gold-removed	none	A	False	False		0.3935	0.1576	0.9049148000000001	0.3177	24.1
hard:609221008	hard	A	H	False	False	True	0.2751	0.054	1.07905468	0.1845	25.8
gold-removed:719689005	gold-removed	none	D	False	False		0.215	0.2134	0.73049862	0.1169	104.0
hard:702377007	hard	C	C	True	True	False	0.6092	0.6092	0.21071623000000006	0.5604	23.9
hard:721845005	hard	A	A	True	True	False	0.5611	0.5611	0.22824334	0.5062	100.4
easy:128105004	easy	F	F	True	True	False	0.3331	0.3331	0.5387310600000002	0.2497	99.7
hard:231472009	hard	E	E	True	True	False	0.6644	0.6644	0.13966871	0.6225	20.1
none-narrower:95795006	none-narrower	none	none	True	False		0.3067	0.3067	0.57278589	0.2201	19.9
easy:254918001	easy	C	C	True	True	False	0.4999	0.4999	0.31103344000000005	0.4374	24.7
none-narrower:91951001	none-narrower	none	D	False	False		0.3739	0.1946	0.8282218299999999	0.2957	23.3
none-narrower:307680001	none-narrower	none	A	False	False		0.3101	0.1736	0.83293956	0.2238	23.3
gold-removed:38494008	gold-removed	none	A	False	False		0.278	0.1752	0.81642836	0.1878	26.5
easy:128200000	easy	A	A	True	True	True	0.5391	0.5391	0.26665992999999993	0.4815	25.0
none-narrower:370484007	none-narrower	none	D	False	False		0.3485	0.2377	0.75555966	0.267	22.9
easy:761958009	easy	C	A	False	True	False	0.4661	0.0905	1.08835139	0.3994	24.9
easy:127004000	easy	F	F	True	False	True	0.243	0.243	0.69365085	0.1484	24.4
none-narrower:1209168005	none-narrower	none	D	False	False		0.4741	0.2179	0.8520063800000001	0.4084	24.9
hard:253000007	hard	B	B	True	True	True	0.5357	0.5357	0.25908382	0.4776	26.2
retrieval-miss:234961008	retrieval-miss	none	A	False	False	True	0.2323	0.1845	0.78054148	0.1363	25.4
none-narrower:34485008	none-narrower	none	none	True	False		0.2673	0.2673	0.63088745	0.1758	25.3
hard:403986008	hard	G	G	True	True	False	0.6168	0.6168	0.19088926	0.5689	25.1
none-narrower:1177179002	none-narrower	none	A	False	False		0.578	0.1177	1.1429842799999999	0.5252	106.1
none-narrower:1222677008	none-narrower	none	A	False	False		0.6601	0.134	1.1987740199999999	0.6176	24.5
hard:95268002	hard	B	B	True	True	True	0.4648	0.4648	0.35190034000000003	0.3979	24.1
none-narrower:1306747001	none-narrower	none	B	False	False		0.642	0.0914	1.25582291	0.5972	104.0
easy:702359002	easy	A	A	True	True	True	0.6366	0.6366	0.16478457999999996	0.5912	24.6
hard:715817007	hard	A	A	True	True	False	0.631	0.631	0.17631826	0.5849	26.0
none-narrower:198336007	none-narrower	none	C	False	False		0.3407	0.2687	0.68814891	0.2583	24.0
hard:254916002	hard	C	E	False	False	True	0.2602	0.0419	1.07611465	0.1677	106.4
easy:237249000	easy	G	G	True	True	False	0.5244	0.5244	0.29007204000000003	0.4649	24.6
retrieval-miss:19968009	retrieval-miss	none	F	False	False	True	0.2979	0.2919	0.63995452	0.2101	20.4
gold-removed:48245008	gold-removed	none	none	True	False		0.3815	0.3815	0.44226228000000006	0.3042	22.6
hard:458422009	hard	B	B	True	True	False	0.4007	0.4007	0.5447527699999999	0.3258	24.0
easy:21848000	easy	C	C	True	True	False	0.4587	0.4587	0.35057987	0.3911	24.1
retrieval-miss:73856006	retrieval-miss	none	E	False	False	True	0.2601	0.163	0.85053282	0.1676	24.9
hard:724015007	hard	H	H	True	True	False	0.6011	0.6011	0.19614645	0.5512	24.2
none-narrower:733598001	none-narrower	none	H	False	False		0.5438	0.1253	1.09680947	0.4868	105.8
hard:449730005	hard	H	H	True	True	False	0.5243	0.5243	0.29697104	0.4648	24.6
hard:88037009	hard	D	D	True	True	False	0.3269	0.3269	0.5719651900000001	0.2428	23.8
gold-removed:44917000	gold-removed	none	A	False	False		0.58	0.2289	0.9406458500000001	0.5275	24.0
none-narrower:688931000119106	none-narrower	none	H	False	False		0.4348	0.1046	1.0271610199999999	0.3641	25.6
hard:87074006	hard	C	C	True	True	False	0.7551	0.7551	0.08056507	0.7245	24.7
retrieval-miss:105668007	retrieval-miss	none	none	True	False	True	0.2902	0.2902	0.61674323	0.2015	23.1
easy:277571004	easy	C	C	True	True	True	0.5755	0.5755	0.23795180999999993	0.5224	25.9
hard:239144007	hard	G	G	True	False	True	0.3665	0.3665	0.48911995999999985	0.2873	107.9
easy:10301003	easy	C	C	True	True	False	0.6175	0.6175	0.17714799999999994	0.5697	24.6
retrieval-miss:400022009	retrieval-miss	none	H	False	False	True	0.2884	0.1828	0.8051442400000001	0.1995	24.6
easy:406506008	easy	B	G	False	False	True	0.5713	0.0629	1.2631020200000003	0.5177	23.4
none-narrower:196853004	none-narrower	none	C	False	False		0.3457	0.2977	0.6465161399999999	0.2639	23.0
none-narrower:1197308005	none-narrower	none	D	False	False		0.3414	0.1972	0.8227371499999999	0.2591	26.1
retrieval-miss:7231009	retrieval-miss	none	none	True	False	True	0.4027	0.4027	0.4146619899999999	0.328	22.7
hard:238772004	hard	D	D	True	True	False	0.7244	0.7244	0.09421920999999997	0.69	24.2
hard:241774007	hard	D	D	True	True	False	0.8424	0.8424	0.036452169999999985	0.8227	106.0
easy:60750009	easy	A	A	True	False	True	0.2597	0.2597	0.64244781	0.1671	24.0
none-narrower:700289000	none-narrower	none	none	True	False		0.2675	0.2675	0.6309082899999998	0.1759	22.6
none-narrower:20833001	none-narrower	none	none	True	False		0.228	0.228	0.6828685000000001	0.1315	24.8
hard:254693008	hard	E	E	True	True	False	0.8493	0.8493	0.03347958999999998	0.8305	24.1
gold-removed:22607003	gold-removed	none	none	True	False		0.6036	0.6036	0.18015867	0.554	19.6
easy:111227009	easy	F	A	False	False	True	0.3147	0.311	0.61886348	0.2291	24.5
hard:699256006	hard	A	B	False	False	True	0.5992	0.057	1.2910126399999997	0.5491	25.1
none-narrower:89764009	none-narrower	none	none	True	False		0.4003	0.4003	0.44804378	0.3254	23.1
hard:93827000	hard	H	D	False	True	True	0.2289	0.1559	0.849919	0.1325	24.7
none-narrower:448372003	none-narrower	none	D	False	False		0.4746	0.2033	0.8796940599999999	0.409	26.0
easy:733096007	easy	A	A	True	True	False	0.6908	0.6908	0.12588336000000003	0.6521	26.0
easy:254099008	easy	B	B	True	True	False	0.7603	0.7603	0.07189514	0.7303	108.7
hard:763375003	hard	E	E	True	True	False	0.579	0.579	0.22001282000000003	0.5264	96.5
gold-removed:238719003	gold-removed	none	none	True	False		0.3842	0.3842	0.46719009	0.3072	24.9
easy:238049009	easy	F	none	False	True	False	0.2892	0.2822	0.62970725	0.2004	101.8
easy:439143004	easy	B	B	True	True	True	0.7161	0.7161	0.10374738	0.6806	96.9
hard:722004001	hard	E	E	True	True	True	0.8556	0.8556	0.02984714999999999	0.8375	99.0
retrieval-miss:58112007	retrieval-miss	none	H	False	False	True	0.4375	0.2417	0.8002383799999999	0.3671	24.6
easy:765190005	easy	D	D	True	False	True	0.8182	0.8182	0.04438896999999999	0.7955	25.4
retrieval-miss:34000006	retrieval-miss	none	H	False	False	True	0.5461	0.1869	0.9715853099999998	0.4893	22.9
hard:28783002	hard	B	B	True	False	True	0.6414	0.6414	0.16883631000000007	0.5966	22.7
hard:711482008	hard	D	D	True	True	True	0.4631	0.4631	0.38074518999999996	0.3959	25.2
easy:92021007	easy	F	F	True	True	True	0.4899	0.4899	0.3456744399999999	0.4261	24.9
gold-removed:239066003	gold-removed	none	none	True	False		0.2527	0.2527	0.66528642	0.1593	106.1
retrieval-miss:720830009	retrieval-miss	none	E	False	False	True	0.4437	0.0955	1.08143476	0.3742	25.8
easy:203468000	easy	E	E	True	True	False	0.7721	0.7721	0.08186515999999999	0.7436	24.5
none-narrower:340671000119102	none-narrower	none	G	False	False		0.5714	0.2009	0.9795634900000001	0.5178	24.3
easy:95656000	easy	G	E	False	True	True	0.4013	0.3998	0.5288817200000001	0.3264	24.2
none-narrower:723610009	none-narrower	none	F	False	False		0.6985	0.122	1.26447652	0.6608	24.7
hard:707427000	hard	B	B	True	True	False	0.4548	0.4548	0.34590620000000005	0.3867	103.6
hard:41720003	hard	F	F	True	True	False	0.6053	0.6053	0.19643088000000009	0.5559	20.0
retrieval-miss:44086001	retrieval-miss	none	none	True	False	True	0.3346	0.3346	0.51759128	0.2514	24.5
easy:58258004	easy	H	H	True	True	True	0.3188	0.3188	0.53549079	0.2337	99.3
retrieval-miss:45894003	retrieval-miss	none	none	True	False	True	0.3944	0.3944	0.42932561	0.3187	24.5
hard:720987001	hard	E	E	True	True	False	0.64	0.64	0.16912177999999997	0.595	25.8
hard:23414001	hard	F	F	True	False	True	0.2868	0.2868	0.60633597	0.1977	24.5
hard:12546009	hard	A	F	False	False	True	0.522	0.2204	0.8976688499999999	0.4623	25.3
none-narrower:1142319002	none-narrower	none	none	True	False		0.4713	0.4713	0.33007405999999995	0.4053	24.6
easy:77252004	easy	H	H	True	True	False	0.6988	0.6988	0.11933920000000002	0.6611	22.9
hard:254146000	hard	G	B	False	False	True	0.6744	0.1252	1.2399075400000001	0.6337	24.8
easy:193683001	easy	F	F	True	True	False	0.2599	0.2599	0.6535681799999998	0.1674	25.4
retrieval-miss:715369006	retrieval-miss	none	none	True	False	True	0.2729	0.2729	0.6258685500000002	0.182	102.3
easy:733521003	easy	D	D	True	True	False	0.7416	0.7416	0.08638859999999997	0.7093	98.0
hard:723444009	hard	D	D	True	True	True	0.5915	0.5915	0.21225262	0.5405	100.4
retrieval-miss:187741001	retrieval-miss	none	F	False	False	True	0.4518	0.2185	0.8386472199999999	0.3833	23.7
easy:715727009	easy	G	G	True	True	False	0.8446	0.8446	0.03891053999999999	0.8252	25.5
easy:724349009	easy	F	F	True	True	False	0.4198	0.4198	0.5191134700000001	0.3473	101.0
hard:68528007	hard	E	A	False	False	True	0.3567	0.2488	0.72922056	0.2763	25.9
retrieval-miss:265377002	retrieval-miss	none	none	True	False	True	0.2902	0.2902	0.5872462900000001	0.2015	23.9
none-narrower:770728003	none-narrower	none	A	False	False		0.6716	0.1591	1.1633770799999998	0.6306	24.6
hard:43647007	hard	E	E	True	False	True	0.6692	0.6692	0.15026899	0.6279	24.3
easy:763867001	easy	E	E	True	True	False	0.6968	0.6968	0.12143863000000002	0.6589	101.7
hard:93255008	hard	H	H	True	True	True	0.35	0.35	0.5171698100000001	0.2688	24.6
gold-removed:725286002	gold-removed	none	none	True	False		0.2854	0.2854	0.62492431	0.196	99.5
none-narrower:406571004	none-narrower	none	F	False	False		0.2765	0.249	0.70003988	0.1861	24.0
retrieval-miss:445918001	retrieval-miss	none	none	True	False	True	0.3352	0.3352	0.52778206	0.2521	22.9
none-narrower:241897004	none-narrower	none	H	False	False		0.2835	0.1814	0.8078068899999999	0.194	25.2
none-narrower:197819009	none-narrower	none	none	True	False		0.5785	0.5785	0.20539177	0.5258	24.0
gold-removed:764958008	gold-removed	none	none	True	False		0.222	0.222	0.7079848000000001	0.1247	99.6
easy:186807008	easy	H	H	True	True	False	0.533	0.533	0.27945481	0.4746	95.6
easy:56625005	easy	F	F	True	True	True	0.729	0.729	0.11738921000000002	0.6952	23.7
hard:254124008	hard	F	A	False	True	False	0.2566	0.2188	0.72706014	0.1637	22.9
gold-removed:410052008	gold-removed	none	none	True	False		0.3596	0.3596	0.4715016400000001	0.2796	104.8
hard:719455002	hard	E	E	True	True	False	0.8222	0.8222	0.040752039999999976	0.8	24.7
hard:37373007	hard	H	H	True	True	False	0.4636	0.4636	0.38330232999999997	0.3965	23.1
easy:92464009	easy	A	A	True	True	False	0.6623	0.6623	0.14815504999999998	0.62	24.8
easy:712750007	easy	E	E	True	False	True	0.3073	0.3073	0.58149917	0.2207	24.1
gold-removed:271532008	gold-removed	none	C	False	False		0.3777	0.3045	0.64221589	0.2999	23.9
none-narrower:1156772007	none-narrower	none	E	False	False		0.6407	0.128	1.1826140299999999	0.5958	20.5
gold-removed:193177003	gold-removed	none	A	False	False		0.3089	0.2274	0.7387655599999998	0.2225	24.2
hard:719972004	hard	H	H	True	True	False	0.7662	0.7662	0.07386439	0.737	26.2
hard:239065004	hard	C	D	False	False	True	0.3919	0.1917	0.8584475500000001	0.3159	108.2
hard:720816004	hard	H	H	True	False	True	0.7068	0.7068	0.11652293000000001	0.6701	25.6
gold-removed:68216000	gold-removed	none	none	True	False		0.2851	0.2851	0.59916136	0.1957	24.6
easy:111323005	easy	G	G	True	True	False	0.4063	0.4063	0.50068701	0.3321	25.7
easy:363428005	easy	G	G	True	True	True	0.4644	0.4644	0.36394975000000007	0.3975	24.7
easy:733599009	easy	B	B	True	False	True	0.3051	0.3051	0.6110496200000001	0.2182	107.7
easy:360525006	easy	D	none	False	True	True	0.258	0.1744	0.8205529399999999	0.1652	24.5
easy:126865007	easy	H	C	False	True	False	0.307	0.2129	0.7678161600000001	0.2204	24.5
easy:50749006	easy	B	B	True	True	False	0.8707	0.8707	0.027402389999999992	0.8545	99.8
easy:13468005	easy	G	none	False	True	False	0.2327	0.1689	0.8208768799999999	0.1368	23.9
gold-removed:724274009	gold-removed	none	B	False	False		0.7018	0.1541	1.21240661	0.6645	99.0
none-narrower:1269177007	none-narrower	none	C	False	False		0.7486	0.1613	1.2664518900000001	0.7172	24.3
hard:715735007	hard	B	B	True	True	False	0.7217	0.7217	0.10489219999999999	0.6869	26.2
hard:720812002	hard	B	B	True	False	True	0.7328	0.7328	0.09617544	0.6994	25.5
none-narrower:1258980000	none-narrower	none	none	True	False		0.2588	0.2588	0.6578430300000001	0.1661	22.9
hard:38528001	hard	H	H	True	True	False	0.7761	0.7761	0.07824566	0.7481	24.2
easy:237941007	easy	F	F	True	True	False	0.7171	0.7171	0.11219937000000002	0.6818	100.0
hard:15084002	hard	B	B	True	True	False	0.2511	0.2511	0.6702143100000001	0.1575	97.6
easy:6118003	easy	F	F	True	True	False	0.5301	0.5301	0.28975251	0.4714	24.1
none-narrower:240775001	none-narrower	none	E	False	False		0.4776	0.2094	0.8779558000000001	0.4123	23.9
hard:231996009	hard	H	H	True	True	False	0.4337	0.4337	0.38084708	0.3629	24.0
easy:255037004	easy	G	G	True	True	False	0.3398	0.3398	0.568189	0.2572	25.5
retrieval-miss:111865007	retrieval-miss	none	none	True	False	True	0.3119	0.3119	0.5467249399999998	0.2259	22.9
none-narrower:722692009	none-narrower	none	none	True	False		0.2746	0.2746	0.6734326	0.1839	24.1
easy:42399005	easy	E	A	False	True	False	0.4256	0.125	1.02033389	0.3538	24.2
retrieval-miss:86422009	retrieval-miss	none	none	True	False	True	0.5185	0.5185	0.38565384999999996	0.4583	24.7
retrieval-miss:249491000119100	retrieval-miss	none	none	True	False	True	0.3479	0.3479	0.49904761000000003	0.2664	19.8
hard:404014008	hard	F	none	False	True	True	0.2485	0.1437	0.88554763	0.1545	26.1
easy:83586000	easy	A	A	True	False	True	0.563	0.563	0.23937191000000008	0.5084	25.4
none-narrower:200968006	none-narrower	none	A	False	False		0.6099	0.1751	1.0597807899999998	0.5611	23.3
none-narrower:699700006	none-narrower	none	A	False	False		0.2701	0.1643	0.83022533	0.1789	25.0
hard:78494001	hard	A	A	True	True	False	0.4279	0.4279	0.40918916	0.3563	24.4
hard:716648006	hard	D	D	True	True	True	0.4164	0.4164	0.41129668999999996	0.3435	26.0
gold-removed:127027008	gold-removed	none	none	True	False		0.3904	0.3904	0.44038674999999994	0.3143	25.0
hard:111806005	hard	D	D	True	True	True	0.6179	0.6179	0.19002675000000002	0.5701	24.1
retrieval-miss:69015003	retrieval-miss	none	none	True	False	True	0.2864	0.2864	0.6120917300000001	0.1972	24.5
hard:441574008	hard	B	B	True	True	False	0.3588	0.3588	0.49135929999999994	0.2787	23.0
gold-removed:400006008	gold-removed	none	A	False	False		0.2995	0.2007	0.7795766000000001	0.212	24.4
easy:371486001	easy	D	B	False	False	True	0.4046	0.1705	0.90040398	0.3301	24.3
none-narrower:271700006	none-narrower	none	none	True	False		0.2094	0.2094	0.71789881	0.1105	26.1
hard:277508009	hard	E	C	False	True	True	0.321	0.1981	0.80748569	0.2361	24.9
easy:187059008	easy	F	F	True	False	True	0.4714	0.4714	0.35335294999999994	0.4053	24.4
retrieval-miss:763616002	retrieval-miss	none	none	True	False	True	0.3331	0.3331	0.5285990700000001	0.2498	109.2
hard:205306000	hard	G	G	True	False	True	0.3752	0.3752	0.48739356	0.297	20.4
gold-removed:48241004	gold-removed	none	A	False	False		0.3807	0.2596	0.7361162499999999	0.3033	22.9
gold-removed:707379000	gold-removed	none	F	False	False		0.2966	0.2188	0.7455193	0.2087	25.5
easy:192976002	easy	G	G	True	True	False	0.4501	0.4501	0.36251852	0.3813	25.0
gold-removed:15250008	gold-removed	none	F	False	False		0.2534	0.1939	0.79309516	0.1601	23.8
none-narrower:1167373005	none-narrower	none	B	False	False		0.7785	0.1142	1.3934006600000002	0.7509	24.1
none-narrower:16320831000119100	none-narrower	none	G	False	False		0.3363	0.1981	0.8084544800000001	0.2533	24.7
hard:371965009	hard	B	E	False	True	True	0.2831	0.1879	0.7964898600000001	0.1935	24.2
retrieval-miss:82077006	retrieval-miss	none	none	True	False	True	0.2341	0.2341	0.68715529	0.1384	25.1
retrieval-miss:723821002	retrieval-miss	none	none	True	False	True	0.2986	0.2986	0.5776592	0.2109	112.2
none-narrower:195680000	none-narrower	none	H	False	False		0.3635	0.1812	0.8620372599999999	0.284	24.3
none-narrower:239721001	none-narrower	none	none	True	False		0.4298	0.4298	0.39857332000000006	0.3585	22.9
easy:269469005	easy	H	H	True	True	True	0.3969	0.3969	0.44351806	0.3215	25.9
easy:126881002	easy	G	G	True	True	False	0.2846	0.2846	0.6240078400000001	0.1952	24.1
easy:363385007	easy	F	D	False	True	True	0.2306	0.1692	0.82000502	0.1344	24.2
hard:89142007	hard	B	B	True	True	False	0.6107	0.6107	0.19191264	0.5621	24.2
none-narrower:1157157006	none-narrower	none	E	False	False		0.5033	0.1454	1.02831494	0.4412	107.2
hard:95797003	hard	A	A	True	True	False	0.6024	0.6024	0.18851896999999995	0.5527	20.5
easy:449790007	easy	F	F	True	True	False	0.3943	0.3943	0.43020424	0.3186	19.6
none-narrower:402387002	none-narrower	none	B	False	False		0.2492	0.226	0.72736476	0.1553	24.7
easy:45170000	easy	E	B	False	True	True	0.3476	0.2623	0.7017839500000002	0.2661	101.8
easy:60555002	easy	E	E	True	False	True	0.5403	0.5403	0.26798726999999994	0.4828	97.7
easy:26029002	easy	A	A	True	True	True	0.8225	0.8225	0.04221009	0.8003	25.2
easy:44729001	easy	C	C	True	False	True	0.7251	0.7251	0.10146473000000003	0.6907	20.1
easy:109492001	easy	D	D	True	True	False	0.3725	0.3725	0.4715590099999999	0.294	22.9
easy:66071002	easy	E	E	True	False	True	0.5894	0.5894	0.20352027999999997	0.5381	23.6
easy:5602001	easy	A	none	False	True	True	0.3065	0.2476	0.74112327	0.2198	23.0
easy:720603002	easy	C	C	True	True	False	0.7847	0.7847	0.058952940000000016	0.7578	102.3
retrieval-miss:263225007	retrieval-miss	none	none	True	False	True	0.3329	0.3329	0.54747345	0.2495	24.0
easy:68272006	easy	H	H	True	True	True	0.6307	0.6307	0.17553478999999997	0.5845	22.5
retrieval-miss:124646004	retrieval-miss	none	A	False	False	True	0.4189	0.3102	0.6655992599999999	0.3463	24.8
easy:766992008	easy	D	none	False	False	True	0.3036	0.3002	0.6241240399999999	0.2166	25.0
retrieval-miss:118601006	retrieval-miss	none	A	False	False	True	0.7344	0.0984	1.3588166799999999	0.7012	102.2
easy:126736007	easy	G	G	True	True	False	0.4646	0.4646	0.3600121799999999	0.3976	24.5
hard:414029004	hard	C	C	True	False	True	0.4626	0.4626	0.35463749	0.3954	23.6
gold-removed:720639008	gold-removed	none	G	False	False		0.2668	0.156	0.8750374399999999	0.1752	24.5
easy:68633000	easy	H	E	False	False	True	0.2488	0.2317	0.7364802500000001	0.1549	20.2
easy:92559007	easy	H	H	True	True	False	0.7246	0.7246	0.09752823	0.6902	23.8
none-narrower:1179296003	none-narrower	none	B	False	False		0.7659	0.11	1.38140721	0.7366	26.1
none-narrower:1003324007	none-narrower	none	G	False	False		0.4941	0.177	0.9421344899999999	0.4308	23.0
hard:84438001	hard	H	H	True	True	False	0.7205	0.7205	0.10342939	0.6856	25.7
hard:718850008	hard	G	G	True	True	False	0.6786	0.6786	0.14025452	0.6384	104.6
easy:400171002	easy	B	B	True	False	True	0.7881	0.7881	0.061340619999999985	0.7616	24.0
none-narrower:312157006	none-narrower	none	none	True	False		0.2838	0.2838	0.5948899399999998	0.1943	23.7
hard:880065001	hard	D	D	True	True	True	0.4309	0.4309	0.47789854	0.3597	26.2
none-narrower:298591003	none-narrower	none	B	False	False		0.4199	0.2471	0.7702637	0.3474	23.7
easy:425657001	easy	C	C	True	False	True	0.4565	0.4565	0.35545704	0.3886	103.8
easy:303063000	easy	D	D	True	False	True	0.2196	0.2196	0.7299076499999999	0.122	24.6
easy:195889001	easy	B	B	True	True	False	0.5181	0.5181	0.29735316	0.4578	24.2
hard:93929003	hard	C	G	False	True	False	0.3514	0.1548	0.90361609	0.2704	24.0
easy:34736002	easy	H	H	True	True	False	0.7342	0.7342	0.10408006000000002	0.7009	24.4
none-narrower:433891000124100	none-narrower	none	E	False	False		0.3032	0.2739	0.67772557	0.2161	22.6
none-narrower:8442000	none-narrower	none	none	True	False		0.3364	0.3364	0.51218069	0.2535	23.8
none-narrower:722529000	none-narrower	none	none	True	False		0.3105	0.3105	0.55436328	0.2243	104.5
gold-removed:763713000	gold-removed	none	none	True	False		0.5016	0.5016	0.36457187999999996	0.4394	24.2
retrieval-miss:74333002	retrieval-miss	none	none	True	False	True	0.3624	0.3624	0.48613161999999993	0.2827	25.9
gold-removed:14756005	gold-removed	none	none	True	False		0.4144	0.4144	0.44386446	0.3412	20.8
none-narrower:866097000	none-narrower	none	G	False	False		0.5932	0.1404	1.10388815	0.5424	24.7
hard:61758007	hard	E	E	True	True	True	0.5559	0.5559	0.25504463000000005	0.5004	25.7
none-narrower:124141008	none-narrower	none	B	False	False		0.2574	0.1701	0.8306019599999999	0.1646	97.9
none-narrower:823019007	none-narrower	none	none	True	False		0.4164	0.4164	0.40671412	0.3435	25.7
hard:733454004	hard	B	B	True	True	False	0.8078	0.8078	0.04908064000000002	0.7838	98.4
retrieval-miss:128060009	retrieval-miss	none	none	True	False	True	0.3626	0.3626	0.46894914	0.2829	22.8
hard:31993003	hard	A	D	False	True	False	0.3911	0.1622	0.89686173	0.315	24.4
none-narrower:767031008	none-narrower	none	none	True	False		0.2466	0.2466	0.6759706799999999	0.1525	26.0
hard:442917000	hard	A	A	True	True	True	0.4837	0.4837	0.38533967999999996	0.4191	24.5
hard:238031009	hard	A	A	True	True	False	0.429	0.429	0.39923403	0.3576	25.3
easy:238014002	easy	F	F	True	True	False	0.5554	0.5554	0.26228334	0.4998	26.3
none-narrower:1196829000	none-narrower	none	D	False	False		0.4144	0.1062	1.0758160700000001	0.3412	24.3
hard:232049001	hard	B	B	True	False	True	0.3506	0.3506	0.5214119599999999	0.2694	25.9
easy:363380002	easy	F	F	True	False	True	0.3388	0.3388	0.5287724	0.2562	25.1
hard:78975002	hard	E	E	True	True	True	0.6161	0.6161	0.18539529999999999	0.5681	20.0
gold-removed:254631008	gold-removed	none	none	True	False		0.3182	0.3182	0.55232898	0.2329	25.8
hard:92047003	hard	D	D	True	False	True	0.5816	0.5816	0.21674179	0.5293	24.5
easy:240104008	easy	D	G	False	False	True	0.4268	0.1136	1.0111215	0.3552	24.4
easy:230552007	easy	E	D	False	True	True	0.2255	0.2023	0.75313868	0.1286	111.6
easy:9824006	easy	H	H	True	True	False	0.4235	0.4235	0.404382	0.3515	22.8
hard:718189004	hard	E	E	True	True	False	0.6674	0.6674	0.14824558	0.6258	24.1
retrieval-miss:26715006	retrieval-miss	none	G	False	False	True	0.2412	0.2371	0.6936376900000001	0.1463	23.8
hard:402792003	hard	F	A	False	True	False	0.1999	0.1462	0.8509586599999999	0.0999	24.3
retrieval-miss:123953004	retrieval-miss	none	A	False	False	True	0.4248	0.2229	0.80344066	0.3529	24.8
hard:22841008	hard	G	G	True	True	False	0.302	0.302	0.5719275899999999	0.2148	25.0
easy:91521000119104	easy	H	H	True	True	False	0.3477	0.3477	0.53418901	0.2661	24.4
easy:720408003	easy	H	H	True	True	False	0.5308	0.5308	0.2688597299999999	0.4722	26.1
easy:85828009	easy	E	E	True	True	False	0.3134	0.3134	0.58317561	0.2275	24.3
easy:718609003	easy	A	A	True	True	False	0.6545	0.6545	0.14805221000000002	0.6114	107.4
hard:406446000	hard	B	none	False	True	False	0.3196	0.0612	1.0589905199999998	0.2346	24.5
gold-removed:404663008	gold-removed	none	A	False	False		0.2988	0.2013	0.76783619	0.2112	22.8
easy:39452003	easy	G	G	True	True	False	0.3913	0.3913	0.46085254	0.3152	22.9
hard:187716008	hard	C	C	True	False	True	0.4015	0.4015	0.46985405000000013	0.3267	24.8
easy:93390002	easy	E	G	False	True	True	0.2588	0.2316	0.73560096	0.1662	24.2
easy:41309000	easy	F	F	True	True	True	0.5224	0.5224	0.28845781000000004	0.4627	24.4
none-narrower:1306315009	none-narrower	none	none	True	False		0.4191	0.4191	0.40287424	0.3465	23.9
gold-removed:237714006	gold-removed	none	none	True	False		0.3577	0.3577	0.4854884199999999	0.2774	23.2
easy:721221000	easy	G	G	True	False	True	0.679	0.679	0.13498738999999996	0.6389	26.4
none-narrower:16039791000119101	none-narrower	none	F	False	False		0.2153	0.2059	0.75498293	0.1172	23.2
gold-removed:718909001	gold-removed	none	A	False	False		0.3091	0.2163	0.7475966800000001	0.2227	106.0
hard:79586000	hard	B	B	True	True	False	0.5401	0.5401	0.27546336	0.4826	24.0
retrieval-miss:722429003	retrieval-miss	none	none	True	False	True	0.3712	0.3712	0.45712107	0.2926	102.8
easy:205346006	easy	A	none	False	False	True	0.2584	0.1378	0.89874903	0.1657	20.8
hard:363393007	hard	D	D	True	True	True	0.4839	0.4839	0.34876513000000003	0.4193	24.5
none-narrower:234376007	none-narrower	none	G	False	False		0.2752	0.2254	0.7328369899999999	0.1846	24.1
easy:609580007	easy	H	C	False	True	True	0.5382	0.1666	1.0104512600000002	0.4804	24.8
easy:725904009	easy	H	H	True	True	False	0.5539	0.5539	0.29882039000000005	0.4981	106.6
hard:702417004	hard	H	H	True	True	False	0.6167	0.6167	0.19658916999999998	0.5688	26.0
retrieval-miss:412787009	retrieval-miss	none	D	False	False	True	0.4222	0.1245	1.06541078	0.35	25.5
hard:29504002	hard	D	E	False	False	True	0.5005	0.0537	1.19391436	0.4381	25.9
hard:45781009	hard	D	none	False	False	True	0.3727	0.3288	0.60700322	0.2943	24.7
none-narrower:698947004	none-narrower	none	none	True	False		0.3026	0.3026	0.57810289	0.2154	21.9
easy:716660007	easy	A	A	True	False	True	0.5029	0.5029	0.36551945999999996	0.4408	101.3
hard:711499009	hard	C	C	True	True	False	0.8297	0.8297	0.0359055	0.8084	22.6
none-narrower:230538005	none-narrower	none	F	False	False		0.4607	0.2454	0.8043122599999999	0.3933	24.6
none-narrower:1231182008	none-narrower	none	E	False	False		0.6733	0.1353	1.21152091	0.6325	25.6
none-narrower:200964008	none-narrower	none	A	False	False		0.5456	0.19	0.9665063200000001	0.4888	24.8
none-narrower:81557008	none-narrower	none	H	False	False		0.3049	0.2092	0.76214016	0.218	22.8
hard:403938001	hard	E	F	False	False	True	0.2372	0.1651	0.82999977	0.1419	26.0
hard:254164007	hard	E	E	True	True	True	0.3279	0.3279	0.5392448999999999	0.2439	26.2
easy:95588004	easy	D	D	True	True	True	0.2822	0.2822	0.60826521	0.1925	24.1
none-narrower:238991008	none-narrower	none	H	False	False		0.4977	0.2868	0.7681504	0.4349	23.2
easy:699649006	easy	F	F	True	False	True	0.4026	0.4026	0.4500045399999999	0.3279	24.3
hard:438583008	hard	H	C	False	False	True	0.3374	0.0771	1.04392929	0.2546	20.5
hard:128272009	hard	H	H	True	True	True	0.5139	0.5139	0.30216866	0.4531	22.9
hard:37246009	hard	G	G	True	False	True	0.3622	0.3622	0.5123640699999998	0.2824	23.0
hard:724384008	hard	C	C	True	True	False	0.8269	0.8269	0.03900680000000001	0.8053	26.1
gold-removed:715428003	gold-removed	none	none	True	False		0.336	0.336	0.51428645	0.253	24.5
easy:719210007	easy	F	F	True	True	False	0.7715	0.7715	0.06845118000000001	0.7429	106.7
easy:402700001	easy	G	none	False	True	False	0.2585	0.2391	0.70334413	0.1658	23.0
gold-removed:416707008	gold-removed	none	B	False	False		0.2731	0.2113	0.7437655	0.1822	25.8
easy:240450004	easy	E	E	True	True	True	0.6246	0.6246	0.17807335999999996	0.5777	25.8
retrieval-miss:78868004	retrieval-miss	none	H	False	False	True	0.2885	0.1646	0.86368539	0.1996	23.8
retrieval-miss:237983002	retrieval-miss	none	none	True	False	True	0.3372	0.3372	0.5570482400000001	0.2544	102.6
none-narrower:1373027001	none-narrower	none	none	True	False		0.2871	0.2871	0.58854842	0.198	23.7
hard:122811000119101	hard	A	A	True	True	True	0.8	0.8	0.05290541999999998	0.775	24.0
easy:237822008	easy	C	B	False	True	True	0.3035	0.2962	0.62626185	0.2164	23.7
easy:16026008	easy	D	A	False	True	False	0.4961	0.0615	1.2008006999999998	0.4332	26.4
gold-removed:763366000	gold-removed	none	G	False	False		0.5494	0.2759	0.8309446899999999	0.4931	25.6
hard:126872008	hard	F	F	True	False	True	0.3432	0.3432	0.5209357900000001	0.2611	24.5
hard:82275008	hard	B	B	True	True	False	0.8055	0.8055	0.04971660000000001	0.7812	25.5
hard:40178009	hard	E	E	True	True	False	0.6828	0.6828	0.12520287000000002	0.6431	24.1
hard:442348004	hard	G	G	True	True	False	0.7205	0.7205	0.09765671	0.6855	24.1
retrieval-miss:57436000	retrieval-miss	none	none	True	False	True	0.2742	0.2742	0.63408156	0.1835	22.7
easy:230381009	easy	E	E	True	True	False	0.4946	0.4946	0.30731821000000015	0.4315	25.6
retrieval-miss:254923001	retrieval-miss	none	E	False	False	True	0.4065	0.2111	0.8330096199999999	0.3323	24.7
hard:229706001	hard	H	H	True	False	True	0.5062	0.5062	0.30062991	0.4444	107.3
hard:765748009	hard	D	D	True	True	True	0.5063	0.5063	0.30682131	0.4445	24.6
none-narrower:237663000	none-narrower	none	none	True	False		0.424	0.424	0.4217739100000001	0.352	24.7
gold-removed:9014002	gold-removed	none	none	True	False		0.3784	0.3784	0.4360974099999999	0.3007	23.1
hard:722859001	hard	H	H	True	True	False	0.7735	0.7735	0.06716541000000001	0.7452	24.8
hard:190502001	hard	G	E	False	False	True	0.2865	0.2512	0.71681635	0.1974	25.7
hard:56905009	hard	B	B	True	True	False	0.6825	0.6825	0.14273436	0.6428	23.1
easy:23205009	easy	C	C	True	True	False	0.7221	0.7221	0.09490915000000003	0.6874	23.2
hard:13600006	hard	B	B	True	True	False	0.6043	0.6043	0.19531568000000005	0.5548	25.0
none-narrower:399044006	none-narrower	none	E	False	False		0.4276	0.2965	0.70658146	0.356	25.1
hard:707234001	hard	G	G	True	True	False	0.5487	0.5487	0.25400393000000004	0.4923	25.1
retrieval-miss:124343001	retrieval-miss	none	A	False	False	True	0.3974	0.1953	0.8332978499999999	0.3221	25.6
hard:129104009	hard	C	C	True	False	True	0.37	0.37	0.49327814000000003	0.2912	20.6
easy:230500006	easy	F	F	True	True	True	0.3297	0.3297	0.5504637	0.2459	25.2
none-narrower:10752601000119104	none-narrower	none	D	False	False		0.4809	0.2721	0.7738524499999999	0.4161	25.7
easy:763069002	easy	G	G	True	True	False	0.6219	0.6219	0.18134713	0.5747	107.0
hard:240062007	hard	E	E	True	True	True	0.5527	0.5527	0.23070799	0.4968	23.2
none-narrower:202674000	none-narrower	none	none	True	False		0.287	0.287	0.5966308400000001	0.1978	20.0
retrieval-miss:45414006	retrieval-miss	none	none	True	False	True	0.2608	0.2608	0.6471139100000001	0.1684	24.8
hard:702344008	hard	D	D	True	True	True	0.7872	0.7872	0.057879509999999995	0.7606	24.9
easy:764100007	easy	A	A	True	True	False	0.8101	0.8101	0.05448546999999998	0.7864	24.9
easy:386810004	easy	A	A	True	True	False	0.7631	0.7631	0.07584918	0.7335	22.2
retrieval-miss:57119000	retrieval-miss	none	none	True	False	True	0.337	0.337	0.5051174300000001	0.2541	108.4
easy:254666005	easy	B	A	False	True	True	0.3196	0.1646	0.87218178	0.2346	24.2
hard:398102009	hard	A	A	True	True	False	0.5919	0.5919	0.21297941	0.5409	25.7
retrieval-miss:275498002	retrieval-miss	none	none	True	False	True	0.3181	0.3181	0.5850983399999999	0.2328	23.8
gold-removed:445014002	gold-removed	none	none	True	False		0.1763	0.1763	0.77870772	0.0733	108.1
none-narrower:703279003	none-narrower	none	none	True	False		0.2502	0.2502	0.64657073	0.1565	20.0
easy:87696004	easy	B	B	True	True	False	0.5507	0.5507	0.25524529000000007	0.4946	22.6
easy:268232000	easy	H	H	True	True	False	0.3817	0.3817	0.46329109000000007	0.3044	23.0
hard:48723006	hard	E	E	True	True	True	0.359	0.359	0.53024991	0.2789	23.1
easy:41565005	easy	G	G	True	True	False	0.4427	0.4427	0.38198657	0.373	23.2
hard:702380008	hard	F	F	True	True	False	0.6426	0.6426	0.15606002	0.5979	23.2
none-narrower:34126003	none-narrower	none	G	False	False		0.3325	0.1645	0.90327942	0.249	24.8
easy:723508002	easy	A	A	True	True	False	0.4609	0.4609	0.4121753	0.3935	26.1
retrieval-miss:193523008	retrieval-miss	none	none	True	False	True	0.3524	0.3524	0.50320813	0.2714	24.7
retrieval-miss:59531002	retrieval-miss	none	none	True	False	True	0.2331	0.2331	0.6775891700000001	0.1372	24.6
none-narrower:707351006	none-narrower	none	none	True	False		0.2176	0.2176	0.70105474	0.1198	24.9
easy:26460006	easy	F	none	False	True	False	0.3076	0.2233	0.7489191499999998	0.2211	25.3
retrieval-miss:34730008	retrieval-miss	none	none	True	False	True	0.2821	0.2821	0.5978716000000001	0.1924	24.8
easy:73415002	easy	B	B	True	True	False	0.755	0.755	0.07569553000000001	0.7243	23.3
retrieval-miss:414667000	retrieval-miss	none	F	False	False	True	0.3761	0.3138	0.6313238399999999	0.2981	23.3
hard:307496006	hard	F	F	True	True	False	0.4777	0.4777	0.33592708	0.4124	24.1
hard:404041003	hard	C	none	False	True	True	0.2674	0.1274	0.9257365300000001	0.1759	26.2
easy:720459002	easy	G	G	True	False	True	0.7425	0.7425	0.08611446999999997	0.7103	26.8
easy:79291003	easy	H	H	True	True	False	0.6016	0.6016	0.22384845	0.5518	26.1
easy:254825007	easy	E	E	True	False	True	0.3189	0.3189	0.5602099800000001	0.2338	26.0
none-narrower:1197357008	none-narrower	none	H	False	False		0.7251	0.1796	1.20056874	0.6907	26.4
easy:92197001	easy	C	C	True	True	True	0.5087	0.5087	0.30510596999999995	0.4473	23.4
hard:722454003	hard	E	E	True	True	True	0.5476	0.5476	0.25656238000000003	0.491	109.9
easy:722451006	easy	A	A	True	True	False	0.78	0.78	0.06861974999999998	0.7525	25.5
easy:722282008	easy	H	H	True	True	False	0.5985	0.5985	0.20097083999999998	0.5483	101.8
none-narrower:1340188003	none-narrower	none	A	False	False		0.5338	0.1732	0.99143936	0.4755	23.7
retrieval-miss:398049005	retrieval-miss	none	none	True	False	True	0.3899	0.3899	0.43819493	0.3137	22.9
gold-removed:231536004	gold-removed	none	none	True	False		0.3265	0.3265	0.5850737	0.2423	25.5
hard:233728004	hard	C	C	True	False	True	0.7004	0.7004	0.12240907	0.663	24.0
retrieval-miss:128598002	retrieval-miss	none	none	True	False	True	0.2906	0.2906	0.5830085600000001	0.202	21.9
easy:703267003	easy	D	D	True	True	True	0.4058	0.4058	0.43275494000000003	0.3315	25.0
retrieval-miss:234541006	retrieval-miss	none	A	False	False	True	0.2821	0.2728	0.6607795200000002	0.1924	25.9
easy:13920009	easy	F	F	True	True	False	0.7024	0.7024	0.11829911999999998	0.6652	23.3
easy:92109005	easy	D	D	True	True	True	0.5305	0.5305	0.27070261	0.4718	24.5
easy:17322007	easy	D	G	False	True	False	0.2817	0.1623	0.8560123600000001	0.1919	23.4
hard:407476002	hard	H	H	True	True	True	0.5796	0.5796	0.21782658	0.5271	24.3
none-narrower:737209002	none-narrower	none	F	False	False		0.3556	0.1906	0.84219943	0.2751	23.5
easy:254915003	easy	A	A	True	True	False	0.7444	0.7444	0.08470622000000001	0.7124	26.0
easy:307576001	easy	C	C	True	True	False	0.4384	0.4384	0.48539070000000006	0.3682	25.1
hard:7573000	hard	D	D	True	True	False	0.4853	0.4853	0.32636162999999996	0.4209	25.2
none-narrower:737220002	none-narrower	none	G	False	False		0.388	0.2011	0.8182964199999999	0.3115	24.1
gold-removed:240119009	gold-removed	none	none	True	False		0.3906	0.3906	0.4426036099999999	0.3144	23.1
retrieval-miss:74969002	retrieval-miss	none	E	False	False	True	0.3809	0.3199	0.6235786999999999	0.3035	25.9
retrieval-miss:87872006	retrieval-miss	none	D	False	False	True	0.5152	0.2729	0.8065195100000002	0.4546	20.4
none-narrower:277643003	none-narrower	none	A	False	False		0.2093	0.2007	0.75064103	0.1105	26.4
gold-removed:24526004	gold-removed	none	none	True	False		0.4084	0.4084	0.39778997	0.3345	24.2
easy:419039007	easy	H	H	True	True	False	0.5517	0.5517	0.25055043	0.4956	25.9
hard:76802005	hard	G	F	False	False	True	0.3896	0.2422	0.75678107	0.3133	23.1
none-narrower:735549008	none-narrower	none	none	True	False		0.3094	0.3094	0.60381534	0.2231	24.5
hard:109041000119107	hard	A	A	True	True	False	0.4939	0.4939	0.33767316	0.4307	23.2
easy:26111005	easy	G	none	False	True	False	0.1936	0.1612	0.8185150400000001	0.0928	24.9
easy:42930003	easy	G	G	True	True	False	0.4512	0.4512	0.37036246	0.3826	25.1
hard:91662004	hard	D	D	True	True	False	0.6506	0.6506	0.15639468	0.6069	23.1
hard:446995005	hard	C	C	True	True	False	0.6621	0.6621	0.16067423	0.6199	24.4
none-narrower:428172002	none-narrower	none	G	False	False		0.2183	0.1987	0.76838542	0.1206	24.4
hard:363469001	hard	D	G	False	False	True	0.4517	0.2517	0.78801648	0.3831	24.9
easy:266257000	easy	G	G	True	False	True	0.6329	0.6329	0.19429287999999997	0.5871	24.6
easy:27536004	easy	A	A	True	True	False	0.7	0.7	0.11466097000000003	0.6625	21.3
easy:77157004	easy	C	A	False	True	False	0.2819	0.1556	0.85732881	0.1922	24.7
hard:189130001	hard	C	C	True	False	True	0.4964	0.4964	0.31862881000000004	0.4335	25.2
gold-removed:126958000	gold-removed	none	G	False	False		0.1814	0.1487	0.8391967699999999	0.079	24.3
easy:253737007	easy	F	F	True	True	False	0.5824	0.5824	0.21731161	0.5301	24.5
retrieval-miss:234411007	retrieval-miss	none	A	False	False	True	0.2429	0.226	0.7141989300000001	0.1483	26.1
hard:763348005	hard	C	C	True	True	False	0.69	0.69	0.13185313000000004	0.6512	110.4
none-narrower:109272006	none-narrower	none	C	False	False		0.644	0.1809	1.09230877	0.5995	22.7
hard:235828008	hard	B	C	False	False	True	0.4297	0.4241	0.5228649200000002	0.3584	24.8
none-narrower:18040001	none-narrower	none	none	True	False		0.265	0.265	0.65514882	0.1731	24.7
easy:87694001	easy	C	C	True	True	True	0.3419	0.3419	0.56281356	0.2596	26.4
hard:699297004	hard	G	B	False	True	False	0.4777	0.2222	0.8705452000000001	0.4124	107.5
none-narrower:871745001	none-narrower	none	none	True	False		0.3715	0.3715	0.45660164000000003	0.293	24.0
gold-removed:193411004	gold-removed	none	A	False	False		0.3991	0.2345	0.7705919700000001	0.324	25.5
hard:72000004	hard	E	E	True	True	False	0.4189	0.4189	0.42522304999999994	0.3462	24.4
retrieval-miss:77323000	retrieval-miss	none	F	False	False	True	0.5647	0.2304	0.93477912	0.5103	24.7
retrieval-miss:370999003	retrieval-miss	none	B	False	False	True	0.4267	0.1988	0.8642084000000001	0.3551	25.1
retrieval-miss:254588001	retrieval-miss	none	H	False	False	True	0.3375	0.2766	0.6704811000000002	0.2546	22.8
easy:192782005	easy	E	none	False	False	True	0.2601	0.1035	0.9501846899999999	0.1676	26.0
retrieval-miss:717917007	retrieval-miss	none	F	False	False	True	0.2688	0.1531	0.86351414	0.1774	105.4
none-narrower:1237225007	none-narrower	none	A	False	False		0.5193	0.1731	0.9760408199999999	0.4593	24.5
easy:718720007	easy	D	D	True	True	False	0.7075	0.7075	0.10800986999999998	0.671	24.1
easy:373436002	easy	H	none	False	False	True	0.3121	0.1932	0.7999234500000001	0.2261	24.0
retrieval-miss:789657008	retrieval-miss	none	A	False	False	True	0.3957	0.169	0.89650955	0.3201	23.1
hard:363402007	hard	G	G	True	True	True	0.4101	0.4101	0.42449495	0.3364	24.9
easy:127230005	easy	D	none	False	False	True	0.2724	0.2043	0.7596734399999998	0.1815	24.4
easy:124322002	easy	B	B	True	True	False	0.4029	0.4029	0.43730297999999995	0.3283	25.1
easy:446079007	easy	G	G	True	True	False	0.3596	0.3596	0.5213211600000001	0.2795	105.2
hard:718717004	hard	C	C	True	True	False	0.6516	0.6516	0.15846054000000004	0.6081	24.6
easy:58213005	easy	C	C	True	True	False	0.7868	0.7868	0.056727289999999986	0.7602	25.6
retrieval-miss:271807003	retrieval-miss	none	none	True	False	True	0.339	0.339	0.5085271200000001	0.2564	24.1
easy:17024001	easy	C	C	True	True	False	0.5189	0.5189	0.34333065999999995	0.4587	24.8
hard:17226007	hard	D	D	True	True	False	0.6368	0.6368	0.17959887999999996	0.5913	20.9
hard:90935002	hard	G	G	True	True	False	0.5008	0.5008	0.29546356999999995	0.4384	24.2
retrieval-miss:56975005	retrieval-miss	none	A	False	False	True	0.4146	0.2232	0.8059664099999999	0.3414	109.7
retrieval-miss:765216006	retrieval-miss	none	D	False	False	True	0.5162	0.1592	0.99458267	0.4558	25.7
hard:711403001	hard	E	B	False	False	True	0.4479	0.1964	0.8807826299999999	0.3789	24.4
easy:8635005	easy	A	A	True	True	False	0.5596	0.5596	0.23436957	0.5046	24.0
easy:36948007	easy	B	B	True	True	False	0.5737	0.5737	0.23668649000000003	0.5204	25.9
hard:732252005	hard	F	F	True	False	True	0.4677	0.4677	0.34783308999999996	0.4012	105.9
none-narrower:1306326003	none-narrower	none	G	False	False		0.2531	0.2405	0.69121882	0.1597	22.6
hard:79886009	hard	H	H	True	True	False	0.4161	0.4161	0.40349891	0.3431	22.6
hard:203045001	hard	G	G	True	True	True	0.6258	0.6258	0.17712378999999998	0.579	24.7
retrieval-miss:82800008	retrieval-miss	none	D	False	False	True	0.591	0.2248	0.9574993799999999	0.5398	22.9
gold-removed:33168009	gold-removed	none	none	True	False		0.3527	0.3527	0.47751666	0.2718	19.7
none-narrower:723363009	none-narrower	none	C	False	False		0.3489	0.0847	1.09325902	0.2675	24.5
none-narrower:1163472000	none-narrower	none	B	False	False		0.5345	0.1608	1.02827117	0.4763	25.8
gold-removed:7522008	gold-removed	none	none	True	False		0.325	0.325	0.5766066900000001	0.2406	24.3
retrieval-miss:230572002	retrieval-miss	none	none	True	False	True	0.4832	0.4832	0.3223003099999999	0.4186	23.2
gold-removed:720604008	gold-removed	none	none	True	False		0.2287	0.2287	0.68044832	0.1323	24.6
none-narrower:50927007	none-narrower	none	D	False	False		0.2419	0.1837	0.7924193399999999	0.1471	23.9
hard:718608006	hard	A	A	True	True	False	0.7515	0.7515	0.07959798000000003	0.7204	106.0
easy:363379000	easy	B	B	True	True	True	0.4774	0.4774	0.3417476399999999	0.4121	24.6
gold-removed:254627002	gold-removed	none	F	False	False		0.4932	0.1411	1.00246407	0.4299	103.0
hard:232006002	hard	C	C	True	True	False	0.5012	0.5012	0.30868892	0.4389	23.1
hard:129639005	hard	D	D	True	True	False	0.6046	0.6046	0.20454464	0.5552	23.1
hard:126980002	hard	F	none	False	True	False	0.2428	0.2067	0.75237439	0.1482	24.3
retrieval-miss:718691008	retrieval-miss	none	none	True	False	True	0.2949	0.2949	0.6143693900000001	0.2068	24.8
retrieval-miss:234110002	retrieval-miss	none	none	True	False	True	0.4115	0.4115	0.40675633	0.3379	24.0
none-narrower:472699005	none-narrower	none	C	False	False		0.5164	0.2836	0.7887445399999997	0.4559	25.1
gold-removed:726708009	gold-removed	none	none	True	False		0.5393	0.5393	0.2487454	0.4817	25.0
easy:83482000	easy	F	F	True	True	False	0.7223	0.7223	0.09578368999999998	0.6876	95.9
hard:254837009	hard	F	F	True	True	False	0.5046	0.5046	0.29607670999999997	0.4426	25.3
retrieval-miss:4945003	retrieval-miss	none	none	True	False	True	0.2862	0.2862	0.64103705	0.197	99.4
easy:718210003	easy	D	D	True	True	False	0.3498	0.3498	0.54125857	0.2686	98.6
gold-removed:719253007	gold-removed	none	H	False	False		0.3475	0.25	0.7081659899999999	0.2659	95.3
retrieval-miss:722055008	retrieval-miss	none	none	True	False	True	0.356	0.356	0.49697376000000004	0.2755	100.1
easy:763127004	easy	A	A	True	True	False	0.8187	0.8187	0.050678290000000015	0.796	25.5
retrieval-miss:312912001	retrieval-miss	none	none	True	False	True	0.4581	0.4581	0.35361524000000005	0.3903	24.1
hard:41799005	hard	A	A	True	True	False	0.6108	0.6108	0.18649738999999999	0.5622	23.2
hard:764999002	hard	H	H	True	False	True	0.7752	0.7752	0.061330850000000006	0.7471	100.0
easy:66695004	easy	H	F	False	False	True	0.7225	0.0603	1.4201424999999999	0.6879	98.9
easy:404056007	easy	F	F	True	True	False	0.5706	0.5706	0.21940774999999998	0.5169	24.0
retrieval-miss:388980004	retrieval-miss	none	A	False	False	True	0.4042	0.2172	0.8048534999999999	0.3297	24.7
none-narrower:1162558000	none-narrower	none	none	True	False		0.3215	0.3215	0.5295094899999999	0.2367	23.7
easy:4887000	easy	A	A	True	False	True	0.7807	0.7807	0.06590282000000003	0.7532	101.3
retrieval-miss:234619000	retrieval-miss	none	H	False	False	True	0.3569	0.2942	0.65225331	0.2765	23.7
retrieval-miss:715771008	retrieval-miss	none	D	False	False	True	0.4975	0.2792	0.7749110100000001	0.4346	24.9
retrieval-miss:186217006	retrieval-miss	none	C	False	False	True	0.4825	0.2932	0.74506126	0.4178	22.6
hard:715755008	hard	E	E	True	True	False	0.5556	0.5556	0.2485437	0.5	100.3
hard:126703006	hard	E	B	False	False	True	0.2777	0.1326	0.92836641	0.1874	24.5
none-narrower:48309007	none-narrower	none	none	True	False		0.4267	0.4267	0.4234992099999999	0.355	25.5
easy:37272000	easy	G	G	True	True	False	0.8005	0.8005	0.05481088	0.7756	25.7
none-narrower:763312008	none-narrower	none	B	False	False		0.4857	0.1345	1.0345185799999999	0.4214	107.4
easy:88092000	easy	F	F	True	False	True	0.4055	0.4055	0.46783503000000004	0.3312	24.2
none-narrower:1340174002	none-narrower	none	D	False	False		0.4681	0.1095	1.10668314	0.4016	23.0
hard:92336000	hard	H	H	True	True	False	0.4973	0.4973	0.2994221999999999	0.4344	24.1
retrieval-miss:16140007	retrieval-miss	none	H	False	False	True	0.3481	0.2811	0.6703041700000001	0.2667	24.0
none-narrower:403632002	none-narrower	none	F	False	False		0.4133	0.1853	0.86315066	0.3399	25.9
retrieval-miss:363398003	retrieval-miss	none	C	False	False	True	0.345	0.2518	0.74236189	0.2631	24.8
hard:426055002	hard	A	A	True	True	False	0.4238	0.4238	0.46662139	0.3518	22.8
none-narrower:716194005	none-narrower	none	H	False	False		0.6371	0.188	1.07117036	0.5917	26.3
none-narrower:94660006	none-narrower	none	none	True	False		0.3695	0.3695	0.4815612000000001	0.2907	24.4
hard:190785000	hard	D	D	True	True	False	0.5643	0.5643	0.22706560999999997	0.5099	23.3
hard:92385005	hard	B	B	True	True	True	0.5027	0.5027	0.29437202999999995	0.4405	25.0
none-narrower:289474006	none-narrower	none	none	True	False		0.2602	0.2602	0.66289456	0.1677	23.8
easy:238763007	easy	E	E	True	True	False	0.7132	0.7132	0.09869460000000005	0.6773	24.3
retrieval-miss:363009005	retrieval-miss	none	none	True	False	True	0.2496	0.2496	0.64934497	0.1557	25.9
none-narrower:133091000119105	none-narrower	none	F	False	False		0.3939	0.171	0.8886582199999998	0.3182	20.4
gold-removed:92697000	gold-removed	none	A	False	False		0.4643	0.128	1.01193713	0.3974	25.1
hard:192781003	hard	H	H	True	True	False	0.3874	0.3874	0.4376997	0.3108	25.4
easy:711480000	easy	H	H	True	True	False	0.4722	0.4722	0.3978181700000001	0.4062	108.2
hard:254709009	hard	F	D	False	False	True	0.6578	0.0822	1.29288291	0.6151	25.5
retrieval-miss:716338001	retrieval-miss	none	none	True	False	True	0.388	0.388	0.45747845	0.3114	25.0
easy:14535005	easy	F	F	True	True	False	0.8231	0.8231	0.04867466999999998	0.801	24.9
easy:734029004	easy	E	A	False	True	True	0.5507	0.1608	1.02693562	0.4945	107.7
none-narrower:707750005	none-narrower	none	A	False	False		0.2746	0.2348	0.70298324	0.184	24.6
none-narrower:12240951000119107	none-narrower	none	A	False	False		0.7235	0.0891	1.3657152300000002	0.6889	25.6
easy:715801001	easy	F	F	True	True	False	0.6235	0.6235	0.16969071999999996	0.5764	102.2
hard:94140004	hard	G	B	False	True	True	0.524	0.075	1.1712010600000002	0.4645	24.6
none-narrower:276682008	none-narrower	none	C	False	False		0.4155	0.1852	0.9014135999999999	0.3424	23.9
retrieval-miss:726672000	retrieval-miss	none	none	True	False	True	0.4083	0.4083	0.48452459000000003	0.3343	24.7
easy:717254007	easy	B	B	True	True	False	0.8517	0.8517	0.030771409999999996	0.8332	25.8
retrieval-miss:105597003	retrieval-miss	none	D	False	False	True	0.2941	0.2652	0.66657575	0.2058	23.0
easy:68779003	easy	E	none	False	True	False	0.4243	0.1491	0.93414419	0.3523	24.1
none-narrower:1144544008	none-narrower	none	none	True	False		0.548	0.548	0.25970473999999993	0.4915	24.1
hard:28189009	hard	C	C	True	True	False	0.7075	0.7075	0.10944085999999997	0.671	24.9
easy:237091009	easy	C	C	True	True	False	0.6553	0.6553	0.15939061999999998	0.6122	23.1
easy:45116002	easy	E	none	False	True	False	0.3132	0.1047	0.9562382100000001	0.2273	107.9
hard:29928006	hard	H	H	True	False	True	0.4616	0.4616	0.37069669	0.3943	23.1
gold-removed:51254007	gold-removed	none	none	True	False		0.4975	0.4975	0.2969918999999999	0.4347	24.5
gold-removed:235825006	gold-removed	none	A	False	False		0.3371	0.2481	0.74043451	0.2542	24.1
hard:47277009	hard	H	H	True	True	False	0.6188	0.6188	0.19041369999999996	0.5711	25.0
gold-removed:766818009	gold-removed	none	H	False	False		0.5132	0.1699	0.9719570200000001	0.4524	26.2
hard:408643008	hard	A	A	True	False	True	0.7259	0.7259	0.09685555000000001	0.6916	101.4
easy:254219004	easy	G	G	True	True	False	0.6869	0.6869	0.13727862000000005	0.6478	24.0
hard:702397002	hard	G	G	True	True	False	0.4339	0.4339	0.39365949	0.3631	24.1
retrieval-miss:240820001	retrieval-miss	none	B	False	False	True	0.4571	0.3155	0.68543201	0.3893	24.6
gold-removed:720495005	gold-removed	none	none	True	False		0.3211	0.3211	0.53256868	0.2363	24.8
none-narrower:145501000119108	none-narrower	none	H	False	False		0.2574	0.2408	0.68576784	0.1646	25.7
hard:715530004	hard	E	E	True	False	True	0.5243	0.5243	0.28077573	0.4648	103.3
hard:102449007	hard	G	G	True	True	False	0.7513	0.7513	0.09911475000000002	0.7202	24.0
easy:363373004	easy	A	A	True	False	True	0.2699	0.2699	0.6518939899999999	0.1786	23.7
hard:205473008	hard	C	C	True	True	False	0.7134	0.7134	0.09664518999999998	0.6775	25.0
easy:312104005	easy	C	C	True	False	True	0.6162	0.6162	0.19120631000000005	0.5683	24.6
easy:63175003	easy	A	none	False	False	True	0.2576	0.1684	0.8264835100000001	0.1648	24.7
hard:363493006	hard	C	none	False	True	True	0.3146	0.2695	0.6761767299999998	0.229	24.2
retrieval-miss:399955009	retrieval-miss	none	none	True	False	True	0.2662	0.2662	0.6434242099999999	0.1744	105.3
retrieval-miss:27240009	retrieval-miss	none	none	True	False	True	0.3749	0.3749	0.45488121	0.2968	25.7
none-narrower:1343511009	none-narrower	none	G	False	False		0.4308	0.2377	0.78754114	0.3597	24.8
hard:1489008	hard	E	A	False	False	True	0.4513	0.1606	0.9951068000000001	0.3827	22.9
easy:234576008	easy	C	C	True	True	False	0.3965	0.3965	0.47623150999999986	0.321	24.3
easy:124267007	easy	C	C	True	False	True	0.2805	0.2805	0.6368592200000001	0.1905	107.3
hard:724142005	hard	A	A	True	False	True	0.5238	0.5238	0.2877633499999999	0.4643	98.0
easy:717632002	easy	E	E	True	True	False	0.6189	0.6189	0.18075258999999996	0.5713	98.7
easy:733447005	easy	H	H	True	True	False	0.7094	0.7094	0.12060871999999999	0.6731	26.0
gold-removed:719172003	gold-removed	none	A	False	False		0.4042	0.1736	0.8764117600000001	0.3297	96.4
none-narrower:705128004	none-narrower	none	F	False	False		0.365	0.2477	0.7339429	0.2856	22.9
gold-removed:126804008	gold-removed	none	E	False	False		0.2877	0.271	0.6457224699999999	0.1987	24.1
gold-removed:50923006	gold-removed	none	A	False	False		0.3305	0.2154	0.75798721	0.2468	25.6
gold-removed:95413004	gold-removed	none	none	True	False		0.2646	0.2646	0.6582098100000001	0.1727	24.2
easy:6729006	easy	A	A	True	True	True	0.5516	0.5516	0.24594654000000002	0.4956	26.0
easy:763793004	easy	H	A	False	False	True	0.2295	0.1696	0.8094124000000001	0.1331	104.6
easy:715342005	easy	F	F	True	True	False	0.5617	0.5617	0.22882192000000004	0.5069	100.2
retrieval-miss:403901001	retrieval-miss	none	F	False	False	True	0.2924	0.1663	0.85886602	0.2039	25.5
hard:187151009	hard	D	D	True	True	False	0.6687	0.6687	0.13664026	0.6273	98.2
gold-removed:155441006	gold-removed	none	A	False	False		0.2688	0.2303	0.71560252	0.1774	24.6
easy:50869007	easy	B	B	True	False	True	0.475	0.475	0.33887194000000004	0.4094	24.4
hard:73237007	hard	G	G	True	True	False	0.6531	0.6531	0.14646441999999998	0.6097	23.8
hard:763529005	hard	G	G	True	True	False	0.6825	0.6825	0.13400385	0.6428	104.6
gold-removed:128869009	gold-removed	none	A	False	False		0.3296	0.2227	0.75017614	0.2458	24.6
gold-removed:22199006	gold-removed	none	none	True	False		0.4162	0.4162	0.40278807	0.3432	25.7
easy:254790003	easy	D	D	True	True	False	0.4561	0.4561	0.35558213000000005	0.3881	23.0
hard:126677000	hard	B	B	True	True	False	0.6302	0.6302	0.17358648000000002	0.584	24.7
retrieval-miss:56688005	retrieval-miss	none	D	False	False	True	0.4818	0.233	0.8406790800000001	0.417	23.9
easy:202882003	easy	C	C	True	True	False	0.8434	0.8434	0.03550463999999999	0.8238	26.0
hard:29271008	hard	A	A	True	True	True	0.392	0.392	0.46384704000000004	0.316	24.5
hard:36233006	hard	E	E	True	False	True	0.6835	0.6835	0.12271296999999999	0.644	25.9
easy:719949001	easy	C	C	True	True	False	0.6811	0.6811	0.13420616999999996	0.6413	109.5
easy:61071003	easy	B	A	False	False	True	0.2907	0.1937	0.79733078	0.2021	102.2
retrieval-miss:218728005	retrieval-miss	none	C	False	False	True	0.4252	0.2042	0.8506235900000001	0.3533	24.0
retrieval-miss:725028009	retrieval-miss	none	D	False	False	True	0.2412	0.1965	0.76010699	0.1464	102.9
hard:28314004	hard	D	none	False	True	True	0.4154	0.3733	0.5759955699999999	0.3423	24.3
hard:24269006	hard	C	C	True	True	True	0.3232	0.3232	0.5649072900000002	0.2386	24.4
easy:722376008	easy	G	C	False	True	True	0.3768	0.1526	0.9126952499999998	0.2989	104.5
hard:715406003	hard	E	E	True	True	False	0.6296	0.6296	0.16680438999999997	0.5833	98.4
easy:126680004	easy	D	D	True	True	False	0.3376	0.3376	0.52522232	0.2548	24.5
none-narrower:93846004	none-narrower	none	B	False	False		0.5277	0.2138	0.9170907399999999	0.4687	23.7
gold-removed:763213001	gold-removed	none	D	False	False		0.3175	0.2281	0.73185825	0.2321	24.8
gold-removed:71912000	gold-removed	none	none	True	False		0.2811	0.2811	0.6214383	0.1912	22.8
easy:428281000	easy	G	G	True	True	False	0.3332	0.3332	0.5493744800000001	0.2498	23.8
hard:722391005	hard	B	B	True	True	False	0.7825	0.7825	0.06303249000000001	0.7553	25.8
easy:231829006	easy	B	A	False	True	True	0.4031	0.1892	0.87521437	0.3285	24.0
none-narrower:232023006	none-narrower	none	none	True	False		0.4416	0.4416	0.37454209000000005	0.3718	24.0
none-narrower:1382212005	none-narrower	none	none	True	False		0.2937	0.2937	0.5765745699999999	0.2054	25.8
hard:708536001	hard	B	B	True	True	False	0.5247	0.5247	0.28062124999999993	0.4652	25.1
none-narrower:314207007	none-narrower	none	B	False	False		0.2439	0.2037	0.7624694300000001	0.1494	23.3
easy:398723007	easy	D	D	True	False	True	0.498	0.498	0.31870639999999995	0.4353	25.2
retrieval-miss:236803007	retrieval-miss	none	B	False	False	True	0.5365	0.196	0.94669593	0.4785	20.5
hard:721756002	hard	C	H	False	False	True	0.2918	0.1327	0.9159608499999998	0.2033	23.3
none-narrower:418072004	none-narrower	none	none	True	False		0.4427	0.4427	0.35637678	0.373	24.4
retrieval-miss:87065009	retrieval-miss	none	none	True	False	True	0.4367	0.4367	0.42213153000000003	0.3662	108.0
gold-removed:33655002	gold-removed	none	F	False	False		0.3508	0.2441	0.72204248	0.2697	20.1
easy:254895003	easy	A	A	True	True	False	0.5569	0.5569	0.24711926000000006	0.5016	101.2
easy:255072001	easy	E	E	True	True	True	0.5771	0.5771	0.21426497000000003	0.5242	25.5
none-narrower:423471004	none-narrower	none	F	False	False		0.233	0.1532	0.85985064	0.1371	24.6
hard:25147002	hard	C	C	True	True	False	0.8569	0.8569	0.029525339999999997	0.839	24.1
retrieval-miss:2109003	retrieval-miss	none	none	True	False	True	0.3364	0.3364	0.52701042	0.2534	25.6
easy:254846003	easy	G	D	False	True	False	0.5453	0.1033	1.14637289	0.4885	25.6
hard:3323003	hard	E	E	True	True	False	0.6596	0.6596	0.15904434000000003	0.6171	24.4
hard:41446000	hard	E	E	True	True	False	0.6711	0.6711	0.13491544	0.63	19.9
easy:41572006	easy	B	B	True	False	True	0.5746	0.5746	0.21779169	0.5214	108.2
hard:276645004	hard	F	F	True	True	False	0.4085	0.4085	0.43266851000000006	0.3346	23.1
gold-removed:27215002	gold-removed	none	none	True	False		0.5262	0.5262	0.26346466	0.467	24.8
gold-removed:433068007	gold-removed	none	none	True	False		0.278	0.278	0.61710269	0.1878	23.1
easy:35031005	easy	E	E	True	True	False	0.5123	0.5123	0.32590204	0.4514	105.2
easy:85375000	easy	E	E	True	True	False	0.4524	0.4524	0.35910073	0.3839	23.7
none-narrower:198448006	none-narrower	none	none	True	False		0.312	0.312	0.5407501699999999	0.226	25.2
retrieval-miss:725910009	retrieval-miss	none	none	True	False	True	0.3568	0.3568	0.50080479	0.2764	24.3
hard:719659003	hard	G	G	True	False	True	0.4917	0.4917	0.32223727999999996	0.4281	100.5
hard:81564005	hard	C	D	False	True	True	0.313	0.1173	0.95059069	0.2272	22.9
none-narrower:723829000	none-narrower	none	G	False	False		0.7217	0.1288	1.28442303	0.687	24.0
easy:22125009	easy	E	E	True	True	True	0.3954	0.3954	0.43912655000000006	0.3198	24.7
retrieval-miss:440350001	retrieval-miss	none	A	False	False	True	0.3758	0.2126	0.79139284	0.2978	25.7
gold-removed:10082001	gold-removed	none	A	False	False		0.324	0.2633	0.68542144	0.2395	24.8
easy:28183005	easy	E	E	True	True	False	0.7576	0.7576	0.08190556999999997	0.7272	107.4
hard:53597009	hard	D	D	True	True	False	0.7389	0.7389	0.08637088999999999	0.7063	23.7
hard:25010000	hard	H	D	False	False	True	0.5317	0.0907	1.14320983	0.4732	99.6
easy:22949006	easy	C	C	True	False	True	0.5849	0.5849	0.22008118999999998	0.533	23.1
retrieval-miss:230410004	retrieval-miss	none	A	False	False	True	0.462	0.0724	1.12188614	0.3948	102.5
gold-removed:239892009	gold-removed	none	A	False	False		0.615	0.1759	1.0664697300000001	0.5669	24.5
easy:91051003	easy	D	D	True	True	False	0.7826	0.7826	0.06517944000000002	0.7554	24.0
retrieval-miss:124224004	retrieval-miss	none	none	True	False	True	0.3298	0.3298	0.5212831200000001	0.2461	24.4
easy:725027004	easy	G	G	True	False	True	0.7874	0.7874	0.07063488	0.7608	102.7
easy:25690000	easy	E	E	True	True	False	0.6388	0.6388	0.16416781999999996	0.5936	24.3
easy:67895005	easy	G	G	True	True	False	0.7662	0.7662	0.07404742	0.737	24.1
hard:237751000	hard	G	G	True	True	False	0.6654	0.6654	0.14967544	0.6236	25.0
retrieval-miss:54266002	retrieval-miss	none	none	True	False	True	0.4137	0.4137	0.4087799200000001	0.3404	25.8
easy:445436005	easy	C	C	True	True	True	0.6573	0.6573	0.16065661	0.6145	108.6
hard:438476003	hard	C	C	True	True	True	0.2913	0.2913	0.625426	0.2028	25.2
easy:191382009	easy	G	E	False	True	True	0.3451	0.3078	0.67290631	0.2632	24.0
hard:255154009	hard	C	C	True	True	True	0.6412	0.6412	0.15572066	0.5964	24.6
gold-removed:2284002	gold-removed	none	H	False	False		0.3397	0.2681	0.68792328	0.2571	20.6
easy:363378008	easy	H	H	True	False	True	0.3311	0.3311	0.5540022700000001	0.2475	24.9
hard:126686005	hard	B	B	True	True	False	0.5685	0.5685	0.22909352000000002	0.5146	24.9
easy:43152001	easy	G	G	True	True	False	0.6303	0.6303	0.17607099000000004	0.5841	23.3
hard:723411003	hard	B	B	True	True	False	0.7994	0.7994	0.05735111	0.7743	25.4
gold-removed:234584007	gold-removed	none	A	False	False		0.4756	0.295	0.7321032300000001	0.4101	111.8
hard:725591002	hard	E	E	True	True	False	0.7741	0.7741	0.06979906	0.7458	25.6
retrieval-miss:243321006	retrieval-miss	none	none	True	False	True	0.2877	0.2877	0.5837202599999999	0.1987	23.0
hard:5262007	hard	G	G	True	True	True	0.5973	0.5973	0.19181630999999996	0.547	24.7
gold-removed:77489003	gold-removed	none	E	False	False		0.3463	0.2401	0.72271408	0.2646	19.7
none-narrower:371074009	none-narrower	none	A	False	False		0.4409	0.2187	0.8279855	0.3711	24.1
gold-removed:74460005	gold-removed	none	none	True	False		0.2767	0.2767	0.60523	0.1863	24.2
gold-removed:75544000	gold-removed	none	none	True	False		0.2484	0.2484	0.6688788600000001	0.1544	20.8
hard:28244003	hard	G	G	True	True	False	0.7178	0.7178	0.10466564	0.6825	20.2
retrieval-miss:390834004	retrieval-miss	none	none	True	False	True	0.4332	0.4332	0.38240689	0.3623	24.4
easy:128082002	easy	H	H	True	True	True	0.6652	0.6652	0.14861719999999995	0.6234	110.3
easy:720749004	easy	H	H	True	False	True	0.7959	0.7959	0.05922115999999998	0.7703	25.8
none-narrower:56871000	none-narrower	none	C	False	False		0.4205	0.0948	1.05718307	0.3481	25.5
retrieval-miss:70534000	retrieval-miss	none	C	False	False	True	0.8667	0.0668	1.62411664	0.8501	23.9
easy:31659000	easy	H	H	True	False	True	0.5704	0.5704	0.25881418	0.5167	24.6
easy:10623005	easy	F	F	True	True	False	0.5165	0.5165	0.2806039	0.456	23.0
hard:78622004	hard	C	C	True	True	True	0.6647	0.6647	0.15109931000000001	0.6227	23.1
gold-removed:32893002	gold-removed	none	A	False	False		0.2226	0.1724	0.81579791	0.1254	24.7
gold-removed:33666009	gold-removed	none	A	False	False		0.4939	0.216	0.9254075	0.4307	24.2
none-narrower:772225005	none-narrower	none	D	False	False		0.6864	0.1623	1.1780779799999999	0.6472	106.4
easy:45377007	easy	H	H	True	True	True	0.5416	0.5416	0.29924437000000004	0.4843	24.0
hard:254067002	hard	E	E	True	True	False	0.6953	0.6953	0.11539204999999998	0.6572	24.0
none-narrower:403114001	none-narrower	none	A	False	False		0.3414	0.2887	0.65346705	0.259	23.0
gold-removed:231826004	gold-removed	none	F	False	False		0.4978	0.2165	0.8774855	0.435	24.8
easy:715415005	easy	H	H	True	True	False	0.7395	0.7395	0.10322398999999996	0.7069	24.9
easy:429233001	easy	E	none	False	True	True	0.2604	0.2552	0.6658757800000001	0.1679	24.1
easy:15350006	easy	G	G	True	True	False	0.5301	0.5301	0.30838310999999996	0.4714	24.7
gold-removed:59282003	gold-removed	none	none	True	False		0.5508	0.5508	0.23390597000000002	0.4946	24.3
hard:238091006	hard	A	C	False	True	True	0.5464	0.0768	1.1896529599999999	0.4897	26.2
easy:37350004	easy	F	F	True	False	True	0.4412	0.4412	0.4117557	0.3714	24.2
gold-removed:722207000	gold-removed	none	none	True	False		0.2954	0.2954	0.60974382	0.2073	25.4
hard:372140005	hard	E	C	False	True	False	0.3298	0.2947	0.6566957200000001	0.2461	24.4
hard:733518000	hard	C	C	True	True	False	0.6743	0.6743	0.13880942	0.6336	108.6
none-narrower:109858008	none-narrower	none	A	False	False		0.4897	0.094	1.11764057	0.4259	25.5
hard:360481003	hard	F	F	True	True	True	0.2874	0.2874	0.5975770499999999	0.1984	24.8
easy:111565003	easy	F	F	True	True	False	0.6554	0.6554	0.15232666	0.6123	20.0
retrieval-miss:238020001	retrieval-miss	none	E	False	False	True	0.4204	0.1847	0.88871403	0.348	24.1
hard:423425006	hard	G	G	True	True	True	0.3556	0.3556	0.5024461499999999	0.2751	24.3
retrieval-miss:67915005	retrieval-miss	none	A	False	False	True	0.6141	0.215	1.00158829	0.5659	23.3
easy:763067000	easy	C	B	False	True	True	0.2264	0.1108	0.94872552	0.1296	110.5
hard:82458004	hard	A	A	True	False	True	0.5181	0.5181	0.27527616	0.4579	25.5
easy:24868007	easy	E	E	True	True	True	0.606	0.606	0.18385043	0.5568	24.0
none-narrower:1186810009	none-narrower	none	A	False	False		0.4475	0.0805	1.1446077	0.3784	102.9
easy:27621000119100	easy	C	C	True	False	True	0.2831	0.2831	0.63266086	0.1935	24.0
hard:92040001	hard	A	A	True	True	True	0.6773	0.6773	0.13118319999999997	0.637	24.6
easy:764944006	easy	C	C	True	True	False	0.6307	0.6307	0.16091607999999996	0.5845	102.5
gold-removed:443095000	gold-removed	none	none	True	False		0.489	0.489	0.32611835	0.4251	22.9
hard:707341005	hard	E	E	True	False	True	0.5545	0.5545	0.25120884000000004	0.4988	23.7
hard:27059002	hard	H	H	True	False	True	0.6309	0.6309	0.18444196000000002	0.5848	20.5
none-narrower:773774000	none-narrower	none	C	False	False		0.7243	0.1389	1.27074561	0.6898	101.5
hard:128128003	hard	F	F	True	True	False	0.3928	0.3928	0.46244387	0.3169	22.6
retrieval-miss:20376005	retrieval-miss	none	H	False	False	True	0.2531	0.1798	0.8207607200000001	0.1597	23.7
none-narrower:1293071007	none-narrower	none	A	False	False		0.7766	0.0958	1.42370221	0.7487	24.1
retrieval-miss:722390006	retrieval-miss	none	none	True	False	True	0.6472	0.6472	0.14573436	0.6031	103.5
easy:71325002	easy	E	E	True	True	False	0.6111	0.6111	0.18147065	0.5625	24.7
gold-removed:448315008	gold-removed	none	D	False	False		0.6425	0.2109	1.03950033	0.5978	24.4
hard:709075008	hard	B	B	True	True	False	0.7364	0.7364	0.09281924999999998	0.7035	101.4
hard:236644005	hard	A	A	True	True	False	0.4397	0.4397	0.39984117999999996	0.3697	22.5
gold-removed:720983002	gold-removed	none	none	True	False		0.3513	0.3513	0.4818995000000001	0.2702	25.9
easy:109983007	easy	H	H	True	True	False	0.2724	0.2724	0.6407174400000001	0.1815	103.0
hard:92039003	hard	H	H	True	True	True	0.4982	0.4982	0.3250764	0.4355	25.5
easy:92617001	easy	D	D	True	True	True	0.5618	0.5618	0.27445575000000005	0.507	24.0
easy:76916001	easy	D	D	True	True	False	0.6815	0.6815	0.12584775	0.6416	22.9
hard:19034001	hard	A	A	True	False	True	0.5702	0.5702	0.23871509999999996	0.5165	20.6
easy:93235007	easy	F	none	False	False	True	0.4161	0.0521	1.14911351	0.3431	24.8
easy:70931000	easy	F	F	True	False	True	0.5006	0.5006	0.30118977999999996	0.4382	23.2
easy:233915000	easy	B	E	False	False	True	0.5503	0.1016	1.14131265	0.4941	25.5
hard:253187005	hard	E	E	True	False	True	0.5971	0.5971	0.22997956000000003	0.5467	24.3
hard:270516002	hard	D	D	True	True	True	0.7452	0.7452	0.08578363	0.7134	25.9
retrieval-miss:105706003	retrieval-miss	none	none	True	False	True	0.3758	0.3758	0.46438134	0.2978	24.4
none-narrower:2061000	none-narrower	none	A	False	False		0.3629	0.2017	0.8087643200000001	0.2833	24.4
hard:232442001	hard	H	B	False	False	True	0.4719	0.27	0.7735238999999999	0.4059	24.4
none-narrower:302958006	none-narrower	none	B	False	False		0.3714	0.2211	0.8048093000000001	0.2929	25.0
none-narrower:686991000119106	none-narrower	none	A	False	False		0.4269	0.218	0.8230894400000001	0.3553	23.1
none-narrower:12181000119103	none-narrower	none	F	False	False		0.4022	0.2612	0.7300561299999999	0.3275	23.1
gold-removed:60380001	gold-removed	none	none	True	False		0.3429	0.3429	0.52403236	0.2607	23.4
none-narrower:1344682008	none-narrower	none	F	False	False		0.5808	0.1405	1.10448646	0.5284	22.2
retrieval-miss:13445001	retrieval-miss	none	none	True	False	True	0.8206	0.8206	0.03681878	0.7982	25.2
hard:86500004	hard	G	G	True	True	False	0.4919	0.4919	0.33743508	0.4284	24.6
hard:707756004	hard	A	A	True	True	False	0.8488	0.8488	0.032013120000000006	0.83	24.6
none-narrower:11045000	none-narrower	none	none	True	False		0.2643	0.2643	0.64792717	0.1723	24.1
retrieval-miss:67795000	retrieval-miss	none	none	True	False	True	0.2065	0.2065	0.73016404	0.1074	24.7
hard:254711000	hard	B	B	True	True	True	0.3971	0.3971	0.43960886	0.3217	26.0
hard:54470008	hard	F	F	True	False	True	0.6938	0.6938	0.12476392	0.6555	113.5
none-narrower:301191003	none-narrower	none	none	True	False		0.3614	0.3614	0.52827811	0.2816	23.7
hard:19138001	hard	G	G	True	True	False	0.4279	0.4279	0.3969621400000001	0.3564	24.3
none-narrower:782754006	none-narrower	none	B	False	False		0.7221	0.1233	1.29469379	0.6874	25.6
retrieval-miss:37548006	retrieval-miss	none	none	True	False	True	0.2553	0.2553	0.6502511799999999	0.1623	25.7
easy:716723000	easy	G	E	False	False	True	0.795	0.0168	1.6116980999999997	0.7693	25.9
gold-removed:29740003	gold-removed	none	D	False	False		0.2872	0.2159	0.7540046499999999	0.1981	23.9
easy:408751001	easy	D	none	False	True	False	0.3295	0.223	0.81883993	0.2457	106.1
hard:92087008	hard	H	H	True	True	True	0.5126	0.5126	0.2840198400000001	0.4516	24.2
hard:7259005	hard	C	C	True	False	True	0.3217	0.3217	0.54819275	0.2369	102.5
easy:721882001	easy	C	C	True	False	True	0.699	0.699	0.11227410000000003	0.6613	101.0
none-narrower:340461000119106	none-narrower	none	A	False	False		0.3983	0.2846	0.70237302	0.3231	23.7
none-narrower:125628003	none-narrower	none	G	False	False		0.1992	0.1761	0.79106934	0.0991	24.0
hard:237610008	hard	C	C	True	False	True	0.3561	0.3561	0.4772811399999999	0.2756	25.5
none-narrower:43634002	none-narrower	none	C	False	False		0.5085	0.1461	1.0177337299999998	0.4471	23.8
retrieval-miss:279611005	retrieval-miss	none	G	False	False	True	0.3187	0.1322	0.9676274800000001	0.2335	25.7
hard:118611004	hard	D	D	True	True	False	0.4916	0.4916	0.36787280999999994	0.428	25.7
gold-removed:397012002	gold-removed	none	A	False	False		0.4948	0.1558	0.9804090900000002	0.4317	24.9
none-narrower:203260009	none-narrower	none	none	True	False		0.3015	0.3015	0.56061162	0.2142	24.3
hard:237963003	hard	C	C	True	True	False	0.3211	0.3211	0.5727245700000002	0.2362	24.3
hard:4754008	hard	H	H	True	False	True	0.3551	0.3551	0.49250285000000005	0.2745	25.1
easy:49584005	easy	A	A	True	True	True	0.5547	0.5547	0.27617626000000006	0.499	24.8
hard:732928005	hard	F	F	True	True	False	0.8526	0.8526	0.03518154999999999	0.8342	23.5
retrieval-miss:110997000	retrieval-miss	none	none	True	False	True	0.6919	0.6919	0.11115792000000002	0.6534	25.7
easy:86638007	easy	E	E	True	True	False	0.7741	0.7741	0.07690155	0.7459	24.7
easy:725463007	easy	B	B	True	True	False	0.7292	0.7292	0.08990892000000003	0.6953	109.8
retrieval-miss:183342005	retrieval-miss	none	none	True	False	True	0.3417	0.3417	0.52820364	0.2594	24.4
none-narrower:424289008	none-narrower	none	none	True	False		0.4158	0.4158	0.3927700600000001	0.3427	24.7
easy:205468002	easy	H	H	True	True	False	0.466	0.466	0.39773881	0.3993	102.9
none-narrower:240716009	none-narrower	none	none	True	False		0.2634	0.2634	0.6447855599999999	0.1714	24.0
hard:721617001	hard	E	A	False	False	True	0.6086	0.2649	0.9192499500000001	0.5596	101.7
gold-removed:109477002	gold-removed	none	none	True	False		0.3756	0.3756	0.45610772000000005	0.2975	23.7
gold-removed:715822007	gold-removed	none	C	False	False		0.3787	0.2674	0.6997634099999999	0.301	99.1
hard:722457005	hard	C	C	True	True	False	0.729	0.729	0.10112277000000001	0.6951	25.9
hard:237683004	hard	G	G	True	True	False	0.4855	0.4855	0.34041393	0.4212	24.1
hard:713060000	hard	B	B	True	True	False	0.6744	0.6744	0.13277730000000001	0.6337	24.7
none-narrower:109972003	none-narrower	none	D	False	False		0.2545	0.1644	0.82430826	0.1613	105.9
easy:3978000	easy	F	H	False	True	False	0.2969	0.243	0.7113831999999999	0.209	24.6
easy:417607009	easy	E	E	True	True	False	0.574	0.574	0.21571146000000002	0.5207	99.2
hard:44274007	hard	F	F	True	True	True	0.6235	0.6235	0.19013307999999998	0.5765	24.7
hard:724066002	hard	C	C	True	True	False	0.7842	0.7842	0.060898039999999994	0.7572	103.8
hard:702437000	hard	D	D	True	True	False	0.5238	0.5238	0.26449027999999997	0.4643	24.0
hard:58976002	hard	E	E	True	True	True	0.4181	0.4181	0.40509708999999994	0.3454	100.6
retrieval-miss:397758007	retrieval-miss	none	H	False	False	True	0.4568	0.2526	0.7819542300000001	0.3889	24.6
easy:726051002	easy	A	F	False	True	False	0.2764	0.1534	0.8827863100000001	0.1859	22.9
gold-removed:50715003	gold-removed	none	none	True	False		0.3487	0.3487	0.50482296	0.2673	24.0
retrieval-miss:710572000	retrieval-miss	none	B	False	False	True	0.2887	0.2161	0.75570227	0.1998	24.7
easy:92205005	easy	G	C	False	True	True	0.3915	0.3235	0.63302487	0.3154	24.6
hard:363495004	hard	F	F	True	True	True	0.3098	0.3098	0.5859158699999999	0.2236	23.8
hard:363458004	hard	F	F	True	True	True	0.3343	0.3343	0.54869811	0.2511	24.8
easy:723552005	easy	F	F	True	False	True	0.4873	0.4873	0.3530416799999999	0.4232	102.6
none-narrower:16060551000119103	none-narrower	none	C	False	False		0.508	0.1723	0.96433731	0.4465	21.7
none-narrower:443971004	none-narrower	none	A	False	False		0.3857	0.1924	0.83418081	0.3089	23.8
hard:726610000	hard	G	G	True	True	True	0.7483	0.7483	0.08321799000000003	0.7168	106.2
hard:230450001	hard	A	A	True	False	True	0.4214	0.4214	0.45538705999999995	0.3491	24.3
none-narrower:11780521000119105	none-narrower	none	none	True	False		0.4376	0.4376	0.37219939	0.3673	24.0
retrieval-miss:4416007	retrieval-miss	none	none	True	False	True	0.4535	0.4535	0.34155369999999996	0.3852	25.8
hard:718053009	hard	C	C	True	False	True	0.3839	0.3839	0.47145163999999995	0.3069	23.1
hard:8634009	hard	D	D	True	True	False	0.614	0.614	0.18920757000000002	0.5658	23.4
none-narrower:703163006	none-narrower	none	none	True	False		0.3443	0.3443	0.52640003	0.2623	24.6
hard:719456001	hard	E	E	True	False	True	0.6724	0.6724	0.13868357	0.6314	108.3
hard:57993004	hard	A	A	True	True	True	0.7193	0.7193	0.10382817999999998	0.6842	20.5
retrieval-miss:233692000	retrieval-miss	none	E	False	False	True	0.3385	0.3229	0.6187679700000001	0.2558	25.3
gold-removed:56882008	gold-removed	none	none	True	False		0.6082	0.6082	0.17868097000000002	0.5592	24.8
easy:111396008	easy	F	F	True	True	True	0.572	0.572	0.24546151000000002	0.5185	24.8
retrieval-miss:399029005	retrieval-miss	none	G	False	False	True	0.2485	0.239	0.68241796	0.1545	23.8
hard:237611007	hard	B	B	True	False	True	0.8573	0.8573	0.027651460000000017	0.8394	24.4
easy:187736009	easy	F	B	False	True	True	0.358	0.2298	0.77692618	0.2778	23.9
none-narrower:1186834004	none-narrower	none	B	False	False		0.3866	0.2333	0.76539803	0.3099	24.2
hard:230496009	hard	B	B	True	True	False	0.5246	0.5246	0.26877130000000005	0.4651	24.9
easy:80328002	easy	B	G	False	False	True	0.274	0.0448	1.09529016	0.1833	24.9
easy:195469007	easy	B	B	True	False	True	0.3921	0.3921	0.49607446	0.3162	24.2
gold-removed:700107006	gold-removed	none	none	True	False		0.1824	0.1824	0.7745045700000001	0.0802	107.4
none-narrower:1264565005	none-narrower	none	G	False	False		0.6009	0.1415	1.13533661	0.551	103.3
gold-removed:92068002	gold-removed	none	none	True	False		0.2678	0.2678	0.6673460199999999	0.1762	24.6
hard:448664009	hard	H	H	True	True	False	0.5845	0.5845	0.24376462	0.5325	24.7
hard:240613006	hard	G	A	False	False	True	0.2391	0.1152	0.9421430000000001	0.144	24.4
none-narrower:50279003	none-narrower	none	H	False	False		0.2656	0.2435	0.70663744	0.1738	22.7
hard:127217009	hard	G	G	True	True	False	0.5711	0.5711	0.22915424999999998	0.5175	25.3
easy:188264002	easy	E	E	True	True	True	0.262	0.262	0.6872987000000002	0.1698	24.0
retrieval-miss:79883001	retrieval-miss	none	none	True	False	True	0.3522	0.3522	0.4897735999999999	0.2712	107.3
gold-removed:734173003	gold-removed	none	none	True	False		0.326	0.326	0.5216954999999999	0.2417	97.4
easy:230571009	easy	G	G	True	False	True	0.7283	0.7283	0.09957205000000002	0.6943	24.1
hard:425940002	hard	E	E	True	True	False	0.6185	0.6185	0.18576138999999994	0.5708	22.5
easy:95280005	easy	E	E	True	True	False	0.6895	0.6895	0.12010595999999998	0.6507	24.0
easy:722690001	easy	A	A	True	True	True	0.7279	0.7279	0.09781675000000001	0.6939	24.7
gold-removed:399340005	gold-removed	none	none	True	False		0.2821	0.2821	0.62616681	0.1924	22.9
hard:85102008	hard	H	C	False	True	False	0.4012	0.2966	0.6855925100000001	0.3264	24.1
easy:390936003	easy	B	H	False	False	True	0.3985	0.1446	0.9450333199999997	0.3233	158.0
retrieval-miss:105600002	retrieval-miss	none	none	True	False	True	0.47	0.47	0.33515331000000004	0.4037	23.9
none-narrower:721267000	none-narrower	none	G	False	False		0.2459	0.1889	0.80979096	0.1517	24.2
easy:86406008	easy	D	D	True	False	True	0.586	0.586	0.24481567	0.5343	24.8
retrieval-miss:205550003	retrieval-miss	none	E	False	False	True	0.489	0.1026	1.09080208	0.4251	23.0
easy:192727001	easy	E	E	True	False	True	0.6362	0.6362	0.15390993000000003	0.5907	25.7
hard:403970001	hard	G	D	False	True	False	0.4106	0.2729	0.7216647700000002	0.3369	24.2
gold-removed:235494005	gold-removed	none	none	True	False		0.3054	0.3054	0.55097198	0.2185	20.7
easy:62009002	easy	G	G	True	True	True	0.2362	0.2362	0.6852651100000001	0.1407	108.1
hard:8691004	hard	H	H	True	True	False	0.3606	0.3606	0.47612838999999996	0.2806	24.6
easy:127232002	easy	D	E	False	False	True	0.3389	0.1223	0.9578059600000001	0.2562	23.0
easy:27614006	easy	G	G	True	True	False	0.6582	0.6582	0.15426505000000001	0.6155	20.2
hard:267607008	hard	E	E	True	True	True	0.4222	0.4222	0.43486005999999994	0.35	23.1
easy:232262007	easy	H	D	False	False	True	0.4208	0.0699	1.10260202	0.3484	23.1
hard:75238000	hard	E	E	True	False	True	0.538	0.538	0.26443372	0.4803	25.2
gold-removed:88905005	gold-removed	none	none	True	False		0.4486	0.4486	0.3458145	0.3797	103.9
hard:764625002	hard	F	D	False	True	True	0.49	0.3659	0.6515064899999999	0.4262	99.4
hard:40149008	hard	G	G	True	True	False	0.7333	0.7333	0.10086587000000002	0.7	23.8
gold-removed:109978004	gold-removed	none	A	False	False		0.3827	0.2063	0.8041419399999999	0.3055	104.3
gold-removed:53165003	gold-removed	none	H	False	False		0.2302	0.2116	0.72512923	0.134	99.8
gold-removed:763274002	gold-removed	none	none	True	False		0.3328	0.3328	0.5044917800000001	0.2493	100.5
easy:70090004	easy	F	F	True	True	False	0.7539	0.7539	0.08099365	0.7231	22.9
gold-removed:716097001	gold-removed	none	none	True	False		0.3419	0.3419	0.5054775300000001	0.2596	24.6
gold-removed:111489007	gold-removed	none	C	False	False		0.1961	0.171	0.8028083299999998	0.0956	23.8
retrieval-miss:43116000	retrieval-miss	none	A	False	False	True	0.4183	0.2225	0.8256104099999999	0.3455	24.1
retrieval-miss:307406004	retrieval-miss	none	D	False	False	True	0.4541	0.2469	0.7893012500000001	0.3858	23.7
hard:92080005	hard	G	G	True	True	False	0.4527	0.4527	0.35864043	0.3843	24.1
hard:25898005	hard	H	H	True	True	True	0.4495	0.4495	0.35118288999999997	0.3807	23.1
hard:363404008	hard	A	A	True	True	True	0.4262	0.4262	0.40337927999999995	0.3544	24.5
easy:26479009	easy	B	B	True	False	True	0.4796	0.4796	0.36611084	0.4146	23.2
easy:234633000	easy	C	C	True	True	True	0.5194	0.5194	0.2965316	0.4594	111.8
none-narrower:1231185005	none-narrower	none	H	False	False		0.6885	0.1776	1.15391958	0.6495	24.6
easy:720813007	easy	E	E	True	False	True	0.5756	0.5756	0.24122553	0.5225	25.2
easy:442696006	easy	H	none	False	True	False	0.2727	0.2597	0.6859089300000001	0.1818	24.6
easy:426336007	easy	C	C	True	False	True	0.4827	0.4827	0.32165741	0.418	24.7
hard:403975006	hard	D	D	True	True	False	0.2507	0.2507	0.6667234600000002	0.157	24.2
easy:232364006	easy	B	B	True	True	False	0.5735	0.5735	0.23884992	0.5202	24.8
none-narrower:239813000	none-narrower	none	none	True	False		0.3574	0.3574	0.5205234300000001	0.2771	24.3
hard:448794008	hard	B	B	True	True	False	0.5177	0.5177	0.27256326	0.4574	28.0
none-narrower:254255007	none-narrower	none	none	True	False		0.396	0.396	0.50209226	0.3205	24.4
easy:724642009	easy	F	F	True	False	True	0.4447	0.4447	0.37392134000000005	0.3753	114.2
none-narrower:278043000	none-narrower	none	D	False	False		0.4468	0.1193	1.01767263	0.3777	24.6
none-narrower:37369009	none-narrower	none	none	True	False		0.3133	0.3133	0.5688829599999999	0.2275	24.2
hard:720635002	hard	E	none	False	False	True	0.2601	0.161	0.84134263	0.1676	25.3
none-narrower:237155000	none-narrower	none	E	False	False		0.2292	0.2241	0.7409060000000001	0.1328	23.9
easy:715952000	easy	D	F	False	False	True	0.5616	0.1216	1.11048748	0.5067	25.9
retrieval-miss:443416007	retrieval-miss	none	A	False	False	True	0.3191	0.2282	0.73977364	0.234	24.9
easy:32139003	easy	F	F	True	True	False	0.7059	0.7059	0.10802588000000003	0.6691	23.4
easy:204370002	easy	D	E	False	True	True	0.447	0.2657	0.78728001	0.3778	24.5
gold-removed:312514006	gold-removed	none	none	True	False		0.3368	0.3368	0.5212349300000001	0.2539	25.0
retrieval-miss:725034002	retrieval-miss	none	H	False	False	True	0.322	0.1561	0.86788981	0.2373	107.8
gold-removed:192958009	gold-removed	none	none	True	False		0.2863	0.2863	0.5866378200000001	0.1971	23.8
hard:721974000	hard	A	A	True	True	False	0.7083	0.7083	0.10788528999999997	0.6719	105.4
easy:400948003	easy	A	A	True	True	False	0.8019	0.8019	0.05353632000000001	0.7771	25.5
easy:31742004	easy	B	B	True	True	False	0.3749	0.3749	0.49187428999999994	0.2968	96.7
hard:127055007	hard	B	B	True	True	False	0.7034	0.7034	0.12034185	0.6663	24.6
retrieval-miss:32599008	retrieval-miss	none	none	True	False	True	0.266	0.266	0.64703982	0.1743	25.6
hard:398623004	hard	H	H	True	True	False	0.6683	0.6683	0.13738702	0.6268	104.5
retrieval-miss:192877007	retrieval-miss	none	H	False	False	True	0.7168	0.1788	1.19149765	0.6814	22.9
gold-removed:118940003	gold-removed	none	none	True	False		0.2352	0.2352	0.6784468800000001	0.1396	22.9
easy:268163008	easy	F	F	True	False	True	0.5455	0.5455	0.2531145	0.4887	22.9
hard:193413001	hard	H	H	True	True	False	0.4658	0.4658	0.34718662000000006	0.399	25.8
gold-removed:716239006	gold-removed	none	none	True	False		0.4705	0.4705	0.3300990600000001	0.4043	25.9
easy:715504003	easy	G	G	True	True	True	0.3559	0.3559	0.51090573	0.2754	101.2
easy:367434002	easy	H	G	False	True	False	0.4689	0.2626	0.8141349800000002	0.4026	24.7
none-narrower:1197741006	none-narrower	none	none	True	False		0.3253	0.3253	0.5355098300000001	0.241	23.8
none-narrower:371045000	none-narrower	none	D	False	False		0.5179	0.1115	1.08964551	0.4576	24.0
easy:51744007	easy	H	H	True	True	False	0.6098	0.6098	0.22390971999999995	0.5611	23.5
easy:715736008	easy	B	B	True	True	False	0.7857	0.7857	0.07115276000000002	0.7589	108.7
hard:51387008	hard	B	none	False	True	False	0.2152	0.0979	0.9338387	0.1171	22.6
easy:48528004	easy	F	F	True	True	False	0.5266	0.5266	0.25849809000000007	0.4674	101.3
none-narrower:1259102000	none-narrower	none	A	False	False		0.3506	0.1733	0.84772039	0.2694	23.7
hard:82236004	hard	G	A	False	False	True	0.4362	0.0969	1.05529876	0.3658	24.6
retrieval-miss:399992009	retrieval-miss	none	none	True	False	True	0.3137	0.3137	0.5494423100000001	0.2279	24.4
retrieval-miss:403886007	retrieval-miss	none	G	False	False	True	0.4046	0.098	1.05864687	0.3301	24.6
easy:10934005	easy	B	B	True	True	False	0.6851	0.6851	0.14076305999999997	0.6457	24.1
none-narrower:446771003	none-narrower	none	D	False	False		0.6133	0.266	0.9173545599999999	0.565	23.9
retrieval-miss:758664007	retrieval-miss	none	none	True	False	True	0.2549	0.2549	0.64653357	0.1617	25.9
hard:733112007	hard	F	none	False	True	False	0.2948	0.2787	0.6379493000000002	0.2066	106.3
easy:237965005	easy	E	A	False	True	False	0.2677	0.1714	0.83587891	0.1762	24.0
hard:70737009	hard	C	none	False	False	True	0.335	0.1329	0.92137432	0.2519	101.7
easy:718897009	easy	A	A	True	True	False	0.52	0.52	0.27222463	0.46	25.5
easy:11296007	easy	G	G	True	False	True	0.4046	0.4046	0.43959947999999993	0.3302	24.1
none-narrower:44939003	none-narrower	none	none	True	False		0.2881	0.2881	0.60214292	0.1992	24.9
hard:726707004	hard	C	C	True	True	True	0.7733	0.7733	0.06420037	0.745	109.4
hard:63684002	hard	D	D	True	True	False	0.4585	0.4585	0.41143876999999995	0.3908	24.0
easy:236811002	easy	E	E	True	True	False	0.5703	0.5703	0.22804291	0.5166	22.5
none-narrower:246762009	none-narrower	none	B	False	False		0.2319	0.1941	0.76116404	0.1359	23.0
easy:72900001	easy	F	F	True	False	True	0.6314	0.6314	0.17028031000000005	0.5853	24.8
hard:230421008	hard	D	D	True	True	False	0.8164	0.8164	0.04874887	0.7935	24.7
hard:92788005	hard	B	B	True	True	False	0.6697	0.6697	0.13751854000000002	0.6284	24.8
easy:126799003	easy	A	A	True	True	False	0.3284	0.3284	0.53961324	0.2445	24.3
easy:33982008	easy	A	A	True	False	True	0.5194	0.5194	0.28481541000000005	0.4594	25.0
none-narrower:93646002	none-narrower	none	C	False	False		0.4237	0.2104	0.83639508	0.3516	107.2
gold-removed:431034009	gold-removed	none	none	True	False		0.2389	0.2389	0.65919945	0.1438	24.0
easy:721843003	easy	C	C	True	True	False	0.7837	0.7837	0.06647129000000003	0.7567	23.7
none-narrower:451981000124108	none-narrower	none	none	True	False		0.2721	0.2721	0.61919477	0.1811	24.6
gold-removed:95333004	gold-removed	none	D	False	False		0.7964	0.1191	1.41184199	0.7709	24.1
none-narrower:1259079006	none-narrower	none	none	True	False		0.388	0.388	0.51509161	0.3115	24.3
none-narrower:236631000	none-narrower	none	A	False	False		0.5152	0.2644	0.81655435	0.4546	23.8
hard:89242004	hard	G	G	True	True	True	0.5705	0.5705	0.23480924999999997	0.5169	19.5
easy:432261003	easy	F	F	True	True	False	0.7705	0.7705	0.09404549000000001	0.7419	25.1
retrieval-miss:2689001	retrieval-miss	none	A	False	False	True	0.266	0.1856	0.7878084500000001	0.1742	112.2
retrieval-miss:717736007	retrieval-miss	none	B	False	False	True	0.4702	0.1524	0.97861789	0.404	98.7
hard:716859000	hard	D	D	True	False	True	0.5056	0.5056	0.31485360999999995	0.4438	97.9
hard:763376002	hard	G	G	True	True	False	0.6929	0.6929	0.12802765000000002	0.6545	97.1
hard:83799000	hard	F	none	False	False	True	0.2015	0.1013	0.9291479300000001	0.1016	24.9
easy:18927009	easy	D	none	False	True	True	0.2565	0.0783	1.00864793	0.1635	25.5
retrieval-miss:67256000	retrieval-miss	none	none	True	False	True	0.2999	0.2999	0.5726046899999999	0.2124	24.5
easy:715192004	easy	B	B	True	True	False	0.7463	0.7463	0.08524301000000002	0.7146	25.5
none-narrower:1335794000	none-narrower	none	G	False	False		0.3567	0.2237	0.7563274600000001	0.2763	25.6
none-narrower:336911000119104	none-narrower	none	none	True	False		0.2961	0.2961	0.60957628	0.2081	24.7
gold-removed:116020001	gold-removed	none	H	False	False		0.3231	0.1098	0.97984539	0.2385	23.1
easy:1654001	easy	F	F	True	False	True	0.6376	0.6376	0.15610173000000005	0.5923	24.5
hard:367489004	hard	E	E	True	True	False	0.5077	0.5077	0.30337642	0.4462	26.1
none-narrower:334491000119108	none-narrower	none	none	True	False		0.2777	0.2777	0.6196733699999999	0.1874	23.2
gold-removed:766874001	gold-removed	none	none	True	False		0.3134	0.3134	0.56536414	0.2276	108.9
retrieval-miss:253042009	retrieval-miss	none	E	False	False	True	0.4912	0.2481	0.81942892	0.4276	24.1
easy:725908007	easy	E	E	True	True	False	0.8586	0.8586	0.02731511999999999	0.8409	104.1
hard:19092004	hard	B	B	True	True	False	0.7206	0.7206	0.10355534	0.6857	25.5
easy:44553005	easy	E	E	True	True	False	0.8245	0.8245	0.048338469999999994	0.8026	25.9
none-narrower:285191000119103	none-narrower	none	G	False	False		0.5602	0.064	1.2622159899999998	0.5053	25.6
none-narrower:430969000	none-narrower	none	E	False	False		0.3125	0.2229	0.73830784	0.2266	24.4
easy:187752007	easy	A	A	True	False	True	0.3386	0.3386	0.58087304	0.2559	24.2
hard:92428008	hard	G	G	True	True	False	0.4803	0.4803	0.32068469	0.4153	24.9
gold-removed:34417008	gold-removed	none	C	False	False		0.771	0.1442	1.32892755	0.7423	26.0
gold-removed:21061004	gold-removed	none	none	True	False		0.581	0.581	0.22800045000000002	0.5286	24.3
hard:402356004	hard	H	H	True	False	True	0.7697	0.7697	0.07196779999999997	0.7409	24.5
none-narrower:416658003	none-narrower	none	none	True	False		0.3432	0.3432	0.5314181600000001	0.2611	24.0
none-narrower:11810261000119103	none-narrower	none	none	True	False		0.2165	0.2165	0.71382495	0.1185	24.2
hard:763403007	hard	F	F	True	True	False	0.8001	0.8001	0.05608873999999999	0.7752	25.3
gold-removed:28826002	gold-removed	none	none	True	False		0.639	0.639	0.1916762	0.5939	25.0
retrieval-miss:55852007	retrieval-miss	none	none	True	False	True	0.327	0.327	0.5543442500000001	0.2429	24.4
hard:254851009	hard	H	C	False	True	False	0.3179	0.2566	0.6990308100000001	0.2327	26.0
gold-removed:276876007	gold-removed	none	none	True	False		0.2126	0.2126	0.74288095	0.1141	24.5
none-narrower:2851000119101	none-narrower	none	none	True	False		0.1924	0.1924	0.73865679	0.0914	24.5
hard:62151007	hard	A	A	True	True	True	0.5168	0.5168	0.28298270999999997	0.4565	25.2
none-narrower:187857006	none-narrower	none	none	True	False		0.264	0.264	0.6692016	0.172	25.0
easy:30369007	easy	A	A	True	True	False	0.7208	0.7208	0.11064707	0.6859	25.2
retrieval-miss:361115000	retrieval-miss	none	B	False	False	True	0.6381	0.2131	1.03059798	0.5929	23.6
retrieval-miss:418279001	retrieval-miss	none	none	True	False	True	0.3986	0.3986	0.4178243299999999	0.3234	26.2
gold-removed:262461007	gold-removed	none	H	False	False		0.4083	0.2668	0.7271268500000001	0.3343	25.2
gold-removed:363466008	gold-removed	none	none	True	False		0.2413	0.2413	0.6891738300000001	0.1464	25.1
retrieval-miss:95208000	retrieval-miss	none	B	False	False	True	0.488	0.1559	0.99868799	0.4239	24.7
hard:284449005	hard	A	A	True	True	True	0.3407	0.3407	0.5266103799999999	0.2583	109.1
easy:253149002	easy	B	A	False	True	True	0.2984	0.0758	1.0183528300000002	0.2107	25.5
retrieval-miss:52542005	retrieval-miss	none	none	True	False	True	0.4417	0.4417	0.36159874999999997	0.3719	24.0
retrieval-miss:69550000	retrieval-miss	none	none	True	False	True	0.3074	0.3074	0.57763722	0.2208	24.6
retrieval-miss:83652003	retrieval-miss	none	none	True	False	True	0.2799	0.2799	0.61729907	0.1899	25.6
gold-removed:128862000	gold-removed	none	none	True	False		0.3979	0.3979	0.4486850000000001	0.3227	25.6
retrieval-miss:67988000	retrieval-miss	none	none	True	False	True	0.3644	0.3644	0.4873921599999999	0.2849	24.2
none-narrower:45062007	none-narrower	none	E	False	False		0.7093	0.1548	1.22282402	0.673	20.5
none-narrower:339331000119102	none-narrower	none	B	False	False		0.7717	0.1096	1.39143976	0.7432	19.7
retrieval-miss:17653001	retrieval-miss	none	C	False	False	True	0.6574	0.2275	1.0316773	0.6146	24.7
easy:111524003	easy	A	A	True	False	True	0.4243	0.4243	0.48690609	0.3524	20.3
retrieval-miss:44250009	retrieval-miss	none	none	True	False	True	0.3587	0.3587	0.47300554999999994	0.2785	24.4
easy:722476007	easy	D	D	True	False	True	0.7826	0.7826	0.05760658000000001	0.7554	25.1
hard:363422006	hard	H	H	True	True	True	0.3371	0.3371	0.5490637100000001	0.2543	24.3
hard:83886009	hard	D	D	True	True	False	0.7895	0.7895	0.05915098000000001	0.7632	105.1
gold-removed:763767006	gold-removed	none	none	True	False		0.566	0.566	0.21647392000000004	0.5117	100.2
retrieval-miss:95670000	retrieval-miss	none	F	False	False	True	0.3189	0.2541	0.6908373999999999	0.2337	23.7
gold-removed:719136005	gold-removed	none	none	True	False		0.2216	0.2216	0.7006164	0.1243	101.9
easy:45639009	easy	H	none	False	False	True	0.299	0.1492	0.87427008	0.2113	24.5
hard:7699004	hard	C	C	True	True	False	0.6753	0.6753	0.13388475	0.6347	23.7
easy:716091000	easy	D	D	True	True	False	0.5941	0.5941	0.19883836000000005	0.5434	25.1
easy:237960000	easy	A	A	True	False	True	0.5782	0.5782	0.21502139999999995	0.5255	100.5
retrieval-miss:234638009	retrieval-miss	none	A	False	False	True	0.3952	0.1403	0.9357192200000001	0.3196	25.5
none-narrower:236382007	none-narrower	none	A	False	False		0.288	0.2021	0.76076778	0.199	22.9
hard:703199001	hard	G	G	True	False	True	0.6429	0.6429	0.15833086999999998	0.5982	22.6
gold-removed:52845002	gold-removed	none	A	False	False		0.2478	0.2136	0.7321121500000001	0.1538	23.0
easy:78200003	easy	E	E	True	True	False	0.3581	0.3581	0.47948586000000004	0.2779	24.1
none-narrower:85461008	none-narrower	none	none	True	False		0.3548	0.3548	0.4852166	0.2741	24.1
easy:76520005	easy	H	E	False	False	True	0.6204	0.0861	1.24431165	0.5729	25.8
retrieval-miss:64233004	retrieval-miss	none	H	False	False	True	0.7441	0.2122	1.17466306	0.7121	24.1
easy:68092007	easy	D	D	True	False	True	0.4632	0.4632	0.3450265899999999	0.3961	24.1
none-narrower:410484008	none-narrower	none	A	False	False		0.467	0.2446	0.80479414	0.4004	22.9
none-narrower:198241002	none-narrower	none	H	False	False		0.482	0.2105	0.8774181399999998	0.4172	24.9
easy:12381000132107	easy	A	none	False	False	True	0.4503	0.0392	1.2125027099999999	0.3816	24.9
hard:709018004	hard	A	A	True	False	True	0.4222	0.4222	0.42659445	0.35	25.2
gold-removed:68116008	gold-removed	none	none	True	False		0.4562	0.4562	0.3656812100000001	0.3883	22.9
easy:254986007	easy	G	E	False	True	True	0.3823	0.1333	0.9485399000000001	0.305	25.0
hard:83942000	hard	B	B	True	True	False	0.7451	0.7451	0.08050900000000001	0.7133	25.5
gold-removed:719251009	gold-removed	none	none	True	False		0.2726	0.2726	0.60373857	0.1817	24.4
none-narrower:94654006	none-narrower	none	C	False	False		0.2799	0.242	0.6874391	0.1899	25.1
easy:763716008	easy	F	F	True	True	True	0.6286	0.6286	0.17161480999999998	0.5822	24.3
hard:734031008	hard	A	A	True	True	False	0.833	0.833	0.039122270000000015	0.8122	109.3
hard:17585008	hard	E	E	True	True	False	0.6879	0.6879	0.13968499000000004	0.6489	22.6
none-narrower:707607008	none-narrower	none	none	True	False		0.2235	0.2235	0.71354257	0.1265	25.6
gold-removed:700467001	gold-removed	none	none	True	False		0.4801	0.4801	0.32430362	0.4151	24.6
none-narrower:713299003	none-narrower	none	none	True	False		0.345	0.345	0.51772205	0.2631	24.2
hard:25897000	hard	H	H	True	True	False	0.5829	0.5829	0.22575505	0.5308	24.5
retrieval-miss:16459000	retrieval-miss	none	none	True	False	True	0.3678	0.3678	0.49262574	0.2888	24.0
easy:702447002	easy	G	G	True	True	False	0.7241	0.7241	0.10724483000000003	0.6896	25.9
none-narrower:27358001	none-narrower	none	A	False	False		0.3615	0.2672	0.70124769	0.2817	24.3
hard:267592003	hard	D	D	True	False	True	0.3414	0.3414	0.5655900300000001	0.2591	24.2
hard:768927001	hard	F	F	True	True	False	0.7739	0.7739	0.06443610999999999	0.7457	103.9
none-narrower:1269531007	none-narrower	none	none	True	False		0.3367	0.3367	0.53830573	0.2538	24.2
hard:443719001	hard	G	G	True	True	True	0.4969	0.4969	0.30437092	0.434	24.6
none-narrower:66893008	none-narrower	none	D	False	False		0.4505	0.1923	0.8898211399999999	0.3818	25.5
easy:23849003	easy	G	G	True	True	False	0.4428	0.4428	0.3847978399999999	0.3732	23.8
hard:233913007	hard	G	G	True	True	True	0.4311	0.4311	0.41553717999999995	0.36	24.2
hard:238080004	hard	A	A	True	True	False	0.4427	0.4427	0.37133063000000005	0.373	107.0
none-narrower:43658003	none-narrower	none	E	False	False		0.4736	0.2081	0.8713796100000001	0.4078	22.6
retrieval-miss:277921008	retrieval-miss	none	F	False	False	True	0.7394	0.1652	1.2451187899999998	0.7068	24.0
hard:363444001	hard	G	G	True	True	True	0.3596	0.3596	0.4812027800000001	0.2795	25.6
none-narrower:128211000119102	none-narrower	none	F	False	False		0.3524	0.2456	0.7361195	0.2715	25.0
easy:56692003	easy	H	H	True	True	False	0.276	0.276	0.61829836	0.1855	99.6
none-narrower:246943004	none-narrower	none	A	False	False		0.3195	0.195	0.8114361499999998	0.2345	22.5
easy:722375007	easy	H	H	True	True	False	0.8194	0.8194	0.05109104999999999	0.7968	25.5
easy:699251001	easy	C	C	True	True	True	0.6329	0.6329	0.17050685	0.5871	24.6
easy:92415001	easy	D	D	True	False	True	0.7149	0.7149	0.10764789000000002	0.6793	24.6
retrieval-miss:726543008	retrieval-miss	none	none	True	False	True	0.4907	0.4907	0.35507157999999994	0.427	23.0
easy:14070001000004105	easy	D	D	True	True	False	0.5859	0.5859	0.23609749000000002	0.5341	25.7
easy:404160007	easy	B	B	True	False	True	0.4653	0.4653	0.3554467399999999	0.3984	26.0
hard:200999007	hard	H	H	True	True	False	0.5972	0.5972	0.19847181000000005	0.5468	24.9
none-narrower:81531005	none-narrower	none	D	False	False		0.555	0.1669	1.01981718	0.4993	24.5
easy:1155842003	easy	H	H	True	True	False	0.5105	0.5105	0.33126408000000007	0.4493	23.1
hard:253781004	hard	D	E	False	False	True	0.4625	0.0897	1.0849618100000002	0.3953	22.0
gold-removed:193570009	gold-removed	none	none	True	False		0.2874	0.2874	0.57823734	0.1984	24.9
none-narrower:126682007	none-narrower	none	B	False	False		0.4639	0.1614	0.95933855	0.3968	25.7
easy:707530009	easy	G	G	True	True	False	0.3802	0.3802	0.48292065	0.3027	24.8
hard:70405009	hard	G	G	True	True	False	0.804	0.804	0.05969264999999998	0.7795	24.4
gold-removed:32595002	gold-removed	none	none	True	False		0.4105	0.4105	0.42068919000000005	0.3368	25.1
retrieval-miss:239873007	retrieval-miss	none	F	False	False	True	0.4757	0.1501	1.0435618199999999	0.4102	24.5
retrieval-miss:721887007	retrieval-miss	none	E	False	False	True	0.4831	0.2358	0.8467665099999999	0.4185	110.9
hard:255055008	hard	H	F	False	True	False	0.2939	0.2177	0.7565206999999999	0.2056	97.6
hard:194785008	hard	E	E	True	True	True	0.6061	0.6061	0.20246288	0.5569	19.6
gold-removed:40291001	gold-removed	none	B	False	False		0.483	0.1603	0.96774672	0.4183	96.9
gold-removed:232064001	gold-removed	none	A	False	False		0.3272	0.1467	0.9071452799999999	0.243	25.6
hard:93559003	hard	F	F	True	True	True	0.6197	0.6197	0.19578155	0.5722	25.8
gold-removed:63480004	gold-removed	none	A	False	False		0.4945	0.3209	0.7124682900000001	0.4313	23.6
retrieval-miss:715414009	retrieval-miss	none	C	False	False	True	0.3813	0.1877	0.8523057300000001	0.3039	25.5
retrieval-miss:64969001	retrieval-miss	none	A	False	False	True	0.4378	0.2794	0.72422874	0.3675	23.9
easy:237059008	easy	C	C	True	True	False	0.2296	0.2296	0.7098450800000001	0.1333	106.2
none-narrower:410063006	none-narrower	none	none	True	False		0.2431	0.2431	0.69462486	0.1485	20.5
hard:56453003	hard	C	C	True	False	True	0.4212	0.4212	0.45977355000000003	0.3488	100.4
easy:44018007	easy	C	none	False	False	True	0.2707	0.1086	0.9667877399999998	0.1795	22.9
retrieval-miss:52674009	retrieval-miss	none	none	True	False	True	0.2758	0.2758	0.60657158	0.1853	23.8
none-narrower:722922001	none-narrower	none	none	True	False		0.5292	0.5292	0.25818167	0.4704	24.1
none-narrower:1259038005	none-narrower	none	E	False	False		0.4095	0.144	0.9316685699999999	0.3357	25.0
hard:403889000	hard	E	E	True	True	False	0.6035	0.6035	0.19249827999999997	0.554	25.6
easy:703524005	easy	E	E	True	True	True	0.4673	0.4673	0.33857315	0.4007	24.7
easy:447351004	easy	F	F	True	False	True	0.5363	0.5363	0.27646421000000004	0.4783	26.4
retrieval-miss:719663005	retrieval-miss	none	C	False	False	True	0.234	0.2314	0.7213472999999999	0.1383	26.4
easy:192965001	easy	F	none	False	False	True	0.3423	0.2463	0.71303622	0.26	24.8
none-narrower:300312006	none-narrower	none	none	True	False		0.2267	0.2267	0.69660418	0.13	24.2
none-narrower:724608000	none-narrower	none	none	True	False		0.3092	0.3092	0.5789484300000001	0.2229	23.4
gold-removed:91038008	gold-removed	none	A	False	False		0.4153	0.169	0.91776075	0.3422	20.5
easy:716077006	easy	D	D	True	True	False	0.4613	0.4613	0.35597659	0.3939	26.2
hard:77478005	hard	E	E	True	False	True	0.455	0.455	0.36643996999999995	0.3868	24.4
easy:28790007	easy	D	D	True	False	True	0.4362	0.4362	0.39141359000000014	0.3657	22.9
gold-removed:234478007	gold-removed	none	A	False	False		0.3067	0.1824	0.82687586	0.2201	112.0
hard:429033009	hard	G	E	False	True	True	0.3025	0.1448	0.8990971200000001	0.2153	24.7
easy:195136004	easy	E	A	False	False	True	0.4539	0.0609	1.14573823	0.3856	23.8
easy:95435007	easy	A	A	True	False	True	0.2926	0.2926	0.61192225	0.2042	101.5
hard:17111003	hard	H	H	True	True	False	0.7869	0.7869	0.059176079999999985	0.7603	96.4
hard:55912009	hard	F	F	True	True	True	0.5485	0.5485	0.262928	0.4921	99.5
hard:720634003	hard	B	B	True	True	False	0.7736	0.7736	0.06501496000000001	0.7453	98.4
easy:126790004	easy	F	F	True	True	False	0.4484	0.4484	0.36606861999999996	0.3794	24.5
easy:25766007	easy	H	H	True	True	False	0.5818	0.5818	0.22581654	0.5295	22.6
easy:66758006	easy	B	B	True	True	True	0.723	0.723	0.09619021000000003	0.6884	101.2
none-narrower:123977005	none-narrower	none	none	True	False		0.3828	0.3828	0.49410769	0.3057	24.3
easy:717003001	easy	H	D	False	True	True	0.5837	0.0949	1.18693961	0.5317	24.5
none-narrower:870285004	none-narrower	none	G	False	False		0.233	0.2249	0.70258461	0.1371	24.4
hard:725167001	hard	B	G	False	False	True	0.3394	0.0991	0.9968465500000001	0.2568	25.7
hard:297278001	hard	E	G	False	True	True	0.3632	0.2031	0.8321323799999999	0.2836	26.0
easy:2251002	easy	G	G	True	True	True	0.3943	0.3943	0.42513326	0.3186	23.0
gold-removed:190808009	gold-removed	none	none	True	False		0.3864	0.3864	0.4711548499999999	0.3097	24.7
easy:372105009	easy	E	E	True	True	False	0.6284	0.6284	0.16621354000000005	0.582	25.0
hard:197585004	hard	B	B	True	False	True	0.6656	0.6656	0.14157214	0.6238	23.1
easy:126859007	easy	H	H	True	True	False	0.389	0.389	0.44270947999999993	0.3127	25.1
easy:723362004	easy	C	C	True	True	False	0.5866	0.5866	0.21067057999999997	0.5349	24.3
easy:230422001	easy	B	B	True	True	True	0.7029	0.7029	0.10607649000000002	0.6657	25.0
hard:403824007	hard	F	F	True	True	False	0.6578	0.6578	0.15075732999999997	0.615	26.2
none-narrower:61301000119102	none-narrower	none	H	False	False		0.4139	0.1643	0.90784273	0.3406	24.8
easy:189197001	easy	G	G	True	True	False	0.7029	0.7029	0.12138130000000001	0.6658	24.2
easy:49455004	easy	E	E	True	False	True	0.7386	0.7386	0.09920813999999997	0.7059	23.3
hard:34566007	hard	D	D	True	True	True	0.3926	0.3926	0.45093017999999985	0.3167	26.1
hard:13394002	hard	H	H	True	True	False	0.6972	0.6972	0.13268984999999997	0.6593	25.0
retrieval-miss:414173003	retrieval-miss	none	none	True	False	True	0.295	0.295	0.5738158900000001	0.2068	26.1
gold-removed:90505000	gold-removed	none	D	False	False		0.4355	0.1627	0.9281282499999999	0.365	26.5
retrieval-miss:22542007	retrieval-miss	none	none	True	False	True	0.2915	0.2915	0.57237897	0.2029	26.0
easy:363353009	easy	D	D	True	True	True	0.296	0.296	0.60261499	0.208	24.6
easy:441456002	easy	G	G	True	True	False	0.2547	0.2547	0.64971605	0.1616	23.8
easy:18241005	easy	B	B	True	True	False	0.4694	0.4694	0.3781450899999999	0.4031	20.7
easy:233621003	easy	G	G	True	True	False	0.6124	0.6124	0.18510910999999997	0.564	24.6
easy:240063002	easy	A	A	True	True	False	0.4377	0.4377	0.36472312	0.3674	108.9
easy:92413008	easy	F	F	True	True	True	0.6369	0.6369	0.15815805	0.5916	24.7
easy:764694005	easy	B	B	True	True	False	0.6806	0.6806	0.12151553000000001	0.6406	100.8
gold-removed:15170009	gold-removed	none	none	True	False		0.2855	0.2855	0.6078235300000001	0.1962	22.9
easy:83911000119104	easy	E	B	False	False	True	0.3186	0.1168	0.9790840199999999	0.2334	19.4
none-narrower:866045007	none-narrower	none	A	False	False		0.5733	0.1729	1.02592885	0.5199	23.0
hard:417093003	hard	E	E	True	True	True	0.4904	0.4904	0.3328990700000001	0.4268	24.8
none-narrower:431855005	none-narrower	none	A	False	False		0.4169	0.2391	0.78613557	0.344	22.9
easy:235073000	easy	G	A	False	False	True	0.2552	0.096	0.9745979500000002	0.1621	25.1
hard:716663009	hard	B	B	True	True	False	0.7365	0.7365	0.08743827999999998	0.7035	24.9
easy:719378009	easy	E	E	True	True	False	0.6841	0.6841	0.13820169	0.6446	108.9
none-narrower:92571001	none-narrower	none	C	False	False		0.3531	0.2469	0.7171625800000001	0.2722	24.0
retrieval-miss:67854007	retrieval-miss	none	B	False	False	True	0.4096	0.1904	0.86382154	0.3358	25.6
hard:87730004	hard	F	F	True	True	False	0.8401	0.8401	0.03818659000000001	0.8201	24.1
easy:716249009	easy	E	E	True	True	True	0.475	0.475	0.35756148	0.4094	24.7
hard:267532001	hard	H	A	False	False	True	0.3944	0.1938	0.85502163	0.3187	20.2
hard:254069004	hard	C	C	True	True	False	0.3774	0.3774	0.49059996	0.2995	24.2
none-narrower:56090007	none-narrower	none	E	False	False		0.7972	0.1121	1.42588274	0.7719	103.6
hard:410041002	hard	G	G	True	True	False	0.7903	0.7903	0.06141672	0.7641	24.6
easy:40956001	easy	C	C	True	True	False	0.5114	0.5114	0.29710778000000004	0.4503	25.7
retrieval-miss:711265009	retrieval-miss	none	A	False	False	True	0.2071	0.1884	0.7682954499999999	0.108	24.8
none-narrower:53284008	none-narrower	none	F	False	False		0.2057	0.159	0.8114393899999999	0.1064	24.2
easy:715374003	easy	G	G	True	True	True	0.6668	0.6668	0.13982728000000003	0.6251	24.8
retrieval-miss:59252009	retrieval-miss	none	C	False	False	True	0.7016	0.1532	1.2142639499999999	0.6643	103.4
retrieval-miss:197352008	retrieval-miss	none	none	True	False	True	0.3094	0.3094	0.5552138799999999	0.2231	23.7
none-narrower:68361004	none-narrower	none	none	True	False		0.2591	0.2591	0.65257105	0.1665	25.5
gold-removed:726349006	gold-removed	none	none	True	False		0.3341	0.3341	0.5597035899999999	0.2509	21.4
easy:711163009	easy	B	B	True	True	False	0.777	0.777	0.07402193999999998	0.7491	103.6
none-narrower:425756000	none-narrower	none	none	True	False		0.2972	0.2972	0.61962926	0.2094	24.0
easy:398036000	easy	G	H	False	False	True	0.4497	0.0451	1.16934171	0.381	24.7
easy:69134001	easy	G	G	True	True	False	0.77	0.77	0.07495338999999998	0.7412	23.0
none-narrower:85209005	none-narrower	none	B	False	False		0.2822	0.203	0.7616843299999999	0.1925	24.4
gold-removed:67873006	gold-removed	none	none	True	False		0.4055	0.4055	0.4146633500000001	0.3312	25.8
hard:7393007	hard	B	B	True	False	True	0.4669	0.4669	0.33811084	0.4003	22.8
none-narrower:1254886004	none-narrower	none	G	False	False		0.6198	0.2015	1.0283788699999998	0.5723	22.8
hard:61738006	hard	D	D	True	True	False	0.4091	0.4091	0.44191114	0.3352	25.8
easy:236740006	easy	C	none	False	False	True	0.2711	0.2583	0.67743485	0.18	24.2
hard:403426003	hard	H	H	True	True	False	0.5128	0.5128	0.31210452	0.4519	20.8
none-narrower:720979002	none-narrower	none	D	False	False		0.501	0.1517	0.9953475	0.4386	25.2
hard:186437007	hard	G	G	True	False	True	0.3238	0.3238	0.55629616	0.2393	23.0
hard:134031000119108	hard	B	B	True	True	True	0.7369	0.7369	0.09370672	0.704	25.2
easy:95643007	easy	G	G	True	True	False	0.3711	0.3711	0.47210132	0.2925	25.2
gold-removed:717183001	gold-removed	none	A	False	False		0.6979	0.0899	1.32672277	0.6602	26.0
easy:72991005	easy	B	B	True	True	True	0.318	0.318	0.5590056899999999	0.2327	20.4
retrieval-miss:71444005	retrieval-miss	none	G	False	False	True	0.3311	0.3223	0.5876267199999999	0.2475	24.5
easy:400178008	easy	G	G	True	True	False	0.4334	0.4334	0.38547876999999997	0.3626	23.4
none-narrower:688271000119100	none-narrower	none	H	False	False		0.7541	0.2005	1.20831571	0.7234	26.2
hard:698251009	hard	C	C	True	True	True	0.5922	0.5922	0.20573556000000004	0.5412	24.6
retrieval-miss:445507008	retrieval-miss	none	C	False	False	True	0.4374	0.2763	0.7368330200000001	0.3671	24.5
hard:363478007	hard	H	F	False	True	True	0.4063	0.2058	0.85569189	0.3321	25.0
hard:297232009	hard	G	G	True	True	False	0.3768	0.3768	0.46618887999999997	0.2989	24.8
none-narrower:1177049006	none-narrower	none	none	True	False		0.3475	0.3475	0.5382552900000002	0.266	25.1
easy:50967008	easy	A	A	True	True	False	0.3899	0.3899	0.43410862	0.3136	24.5
hard:302162004	hard	E	E	True	True	False	0.7225	0.7225	0.09707519999999999	0.6879	22.8
easy:45339001	easy	A	A	True	True	False	0.5894	0.5894	0.20569463	0.538	24.4
easy:419097006	easy	A	A	True	True	False	0.7667	0.7667	0.07605485999999997	0.7376	25.8
none-narrower:64634000	none-narrower	none	none	True	False		0.3049	0.3049	0.5676800000000001	0.218	23.1
easy:92175003	easy	G	G	True	True	False	0.39	0.39	0.47380444	0.3137	25.9
none-narrower:21420006	none-narrower	none	none	True	False		0.3027	0.3027	0.5883774500000001	0.2156	24.6
retrieval-miss:36803009	retrieval-miss	none	F	False	False	True	0.805	0.0976	1.4638036100000003	0.7807	25.4
hard:2576002	hard	G	G	True	False	True	0.7491	0.7491	0.08952617	0.7178	25.0
easy:458432002	easy	E	E	True	True	False	0.395	0.395	0.43786157000000003	0.3194	25.0
none-narrower:609464004	none-narrower	none	B	False	False		0.401	0.2971	0.6774399900000001	0.3261	24.3
easy:1059007	easy	E	E	True	True	False	0.6921	0.6921	0.14809414999999998	0.6536	26.2
retrieval-miss:717182006	retrieval-miss	none	A	False	False	True	0.2918	0.2339	0.70972357	0.2033	109.0
easy:26037005	easy	D	none	False	False	True	0.4373	0.2448	0.78328326	0.367	22.6
hard:47125007	hard	E	E	True	True	False	0.4044	0.4044	0.43830463	0.3299	24.4
none-narrower:449782007	none-narrower	none	none	True	False		0.3957	0.3957	0.4304126100000001	0.3201	24.7
easy:719838008	easy	B	B	True	False	True	0.492	0.492	0.30701657	0.4285	25.0
hard:128870005	hard	E	C	False	False	True	0.5657	0.153	1.0911165299999999	0.5114	24.4
easy:186312003	easy	C	C	True	True	False	0.4432	0.4432	0.40014212	0.3736	25.7
gold-removed:715391004	gold-removed	none	none	True	False		0.2887	0.2887	0.5908218000000001	0.1998	23.8
hard:2946003	hard	D	D	True	False	True	0.5024	0.5024	0.30620386	0.4402	23.3
hard:274864009	hard	G	G	True	True	True	0.3491	0.3491	0.54153797	0.2678	110.5
easy:54280009	easy	G	G	True	True	False	0.7457	0.7457	0.09293497999999999	0.7139	24.2
none-narrower:81704009	none-narrower	none	none	True	False		0.3261	0.3261	0.5505782899999999	0.2419	25.2
retrieval-miss:702949005	retrieval-miss	none	none	True	False	True	0.3979	0.3979	0.41658262000000007	0.3226	101.2
hard:373905003	hard	B	B	True	True	True	0.5881	0.5881	0.20373065000000007	0.5366	24.6
retrieval-miss:277574007	retrieval-miss	none	A	False	False	True	0.4232	0.1154	1.01921481	0.3511	24.7
hard:92668003	hard	H	H	True	True	False	0.635	0.635	0.17310821	0.5894	24.6
hard:88687001	hard	E	E	True	False	True	0.6293	0.6293	0.17152629000000003	0.5829	24.6
easy:190794006	easy	C	C	True	False	True	0.5446	0.5446	0.26206684	0.4877	26.1
easy:16784003	easy	C	H	False	False	True	0.2394	0.1868	0.79983219	0.1444	23.1
hard:18504008	hard	D	D	True	True	False	0.6015	0.6015	0.21306989999999998	0.5517	108.9
gold-removed:234500001	gold-removed	none	A	False	False		0.2942	0.1777	0.8323758400000001	0.206	24.6
easy:265798000	easy	G	G	True	False	True	0.3669	0.3669	0.49856109	0.2877	23.0
none-narrower:202918005	none-narrower	none	none	True	False		0.314	0.314	0.57907088	0.2283	24.3
gold-removed:765141005	gold-removed	none	none	True	False		0.338	0.338	0.5025680299999999	0.2553	25.8
none-narrower:233696002	none-narrower	none	E	False	False		0.4715	0.3004	0.72000937	0.4054	106.5
hard:403818001	hard	F	B	False	True	False	0.4015	0.2425	0.7711932100000002	0.3267	24.5
none-narrower:285251000119101	none-narrower	none	B	False	False		0.3644	0.1336	0.9421755400000001	0.285	24.2
easy:36989005	easy	H	H	True	True	False	0.391	0.391	0.49554303	0.3148	25.6
hard:763632004	hard	G	G	True	False	True	0.7226	0.7226	0.10044467999999998	0.6879	22.5
hard:92059004	hard	G	G	True	True	False	0.4375	0.4375	0.39995353999999994	0.3672	23.1
easy:389203001	easy	B	none	False	True	False	0.372	0.3485	0.58896708	0.2935	25.8
retrieval-miss:18718003	retrieval-miss	none	none	True	False	True	0.3994	0.3994	0.41211713000000005	0.3243	23.9
none-narrower:710360007	none-narrower	none	E	False	False		0.3158	0.2098	0.7604117600000001	0.2303	23.0
gold-removed:47014000	gold-removed	none	none	True	False		0.3151	0.3151	0.5708394200000001	0.2295	24.2
hard:37785001	hard	E	E	True	True	False	0.7688	0.7688	0.07846257999999998	0.7399	24.5
hard:237877004	hard	G	G	True	True	False	0.5896	0.5896	0.20658173	0.5383	26.2
easy:304603007	easy	H	E	False	True	False	0.397	0.1096	1.06823429	0.3216	26.3
hard:93948004	hard	E	E	True	True	True	0.2714	0.2714	0.63481616	0.1804	24.5
hard:430042004	hard	F	none	False	True	False	0.4824	0.1552	0.98165012	0.4177	25.0
hard:254062008	hard	H	H	True	True	False	0.3481	0.3481	0.52151282	0.2666	108.0
hard:725392005	hard	G	A	False	False	True	0.3671	0.1138	0.9871791799999999	0.288	24.8
easy:229752008	easy	D	A	False	False	True	0.2649	0.0899	1.01544674	0.173	23.7
easy:14386001	easy	F	F	True	True	False	0.3804	0.3804	0.4892957499999999	0.303	24.7
none-narrower:276646003	none-narrower	none	G	False	False		0.2528	0.2137	0.72888661	0.1595	24.5
retrieval-miss:448015002	retrieval-miss	none	G	False	False	True	0.2921	0.2295	0.72989617	0.2036	23.7
none-narrower:188247000	none-narrower	none	B	False	False		0.3391	0.251	0.7234824099999999	0.2564	23.7
easy:254180002	easy	B	B	True	True	False	0.3186	0.3186	0.5704414999999999	0.2334	29.4
easy:766928004	easy	E	E	True	True	True	0.6966	0.6966	0.11307529	0.6586	25.8
none-narrower:230174006	none-narrower	none	A	False	False		0.3809	0.2098	0.81394672	0.3035	24.9
gold-removed:255184001	gold-removed	none	D	False	False		0.4898	0.2266	0.8737311299999999	0.426	24.7
retrieval-miss:62628008	retrieval-miss	none	C	False	False	True	0.299	0.1607	0.8876969199999999	0.2114	26.5
gold-removed:25792000	gold-removed	none	none	True	False		0.3624	0.3624	0.4936298499999999	0.2827	26.0
easy:127024001	easy	F	F	True	True	False	0.5102	0.5102	0.30326307	0.449	26.0
hard:13534001	hard	F	F	True	True	False	0.5339	0.5339	0.31271033	0.4756	25.0
gold-removed:70020005	gold-removed	none	none	True	False		0.5714	0.5714	0.20998384	0.5178	25.0
hard:198029003	hard	A	A	True	True	False	0.5714	0.5714	0.23396575	0.5179	24.7
easy:6631009	easy	H	none	False	False	True	0.243	0.1955	0.78077892	0.1483	26.1
retrieval-miss:403910009	retrieval-miss	none	E	False	False	True	0.3134	0.1949	0.8432617800000001	0.2275	25.2
hard:399072004	hard	E	E	True	True	True	0.5867	0.5867	0.23932331	0.535	23.2
gold-removed:82323002	gold-removed	none	C	False	False		0.2282	0.1512	0.84210547	0.1317	24.2
hard:254167000	hard	F	none	False	False	True	0.3821	0.178	0.8529560500000001	0.3049	23.8
hard:72925005	hard	G	H	False	False	True	0.3481	0.1473	0.9246660099999999	0.2666	26.3
hard:703219008	hard	C	B	False	True	True	0.3696	0.305	0.6492203800000002	0.2908	167.1
easy:254052001	easy	G	A	False	False	True	0.3768	0.2554	0.7254654199999999	0.2989	25.8
none-narrower:403933005	none-narrower	none	F	False	False		0.4002	0.3886	0.54344558	0.3252	24.6
retrieval-miss:239011004	retrieval-miss	none	none	True	False	True	0.2168	0.2168	0.7073791	0.1189	101.2
easy:67782005	easy	G	F	False	False	True	0.4125	0.06	1.12146471	0.3391	24.5
hard:237946002	hard	H	H	True	False	True	0.3108	0.3108	0.6067815999999999	0.2247	98.0
easy:204036008	easy	F	none	False	True	False	0.3182	0.1744	0.8243892899999999	0.233	24.5
easy:93870000	easy	C	C	True	True	True	0.5996	0.5996	0.22280162	0.5495	25.2
none-narrower:149941000119100	none-narrower	none	C	False	False		0.4161	0.2251	0.7939052200000001	0.3431	22.9
gold-removed:766815007	gold-removed	none	H	False	False		0.5397	0.2468	0.87112236	0.4822	25.8
none-narrower:402925001	none-narrower	none	A	False	False		0.5851	0.2732	0.8738587099999999	0.5333	23.0
easy:57219006	easy	G	B	False	False	True	0.6044	0.0307	1.33838969	0.555	24.8
hard:254157005	hard	D	D	True	False	True	0.5257	0.5257	0.32557249	0.4664	26.4
none-narrower:403129004	none-narrower	none	B	False	False		0.4147	0.1996	0.83894661	0.3416	23.0
none-narrower:52042003	none-narrower	none	A	False	False		0.4899	0.1492	0.99622221	0.4261	25.1
easy:128333008	easy	A	A	True	True	False	0.592	0.592	0.21028710000000006	0.541	24.1
none-narrower:255051004	none-narrower	none	none	True	False		0.3281	0.3281	0.57951709	0.2442	24.4
easy:389272007	easy	E	E	True	True	False	0.7501	0.7501	0.08048188	0.7188	23.3
retrieval-miss:102878001	retrieval-miss	none	none	True	False	True	0.4879	0.4879	0.3037163	0.4239	26.1
hard:717052002	hard	E	E	True	True	False	0.7305	0.7305	0.08849289999999997	0.6968	25.2
retrieval-miss:237886009	retrieval-miss	none	A	False	False	True	0.7934	0.1008	1.44040411	0.7676	23.3
retrieval-miss:235919008	retrieval-miss	none	none	True	False	True	0.6236	0.6236	0.16916059999999997	0.5765	23.4
hard:254096001	hard	C	C	True	True	False	0.7502	0.7502	0.07826545000000001	0.7189	25.0
easy:59276001	easy	H	H	True	False	True	0.4917	0.4917	0.33875657000000003	0.4281	24.1
gold-removed:88233000	gold-removed	none	none	True	False		0.5621	0.5621	0.23501404999999997	0.5074	24.5
easy:717014003	easy	F	F	True	True	False	0.3326	0.3326	0.5263619199999999	0.2492	110.4
retrieval-miss:269476000	retrieval-miss	none	E	False	False	True	0.2508	0.1819	0.7923560000000001	0.1571	24.6
easy:56048001	easy	C	C	True	False	True	0.4519	0.4519	0.36611419000000006	0.3834	24.2
easy:45142002	easy	B	B	True	True	False	0.8222	0.8222	0.04626931999999999	0.8	24.6
none-narrower:335561000119101	none-narrower	none	F	False	False		0.4601	0.2355	0.8158622199999999	0.3927	24.1
hard:61094002	hard	A	A	True	True	False	0.7073	0.7073	0.10320615999999998	0.6708	104.6
easy:197260007	easy	A	A	True	False	True	0.6986	0.6986	0.11356052000000001	0.661	24.2
hard:363481002	hard	G	G	True	True	True	0.4186	0.4186	0.4515163299999999	0.3459	100.4
retrieval-miss:230687001	retrieval-miss	none	E	False	False	True	0.3144	0.1989	0.7881593200000001	0.2287	24.8
easy:29227009	easy	G	G	True	True	False	0.5056	0.5056	0.35387865999999996	0.4438	22.9
retrieval-miss:30865009	retrieval-miss	none	none	True	False	True	0.3883	0.3883	0.5056707	0.3118	24.0
hard:128207002	hard	C	C	True	True	False	0.6516	0.6516	0.15063654	0.6081	24.1
hard:233858000	hard	A	A	True	True	True	0.5126	0.5126	0.31049438000000007	0.4517	24.1
retrieval-miss:277475006	retrieval-miss	none	B	False	False	True	0.5698	0.1771	1.01522254	0.5161	25.6
hard:363352004	hard	E	E	True	True	False	0.4534	0.4534	0.38765899000000004	0.385	24.4
hard:65814009	hard	D	D	True	True	False	0.6336	0.6336	0.16217701999999998	0.5879	23.1
none-narrower:426370008	none-narrower	none	D	False	False		0.2684	0.1932	0.78445963	0.177	106.0
none-narrower:39625001	none-narrower	none	E	False	False		0.2993	0.2882	0.62772801	0.2118	24.6
none-narrower:271386001	none-narrower	none	A	False	False		0.2055	0.2053	0.7458043199999999	0.1062	25.6
easy:63844009	easy	F	F	True	True	False	0.3203	0.3203	0.55351762	0.2354	100.1
easy:254957009	easy	B	A	False	False	True	0.5437	0.122	1.0971545099999997	0.4867	101.0
hard:397734008	hard	G	E	False	True	False	0.3223	0.2042	0.81857629	0.2376	25.8
gold-removed:80126007	gold-removed	none	none	True	False		0.3931	0.3931	0.47118967999999994	0.3173	25.7
hard:36874002	hard	E	E	True	True	False	0.5534	0.5534	0.24284698	0.4976	23.2
easy:92058007	easy	F	F	True	True	True	0.4648	0.4648	0.34641093000000006	0.3979	24.4
none-narrower:268651002	none-narrower	none	none	True	False		0.5012	0.5012	0.29063192000000004	0.4388	19.9
gold-removed:312491004	gold-removed	none	C	False	False		0.3943	0.3349	0.6317107399999999	0.3186	25.0
easy:110004001	easy	A	A	True	True	False	0.6754	0.6754	0.13215712000000002	0.6348	109.3
hard:398796005	hard	B	B	True	True	False	0.5909	0.5909	0.20422864000000002	0.5398	24.6
hard:302161006	hard	B	B	True	True	False	0.6927	0.6927	0.12238201000000003	0.6542	20.1
hard:191169008	hard	F	C	False	False	True	0.7131	0.0195	1.4915380499999997	0.6772	25.5
gold-removed:608817003	gold-removed	none	none	True	False		0.5031	0.5031	0.30983668	0.4409	24.6
easy:303012000	easy	H	G	False	True	False	0.3403	0.2753	0.6881385700000001	0.2579	24.5
hard:719012009	hard	E	F	False	True	False	0.2449	0.1892	0.77704768	0.1505	25.0
hard:269533000	hard	D	D	True	True	False	0.3562	0.3562	0.5071822599999999	0.2757	22.6
easy:397015000	easy	H	H	True	True	False	0.7073	0.7073	0.10913575999999997	0.6707	26.0
none-narrower:232245002	none-narrower	none	none	True	False		0.3277	0.3277	0.53045697	0.2436	24.1
retrieval-miss:129154003	retrieval-miss	none	D	False	False	True	0.253	0.2131	0.75182065	0.1596	25.9
gold-removed:359732009	gold-removed	none	none	True	False		0.2822	0.2822	0.61230374	0.1925	105.1
gold-removed:706885006	gold-removed	none	H	False	False		0.2844	0.1582	0.84845171	0.1949	99.1
none-narrower:192051000	none-narrower	none	none	True	False		0.4027	0.4027	0.4444277399999999	0.328	22.9
gold-removed:716588005	gold-removed	none	A	False	False		0.298	0.1223	0.9474410000000001	0.2103	103.8
hard:721881008	hard	G	G	True	True	False	0.5961	0.5961	0.20923905000000004	0.5457	98.8
gold-removed:360375007	gold-removed	none	none	True	False		0.2381	0.2381	0.6883402200000001	0.1429	20.1
none-narrower:1258979003	none-narrower	none	H	False	False		0.383	0.194	0.8348329900000001	0.3058	100.0
easy:56787009	easy	B	B	True	False	True	0.5521	0.5521	0.23749767999999993	0.4961	24.0
none-narrower:235986006	none-narrower	none	D	False	False		0.3717	0.1709	0.8669953899999999	0.2932	22.7
retrieval-miss:56038003	retrieval-miss	none	E	False	False	True	0.2608	0.217	0.73442939	0.1684	22.8
retrieval-miss:716649003	retrieval-miss	none	A	False	False	True	0.5419	0.0933	1.1593190500000001	0.4847	25.8
hard:723096000	hard	B	B	True	True	True	0.473	0.473	0.34017097	0.4071	22.8
none-narrower:337871000119100	none-narrower	none	F	False	False		0.3666	0.2428	0.73123637	0.2875	19.6
retrieval-miss:234477002	retrieval-miss	none	A	False	False	True	0.4648	0.2166	0.8481777899999999	0.3979	109.4
easy:50189006	easy	D	D	True	False	True	0.4331	0.4331	0.4374064	0.3623	22.6
retrieval-miss:403780007	retrieval-miss	none	A	False	False	True	0.5132	0.0926	1.13243775	0.4524	25.9
easy:39912006	easy	F	F	True	True	False	0.2841	0.2841	0.60538759	0.1946	101.7
none-narrower:93829002	none-narrower	none	H	False	False		0.3929	0.2054	0.86056027	0.317	24.5
hard:22451001	hard	C	C	True	True	True	0.5988	0.5988	0.20318024	0.5486	23.1
easy:124275001	easy	E	E	True	True	False	0.5289	0.5289	0.29270455999999995	0.47	28.6
hard:126833009	hard	C	C	True	True	False	0.3236	0.3236	0.55956857	0.2391	24.8
none-narrower:75548002	none-narrower	none	B	False	False		0.2866	0.1788	0.8099501900000001	0.1974	24.8
hard:717821004	hard	G	G	True	True	False	0.5609	0.5609	0.23752059000000003	0.506	106.6
gold-removed:254877001	gold-removed	none	E	False	False		0.2468	0.2375	0.7033242	0.1526	24.5
gold-removed:726702005	gold-removed	none	none	True	False		0.3311	0.3311	0.5110113800000001	0.2475	99.6
retrieval-miss:254064009	retrieval-miss	none	none	True	False	True	0.2229	0.2229	0.6916015	0.1258	22.9
easy:39288006	easy	C	C	True	False	True	0.2992	0.2992	0.60796172	0.2116	23.7
easy:62311004	easy	C	A	False	True	True	0.6305	0.2049	1.0404457799999998	0.5843	25.6
hard:255084004	hard	F	F	True	True	True	0.6798	0.6798	0.13070392000000003	0.6397	24.8
hard:762282007	hard	C	C	True	False	True	0.792	0.792	0.06085131999999999	0.766	25.7
easy:276860003	easy	B	B	True	True	False	0.3364	0.3364	0.5485936699999999	0.2535	24.8
hard:33958003	hard	H	none	False	True	False	0.2674	0.2283	0.7373114400000002	0.1758	23.8
none-narrower:237782001	none-narrower	none	none	True	False		0.2869	0.2869	0.5933603600000001	0.1978	24.8
retrieval-miss:23687008	retrieval-miss	none	none	True	False	True	0.3785	0.3785	0.4621478399999999	0.3008	24.9
easy:720414005	easy	G	G	True	False	True	0.6211	0.6211	0.17959802	0.5738	25.9
hard:195021004	hard	F	F	True	True	False	0.2198	0.2198	0.72365276	0.1223	24.7
hard:363436001	hard	E	none	False	True	True	0.2524	0.192	0.79820556	0.159	24.2
easy:92083007	easy	B	B	True	True	True	0.7164	0.7164	0.10795201999999998	0.681	24.3
retrieval-miss:398768004	retrieval-miss	none	E	False	False	True	0.5418	0.2553	0.8722664299999998	0.4845	109.7
none-narrower:52897009	none-narrower	none	A	False	False		0.4349	0.2393	0.8027426499999999	0.3643	25.7
none-narrower:29340001000004108	none-narrower	none	A	False	False		0.4473	0.2075	0.84665382	0.3783	23.7
easy:404077005	easy	H	H	True	True	False	0.29	0.29	0.61766601	0.2013	24.1
easy:51500006	easy	B	C	False	True	False	0.4379	0.3219	0.6697751099999999	0.3677	23.0
retrieval-miss:82639001	retrieval-miss	none	G	False	False	True	0.7247	0.2384	1.10554831	0.6902	24.9
hard:4760008	hard	H	H	True	True	False	0.6751	0.6751	0.13384068	0.6345	24.3
gold-removed:91478007	gold-removed	none	A	False	False		0.4088	0.1718	0.8929595000000001	0.3349	23.2
hard:126485001	hard	D	D	True	True	False	0.8021	0.8021	0.05416248999999998	0.7774	24.7
gold-removed:314270008	gold-removed	none	C	False	False		0.3447	0.2648	0.6872644400000001	0.2628	23.7
easy:57917004	easy	C	C	True	True	False	0.3679	0.3679	0.48684786999999996	0.2888	25.9
hard:703403003	hard	B	B	True	False	True	0.4415	0.4415	0.39027550000000005	0.3717	26.4
easy:30496006	easy	C	C	True	False	True	0.4407	0.4407	0.42973849999999997	0.3708	24.9
easy:402525008	easy	C	C	True	True	False	0.4832	0.4832	0.3304947899999999	0.4186	24.5
hard:719209002	hard	B	B	True	True	False	0.8203	0.8203	0.04244456999999999	0.7979	109.4
easy:721094006	easy	H	H	True	True	False	0.6412	0.6412	0.19700700999999998	0.5964	99.5
hard:91612009	hard	E	E	True	True	False	0.6393	0.6393	0.15992547000000001	0.5942	19.1
none-narrower:1187464007	none-narrower	none	E	False	False		0.5782	0.0912	1.1996617200000002	0.5255	24.4
hard:17025000	hard	C	C	True	False	True	0.489	0.489	0.31928857000000005	0.4251	26.2
none-narrower:427910000	none-narrower	none	F	False	False		0.4021	0.1888	0.8682438600000001	0.3273	23.1
gold-removed:49049000	gold-removed	none	none	True	False		0.3776	0.3776	0.44738487000000005	0.2998	24.7
hard:57863006	hard	E	E	True	True	False	0.6715	0.6715	0.14110016000000003	0.6305	25.2
gold-removed:26899006	gold-removed	none	D	False	False		0.5229	0.1997	0.9476706300000001	0.4633	24.8
none-narrower:15959101000119103	none-narrower	none	A	False	False		0.2328	0.2285	0.7244419799999999	0.1369	26.1
gold-removed:404064001	gold-removed	none	A	False	False		0.7278	0.1961	1.1770207300000002	0.6937	26.0
hard:254838004	hard	A	A	True	True	False	0.6586	0.6586	0.14463775000000004	0.6159	24.8
easy:363494000	easy	G	G	True	True	True	0.356	0.356	0.5160586	0.2755	24.2
none-narrower:368721000119104	none-narrower	none	E	False	False		0.3076	0.2945	0.63265623	0.2211	24.1
hard:31220004	hard	B	B	True	True	False	0.3969	0.3969	0.43656106999999994	0.3215	25.0
none-narrower:190471009	none-narrower	none	F	False	False		0.3282	0.2532	0.70526433	0.2442	23.0
gold-removed:26538006	gold-removed	none	E	False	False		0.4853	0.2479	0.8148339299999999	0.4209	23.3
hard:204431007	hard	B	B	True	True	False	0.4965	0.4965	0.33458113	0.4336	24.4
gold-removed:48500005	gold-removed	none	none	True	False		0.3521	0.3521	0.5101314399999999	0.2712	21.1
easy:734020000	easy	C	C	True	True	False	0.7194	0.7194	0.09805037999999999	0.6844	24.5
retrieval-miss:720410001	retrieval-miss	none	none	True	False	True	0.2307	0.2307	0.68705114	0.1345	110.1
retrieval-miss:389100007	retrieval-miss	none	none	True	False	True	0.3828	0.3828	0.43778557999999995	0.3056	99.3
none-narrower:197606008	none-narrower	none	none	True	False		0.2515	0.2515	0.6637275699999998	0.1579	22.9
hard:626004	hard	H	H	True	True	False	0.5834	0.5834	0.3000986299999999	0.5314	101.9
easy:52186006	easy	G	G	True	True	False	0.3049	0.3049	0.59210884	0.218	24.6
retrieval-miss:422886007	retrieval-miss	none	D	False	False	True	0.5762	0.1402	1.10049762	0.5233	24.0
hard:609573005	hard	A	A	True	True	False	0.6843	0.6843	0.12162371999999998	0.6448	25.9
hard:72893007	hard	A	A	True	True	True	0.4052	0.4052	0.42320484999999997	0.3308	24.6
gold-removed:254113006	gold-removed	none	A	False	False		0.2639	0.2465	0.6951981900000002	0.1719	24.6
easy:2177002	easy	B	B	True	True	False	0.7212	0.7212	0.10315149000000001	0.6864	23.8
hard:111293003	hard	H	none	False	False	True	0.2325	0.1018	0.94050321	0.1366	24.0
retrieval-miss:54203008	retrieval-miss	none	none	True	False	True	0.6812	0.6812	0.11580991999999998	0.6414	25.4
easy:239032007	easy	G	G	True	True	False	0.5195	0.5195	0.28923113	0.4594	106.7
hard:398680004	hard	F	C	False	False	True	0.2748	0.1443	0.88919658	0.1842	98.6
easy:733626002	easy	C	C	True	True	False	0.815	0.815	0.045115030000000014	0.7918	99.5
none-narrower:94505005	none-narrower	none	none	True	False		0.3191	0.3191	0.5625477500000001	0.2339	25.5
hard:724840004	hard	A	A	True	True	False	0.5646	0.5646	0.22016647000000003	0.5102	29.3
easy:303852004	easy	D	D	True	True	False	0.4934	0.4934	0.3158954799999999	0.4301	25.5
none-narrower:890354000	none-narrower	none	G	False	False		0.5161	0.2661	0.81408001	0.4556	23.1
retrieval-miss:725291001	retrieval-miss	none	none	True	False	True	0.3965	0.3965	0.4282112899999999	0.3211	105.0
retrieval-miss:17885001	retrieval-miss	none	none	True	False	True	0.3813	0.3813	0.47409587000000003	0.304	102.1
gold-removed:120639003	gold-removed	none	G	False	False		0.4503	0.3425	0.6455582999999999	0.3816	25.2
hard:92272009	hard	E	E	True	True	True	0.6712	0.6712	0.13395939999999998	0.6301	24.6
gold-removed:87211000119104	gold-removed	none	none	True	False		0.2701	0.2701	0.64527482	0.1789	99.1
none-narrower:143291000119104	none-narrower	none	none	True	False		0.2391	0.2391	0.6842792600000001	0.144	97.6
retrieval-miss:10651001	retrieval-miss	none	none	True	False	True	0.3879	0.3879	0.43740378999999996	0.3114	24.6
easy:720636001	easy	G	G	True	True	False	0.7428	0.7428	0.09612812000000001	0.7107	24.7
none-narrower:22935002	none-narrower	none	none	True	False		0.3144	0.3144	0.55902762	0.2287	24.8
easy:716742001	easy	F	F	True	False	True	0.4093	0.4093	0.47860143	0.3354	24.2
hard:398114001	hard	B	B	True	True	False	0.8442	0.8442	0.03245695000000002	0.8247	26.1
gold-removed:27868004	gold-removed	none	none	True	False		0.4089	0.4089	0.4447446199999999	0.335	23.9
retrieval-miss:238700008	retrieval-miss	none	none	True	False	True	0.2997	0.2997	0.5722989499999999	0.2122	24.8
easy:30281009	easy	D	E	False	True	False	0.2664	0.1599	0.8611017000000002	0.1747	24.0
none-narrower:12181002	none-narrower	none	G	False	False		0.2865	0.2805	0.64368797	0.1973	25.8
easy:78511005	easy	H	H	True	True	False	0.623	0.623	0.18573155	0.5759	25.0
easy:26360005	easy	A	A	True	True	True	0.5989	0.5989	0.19015946	0.5488	23.1
none-narrower:403964007	none-narrower	none	H	False	False		0.6717	0.1007	1.27175145	0.6307	23.4
hard:303098002	hard	A	A	True	True	False	0.481	0.481	0.34752537000000006	0.4161	25.3
none-narrower:1343512002	none-narrower	none	F	False	False		0.2515	0.1844	0.79311385	0.1579	24.2
easy:232086000	easy	E	none	False	False	True	0.2301	0.21	0.7517356800000001	0.1339	24.5
easy:703544004	easy	B	B	True	False	True	0.755	0.755	0.07976511	0.7244	108.5
retrieval-miss:720861000	retrieval-miss	none	G	False	False	True	0.2958	0.186	0.8094289600000001	0.2078	98.9
none-narrower:1371100008	none-narrower	none	none	True	False		0.3281	0.3281	0.52589236	0.2441	23.7
easy:253298003	easy	G	F	False	False	True	0.2281	0.0668	1.0186926	0.1316	24.3
gold-removed:7071007	gold-removed	none	none	True	False		0.8148	0.8148	0.04043394000000001	0.7917	20.6
easy:35111009	easy	D	D	True	True	True	0.5946	0.5946	0.21308116000000002	0.5439	24.9
none-narrower:418054005	none-narrower	none	A	False	False		0.3702	0.2654	0.7010565599999998	0.2915	25.9
hard:27916005	hard	B	B	True	True	False	0.8382	0.8382	0.035172530000000014	0.8179	23.4
hard:72124005	hard	H	H	True	True	False	0.5002	0.5002	0.3277019300000001	0.4377	20.0
easy:111354009	easy	D	D	True	False	True	0.7061	0.7061	0.12085874000000005	0.6694	23.0
hard:11218009	hard	B	B	True	False	True	0.2295	0.2295	0.71044082	0.1332	24.5
easy:717734005	easy	E	none	False	True	False	0.2217	0.09	0.9711435400000001	0.1244	25.9
easy:716277000	easy	D	D	True	True	False	0.8044	0.8044	0.0570059	0.7799	26.5
retrieval-miss:95532008	retrieval-miss	none	G	False	False	True	0.2406	0.1899	0.7833278300000001	0.1457	24.3
hard:67678004	hard	D	none	False	True	True	0.2407	0.0676	1.03696582	0.1458	23.3
none-narrower:235929001	none-narrower	none	none	True	False		0.2001	0.2001	0.7358482300000001	0.1001	25.5
gold-removed:235601001	gold-removed	none	none	True	False		0.2875	0.2875	0.60916121	0.1985	24.7
gold-removed:717332007	gold-removed	none	none	True	False		0.2491	0.2491	0.65766884	0.1552	26.3
easy:766050000	easy	A	A	True	True	False	0.3537	0.3537	0.55090754	0.2729	109.7
gold-removed:187740000	gold-removed	none	C	False	False		0.4775	0.4024	0.58754921	0.4122	24.3
easy:196133001	easy	E	E	True	False	True	0.2398	0.2398	0.69534406	0.1448	24.4
none-narrower:38731000087104	none-narrower	none	B	False	False		0.3865	0.3073	0.65617627	0.3099	23.6
none-narrower:48352007	none-narrower	none	A	False	False		0.4984	0.1772	0.9459603999999999	0.4357	20.7
retrieval-miss:190773008	retrieval-miss	none	F	False	False	True	0.2828	0.2815	0.6523247400000001	0.1931	24.7
hard:234577004	hard	G	G	True	True	False	0.4808	0.4808	0.33537354999999996	0.4159	23.2
hard:95776004	hard	G	none	False	True	False	0.28	0.178	0.8343909400000001	0.1901	24.4
easy:124252008	easy	G	G	True	True	False	0.6154	0.6154	0.24324971000000006	0.5674	25.5
easy:402425006	easy	E	none	False	True	False	0.2217	0.1362	0.8792109499999998	0.1244	24.2
hard:722059002	hard	D	D	True	True	False	0.673	0.673	0.13347204999999995	0.6322	108.9
easy:193756007	easy	A	A	True	True	False	0.7904	0.7904	0.06161092000000001	0.7642	25.5
easy:57203004	easy	D	D	True	True	True	0.3977	0.3977	0.45681324000000006	0.3224	22.6
easy:308870004	easy	E	none	False	True	False	0.3378	0.2499	0.7132106000000001	0.255	23.7
gold-removed:205465004	gold-removed	none	B	False	False		0.2466	0.2439	0.67589161	0.1525	99.9
easy:398909004	easy	H	H	True	True	False	0.6708	0.6708	0.16544503000000005	0.6296	23.9
easy:92624000	easy	B	B	True	True	False	0.6621	0.6621	0.15995432999999998	0.6199	22.8
hard:403805009	hard	G	G	True	True	False	0.6696	0.6696	0.14399867000000002	0.6283	24.7
easy:21897009	easy	G	G	True	True	False	0.7627	0.7627	0.07351548999999999	0.733	20.7
hard:278833002	hard	D	B	False	True	True	0.2974	0.1651	0.8452938999999999	0.2096	24.7
gold-removed:721073008	gold-removed	none	C	False	False		0.2271	0.1868	0.77208659	0.1305	24.4
easy:255003007	easy	A	A	True	True	False	0.6002	0.6002	0.19711701000000006	0.5503	108.4
none-narrower:783705006	none-narrower	none	F	False	False		0.4077	0.1458	0.9416877499999998	0.3337	24.0
easy:726609005	easy	C	C	True	True	False	0.8257	0.8257	0.044934510000000004	0.8039	101.7
none-narrower:186679007	none-narrower	none	G	False	False		0.3655	0.2512	0.72545052	0.2861	22.9
none-narrower:27507004	none-narrower	none	none	True	False		0.3943	0.3943	0.50838586	0.3186	24.0
gold-removed:277568007	gold-removed	none	C	False	False		0.5472	0.2014	0.95137611	0.4906	25.3
hard:238676008	hard	B	B	True	False	True	0.7075	0.7075	0.11352652999999999	0.671	23.8
easy:19905009	easy	G	D	False	True	False	0.3037	0.2207	0.7776669300000001	0.2166	23.8
easy:404120006	easy	E	E	True	True	False	0.8025	0.8025	0.05821478000000001	0.7778	105.3
gold-removed:39390005	gold-removed	none	none	True	False		0.2035	0.2035	0.73988692	0.1039	25.5
hard:722290008	hard	F	F	True	False	True	0.3165	0.3165	0.57157184	0.2311	25.0
retrieval-miss:59399004	retrieval-miss	none	none	True	False	True	0.2576	0.2576	0.67229157	0.1648	24.1
retrieval-miss:4855003	retrieval-miss	none	none	True	False	True	0.5481	0.5481	0.25189965999999997	0.4916	23.1
easy:399463004	easy	H	C	False	True	True	0.4551	0.0547	1.15249739	0.387	24.2
hard:230595006	hard	C	C	True	True	False	0.7844	0.7844	0.06027275	0.7575	22.7
retrieval-miss:10177005	retrieval-miss	none	none	True	False	True	0.2762	0.2762	0.61071899	0.1857	23.8
hard:398963001	hard	G	G	True	False	True	0.2914	0.2914	0.6078726200000001	0.2029	24.2
retrieval-miss:717812000	retrieval-miss	none	C	False	False	True	0.4744	0.2674	0.7741001599999998	0.4087	24.3
none-narrower:783558004	none-narrower	none	A	False	False		0.6533	0.1444	1.16510422	0.61	108.8
none-narrower:721677005	none-narrower	none	none	True	False		0.2959	0.2959	0.5789766999999999	0.2079	24.3
none-narrower:372024009	none-narrower	none	D	False	False		0.3195	0.2403	0.7284716200000001	0.2344	24.6
hard:86203003	hard	B	B	True	True	False	0.751	0.751	0.07599949	0.7199	23.1
none-narrower:268654005	none-narrower	none	none	True	False		0.402	0.402	0.44719723	0.3273	24.1
none-narrower:66265004	none-narrower	none	none	True	False		0.4548	0.4548	0.3462425	0.3867	24.2
easy:89655007	easy	F	F	True	False	True	0.4546	0.4546	0.34596429	0.3864	24.8
hard:28656008	hard	D	D	True	False	True	0.5676	0.5676	0.23562183000000003	0.5135	23.1
hard:442551007	hard	A	A	True	True	False	0.6992	0.6992	0.12082470999999997	0.6616	19.8
easy:764997000	easy	G	G	True	True	False	0.4991	0.4991	0.3416941600000001	0.4365	109.3
retrieval-miss:763669001	retrieval-miss	none	C	False	False	True	0.2129	0.2067	0.74447182	0.1145	25.4
none-narrower:1196912004	none-narrower	none	A	False	False		0.1899	0.1779	0.7935652900000001	0.0887	25.5
none-narrower:1237346001	none-narrower	none	B	False	False		0.7461	0.0718	1.43992235	0.7144	24.4
hard:118600007	hard	F	F	True	True	False	0.4114	0.4114	0.40807807	0.3379	24.7
hard:400142003	hard	A	A	True	True	False	0.6935	0.6935	0.11479684	0.6552	24.8
hard:48718006	hard	D	D	True	True	False	0.7663	0.7663	0.07094230000000001	0.7371	25.8
easy:715748006	easy	D	D	True	True	False	0.7028	0.7028	0.12668558000000002	0.6657	105.1
retrieval-miss:58437007	retrieval-miss	none	none	True	False	True	0.2815	0.2815	0.61849637	0.1917	25.5
hard:449096009	hard	F	F	True	True	True	0.418	0.418	0.42081241000000014	0.3452	23.8
easy:718607001	easy	E	E	True	True	False	0.6604	0.6604	0.14752862000000003	0.6179	100.2
hard:79830009	hard	E	E	True	True	False	0.5842	0.5842	0.21132810999999996	0.5322	22.9
easy:698290008	easy	H	H	True	True	False	0.5237	0.5237	0.29143062	0.4641	24.6
none-narrower:65528008	none-narrower	none	F	False	False		0.5225	0.3349	0.7185189599999999	0.4628	23.0
easy:721014007	easy	D	D	True	True	False	0.3966	0.3966	0.4381708099999999	0.3212	102.6
gold-removed:253904001	gold-removed	none	none	True	False		0.375	0.375	0.47830528	0.2968	24.6
easy:392662004	easy	B	B	True	True	False	0.6527	0.6527	0.14902606000000004	0.6093	25.6
none-narrower:29736007	none-narrower	none	none	True	False		0.2103	0.2103	0.7054176700000001	0.1116	24.0
hard:22784002	hard	B	B	True	True	False	0.5496	0.5496	0.25029826	0.4933	24.3
hard:715397000	hard	E	E	True	True	False	0.6607	0.6607	0.15303299000000006	0.6182	23.8
hard:238874008	hard	A	A	True	True	True	0.588	0.588	0.20806988000000004	0.5366	24.4
easy:239069005	easy	H	H	True	True	False	0.7297	0.7297	0.11535933999999999	0.6959	104.9
hard:268240006	hard	H	H	True	True	False	0.3067	0.3067	0.59449419	0.22	24.6
retrieval-miss:715338007	retrieval-miss	none	G	False	False	True	0.2635	0.1824	0.81298381	0.1714	25.7
easy:32620007	easy	E	E	True	True	False	0.7349	0.7349	0.12130474	0.7018	24.7
gold-removed:238078005	gold-removed	none	D	False	False		0.3413	0.2753	0.6653102500000001	0.259	25.0
none-narrower:698836007	none-narrower	none	none	True	False		0.2892	0.2892	0.60844296	0.2003	24.3
easy:79674009	easy	H	H	True	True	False	0.5478	0.5478	0.33433226000000005	0.4912	25.6
none-narrower:724784006	none-narrower	none	none	True	False		0.3697	0.3697	0.4963627200000001	0.2909	24.2
hard:128468007	hard	G	B	False	False	True	0.443	0.0708	1.11214653	0.3734	23.7
retrieval-miss:230499002	retrieval-miss	none	B	False	False	True	0.3838	0.1999	0.8173036499999999	0.3068	24.2
hard:725408001	hard	C	C	True	True	False	0.5827	0.5827	0.23397368999999998	0.5305	25.2
hard:445257004	hard	C	C	True	True	False	0.7107	0.7107	0.10581015999999999	0.6745	24.4
none-narrower:102361000119104	none-narrower	none	none	True	False		0.2191	0.2191	0.7183940500000001	0.1215	24.4
hard:707435002	hard	B	B	True	True	False	0.5539	0.5539	0.25592424	0.4981	24.8
gold-removed:763458005	gold-removed	none	C	False	False		0.7359	0.1013	1.35516213	0.7028	107.7
hard:715427008	hard	G	G	True	True	True	0.4338	0.4338	0.39002851	0.363	99.7
hard:187722004	hard	D	D	True	True	False	0.5309	0.5309	0.26640402999999996	0.4722	25.4
retrieval-miss:17234001	retrieval-miss	none	none	True	False	True	0.4542	0.4542	0.3452119600000001	0.386	23.8
easy:733068001	easy	G	G	True	True	True	0.5835	0.5835	0.22666590000000003	0.5314	24.6
easy:609581006	easy	A	A	True	True	True	0.3796	0.3796	0.52756344	0.302	24.9
retrieval-miss:111395007	retrieval-miss	none	G	False	False	True	0.5493	0.2861	0.81754825	0.493	23.2
hard:58833000	hard	H	H	True	True	True	0.5697	0.5697	0.24342600000000003	0.5159	103.8
gold-removed:58459009	gold-removed	none	A	False	False		0.3614	0.3415	0.5869948899999999	0.2816	23.0
gold-removed:254102008	gold-removed	none	C	False	False		0.5368	0.1455	1.0380577400000002	0.4789	25.9
hard:720344007	hard	A	A	True	True	True	0.403	0.403	0.5087078	0.3283	24.7
easy:416960004	easy	G	F	False	False	True	0.3152	0.1687	0.84577134	0.2296	24.9
hard:428174001	hard	H	E	False	True	False	0.2782	0.2479	0.71276892	0.188	24.7
hard:92405007	hard	A	A	True	True	True	0.4964	0.4964	0.3084013300000001	0.4335	24.8
hard:715395008	hard	C	C	True	True	True	0.6347	0.6347	0.15729909999999994	0.589	24.9
gold-removed:95691008	gold-removed	none	none	True	False		0.2584	0.2584	0.6346963600000001	0.1657	23.1
easy:719069008	easy	G	G	True	True	True	0.5326	0.5326	0.31306680000000003	0.4741	105.5
retrieval-miss:471885006	retrieval-miss	none	A	False	False	True	0.2509	0.2487	0.6692062299999999	0.1572	24.6
none-narrower:1260130005	none-narrower	none	E	False	False		0.7011	0.1146	1.28161872	0.6637	24.8
retrieval-miss:302872003	retrieval-miss	none	none	True	False	True	0.426	0.426	0.3753016400000001	0.3543	22.7
none-narrower:74202002	none-narrower	none	none	True	False		0.2207	0.2207	0.72699393	0.1233	23.8
none-narrower:82069007	none-narrower	none	none	True	False		0.2808	0.2808	0.60799336	0.1909	24.2
hard:85478004	hard	B	B	True	True	False	0.4133	0.4133	0.41304355	0.3399	24.0
hard:721231007	hard	C	C	True	True	False	0.8378	0.8378	0.038671300000000006	0.8175	26.1
hard:266578003	hard	D	D	True	True	False	0.6218	0.6218	0.20183845999999997	0.5745	24.1
easy:704166007	easy	G	none	False	False	True	0.2789	0.0368	1.09537308	0.1888	25.2
hard:205647005	hard	A	none	False	False	True	0.2625	0.1989	0.78513257	0.1703	25.9
gold-removed:707510005	gold-removed	none	C	False	False		0.3793	0.1439	0.9293138	0.3017	102.9
gold-removed:10347006	gold-removed	none	A	False	False		0.3007	0.2221	0.73977166	0.2133	24.3
hard:55379003	hard	E	E	True	True	False	0.6565	0.6565	0.1515035	0.6136	22.9
hard:400166009	hard	A	A	True	True	False	0.4412	0.4412	0.3667097899999999	0.3714	103.5
easy:3135009	easy	C	C	True	True	False	0.5186	0.5186	0.27960783000000006	0.4584	24.0
easy:27201004	easy	B	B	True	True	False	0.3486	0.3486	0.52305821	0.2672	25.0
retrieval-miss:73465006	retrieval-miss	none	A	False	False	True	0.4797	0.2927	0.7393252000000001	0.4147	25.7
easy:238032002	easy	G	E	False	True	False	0.3889	0.1511	0.92312769	0.3125	23.1
hard:16872008	hard	E	E	True	True	True	0.577	0.577	0.23388682000000002	0.5241	24.7
easy:403760006	easy	H	E	False	True	False	0.4885	0.0836	1.14314347	0.4246	24.9
hard:762295002	hard	D	D	True	True	True	0.296	0.296	0.57412685	0.208	24.6
easy:68067009	easy	F	F	True	False	True	0.6394	0.6394	0.17443792000000002	0.5944	107.7
gold-removed:86489003	gold-removed	none	none	True	False		0.292	0.292	0.5865293599999999	0.2035	23.7
gold-removed:720565000	gold-removed	none	G	False	False		0.2807	0.2132	0.7434073099999998	0.1908	102.2
retrieval-miss:75875004	retrieval-miss	none	B	False	False	True	0.34	0.2823	0.6548935800000001	0.2575	23.5
none-narrower:192631000	none-narrower	none	none	True	False		0.4523	0.4523	0.46217812	0.3838	23.9
easy:719981005	easy	E	E	True	True	False	0.5899	0.5899	0.20933176000000003	0.5386	102.5
hard:80960004	hard	D	D	True	True	False	0.4022	0.4022	0.43103056	0.3275	22.9
hard:74469006	hard	D	D	True	False	True	0.3076	0.3076	0.58279498	0.2211	24.0
retrieval-miss:66576001	retrieval-miss	none	G	False	False	True	0.2938	0.2502	0.6875331	0.2056	24.8
easy:1271009	easy	B	B	True	True	False	0.6076	0.6076	0.18944199999999994	0.5586	104.5
hard:73757007	hard	C	C	True	True	False	0.6293	0.6293	0.17550545000000006	0.5829	22.9
easy:68409003	easy	C	none	False	False	True	0.2666	0.1006	0.96411725	0.175	24.3
easy:238021002	easy	B	B	True	False	True	0.4003	0.4003	0.43766429	0.3254	24.1
easy:443439001	easy	F	F	True	True	True	0.5141	0.5141	0.28967573	0.4533	104.4
hard:254131007	hard	H	H	True	True	False	0.6662	0.6662	0.14785196	0.6245	24.7
none-narrower:342291000119102	none-narrower	none	A	False	False		0.2691	0.2308	0.72694161	0.1778	24.6
hard:5217008	hard	E	E	True	True	False	0.7055	0.7055	0.10954544999999999	0.6687	24.1
easy:238007004	easy	F	B	False	False	True	0.414	0.1585	0.9394445600000001	0.3407	109.1
retrieval-miss:716871006	retrieval-miss	none	none	True	False	True	0.3058	0.3058	0.5620069999999999	0.2191	23.6
gold-removed:419237004	gold-removed	none	none	True	False		0.2537	0.2537	0.6514355699999999	0.1604	25.1
hard:716653001	hard	E	E	True	True	False	0.7382	0.7382	0.08855125000000001	0.7055	25.7
gold-removed:609578001	gold-removed	none	none	True	False		0.268	0.268	0.6352289799999999	0.1765	26.0
gold-removed:1899006	gold-removed	none	none	True	False		0.1806	0.1806	0.77004799	0.0782	22.6
hard:416769008	hard	D	D	True	True	True	0.5427	0.5427	0.27326717000000006	0.4855	24.5
easy:363468009	easy	A	B	False	False	True	0.5508	0.2099	0.94743556	0.4947	24.6
hard:402601007	hard	C	C	True	False	True	0.5141	0.5141	0.28157112	0.4534	24.7
retrieval-miss:419193008	retrieval-miss	none	none	True	False	True	0.2884	0.2884	0.59820914	0.1994	22.5
gold-removed:722034006	gold-removed	none	none	True	False		0.2656	0.2656	0.6366955999999999	0.1738	24.7
easy:91968002	easy	B	B	True	True	True	0.5455	0.5455	0.27163217999999995	0.4887	24.1
easy:85769006	easy	B	B	True	False	True	0.723	0.723	0.09549285	0.6884	23.7
retrieval-miss:359814004	retrieval-miss	none	none	True	False	True	0.5557	0.5557	0.2285972	0.5001	24.2
hard:253020008	hard	G	A	False	False	True	0.6688	0.1175	1.24460078	0.6274	24.2
hard:188241004	hard	E	E	True	True	False	0.364	0.364	0.51444179	0.2845	22.8
hard:3944006	hard	H	none	False	True	True	0.3129	0.1001	1.02143935	0.227	24.8
none-narrower:1186858000	none-narrower	none	A	False	False		0.6523	0.2262	1.02782113	0.6088	24.3
easy:72815004	easy	B	B	True	False	True	0.2776	0.2776	0.66354562	0.1873	20.4
none-narrower:55637002	none-narrower	none	B	False	False		0.1878	0.1713	0.79602032	0.0862	24.4
retrieval-miss:239869009	retrieval-miss	none	A	False	False	True	0.4189	0.2785	0.71567127	0.3462	24.3
hard:25044007	hard	A	A	True	True	False	0.577	0.577	0.22832009000000003	0.5242	24.7
gold-removed:190745006	gold-removed	none	B	False	False		0.3243	0.2027	0.7960227200000001	0.2399	24.4
gold-removed:126908007	gold-removed	none	G	False	False		0.3489	0.194	0.8200035500000001	0.2675	25.3
none-narrower:86333008	none-narrower	none	E	False	False		0.4672	0.2708	0.7694191900000001	0.4006	24.7
hard:726341009	hard	A	A	True	True	False	0.3649	0.3649	0.49731112	0.2855	25.2
gold-removed:719827008	gold-removed	none	none	True	False		0.2658	0.2658	0.62588303	0.1741	26.2
easy:9245008	easy	H	H	True	True	False	0.7682	0.7682	0.08246971	0.7392	24.1
easy:237997005	easy	C	C	True	True	False	0.5403	0.5403	0.26452522	0.4828	108.1
easy:253366007	easy	C	E	False	True	True	0.2305	0.1345	0.8836070299999998	0.1344	24.0
easy:302226006	easy	E	E	True	False	True	0.4291	0.4291	0.39802686	0.3577	22.6
hard:95462004	hard	E	G	False	True	True	0.3066	0.1059	0.97457009	0.22	22.6
gold-removed:733492003	gold-removed	none	A	False	False		0.3243	0.2329	0.75052077	0.2398	25.7
gold-removed:302954008	gold-removed	none	none	True	False		0.2953	0.2953	0.59086728	0.2072	24.2
retrieval-miss:8829008	retrieval-miss	none	none	True	False	True	0.2474	0.2474	0.6591073799999999	0.1533	25.3
none-narrower:193436005	none-narrower	none	none	True	False		0.2667	0.2667	0.6576875400000002	0.1751	23.0
hard:125603006	hard	H	H	True	True	False	0.6846	0.6846	0.14338271000000002	0.6451	22.7
hard:280816001	hard	F	F	True	False	True	0.5491	0.5491	0.25919560999999997	0.4928	25.7
hard:363427000	hard	D	G	False	True	True	0.2828	0.189	0.81462251	0.1932	24.7
none-narrower:253147000	none-narrower	none	A	False	False		0.22	0.212	0.72251184	0.1225	26.2
easy:720750004	easy	G	G	True	True	False	0.7939	0.7939	0.05803385999999998	0.7681	107.9
easy:84706005	easy	C	none	False	False	True	0.3842	0.359	0.5687579899999999	0.3072	24.0
hard:766705006	hard	D	D	True	False	True	0.7655	0.7655	0.07475876000000002	0.7362	24.8
hard:302820008	hard	D	D	True	False	True	0.4538	0.4538	0.42818890000000004	0.3855	24.6
none-narrower:402811003	none-narrower	none	none	True	False		0.2634	0.2634	0.6368223299999999	0.1714	24.3
hard:717943008	hard	D	D	True	True	True	0.5947	0.5947	0.20537711	0.544	25.2
easy:237913008	easy	A	A	True	True	False	0.5178	0.5178	0.29839065	0.4576	23.0
none-narrower:237622006	none-narrower	none	none	True	False		0.3739	0.3739	0.45387821	0.2956	24.5
none-narrower:1287336004	none-narrower	none	B	False	False		0.4233	0.3091	0.6809207900000002	0.3513	24.5
easy:62201009	easy	C	none	False	False	True	0.3181	0.204	0.80411085	0.2329	25.8
gold-removed:62005008	gold-removed	none	none	True	False		0.5049	0.5049	0.33017268	0.443	24.0
retrieval-miss:15566009	retrieval-miss	none	A	False	False	True	0.3536	0.1804	0.86105677	0.2728	24.7
none-narrower:193185007	none-narrower	none	E	False	False		0.3521	0.3251	0.6077248500000001	0.2711	23.8
retrieval-miss:274102007	retrieval-miss	none	B	False	False	True	0.2812	0.2598	0.6649223499999999	0.1914	23.2
none-narrower:609600000	none-narrower	none	none	True	False		0.2969	0.2969	0.6258271800000001	0.209	23.2
gold-removed:698250005	gold-removed	none	none	True	False		0.3065	0.3065	0.60653202	0.2198	23.3
hard:702809001	hard	H	H	True	True	False	0.8137	0.8137	0.05811828000000001	0.7904	26.2
hard:77090002	hard	E	E	True	True	False	0.6866	0.6866	0.12006995000000002	0.6474	21.0
retrieval-miss:147101000119108	retrieval-miss	none	none	True	False	True	0.4434	0.4434	0.40472107999999996	0.3739	24.5
retrieval-miss:277589003	retrieval-miss	none	C	False	False	True	0.3422	0.1534	0.90884725	0.26	110.5
none-narrower:43742007	none-narrower	none	none	True	False		0.28	0.28	0.61153333	0.19	24.1
hard:54552008	hard	E	E	True	True	False	0.3436	0.3436	0.55540839	0.2615	22.6
easy:2032001	easy	H	H	True	False	True	0.6999	0.6999	0.13390304000000003	0.6624	24.3
hard:205484001	hard	E	E	True	True	True	0.5358	0.5358	0.25099242999999993	0.4777	24.9
retrieval-miss:238824006	retrieval-miss	none	none	True	False	True	0.5156	0.5156	0.28268059000000006	0.455	23.2
hard:15628003	hard	D	D	True	True	False	0.6731	0.6731	0.12769947999999998	0.6322	24.8
gold-removed:240453002	gold-removed	none	D	False	False		0.3982	0.2989	0.6734180000000001	0.323	23.9
none-narrower:342451000119108	none-narrower	none	C	False	False		0.4458	0.1518	1.0052427400000001	0.3765	24.5
none-narrower:298150009	none-narrower	none	none	True	False		0.3496	0.3496	0.53910205	0.2683	24.9
hard:402355000	hard	H	H	True	False	True	0.4662	0.4662	0.3961781300000001	0.3995	25.0
easy:24867002	easy	E	none	False	False	True	0.2793	0.0335	1.12307754	0.1893	24.8
hard:234405009	hard	A	A	True	True	False	0.7719	0.7719	0.06830376999999999	0.7434	108.6
retrieval-miss:58729003	retrieval-miss	none	none	True	False	True	0.4554	0.4554	0.35123391	0.3873	22.7
gold-removed:16059006	gold-removed	none	none	True	False		0.3281	0.3281	0.55193625	0.2441	100.1
retrieval-miss:55711009	retrieval-miss	none	C	False	False	True	0.3854	0.1363	0.9785875500000001	0.3086	98.5
easy:42786005	easy	E	E	True	False	True	0.4459	0.4459	0.4022922500000001	0.3767	98.5
none-narrower:29320008	none-narrower	none	B	False	False		0.3412	0.2948	0.6458360500000001	0.2589	24.6
hard:40272001	hard	H	E	False	False	True	0.2723	0.2385	0.7288353800000001	0.1814	23.0
gold-removed:389214003	gold-removed	none	none	True	False		0.4768	0.4768	0.34913164	0.4114	103.4
retrieval-miss:367649002	retrieval-miss	none	none	True	False	True	0.6524	0.6524	0.15150901000000003	0.6089	23.9
gold-removed:92241005	gold-removed	none	G	False	False		0.4692	0.213	0.8561529300000001	0.4028	24.2
gold-removed:234440005	gold-removed	none	A	False	False		0.3454	0.2233	0.7550362399999999	0.2635	24.3
easy:1003375005	easy	B	G	False	True	False	0.3391	0.243	0.7561689300000001	0.2565	25.0
none-narrower:323291000119108	none-narrower	none	H	False	False		0.3808	0.2181	0.8304087500000001	0.3034	24.1
none-narrower:126754006	none-narrower	none	H	False	False		0.3143	0.2516	0.6875552599999999	0.2285	24.9
easy:699315005	easy	A	A	True	True	True	0.5575	0.5575	0.24172560000000004	0.5022	24.4
easy:3951002	easy	A	A	True	False	True	0.481	0.481	0.36170793000000007	0.4161	20.8
gold-removed:28835009	gold-removed	none	none	True	False		0.326	0.326	0.5154209899999999	0.2418	25.0
retrieval-miss:193687000	retrieval-miss	none	D	False	False	True	0.711	0.175	1.18958305	0.6749	24.7
easy:233815004	easy	D	A	False	False	True	0.4571	0.0644	1.15211778	0.3893	23.9
none-narrower:370481004	none-narrower	none	none	True	False		0.333	0.333	0.51501638	0.2497	24.4
none-narrower:109630002	none-narrower	none	none	True	False		0.3271	0.3271	0.5164716	0.2429	24.5
gold-removed:238926009	gold-removed	none	none	True	False		0.2879	0.2879	0.58628905	0.1989	110.3
hard:418763003	hard	B	B	True	True	False	0.6551	0.6551	0.14703148	0.612	24.3
hard:254771006	hard	H	D	False	True	False	0.4662	0.2827	0.7518228800000001	0.3994	24.6
easy:254831005	easy	B	B	True	True	False	0.4559	0.4559	0.37370634999999996	0.3879	24.3
hard:371979001	hard	G	G	True	True	True	0.309	0.309	0.5782006800000001	0.2227	22.7
hard:60232001	hard	E	E	True	True	False	0.726	0.726	0.08946671000000002	0.6917	24.8
none-narrower:94695009	none-narrower	none	G	False	False		0.5417	0.2593	0.8495263900000001	0.4844	20.2
none-narrower:422061002	none-narrower	none	E	False	False		0.2587	0.1784	0.8175690299999999	0.166	20.8
retrieval-miss:65038009	retrieval-miss	none	A	False	False	True	0.2523	0.245	0.6816182900000001	0.1588	20.6
hard:724072002	hard	H	none	False	False	True	0.3298	0.2393	0.7918005399999999	0.246	25.3
retrieval-miss:253031000	retrieval-miss	none	A	False	False	True	0.2693	0.213	0.74379147	0.1779	26.1
easy:711164003	easy	A	A	True	True	False	0.8123	0.8123	0.051442489999999993	0.7889	109.5
easy:367542003	easy	E	E	True	True	False	0.4283	0.4283	0.42283618999999995	0.3569	25.7
easy:419645003	easy	A	A	True	True	True	0.5269	0.5269	0.28408908	0.4678	24.6
none-narrower:232402006	none-narrower	none	D	False	False		0.3389	0.2902	0.65013552	0.2563	24.5
retrieval-miss:58263000	retrieval-miss	none	A	False	False	True	0.2618	0.228	0.7108678300000001	0.1695	25.9
hard:230655004	hard	H	H	True	True	False	0.7024	0.7024	0.11502949999999998	0.6652	20.1
easy:721311006	easy	F	F	True	True	False	0.4427	0.4427	0.42009956000000004	0.3731	26.5
hard:766756002	hard	B	B	True	True	False	0.7938	0.7938	0.054126340000000016	0.7681	107.6
gold-removed:29248006	gold-removed	none	E	False	False		0.325	0.2175	0.75422022	0.2406	25.8
easy:82661006	easy	B	B	True	True	False	0.5996	0.5996	0.20703894	0.5495	23.6
easy:10890000	easy	G	D	False	True	False	0.2998	0.0897	1.0104424	0.2123	24.6
gold-removed:715442006	gold-removed	none	none	True	False		0.2924	0.2924	0.57885748	0.204	102.4
none-narrower:109347009	none-narrower	none	none	True	False		0.2636	0.2636	0.6638199199999999	0.1715	24.1
easy:92169007	easy	B	B	True	True	True	0.4933	0.4933	0.32947125999999993	0.4299	24.1
gold-removed:719660008	gold-removed	none	none	True	False		0.2661	0.2661	0.63620439	0.1744	25.3
hard:118615008	hard	C	none	False	False	True	0.2521	0.2502	0.7012427699999999	0.1587	24.4
easy:95211004	easy	A	A	True	False	True	0.7481	0.7481	0.09437278	0.7166	23.4
hard:404065000	hard	E	E	True	True	False	0.6443	0.6443	0.16085897	0.5998	24.4
retrieval-miss:126550004	retrieval-miss	none	none	True	False	True	0.4445	0.4445	0.36527514	0.3751	25.8
easy:29731002	easy	A	A	True	True	False	0.7783	0.7783	0.06235782000000001	0.7506	24.4
none-narrower:127104002	none-narrower	none	none	True	False		0.4442	0.4442	0.3708405500000001	0.3747	26.0
hard:363425008	hard	B	B	True	True	True	0.4993	0.4993	0.32056370999999995	0.4367	24.9
hard:398670003	hard	D	D	True	True	True	0.5931	0.5931	0.21811012000000002	0.5423	24.8
none-narrower:12011009	none-narrower	none	none	True	False		0.3452	0.3452	0.50277459	0.2633	22.8
easy:274142002	easy	G	F	False	False	True	0.472	0.1215	1.0788120700000001	0.406	24.4
hard:763279007	hard	F	F	True	True	True	0.784	0.784	0.06590805	0.757	25.1
retrieval-miss:254782003	retrieval-miss	none	none	True	False	True	0.4036	0.4036	0.42345821000000006	0.329	26.0
hard:76976005	hard	G	G	True	True	False	0.5776	0.5776	0.22224982	0.5248	23.1
none-narrower:60023006	none-narrower	none	none	True	False		0.4156	0.4156	0.40653726	0.3425	24.5
hard:254976006	hard	B	B	True	True	False	0.5623	0.5623	0.22813537	0.5076	25.2
none-narrower:126726004	none-narrower	none	H	False	False		0.3947	0.1699	0.8793693500000002	0.3191	25.8
gold-removed:25906001	gold-removed	none	none	True	False		0.2809	0.2809	0.6059219900000001	0.191	24.0
none-narrower:78974003	none-narrower	none	none	True	False		0.2714	0.2714	0.6439890300000001	0.1804	25.1
