item_id	tier	truth	pred	hit	lex_hit	ambiguous	p_top	p_truth	brier	confidence	latency_ms
hard:238898001	hard	H	H	True	True	False	0.47733163833618164	0.47733163833618164	0.43596194429211405	0.47733163833618164	356.78
hard:191201002	hard	F	G	False	True	False	0.2853357791900635	0.21911153197288513	0.7970335349313363	0.2853357791900635	342.72
hard:722006004	hard	A	A	True	True	False	0.5575271248817444	0.5575271248817444	0.2723656629794512	0.5575271248817444	352.35
hard:76642003	hard	F	H	False	True	True	0.45378437638282776	0.15779297053813934	1.0027796734344516	0.45378437638282776	251.72
gold-removed:402815007	gold-removed	none	none	True	False		0.5931757688522339	0.5931757688522339	0.19618756205019333	0.5931757688522339	344.14
easy:403980002	easy	E	E	True	True	False	0.5432158708572388	0.5432158708572388	0.3147721885530246	0.5432158708572388	337.03
gold-removed:373420004	gold-removed	none	none	True	False		0.7745414972305298	0.7745414972305298	0.05786312687325115	0.7745414972305298	346.61
easy:718610008	easy	G	G	True	True	False	0.6522954106330872	0.6522954106330872	0.20854177205294494	0.6522954106330872	367.92
hard:766759009	hard	F	F	True	False	True	0.45296117663383484	0.45296117663383484	0.41610965825662066	0.45296117663383484	345.77
easy:80281008	easy	G	G	True	True	False	0.4367879629135132	0.4367879629135132	0.4584603615921254	0.4367879629135132	243.02
easy:42601008	easy	H	H	True	True	True	0.4658496081829071	0.4658496081829071	0.44218189786589757	0.4658496081829071	246.48
retrieval-miss:238836000	retrieval-miss	none	none	True	False	True	0.42836934328079224	0.42836934328079224	0.43670099939225193	0.42836934328079224	357.24
easy:55647004	easy	F	none	False	False	True	0.47275903820991516	0.07444004714488983	1.1328448140868785	0.47275903820991516	237.01
hard:124138004	hard	E	E	True	True	False	0.6764631271362305	0.6764631271362305	0.1430761879868203	0.6764631271362305	349.4
retrieval-miss:66379009	retrieval-miss	none	B	False	False	True	0.5227165222167969	0.40139883756637573	0.6330368650365698	0.5227165222167969	247.3
hard:373168002	hard	A	A	True	True	False	0.472584068775177	0.472584068775177	0.4671110086804585	0.472584068775177	338.32
none-narrower:846579005	none-narrower	none	none	True	False		0.31844794750213623	0.31844794750213623	0.5574177208463241	0.31844794750213623	244.14
retrieval-miss:95637005	retrieval-miss	none	none	True	False	True	0.686920166015625	0.686920166015625	0.11947096232700044	0.686920166015625	338.16
gold-removed:702440000	gold-removed	none	none	True	False		0.6336513161659241	0.6336513161659241	0.16892682989747568	0.6336513161659241	367.25
gold-removed:71253000	gold-removed	none	none	True	False		0.31289127469062805	0.31289127469062805	0.6127528481160122	0.31289127469062805	236.51
hard:609221008	hard	A	none	False	False	True	0.2930094003677368	0.04613693058490753	1.1042141897879425	0.2930094003677368	337.43
gold-removed:719689005	gold-removed	none	none	True	False		0.6714429259300232	0.6714429259300232	0.133295346509208	0.6714429259300232	409.18
hard:702377007	hard	C	C	True	True	False	0.5066843628883362	0.5066843628883362	0.3784918661566659	0.5066843628883362	245.27
hard:721845005	hard	A	A	True	True	False	0.7992262244224548	0.7992262244224548	0.06739079052655418	0.7992262244224548	347.01
easy:128105004	easy	F	F	True	True	False	0.37921667098999023	0.37921667098999023	0.5521422819177548	0.37921667098999023	347.86
hard:231472009	hard	E	E	True	True	False	0.526414692401886	0.526414692401886	0.34279416972572246	0.526414692401886	193.29
none-narrower:95795006	none-narrower	none	none	True	False		0.49663498997688293	0.49663498997688293	0.401892033817146	0.49663498997688293	156.03
easy:254918001	easy	C	none	False	True	False	0.43259090185165405	0.30419859290122986	0.6866437333894577	0.43259090185165405	251.31
none-narrower:91951001	none-narrower	none	none	True	False		0.5125184059143066	0.5125184059143066	0.30125015060471905	0.5125184059143066	230.07
none-narrower:307680001	none-narrower	none	B	False	False		0.44833290576934814	0.2887018024921417	0.7352936667211996	0.44833290576934814	243.87
gold-removed:38494008	gold-removed	none	none	True	False		0.45485806465148926	0.45485806465148926	0.416880242152453	0.45485806465148926	346.06
easy:128200000	easy	A	A	True	True	True	0.37406593561172485	0.37406593561172485	0.5517882583657275	0.37406593561172485	339.85
none-narrower:370484007	none-narrower	none	none	True	False		0.41292813420295715	0.41292813420295715	0.4613769303700282	0.41292813420295715	242.72
easy:761958009	easy	C	C	True	True	False	0.5355800986289978	0.5355800986289978	0.3000915710015025	0.5355800986289978	344.51
easy:127004000	easy	F	C	False	False	True	0.41057515144348145	0.05421248823404312	1.2350323346789636	0.41057515144348145	240.31
none-narrower:1209168005	none-narrower	none	none	True	False		0.6021915078163147	0.6021915078163147	0.23652275440375364	0.6021915078163147	238.16
hard:253000007	hard	B	none	False	True	True	0.40431708097457886	0.284315824508667	0.7180264585659715	0.40431708097457886	357.6
retrieval-miss:234961008	retrieval-miss	none	E	False	False	True	0.35912448167800903	0.27577444911003113	0.6982059032267804	0.35912448167800903	250.76
none-narrower:34485008	none-narrower	none	none	True	False		0.6819890737533569	0.6819890737533569	0.11863551781600865	0.6819890737533569	351.77
hard:403986008	hard	G	none	False	True	False	0.38173380494117737	0.22510205209255219	0.8355840022212655	0.38173380494117737	248.48
none-narrower:1177179002	none-narrower	none	A	False	False		0.7008132338523865	0.22315669059753418	1.0956761429650699	0.7008132338523865	344.55
none-narrower:1222677008	none-narrower	none	C	False	False		0.3657010793685913	0.3066663444042206	0.6937193909463117	0.3657010793685913	353.46
hard:95268002	hard	B	B	True	True	True	0.559790849685669	0.559790849685669	0.3247543432176627	0.559790849685669	249.53
none-narrower:1306747001	none-narrower	none	B	False	False		0.7846426367759705	0.19186252355575562	1.2688380879135552	0.7846426367759705	360.09
easy:702359002	easy	A	A	True	True	True	0.57378089427948	0.57378089427948	0.2977945325544672	0.57378089427948	342.7
hard:715817007	hard	A	A	True	True	False	0.5984904170036316	0.5984904170036316	0.250729137146643	0.5984904170036316	338.22
none-narrower:198336007	none-narrower	none	none	True	False		0.4733297824859619	0.4733297824859619	0.41456745817603957	0.4733297824859619	257.59
hard:254916002	hard	C	none	False	False	True	0.4798070192337036	0.03421074151992798	1.2238318937856274	0.4798070192337036	348.12
easy:237249000	easy	G	none	False	True	False	0.32320845127105713	0.27103325724601746	0.675020217616836	0.32320845127105713	346.96
retrieval-miss:19968009	retrieval-miss	none	F	False	False	True	0.4289494454860687	0.30163732171058655	0.7055204026364508	0.4289494454860687	195.43
gold-removed:48245008	gold-removed	none	E	False	False		0.4083194136619568	0.342404842376709	0.6251821647604827	0.4083194136619568	240.32
hard:458422009	hard	B	B	True	True	False	0.4108940362930298	0.4108940362930298	0.4878596172847529	0.4108940362930298	239.85
easy:21848000	easy	C	none	False	True	False	0.3296213448047638	0.30184584856033325	0.6387854226878735	0.3296213448047638	239.55
retrieval-miss:73856006	retrieval-miss	none	E	False	False	True	0.3899717628955841	0.3270184397697449	0.6307188274386264	0.3899717628955841	341.53
hard:724015007	hard	H	H	True	True	False	0.5896196365356445	0.5896196365356445	0.27306536395606296	0.5896196365356445	232.2
none-narrower:733598001	none-narrower	none	H	False	False		0.5922669172286987	0.1885928064584732	1.044907596781711	0.5922669172286987	424.63
hard:449730005	hard	H	H	True	True	False	0.5474744439125061	0.5474744439125061	0.33154123565893534	0.5474744439125061	343.12
hard:88037009	hard	D	D	True	True	False	0.4675998091697693	0.4675998091697693	0.3766707339411124	0.4675998091697693	232.75
gold-removed:44917000	gold-removed	none	none	True	False		0.7836349606513977	0.7836349606513977	0.05733999045053351	0.7836349606513977	247.42
none-narrower:688931000119106	none-narrower	none	H	False	False		0.5297619700431824	0.3411383032798767	0.7179222382599164	0.5297619700431824	355.7
hard:87074006	hard	C	C	True	True	False	0.5217791199684143	0.5217791199684143	0.3357603032699542	0.5217791199684143	263.69
retrieval-miss:105668007	retrieval-miss	none	D	False	False	True	0.5783147215843201	0.3122863471508026	0.8112348782775474	0.5783147215843201	229.02
easy:277571004	easy	C	C	True	True	True	0.48386505246162415	0.48386505246162415	0.3724327921272306	0.48386505246162415	342.39
hard:239144007	hard	G	G	True	False	True	0.6882010698318481	0.6882010698318481	0.13616604375757896	0.6882010698318481	357.46
easy:10301003	easy	C	C	True	True	False	0.4960528016090393	0.4960528016090393	0.3743547662475036	0.4960528016090393	343.72
retrieval-miss:400022009	retrieval-miss	none	B	False	False	True	0.41605740785598755	0.380998432636261	0.5705798217033511	0.41605740785598755	337.67
easy:406506008	easy	B	G	False	False	True	0.5020872950553894	0.017702467739582062	1.3949836258969044	0.5020872950553894	230.29
none-narrower:196853004	none-narrower	none	none	True	False		0.4401543140411377	0.4401543140411377	0.4154948869880417	0.4401543140411377	229.97
none-narrower:1197308005	none-narrower	none	D	False	False		0.40189722180366516	0.30861997604370117	0.6710337546379523	0.40189722180366516	351.37
retrieval-miss:7231009	retrieval-miss	none	none	True	False	True	0.4510384500026703	0.4510384500026703	0.4761697127725344	0.4510384500026703	239.57
hard:238772004	hard	D	D	True	True	False	0.5532943606376648	0.5532943606376648	0.28534357970236757	0.5532943606376648	256.79
hard:241774007	hard	D	D	True	True	False	0.7321913838386536	0.7321913838386536	0.12627121721393758	0.7321913838386536	351.08
easy:60750009	easy	A	A	True	False	True	0.5088539123535156	0.5088539123535156	0.32340685707601935	0.5088539123535156	241.54
none-narrower:700289000	none-narrower	none	A	False	False		0.46770691871643066	0.3591557443141937	0.6386320218392139	0.46770691871643066	238.71
none-narrower:20833001	none-narrower	none	H	False	False		0.4729800224304199	0.33260026574134827	0.6921730977927683	0.4729800224304199	257.66
hard:254693008	hard	E	E	True	True	False	0.6559319496154785	0.6559319496154785	0.17524474036958965	0.6559319496154785	238.23
gold-removed:22607003	gold-removed	none	none	True	False		0.8041291236877441	0.8041291236877441	0.04534138047089211	0.8041291236877441	157.24
easy:111227009	easy	F	A	False	False	True	0.5885751247406006	0.041966021060943604	1.3506856058330003	0.5885751247406006	250.8
hard:699256006	hard	A	E	False	False	True	0.4780905842781067	0.01840750128030777	1.321752585107466	0.4780905842781067	351.96
none-narrower:89764009	none-narrower	none	C	False	False		0.47504323720932007	0.3983575105667114	0.5932033875364302	0.47504323720932007	238.01
hard:93827000	hard	H	H	True	True	True	0.3947506546974182	0.3947506546974182	0.5393910970225905	0.3947506546974182	254.85
none-narrower:448372003	none-narrower	none	D	False	False		0.477081298828125	0.2576214671134949	0.8259643279278548	0.477081298828125	348.18
easy:733096007	easy	A	A	True	True	False	0.7357664108276367	0.7357664108276367	0.12486161506102736	0.7357664108276367	354.27
easy:254099008	easy	B	B	True	True	False	0.3775187134742737	0.3775187134742737	0.5257254007526745	0.3775187134742737	347.2
hard:763375003	hard	E	E	True	True	False	0.7741832137107849	0.7741832137107849	0.08168180340168489	0.7741832137107849	354.43
gold-removed:238719003	gold-removed	none	none	True	False		0.4597371220588684	0.4597371220588684	0.40878547588449043	0.4597371220588684	257.11
easy:238049009	easy	F	none	False	True	False	0.45727643370628357	0.02734098583459854	1.2410445873579627	0.45727643370628357	414.41
easy:439143004	easy	B	B	True	True	True	0.4281619191169739	0.4281619191169739	0.43066992767672724	0.4281619191169739	340.94
hard:722004001	hard	E	E	True	True	True	0.8925000429153442	0.8925000429153442	0.019790089718404257	0.8925000429153442	345.61
retrieval-miss:58112007	retrieval-miss	none	A	False	False	True	0.45841822028160095	0.2703215777873993	0.7869680344614836	0.45841822028160095	335.5
easy:765190005	easy	D	D	True	False	True	0.7125898599624634	0.7125898599624634	0.13507057296470595	0.7125898599624634	350.23
retrieval-miss:34000006	retrieval-miss	none	H	False	False	True	0.49971631169319153	0.35140129923820496	0.6775280655030071	0.49971631169319153	237.81
hard:28783002	hard	B	none	False	False	True	0.45669814944267273	0.32115083932876587	0.6955544919279901	0.45669814944267273	239.14
hard:711482008	hard	D	D	True	True	True	0.5420575141906738	0.5420575141906738	0.3341792153780811	0.5420575141906738	343.6
easy:92021007	easy	F	F	True	True	True	0.5237914323806763	0.5237914323806763	0.2961603604627917	0.5237914323806763	336.81
gold-removed:239066003	gold-removed	none	none	True	False		0.6178802251815796	0.6178802251815796	0.17574360089473376	0.6178802251815796	354.91
retrieval-miss:720830009	retrieval-miss	none	E	False	False	True	0.5742263197898865	0.18284821510314941	1.0377301320771213	0.5742263197898865	340.04
easy:203468000	easy	E	E	True	True	False	0.7937862277030945	0.7937862277030945	0.06241913209578197	0.7937862277030945	338.0
none-narrower:340671000119102	none-narrower	none	G	False	False		0.6897020936012268	0.1841658502817154	1.1476220632194896	0.6897020936012268	351.21
easy:95656000	easy	G	none	False	True	True	0.3377382159233093	0.19915898144245148	0.8287015519601131	0.3377382159233093	250.41
none-narrower:723610009	none-narrower	none	F	False	False		0.7723175883293152	0.17293518781661987	1.2811933917761067	0.7723175883293152	335.16
hard:707427000	hard	B	B	True	True	False	0.41522178053855896	0.41522178053855896	0.46752777075747687	0.41522178053855896	344.62
hard:41720003	hard	F	F	True	True	False	0.7323786616325378	0.7323786616325378	0.11775328049117975	0.7323786616325378	185.66
retrieval-miss:44086001	retrieval-miss	none	none	True	False	True	0.38008636236190796	0.38008636236190796	0.5126329739655904	0.38008636236190796	335.31
easy:58258004	easy	H	H	True	True	True	0.6294796466827393	0.6294796466827393	0.2198398513735692	0.6294796466827393	340.35
retrieval-miss:45894003	retrieval-miss	none	none	True	False	True	0.37210503220558167	0.37210503220558167	0.5430577039630231	0.37210503220558167	313.68
hard:720987001	hard	E	E	True	True	False	0.7737789750099182	0.7737789750099182	0.0818141701693485	0.7737789750099182	354.36
hard:23414001	hard	F	none	False	False	True	0.3405941128730774	0.21932391822338104	0.7844171546800431	0.3405941128730774	263.61
hard:12546009	hard	A	F	False	False	True	0.43720752000808716	0.3074449896812439	0.7179138421944949	0.43720752000808716	341.77
none-narrower:1142319002	none-narrower	none	none	True	False		0.6865003705024719	0.6865003705024719	0.13265270818048963	0.6865003705024719	247.21
easy:77252004	easy	H	H	True	True	False	0.6372919678688049	0.6372919678688049	0.21584756650851267	0.6372919678688049	238.26
hard:254146000	hard	G	B	False	False	True	0.48050323128700256	0.0532037727534771	1.2655856250598727	0.48050323128700256	342.76
easy:193683001	easy	F	none	False	True	False	0.5976823568344116	0.060601990669965744	1.2622824361900884	0.5976823568344116	340.47
retrieval-miss:715369006	retrieval-miss	none	D	False	False	True	0.5344783663749695	0.34417474269866943	0.7196067150328952	0.5344783663749695	353.4
easy:733521003	easy	D	D	True	True	False	0.8476282358169556	0.8476282358169556	0.04109669652395971	0.8476282358169556	419.24
hard:723444009	hard	D	D	True	True	True	0.6631713509559631	0.6631713509559631	0.16951943845177755	0.6631713509559631	351.2
retrieval-miss:187741001	retrieval-miss	none	F	False	False	True	0.5114667415618896	0.3293571472167969	0.7162507455542231	0.5114667415618896	246.7
easy:715727009	easy	G	G	True	True	False	0.7198107242584229	0.7198107242584229	0.14131909263398193	0.7198107242584229	342.43
easy:724349009	easy	F	F	True	True	False	0.8310481309890747	0.8310481309890747	0.0459212239372447	0.8310481309890747	345.39
hard:68528007	hard	E	none	False	False	True	0.34609365463256836	0.1868884116411209	0.8622272523740174	0.34609365463256836	345.74
retrieval-miss:265377002	retrieval-miss	none	none	True	False	True	0.38456106185913086	0.38456106185913086	0.487241003867675	0.38456106185913086	235.95
none-narrower:770728003	none-narrower	none	A	False	False		0.875726044178009	0.09696486592292786	1.5825114494622283	0.875726044178009	341.9
hard:43647007	hard	E	E	True	False	True	0.798232913017273	0.798232913017273	0.05807651632953483	0.798232913017273	343.38
easy:763867001	easy	E	E	True	True	False	0.8482942581176758	0.8482942581176758	0.03393968487927096	0.8482942581176758	356.82
hard:93255008	hard	H	H	True	True	True	0.5215712785720825	0.5215712785720825	0.3655042470916635	0.5215712785720825	341.19
gold-removed:725286002	gold-removed	none	none	True	False		0.6247820854187012	0.6247820854187012	0.23736614700671327	0.6247820854187012	416.75
none-narrower:406571004	none-narrower	none	none	True	False		0.3219718635082245	0.3219718635082245	0.5966085755931392	0.3219718635082245	250.2
retrieval-miss:445918001	retrieval-miss	none	none	True	False	True	0.48986244201660156	0.48986244201660156	0.3859029616986389	0.48986244201660156	240.16
none-narrower:241897004	none-narrower	none	none	True	False		0.5432031750679016	0.5432031750679016	0.28720899711092834	0.5432031750679016	345.4
none-narrower:197819009	none-narrower	none	none	True	False		0.6617870926856995	0.6617870926856995	0.14069317482078916	0.6617870926856995	235.77
gold-removed:764958008	gold-removed	none	H	False	False		0.4394697844982147	0.3685259521007538	0.5997689711687492	0.4394697844982147	429.78
easy:186807008	easy	H	H	True	True	False	0.5554400086402893	0.5554400086402893	0.2822097583441713	0.5554400086402893	353.59
easy:56625005	easy	F	F	True	True	True	0.7680212259292603	0.7680212259292603	0.0894022124671073	0.7680212259292603	236.61
hard:254124008	hard	F	F	True	True	False	0.4167848229408264	0.4167848229408264	0.4747487024615032	0.4167848229408264	197.53
gold-removed:410052008	gold-removed	none	none	True	False		0.8470265865325928	0.8470265865325928	0.028020246618845526	0.8470265865325928	367.56
hard:719455002	hard	E	E	True	True	False	0.9201415777206421	0.9201415777206421	0.009171989569074102	0.9201415777206421	349.61
hard:37373007	hard	H	H	True	True	False	0.5947085618972778	0.5947085618972778	0.24464114169694004	0.5947085618972778	244.6
easy:92464009	easy	A	A	True	True	False	0.5011284947395325	0.5011284947395325	0.3390377811500983	0.5011284947395325	253.65
easy:712750007	easy	E	E	True	False	True	0.5806138515472412	0.5806138515472412	0.276846471533409	0.5806138515472412	235.8
gold-removed:271532008	gold-removed	none	none	True	False		0.746688187122345	0.746688187122345	0.07722689661585164	0.746688187122345	237.67
none-narrower:1156772007	none-narrower	none	E	False	False		0.7435826659202576	0.18182212114334106	1.2233934788662388	0.7435826659202576	195.04
gold-removed:193177003	gold-removed	none	E	False	False		0.3729195296764374	0.341495543718338	0.597974220537706	0.3729195296764374	234.14
hard:719972004	hard	H	H	True	True	False	0.5838571190834045	0.5838571190834045	0.2931983533346587	0.5838571190834045	344.49
hard:239065004	hard	C	C	True	False	True	0.4269278645515442	0.4269278645515442	0.46814731031257706	0.4269278645515442	367.93
hard:720816004	hard	H	H	True	False	True	0.781594455242157	0.781594455242157	0.07902863218232956	0.781594455242157	351.46
gold-removed:68216000	gold-removed	none	none	True	False		0.3581085205078125	0.3581085205078125	0.5232864713258036	0.3581085205078125	340.09
easy:111323005	easy	G	none	False	True	False	0.3465560972690582	0.26612359285354614	0.7608044190203043	0.3465560972690582	350.19
easy:363428005	easy	G	none	False	True	True	0.33096277713775635	0.2541488707065582	0.729349680339509	0.33096277713775635	340.88
easy:733599009	easy	B	B	True	False	True	0.7588053941726685	0.7588053941726685	0.08257786440988907	0.7588053941726685	416.31
easy:360525006	easy	D	D	True	True	True	0.6962741613388062	0.6962741613388062	0.14330394344251585	0.6962741613388062	345.19
easy:126865007	easy	H	H	True	True	False	0.5403676629066467	0.5403676629066467	0.33455737935894303	0.5403676629066467	351.39
easy:50749006	easy	B	B	True	True	False	0.7566549181938171	0.7566549181938171	0.10797644926855146	0.7566549181938171	358.12
easy:13468005	easy	G	G	True	True	False	0.43754446506500244	0.43754446506500244	0.48397865740867513	0.43754446506500244	238.13
gold-removed:724274009	gold-removed	none	B	False	False		0.5395374894142151	0.414315789937973	0.6345679453629453	0.5395374894142151	352.14
none-narrower:1269177007	none-narrower	none	C	False	False		0.7720419764518738	0.20615242421627045	1.2263177854095106	0.7720419764518738	343.21
hard:715735007	hard	B	B	True	True	False	0.7635334730148315	0.7635334730148315	0.08701322462923683	0.7635334730148315	345.46
hard:720812002	hard	B	B	True	False	True	0.7041715979576111	0.7041715979576111	0.1591457764246568	0.7041715979576111	344.59
none-narrower:1258980000	none-narrower	none	C	False	False		0.40104517340660095	0.3672511577606201	0.5857208160598346	0.40104517340660095	230.45
hard:38528001	hard	H	H	True	True	False	0.7207136750221252	0.7207136750221252	0.14093655085881773	0.7207136750221252	244.86
easy:237941007	easy	F	F	True	True	False	0.585446298122406	0.585446298122406	0.2747816747484607	0.585446298122406	342.95
hard:15084002	hard	B	B	True	True	False	0.429996520280838	0.429996520280838	0.4489077129377693	0.429996520280838	344.56
easy:6118003	easy	F	F	True	True	False	0.7812973260879517	0.7812973260879517	0.07879661164727036	0.7812973260879517	245.85
none-narrower:240775001	none-narrower	none	E	False	False		0.45164623856544495	0.2663287818431854	0.7929461979137101	0.45164623856544495	231.08
hard:231996009	hard	H	H	True	True	False	0.48038381338119507	0.48038381338119507	0.4180279932915595	0.48038381338119507	229.73
easy:255037004	easy	G	F	False	True	False	0.34966644644737244	0.34966644644737244	0.6062104453709681	0.34966644644737244	345.49
retrieval-miss:111865007	retrieval-miss	none	none	True	False	True	0.5339174270629883	0.5339174270629883	0.29466808355070184	0.5339174270629883	230.27
none-narrower:722692009	none-narrower	none	none	True	False		0.49615418910980225	0.49615418910980225	0.3374141028953992	0.49615418910980225	232.07
easy:42399005	easy	E	none	False	True	False	0.35451850295066833	0.24929745495319366	0.7574587134881917	0.35451850295066833	232.65
retrieval-miss:86422009	retrieval-miss	none	C	False	False	True	0.5664339661598206	0.39831724762916565	0.6831039783468942	0.5664339661598206	340.71
retrieval-miss:249491000119100	retrieval-miss	none	none	True	False	True	0.5934168100357056	0.5934168100357056	0.2059824574738197	0.5934168100357056	155.51
hard:404014008	hard	F	F	True	True	True	0.36338892579078674	0.36338892579078674	0.5550631101920904	0.36338892579078674	339.36
easy:83586000	easy	A	A	True	False	True	0.6663391590118408	0.6663391590118408	0.1769353047232513	0.6663391590118408	337.27
none-narrower:200968006	none-narrower	none	none	True	False		0.5360543727874756	0.5360543727874756	0.29338235116783234	0.5360543727874756	234.2
none-narrower:699700006	none-narrower	none	E	False	False		0.6698452234268188	0.27776214480400085	0.9708517184775017	0.6698452234268188	245.2
hard:78494001	hard	A	A	True	True	False	0.4551694393157959	0.4551694393157959	0.47440602110304586	0.4551694393157959	231.61
hard:716648006	hard	D	none	False	True	True	0.36378636956214905	0.2793543338775635	0.695906787166124	0.36378636956214905	337.83
gold-removed:127027008	gold-removed	none	none	True	False		0.7033488154411316	0.7033488154411316	0.11439269095376128	0.7033488154411316	340.03
hard:111806005	hard	D	D	True	True	True	0.48792752623558044	0.48792752623558044	0.3615465412138193	0.48792752623558044	232.94
retrieval-miss:69015003	retrieval-miss	none	B	False	False	True	0.4212992787361145	0.2962583005428314	0.7037158401272758	0.4212992787361145	232.25
hard:441574008	hard	B	none	False	True	False	0.4181806743144989	0.3211241364479065	0.6569975395679363	0.4181806743144989	229.8
gold-removed:400006008	gold-removed	none	none	True	False		0.3891049325466156	0.3891049325466156	0.4433673980660953	0.3891049325466156	249.47
easy:371486001	easy	D	none	False	False	True	0.45879727602005005	0.029956167563796043	1.2502627323998423	0.45879727602005005	244.44
none-narrower:271700006	none-narrower	none	none	True	False		0.38945990800857544	0.38945990800857544	0.4594676141139237	0.38945990800857544	339.37
hard:277508009	hard	E	E	True	True	True	0.37189003825187683	0.37189003825187683	0.5259304931407613	0.37189003825187683	245.06
easy:187059008	easy	F	F	True	False	True	0.7456536293029785	0.7456536293029785	0.10482695175880423	0.7456536293029785	233.36
retrieval-miss:763616002	retrieval-miss	none	none	True	False	True	0.612149715423584	0.612149715423584	0.22985241086719146	0.612149715423584	345.05
hard:205306000	hard	G	G	True	False	True	0.4534060060977936	0.4534060060977936	0.41606372617505333	0.4534060060977936	190.9
gold-removed:48241004	gold-removed	none	none	True	False		0.4760472774505615	0.4760472774505615	0.343638824520595	0.4760472774505615	237.81
gold-removed:707379000	gold-removed	none	none	True	False		0.4369961619377136	0.4369961619377136	0.42955859484150444	0.4369961619377136	347.43
easy:192976002	easy	G	none	False	True	False	0.43713289499282837	0.0896335169672966	1.1564551018105933	0.43713289499282837	337.65
gold-removed:15250008	gold-removed	none	none	True	False		0.5017364025115967	0.5017364025115967	0.3141835772344502	0.5017364025115967	233.21
none-narrower:1167373005	none-narrower	none	B	False	False		0.6314804553985596	0.23978811502456665	0.9842174480815836	0.6314804553985596	232.31
none-narrower:16320831000119100	none-narrower	none	none	True	False		0.4828774631023407	0.4828774631023407	0.38793939372983643	0.4828774631023407	259.92
hard:371965009	hard	B	E	False	True	True	0.5221490263938904	0.08221685141324997	1.198170619384259	0.5221490263938904	250.69
retrieval-miss:82077006	retrieval-miss	none	none	True	False	True	0.40808776021003723	0.40808776021003723	0.4842501486484121	0.40808776021003723	337.32
retrieval-miss:723821002	retrieval-miss	none	none	True	False	True	0.5597835183143616	0.5597835183143616	0.28887869037224767	0.5597835183143616	410.17
none-narrower:195680000	none-narrower	none	none	True	False		0.40743574500083923	0.40743574500083923	0.4631537770685359	0.40743574500083923	339.21
none-narrower:239721001	none-narrower	none	none	True	False		0.6687134504318237	0.6687134504318237	0.16571480873059669	0.6687134504318237	239.73
easy:269469005	easy	H	none	False	True	True	0.49805566668510437	0.15859371423721313	0.9969207575256179	0.49805566668510437	343.89
easy:126881002	easy	G	none	False	True	False	0.39934009313583374	0.3348744213581085	0.6164787056821482	0.39934009313583374	258.6
easy:363385007	easy	F	none	False	True	True	0.37465420365333557	0.34308403730392456	0.5946412429097276	0.37465420365333557	247.81
hard:89142007	hard	B	B	True	True	False	0.5944581627845764	0.5944581627845764	0.23149948514144797	0.5944581627845764	244.45
none-narrower:1157157006	none-narrower	none	E	False	False		0.8727908730506897	0.09663987159729004	1.5779833744332938	0.8727908730506897	356.22
hard:95797003	hard	A	A	True	True	False	0.5629767179489136	0.5629767179489136	0.26370923770437127	0.5629767179489136	194.61
easy:449790007	easy	F	none	False	True	False	0.5115634799003601	0.14916864037513733	1.0420492560819703	0.5115634799003601	161.69
none-narrower:402387002	none-narrower	none	C	False	False		0.34448927640914917	0.3154609501361847	0.6483977663120009	0.34448927640914917	341.55
easy:45170000	easy	E	none	False	True	True	0.494991660118103	0.024818340316414833	1.3207563538078293	0.494991660118103	339.38
easy:60555002	easy	E	E	True	False	True	0.5693268179893494	0.5693268179893494	0.2662080091887558	0.5693268179893494	359.97
easy:26029002	easy	A	A	True	True	True	0.8025829195976257	0.8025829195976257	0.06205062287078363	0.8025829195976257	345.55
easy:44729001	easy	C	C	True	False	True	0.5474951267242432	0.5474951267242432	0.31397066571521853	0.5474951267242432	191.65
easy:109492001	easy	D	D	True	True	False	0.5178991556167603	0.5178991556167603	0.35237268193191684	0.5178991556167603	238.96
easy:66071002	easy	E	E	True	False	True	0.48986414074897766	0.48986414074897766	0.4053930790632942	0.48986414074897766	241.12
easy:5602001	easy	A	none	False	True	True	0.3145178556442261	0.059057220816612244	1.1278371292546916	0.3145178556442261	229.73
easy:720603002	easy	C	C	True	True	False	0.5167137384414673	0.5167137384414673	0.34380956881848035	0.5167137384414673	357.68
retrieval-miss:263225007	retrieval-miss	none	none	True	False	True	0.47079285979270935	0.47079285979270935	0.46754121836053286	0.47079285979270935	237.0
easy:68272006	easy	H	H	True	True	True	0.5673602819442749	0.5673602819442749	0.2843144973494548	0.5673602819442749	194.05
retrieval-miss:124646004	retrieval-miss	none	none	True	False	True	0.5494744181632996	0.5494744181632996	0.25452017620564654	0.5494744181632996	244.25
easy:766992008	easy	D	D	True	False	True	0.6089646816253662	0.6089646816253662	0.26213094427769335	0.6089646816253662	280.31
retrieval-miss:118601006	retrieval-miss	none	A	False	False	True	0.44989657402038574	0.44989657402038574	0.5075469457769946	0.44989657402038574	339.09
easy:126736007	easy	G	G	True	True	False	0.44182485342025757	0.44182485342025757	0.46366258260999416	0.44182485342025757	260.03
hard:414029004	hard	C	C	True	False	True	0.4388388395309448	0.4388388395309448	0.4845785892144472	0.4388388395309448	236.51
gold-removed:720639008	gold-removed	none	none	True	False		0.4244367182254791	0.4244367182254791	0.4060277549733986	0.4244367182254791	347.83
easy:68633000	easy	H	H	True	False	True	0.3201543688774109	0.3201543688774109	0.6385336270573282	0.3201543688774109	196.89
easy:92559007	easy	H	H	True	True	False	0.6477739810943604	0.6477739810943604	0.17771002692425383	0.6477739810943604	232.23
none-narrower:1179296003	none-narrower	none	B	False	False		0.6033126711845398	0.35576340556144714	0.7792842015417278	0.6033126711845398	341.05
none-narrower:1003324007	none-narrower	none	G	False	False		0.6615424752235413	0.27431926131248474	0.9651864904448136	0.6615424752235413	242.31
hard:84438001	hard	H	H	True	True	False	0.6852680444717407	0.6852680444717407	0.16728394283188097	0.6852680444717407	348.45
hard:718850008	hard	G	G	True	True	False	0.757378339767456	0.757378339767456	0.10001556108518869	0.757378339767456	430.57
easy:400171002	easy	B	B	True	False	True	0.6569856405258179	0.6569856405258179	0.2065655998367562	0.6569856405258179	240.35
none-narrower:312157006	none-narrower	none	none	True	False		0.5156553983688354	0.5156553983688354	0.34867894910021896	0.5156553983688354	235.53
hard:880065001	hard	D	D	True	True	True	0.6244420409202576	0.6244420409202576	0.2371811177695457	0.6244420409202576	343.73
none-narrower:298591003	none-narrower	none	B	False	False		0.4475335478782654	0.4475335478782654	0.507662955597875	0.4475335478782654	234.1
easy:425657001	easy	C	C	True	False	True	0.4573203921318054	0.4573203921318054	0.4045841536466915	0.4573203921318054	359.85
easy:303063000	easy	D	D	True	False	True	0.35474392771720886	0.35474392771720886	0.5532926157844487	0.35474392771720886	345.06
easy:195889001	easy	B	B	True	True	False	0.5120313763618469	0.5120313763618469	0.35596880373228784	0.5120313763618469	356.97
hard:93929003	hard	C	C	True	True	False	0.3437972068786621	0.3437972068786621	0.6189583924443467	0.3437972068786621	239.19
easy:34736002	easy	H	H	True	True	False	0.8636267781257629	0.8636267781257629	0.0316773790389779	0.8636267781257629	340.16
none-narrower:433891000124100	none-narrower	none	D	False	False		0.3224669098854065	0.29529431462287903	0.7056823342382459	0.3224669098854065	244.71
none-narrower:8442000	none-narrower	none	none	True	False		0.5054401755332947	0.5054401755332947	0.30541247580898856	0.5054401755332947	241.83
none-narrower:722529000	none-narrower	none	none	True	False		0.3458878695964813	0.3458878695964813	0.5530700767128498	0.3458878695964813	360.12
gold-removed:763713000	gold-removed	none	C	False	False		0.7053137421607971	0.2452566772699356	1.0674717693500912	0.7053137421607971	253.88
retrieval-miss:74333002	retrieval-miss	none	none	True	False	True	0.36564573645591736	0.36564573645591736	0.5241558801730194	0.36564573645591736	355.86
gold-removed:14756005	gold-removed	none	C	False	False		0.526462733745575	0.23839455842971802	0.8913379561058326	0.526462733745575	199.05
none-narrower:866097000	none-narrower	none	none	True	False		0.4621017575263977	0.4621017575263977	0.3564607449812565	0.4621017575263977	351.73
hard:61758007	hard	E	none	False	True	True	0.3000869154930115	0.12443577498197556	0.9695503707346207	0.3000869154930115	345.33
none-narrower:124141008	none-narrower	none	none	True	False		0.4085707664489746	0.4085707664489746	0.4530447777569098	0.4085707664489746	343.42
none-narrower:823019007	none-narrower	none	none	True	False		0.48685595393180847	0.48685595393180847	0.3531197241811599	0.48685595393180847	351.54
hard:733454004	hard	B	B	True	True	False	0.665264368057251	0.665264368057251	0.16088627479516265	0.665264368057251	362.21
retrieval-miss:128060009	retrieval-miss	none	none	True	False	True	0.3225513696670532	0.3225513696670532	0.5701013520728246	0.3225513696670532	229.99
hard:31993003	hard	A	A	True	True	False	0.516022801399231	0.516022801399231	0.3931394657283095	0.516022801399231	259.3
none-narrower:767031008	none-narrower	none	F	False	False		0.5124582052230835	0.25340619683265686	0.8359616385976929	0.5124582052230835	346.59
hard:442917000	hard	A	H	False	True	True	0.43558117747306824	0.11630989611148834	1.087239237230007	0.43558117747306824	233.84
hard:238031009	hard	A	A	True	True	False	0.35470983386039734	0.35470983386039734	0.5956357756084598	0.35470983386039734	350.75
easy:238014002	easy	F	none	False	True	False	0.3913249969482422	0.2751803398132324	0.7236696394662863	0.3913249969482422	347.61
none-narrower:1196829000	none-narrower	none	D	False	False		0.5092108249664307	0.30027374625205994	0.76304830817083	0.5092108249664307	254.52
hard:232049001	hard	B	B	True	False	True	0.5784973502159119	0.5784973502159119	0.2952611418774734	0.5784973502159119	347.72
easy:363380002	easy	F	none	False	False	True	0.39989787340164185	0.2159423530101776	0.8192141022685971	0.39989787340164185	334.25
hard:78975002	hard	E	E	True	True	True	0.579395592212677	0.579395592212677	0.26020917664615484	0.579395592212677	194.76
gold-removed:254631008	gold-removed	none	none	True	False		0.5618782639503479	0.5618782639503479	0.23719442348092548	0.5618782639503479	345.37
hard:92047003	hard	D	D	True	False	True	0.35486966371536255	0.35486966371536255	0.5951330040870126	0.35486966371536255	244.53
easy:240104008	easy	D	G	False	False	True	0.5496666431427002	0.008036226965487003	1.3513711755751507	0.5496666431427002	235.2
easy:230552007	easy	E	E	True	True	True	0.437834233045578	0.437834233045578	0.45019635449091294	0.437834233045578	356.58
easy:9824006	easy	H	H	True	True	False	0.560853123664856	0.560853123664856	0.3042077829074138	0.560853123664856	197.04
hard:718189004	hard	E	E	True	True	False	0.8075301647186279	0.8075301647186279	0.06029928434496591	0.8075301647186279	245.17
retrieval-miss:26715006	retrieval-miss	none	none	True	False	True	0.6216132044792175	0.6216132044792175	0.18961119053615988	0.6216132044792175	238.1
hard:402792003	hard	F	none	False	True	False	0.46422773599624634	0.0612967312335968	1.1462884977785723	0.46422773599624634	239.64
retrieval-miss:123953004	retrieval-miss	none	none	True	False	True	0.6194291710853577	0.6194291710853577	0.18421665984612337	0.6194291710853577	341.22
hard:22841008	hard	G	G	True	True	False	0.3951287865638733	0.3951287865638733	0.5318037308018533	0.3951287865638733	283.92
easy:91521000119104	easy	H	H	True	True	False	0.46414023637771606	0.46414023637771606	0.4701365287636506	0.46414023637771606	235.26
easy:720408003	easy	H	H	True	True	False	0.3626083433628082	0.3626083433628082	0.5723608053235398	0.3626083433628082	349.29
easy:85828009	easy	E	E	True	True	False	0.5041840672492981	0.5041840672492981	0.39787008450703654	0.5041840672492981	252.37
easy:718609003	easy	A	A	True	True	False	0.5211798548698425	0.5211798548698425	0.3668956794310183	0.5211798548698425	411.18
hard:406446000	hard	B	E	False	True	False	0.2918389141559601	0.2241053283214569	0.7940713951706903	0.2918389141559601	247.23
gold-removed:404663008	gold-removed	none	none	True	False		0.388272762298584	0.388272762298584	0.5029947642385644	0.388272762298584	223.19
easy:39452003	easy	G	none	False	True	False	0.3682660460472107	0.12805607914924622	0.9901373177772611	0.3682660460472107	191.79
hard:187716008	hard	C	C	True	False	True	0.44140857458114624	0.44140857458114624	0.4499271352792302	0.44140857458114624	348.05
easy:93390002	easy	E	E	True	True	True	0.2890397310256958	0.2890397310256958	0.6413388884167017	0.2890397310256958	237.09
easy:41309000	easy	F	F	True	True	True	0.587510347366333	0.587510347366333	0.2475733236782674	0.587510347366333	258.87
none-narrower:1306315009	none-narrower	none	E	False	False		0.34248581528663635	0.34248581528663635	0.5876177817568864	0.34248581528663635	236.6
gold-removed:237714006	gold-removed	none	none	True	False		0.5239242911338806	0.5239242911338806	0.3140657638914529	0.5239242911338806	242.22
easy:721221000	easy	G	G	True	False	True	0.6532739400863647	0.6532739400863647	0.19544861334715902	0.6532739400863647	349.31
none-narrower:16039791000119101	none-narrower	none	none	True	False		0.3726123571395874	0.3726123571395874	0.5413646320886895	0.3726123571395874	235.32
gold-removed:718909001	gold-removed	none	none	True	False		0.4893514811992645	0.4893514811992645	0.3459547788866362	0.4893514811992645	359.26
hard:79586000	hard	B	B	True	True	False	0.6915027499198914	0.6915027499198914	0.16458300358620825	0.6915027499198914	249.88
retrieval-miss:722429003	retrieval-miss	none	C	False	False	True	0.3683047592639923	0.3372696340084076	0.6235197079688933	0.3683047592639923	428.39
easy:205346006	easy	A	none	False	False	True	0.37164634466171265	0.18377573788166046	0.8638112403066313	0.37164634466171265	193.45
hard:363393007	hard	D	none	False	True	True	0.343443900346756	0.18545755743980408	0.8700838474465612	0.343443900346756	348.3
none-narrower:234376007	none-narrower	none	none	True	False		0.4166182577610016	0.4166182577610016	0.4484040854627785	0.4166182577610016	251.18
easy:609580007	easy	H	none	False	True	True	0.387892484664917	0.039330318570137024	1.2114253357387554	0.387892484664917	335.18
easy:725904009	easy	H	H	True	True	False	0.7109642028808594	0.7109642028808594	0.11567211088252134	0.7109642028808594	359.37
hard:702417004	hard	H	H	True	True	False	0.5301057696342468	0.5301057696342468	0.38719320877036795	0.5301057696342468	347.1
retrieval-miss:412787009	retrieval-miss	none	none	True	False	True	0.34876254200935364	0.34876254200935364	0.5848910422276687	0.34876254200935364	339.22
hard:29504002	hard	D	none	False	False	True	0.45334285497665405	0.31879138946533203	0.6842929776159357	0.45334285497665405	348.63
hard:45781009	hard	D	D	True	False	True	0.41545313596725464	0.41545313596725464	0.5030478844583633	0.41545313596725464	349.01
none-narrower:698947004	none-narrower	none	none	True	False		0.5600695013999939	0.5600695013999939	0.2401925305426028	0.5600695013999939	236.99
easy:716660007	easy	A	A	True	False	True	0.5375621318817139	0.5375621318817139	0.3072921494268788	0.5375621318817139	478.15
hard:711499009	hard	C	C	True	True	False	0.46789872646331787	0.46789872646331787	0.40174789731369925	0.46789872646331787	244.67
none-narrower:230538005	none-narrower	none	none	True	False		0.5116697549819946	0.5116697549819946	0.28306582344883674	0.5116697549819946	358.51
none-narrower:1231182008	none-narrower	none	E	False	False		0.5388402938842773	0.34698426723480225	0.7199370283859439	0.5388402938842773	346.68
none-narrower:200964008	none-narrower	none	none	True	False		0.5069391131401062	0.5069391131401062	0.373880187007567	0.5069391131401062	338.47
none-narrower:81557008	none-narrower	none	none	True	False		0.5372267365455627	0.5372267365455627	0.2644464551059404	0.5372267365455627	242.26
hard:403938001	hard	E	E	True	False	True	0.5280793905258179	0.5280793905258179	0.3263369337064501	0.5280793905258179	343.23
hard:254164007	hard	E	E	True	True	True	0.5490168333053589	0.5490168333053589	0.3299262196715349	0.5490168333053589	337.63
easy:95588004	easy	D	D	True	True	True	0.5721535086631775	0.5721535086631775	0.255496873672302	0.5721535086631775	257.36
none-narrower:238991008	none-narrower	none	H	False	False		0.5470825433731079	0.38470926880836487	0.6787302044146022	0.5470825433731079	197.09
easy:699649006	easy	F	F	True	False	True	0.5227165222167969	0.5227165222167969	0.3322190902650728	0.5227165222167969	241.06
hard:438583008	hard	H	none	False	False	True	0.3518553674221039	0.042544204741716385	1.2009521537028673	0.3518553674221039	193.13
hard:128272009	hard	H	H	True	True	True	0.4120396375656128	0.4120396375656128	0.4997595797697422	0.4120396375656128	227.09
hard:37246009	hard	G	none	False	False	True	0.3616405725479126	0.06790535897016525	1.113205180850469	0.3616405725479126	231.58
hard:724384008	hard	C	C	True	True	False	0.7018495798110962	0.7018495798110962	0.14976804028909305	0.7018495798110962	350.63
gold-removed:715428003	gold-removed	none	none	True	False		0.5191266536712646	0.5191266536712646	0.28678757448548586	0.5191266536712646	239.03
easy:719210007	easy	F	F	True	True	False	0.6376015543937683	0.6376015543937683	0.2056148672477396	0.6376015543937683	349.92
easy:402700001	easy	G	none	False	True	False	0.4533953368663788	0.2242000848054886	0.8264407745599589	0.4533953368663788	238.91
gold-removed:416707008	gold-removed	none	B	False	False		0.41601434350013733	0.41601434350013733	0.5227645000442759	0.41601434350013733	350.97
easy:240450004	easy	E	G	False	True	True	0.42041105031967163	0.22701933979988098	0.8622891461346575	0.42041105031967163	345.78
retrieval-miss:78868004	retrieval-miss	none	H	False	False	True	0.4719432294368744	0.30390557646751404	0.7204057627244413	0.4719432294368744	232.53
retrieval-miss:237983002	retrieval-miss	none	none	True	False	True	0.7318386435508728	0.7318386435508728	0.08768543608577149	0.7318386435508728	345.38
none-narrower:1373027001	none-narrower	none	none	True	False		0.5057308077812195	0.5057308077812195	0.31842088975415395	0.5057308077812195	244.69
hard:122811000119101	hard	A	A	True	True	True	0.6105120778083801	0.6105120778083801	0.21241309052506788	0.6105120778083801	242.05
easy:237822008	easy	C	C	True	True	True	0.449014812707901	0.449014812707901	0.44070445218414045	0.449014812707901	238.8
easy:16026008	easy	D	none	False	True	False	0.48445209860801697	0.03454190492630005	1.235937641701973	0.48445209860801697	340.22
gold-removed:763366000	gold-removed	none	G	False	False		0.6308169960975647	0.3406372368335724	0.8328183430414338	0.6308169960975647	355.06
hard:126872008	hard	F	F	True	False	True	0.5367205739021301	0.5367205739021301	0.33820699239749097	0.5367205739021301	340.22
hard:82275008	hard	B	B	True	True	False	0.6885420680046082	0.6885420680046082	0.16578571211868648	0.6885420680046082	342.04
hard:40178009	hard	E	E	True	True	False	0.6756136417388916	0.6756136417388916	0.16188868360000172	0.6756136417388916	242.0
hard:442348004	hard	G	G	True	True	False	0.49780938029289246	0.49780938029289246	0.3446791325559052	0.49780938029289246	234.99
retrieval-miss:57436000	retrieval-miss	none	none	True	False	True	0.606437087059021	0.606437087059021	0.1902985580835942	0.606437087059021	237.8
easy:230381009	easy	E	none	False	True	False	0.36466550827026367	0.3057979643344879	0.6510451530988393	0.36466550827026367	350.13
retrieval-miss:254923001	retrieval-miss	none	none	True	False	True	0.34936776757240295	0.34936776757240295	0.5461181078616736	0.34936776757240295	335.87
hard:229706001	hard	H	H	True	False	True	0.47593221068382263	0.47593221068382263	0.413918763931605	0.47593221068382263	340.57
hard:765748009	hard	D	D	True	True	True	0.5696234703063965	0.5696234703063965	0.32056506388926975	0.5696234703063965	338.49
none-narrower:237663000	none-narrower	none	none	True	False		0.4485616087913513	0.4485616087913513	0.39791430685674894	0.4485616087913513	257.09
gold-removed:9014002	gold-removed	none	none	True	False		0.5298234224319458	0.5298234224319458	0.26253852861664234	0.5298234224319458	237.96
hard:722859001	hard	H	H	True	True	False	0.5757180452346802	0.5757180452346802	0.3178857174685967	0.5757180452346802	343.91
hard:190502001	hard	G	E	False	False	True	0.5084673762321472	0.11385468393564224	1.103335876070498	0.5084673762321472	340.96
hard:56905009	hard	B	B	True	True	False	0.38740697503089905	0.38740697503089905	0.5383138701692483	0.38740697503089905	198.66
easy:23205009	easy	C	C	True	True	False	0.45551976561546326	0.45551976561546326	0.44046080059406933	0.45551976561546326	231.74
hard:13600006	hard	B	none	False	True	False	0.4603253901004791	0.2964242994785309	0.730327092902303	0.4603253901004791	348.28
none-narrower:399044006	none-narrower	none	E	False	False		0.4755863547325134	0.33443304896354675	0.6780815611054684	0.4755863547325134	346.25
hard:707234001	hard	G	G	True	True	False	0.4815097153186798	0.4815097153186798	0.37899158212573836	0.4815097153186798	269.3
retrieval-miss:124343001	retrieval-miss	none	none	True	False	True	0.7135325074195862	0.7135325074195862	0.09891640740812535	0.7135325074195862	261.09
hard:129104009	hard	C	none	False	False	True	0.4230201542377472	0.22842824459075928	0.8130787037219672	0.4230201542377472	194.8
easy:230500006	easy	F	F	True	True	True	0.47839584946632385	0.47839584946632385	0.4653873139211714	0.47839584946632385	342.55
none-narrower:10752601000119104	none-narrower	none	D	False	False		0.5638236403465271	0.30446189641952515	0.809888064872026	0.5638236403465271	337.44
easy:763069002	easy	G	G	True	True	False	0.7502008080482483	0.7502008080482483	0.09697309363126579	0.7502008080482483	423.86
hard:240062007	hard	E	E	True	True	True	0.569034993648529	0.569034993648529	0.29986386493268	0.569034993648529	199.36
none-narrower:202674000	none-narrower	none	none	True	False		0.5103939175605774	0.5103939175605774	0.32817499955067925	0.5103939175605774	194.31
retrieval-miss:45414006	retrieval-miss	none	none	True	False	True	0.39319419860839844	0.39319419860839844	0.46342086640287217	0.39319419860839844	248.55
hard:702344008	hard	D	D	True	True	True	0.3132774233818054	0.3132774233818054	0.62152489921448	0.3132774233818054	349.06
easy:764100007	easy	A	A	True	True	False	0.8533971309661865	0.8533971309661865	0.03674432016163026	0.8533971309661865	343.17
easy:386810004	easy	A	A	True	True	False	0.7898359894752502	0.7898359894752502	0.07082924582813177	0.7898359894752502	234.66
retrieval-miss:57119000	retrieval-miss	none	C	False	False	True	0.49570176005363464	0.4156803786754608	0.5891156689190465	0.49570176005363464	358.07
easy:254666005	easy	B	none	False	True	True	0.3693486154079437	0.30972447991371155	0.6364127295054871	0.3693486154079437	250.18
hard:398102009	hard	A	H	False	True	False	0.38959795236587524	0.13547363877296448	1.0299368681987477	0.38959795236587524	339.71
retrieval-miss:275498002	retrieval-miss	none	none	True	False	True	0.4164577126502991	0.4164577126502991	0.4988089088948264	0.4164577126502991	233.96
gold-removed:445014002	gold-removed	none	none	True	False		0.5724996328353882	0.5724996328353882	0.21407294939845056	0.5724996328353882	425.64
none-narrower:703279003	none-narrower	none	none	True	False		0.5299739837646484	0.5299739837646484	0.27253899258865266	0.5299739837646484	161.08
easy:87696004	easy	B	B	True	True	False	0.7055426239967346	0.7055426239967346	0.14730377196361677	0.7055426239967346	200.25
easy:268232000	easy	H	H	True	True	False	0.4507787823677063	0.4507787823677063	0.42181446708298564	0.4507787823677063	237.27
hard:48723006	hard	E	E	True	True	True	0.5944988131523132	0.5944988131523132	0.2532019132262088	0.5944988131523132	197.24
easy:41565005	easy	G	none	False	True	False	0.41197189688682556	0.2224622517824173	0.8053172551451246	0.41197189688682556	233.28
hard:702380008	hard	F	G	False	True	False	0.32856541872024536	0.23104725778102875	0.8096554989996138	0.32856541872024536	229.23
none-narrower:34126003	none-narrower	none	none	True	False		0.3600795865058899	0.3600795865058899	0.5228694782491425	0.3600795865058899	350.57
easy:723508002	easy	A	A	True	True	False	0.7699560523033142	0.7699560523033142	0.09531750109075462	0.7699560523033142	348.8
retrieval-miss:193523008	retrieval-miss	none	B	False	False	True	0.4111267924308777	0.3447590470314026	0.6169357108440283	0.4111267924308777	258.06
retrieval-miss:59531002	retrieval-miss	none	none	True	False	True	0.33173084259033203	0.33173084259033203	0.6180601624169055	0.33173084259033203	250.44
none-narrower:707351006	none-narrower	none	none	True	False		0.46689555048942566	0.46689555048942566	0.4078376196181737	0.46689555048942566	354.81
easy:26460006	easy	F	F	True	True	False	0.548054575920105	0.548054575920105	0.3539542826045229	0.548054575920105	345.33
retrieval-miss:34730008	retrieval-miss	none	none	True	False	True	0.5929000973701477	0.5929000973701477	0.2222168256712141	0.5929000973701477	338.98
easy:73415002	easy	B	B	True	True	False	0.4596054255962372	0.4596054255962372	0.409527882654485	0.4596054255962372	241.48
retrieval-miss:414667000	retrieval-miss	none	F	False	False	True	0.5234854221343994	0.30869120359420776	0.7630915684700993	0.5234854221343994	238.0
hard:307496006	hard	F	none	False	True	False	0.3752240538597107	0.2881380021572113	0.7080095235424353	0.3752240538597107	244.66
hard:404041003	hard	C	none	False	True	True	0.41697779297828674	0.1449943333864212	0.955726555635062	0.41697779297828674	345.6
easy:720459002	easy	G	G	True	False	True	0.4312908947467804	0.4312908947467804	0.4524776697037505	0.4312908947467804	352.79
easy:79291003	easy	H	H	True	True	False	0.6486037373542786	0.6486037373542786	0.19710231867962877	0.6486037373542786	351.23
easy:254825007	easy	E	E	True	False	True	0.48770880699157715	0.48770880699157715	0.35884770750609923	0.48770880699157715	339.32
none-narrower:1197357008	none-narrower	none	H	False	False		0.800696611404419	0.1792900562286377	1.3147465441195927	0.800696611404419	355.96
easy:92197001	easy	C	C	True	True	True	0.3146834969520569	0.3146834969520569	0.642286065448473	0.3146834969520569	239.36
hard:722454003	hard	E	E	True	True	True	0.7743855118751526	0.7743855118751526	0.08139383293767592	0.7743855118751526	358.22
easy:722451006	easy	A	A	True	True	False	0.8580191731452942	0.8580191731452942	0.035520805502326974	0.8580191731452942	348.98
easy:722282008	easy	H	H	True	True	False	0.8244065046310425	0.8244065046310425	0.051273710042964576	0.8244065046310425	343.03
none-narrower:1340188003	none-narrower	none	D	False	False		0.38670283555984497	0.35411739349365234	0.5960398861043049	0.38670283555984497	249.7
retrieval-miss:398049005	retrieval-miss	none	none	True	False	True	0.5556396245956421	0.5556396245956421	0.26209080660882966	0.5556396245956421	237.9
gold-removed:231536004	gold-removed	none	none	True	False		0.5102707743644714	0.5102707743644714	0.3151520742708893	0.5102707743644714	355.29
hard:233728004	hard	C	none	False	False	True	0.3169281482696533	0.24337202310562134	0.7638863902233367	0.3169281482696533	240.74
retrieval-miss:128598002	retrieval-miss	none	none	True	False	True	0.4817851483821869	0.4817851483821869	0.4096780666537281	0.4817851483821869	244.36
easy:703267003	easy	D	none	False	True	True	0.4554342031478882	0.29327520728111267	0.7350241647939852	0.4554342031478882	332.49
retrieval-miss:234541006	retrieval-miss	none	none	True	False	True	0.501600444316864	0.501600444316864	0.3429038125896773	0.501600444316864	361.23
easy:13920009	easy	F	F	True	True	False	0.615750253200531	0.615750253200531	0.24141800669225338	0.615750253200531	237.41
easy:92109005	easy	D	D	True	True	True	0.48093026876449585	0.48093026876449585	0.38463112878639544	0.48093026876449585	235.95
easy:17322007	easy	D	none	False	True	False	0.41030216217041016	0.18579435348510742	0.8904096569709624	0.41030216217041016	241.86
hard:407476002	hard	H	H	True	True	True	0.7707099318504333	0.7707099318504333	0.08840289971811743	0.7707099318504333	240.13
none-narrower:737209002	none-narrower	none	F	False	False		0.4815616309642792	0.3386348783969879	0.6779410029464559	0.4815616309642792	231.01
easy:254915003	easy	A	A	True	True	False	0.4946652352809906	0.4946652352809906	0.33138019244184136	0.4946652352809906	357.9
easy:307576001	easy	C	none	False	True	False	0.3408759534358978	0.31215155124664307	0.6319112212843878	0.3408759534358978	255.05
hard:7573000	hard	D	none	False	True	False	0.4088893234729767	0.045274313539266586	1.2144136463100914	0.4088893234729767	352.41
none-narrower:737220002	none-narrower	none	D	False	False		0.3864719271659851	0.32408416271209717	0.6267286769371384	0.3864719271659851	244.26
gold-removed:240119009	gold-removed	none	none	True	False		0.6328853368759155	0.6328853368759155	0.18120083015587024	0.6328853368759155	243.03
retrieval-miss:74969002	retrieval-miss	none	B	False	False	True	0.3682864010334015	0.3088343143463135	0.652865149450549	0.3682864010334015	352.25
retrieval-miss:87872006	retrieval-miss	none	D	False	False	True	0.4159570634365082	0.4159570634365082	0.5271859769940752	0.4159570634365082	195.56
none-narrower:277643003	none-narrower	none	none	True	False		0.3245832622051239	0.3245832622051239	0.5912612904622991	0.3245832622051239	355.03
gold-removed:24526004	gold-removed	none	none	True	False		0.737420916557312	0.737420916557312	0.08794392760144346	0.737420916557312	239.37
easy:419039007	easy	H	H	True	True	False	0.5638689398765564	0.5638689398765564	0.2861420294733614	0.5638689398765564	354.33
hard:76802005	hard	G	G	True	False	True	0.3504447042942047	0.3504447042942047	0.5701548612362248	0.3504447042942047	236.52
none-narrower:735549008	none-narrower	none	G	False	False		0.4317648410797119	0.39538225531578064	0.5639455887224772	0.4317648410797119	341.3
hard:109041000119107	hard	A	A	True	True	False	0.4504934549331665	0.4504934549331665	0.4578413747347983	0.4504934549331665	231.88
easy:26111005	easy	G	none	False	True	False	0.4020630419254303	0.08244249224662781	1.1304784448877214	0.4020630419254303	357.32
easy:42930003	easy	G	G	True	True	False	0.35777747631073	0.35777747631073	0.5795263141161848	0.35777747631073	348.85
hard:91662004	hard	D	D	True	True	False	0.6443043947219849	0.6443043947219849	0.19939144849587473	0.6443043947219849	204.29
hard:446995005	hard	C	C	True	True	False	0.5318347215652466	0.5318347215652466	0.3181079698535077	0.5318347215652466	241.98
none-narrower:428172002	none-narrower	none	none	True	False		0.39258551597595215	0.39258551597595215	0.44426808452347255	0.39258551597595215	263.73
hard:363469001	hard	D	G	False	False	True	0.41151922941207886	0.24266602098941803	0.8272199756844152	0.41151922941207886	251.47
easy:266257000	easy	G	G	True	False	True	0.6240062117576599	0.6240062117576599	0.22268896218120657	0.6240062117576599	263.04
easy:27536004	easy	A	none	False	True	False	0.4269515872001648	0.39097458124160767	0.562996628407598	0.4269515872001648	196.77
easy:77157004	easy	C	C	True	True	False	0.4320218563079834	0.4320218563079834	0.5154995007134247	0.4320218563079834	258.23
hard:189130001	hard	C	none	False	False	True	0.4317825734615326	0.11529570072889328	1.0554269175647661	0.4317825734615326	252.42
gold-removed:126958000	gold-removed	none	none	True	False		0.3963584303855896	0.3963584303855896	0.44141128008399144	0.3963584303855896	239.05
easy:253737007	easy	F	F	True	True	False	0.6412016749382019	0.6412016749382019	0.21387712074612333	0.6412016749382019	236.07
retrieval-miss:234411007	retrieval-miss	none	none	True	False	True	0.5521320104598999	0.5521320104598999	0.25458804664628	0.5521320104598999	352.09
hard:763348005	hard	C	C	True	True	False	0.6675169467926025	0.6675169467926025	0.2020798657717353	0.6675169467926025	366.35
none-narrower:109272006	none-narrower	none	C	False	False		0.6337584257125854	0.286980539560318	0.9115172785731777	0.6337584257125854	230.22
hard:235828008	hard	B	B	True	False	True	0.4413546025753021	0.4413546025753021	0.44998545508754983	0.4413546025753021	349.71
none-narrower:18040001	none-narrower	none	none	True	False		0.43213120102882385	0.43213120102882385	0.400720561821972	0.43213120102882385	251.33
easy:87694001	easy	C	C	True	True	True	0.4597819745540619	0.4597819745540619	0.4715394891941211	0.4597819745540619	354.92
hard:699297004	hard	G	G	True	True	False	0.5166726112365723	0.5166726112365723	0.32558176411776807	0.5166726112365723	351.24
none-narrower:871745001	none-narrower	none	B	False	False		0.540718138217926	0.3802330791950226	0.6788365078693837	0.540718138217926	231.75
gold-removed:193411004	gold-removed	none	none	True	False		0.3482430875301361	0.3482430875301361	0.563068442349487	0.3482430875301361	354.03
hard:72000004	hard	E	E	True	True	False	0.49043458700180054	0.49043458700180054	0.3651512835531275	0.49043458700180054	253.47
retrieval-miss:77323000	retrieval-miss	none	F	False	False	True	0.49295899271965027	0.378547728061676	0.6324304732339086	0.49295899271965027	348.5
retrieval-miss:370999003	retrieval-miss	none	none	True	False	True	0.3789890706539154	0.3789890706539154	0.5204057334199244	0.3789890706539154	340.32
retrieval-miss:254588001	retrieval-miss	none	none	True	False	True	0.49538654088974	0.49538654088974	0.4026195258876586	0.49538654088974	232.22
easy:192782005	easy	E	E	True	False	True	0.47780755162239075	0.47780755162239075	0.38636484680482575	0.47780755162239075	354.21
retrieval-miss:717917007	retrieval-miss	none	none	True	False	True	0.47541186213493347	0.47541186213493347	0.3954001472471723	0.47541186213493347	347.89
none-narrower:1237225007	none-narrower	none	A	False	False		0.5966210961341858	0.322171688079834	0.8166785112022237	0.5966210961341858	351.58
easy:718720007	easy	D	D	True	True	False	0.6659114956855774	0.6659114956855774	0.18846999143229515	0.6659114956855774	239.12
easy:373436002	easy	H	none	False	False	True	0.49784448742866516	0.09348050504922867	1.1312945131383705	0.49784448742866516	229.6
retrieval-miss:789657008	retrieval-miss	none	none	True	False	True	0.6561486124992371	0.6561486124992371	0.16081238335102763	0.6561486124992371	254.19
hard:363402007	hard	G	none	False	True	True	0.3752182126045227	0.3146471381187439	0.6379170450731213	0.3752182126045227	341.21
easy:127230005	easy	D	none	False	False	True	0.5275711417198181	0.04898544400930405	1.2560201779668143	0.5275711417198181	245.59
easy:124322002	easy	B	none	False	True	False	0.49753421545028687	0.12165793031454086	1.1071617359315589	0.49753421545028687	351.54
easy:446079007	easy	G	G	True	True	False	0.6647847890853882	0.6647847890853882	0.18915072094088103	0.6647847890853882	348.81
hard:718717004	hard	C	C	True	True	False	0.6831839680671692	0.6831839680671692	0.16878216021631343	0.6831839680671692	353.97
easy:58213005	easy	C	C	True	True	False	0.7663775682449341	0.7663775682449341	0.09659961748875542	0.7663775682449341	346.91
retrieval-miss:271807003	retrieval-miss	none	none	True	False	True	0.5096432566642761	0.5096432566642761	0.3245611552250917	0.5096432566642761	230.05
easy:17024001	easy	C	H	False	True	False	0.5111141800880432	0.2527420222759247	0.8647213053209515	0.5111141800880432	350.01
hard:17226007	hard	D	D	True	True	False	0.6495978832244873	0.6495978832244873	0.20996795882440028	0.6495978832244873	201.01
hard:90935002	hard	G	none	False	True	False	0.41660448908805847	0.319913774728775	0.6580418392435603	0.41660448908805847	246.46
retrieval-miss:56975005	retrieval-miss	none	none	True	False	True	0.7314773797988892	0.7314773797988892	0.08348523308603756	0.7314773797988892	349.73
retrieval-miss:765216006	retrieval-miss	none	D	False	False	True	0.4603477716445923	0.24858492612838745	0.8147636154197724	0.4603477716445923	351.79
hard:711403001	hard	E	E	True	False	True	0.5458343029022217	0.5458343029022217	0.2804541802885935	0.5458343029022217	240.34
easy:8635005	easy	A	A	True	True	False	0.7050521969795227	0.7050521969795227	0.13849197554791384	0.7050521969795227	246.03
easy:36948007	easy	B	B	True	True	False	0.6131353974342346	0.6131353974342346	0.25987563805770475	0.6131353974342346	345.86
hard:732252005	hard	F	F	True	False	True	0.7941884994506836	0.7941884994506836	0.06928299145801711	0.7941884994506836	411.76
none-narrower:1306326003	none-narrower	none	B	False	False		0.37464195489883423	0.2634488046169281	0.7241837374382485	0.37464195489883423	245.15
hard:79886009	hard	H	H	True	True	False	0.45711076259613037	0.45711076259613037	0.42457334325334845	0.45711076259613037	234.24
hard:203045001	hard	G	none	False	True	True	0.3482467532157898	0.3189012408256531	0.6576757307138643	0.3482467532157898	349.39
retrieval-miss:82800008	retrieval-miss	none	D	False	False	True	0.3950285315513611	0.21331295371055603	0.8854401438531355	0.3950285315513611	212.34
gold-removed:33168009	gold-removed	none	none	True	False		0.8567352890968323	0.8567352890968323	0.023972469590961127	0.8567352890968323	157.23
none-narrower:723363009	none-narrower	none	E	False	False		0.38413408398628235	0.3221237361431122	0.6383706613263654	0.38413408398628235	251.7
none-narrower:1163472000	none-narrower	none	F	False	False		0.46448445320129395	0.38950324058532715	0.5950148647970414	0.46448445320129395	337.6
gold-removed:7522008	gold-removed	none	none	True	False		0.5308805704116821	0.5308805704116821	0.30720223598613383	0.5308805704116821	232.28
retrieval-miss:230572002	retrieval-miss	none	C	False	False	True	0.44480401277542114	0.4073227047920227	0.5612476699428348	0.44480401277542114	239.68
gold-removed:720604008	gold-removed	none	none	True	False		0.5118637084960938	0.5118637084960938	0.3188694620190553	0.5118637084960938	254.03
none-narrower:50927007	none-narrower	none	none	True	False		0.389049232006073	0.389049232006073	0.4928302923864634	0.389049232006073	230.88
hard:718608006	hard	A	A	True	True	False	0.8351683616638184	0.8351683616638184	0.03991514114822198	0.8351683616638184	353.5
easy:363379000	easy	B	none	False	True	True	0.37096449732780457	0.1679813265800476	0.9228637538023072	0.37096449732780457	304.48
gold-removed:254627002	gold-removed	none	F	False	False		0.34081926941871643	0.2858011722564697	0.6993283842322342	0.34081926941871643	361.91
hard:232006002	hard	C	none	False	True	False	0.38935384154319763	0.29898780584335327	0.7066383785515062	0.38935384154319763	235.83
hard:129639005	hard	D	D	True	True	False	0.7681597471237183	0.7681597471237183	0.08941015458513304	0.7681597471237183	239.51
hard:126980002	hard	F	F	True	True	False	0.47985807061195374	0.47985807061195374	0.43480437881924133	0.47985807061195374	248.54
retrieval-miss:718691008	retrieval-miss	none	D	False	False	True	0.3466355502605438	0.26618462800979614	0.760523081707157	0.3466355502605438	257.94
retrieval-miss:234110002	retrieval-miss	none	none	True	False	True	0.611038088798523	0.611038088798523	0.19022874252436323	0.611038088798523	239.82
none-narrower:472699005	none-narrower	none	C	False	False		0.5155734419822693	0.3320010304450989	0.7198030119265142	0.5155734419822693	245.07
gold-removed:726708009	gold-removed	none	none	True	False		0.689328670501709	0.689328670501709	0.12577397958621045	0.689328670501709	335.78
easy:83482000	easy	F	F	True	True	False	0.43537554144859314	0.43537554144859314	0.5114681199756714	0.43537554144859314	196.18
hard:254837009	hard	F	F	True	True	False	0.43371278047561646	0.43371278047561646	0.4834843803723126	0.43371278047561646	346.39
retrieval-miss:4945003	retrieval-miss	none	none	True	False	True	0.5046683549880981	0.5046683549880981	0.3042395960800666	0.5046683549880981	358.26
easy:718210003	easy	D	D	True	True	False	0.6103245615959167	0.6103245615959167	0.24528709171905955	0.6103245615959167	349.39
gold-removed:719253007	gold-removed	none	none	True	False		0.5005714893341064	0.5005714893341064	0.40152605513011597	0.5005714893341064	341.6
retrieval-miss:722055008	retrieval-miss	none	none	True	False	True	0.8439108729362488	0.8439108729362488	0.03087001255648145	0.8439108729362488	356.78
easy:763127004	easy	A	A	True	True	False	0.7978693246841431	0.7978693246841431	0.07290337471166612	0.7978693246841431	347.26
retrieval-miss:312912001	retrieval-miss	none	none	True	False	True	0.371194064617157	0.371194064617157	0.539783867033564	0.371194064617157	231.71
hard:41799005	hard	A	F	False	True	False	0.34551316499710083	0.05941025912761688	1.148057912037052	0.34551316499710083	244.52
hard:764999002	hard	H	H	True	False	True	0.6827225685119629	0.6827225685119629	0.1684412255654001	0.6827225685119629	354.84
easy:66695004	easy	H	H	True	False	True	0.44164690375328064	0.44164690375328064	0.4606311940941277	0.44164690375328064	363.14
easy:404056007	easy	F	F	True	True	False	0.50552898645401	0.50552898645401	0.3978455580881509	0.50552898645401	249.98
retrieval-miss:388980004	retrieval-miss	none	E	False	False	True	0.42814430594444275	0.19387367367744446	0.9120927491691322	0.42814430594444275	256.3
none-narrower:1162558000	none-narrower	none	none	True	False		0.48723533749580383	0.48723533749580383	0.3547609537854755	0.48723533749580383	249.8
easy:4887000	easy	A	A	True	False	True	0.40960147976875305	0.40960147976875305	0.4693371705673084	0.40960147976875305	365.69
retrieval-miss:234619000	retrieval-miss	none	H	False	False	True	0.451211541891098	0.13157039880752563	1.1011932506671864	0.451211541891098	250.83
retrieval-miss:715771008	retrieval-miss	none	D	False	False	True	0.6615870594978333	0.29958200454711914	0.9285698393072689	0.6615870594978333	348.5
retrieval-miss:186217006	retrieval-miss	none	C	False	False	True	0.434600830078125	0.434600830078125	0.512985997112589	0.434600830078125	196.62
hard:715755008	hard	E	E	True	True	False	0.551703929901123	0.551703929901123	0.3118401263593348	0.551703929901123	364.45
hard:126703006	hard	E	B	False	False	True	0.27248653769493103	0.1606810837984085	0.9063494882925163	0.27248653769493103	347.72
none-narrower:48309007	none-narrower	none	none	True	False		0.4652208685874939	0.4652208685874939	0.469627315469544	0.4652208685874939	361.06
easy:37272000	easy	G	G	True	True	False	0.7617487907409668	0.7617487907409668	0.08689559770167354	0.7617487907409668	356.75
none-narrower:763312008	none-narrower	none	B	False	False		0.5248830318450928	0.28343355655670166	0.8093741284882003	0.5248830318450928	455.15
easy:88092000	easy	F	F	True	False	True	0.3908102214336395	0.3908102214336395	0.5406157836411114	0.3908102214336395	263.23
none-narrower:1340174002	none-narrower	none	G	False	False		0.7162045240402222	0.17512758076190948	1.1959806497412353	0.7162045240402222	252.69
hard:92336000	hard	H	H	True	True	False	0.48104748129844666	0.48104748129844666	0.41338544076097883	0.48104748129844666	259.69
retrieval-miss:16140007	retrieval-miss	none	H	False	False	True	0.6026204228401184	0.29799118638038635	0.8594986061351095	0.6026204228401184	244.46
none-narrower:403632002	none-narrower	none	F	False	False		0.5179211497306824	0.3977164030075073	0.6322289811479713	0.5179211497306824	362.46
retrieval-miss:363398003	retrieval-miss	none	none	True	False	True	0.36736488342285156	0.36736488342285156	0.5100492340557556	0.36736488342285156	345.66
hard:426055002	hard	A	A	True	True	False	0.3688562512397766	0.3688562512397766	0.5821179176444058	0.3688562512397766	234.46
none-narrower:716194005	none-narrower	none	H	False	False		0.7217143177986145	0.2509596049785614	1.0820578378153682	0.7217143177986145	346.8
none-narrower:94660006	none-narrower	none	none	True	False		0.4305257499217987	0.4305257499217987	0.4024182957588864	0.4305257499217987	251.07
hard:190785000	hard	D	D	True	True	False	0.4248620569705963	0.4248620569705963	0.5011597551120452	0.4248620569705963	202.71
hard:92385005	hard	B	none	False	True	True	0.3837430775165558	0.3514070212841034	0.6114594325094109	0.3837430775165558	256.34
none-narrower:289474006	none-narrower	none	E	False	False		0.40073361992836	0.40073361992836	0.5270915999066513	0.40073361992836	234.64
easy:238763007	easy	E	E	True	True	False	0.5333912968635559	0.5333912968635559	0.3272138347264604	0.5333912968635559	263.31
retrieval-miss:363009005	retrieval-miss	none	none	True	False	True	0.529327929019928	0.529327929019928	0.26683571899735425	0.529327929019928	353.93
none-narrower:133091000119105	none-narrower	none	none	True	False		0.512668788433075	0.512668788433075	0.3524997633009235	0.512668788433075	196.89
gold-removed:92697000	gold-removed	none	none	True	False		0.3300149440765381	0.3300149440765381	0.5665508820445161	0.3300149440765381	273.62
hard:192781003	hard	H	none	False	True	False	0.5978653430938721	0.11226146668195724	1.1668695515446919	0.5978653430938721	350.39
easy:711480000	easy	H	C	False	True	False	0.3582933247089386	0.3582933247089386	0.5816052511674019	0.3582933247089386	351.26
hard:254709009	hard	F	D	False	False	True	0.6542714834213257	0.0030459226109087467	1.4814139357306253	0.6542714834213257	357.03
retrieval-miss:716338001	retrieval-miss	none	B	False	False	True	0.45076456665992737	0.45076456665992737	0.5075056772687756	0.45076456665992737	349.54
easy:14535005	easy	F	F	True	True	False	0.6957702040672302	0.6957702040672302	0.152457787080965	0.6957702040672302	343.7
easy:734029004	easy	E	E	True	True	True	0.7958717346191406	0.7958717346191406	0.0611651484665747	0.7958717346191406	437.51
none-narrower:707750005	none-narrower	none	none	True	False		0.37740573287010193	0.37740573287010193	0.5325915201641834	0.37740573287010193	259.24
none-narrower:12240951000119107	none-narrower	none	none	True	False		0.3854730427265167	0.3854730427265167	0.5199725849655696	0.3854730427265167	346.39
easy:715801001	easy	F	F	True	True	False	0.7913404703140259	0.7913404703140259	0.07509616831336746	0.7913404703140259	437.68
hard:94140004	hard	G	none	False	True	True	0.3885778486728668	0.13511891663074493	0.9685447712442254	0.3885778486728668	349.68
none-narrower:276682008	none-narrower	none	C	False	False		0.3465101718902588	0.317311555147171	0.648293752074632	0.3465101718902588	234.7
retrieval-miss:726672000	retrieval-miss	none	none	True	False	True	0.5885547399520874	0.5885547399520874	0.2200682893162076	0.5885547399520874	357.99
easy:717254007	easy	B	B	True	True	False	0.48539865016937256	0.48539865016937256	0.4052785008668823	0.48539865016937256	350.73
retrieval-miss:105597003	retrieval-miss	none	none	True	False	True	0.44304224848747253	0.44304224848747253	0.38081617217184993	0.44304224848747253	246.92
easy:68779003	easy	E	none	False	True	False	0.5258507132530212	0.07582269608974457	1.1928367156448747	0.5258507132530212	239.42
none-narrower:1144544008	none-narrower	none	none	True	False		0.4927198588848114	0.4927198588848114	0.43001296180261306	0.4927198588848114	248.59
hard:28189009	hard	C	C	True	True	False	0.5608537197113037	0.5608537197113037	0.2778941519242572	0.5608537197113037	349.33
easy:237091009	easy	C	none	False	True	False	0.42641356587409973	0.3904818892478943	0.5722432543948974	0.42641356587409973	236.31
easy:45116002	easy	E	E	True	True	False	0.7399749755859375	0.7399749755859375	0.09442421122503888	0.7399749755859375	362.65
hard:29928006	hard	H	H	True	False	True	0.532223641872406	0.532223641872406	0.3239353537115045	0.532223641872406	241.07
gold-removed:51254007	gold-removed	none	none	True	False		0.5927281975746155	0.5927281975746155	0.24324585326938844	0.5927281975746155	355.61
gold-removed:235825006	gold-removed	none	B	False	False		0.4315040111541748	0.2544507086277008	0.8078363386407827	0.4315040111541748	244.84
hard:47277009	hard	H	H	True	True	False	0.5500236749649048	0.5500236749649048	0.31189118249601294	0.5500236749649048	344.2
gold-removed:766818009	gold-removed	none	none	True	False		0.5938264727592468	0.5938264727592468	0.24093883754078785	0.5938264727592468	350.08
hard:408643008	hard	A	A	True	False	True	0.5433241724967957	0.5433241724967957	0.2891227516528925	0.5433241724967957	351.83
easy:254219004	easy	G	G	True	True	False	0.38751220703125	0.38751220703125	0.5056341297734732	0.38751220703125	260.79
hard:702397002	hard	G	G	True	True	False	0.4334029257297516	0.4334029257297516	0.4654710717232462	0.4334029257297516	257.85
retrieval-miss:240820001	retrieval-miss	none	B	False	False	True	0.6599481105804443	0.2505984306335449	0.998782073228154	0.6599481105804443	353.62
gold-removed:720495005	gold-removed	none	none	True	False		0.8006501197814941	0.8006501197814941	0.047244903909101216	0.8006501197814941	351.38
none-narrower:145501000119108	none-narrower	none	none	True	False		0.4801267683506012	0.4801267683506012	0.33899565570974444	0.4801267683506012	343.77
hard:715530004	hard	E	H	False	False	True	0.2901709973812103	0.26571980118751526	0.718456067293916	0.2901709973812103	361.89
hard:102449007	hard	G	G	True	True	False	0.6199756860733032	0.6199756860733032	0.2392798091157227	0.6199756860733032	256.85
easy:363373004	easy	A	C	False	False	True	0.324939101934433	0.1916111707687378	0.8695924739979459	0.324939101934433	245.81
hard:205473008	hard	C	none	False	True	False	0.5098510384559631	0.16234980523586273	0.9884949614113905	0.5098510384559631	350.01
easy:312104005	easy	C	none	False	False	True	0.37595874071121216	0.34427863359451294	0.589659767933815	0.37595874071121216	340.65
easy:63175003	easy	A	none	False	False	True	0.38985005021095276	0.27414262294769287	0.7127650470116709	0.38985005021095276	357.01
hard:363493006	hard	C	none	False	True	True	0.33259400725364685	0.30456802248954773	0.6629623657109921	0.33259400725364685	254.55
retrieval-miss:399955009	retrieval-miss	none	none	True	False	True	0.4079020619392395	0.4079020619392395	0.4999361743937706	0.4079020619392395	429.24
retrieval-miss:27240009	retrieval-miss	none	none	True	False	True	0.6391244530677795	0.6391244530677795	0.1649332788726237	0.6391244530677795	352.97
none-narrower:1343511009	none-narrower	none	none	True	False		0.4794859290122986	0.4794859290122986	0.3909783118003406	0.4794859290122986	252.15
hard:1489008	hard	E	E	True	False	True	0.7325599193572998	0.7325599193572998	0.11067522836210857	0.7325599193572998	244.1
easy:234576008	easy	C	C	True	True	False	0.4370700716972351	0.4370700716972351	0.4579781997960544	0.4370700716972351	236.92
easy:124267007	easy	C	C	True	False	True	0.4208495020866394	0.4208495020866394	0.4809442652959345	0.4208495020866394	341.03
hard:724142005	hard	A	A	True	False	True	0.7683857679367065	0.7683857679367065	0.08927369964891296	0.7683857679367065	425.25
easy:717632002	easy	E	E	True	True	False	0.7923974394798279	0.7923974394798279	0.059998854792613195	0.7923974394798279	463.94
easy:733447005	easy	H	H	True	True	False	0.7819611430168152	0.7819611430168152	0.08423756725570761	0.7819611430168152	342.69
gold-removed:719172003	gold-removed	none	none	True	False		0.559916615486145	0.559916615486145	0.22876244795902562	0.559916615486145	356.46
none-narrower:705128004	none-narrower	none	B	False	False		0.42810532450675964	0.27567633986473083	0.7720354973292145	0.42810532450675964	239.95
gold-removed:126804008	gold-removed	none	E	False	False		0.4844052791595459	0.3119310438632965	0.7159068375119767	0.4844052791595459	255.02
gold-removed:50923006	gold-removed	none	none	True	False		0.40733057260513306	0.40733057260513306	0.48302824206197165	0.40733057260513306	348.43
gold-removed:95413004	gold-removed	none	none	True	False		0.48000621795654297	0.48000621795654297	0.3522592816986737	0.48000621795654297	233.92
easy:6729006	easy	A	A	True	True	True	0.5931475162506104	0.5931475162506104	0.2548227091029859	0.5931475162506104	356.47
easy:763793004	easy	H	H	True	False	True	0.5012699961662292	0.5012699961662292	0.35376628023849543	0.5012699961662292	359.32
easy:715342005	easy	F	F	True	True	False	0.7762197256088257	0.7762197256088257	0.08070107934588659	0.7762197256088257	361.61
retrieval-miss:403901001	retrieval-miss	none	F	False	False	True	0.48754262924194336	0.3743884563446045	0.6324923696268017	0.48754262924194336	350.63
hard:187151009	hard	D	D	True	True	False	0.385743111371994	0.385743111371994	0.5420624299187629	0.385743111371994	346.52
gold-removed:155441006	gold-removed	none	none	True	False		0.3905767500400543	0.3905767500400543	0.44883989772800353	0.3905767500400543	357.16
easy:50869007	easy	B	none	False	False	True	0.41409972310066223	0.3179909884929657	0.6585282438144	0.41409972310066223	251.59
hard:73237007	hard	G	G	True	True	False	0.4246365427970886	0.4246365427970886	0.4651111889894697	0.4246365427970886	245.74
hard:763529005	hard	G	G	True	True	False	0.7648741602897644	0.7648741602897644	0.09078902832885845	0.7648741602897644	417.66
gold-removed:128869009	gold-removed	none	F	False	False		0.43333345651626587	0.36338090896606445	0.6033398423289722	0.43333345651626587	243.04
gold-removed:22199006	gold-removed	none	none	True	False		0.40584203600883484	0.40584203600883484	0.48629425667728304	0.40584203600883484	346.74
easy:254790003	easy	D	D	True	True	False	0.5608713030815125	0.5608713030815125	0.28813133787600076	0.5608713030815125	191.79
hard:126677000	hard	B	B	True	True	False	0.6416208744049072	0.6416208744049072	0.20088395350838564	0.6416208744049072	329.11
retrieval-miss:56688005	retrieval-miss	none	D	False	False	True	0.5618242621421814	0.39507490396499634	0.6818963485161702	0.5618242621421814	227.91
easy:202882003	easy	C	C	True	True	False	0.7420171499252319	0.7420171499252319	0.10237466969153598	0.7420171499252319	349.77
hard:29271008	hard	A	B	False	True	True	0.40726014971733093	0.3729424476623535	0.5933922598338343	0.40726014971733093	245.83
hard:36233006	hard	E	E	True	False	True	0.5381338596343994	0.5381338596343994	0.3201399769252257	0.5381338596343994	332.12
easy:719949001	easy	C	C	True	True	False	0.7318860292434692	0.7318860292434692	0.12650065093027363	0.7318860292434692	336.47
easy:61071003	easy	B	B	True	False	True	0.6914045810699463	0.6914045810699463	0.1645937415720848	0.6914045810699463	360.41
retrieval-miss:218728005	retrieval-miss	none	C	False	False	True	0.4531187415122986	0.3799722492694855	0.6027349090083017	0.4531187415122986	247.33
retrieval-miss:725028009	retrieval-miss	none	none	True	False	True	0.5157882571220398	0.5157882571220398	0.3325552422227655	0.5157882571220398	414.99
hard:28314004	hard	D	D	True	True	True	0.6041285395622253	0.6041285395622253	0.2839164464819455	0.6041285395622253	338.44
hard:24269006	hard	C	H	False	True	True	0.3114193081855774	0.04111991450190544	1.1430112764803584	0.3114193081855774	239.84
easy:722376008	easy	G	G	True	True	True	0.5981484055519104	0.5981484055519104	0.24009913311793676	0.5981484055519104	352.65
hard:715406003	hard	E	E	True	True	False	0.4214777648448944	0.4214777648448944	0.5253439125995489	0.4214777648448944	342.94
easy:126680004	easy	D	none	False	True	False	0.3999439775943756	0.23584027588367462	0.7827286632309862	0.3999439775943756	342.28
none-narrower:93846004	none-narrower	none	B	False	False		0.5417783260345459	0.24532979726791382	0.8931147445797933	0.5417783260345459	244.81
gold-removed:763213001	gold-removed	none	none	True	False		0.3553287982940674	0.3553287982940674	0.5525158820431662	0.3553287982940674	330.71
gold-removed:71912000	gold-removed	none	none	True	False		0.4204804599285126	0.4204804599285126	0.49064875831536636	0.4204804599285126	235.7
easy:428281000	easy	G	none	False	True	False	0.4035889804363251	0.18275445699691772	0.8810010456865252	0.4035889804363251	246.35
hard:722391005	hard	B	B	True	True	False	0.6313323974609375	0.6313323974609375	0.2522961110570925	0.6313323974609375	348.01
easy:231829006	easy	B	none	False	True	True	0.37416601181030273	0.13010753691196442	1.0189925639553519	0.37416601181030273	231.78
none-narrower:232023006	none-narrower	none	none	True	False		0.338752806186676	0.338752806186676	0.5666499917674744	0.338752806186676	239.27
none-narrower:1382212005	none-narrower	none	B	False	False		0.5245827436447144	0.36888736486434937	0.6761561034438242	0.5245827436447144	337.83
hard:708536001	hard	B	B	True	True	False	0.3928333520889282	0.3928333520889282	0.5007599222201385	0.3928333520889282	343.02
none-narrower:314207007	none-narrower	none	none	True	False		0.5032964944839478	0.5032964944839478	0.33181336765409114	0.5032964944839478	230.22
easy:398723007	easy	D	none	False	False	True	0.383771687746048	0.15913698077201843	0.9511905250524821	0.383771687746048	330.74
retrieval-miss:236803007	retrieval-miss	none	none	True	False	True	0.47898849844932556	0.47898849844932556	0.39062210073500947	0.47898849844932556	190.26
hard:721756002	hard	C	none	False	False	True	0.4177750051021576	0.11155524849891663	1.0580177826674664	0.4177750051021576	229.38
none-narrower:418072004	none-narrower	none	none	True	False		0.5724117159843445	0.5724117159843445	0.22246927814140943	0.5724117159843445	252.11
retrieval-miss:87065009	retrieval-miss	none	none	True	False	True	0.5437268614768982	0.5437268614768982	0.35557442108084947	0.5437268614768982	340.81
gold-removed:33655002	gold-removed	none	none	True	False		0.36874935030937195	0.36874935030937195	0.5189634029449884	0.36874935030937195	188.51
easy:254895003	easy	A	A	True	True	False	0.5654295682907104	0.5654295682907104	0.2671436095494073	0.5654295682907104	355.63
easy:255072001	easy	E	E	True	True	True	0.48322048783302307	0.48322048783302307	0.4095457990828781	0.48322048783302307	338.09
none-narrower:423471004	none-narrower	none	B	False	False		0.41680559515953064	0.41680559515953064	0.5199057954224862	0.41680559515953064	344.39
hard:25147002	hard	C	C	True	True	False	0.6817002296447754	0.6817002296447754	0.16900462370787694	0.6817002296447754	234.2
retrieval-miss:2109003	retrieval-miss	none	none	True	False	True	0.5060727000236511	0.5060727000236511	0.3096665524537653	0.5060727000236511	332.27
easy:254846003	easy	G	G	True	True	False	0.5307167768478394	0.5307167768478394	0.38687794578422613	0.5307167768478394	333.21
hard:3323003	hard	E	E	True	True	False	0.7766329050064087	0.7766329050064087	0.07593236015128345	0.7766329050064087	346.97
hard:41446000	hard	E	E	True	True	False	0.4290866553783417	0.4290866553783417	0.4875099163910086	0.4290866553783417	156.64
easy:41572006	easy	B	B	True	False	True	0.6919071674346924	0.6919071674346924	0.15405643479971515	0.6919071674346924	346.36
hard:276645004	hard	F	F	True	True	False	0.3791723847389221	0.3791723847389221	0.5315733687922725	0.3791723847389221	232.23
gold-removed:27215002	gold-removed	none	none	True	False		0.8185302019119263	0.8185302019119263	0.03782436651413696	0.8185302019119263	254.56
gold-removed:433068007	gold-removed	none	none	True	False		0.33969831466674805	0.33969831466674805	0.5382065644347103	0.33969831466674805	242.57
easy:35031005	easy	E	E	True	True	False	0.6065607070922852	0.6065607070922852	0.2214986326881196	0.6065607070922852	352.62
easy:85375000	easy	E	E	True	True	False	0.8830410242080688	0.8830410242080688	0.02059988044130402	0.8830410242080688	234.23
none-narrower:198448006	none-narrower	none	none	True	False		0.35178688168525696	0.35178688168525696	0.5344361378788411	0.35178688168525696	348.55
retrieval-miss:725910009	retrieval-miss	none	none	True	False	True	0.6099920868873596	0.6099920868873596	0.26132388766937353	0.6099920868873596	337.56
hard:719659003	hard	G	G	True	False	True	0.43195217847824097	0.43195217847824097	0.48580144941716297	0.43195217847824097	335.14
hard:81564005	hard	C	none	False	True	True	0.3302297294139862	0.23221760988235474	0.7523360205505181	0.3302297294139862	235.43
none-narrower:723829000	none-narrower	none	G	False	False		0.7055274248123169	0.2679060101509094	1.033838641121856	0.7055274248123169	233.87
easy:22125009	easy	E	E	True	True	True	0.40478062629699707	0.40478062629699707	0.502265098428753	0.40478062629699707	345.32
retrieval-miss:440350001	retrieval-miss	none	none	True	False	True	0.37314677238464355	0.37314677238464355	0.49313500420772927	0.37314677238464355	338.57
gold-removed:10082001	gold-removed	none	A	False	False		0.5276780724525452	0.37106403708457947	0.6760651066579155	0.5276780724525452	345.46
easy:28183005	easy	E	E	True	True	False	0.5982109308242798	0.5982109308242798	0.24156780396918281	0.5982109308242798	345.0
hard:53597009	hard	D	D	True	True	False	0.5740863084793091	0.5740863084793091	0.2615265654192222	0.5740863084793091	227.83
hard:25010000	hard	H	H	True	False	True	0.5269138813018799	0.5269138813018799	0.3436489675080446	0.5269138813018799	350.0
easy:22949006	easy	C	C	True	False	True	0.49502357840538025	0.49502357840538025	0.36548016889525603	0.49502357840538025	233.21
retrieval-miss:230410004	retrieval-miss	none	E	False	False	True	0.44146302342414856	0.16763430833816528	0.9423280182124689	0.44146302342414856	364.05
gold-removed:239892009	gold-removed	none	A	False	False		0.5017306804656982	0.32308703660964966	0.7180921285390881	0.5017306804656982	247.71
easy:91051003	easy	D	D	True	True	False	0.5803564786911011	0.5803564786911011	0.2944231294266152	0.5803564786911011	228.49
retrieval-miss:124224004	retrieval-miss	none	none	True	False	True	0.7987337112426758	0.7987337112426758	0.049722367586512134	0.7987337112426758	239.33
easy:725027004	easy	G	G	True	False	True	0.7326474189758301	0.7326474189758301	0.12617214219001416	0.7326474189758301	424.66
easy:25690000	easy	E	E	True	True	False	0.6934359073638916	0.6934359073638916	0.14458745025451358	0.6934359073638916	340.23
easy:67895005	easy	G	G	True	True	False	0.6714881658554077	0.6714881658554077	0.18590641283399292	0.6714881658554077	240.4
hard:237751000	hard	G	none	False	True	False	0.37854939699172974	0.31744059920310974	0.6471550814140835	0.37854939699172974	332.27
retrieval-miss:54266002	retrieval-miss	none	none	True	False	True	0.5096593499183655	0.5096593499183655	0.42382467167327786	0.5096593499183655	346.52
easy:445436005	easy	C	D	False	True	True	0.44638770818710327	0.31390053033828735	0.7111456634319383	0.44638770818710327	345.23
hard:438476003	hard	C	C	True	True	True	0.3173464834690094	0.3173464834690094	0.6131118474819663	0.3173464834690094	331.06
easy:191382009	easy	G	G	True	True	True	0.5640753507614136	0.5640753507614136	0.286512983665532	0.5640753507614136	240.04
hard:255154009	hard	C	none	False	True	True	0.3370976746082306	0.30869218707084656	0.6305359054585905	0.3370976746082306	330.76
gold-removed:2284002	gold-removed	none	none	True	False		0.32572171092033386	0.32572171092033386	0.5882382449554997	0.32572171092033386	195.24
easy:363378008	easy	H	none	False	False	True	0.414592444896698	0.20501239597797394	0.8421381320317037	0.414592444896698	335.52
hard:126686005	hard	B	B	True	True	False	0.469879150390625	0.469879150390625	0.46803227105262213	0.469879150390625	250.81
easy:43152001	easy	G	G	True	True	False	0.47130098938941956	0.47130098938941956	0.5021620504845414	0.47130098938941956	232.26
hard:723411003	hard	B	B	True	True	False	0.5846357345581055	0.5846357345581055	0.3145244381083798	0.5846357345581055	345.56
gold-removed:234584007	gold-removed	none	A	False	False		0.5541995167732239	0.21044310927391052	0.9680429720492398	0.5541995167732239	344.35
hard:725591002	hard	E	E	True	True	False	0.8212624788284302	0.8212624788284302	0.05216605838592854	0.8212624788284302	334.39
retrieval-miss:243321006	retrieval-miss	none	none	True	False	True	0.5312269330024719	0.5312269330024719	0.28132937694340826	0.5312269330024719	234.33
hard:5262007	hard	G	G	True	True	True	0.4548790454864502	0.4548790454864502	0.473651739717157	0.4548790454864502	339.41
gold-removed:77489003	gold-removed	none	none	True	False		0.4101282060146332	0.4101282060146332	0.4798812718495339	0.4101282060146332	160.02
none-narrower:371074009	none-narrower	none	none	True	False		0.44589507579803467	0.44589507579803467	0.4617883544182789	0.44589507579803467	232.14
gold-removed:74460005	gold-removed	none	none	True	False		0.36292487382888794	0.36292487382888794	0.5427091336670825	0.36292487382888794	228.14
gold-removed:75544000	gold-removed	none	none	True	False		0.4743691682815552	0.4743691682815552	0.3757693468243797	0.4743691682815552	188.54
hard:28244003	hard	G	G	True	True	False	0.5516457557678223	0.5516457557678223	0.31124754660998166	0.5516457557678223	182.28
retrieval-miss:390834004	retrieval-miss	none	D	False	False	True	0.43358737230300903	0.36359381675720215	0.6043150074874241	0.43358737230300903	239.67
easy:128082002	easy	H	H	True	True	True	0.5394563674926758	0.5394563674926758	0.29470237680485967	0.5394563674926758	343.54
easy:720749004	easy	H	H	True	False	True	0.666779100894928	0.666779100894928	0.16200415499060403	0.666779100894928	345.2
none-narrower:56871000	none-narrower	none	C	False	False		0.3885813057422638	0.32585304975509644	0.6259345953308176	0.3885813057422638	339.63
retrieval-miss:70534000	retrieval-miss	none	none	True	False	True	0.43354976177215576	0.43354976177215576	0.4631519095693487	0.43354976177215576	227.35
easy:31659000	easy	H	H	True	False	True	0.7234525680541992	0.7234525680541992	0.12246843382759046	0.7234525680541992	252.96
easy:10623005	easy	F	D	False	True	False	0.31030285358428955	0.15344193577766418	0.9342285575882606	0.31030285358428955	231.77
hard:78622004	hard	C	C	True	True	True	0.3939216732978821	0.3939216732978821	0.5309145904065465	0.3939216732978821	226.16
gold-removed:32893002	gold-removed	none	none	True	False		0.42296063899993896	0.42296063899993896	0.4369555501797042	0.42296063899993896	241.37
gold-removed:33666009	gold-removed	none	A	False	False		0.7162383198738098	0.20885029435157776	1.1409439382769642	0.7162383198738098	227.24
none-narrower:772225005	none-narrower	none	D	False	False		0.7217745184898376	0.2298317402601242	1.1146651730621677	0.7217745184898376	403.13
easy:45377007	easy	H	H	True	True	True	0.6475481390953064	0.6475481390953064	0.18751234923341029	0.6475481390953064	251.87
hard:254067002	hard	E	A	False	True	False	0.5021114349365234	0.01621154136955738	1.3512236764773289	0.5021114349365234	246.23
none-narrower:403114001	none-narrower	none	C	False	False		0.415783554315567	0.31928402185440063	0.6643484992334823	0.415783554315567	236.24
gold-removed:231826004	gold-removed	none	none	True	False		0.4465638995170593	0.4465638995170593	0.3784511694829591	0.4465638995170593	336.58
easy:715415005	easy	H	H	True	True	False	0.5485297441482544	0.5485297441482544	0.3533850682391116	0.5485297441482544	332.89
easy:429233001	easy	E	E	True	True	True	0.7968202233314514	0.7968202233314514	0.0554668569831741	0.7968202233314514	228.81
easy:15350006	easy	G	G	True	True	False	0.5510093569755554	0.5510093569755554	0.29683075555091065	0.5510093569755554	240.98
gold-removed:59282003	gold-removed	none	none	True	False		0.4335101246833801	0.4335101246833801	0.48534859282982945	0.4335101246833801	228.69
hard:238091006	hard	A	A	True	True	True	0.35956478118896484	0.35956478118896484	0.5642373640740128	0.35956478118896484	331.83
easy:37350004	easy	F	F	True	False	True	0.7393986582756042	0.7393986582756042	0.09389899288072903	0.7393986582756042	229.31
gold-removed:722207000	gold-removed	none	none	True	False		0.5826088190078735	0.5826088190078735	0.21007375244310506	0.5826088190078735	240.52
hard:372140005	hard	E	none	False	True	False	0.407247930765152	0.34150633215904236	0.6148857031577388	0.407247930765152	239.88
hard:733518000	hard	C	C	True	True	False	0.6469907760620117	0.6469907760620117	0.22717451836523175	0.6469907760620117	402.68
none-narrower:109858008	none-narrower	none	none	True	False		0.4151153862476349	0.4151153862476349	0.4960503770217529	0.4151153862476349	332.26
hard:360481003	hard	F	F	True	True	True	0.4020179212093353	0.4020179212093353	0.528593769189009	0.4020179212093353	240.11
easy:111565003	easy	F	F	True	True	False	0.6283143162727356	0.6283143162727356	0.2088557829287458	0.6283143162727356	151.51
retrieval-miss:238020001	retrieval-miss	none	E	False	False	True	0.6417867541313171	0.22316622734069824	1.0187365734611276	0.6417867541313171	226.39
hard:423425006	hard	G	F	False	True	True	0.3863822817802429	0.1343553364276886	1.0284570020081067	0.3863822817802429	250.56
retrieval-miss:67915005	retrieval-miss	none	F	False	False	True	0.4431557059288025	0.23930132389068604	0.8566819907620727	0.4431557059288025	193.26
easy:763067000	easy	C	C	True	True	True	0.5890288352966309	0.5890288352966309	0.23131721837955352	0.5890288352966309	336.19
hard:82458004	hard	A	A	True	False	True	0.3904552161693573	0.3904552161693573	0.5219565325275288	0.3904552161693573	333.08
easy:24868007	easy	E	E	True	True	True	0.6290314197540283	0.6290314197540283	0.20021933466834368	0.6290314197540283	227.15
none-narrower:1186810009	none-narrower	none	E	False	False		0.32573139667510986	0.2982836961746216	0.6891161548120186	0.32573139667510986	335.67
easy:27621000119100	easy	C	C	True	False	True	0.5123924612998962	0.5123924612998962	0.37036362922956134	0.5123924612998962	227.46
hard:92040001	hard	A	A	True	True	True	0.4163528084754944	0.4163528084754944	0.47070519531789023	0.4163528084754944	239.87
easy:764944006	easy	C	C	True	True	False	0.6235986948013306	0.6235986948013306	0.2553191275671327	0.6235986948013306	337.18
gold-removed:443095000	gold-removed	none	C	False	False		0.47088900208473206	0.47088900208473206	0.502280475002582	0.47088900208473206	186.96
hard:707341005	hard	E	E	True	False	True	0.7144100069999695	0.7144100069999695	0.133853550590971	0.7144100069999695	239.51
hard:27059002	hard	H	H	True	False	True	0.705177366733551	0.705177366733551	0.14745229739307378	0.705177366733551	190.64
none-narrower:773774000	none-narrower	none	C	False	False		0.7692704200744629	0.2054123729467392	1.2232417485671125	0.7692704200744629	399.77
hard:128128003	hard	F	F	True	True	False	0.6101470589637756	0.6101470589637756	0.24460148281961874	0.6101470589637756	231.1
retrieval-miss:20376005	retrieval-miss	none	none	True	False	True	0.4751412868499756	0.4751412868499756	0.3437603678789902	0.4751412868499756	240.11
none-narrower:1293071007	none-narrower	none	none	True	False		0.32336127758026123	0.32336127758026123	0.6083889563969721	0.32336127758026123	237.41
retrieval-miss:722390006	retrieval-miss	none	none	True	False	True	0.8501690030097961	0.8501690030097961	0.02669167463856996	0.8501690030097961	342.73
easy:71325002	easy	E	none	False	True	False	0.38361579179763794	0.3512904942035675	0.5872754380079989	0.38361579179763794	331.55
gold-removed:448315008	gold-removed	none	none	True	False		0.4218994081020355	0.4218994081020355	0.4480862945987459	0.4218994081020355	344.52
hard:709075008	hard	B	B	True	True	False	0.7766481637954712	0.7766481637954712	0.09293461119693959	0.7766481637954712	344.96
hard:236644005	hard	A	A	True	True	False	0.5128887295722961	0.5128887295722961	0.370732949420991	0.5128887295722961	188.45
gold-removed:720983002	gold-removed	none	none	True	False		0.6015987992286682	0.6015987992286682	0.24907458171685248	0.6015987992286682	348.04
easy:109983007	easy	H	none	False	True	False	0.3264329731464386	0.07981995493173599	1.088308536115651	0.3264329731464386	353.74
hard:92039003	hard	H	H	True	True	True	0.6223669648170471	0.6223669648170471	0.22479688295584752	0.6223669648170471	343.57
easy:92617001	easy	D	D	True	True	True	0.5608778595924377	0.5608778595924377	0.28815439851741753	0.5608778595924377	246.32
easy:76916001	easy	D	D	True	True	False	0.5451648235321045	0.5451648235321045	0.3180332352505445	0.5451648235321045	187.82
hard:19034001	hard	A	A	True	False	True	0.5436749458312988	0.5436749458312988	0.3329724718607674	0.5436749458312988	184.18
easy:93235007	easy	F	F	True	False	True	0.4136699140071869	0.4136699140071869	0.5261911316160994	0.4136699140071869	342.19
easy:70931000	easy	F	none	False	False	True	0.2694965600967407	0.22599200904369354	0.7763567704203428	0.2694965600967407	233.34
easy:233915000	easy	B	E	False	False	True	0.6004984378814697	0.07929002493619919	1.2829460876414047	0.6004984378814697	343.3
hard:253187005	hard	E	E	True	False	True	0.45943188667297363	0.45943188667297363	0.40976975787503583	0.45943188667297363	246.1
hard:270516002	hard	D	D	True	True	True	0.5460898876190186	0.5460898876190186	0.2917005402731761	0.5460898876190186	345.8
retrieval-miss:105706003	retrieval-miss	none	E	False	False	True	0.6646470427513123	0.275606632232666	0.9670548622148434	0.6646470427513123	233.39
none-narrower:2061000	none-narrower	none	none	True	False		0.5137322545051575	0.5137322545051575	0.3048765247573689	0.5137322545051575	239.23
hard:232442001	hard	H	H	True	False	True	0.37974753975868225	0.37974753975868225	0.5239264829571226	0.37974753975868225	235.35
none-narrower:302958006	none-narrower	none	none	True	False		0.38129422068595886	0.38129422068595886	0.5029401060886115	0.38129422068595886	331.7
none-narrower:686991000119106	none-narrower	none	none	True	False		0.42698851227760315	0.42698851227760315	0.4882165764540962	0.42698851227760315	225.68
none-narrower:12181000119103	none-narrower	none	F	False	False		0.6773362755775452	0.2572006583213806	1.011290142543792	0.6773362755775452	226.14
gold-removed:60380001	gold-removed	none	E	False	False		0.42971277236938477	0.3935030996799469	0.5584752055147368	0.42971277236938477	235.43
none-narrower:1344682008	none-narrower	none	F	False	False		0.6048458218574524	0.3266129791736603	0.8208104778966314	0.6048458218574524	233.14
retrieval-miss:13445001	retrieval-miss	none	none	True	False	True	0.5290506482124329	0.5290506482124329	0.38753386039469623	0.5290506482124329	331.67
hard:86500004	hard	G	G	True	True	False	0.4431695342063904	0.4431695342063904	0.5096807426233441	0.4431695342063904	240.75
hard:707756004	hard	A	A	True	True	False	0.7902242541313171	0.7902242541313171	0.07550694168889245	0.7902242541313171	239.53
none-narrower:11045000	none-narrower	none	none	True	False		0.3551674783229828	0.3551674783229828	0.5426328387725772	0.3551674783229828	227.8
retrieval-miss:67795000	retrieval-miss	none	none	True	False	True	0.42985621094703674	0.42985621094703674	0.4079152099326582	0.42985621094703674	331.79
hard:254711000	hard	B	B	True	True	True	0.5824061632156372	0.5824061632156372	0.26192125743885225	0.5824061632156372	333.14
hard:54470008	hard	F	F	True	False	True	0.7597160339355469	0.7597160339355469	0.08758988822537607	0.7597160339355469	342.76
none-narrower:301191003	none-narrower	none	none	True	False		0.4389980435371399	0.4389980435371399	0.41385972752593014	0.4389980435371399	251.86
hard:19138001	hard	G	G	True	True	False	0.5315550565719604	0.5315550565719604	0.36090840930084944	0.5315550565719604	244.84
none-narrower:782754006	none-narrower	none	B	False	False		0.7246094942092896	0.25196632742881775	1.0847161789182787	0.7246094942092896	331.32
retrieval-miss:37548006	retrieval-miss	none	none	True	False	True	0.4586922526359558	0.4586922526359558	0.3627116703221536	0.4586922526359558	333.94
easy:716723000	easy	G	E	False	False	True	0.6748404502868652	0.011765598319470882	1.4801777590413812	0.6748404502868652	334.09
gold-removed:29740003	gold-removed	none	none	True	False		0.5495389103889465	0.5495389103889465	0.23791353708437996	0.5495389103889465	227.69
easy:408751001	easy	D	D	True	True	False	0.642875075340271	0.642875075340271	0.21350496934224436	0.642875075340271	333.32
hard:92087008	hard	H	none	False	True	True	0.3164626955986023	0.28979551792144775	0.6925235807659821	0.3164626955986023	239.04
hard:7259005	hard	C	C	True	False	True	0.47030118107795715	0.47030118107795715	0.41054462905933087	0.47030118107795715	332.57
easy:721882001	easy	C	C	True	False	True	0.6133841276168823	0.6133841276168823	0.24321499940671307	0.6133841276168823	334.36
none-narrower:340461000119106	none-narrower	none	A	False	False		0.4822302758693695	0.4043843746185303	0.5909268144745603	0.4822302758693695	227.45
none-narrower:125628003	none-narrower	none	none	True	False		0.4783630967140198	0.4783630967140198	0.3331735026372577	0.4783630967140198	238.2
hard:237610008	hard	C	C	True	False	True	0.5235540270805359	0.5235540270805359	0.32305696565537245	0.5235540270805359	330.89
none-narrower:43634002	none-narrower	none	none	True	False		0.5755997896194458	0.5755997896194458	0.25611604525493875	0.5755997896194458	228.25
retrieval-miss:279611005	retrieval-miss	none	none	True	False	True	0.5526373982429504	0.5526373982429504	0.24867679696871348	0.5526373982429504	333.96
hard:118611004	hard	D	D	True	True	False	0.5430015921592712	0.5430015921592712	0.3171819128426334	0.5430015921592712	330.15
gold-removed:397012002	gold-removed	none	A	False	False		0.346506267786026	0.3173079788684845	0.6324809037772554	0.346506267786026	344.15
none-narrower:203260009	none-narrower	none	none	True	False		0.4271099269390106	0.4271099269390106	0.4223694630301303	0.4271099269390106	232.81
hard:237963003	hard	C	none	False	True	False	0.3243236243724823	0.2280644327402115	0.7764412800376823	0.3243236243724823	237.99
hard:4754008	hard	H	H	True	False	True	0.4182855486869812	0.4182855486869812	0.45742682845978555	0.4182855486869812	337.12
easy:49584005	easy	A	A	True	True	True	0.6584805846214294	0.6584805846214294	0.17276754572259173	0.6584805846214294	254.58
hard:732928005	hard	F	F	True	True	False	0.7711305022239685	0.7711305022239685	0.08826851838120153	0.7711305022239685	231.44
retrieval-miss:110997000	retrieval-miss	none	none	True	False	True	0.5463312268257141	0.5463312268257141	0.3326243098943663	0.5463312268257141	346.73
easy:86638007	easy	E	E	True	True	False	0.7644951939582825	0.7644951939582825	0.08606052794720578	0.7644951939582825	338.07
easy:725463007	easy	B	B	True	True	False	0.6718834042549133	0.6718834042549133	0.20032388507235568	0.6718834042549133	334.63
retrieval-miss:183342005	retrieval-miss	none	H	False	False	True	0.3452138304710388	0.2894863486289978	0.724462475080587	0.3452138304710388	345.49
none-narrower:424289008	none-narrower	none	B	False	False		0.4108668267726898	0.4108668267726898	0.5251829807363889	0.4108668267726898	337.45
easy:205468002	easy	H	none	False	True	False	0.467070996761322	0.1624130755662918	0.9978892169295798	0.467070996761322	335.93
none-narrower:240716009	none-narrower	none	B	False	False		0.4082174003124237	0.31347328424453735	0.6573179067900357	0.4082174003124237	237.97
hard:721617001	hard	E	E	True	False	True	0.549407958984375	0.549407958984375	0.27374699054000273	0.549407958984375	332.71
gold-removed:109477002	gold-removed	none	none	True	False		0.608234703540802	0.608234703540802	0.2205338794206401	0.608234703540802	239.88
gold-removed:715822007	gold-removed	none	none	True	False		0.45804667472839355	0.45804667472839355	0.3570428837828799	0.45804667472839355	340.04
hard:722457005	hard	C	C	True	True	False	0.5944956541061401	0.5944956541061401	0.2879343711643355	0.5944956541061401	346.51
hard:237683004	hard	G	G	True	True	False	0.4970199465751648	0.4970199465751648	0.3556764681994297	0.4970199465751648	246.07
hard:713060000	hard	B	B	True	True	False	0.4970979690551758	0.4970979690551758	0.35247446200627386	0.4970979690551758	344.25
none-narrower:109972003	none-narrower	none	none	True	False		0.415821373462677	0.415821373462677	0.4512781701402766	0.415821373462677	340.47
easy:3978000	easy	F	F	True	True	False	0.5893503427505493	0.5893503427505493	0.2714492505555032	0.5893503427505493	330.99
easy:417607009	easy	E	E	True	True	False	0.6434982419013977	0.6434982419013977	0.18225540769085086	0.6434982419013977	349.56
hard:44274007	hard	F	F	True	True	True	0.8625868558883667	0.8625868558883667	0.02477514622083634	0.8625868558883667	246.57
hard:724066002	hard	C	C	True	True	False	0.4595874547958374	0.4595874547958374	0.4175063331271953	0.4595874547958374	350.73
hard:702437000	hard	D	none	False	True	False	0.4579404294490814	0.29488852620124817	0.7199959782867557	0.4579404294490814	233.55
hard:58976002	hard	E	none	False	True	True	0.45749467611312866	0.3836418092250824	0.5959427764983851	0.45749467611312866	342.44
retrieval-miss:397758007	retrieval-miss	none	none	True	False	True	0.3596741855144501	0.3596741855144501	0.5338899064119079	0.3596741855144501	331.32
easy:726051002	easy	A	none	False	True	False	0.30805084109306335	0.28209298849105835	0.6807316623497417	0.30805084109306335	236.11
gold-removed:50715003	gold-removed	none	D	False	False		0.4174022078514099	0.4174022078514099	0.52170554779195	0.4174022078514099	245.48
retrieval-miss:710572000	retrieval-miss	none	E	False	False	True	0.4512094557285309	0.3464878797531128	0.6408441785893846	0.4512094557285309	331.92
easy:92205005	easy	G	G	True	True	True	0.343074232339859	0.343074232339859	0.5879098053119458	0.343074232339859	330.67
hard:363495004	hard	F	none	False	True	True	0.40554067492485046	0.1836380511522293	0.8941711086521424	0.40554067492485046	249.75
hard:363458004	hard	F	F	True	True	True	0.5501917004585266	0.5501917004585266	0.2859929406916256	0.5501917004585266	333.73
easy:723552005	easy	F	F	True	False	True	0.8010293841362	0.8010293841362	0.06264219147573832	0.8010293841362	361.89
none-narrower:16060551000119103	none-narrower	none	none	True	False		0.554121196269989	0.554121196269989	0.24676298296717225	0.554121196269989	234.34
none-narrower:443971004	none-narrower	none	none	True	False		0.49715444445610046	0.49715444445610046	0.316934982253705	0.49715444445610046	238.51
hard:726610000	hard	G	G	True	True	True	0.8595311641693115	0.8595311641693115	0.03272428840304249	0.8595311641693115	409.16
hard:230450001	hard	A	A	True	False	True	0.30667805671691895	0.30667805671691895	0.6706612363566594	0.30667805671691895	333.34
none-narrower:11780521000119105	none-narrower	none	none	True	False		0.43375256657600403	0.43375256657600403	0.46481267389379244	0.43375256657600403	228.05
retrieval-miss:4416007	retrieval-miss	none	none	True	False	True	0.6387417912483215	0.6387417912483215	0.17168785885334903	0.6387417912483215	331.44
hard:718053009	hard	C	C	True	False	True	0.5095821619033813	0.5095821619033813	0.3583163843051809	0.5095821619033813	234.44
hard:8634009	hard	D	D	True	True	False	0.6482086181640625	0.6482086181640625	0.2104762284847236	0.6482086181640625	230.96
none-narrower:703163006	none-narrower	none	B	False	False		0.4166397452354431	0.4166397452354431	0.519963185605052	0.4166397452354431	239.24
hard:719456001	hard	E	E	True	False	True	0.7280573844909668	0.7280573844909668	0.11998513808051108	0.7280573844909668	340.07
hard:57993004	hard	A	none	False	True	True	0.3878173232078552	0.35513797402381897	0.5996511620078764	0.3878173232078552	197.06
retrieval-miss:233692000	retrieval-miss	none	H	False	False	True	0.4903174638748169	0.4111660420894623	0.5887236014990664	0.4903174638748169	340.88
gold-removed:56882008	gold-removed	none	none	True	False		0.4824966788291931	0.4824966788291931	0.3334009525501824	0.4824966788291931	343.75
easy:111396008	easy	F	F	True	True	True	0.4630814790725708	0.4630814790725708	0.4045897738289077	0.4630814790725708	337.78
retrieval-miss:399029005	retrieval-miss	none	none	True	False	True	0.5620094537734985	0.5620094537734985	0.2308623236549402	0.5620094537734985	226.41
hard:237611007	hard	B	B	True	False	True	0.6069138646125793	0.6069138646125793	0.2828209979299739	0.6069138646125793	239.46
easy:187736009	easy	F	B	False	True	True	0.5265009999275208	0.18307864665985107	1.0020330307582026	0.5265009999275208	238.71
none-narrower:1186834004	none-narrower	none	none	True	False		0.4548092484474182	0.4548092484474182	0.4107696283104004	0.4548092484474182	226.96
hard:230496009	hard	B	B	True	True	False	0.6648613810539246	0.6648613810539246	0.18902109210109186	0.6648613810539246	254.13
easy:80328002	easy	B	none	False	False	True	0.524852991104126	0.02631557732820511	1.2814874142095873	0.524852991104126	245.43
easy:195469007	easy	B	B	True	False	True	0.4486430883407593	0.4486430883407593	0.4272435473656667	0.4486430883407593	237.43
gold-removed:700107006	gold-removed	none	F	False	False		0.3883984386920929	0.35567012429237366	0.5802350657840728	0.3883984386920929	347.09
none-narrower:1264565005	none-narrower	none	D	False	False		0.7345910668373108	0.08133774995803833	1.4106897988495395	0.7345910668373108	343.77
gold-removed:92068002	gold-removed	none	none	True	False		0.4990254044532776	0.4990254044532776	0.3088168836590931	0.4990254044532776	239.04
hard:448664009	hard	H	none	False	True	False	0.3812876045703888	0.31973615288734436	0.6286802210654374	0.3812876045703888	287.23
hard:240613006	hard	G	G	True	False	True	0.43991780281066895	0.43991780281066895	0.42602005486697175	0.43991780281066895	343.49
none-narrower:50279003	none-narrower	none	H	False	False		0.5085114240646362	0.32745346426963806	0.7159237308712179	0.5085114240646362	232.49
hard:127217009	hard	G	G	True	True	False	0.6703203320503235	0.6703203320503235	0.18638158083791298	0.6703203320503235	347.0
easy:188264002	easy	E	F	False	True	True	0.35604625940322876	0.16122601926326752	0.9207031497270205	0.35604625940322876	232.87
retrieval-miss:79883001	retrieval-miss	none	none	True	False	True	0.4397474229335785	0.4397474229335785	0.44006969960345244	0.4397474229335785	333.67
gold-removed:734173003	gold-removed	none	none	True	False		0.8541285991668701	0.8541285991668701	0.024298866901682252	0.8541285991668701	344.16
easy:230571009	easy	G	G	True	False	True	0.4013342261314392	0.4013342261314392	0.49535747122044427	0.4013342261314392	252.49
hard:425940002	hard	E	E	True	True	False	0.5281659364700317	0.5281659364700317	0.3242358650733146	0.5281659364700317	230.54
easy:95280005	easy	E	E	True	True	False	0.5593318343162537	0.5593318343162537	0.2916922452036051	0.5593318343162537	242.69
easy:722690001	easy	A	A	True	True	True	0.5577826499938965	0.5577826499938965	0.29364319523751103	0.5577826499938965	343.82
gold-removed:399340005	gold-removed	none	E	False	False		0.4438937306404114	0.3722364604473114	0.601014150294167	0.4438937306404114	240.99
hard:85102008	hard	H	H	True	True	False	0.4118627905845642	0.4118627905845642	0.50098943489918	0.4118627905845642	240.85
easy:390936003	easy	B	B	True	False	True	0.32768648862838745	0.32768648862838745	0.6015543030432254	0.32768648862838745	338.69
retrieval-miss:105600002	retrieval-miss	none	none	True	False	True	0.6599768996238708	0.6599768996238708	0.15198423401896227	0.6599768996238708	229.91
none-narrower:721267000	none-narrower	none	G	False	False		0.4310336410999298	0.4310336410999298	0.5130541896030771	0.4310336410999298	230.13
easy:86406008	easy	D	D	True	False	True	0.5986562371253967	0.5986562371253967	0.28610586015514344	0.5986562371253967	256.6
retrieval-miss:205550003	retrieval-miss	none	E	False	False	True	0.5111520290374756	0.25276029109954834	0.8362185891513767	0.5111520290374756	233.41
easy:192727001	easy	E	E	True	False	True	0.5475741624832153	0.5475741624832153	0.31414743395549793	0.5475741624832153	339.02
hard:403970001	hard	G	none	False	True	False	0.34842512011528015	0.2921786904335022	0.6703176984828071	0.34842512011528015	229.95
gold-removed:235494005	gold-removed	none	none	True	False		0.5152754187583923	0.5152754187583923	0.33381023070840415	0.5152754187583923	203.47
easy:62009002	easy	G	G	True	True	True	0.5522966384887695	0.5522966384887695	0.2819242357463837	0.5522966384887695	345.96
hard:8691004	hard	H	H	True	True	False	0.5057344436645508	0.5057344436645508	0.3763946009333822	0.5057344436645508	243.63
easy:127232002	easy	D	E	False	False	True	0.4814121127128601	0.040932945907115936	1.2907186636393626	0.4814121127128601	238.93
easy:27614006	easy	G	G	True	True	False	0.6456756591796875	0.6456756591796875	0.21165271924650206	0.6456756591796875	192.67
hard:267607008	hard	E	E	True	True	True	0.6941524147987366	0.6941524147987366	0.15253006426718607	0.6941524147987366	228.52
easy:232262007	easy	H	D	False	False	True	0.3468056321144104	0.1205935999751091	1.013181061347669	0.3468056321144104	229.16
hard:75238000	hard	E	E	True	False	True	0.7579813599586487	0.7579813599586487	0.09983169873602979	0.7579813599586487	347.24
gold-removed:88905005	gold-removed	none	none	True	False		0.838103711605072	0.838103711605072	0.030754996012413046	0.838103711605072	349.26
hard:764625002	hard	F	F	True	True	True	0.820719838142395	0.820719838142395	0.04686901668154275	0.820719838142395	411.86
hard:40149008	hard	G	G	True	True	False	0.6805537939071655	0.6805537939071655	0.16943042585083856	0.6805537939071655	262.82
gold-removed:109978004	gold-removed	none	D	False	False		0.42315736413002014	0.32494640350341797	0.6565951993240168	0.42315736413002014	350.2
gold-removed:53165003	gold-removed	none	none	True	False		0.4361605644226074	0.4361605644226074	0.3924921680672263	0.4361605644226074	340.45
gold-removed:763274002	gold-removed	none	none	True	False		0.6061902642250061	0.6061902642250061	0.2146786290274265	0.6061902642250061	434.81
easy:70090004	easy	F	F	True	True	False	0.47363901138305664	0.47363901138305664	0.46678959820246657	0.47363901138305664	235.85
gold-removed:716097001	gold-removed	none	none	True	False		0.5785972476005554	0.5785972476005554	0.2626333163690888	0.5785972476005554	337.17
gold-removed:111489007	gold-removed	none	F	False	False		0.4560362994670868	0.41760846972465515	0.5501997598084243	0.4560362994670868	259.6
retrieval-miss:43116000	retrieval-miss	none	none	True	False	True	0.4536023437976837	0.4536023437976837	0.3841963154310588	0.4536023437976837	235.24
retrieval-miss:307406004	retrieval-miss	none	D	False	False	True	0.5805513262748718	0.3738432228565216	0.7295487338481121	0.5805513262748718	245.39
hard:92080005	hard	G	G	True	True	False	0.41741496324539185	0.41741496324539185	0.46328107598964413	0.41741496324539185	234.37
hard:25898005	hard	H	H	True	True	True	0.6998438239097595	0.6998438239097595	0.1406720212780686	0.6998438239097595	237.41
hard:363404008	hard	A	none	False	True	True	0.40854671597480774	0.1191294938325882	1.0283500657689078	0.40854671597480774	254.42
easy:26479009	easy	B	C	False	False	True	0.39653703570365906	0.1960841566324234	0.9358118000674527	0.39653703570365906	241.36
easy:234633000	easy	C	C	True	True	True	0.646865963935852	0.646865963935852	0.22719944398927122	0.646865963935852	354.92
none-narrower:1231185005	none-narrower	none	H	False	False		0.7350867986679077	0.19628457725048065	1.1875134763791328	0.7350867986679077	346.83
easy:720813007	easy	E	E	True	False	True	0.8075656890869141	0.8075656890869141	0.0645615994318314	0.8075656890869141	338.78
easy:442696006	easy	H	H	True	True	False	0.5019935369491577	0.5019935369491577	0.39914024720784613	0.5019935369491577	332.15
easy:426336007	easy	C	C	True	False	True	0.534264087677002	0.534264087677002	0.3252197298094639	0.534264087677002	345.95
hard:403975006	hard	D	D	True	True	False	0.5787103772163391	0.5787103772163391	0.2501038819754844	0.5787103772163391	250.86
easy:232364006	easy	B	B	True	True	False	0.5911970138549805	0.5911970138549805	0.23926843102526685	0.5911970138549805	330.95
none-narrower:239813000	none-narrower	none	none	True	False		0.36997175216674805	0.36997175216674805	0.506762851151549	0.36997175216674805	239.06
hard:448794008	hard	B	none	False	True	False	0.33054015040397644	0.17848962545394897	0.8575446927775459	0.33054015040397644	248.77
none-narrower:254255007	none-narrower	none	none	True	False		0.4767953157424927	0.4767953157424927	0.37273684297260884	0.4767953157424927	233.68
easy:724642009	easy	F	F	True	False	True	0.5013557076454163	0.5013557076454163	0.3280301953055303	0.5013557076454163	397.15
none-narrower:278043000	none-narrower	none	D	False	False		0.6299076080322266	0.23919086158275604	0.9794673782490956	0.6299076080322266	344.59
none-narrower:37369009	none-narrower	none	B	False	False		0.4395616054534912	0.4025220274925232	0.5580990517132209	0.4395616054534912	234.63
hard:720635002	hard	E	E	True	False	True	0.7425251603126526	0.7425251603126526	0.09568587540188836	0.7425251603126526	344.12
none-narrower:237155000	none-narrower	none	E	False	False		0.43395450711250305	0.3332376480102539	0.6511038484499858	0.43395450711250305	232.6
easy:715952000	easy	D	F	False	False	True	0.4461880624294281	0.007779134903103113	1.330005435230223	0.4461880624294281	338.35
retrieval-miss:443416007	retrieval-miss	none	none	True	False	True	0.4453667402267456	0.4453667402267456	0.4048276255251736	0.4453667402267456	252.05
easy:32139003	easy	F	F	True	True	False	0.4152199327945709	0.4152199327945709	0.47472341547638625	0.4152199327945709	233.31
easy:204370002	easy	D	D	True	True	True	0.6253196597099304	0.6253196597099304	0.222386071833516	0.6253196597099304	227.77
gold-removed:312514006	gold-removed	none	none	True	False		0.5751168131828308	0.5751168131828308	0.21460234374483456	0.5751168131828308	330.64
retrieval-miss:725034002	retrieval-miss	none	B	False	False	True	0.618462085723877	0.3058241605758667	0.8654917402321364	0.618462085723877	348.05
gold-removed:192958009	gold-removed	none	none	True	False		0.5723830461502075	0.5723830461502075	0.22283000720855223	0.5723830461502075	234.0
hard:721974000	hard	A	A	True	True	False	0.6584758162498474	0.6584758162498474	0.20600422735198254	0.6584758162498474	351.32
easy:400948003	easy	A	A	True	True	False	0.8371089100837708	0.8371089100837708	0.04138251099492894	0.8371089100837708	341.45
easy:31742004	easy	B	B	True	True	False	0.33029210567474365	0.33029210567474365	0.5907692140805489	0.33029210567474365	335.56
hard:127055007	hard	B	B	True	True	False	0.4326280653476715	0.4326280653476715	0.454647764330757	0.4326280653476715	340.29
retrieval-miss:32599008	retrieval-miss	none	none	True	False	True	0.49516937136650085	0.49516937136650085	0.3845990547342383	0.49516937136650085	339.03
hard:398623004	hard	H	H	True	True	False	0.620026707649231	0.620026707649231	0.22569093890794442	0.620026707649231	362.25
retrieval-miss:192877007	retrieval-miss	none	H	False	False	True	0.6528319716453552	0.159631609916687	1.1581004564956208	0.6528319716453552	231.48
gold-removed:118940003	gold-removed	none	none	True	False		0.5547129511833191	0.5547129511833191	0.23829422583341575	0.5547129511833191	239.25
easy:268163008	easy	F	F	True	False	True	0.5364516377449036	0.5364516377449036	0.3062209184452166	0.5364516377449036	231.05
hard:193413001	hard	H	H	True	True	False	0.46616190671920776	0.46616190671920776	0.4412014620306222	0.46616190671920776	345.96
gold-removed:716239006	gold-removed	none	none	True	False		0.8018198609352112	0.8018198609352112	0.045868049841440245	0.8018198609352112	342.33
easy:715504003	easy	G	G	True	True	True	0.6221895217895508	0.6221895217895508	0.23866384783601052	0.6221895217895508	336.47
easy:367434002	easy	H	H	True	True	False	0.3826819956302643	0.3826819956302643	0.5551752324598765	0.3826819956302643	347.51
none-narrower:1197741006	none-narrower	none	none	True	False		0.5191500186920166	0.5191500186920166	0.31784795395958887	0.5191500186920166	246.65
none-narrower:371045000	none-narrower	none	none	True	False		0.3214132487773895	0.3214132487773895	0.5707655803819888	0.3214132487773895	243.44
easy:51744007	easy	H	H	True	True	False	0.6816560626029968	0.6816560626029968	0.1506745955064489	0.6816560626029968	233.14
easy:715736008	easy	B	B	True	True	False	0.7930823564529419	0.7930823564529419	0.07454244086552544	0.7930823564529419	337.42
hard:51387008	hard	B	none	False	True	False	0.45404335856437683	0.11102347075939178	1.0746179577654602	0.45404335856437683	226.62
easy:48528004	easy	F	none	False	True	False	0.516435980796814	0.033719561994075775	1.2440120237238914	0.516435980796814	342.72
none-narrower:1259102000	none-narrower	none	none	True	False		0.4275231957435608	0.4275231957435608	0.49993407387691247	0.4275231957435608	241.62
hard:82236004	hard	G	G	True	False	True	0.3486369848251343	0.3486369848251343	0.5496536376937327	0.3486369848251343	343.02
retrieval-miss:399992009	retrieval-miss	none	H	False	False	True	0.42838725447654724	0.35923314094543457	0.6112274386988976	0.42838725447654724	246.5
retrieval-miss:403886007	retrieval-miss	none	G	False	False	True	0.4696141183376312	0.27692359685897827	0.7611796901958118	0.4696141183376312	346.6
easy:10934005	easy	B	B	True	True	False	0.4252077043056488	0.4252077043056488	0.48279291375478883	0.4252077043056488	247.47
none-narrower:446771003	none-narrower	none	D	False	False		0.696466326713562	0.2644653022289276	1.0263489981502114	0.696466326713562	238.09
retrieval-miss:758664007	retrieval-miss	none	none	True	False	True	0.46039092540740967	0.46039092540740967	0.37855956808298086	0.46039092540740967	346.07
hard:733112007	hard	F	F	True	True	False	0.8487024307250977	0.8487024307250977	0.035746352942144004	0.8487024307250977	363.11
easy:237965005	easy	E	D	False	True	False	0.395285040140152	0.012762464582920074	1.270314334444912	0.395285040140152	236.11
hard:70737009	hard	C	none	False	False	True	0.42735543847084045	0.19351647794246674	0.9414060937139559	0.42735543847084045	334.38
easy:718897009	easy	A	A	True	True	False	0.7480626106262207	0.7480626106262207	0.09456078420322174	0.7480626106262207	336.38
easy:11296007	easy	G	none	False	False	True	0.42231547832489014	0.3242999315261841	0.6538650122860488	0.42231547832489014	228.59
none-narrower:44939003	none-narrower	none	none	True	False		0.5042452812194824	0.5042452812194824	0.4254492084864622	0.5042452812194824	348.58
hard:726707004	hard	C	C	True	True	True	0.39962899684906006	0.39962899684906006	0.5284570181753889	0.39962899684906006	345.54
hard:63684002	hard	D	D	True	True	False	0.6645021438598633	0.6645021438598633	0.1893719951895676	0.6645021438598633	241.81
easy:236811002	easy	E	E	True	True	False	0.6011418700218201	0.6011418700218201	0.2295835727960866	0.6011418700218201	215.3
none-narrower:246762009	none-narrower	none	none	True	False		0.5335309505462646	0.5335309505462646	0.28685602580607444	0.5335309505462646	238.5
easy:72900001	easy	F	none	False	False	True	0.43312978744506836	0.08132898807525635	1.1538616059892353	0.43312978744506836	337.62
hard:230421008	hard	D	D	True	True	False	0.5828487277030945	0.5828487277030945	0.2936505433929346	0.5828487277030945	346.34
hard:92788005	hard	B	F	False	True	False	0.29703575372695923	0.22809603810310364	0.7516665069814608	0.29703575372695923	248.31
easy:126799003	easy	A	none	False	True	False	0.5039592981338501	0.1752401441335678	0.9519758075145833	0.5039592981338501	240.34
easy:33982008	easy	A	F	False	False	True	0.45122382044792175	0.26607969403266907	0.8019837605079698	0.45122382044792175	334.0
none-narrower:93646002	none-narrower	none	none	True	False		0.6138542890548706	0.6138542890548706	0.17799854178246197	0.6138542890548706	335.88
gold-removed:431034009	gold-removed	none	none	True	False		0.5533557534217834	0.5533557534217834	0.23757512828447258	0.5533557534217834	240.14
easy:721843003	easy	C	C	True	True	False	0.6426180005073547	0.6426180005073547	0.2132776650265082	0.6426180005073547	229.81
none-narrower:451981000124108	none-narrower	none	none	True	False		0.574338436126709	0.574338436126709	0.28034170630042643	0.574338436126709	345.85
gold-removed:95333004	gold-removed	none	D	False	False		0.7826087474822998	0.19136519730091095	1.2664791465902887	0.7826087474822998	237.73
none-narrower:1259079006	none-narrower	none	none	True	False		0.46869513392448425	0.46869513392448425	0.4416352457376679	0.46869513392448425	353.58
none-narrower:236631000	none-narrower	none	A	False	False		0.44413840770721436	0.44413840770721436	0.5087631886506443	0.44413840770721436	237.66
hard:89242004	hard	G	G	True	True	True	0.5240220427513123	0.5240220427513123	0.3077434799428261	0.5240220427513123	153.58
easy:432261003	easy	F	F	True	True	False	0.7920039296150208	0.7920039296150208	0.07003998506073161	0.7920039296150208	242.0
retrieval-miss:2689001	retrieval-miss	none	none	True	False	True	0.6340820789337158	0.6340820789337158	0.17467331527339175	0.6340820789337158	350.8
retrieval-miss:717736007	retrieval-miss	none	F	False	False	True	0.3782087564468384	0.3782087564468384	0.5425770735938138	0.3782087564468384	348.85
hard:716859000	hard	D	B	False	False	True	0.3127821683883667	0.2622895836830139	0.7192671120208856	0.3127821683883667	339.19
hard:763376002	hard	G	G	True	True	False	0.5952258110046387	0.5952258110046387	0.22838942980098237	0.5952258110046387	402.11
hard:83799000	hard	F	none	False	False	True	0.48727190494537354	0.06433955579996109	1.1925819129035586	0.48727190494537354	255.15
easy:18927009	easy	D	C	False	True	True	0.39908739924430847	0.021851100027561188	1.289865522194632	0.39908739924430847	341.55
retrieval-miss:67256000	retrieval-miss	none	none	True	False	True	0.5123804807662964	0.5123804807662964	0.33692766052434237	0.5123804807662964	249.91
easy:715192004	easy	B	B	True	True	False	0.6371413469314575	0.6371413469314575	0.18965478243447587	0.6371413469314575	340.58
none-narrower:1335794000	none-narrower	none	none	True	False		0.5085601806640625	0.5085601806640625	0.2939425954658487	0.5085601806640625	336.64
none-narrower:336911000119104	none-narrower	none	none	True	False		0.4892808794975281	0.4892808794975281	0.3312711897124503	0.4892808794975281	254.7
gold-removed:116020001	gold-removed	none	A	False	False		0.3429948687553406	0.31409192085266113	0.6349891870942822	0.3429948687553406	234.45
easy:1654001	easy	F	F	True	False	True	0.3867604732513428	0.3867604732513428	0.5271581467175048	0.3867604732513428	228.75
hard:367489004	hard	E	E	True	True	False	0.5075005292892456	0.5075005292892456	0.39673485098421435	0.5075005292892456	332.98
none-narrower:334491000119108	none-narrower	none	none	True	False		0.43022510409355164	0.43022510409355164	0.44982498930346004	0.43022510409355164	237.05
gold-removed:766874001	gold-removed	none	none	True	False		0.6271380186080933	0.6271380186080933	0.22105186384257206	0.6271380186080933	342.05
retrieval-miss:253042009	retrieval-miss	none	none	True	False	True	0.4915911555290222	0.4915911555290222	0.3906160592534903	0.4915911555290222	334.72
easy:725908007	easy	E	E	True	True	False	0.9079073071479797	0.9079073071479797	0.013547086951475601	0.9079073071479797	338.24
hard:19092004	hard	B	B	True	True	False	0.7326430678367615	0.7326430678367615	0.12615460646075516	0.7326430678367615	358.41
easy:44553005	easy	E	E	True	True	False	0.767204225063324	0.767204225063324	0.08437373670865302	0.767204225063324	353.43
none-narrower:285191000119103	none-narrower	none	none	True	False		0.48729103803634644	0.48729103803634644	0.38593796911789285	0.48729103803634644	339.14
none-narrower:430969000	none-narrower	none	none	True	False		0.4395889937877655	0.4395889937877655	0.42806984572567736	0.4395889937877655	257.87
easy:187752007	easy	A	D	False	False	True	0.31269556283950806	0.2622174620628357	0.7436645707325704	0.31269556283950806	237.78
hard:92428008	hard	G	none	False	True	False	0.40496811270713806	0.26077723503112793	0.7426957037383703	0.40496811270713806	348.38
gold-removed:34417008	gold-removed	none	C	False	False		0.5155192017555237	0.30399367213249207	0.7618461973946913	0.5155192017555237	346.73
gold-removed:21061004	gold-removed	none	A	False	False		0.6086437106132507	0.30096909403800964	0.8616772438567661	0.6086437106132507	244.86
hard:402356004	hard	H	H	True	False	True	0.7776640057563782	0.7776640057563782	0.08576631004887858	0.7776640057563782	351.18
none-narrower:416658003	none-narrower	none	none	True	False		0.3444180488586426	0.3444180488586426	0.5852314412884968	0.3444180488586426	238.5
none-narrower:11810261000119103	none-narrower	none	none	True	False		0.628206193447113	0.628206193447113	0.1764089468519241	0.628206193447113	245.24
hard:763403007	hard	F	F	True	True	False	0.6649191975593567	0.6649191975593567	0.18927073281414003	0.6649191975593567	345.48
gold-removed:28826002	gold-removed	none	none	True	False		0.564453125	0.564453125	0.32269562089728376	0.564453125	347.79
retrieval-miss:55852007	retrieval-miss	none	none	True	False	True	0.3877893388271332	0.3877893388271332	0.5227176874793731	0.3877893388271332	249.71
hard:254851009	hard	H	H	True	True	False	0.43333446979522705	0.43333446979522705	0.4394200596542355	0.43333446979522705	341.09
gold-removed:276876007	gold-removed	none	none	True	False		0.4156961143016815	0.4156961143016815	0.45661678519976534	0.4156961143016815	245.09
none-narrower:2851000119101	none-narrower	none	none	True	False		0.3675086200237274	0.3675086200237274	0.522464836119321	0.3675086200237274	242.98
hard:62151007	hard	A	E	False	True	True	0.40445804595947266	0.02418290264904499	1.2561252501645381	0.40445804595947266	351.2
none-narrower:187857006	none-narrower	none	none	True	False		0.4645456373691559	0.4645456373691559	0.36717088775372275	0.4645456373691559	250.3
easy:30369007	easy	A	A	True	True	False	0.9345797300338745	0.9345797300338745	0.006932219993612786	0.9345797300338745	349.29
retrieval-miss:361115000	retrieval-miss	none	B	False	False	True	0.8047143816947937	0.16500575840473175	1.3449409366293144	0.8047143816947937	234.89
retrieval-miss:418279001	retrieval-miss	none	none	True	False	True	0.7432750463485718	0.7432750463485718	0.08385807895814336	0.7432750463485718	359.84
gold-removed:262461007	gold-removed	none	none	True	False		0.3924294114112854	0.3924294114112854	0.463973115029502	0.3924294114112854	344.7
gold-removed:363466008	gold-removed	none	none	True	False		0.43192940950393677	0.43192940950393677	0.4272710672331788	0.43192940950393677	335.7
retrieval-miss:95208000	retrieval-miss	none	B	False	False	True	0.41495370864868164	0.26720795035362244	0.7811933615483693	0.41495370864868164	355.25
hard:284449005	hard	A	B	False	True	True	0.42645716667175293	0.056309498846530914	1.2020241601225838	0.42645716667175293	346.48
easy:253149002	easy	B	A	False	True	True	0.27098265290260315	0.13399870693683624	0.9320262966589135	0.27098265290260315	338.27
retrieval-miss:52542005	retrieval-miss	none	none	True	False	True	0.6957472562789917	0.6957472562789917	0.10710171266825086	0.6957472562789917	244.93
retrieval-miss:69550000	retrieval-miss	none	F	False	False	True	0.5433255434036255	0.34987252950668335	0.7209968023392098	0.5433255434036255	346.31
retrieval-miss:83652003	retrieval-miss	none	B	False	False	True	0.5493267774581909	0.2716373801231384	0.8460241038051386	0.5493267774581909	353.53
gold-removed:128862000	gold-removed	none	none	True	False		0.36856505274772644	0.36856505274772644	0.5359638121482758	0.36856505274772644	345.5
retrieval-miss:67988000	retrieval-miss	none	none	True	False	True	0.600575864315033	0.600575864315033	0.19235170613159147	0.600575864315033	247.43
none-narrower:45062007	none-narrower	none	E	False	False		0.5686438679695129	0.1977328509092331	0.9957055846581446	0.5686438679695129	199.86
none-narrower:339331000119102	none-narrower	none	none	True	False		0.423716276884079	0.423716276884079	0.4810322127349671	0.423716276884079	157.62
retrieval-miss:17653001	retrieval-miss	none	none	True	False	True	0.555185854434967	0.555185854434967	0.24153393938089718	0.555185854434967	337.95
easy:111524003	easy	A	A	True	False	True	0.40740588307380676	0.40740588307380676	0.5023952308995998	0.40740588307380676	201.71
retrieval-miss:44250009	retrieval-miss	none	none	True	False	True	0.6930792331695557	0.6930792331695557	0.12057503460680555	0.6930792331695557	345.17
easy:722476007	easy	D	D	True	False	True	0.6288620829582214	0.6288620829582214	0.22081130692891573	0.6288620829582214	351.51
hard:363422006	hard	H	none	False	True	True	0.36133089661598206	0.3308834135532379	0.6335295791669079	0.36133089661598206	250.9
hard:83886009	hard	D	D	True	True	False	0.7164438366889954	0.7164438366889954	0.14268812484263454	0.7164438366889954	364.88
gold-removed:763767006	gold-removed	none	none	True	False		0.661864697933197	0.661864697933197	0.1546517247941811	0.661864697933197	350.56
retrieval-miss:95670000	retrieval-miss	none	none	True	False	True	0.4817574918270111	0.4817574918270111	0.3325358195693696	0.4817574918270111	230.07
gold-removed:719136005	gold-removed	none	none	True	False		0.6800880432128906	0.6800880432128906	0.12351416711780155	0.6800880432128906	357.9
easy:45639009	easy	H	D	False	False	True	0.3193988800048828	0.07151882350444794	1.1111397719290066	0.3193988800048828	342.63
hard:7699004	hard	C	C	True	True	False	0.6941179633140564	0.6941179633140564	0.1633121843054559	0.6941179633140564	242.87
easy:716091000	easy	D	D	True	True	False	0.6494083404541016	0.6494083404541016	0.17908524382920019	0.6494083404541016	340.7
easy:237960000	easy	A	A	True	False	True	0.6974368095397949	0.6974368095397949	0.14211115598820553	0.6974368095397949	360.3
retrieval-miss:234638009	retrieval-miss	none	none	True	False	True	0.5567232966423035	0.5567232966423035	0.26799272583572586	0.5567232966423035	346.94
none-narrower:236382007	none-narrower	none	none	True	False		0.418386846780777	0.418386846780777	0.4184047095045806	0.418386846780777	229.27
hard:703199001	hard	G	G	True	False	True	0.5538302063941956	0.5538302063941956	0.3086149950694849	0.5538302063941956	240.78
gold-removed:52845002	gold-removed	none	none	True	False		0.4528767168521881	0.4528767168521881	0.3722168101258001	0.4528767168521881	234.65
easy:78200003	easy	E	none	False	True	False	0.3569051921367645	0.14799636602401733	0.9653289723022751	0.3569051921367645	231.87
none-narrower:85461008	none-narrower	none	B	False	False		0.5431913137435913	0.34978610277175903	0.7210127736000609	0.5431913137435913	243.9
easy:76520005	easy	H	E	False	False	True	0.561339259147644	0.05691687762737274	1.2983541674613936	0.561339259147644	347.85
retrieval-miss:64233004	retrieval-miss	none	H	False	False	True	0.5720706582069397	0.33734118938446045	0.7680317366145395	0.5720706582069397	233.73
easy:68092007	easy	D	C	False	False	True	0.4332558512687683	0.21424129605293274	0.8983898976618396	0.4332558512687683	247.07
none-narrower:410484008	none-narrower	none	none	True	False		0.37609192728996277	0.37609192728996277	0.522231925686046	0.37609192728996277	202.09
none-narrower:198241002	none-narrower	none	none	True	False		0.366026371717453	0.366026371717453	0.5337987320295265	0.366026371717453	251.13
easy:12381000132107	easy	A	none	False	False	True	0.5150728225708008	0.16401241719722748	0.9852395849653931	0.5150728225708008	344.62
hard:709018004	hard	A	A	True	False	True	0.45526137948036194	0.45526137948036194	0.4128925692254589	0.45526137948036194	340.62
gold-removed:68116008	gold-removed	none	A	False	False		0.38041871786117554	0.3483628034591675	0.6294988752273475	0.38041871786117554	243.96
easy:254986007	easy	G	none	False	True	True	0.4639938473701477	0.35630443692207336	0.6352224571954896	0.4639938473701477	347.75
hard:83942000	hard	B	B	True	True	False	0.4305775463581085	0.4305775463581085	0.44140381375621685	0.4305775463581085	358.28
gold-removed:719251009	gold-removed	none	none	True	False		0.5100831985473633	0.5100831985473633	0.4236350098965478	0.5100831985473633	349.14
none-narrower:94654006	none-narrower	none	none	True	False		0.5146589279174805	0.5146589279174805	0.29706700504500066	0.5146589279174805	258.09
easy:763716008	easy	F	F	True	True	True	0.6854589581489563	0.6854589581489563	0.15673727079445687	0.6854589581489563	241.81
hard:734031008	hard	A	A	True	True	False	0.7836344838142395	0.7836344838142395	0.08363324047669557	0.7836344838142395	351.96
hard:17585008	hard	E	E	True	True	False	0.48842525482177734	0.48842525482177734	0.38633041661583045	0.48842525482177734	229.79
none-narrower:707607008	none-narrower	none	none	True	False		0.4097297191619873	0.4097297191619873	0.48894272973756164	0.4097297191619873	354.97
gold-removed:700467001	gold-removed	none	H	False	False		0.4953424036502838	0.4153798222541809	0.5893184955583384	0.4953424036502838	345.98
none-narrower:713299003	none-narrower	none	none	True	False		0.6312893033027649	0.6312893033027649	0.17028606071589586	0.6312893033027649	258.99
hard:25897000	hard	H	B	False	True	False	0.33779940009117126	0.30933481454849243	0.6603390746014632	0.33779940009117126	251.75
retrieval-miss:16459000	retrieval-miss	none	none	True	False	True	0.3854614198207855	0.3854614198207855	0.50027235166887	0.3854614198207855	259.59
easy:702447002	easy	G	G	True	True	False	0.7243649363517761	0.7243649363517761	0.1294753176607536	0.7243649363517761	350.25
none-narrower:27358001	none-narrower	none	none	True	False		0.5050566792488098	0.5050566792488098	0.37767045825224627	0.5050566792488098	244.97
hard:267592003	hard	D	D	True	False	True	0.4655853807926178	0.4655853807926178	0.4157728087422152	0.4655853807926178	259.37
hard:768927001	hard	F	F	True	True	False	0.44990941882133484	0.44990941882133484	0.4323579244611228	0.44990941882133484	354.44
none-narrower:1269531007	none-narrower	none	H	False	False		0.4142654538154602	0.3793574571609497	0.5688980258936446	0.4142654538154602	244.89
hard:443719001	hard	G	none	False	True	True	0.558205246925354	0.3291642963886261	0.7634732565792296	0.558205246925354	249.24
none-narrower:66893008	none-narrower	none	D	False	False		0.5169786810874939	0.2791658639907837	0.7979742230688005	0.5169786810874939	354.27
easy:23849003	easy	G	G	True	True	False	0.47160738706588745	0.47160738706588745	0.40193144843976725	0.47160738706588745	241.15
hard:233913007	hard	G	none	False	True	True	0.38744136691093445	0.2092159241437912	0.8429207416892927	0.38744136691093445	244.68
hard:238080004	hard	A	A	True	True	False	0.2833751142024994	0.2833751142024994	0.6709820219219078	0.2833751142024994	350.51
none-narrower:43658003	none-narrower	none	E	False	False		0.5707470774650574	0.21672621369361877	0.9632116032822756	0.5707470774650574	233.35
retrieval-miss:277921008	retrieval-miss	none	F	False	False	True	0.4115203619003296	0.4115203619003296	0.523762531359568	0.4115203619003296	244.18
hard:363444001	hard	G	F	False	True	True	0.355425089597702	0.20958824455738068	0.8317231427255326	0.355425089597702	346.35
none-narrower:128211000119102	none-narrower	none	none	True	False		0.3810306489467621	0.3810306489467621	0.5227465977965808	0.3810306489467621	337.99
easy:56692003	easy	H	none	False	True	False	0.3804716169834137	0.2450028657913208	0.7528593850105041	0.3804716169834137	352.49
none-narrower:246943004	none-narrower	none	none	True	False		0.5396178364753723	0.5396178364753723	0.2657288172916977	0.5396178364753723	194.81
easy:722375007	easy	H	H	True	True	False	0.8379184603691101	0.8379184603691101	0.04707798037417189	0.8379184603691101	352.83
easy:699251001	easy	C	C	True	True	True	0.7539183497428894	0.7539183497428894	0.10158269023686572	0.7539183497428894	345.16
easy:92415001	easy	D	D	True	False	True	0.581639289855957	0.581639289855957	0.26116957482188585	0.581639289855957	348.59
retrieval-miss:726543008	retrieval-miss	none	none	True	False	True	0.5580017566680908	0.5580017566680908	0.3080417422002707	0.5580017566680908	204.29
easy:14070001000004105	easy	D	D	True	True	False	0.7952986359596252	0.7952986359596252	0.07373733258913112	0.7952986359596252	356.64
easy:404160007	easy	B	B	True	False	True	0.39780041575431824	0.39780041575431824	0.48137527053231605	0.39780041575431824	349.24
hard:200999007	hard	H	H	True	True	False	0.5869209170341492	0.5869209170341492	0.2426660312807139	0.5869209170341492	246.58
none-narrower:81531005	none-narrower	none	D	False	False		0.5135254859924316	0.19499820470809937	0.9583589903423252	0.5135254859924316	244.32
easy:1155842003	easy	H	H	True	True	False	0.6348153948783875	0.6348153948783875	0.23232122816730064	0.6348153948783875	235.6
hard:253781004	hard	D	D	True	False	True	0.48798438906669617	0.48798438906669617	0.379627743216808	0.48798438906669617	194.85
gold-removed:193570009	gold-removed	none	none	True	False		0.37677666544914246	0.37677666544914246	0.48072401835271944	0.37677666544914246	350.48
none-narrower:126682007	none-narrower	none	none	True	False		0.33528804779052734	0.33528804779052734	0.5788902856460569	0.33528804779052734	343.77
easy:707530009	easy	G	G	True	True	False	0.5952949523925781	0.5952949523925781	0.2684545660491766	0.5952949523925781	259.21
hard:70405009	hard	G	G	True	True	False	0.7496246695518494	0.7496246695518494	0.11062904070823358	0.7496246695518494	252.27
gold-removed:32595002	gold-removed	none	A	False	False		0.49671831727027893	0.29290708899497986	0.7647430521742593	0.49671831727027893	352.11
retrieval-miss:239873007	retrieval-miss	none	F	False	False	True	0.45874112844467163	0.35227149724960327	0.6413387256250555	0.45874112844467163	252.89
retrieval-miss:721887007	retrieval-miss	none	none	True	False	True	0.5771726965904236	0.5771726965904236	0.2640112670234451	0.5771726965904236	362.3
hard:255055008	hard	H	H	True	True	False	0.45731452107429504	0.45731452107429504	0.44713229242035174	0.45731452107429504	350.79
hard:194785008	hard	E	E	True	True	True	0.32548895478248596	0.32548895478248596	0.6109817142792695	0.32548895478248596	186.71
gold-removed:40291001	gold-removed	none	none	True	False		0.523629903793335	0.523629903793335	0.32716109925514797	0.523629903793335	343.96
gold-removed:232064001	gold-removed	none	none	True	False		0.41707101464271545	0.41707101464271545	0.4855912055142519	0.41707101464271545	343.52
hard:93559003	hard	F	F	True	True	True	0.5474128127098083	0.5474128127098083	0.3135276112544354	0.5474128127098083	352.27
gold-removed:63480004	gold-removed	none	A	False	False		0.4736713469028473	0.33308643102645874	0.6890452549030657	0.4736713469028473	240.47
retrieval-miss:715414009	retrieval-miss	none	none	True	False	True	0.4240208566188812	0.4240208566188812	0.43470690177457183	0.4240208566188812	353.17
retrieval-miss:64969001	retrieval-miss	none	none	True	False	True	0.541553795337677	0.541553795337677	0.2780147770607147	0.541553795337677	240.77
easy:237059008	easy	C	none	False	True	False	0.3987147808074951	0.09749443084001541	1.0545395281987577	0.3987147808074951	357.29
none-narrower:410063006	none-narrower	none	none	True	False		0.41252797842025757	0.41252797842025757	0.4513996802115419	0.41252797842025757	196.85
hard:56453003	hard	C	C	True	False	True	0.394369900226593	0.394369900226593	0.4900031406677579	0.394369900226593	345.68
easy:44018007	easy	C	none	False	False	True	0.45367431640625	0.1577548384666443	0.9666490330098069	0.45367431640625	241.9
retrieval-miss:52674009	retrieval-miss	none	none	True	False	True	0.36940258741378784	0.36940258741378784	0.4694426989955337	0.36940258741378784	252.34
none-narrower:722922001	none-narrower	none	none	True	False		0.5468712449073792	0.5468712449073792	0.3121895718543708	0.5468712449073792	247.09
none-narrower:1259038005	none-narrower	none	E	False	False		0.4506101906299591	0.290168821811676	0.721289424230949	0.4506101906299591	347.39
hard:403889000	hard	E	E	True	True	False	0.6400495171546936	0.6400495171546936	0.17931055409172883	0.6400495171546936	354.27
easy:703524005	easy	E	E	True	True	True	0.8321793079376221	0.8321793079376221	0.04873754140890091	0.8321793079376221	347.69
easy:447351004	easy	F	F	True	False	True	0.7828769683837891	0.7828769683837891	0.07821285656344187	0.7828769683837891	343.3
retrieval-miss:719663005	retrieval-miss	none	none	True	False	True	0.4766280949115753	0.4766280949115753	0.39997043802534044	0.4766280949115753	260.61
easy:192965001	easy	F	none	False	False	True	0.3304508626461029	0.19486135244369507	0.8270684825585084	0.3304508626461029	255.09
none-narrower:300312006	none-narrower	none	none	True	False		0.5338530540466309	0.5338530540466309	0.2836729369709672	0.5338530540466309	251.55
none-narrower:724608000	none-narrower	none	none	True	False		0.42248964309692383	0.42248964309692383	0.4349436768700254	0.42248964309692383	237.69
gold-removed:91038008	gold-removed	none	none	True	False		0.42252877354621887	0.42252877354621887	0.4552272198132356	0.42252877354621887	202.81
easy:716077006	easy	D	none	False	True	False	0.3580096364021301	0.25175243616104126	0.73917443429309	0.3580096364021301	349.11
hard:77478005	hard	E	E	True	False	True	0.48929816484451294	0.48929816484451294	0.3537396098821824	0.48929816484451294	239.53
easy:28790007	easy	D	D	True	False	True	0.5340073108673096	0.5340073108673096	0.3117605009398571	0.5340073108673096	244.16
gold-removed:234478007	gold-removed	none	none	True	False		0.633659839630127	0.633659839630127	0.1632623090527715	0.633659839630127	358.12
hard:429033009	hard	G	none	False	True	True	0.5218874216079712	0.1521790325641632	1.0156329709638467	0.5218874216079712	350.3
easy:195136004	easy	E	none	False	False	True	0.4546908438205719	0.010323327034711838	1.2951094095100648	0.4546908438205719	257.38
easy:95435007	easy	A	G	False	False	True	0.5313611626625061	0.020458510145545006	1.4086236676075097	0.5313611626625061	349.14
hard:17111003	hard	H	H	True	True	False	0.7671471238136292	0.7671471238136292	0.08448325836683258	0.7671471238136292	362.69
hard:55912009	hard	F	F	True	True	True	0.6187806129455566	0.6187806129455566	0.2080429882047774	0.6187806129455566	351.61
hard:720634003	hard	B	B	True	True	False	0.7222693562507629	0.7222693562507629	0.14035216373458043	0.7222693562507629	358.42
easy:126790004	easy	F	F	True	True	False	0.4978223443031311	0.4978223443031311	0.3793446607454571	0.4978223443031311	346.12
easy:25766007	easy	H	H	True	True	False	0.5064610242843628	0.5064610242843628	0.39688095961993825	0.5064610242843628	237.02
easy:66758006	easy	B	B	True	True	True	0.4328650236129761	0.4328650236129761	0.43958001063864527	0.4328650236129761	359.88
none-narrower:123977005	none-narrower	none	none	True	False		0.5677509903907776	0.5677509903907776	0.27195191011785513	0.5677509903907776	349.63
easy:717003001	easy	H	H	True	True	True	0.51134192943573	0.51134192943573	0.3461505830940567	0.51134192943573	344.89
none-narrower:870285004	none-narrower	none	none	True	False		0.5867272019386292	0.5867272019386292	0.19989546625292706	0.5867272019386292	253.5
hard:725167001	hard	B	G	False	False	True	0.4432154595851898	0.02034977823495865	1.3260672278060035	0.4432154595851898	352.03
hard:297278001	hard	E	E	True	True	True	0.455647349357605	0.455647349357605	0.431224977659401	0.455647349357605	349.39
easy:2251002	easy	G	G	True	True	True	0.3352855443954468	0.3352855443954468	0.5747440410653508	0.3352855443954468	241.43
gold-removed:190808009	gold-removed	none	F	False	False		0.45725977420806885	0.45725977420806885	0.5051023892914033	0.45725977420806885	241.06
easy:372105009	easy	E	E	True	True	False	0.3273623585700989	0.3273623585700989	0.5830710451553529	0.3273623585700989	351.54
hard:197585004	hard	B	B	True	False	True	0.5573433637619019	0.5573433637619019	0.3260178790041557	0.5573433637619019	238.0
easy:126859007	easy	H	none	False	True	False	0.4532390534877777	0.3187177777290344	0.679021092192041	0.4532390534877777	253.82
easy:723362004	easy	C	C	True	True	False	0.5717706680297852	0.5717706680297852	0.31969298496089615	0.5717706680297852	257.06
easy:230422001	easy	B	B	True	True	True	0.547173798084259	0.547173798084259	0.29231757226720084	0.547173798084259	349.14
hard:403824007	hard	F	F	True	True	False	0.48549118638038635	0.48549118638038635	0.4324970906845735	0.48549118638038635	349.16
none-narrower:61301000119102	none-narrower	none	none	True	False		0.41956162452697754	0.41956162452697754	0.4391139976027322	0.41956162452697754	352.28
easy:189197001	easy	G	G	True	True	False	0.5394884943962097	0.5394884943962097	0.3179903902950481	0.5394884943962097	240.15
easy:49455004	easy	E	E	True	False	True	0.5248321890830994	0.5248321890830994	0.31118446801178684	0.5248321890830994	237.45
hard:34566007	hard	D	D	True	True	True	0.3814689517021179	0.3814689517021179	0.5302533708051685	0.3814689517021179	355.63
hard:13394002	hard	H	H	True	True	False	0.6940656304359436	0.6940656304359436	0.14555063745161345	0.6940656304359436	349.69
retrieval-miss:414173003	retrieval-miss	none	none	True	False	True	0.5092255473136902	0.5092255473136902	0.3544836544420206	0.5092255473136902	346.09
gold-removed:90505000	gold-removed	none	none	True	False		0.4302997589111328	0.4302997589111328	0.4198746729668448	0.4302997589111328	353.3
retrieval-miss:22542007	retrieval-miss	none	none	True	False	True	0.6861106157302856	0.6861106157302856	0.13474887812148997	0.6861106157302856	351.72
easy:363353009	easy	D	none	False	True	True	0.4706812798976898	0.17872920632362366	0.9302018704368078	0.4706812798976898	251.66
easy:441456002	easy	G	none	False	True	False	0.4374363422393799	0.3076052963733673	0.6822562643761834	0.4374363422393799	244.0
easy:18241005	easy	B	B	True	True	False	0.41628187894821167	0.41628187894821167	0.438212090143051	0.41628187894821167	196.88
easy:233621003	easy	G	G	True	True	False	0.5740472078323364	0.5740472078323364	0.26331721668364383	0.5740472078323364	354.09
easy:240063002	easy	A	A	True	True	False	0.44131743907928467	0.44131743907928467	0.4806497422862509	0.44131743907928467	366.01
easy:92413008	easy	F	F	True	True	True	0.7654585242271423	0.7654585242271423	0.08521010403757318	0.7654585242271423	348.35
easy:764694005	easy	B	B	True	True	False	0.3236200213432312	0.3236200213432312	0.6162840932798852	0.3236200213432312	359.14
gold-removed:15170009	gold-removed	none	none	True	False		0.4826490879058838	0.4826490879058838	0.33940484792571596	0.4826490879058838	236.0
easy:83911000119104	easy	E	none	False	False	True	0.49208536744117737	0.31687599420547485	0.7224235550045368	0.49208536744117737	158.77
none-narrower:866045007	none-narrower	none	none	True	False		0.3344513475894928	0.3344513475894928	0.631078589608847	0.3344513475894928	241.18
hard:417093003	hard	E	H	False	True	True	0.33367663621902466	0.2562328577041626	0.7774394238888578	0.33367663621902466	253.91
none-narrower:431855005	none-narrower	none	none	True	False		0.4265420436859131	0.4265420436859131	0.4524520442010107	0.4265420436859131	241.91
easy:235073000	easy	G	none	False	False	True	0.38772881031036377	0.08681905269622803	1.1021776743055627	0.38772881031036377	273.39
hard:716663009	hard	B	B	True	True	False	0.636634886264801	0.636634886264801	0.23154017586220413	0.636634886264801	258.46
easy:719378009	easy	E	E	True	True	False	0.7742647528648376	0.7742647528648376	0.08703952054113229	0.7742647528648376	355.34
none-narrower:92571001	none-narrower	none	none	True	False		0.318871408700943	0.318871408700943	0.6045303331771792	0.318871408700943	239.82
retrieval-miss:67854007	retrieval-miss	none	none	True	False	True	0.33051058650016785	0.33051058650016785	0.5959111383180904	0.33051058650016785	353.3
hard:87730004	hard	F	F	True	True	False	0.7363592982292175	0.7363592982292175	0.09928045192318034	0.7363592982292175	252.31
easy:716249009	easy	E	E	True	True	True	0.739552915096283	0.739552915096283	0.10776281050618985	0.739552915096283	274.15
hard:267532001	hard	H	H	True	False	True	0.4784835875034332	0.4784835875034332	0.4115008671440152	0.4784835875034332	195.74
hard:254069004	hard	C	C	True	True	False	0.4875739812850952	0.4875739812850952	0.4085238726370954	0.4875739812850952	240.77
none-narrower:56090007	none-narrower	none	E	False	False		0.8806456923484802	0.06856882572174072	1.6436234900321376	0.8806456923484802	358.67
hard:410041002	hard	G	G	True	True	False	0.7802140116691589	0.7802140116691589	0.07209006318948946	0.7802140116691589	261.51
easy:40956001	easy	C	C	True	True	False	0.48015278577804565	0.48015278577804565	0.4352997645688269	0.48015278577804565	351.06
retrieval-miss:711265009	retrieval-miss	none	none	True	False	True	0.6347236037254333	0.6347236037254333	0.1546101670554975	0.6347236037254333	346.16
none-narrower:53284008	none-narrower	none	none	True	False		0.4351121485233307	0.4351121485233307	0.4599435736608094	0.4351121485233307	242.91
easy:715374003	easy	G	G	True	True	True	0.5221912264823914	0.5221912264823914	0.3238942587359656	0.5221912264823914	347.8
retrieval-miss:59252009	retrieval-miss	none	C	False	False	True	0.5362263321876526	0.17074806988239288	1.0456721690725828	0.5362263321876526	360.79
retrieval-miss:197352008	retrieval-miss	none	none	True	False	True	0.6310549378395081	0.6310549378395081	0.15898790881257147	0.6310549378395081	239.82
none-narrower:68361004	none-narrower	none	B	False	False		0.4704088270664215	0.33079221844673157	0.6858807473661566	0.4704088270664215	351.7
gold-removed:726349006	gold-removed	none	D	False	False		0.6289653778076172	0.23883354663848877	0.9796826568511962	0.6289653778076172	203.59
easy:711163009	easy	B	B	True	True	False	0.7108810544013977	0.7108810544013977	0.14497733680693142	0.7108810544013977	350.3
none-narrower:425756000	none-narrower	none	none	True	False		0.31162121891975403	0.31162121891975403	0.6185784139246182	0.31162121891975403	244.44
easy:398036000	easy	G	none	False	False	True	0.36863869428634644	0.058045390993356705	1.1582852268061292	0.36863869428634644	238.56
easy:69134001	easy	G	G	True	True	False	0.7479629516601562	0.7479629516601562	0.09780017244102773	0.7479629516601562	200.92
none-narrower:85209005	none-narrower	none	none	True	False		0.5011265873908997	0.5011265873908997	0.31212614440266157	0.5011265873908997	344.9
gold-removed:67873006	gold-removed	none	none	True	False		0.4074561297893524	0.4074561297893524	0.49181367609676585	0.4074561297893524	354.06
hard:7393007	hard	B	B	True	False	True	0.3790273070335388	0.3790273070335388	0.5596152166014664	0.3790273070335388	239.37
none-narrower:1254886004	none-narrower	none	G	False	False		0.5023452639579773	0.29622459411621094	0.7664173799400298	0.5023452639579773	199.6
hard:61738006	hard	D	D	True	True	False	0.609470546245575	0.609470546245575	0.26153899678079157	0.609470546245575	354.58
easy:236740006	easy	C	none	False	False	True	0.4048033654689789	0.18330435454845428	0.8866309916713266	0.4048033654689789	239.56
hard:403426003	hard	H	H	True	True	False	0.6108720302581787	0.6108720302581787	0.2455915499560887	0.6108720302581787	197.37
none-narrower:720979002	none-narrower	none	D	False	False		0.6133228540420532	0.27772682905197144	0.9003952128058383	0.6133228540420532	351.95
hard:186437007	hard	G	G	True	False	True	0.5091273188591003	0.5091273188591003	0.39572443011894765	0.5091273188591003	237.36
hard:134031000119108	hard	B	B	True	True	True	0.5783999562263489	0.5783999562263489	0.24135303389803528	0.5783999562263489	249.93
easy:95643007	easy	G	G	True	True	False	0.42996087670326233	0.42996087670326233	0.4670801479987236	0.42996087670326233	353.42
gold-removed:717183001	gold-removed	none	A	False	False		0.7068811655044556	0.22508887946605682	1.101184125493095	0.7068811655044556	350.63
easy:72991005	easy	B	none	False	True	True	0.5157263875007629	0.396030992269516	0.6328117714931971	0.5157263875007629	159.03
retrieval-miss:71444005	retrieval-miss	none	B	False	False	True	0.37164705991744995	0.2853911817073822	0.7309297547037377	0.37164705991744995	247.23
easy:400178008	easy	G	none	False	True	False	0.41818076372146606	0.24659420549869537	0.7637344082976466	0.41818076372146606	237.7
none-narrower:688271000119100	none-narrower	none	none	True	False		0.3867316246032715	0.3867316246032715	0.5063856944723372	0.3867316246032715	358.33
hard:698251009	hard	C	C	True	True	True	0.4755561947822571	0.4755561947822571	0.3987642465498431	0.4755561947822571	253.47
retrieval-miss:445507008	retrieval-miss	none	C	False	False	True	0.5009550452232361	0.38468796014785767	0.6320717274459224	0.5009550452232361	236.52
hard:363478007	hard	H	H	True	True	True	0.37954798340797424	0.37954798340797424	0.523982866061866	0.37954798340797424	350.93
hard:297232009	hard	G	G	True	True	False	0.49254339933395386	0.49254339933395386	0.3824927827271121	0.49254339933395386	348.4
none-narrower:1177049006	none-narrower	none	E	False	False		0.5930011868476868	0.2932339906692505	0.8551641725453578	0.5930011868476868	274.04
easy:50967008	easy	A	none	False	True	False	0.37959134578704834	0.3476051390171051	0.6066268514467732	0.37959134578704834	243.06
hard:302162004	hard	E	E	True	True	False	0.5786057710647583	0.5786057710647583	0.26362996002517547	0.5786057710647583	202.5
easy:45339001	easy	A	A	True	True	False	0.4880461096763611	0.4880461096763611	0.36680381750510377	0.4880461096763611	237.82
easy:419097006	easy	A	A	True	True	False	0.7874829769134521	0.7874829769134521	0.06443646854307908	0.7874829769134521	348.44
none-narrower:64634000	none-narrower	none	none	True	False		0.5087010860443115	0.5087010860443115	0.29191257211136523	0.5087010860443115	206.69
easy:92175003	easy	G	F	False	True	False	0.30757415294647217	0.04434923827648163	1.1825950685346316	0.30757415294647217	345.68
none-narrower:21420006	none-narrower	none	G	False	False		0.4385763704776764	0.2368285059928894	0.8091592442328226	0.4385763704776764	249.07
retrieval-miss:36803009	retrieval-miss	none	F	False	False	True	0.6156386137008667	0.2787754535675049	0.9014826186420021	0.6156386137008667	346.47
hard:2576002	hard	G	G	True	False	True	0.3961155116558075	0.3961155116558075	0.5203298661187049	0.3961155116558075	349.6
easy:458432002	easy	E	D	False	True	False	0.43681612610816956	0.19780048727989197	0.9293105125242985	0.43681612610816956	352.14
none-narrower:609464004	none-narrower	none	none	True	False		0.40911760926246643	0.40911760926246643	0.4746559823229072	0.40911760926246643	237.41
easy:1059007	easy	E	E	True	True	False	0.7673773765563965	0.7673773765563965	0.0896227857816467	0.7673773765563965	347.35
retrieval-miss:717182006	retrieval-miss	none	none	True	False	True	0.659852147102356	0.659852147102356	0.13774437419765106	0.659852147102356	367.96
easy:26037005	easy	D	none	False	False	True	0.34962162375450134	0.2684776484966278	0.760687632169297	0.34962162375450134	236.98
hard:47125007	hard	E	E	True	True	False	0.6221414804458618	0.6221414804458618	0.21199859887272895	0.6221414804458618	343.07
none-narrower:449782007	none-narrower	none	none	True	False		0.38601288199424744	0.38601288199424744	0.5241428863005204	0.38601288199424744	259.78
easy:719838008	easy	B	B	True	False	True	0.45939379930496216	0.45939379930496216	0.419152754316232	0.45939379930496216	346.19
hard:128870005	hard	E	E	True	False	True	0.6947770714759827	0.6947770714759827	0.13805761420243867	0.6947770714759827	306.32
easy:186312003	easy	C	C	True	True	False	0.45236262679100037	0.45236262679100037	0.5064214211977178	0.45236262679100037	351.12
gold-removed:715391004	gold-removed	none	none	True	False		0.35721704363822937	0.35721704363822937	0.5481831694239422	0.35721704363822937	351.26
hard:2946003	hard	D	D	True	False	True	0.7487552762031555	0.7487552762031555	0.09789890691781145	0.7487552762031555	235.82
hard:274864009	hard	G	G	True	True	True	0.4051573574542999	0.4051573574542999	0.4708644463789475	0.4051573574542999	351.23
easy:54280009	easy	G	G	True	True	False	0.6030399799346924	0.6030399799346924	0.26441535206161726	0.6030399799346924	281.49
none-narrower:81704009	none-narrower	none	D	False	False		0.3987511694431305	0.3062046766281128	0.6758971668850513	0.3987511694431305	350.78
retrieval-miss:702949005	retrieval-miss	none	none	True	False	True	0.5088552236557007	0.5088552236557007	0.3962133890623759	0.5088552236557007	366.09
hard:373905003	hard	B	none	False	True	True	0.37761926651000977	0.3457992374897003	0.6034798538840906	0.37761926651000977	250.98
retrieval-miss:277574007	retrieval-miss	none	none	True	False	True	0.44420087337493896	0.44420087337493896	0.3761240139496942	0.44420087337493896	344.28
hard:92668003	hard	H	H	True	True	False	0.5611305236816406	0.5611305236816406	0.30425646146475627	0.5611305236816406	346.11
hard:88687001	hard	E	E	True	False	True	0.6990266442298889	0.6990266442298889	0.14124008535687338	0.6990266442298889	348.38
easy:190794006	easy	C	C	True	False	True	0.38502296805381775	0.38502296805381775	0.552859181379553	0.38502296805381775	347.79
easy:16784003	easy	C	none	False	False	True	0.436232328414917	0.2809096872806549	0.7257170738110692	0.436232328414917	198.78
hard:18504008	hard	D	D	True	True	False	0.40046271681785583	0.40046271681785583	0.5350831907463126	0.40046271681785583	354.65
gold-removed:234500001	gold-removed	none	none	True	False		0.7185326218605042	0.7185326218605042	0.10001723592244244	0.7185326218605042	341.99
easy:265798000	easy	G	none	False	False	True	0.40722331404685974	0.37290871143341064	0.5776887172465393	0.40722331404685974	241.71
none-narrower:202918005	none-narrower	none	F	False	False		0.5353290438652039	0.3156752288341522	0.7639744792634283	0.5353290438652039	248.53
gold-removed:765141005	gold-removed	none	E	False	False		0.5359813570976257	0.37690219283103943	0.6768956692801535	0.5359813570976257	352.77
none-narrower:233696002	none-narrower	none	E	False	False		0.6388526558876038	0.26491057872772217	0.9500256683987203	0.6388526558876038	353.27
hard:403818001	hard	F	F	True	True	False	0.7294126152992249	0.7294126152992249	0.11901372821783435	0.7294126152992249	344.08
none-narrower:285251000119101	none-narrower	none	none	True	False		0.4380762279033661	0.4380762279033661	0.4303967952843346	0.4380762279033661	256.84
easy:36989005	easy	H	H	True	True	False	0.5119662880897522	0.5119662880897522	0.3457659151551622	0.5119662880897522	344.66
hard:763632004	hard	G	G	True	False	True	0.5329787731170654	0.5329787731170654	0.295437348415714	0.5329787731170654	357.51
hard:92059004	hard	G	G	True	True	False	0.4779202938079834	0.4779202938079834	0.3981628792758252	0.4779202938079834	234.74
easy:389203001	easy	B	B	True	True	False	0.39365440607070923	0.39365440607070923	0.5358107337474223	0.39365440607070923	345.81
retrieval-miss:18718003	retrieval-miss	none	none	True	False	True	0.6755930781364441	0.6755930781364441	0.1257525528306932	0.6755930781364441	241.79
none-narrower:710360007	none-narrower	none	none	True	False		0.44847172498703003	0.44847172498703003	0.4181923148540092	0.44847172498703003	238.06
gold-removed:47014000	gold-removed	none	none	True	False		0.565861165523529	0.565861165523529	0.23416590306929144	0.565861165523529	242.63
hard:37785001	hard	E	E	True	True	False	0.7647400498390198	0.7647400498390198	0.08545857407124298	0.7647400498390198	248.9
hard:237877004	hard	G	G	True	True	False	0.5484537482261658	0.5484537482261658	0.29827720957831894	0.5484537482261658	353.49
easy:304603007	easy	H	H	True	True	False	0.3760976791381836	0.3760976791381836	0.5426869479973686	0.3760976791381836	347.19
hard:93948004	hard	E	none	False	True	True	0.3357134163379669	0.2815195620059967	0.6994487634061126	0.3357134163379669	240.98
hard:430042004	hard	F	none	False	True	False	0.4256909191608429	0.2993465065956116	0.7172049353426967	0.4256909191608429	250.79
hard:254062008	hard	H	H	True	True	False	0.44662779569625854	0.44662779569625854	0.45537898460709686	0.44662779569625854	356.14
hard:725392005	hard	G	A	False	False	True	0.40399816632270813	0.05825271084904671	1.1889767530569184	0.40399816632270813	347.52
easy:229752008	easy	D	none	False	False	True	0.43959829211235046	0.3686344027519226	0.5990509108255293	0.43959829211235046	237.49
easy:14386001	easy	F	F	True	True	False	0.6115623116493225	0.6115623116493225	0.2209046948396426	0.6115623116493225	256.52
none-narrower:276646003	none-narrower	none	C	False	False		0.378172367811203	0.22300192713737488	0.8142013254987555	0.378172367811203	252.83
retrieval-miss:448015002	retrieval-miss	none	none	True	False	True	0.5030608773231506	0.5030608773231506	0.3426874739788968	0.5030608773231506	240.61
none-narrower:188247000	none-narrower	none	none	True	False		0.40482136607170105	0.40482136607170105	0.4361667638790523	0.40482136607170105	237.38
easy:254180002	easy	B	B	True	True	False	0.4091564118862152	0.4091564118862152	0.5250787674001149	0.4091564118862152	350.87
easy:766928004	easy	E	E	True	True	True	0.8577848076820374	0.8577848076820374	0.031219273314128923	0.8577848076820374	350.7
none-narrower:230174006	none-narrower	none	A	False	False		0.44900375604629517	0.41116854548454285	0.5537230902046296	0.44900375604629517	350.49
gold-removed:255184001	gold-removed	none	D	False	False		0.37574079632759094	0.2642209827899933	0.7822794119515977	0.37574079632759094	250.25
retrieval-miss:62628008	retrieval-miss	none	A	False	False	True	0.3811492919921875	0.2926880419254303	0.7185137872031585	0.3811492919921875	345.71
gold-removed:25792000	gold-removed	none	none	True	False		0.6951647400856018	0.6951647400856018	0.10914819754258356	0.6951647400856018	347.8
easy:127024001	easy	F	none	False	True	False	0.418415904045105	0.29423069953918457	0.7019135080707907	0.418415904045105	343.36
hard:13534001	hard	F	F	True	True	False	0.8361158967018127	0.8361158967018127	0.04435014707001446	0.8361158967018127	348.61
gold-removed:70020005	gold-removed	none	none	True	False		0.7114530801773071	0.7114530801773071	0.10262523684529809	0.7114530801773071	255.5
hard:198029003	hard	A	A	True	True	False	0.5971574783325195	0.5971574783325195	0.2515518933790931	0.5971574783325195	351.25
easy:6631009	easy	H	none	False	False	True	0.4807361960411072	0.06931760907173157	1.173338899614406	0.4807361960411072	348.84
retrieval-miss:403910009	retrieval-miss	none	none	True	False	True	0.4014429748058319	0.4014429748058319	0.4909240613780178	0.4014429748058319	274.17
hard:399072004	hard	E	E	True	True	True	0.7966963648796082	0.7966963648796082	0.05447467585354034	0.7966963648796082	240.55
gold-removed:82323002	gold-removed	none	none	True	False		0.4428793489933014	0.4428793489933014	0.39331106014535727	0.4428793489933014	243.38
hard:254167000	hard	F	F	True	False	True	0.569247305393219	0.569247305393219	0.2827078079909789	0.569247305393219	234.4
hard:72925005	hard	G	none	False	False	True	0.5321657061576843	0.3138098418712616	0.7613513069691156	0.5321657061576843	346.43
hard:703219008	hard	C	C	True	True	True	0.3373502492904663	0.3373502492904663	0.6035374692478623	0.3373502492904663	350.23
easy:254052001	easy	G	G	True	False	True	0.41280660033226013	0.41280660033226013	0.4803484052100411	0.41280660033226013	349.64
none-narrower:403933005	none-narrower	none	F	False	False		0.7001513838768005	0.24346157908439636	1.0631738538406807	0.7001513838768005	255.4
retrieval-miss:239011004	retrieval-miss	none	none	True	False	True	0.6613070964813232	0.6613070964813232	0.1536906026350017	0.6613070964813232	361.34
easy:67782005	easy	G	none	False	False	True	0.3178747892379761	0.2665601074695587	0.7273065522290723	0.3178747892379761	352.37
hard:237946002	hard	H	none	False	False	True	0.3611357510089874	0.3307047188282013	0.6266042561310337	0.3611357510089874	364.91
easy:204036008	easy	F	none	False	True	False	0.4455154538154602	0.15491777658462524	0.9785223502664169	0.4455154538154602	271.21
easy:93870000	easy	C	C	True	True	True	0.35911619663238525	0.35911619663238525	0.5951794620784684	0.35911619663238525	347.27
none-narrower:149941000119100	none-narrower	none	none	True	False		0.46101659536361694	0.46101659536361694	0.4060169539479679	0.46101659536361694	233.8
gold-removed:766815007	gold-removed	none	H	False	False		0.5704615712165833	0.336392343044281	0.7670747707697153	0.5704615712165833	346.19
none-narrower:402925001	none-narrower	none	A	False	False		0.5543020367622375	0.3569408059120178	0.7222942935086365	0.5543020367622375	240.18
easy:57219006	easy	G	none	False	False	True	0.4316602349281311	0.03670266643166542	1.1766374197323328	0.4316602349281311	252.18
hard:254157005	hard	D	H	False	False	True	0.3885578513145447	0.20981881022453308	0.9023553592272789	0.3885578513145447	277.51
none-narrower:403129004	none-narrower	none	none	True	False		0.557742714881897	0.557742714881897	0.26629083275663606	0.557742714881897	236.65
none-narrower:52042003	none-narrower	none	A	False	False		0.5764018893241882	0.2610081434249878	0.8845885111108946	0.5764018893241882	258.01
easy:128333008	easy	A	none	False	True	False	0.39815762639045715	0.09735819697380066	1.0816715105283539	0.39815762639045715	243.14
none-narrower:255051004	none-narrower	none	none	True	False		0.4605449438095093	0.4605449438095093	0.3587388411760963	0.4605449438095093	242.89
easy:389272007	easy	E	E	True	True	False	0.6563057899475098	0.6563057899475098	0.2068187309167328	0.6563057899475098	237.76
retrieval-miss:102878001	retrieval-miss	none	F	False	False	True	0.40068337321281433	0.3360014855861664	0.6486501694801088	0.40068337321281433	350.35
hard:717052002	hard	E	E	True	True	False	0.7517011761665344	0.7517011761665344	0.09198962304058834	0.7517011761665344	346.24
retrieval-miss:237886009	retrieval-miss	none	A	False	False	True	0.5405255556106567	0.3480694890022278	0.7195549084646167	0.5405255556106567	236.36
retrieval-miss:235919008	retrieval-miss	none	none	True	False	True	0.5735172033309937	0.5735172033309937	0.265861251373292	0.5735172033309937	235.47
hard:254096001	hard	C	none	False	True	False	0.4790921211242676	0.16659314930438995	0.9767642378481566	0.4790921211242676	253.19
easy:59276001	easy	H	H	True	False	True	0.6576824188232422	0.6576824188232422	0.16590993821307154	0.6576824188232422	244.05
gold-removed:88233000	gold-removed	none	E	False	False		0.3882400095462799	0.2500052750110626	0.8194530050032643	0.3882400095462799	237.79
easy:717014003	easy	F	F	True	True	False	0.6808856725692749	0.6808856725692749	0.16927572640146915	0.6808856725692749	409.18
retrieval-miss:269476000	retrieval-miss	none	none	True	False	True	0.4661579728126526	0.4661579728126526	0.39311290909525537	0.4661579728126526	344.45
easy:56048001	easy	C	C	True	False	True	0.4729130268096924	0.4729130268096924	0.43827620098265624	0.4729130268096924	245.46
easy:45142002	easy	B	B	True	True	False	0.5859220027923584	0.5859220027923584	0.26285764828488184	0.5859220027923584	339.57
none-narrower:335561000119101	none-narrower	none	F	False	False		0.4812370240688324	0.4406856596469879	0.5460073373553065	0.4812370240688324	246.66
hard:61094002	hard	A	A	True	True	False	0.8251606822013855	0.8251606822013855	0.05091038254894546	0.8251606822013855	345.88
easy:197260007	easy	A	F	False	False	True	0.4245474636554718	0.22925297915935516	0.8501853556352992	0.4245474636554718	233.91
hard:363481002	hard	G	G	True	True	True	0.3579443693161011	0.3579443693161011	0.5563021674685735	0.3579443693161011	341.68
retrieval-miss:230687001	retrieval-miss	none	none	True	False	True	0.5008687376976013	0.5008687376976013	0.31879509157646374	0.5008687376976013	257.29
easy:29227009	easy	G	G	True	True	False	0.4971950352191925	0.4971950352191925	0.3821760171569171	0.4971950352191925	232.41
retrieval-miss:30865009	retrieval-miss	none	F	False	False	True	0.4508785605430603	0.3170584738254547	0.688378355355489	0.4508785605430603	234.43
hard:128207002	hard	C	none	False	True	False	0.4285069406032562	0.08046095818281174	1.167812503171399	0.4285069406032562	246.76
hard:233858000	hard	A	none	False	True	True	0.3899894654750824	0.19284643232822418	0.8596499335760013	0.3899894654750824	231.76
retrieval-miss:277475006	retrieval-miss	none	none	True	False	True	0.5721338987350464	0.5721338987350464	0.23205415909498472	0.5721338987350464	341.53
hard:363352004	hard	E	E	True	True	False	0.5145781636238098	0.5145781636238098	0.3171170234069329	0.5145781636238098	247.67
hard:65814009	hard	D	D	True	True	False	0.5863857269287109	0.5863857269287109	0.2729848608360871	0.5863857269287109	230.2
none-narrower:426370008	none-narrower	none	none	True	False		0.5233052968978882	0.5233052968978882	0.2933352312832316	0.5233052968978882	341.68
none-narrower:39625001	none-narrower	none	E	False	False		0.5957493185997009	0.24703708291053772	0.9329214078360593	0.5957493185997009	340.02
none-narrower:271386001	none-narrower	none	none	True	False		0.37679076194763184	0.37679076194763184	0.4879415351182003	0.37679076194763184	343.82
easy:63844009	easy	F	none	False	True	False	0.4364360570907593	0.3996598422527313	0.5560295940310519	0.4364360570907593	343.17
easy:254957009	easy	B	none	False	False	True	0.3733251094818115	0.28667977452278137	0.6761846106583903	0.3733251094818115	360.59
hard:397734008	hard	G	G	True	True	False	0.3913898169994354	0.3913898169994354	0.504884122739387	0.3913898169994354	350.87
gold-removed:80126007	gold-removed	none	none	True	False		0.7734796404838562	0.7734796404838562	0.06301014837041204	0.7734796404838562	341.15
hard:36874002	hard	E	E	True	True	False	0.6487143039703369	0.6487143039703369	0.1783449296636097	0.6487143039703369	240.64
easy:92058007	easy	F	F	True	True	True	0.47038859128952026	0.47038859128952026	0.4093761111139792	0.47038859128952026	239.47
none-narrower:268651002	none-narrower	none	none	True	False		0.6752449870109558	0.6752449870109558	0.1247323782918682	0.6752449870109558	196.4
gold-removed:312491004	gold-removed	none	H	False	False		0.40289950370788574	0.3689492642879486	0.5829178423513014	0.40289950370788574	346.15
easy:110004001	easy	A	A	True	True	False	0.6525517702102661	0.6525517702102661	0.18494045869139594	0.6525517702102661	373.13
hard:398796005	hard	B	B	True	True	False	0.36362016201019287	0.36362016201019287	0.5518265383025186	0.36362016201019287	348.62
hard:302161006	hard	B	B	True	True	False	0.47596418857574463	0.47596418857574463	0.40154524261841973	0.47596418857574463	187.38
hard:191169008	hard	F	none	False	False	True	0.42900553345680237	0.025650642812252045	1.2394427677167683	0.42900553345680237	339.72
gold-removed:608817003	gold-removed	none	E	False	False		0.787575364112854	0.17635197937488556	1.298928107189278	0.787575364112854	351.56
easy:303012000	easy	H	none	False	True	False	0.43342679738998413	0.36345916986465454	0.6031969532531903	0.43342679738998413	275.49
hard:719012009	hard	E	none	False	True	False	0.4344281554222107	0.33360135555267334	0.6456725047885408	0.4344281554222107	340.87
hard:269533000	hard	D	none	False	True	False	0.40489640831947327	0.21864153444766998	0.8719914829995946	0.40489640831947327	241.34
easy:397015000	easy	H	H	True	True	False	0.6148565411567688	0.6148565411567688	0.22040722901722842	0.6148565411567688	346.73
none-narrower:232245002	none-narrower	none	B	False	False		0.4391486942768097	0.2827882170677185	0.7378939375080842	0.4391486942768097	250.87
retrieval-miss:129154003	retrieval-miss	none	C	False	False	True	0.4413585066795349	0.37011048197746277	0.6001527510484159	0.4413585066795349	342.5
gold-removed:359732009	gold-removed	none	none	True	False		0.5767272114753723	0.5767272114753723	0.2213395174745555	0.5767272114753723	361.27
gold-removed:706885006	gold-removed	none	none	True	False		0.5142638683319092	0.5142638683319092	0.27848991191530786	0.5142638683319092	365.8
none-narrower:192051000	none-narrower	none	none	True	False		0.6513336300849915	0.6513336300849915	0.14605681485286576	0.6513336300849915	231.84
gold-removed:716588005	gold-removed	none	H	False	False		0.3889021873474121	0.17610394954681396	0.914974910748742	0.3889021873474121	350.03
hard:721881008	hard	G	none	False	True	False	0.6440925002098083	0.1878134310245514	1.0798340376907727	0.6440925002098083	348.34
gold-removed:360375007	gold-removed	none	none	True	False		0.5753268003463745	0.5753268003463745	0.24715710200974783	0.5753268003463745	200.25
none-narrower:1258979003	none-narrower	none	A	False	False		0.39857786893844604	0.33423587679862976	0.6237943307584943	0.39857786893844604	349.73
easy:56787009	easy	B	B	True	False	True	0.3999394178390503	0.3999394178390503	0.5062019078570257	0.3999394178390503	245.63
none-narrower:235986006	none-narrower	none	D	False	False		0.41317301988601685	0.3172793388366699	0.6573331269086242	0.41317301988601685	246.01
retrieval-miss:56038003	retrieval-miss	none	none	True	False	True	0.5819811224937439	0.5819811224937439	0.2605644534184938	0.5819811224937439	241.79
retrieval-miss:716649003	retrieval-miss	none	E	False	False	True	0.48100152611732483	0.2378515601158142	0.84851639727976	0.48100152611732483	347.15
hard:723096000	hard	B	B	True	True	True	0.6599200367927551	0.6599200367927551	0.1915099166440481	0.6599200367927551	198.9
none-narrower:337871000119100	none-narrower	none	F	False	False		0.6258353590965271	0.2833927869796753	0.9066202178428131	0.6258353590965271	154.08
retrieval-miss:234477002	retrieval-miss	none	none	True	False	True	0.6422954797744751	0.6422954797744751	0.16376132778626162	0.6422954797744751	360.9
easy:50189006	easy	D	D	True	False	True	0.41049060225486755	0.41049060225486755	0.46099187898640687	0.41049060225486755	236.5
retrieval-miss:403780007	retrieval-miss	none	H	False	False	True	0.41887781023979187	0.3835804760456085	0.5646645079954713	0.41887781023979187	339.01
easy:39912006	easy	F	F	True	True	False	0.4583418369293213	0.4583418369293213	0.47242706931920414	0.4583418369293213	428.24
none-narrower:93829002	none-narrower	none	C	False	False		0.4639684855937958	0.3890705704689026	0.5965989434802921	0.4639684855937958	250.8
hard:22451001	hard	C	C	True	True	True	0.4668107032775879	0.4668107032775879	0.38487978938846273	0.4668107032775879	229.92
easy:124275001	easy	E	E	True	True	False	0.40335559844970703	0.40335559844970703	0.5259953568438283	0.40335559844970703	323.86
hard:126833009	hard	C	none	False	True	False	0.41926220059394836	0.32195529341697693	0.6506188480731887	0.41926220059394836	345.33
none-narrower:75548002	none-narrower	none	none	True	False		0.450057715177536	0.450057715177536	0.39094278087694034	0.450057715177536	354.03
hard:717821004	hard	G	G	True	True	False	0.5195518136024475	0.5195518136024475	0.3388170948914305	0.5195518136024475	359.07
gold-removed:254877001	gold-removed	none	none	True	False		0.43596771359443665	0.43596771359443665	0.40857207297316844	0.43596771359443665	340.15
gold-removed:726702005	gold-removed	none	none	True	False		0.39126524329185486	0.39126524329185486	0.45221717868621625	0.39126524329185486	355.39
retrieval-miss:254064009	retrieval-miss	none	none	True	False	True	0.47660937905311584	0.47660937905311584	0.3524192546577862	0.47660937905311584	235.84
easy:39288006	easy	C	C	True	False	True	0.2828754186630249	0.2828754186630249	0.6572877988396033	0.2828754186630249	247.04
easy:62311004	easy	C	C	True	True	True	0.38144317269325256	0.38144317269325256	0.5412879291364612	0.38144317269325256	346.66
hard:255084004	hard	F	G	False	True	True	0.37194758653640747	0.3119044601917267	0.6636638345665521	0.37194758653640747	338.42
hard:762282007	hard	C	C	True	False	True	0.7039024829864502	0.7039024829864502	0.13363035822852554	0.7039024829864502	356.09
easy:276860003	easy	B	B	True	True	False	0.4560045301914215	0.4560045301914215	0.424725933785429	0.4560045301914215	345.9
hard:33958003	hard	H	none	False	True	False	0.3914475440979004	0.30059614777565	0.6825307860975697	0.3914475440979004	231.11
none-narrower:237782001	none-narrower	none	none	True	False		0.5292723774909973	0.5292723774909973	0.2796247311145328	0.5292723774909973	349.14
retrieval-miss:23687008	retrieval-miss	none	none	True	False	True	0.5566290616989136	0.5566290616989136	0.29164557117657997	0.5566290616989136	346.89
easy:720414005	easy	G	G	True	False	True	0.6612883806228638	0.6612883806228638	0.17089703801712536	0.6612883806228638	340.58
hard:195021004	hard	F	none	False	True	False	0.46595627069473267	0.3276611566543579	0.6784262883173846	0.46595627069473267	337.58
hard:363436001	hard	E	E	True	True	True	0.4113422632217407	0.4113422632217407	0.5229839069071662	0.4113422632217407	245.49
easy:92083007	easy	B	B	True	True	True	0.5631656646728516	0.5631656646728516	0.30415019385903375	0.5631656646728516	247.73
retrieval-miss:398768004	retrieval-miss	none	B	False	False	True	0.41903382539749146	0.24709725379943848	0.829567523491965	0.41903382539749146	356.96
none-narrower:52897009	none-narrower	none	H	False	False		0.3341692090034485	0.3341692090034485	0.6340212203054111	0.3341692090034485	344.55
none-narrower:29340001000004108	none-narrower	none	none	True	False		0.4333552420139313	0.4333552420139313	0.48504774710996484	0.4333552420139313	235.74
easy:404077005	easy	H	H	True	True	False	0.369926393032074	0.369926393032074	0.5460938910502564	0.369926393032074	255.53
easy:51500006	easy	B	C	False	True	False	0.4461795389652252	0.34262534976005554	0.6602410387253166	0.4461795389652252	236.3
retrieval-miss:82639001	retrieval-miss	none	G	False	False	True	0.5937690138816833	0.32063156366348267	0.81546031053051	0.5937690138816833	335.87
hard:4760008	hard	H	H	True	True	False	0.4380439519882202	0.4380439519882202	0.44300870705099915	0.4380439519882202	246.56
gold-removed:91478007	gold-removed	none	F	False	False		0.38641229271888733	0.38641229271888733	0.5486347580630233	0.38641229271888733	235.4
hard:126485001	hard	D	D	True	True	False	0.49729254841804504	0.49729254841804504	0.35256576808580037	0.49729254841804504	259.5
gold-removed:314270008	gold-removed	none	C	False	False		0.42045432329177856	0.35258084535598755	0.6223128406936838	0.42045432329177856	197.67
easy:57917004	easy	C	C	True	True	False	0.6306381225585938	0.6306381225585938	0.23440951744025137	0.6306381225585938	352.68
hard:703403003	hard	B	B	True	False	True	0.5181381106376648	0.5181381106376648	0.42137448022314816	0.5181381106376648	346.94
easy:30496006	easy	C	D	False	False	True	0.29813745617866516	0.14742639660835266	0.9425094104225312	0.29813745617866516	351.13
easy:402525008	easy	C	C	True	True	False	0.3638491630554199	0.3638491630554199	0.5550576515427261	0.3638491630554199	239.58
hard:719209002	hard	B	B	True	True	False	0.7104865312576294	0.7104865312576294	0.14514349191038117	0.7104865312576294	344.82
easy:721094006	easy	H	H	True	True	False	0.6237847208976746	0.6237847208976746	0.25527247701501	0.6237847208976746	361.21
hard:91612009	hard	E	E	True	True	False	0.5348783731460571	0.5348783731460571	0.2966581619997593	0.5348783731460571	153.72
none-narrower:1187464007	none-narrower	none	E	False	False		0.6968741416931152	0.20320424437522888	1.123172413474443	0.6968741416931152	338.39
hard:17025000	hard	C	C	True	False	True	0.325114905834198	0.325114905834198	0.5917357200788516	0.325114905834198	344.36
none-narrower:427910000	none-narrower	none	F	False	False		0.44910040497779846	0.2033630907535553	0.8978613565395327	0.44910040497779846	240.14
gold-removed:49049000	gold-removed	none	none	True	False		0.7795854210853577	0.7795854210853577	0.05949519902918678	0.7795854210853577	238.63
hard:57863006	hard	E	E	True	True	False	0.6899154186248779	0.6899154186248779	0.14054370180199754	0.6899154186248779	354.65
gold-removed:26899006	gold-removed	none	none	True	False		0.5064277648925781	0.5064277648925781	0.34277375999856524	0.5064277648925781	254.62
none-narrower:15959101000119103	none-narrower	none	none	True	False		0.26595836877822876	0.26595836877822876	0.6578558490929326	0.26595836877822876	340.88
gold-removed:404064001	gold-removed	none	A	False	False		0.6272010207176208	0.3101460933685303	0.8699460985898473	0.6272010207176208	338.74
hard:254838004	hard	A	none	False	True	False	0.33542972803115845	0.12737074494361877	0.9762929598656764	0.33542972803115845	354.57
easy:363494000	easy	G	none	False	True	True	0.410536527633667	0.26436302065849304	0.7458757509534717	0.410536527633667	249.75
none-narrower:368721000119104	none-narrower	none	E	False	False		0.6376830339431763	0.1859441101551056	1.0792638636383858	0.6376830339431763	244.27
hard:31220004	hard	B	B	True	True	False	0.3318363130092621	0.3318363130092621	0.6180960206496231	0.3318363130092621	345.16
none-narrower:190471009	none-narrower	none	none	True	False		0.5091601610183716	0.5091601610183716	0.33925769856453675	0.5091601610183716	197.91
gold-removed:26538006	gold-removed	none	none	True	False		0.512466311454773	0.512466311454773	0.32764919186948505	0.512466311454773	237.72
hard:204431007	hard	B	B	True	True	False	0.5620222687721252	0.5620222687721252	0.32389922583953545	0.5620222687721252	235.88
gold-removed:48500005	gold-removed	none	none	True	False		0.5202255249023438	0.5202255249023438	0.3311819037310373	0.5202255249023438	230.86
easy:734020000	easy	C	C	True	True	False	0.6664023995399475	0.6664023995399475	0.2026017227725045	0.6664023995399475	341.57
retrieval-miss:720410001	retrieval-miss	none	none	True	False	True	0.5969187021255493	0.5969187021255493	0.18799788014835347	0.5969187021255493	345.9
retrieval-miss:389100007	retrieval-miss	none	none	True	False	True	0.6204845905303955	0.6204845905303955	0.21267609005575955	0.6204845905303955	359.85
none-narrower:197606008	none-narrower	none	none	True	False		0.5958649516105652	0.5958649516105652	0.22146093682454573	0.5958649516105652	236.34
hard:626004	hard	H	H	True	True	False	0.8551650047302246	0.8551650047302246	0.0362599620426278	0.8551650047302246	361.69
easy:52186006	easy	G	D	False	True	False	0.3508104979991913	0.2693900763988495	0.7331011128965907	0.3508104979991913	251.85
retrieval-miss:422886007	retrieval-miss	none	D	False	False	True	0.5000444650650024	0.17387866973876953	1.0196806101985987	0.5000444650650024	230.33
hard:609573005	hard	A	A	True	True	False	0.49214693903923035	0.49214693903923035	0.34407318012882837	0.49214693903923035	342.49
hard:72893007	hard	A	B	False	True	True	0.4154561161994934	0.13229189813137054	1.0183424972493358	0.4154561161994934	353.54
gold-removed:254113006	gold-removed	none	B	False	False		0.4431389570236206	0.3116160035133362	0.7048642247043508	0.4431389570236206	252.74
easy:2177002	easy	B	B	True	True	False	0.4704580307006836	0.4704580307006836	0.41687673855168794	0.4704580307006836	245.55
hard:111293003	hard	H	none	False	False	True	0.48729103803634644	0.13011771440505981	1.0348667286058186	0.48729103803634644	233.78
retrieval-miss:54203008	retrieval-miss	none	none	True	False	True	0.45160284638404846	0.45160284638404846	0.4753659657185769	0.45160284638404846	355.18
easy:239032007	easy	G	G	True	True	False	0.4867638051509857	0.4867638051509857	0.38890732974742853	0.4867638051509857	348.69
hard:398680004	hard	F	F	True	False	True	0.3336464762687683	0.3336464762687683	0.6171699080450055	0.3336464762687683	353.17
easy:733626002	easy	C	C	True	True	False	0.6582290530204773	0.6582290530204773	0.20600432600220137	0.6582290530204773	345.1
none-narrower:94505005	none-narrower	none	none	True	False		0.5380411148071289	0.5380411148071289	0.25481280777527526	0.5380411148071289	337.73
hard:724840004	hard	A	A	True	True	False	0.5906762480735779	0.5906762480735779	0.23504691453976037	0.5906762480735779	351.9
easy:303852004	easy	D	D	True	True	False	0.8037592172622681	0.8037592172622681	0.0709570622494279	0.8037592172622681	349.66
none-narrower:890354000	none-narrower	none	G	False	False		0.3827660381793976	0.32097652554512024	0.6597782803888221	0.3827660381793976	230.89
retrieval-miss:725291001	retrieval-miss	none	E	False	False	True	0.6670702695846558	0.23195837438106537	1.0373269419473232	0.6670702695846558	358.63
retrieval-miss:17885001	retrieval-miss	none	none	True	False	True	0.8822799921035767	0.8822799921035767	0.016276313331111042	0.8822799921035767	355.11
gold-removed:120639003	gold-removed	none	G	False	False		0.4557708203792572	0.38219624757766724	0.6022900574184578	0.4557708203792572	357.1
hard:92272009	hard	E	E	True	True	True	0.5855113863945007	0.5855113863945007	0.24180615429298347	0.5855113863945007	342.03
gold-removed:87211000119104	gold-removed	none	A	False	False		0.5069248676300049	0.3264324367046356	0.7189335554277114	0.5069248676300049	346.29
none-narrower:143291000119104	none-narrower	none	none	True	False		0.5056893229484558	0.5056893229484558	0.3740316075205191	0.5056893229484558	356.45
retrieval-miss:10651001	retrieval-miss	none	none	True	False	True	0.6553714871406555	0.6553714871406555	0.14411654827662165	0.6553714871406555	346.55
easy:720636001	easy	G	G	True	True	False	0.6764684319496155	0.6764684319496155	0.14889145759032596	0.6764684319496155	245.28
none-narrower:22935002	none-narrower	none	none	True	False		0.33119824528694153	0.33119824528694153	0.5617910171325124	0.33119824528694153	257.04
easy:716742001	easy	F	F	True	False	True	0.6521342992782593	0.6521342992782593	0.2086663651538997	0.6521342992782593	237.77
hard:398114001	hard	B	none	False	True	False	0.362138956785202	0.3036792576313019	0.649677037882276	0.362138956785202	337.78
gold-removed:27868004	gold-removed	none	none	True	False		0.39698588848114014	0.39698588848114014	0.5080594320291549	0.39698588848114014	243.96
retrieval-miss:238700008	retrieval-miss	none	E	False	False	True	0.3054864704608917	0.3054864704608917	0.6708208247690138	0.3054864704608917	347.23
easy:30281009	easy	D	none	False	True	False	0.5000720024108887	0.03893660381436348	1.2253333392435892	0.5000720024108887	241.18
none-narrower:12181002	none-narrower	none	A	False	False		0.3048475384712219	0.2791596055030823	0.6968151157673759	0.3048475384712219	347.15
easy:78511005	easy	H	H	True	True	False	0.5879775285720825	0.5879775285720825	0.2907096654567837	0.5879775285720825	338.1
easy:26360005	easy	A	none	False	True	True	0.441493958234787	0.284297913312912	0.7316563902129121	0.441493958234787	202.41
none-narrower:403964007	none-narrower	none	H	False	False		0.5710392594337463	0.33673298358917236	0.7687446964665638	0.5710392594337463	196.62
hard:303098002	hard	A	E	False	True	False	0.46377766132354736	0.014973866753280163	1.3015637158150477	0.46377766132354736	255.31
none-narrower:1343512002	none-narrower	none	none	True	False		0.4465120732784271	0.4465120732784271	0.3835807866356851	0.4465120732784271	238.96
easy:232086000	easy	E	F	False	False	True	0.3005176782608032	0.2520049512386322	0.7449443400555175	0.3005176782608032	235.83
easy:703544004	easy	B	B	True	False	True	0.379351407289505	0.379351407289505	0.5214926778658717	0.379351407289505	430.4
retrieval-miss:720861000	retrieval-miss	none	B	False	False	True	0.38818106055259705	0.191952183842659	0.954496179378983	0.38818106055259705	416.17
none-narrower:1371100008	none-narrower	none	none	True	False		0.45079073309898376	0.45079073309898376	0.40904505892271253	0.45079073309898376	251.47
easy:253298003	easy	G	G	True	False	True	0.390455037355423	0.390455037355423	0.5253918278096964	0.390455037355423	255.91
gold-removed:7071007	gold-removed	none	none	True	False		0.6114299297332764	0.6114299297332764	0.18408126761936305	0.6114299297332764	193.86
easy:35111009	easy	D	D	True	True	True	0.6446989178657532	0.6446989178657532	0.21222998858329792	0.6446989178657532	347.79
none-narrower:418054005	none-narrower	none	none	True	False		0.5258660316467285	0.5258660316467285	0.28071693942633336	0.5258660316467285	348.22
hard:27916005	hard	B	B	True	True	False	0.6887170672416687	0.6887170672416687	0.1657241015827859	0.6887170672416687	247.07
hard:72124005	hard	H	H	True	True	False	0.5068441033363342	0.5068441033363342	0.3747261250116065	0.5068441033363342	165.06
easy:111354009	easy	D	D	True	False	True	0.6226666569709778	0.6226666569709778	0.21342810165048554	0.6226666569709778	245.88
hard:11218009	hard	B	E	False	False	True	0.3867793083190918	0.16038428246974945	0.964313781715363	0.3867793083190918	241.69
easy:717734005	easy	E	E	True	True	False	0.39694780111312866	0.39694780111312866	0.48785405112176883	0.39694780111312866	366.07
easy:716277000	easy	D	D	True	True	False	0.7535436153411865	0.7535436153411865	0.109134450175839	0.7535436153411865	351.14
retrieval-miss:95532008	retrieval-miss	none	none	True	False	True	0.4804566502571106	0.4804566502571106	0.34946339644153185	0.4804566502571106	262.7
hard:67678004	hard	D	D	True	True	True	0.5370628833770752	0.5370628833770752	0.3583614040205644	0.5370628833770752	239.02
none-narrower:235929001	none-narrower	none	none	True	False		0.5028645992279053	0.5028645992279053	0.29797528062633577	0.5028645992279053	353.95
gold-removed:235601001	gold-removed	none	B	False	False		0.49350064992904663	0.24403183162212372	0.8376808333555601	0.49350064992904663	243.29
gold-removed:717332007	gold-removed	none	none	True	False		0.8686112761497498	0.8686112761497498	0.019804288141036103	0.8686112761497498	343.03
easy:766050000	easy	A	A	True	True	False	0.9143797755241394	0.9143797755241394	0.011662530210549325	0.9143797755241394	437.72
gold-removed:187740000	gold-removed	none	C	False	False		0.30118438601493835	0.30118438601493835	0.6717156616283064	0.30118438601493835	269.66
easy:196133001	easy	E	E	True	False	True	0.6721391081809998	0.6721391081809998	0.15551812957539873	0.6721391081809998	343.52
none-narrower:38731000087104	none-narrower	none	B	False	False		0.625263512134552	0.3091874420642853	0.8692354654044	0.625263512134552	252.47
none-narrower:48352007	none-narrower	none	none	True	False		0.519602358341217	0.519602358341217	0.3503313063129993	0.519602358341217	243.85
retrieval-miss:190773008	retrieval-miss	none	E	False	False	True	0.43917274475097656	0.36827757954597473	0.603960593478615	0.43917274475097656	249.34
hard:234577004	hard	G	G	True	True	False	0.5791661143302917	0.5791661143302917	0.2950460153659481	0.5791661143302917	240.05
hard:95776004	hard	G	none	False	True	False	0.5214455127716064	0.1275048851966858	1.0783157903879683	0.5214455127716064	263.3
easy:124252008	easy	G	none	False	True	False	0.4651728868484497	0.4259752035140991	0.5481113982957627	0.4651728868484497	257.45
easy:402425006	easy	E	C	False	True	False	0.3059721291065216	0.048177991062402725	1.1376426324303917	0.3059721291065216	246.35
hard:722059002	hard	D	D	True	True	False	0.7235396504402161	0.7235396504402161	0.12166467618721838	0.7235396504402161	352.44
easy:193756007	easy	A	A	True	True	False	0.8303630948066711	0.8303630948066711	0.04259892504239882	0.8303630948066711	360.46
easy:57203004	easy	D	D	True	True	True	0.44914501905441284	0.44914501905441284	0.4526671881270827	0.44914501905441284	242.48
easy:308870004	easy	E	E	True	True	False	0.4516386091709137	0.4516386091709137	0.45137914585612665	0.4516386091709137	250.0
gold-removed:205465004	gold-removed	none	none	True	False		0.416573703289032	0.416573703289032	0.47358266500527735	0.416573703289032	356.83
easy:398909004	easy	H	H	True	True	False	0.6587180495262146	0.6587180495262146	0.19217225405446853	0.6587180495262146	245.03
easy:92624000	easy	B	B	True	True	False	0.48139482736587524	0.48139482736587524	0.37704960002358845	0.48139482736587524	246.57
hard:403805009	hard	G	G	True	True	False	0.6120251417160034	0.6120251417160034	0.22308502033967942	0.6120251417160034	348.96
easy:21897009	easy	G	G	True	True	False	0.48769092559814453	0.48769092559814453	0.4056875635329681	0.48769092559814453	251.1
hard:278833002	hard	D	D	True	True	True	0.5196042656898499	0.5196042656898499	0.33253751591258107	0.5196042656898499	257.38
gold-removed:721073008	gold-removed	none	none	True	False		0.38017475605010986	0.38017475605010986	0.5140162590938008	0.38017475605010986	252.2
easy:255003007	easy	A	A	True	True	False	0.7304621338844299	0.7304621338844299	0.11171370026487314	0.7304621338844299	363.9
none-narrower:783705006	none-narrower	none	F	False	False		0.47495049238204956	0.43492811918258667	0.5463829878869616	0.47495049238204956	250.98
easy:726609005	easy	C	C	True	True	False	0.7857913374900818	0.7857913374900818	0.08289748144860101	0.7857913374900818	438.72
none-narrower:186679007	none-narrower	none	F	False	False		0.42581766843795776	0.3570783734321594	0.6117917449616257	0.42581766843795776	241.34
none-narrower:27507004	none-narrower	none	none	True	False		0.5906404256820679	0.5906404256820679	0.2459148891539999	0.5906404256820679	265.21
gold-removed:277568007	gold-removed	none	none	True	False		0.6380681395530701	0.6380681395530701	0.16040416809881955	0.6380681395530701	353.41
hard:238676008	hard	B	B	True	False	True	0.7056699991226196	0.7056699991226196	0.1474961202082053	0.7056699991226196	237.06
easy:19905009	easy	G	G	True	True	False	0.40696418285369873	0.40696418285369873	0.47609112606475246	0.40696418285369873	236.6
easy:404120006	easy	E	E	True	True	False	0.6439492106437683	0.6439492106437683	0.17507104743859728	0.6439492106437683	368.66
gold-removed:39390005	gold-removed	none	B	False	False		0.3024647831916809	0.3024647831916809	0.6157935720908586	0.3024647831916809	352.51
hard:722290008	hard	F	F	True	False	True	0.651701033115387	0.651701033115387	0.19538957212242092	0.651701033115387	344.54
retrieval-miss:59399004	retrieval-miss	none	H	False	False	True	0.47240835428237915	0.4326009452342987	0.5465509526093474	0.47240835428237915	246.95
retrieval-miss:4855003	retrieval-miss	none	none	True	False	True	0.4325431287288666	0.4325431287288666	0.48815382436228816	0.4325431287288666	243.32
easy:399463004	easy	H	none	False	True	True	0.45968490839004517	0.35299625992774963	0.640596466521858	0.45968490839004517	261.18
hard:230595006	hard	C	C	True	True	False	0.5419754981994629	0.5419754981994629	0.35633048255354494	0.5419754981994629	198.92
retrieval-miss:10177005	retrieval-miss	none	none	True	False	True	0.4924570620059967	0.4924570620059967	0.3870704044853791	0.4924570620059967	263.22
hard:398963001	hard	G	B	False	False	True	0.32117488980293274	0.29411113262176514	0.6895421458557658	0.32117488980293274	243.01
retrieval-miss:717812000	retrieval-miss	none	none	True	False	True	0.5591576099395752	0.5591576099395752	0.26292350930467784	0.5591576099395752	246.53
none-narrower:783558004	none-narrower	none	A	False	False		0.7043131589889526	0.24490830302238464	1.0666442072515907	0.7043131589889526	426.78
none-narrower:721677005	none-narrower	none	none	True	False		0.5190461277961731	0.5190461277961731	0.29091299337810617	0.5190461277961731	263.64
none-narrower:372024009	none-narrower	none	H	False	False		0.41082698106765747	0.34450763463974	0.6286434356449023	0.41082698106765747	348.51
hard:86203003	hard	B	B	True	True	False	0.4147351086139679	0.4147351086139679	0.44168564232287005	0.4147351086139679	233.97
none-narrower:268654005	none-narrower	none	none	True	False		0.5135365724563599	0.5135365724563599	0.33647144760676584	0.5135365724563599	249.88
none-narrower:66265004	none-narrower	none	F	False	False		0.5001994967460632	0.384107768535614	0.6327843232175854	0.5001994967460632	257.14
easy:89655007	easy	F	none	False	False	True	0.3328001797199249	0.04024016857147217	1.1684645965722738	0.3328001797199249	344.55
hard:28656008	hard	D	D	True	False	True	0.6742350459098816	0.6742350459098816	0.18464244202240576	0.6742350459098816	246.1
hard:442551007	hard	A	A	True	True	False	0.5455588698387146	0.5455588698387146	0.3317941379540264	0.5455588698387146	194.21
easy:764997000	easy	G	G	True	True	False	0.7322381138801575	0.7322381138801575	0.11775483756801103	0.7322381138801575	719.18
retrieval-miss:763669001	retrieval-miss	none	none	True	False	True	0.43515774607658386	0.43515774607658386	0.4669937701129637	0.43515774607658386	348.26
none-narrower:1196912004	none-narrower	none	none	True	False		0.5953621864318848	0.5953621864318848	0.1960067836064302	0.5953621864318848	341.87
none-narrower:1237346001	none-narrower	none	B	False	False		0.332337349653244	0.2786879539489746	0.7418372344908396	0.332337349653244	355.11
hard:118600007	hard	F	none	False	True	False	0.5992557406425476	0.12287682294845581	1.142805174002802	0.5992557406425476	255.41
hard:400142003	hard	A	A	True	True	False	0.4111112654209137	0.4111112654209137	0.5179122819430138	0.4111112654209137	260.16
hard:48718006	hard	D	none	False	True	False	0.48005491495132446	0.33757534623146057	0.6767415167470641	0.48005491495132446	350.41
easy:715748006	easy	D	D	True	True	False	0.7610117197036743	0.7610117197036743	0.09868763476151476	0.7610117197036743	345.87
retrieval-miss:58437007	retrieval-miss	none	none	True	False	True	0.4770604968070984	0.4770604968070984	0.32792278821136167	0.4770604968070984	360.15
hard:449096009	hard	F	F	True	True	True	0.4861396551132202	0.4861396551132202	0.3712556265269574	0.4861396551132202	240.47
easy:718607001	easy	E	E	True	True	False	0.7633277177810669	0.7633277177810669	0.08161142210298	0.7633277177810669	428.09
hard:79830009	hard	E	E	True	True	False	0.5425884127616882	0.5425884127616882	0.27586680576046296	0.5425884127616882	239.57
easy:698290008	easy	H	H	True	True	False	0.5325171947479248	0.5325171947479248	0.33957672159223246	0.5325171947479248	342.9
none-narrower:65528008	none-narrower	none	F	False	False		0.7008600831031799	0.22317160665988922	1.0958633122844557	0.7008600831031799	245.65
easy:721014007	easy	D	D	True	True	False	0.7497641444206238	0.7497641444206238	0.11056366410949124	0.7497641444206238	360.33
gold-removed:253904001	gold-removed	none	B	False	False		0.42632240056991577	0.3273769021034241	0.6552895393969278	0.42632240056991577	332.09
easy:392662004	easy	B	B	True	True	False	0.4194651246070862	0.4194651246070862	0.48549334649399806	0.4194651246070862	350.3
none-narrower:29736007	none-narrower	none	F	False	False		0.33421915769577026	0.3060562312602997	0.6286252094444345	0.33421915769577026	249.29
hard:22784002	hard	B	B	True	True	False	0.5388980507850647	0.5388980507850647	0.33585244455176777	0.5388980507850647	357.28
hard:715397000	hard	E	E	True	True	False	0.7976098656654358	0.7976098656654358	0.06797854563859272	0.7976098656654358	252.16
hard:238874008	hard	A	A	True	True	True	0.6367287039756775	0.6367287039756775	0.19503985170090227	0.6367287039756775	239.86
easy:239069005	easy	H	H	True	True	False	0.6558420658111572	0.6558420658111572	0.20702727034341395	0.6558420658111572	343.75
hard:268240006	hard	H	H	True	True	False	0.40137210488319397	0.40137210488319397	0.5430853748500355	0.40137210488319397	253.41
retrieval-miss:715338007	retrieval-miss	none	none	True	False	True	0.6994103193283081	0.6994103193283081	0.1074263801579112	0.6994103193283081	341.89
easy:32620007	easy	E	E	True	True	False	0.8022859692573547	0.8022859692573547	0.05871397766666093	0.8022859692573547	332.15
gold-removed:238078005	gold-removed	none	none	True	False		0.4846232831478119	0.4846232831478119	0.3559881369565341	0.4846232831478119	347.45
none-narrower:698836007	none-narrower	none	none	True	False		0.5270848274230957	0.5270848274230957	0.28396803484817373	0.5270848274230957	253.03
easy:79674009	easy	H	H	True	True	False	0.7207086682319641	0.7207086682319641	0.13108256537118707	0.7207086682319641	360.31
none-narrower:724784006	none-narrower	none	E	False	False		0.6921370029449463	0.22039438784122467	1.088421238839028	0.6921370029449463	253.64
hard:128468007	hard	G	B	False	False	True	0.35164496302604675	0.15923283994197845	0.9598857216167919	0.35164496302604675	232.11
retrieval-miss:230499002	retrieval-miss	none	A	False	False	True	0.36283963918685913	0.36283963918685913	0.571659670781056	0.36283963918685913	241.32
hard:725408001	hard	C	C	True	True	False	0.5319440960884094	0.5319440960884094	0.36110541231007864	0.5319440960884094	248.43
hard:445257004	hard	C	C	True	True	False	0.4969462752342224	0.4969462752342224	0.4011782081471296	0.4969462752342224	229.91
none-narrower:102361000119104	none-narrower	none	A	False	False		0.4631577730178833	0.25010231137275696	0.8396695191695666	0.4631577730178833	349.59
hard:707435002	hard	B	B	True	True	False	0.6002910733222961	0.6002910733222961	0.21929103430567676	0.6002910733222961	339.86
gold-removed:763458005	gold-removed	none	C	False	False		0.6933714747428894	0.24110403656959534	1.0574596956071174	0.6933714747428894	424.55
hard:715427008	hard	G	G	True	True	True	0.8426921963691711	0.8426921963691711	0.034861040262216966	0.8426921963691711	348.12
hard:187722004	hard	D	D	True	True	False	0.4394068121910095	0.4394068121910095	0.5100396338562264	0.4394068121910095	337.01
retrieval-miss:17234001	retrieval-miss	none	none	True	False	True	0.5151998996734619	0.5151998996734619	0.39298850735569807	0.5151998996734619	254.1
easy:733068001	easy	G	G	True	True	True	0.6269559860229492	0.6269559860229492	0.21079049693306307	0.6269559860229492	247.38
easy:609581006	easy	A	A	True	True	True	0.5956884026527405	0.5956884026527405	0.23250173588888648	0.5956884026527405	277.34
retrieval-miss:111395007	retrieval-miss	none	G	False	False	True	0.4056212604045868	0.37144166231155396	0.5702756393795801	0.4056212604045868	227.81
hard:58833000	hard	H	H	True	True	True	0.5156542062759399	0.5156542062759399	0.32714176283978835	0.5156542062759399	350.29
gold-removed:58459009	gold-removed	none	none	True	False		0.7282364368438721	0.7282364368438721	0.08479868222103186	0.7282364368438721	235.34
gold-removed:254102008	gold-removed	none	D	False	False		0.5305753946304321	0.3128720819950104	0.7590751311931762	0.5305753946304321	355.5
hard:720344007	hard	A	none	False	True	True	0.34358277916908264	0.3146308362483978	0.6281431607926039	0.34358277916908264	340.62
easy:416960004	easy	G	F	False	False	True	0.4605601131916046	0.005646496079862118	1.3553183848274046	0.4605601131916046	350.14
hard:428174001	hard	H	H	True	True	False	0.4955398142337799	0.4955398142337799	0.42842749973239175	0.4955398142337799	342.6
hard:92405007	hard	A	none	False	True	True	0.35854387283325195	0.23088259994983673	0.8005205670926017	0.35854387283325195	333.05
hard:715395008	hard	C	none	False	True	True	0.37080851197242737	0.23878033459186554	0.8148929052341967	0.37080851197242737	255.02
gold-removed:95691008	gold-removed	none	none	True	False		0.5192564725875854	0.5192564725875854	0.29565936106047774	0.5192564725875854	232.8
easy:719069008	easy	G	G	True	True	True	0.6509926915168762	0.6509926915168762	0.17301745117971437	0.6509926915168762	353.37
retrieval-miss:471885006	retrieval-miss	none	none	True	False	True	0.4132385551929474	0.4132385551929474	0.47952585422815674	0.4132385551929474	339.13
none-narrower:1260130005	none-narrower	none	E	False	False		0.6551183462142944	0.29665279388427734	0.9242565570141832	0.6551183462142944	348.42
retrieval-miss:302872003	retrieval-miss	none	none	True	False	True	0.5870247483253479	0.5870247483253479	0.24631403563798238	0.5870247483253479	232.85
none-narrower:74202002	none-narrower	none	none	True	False		0.5703988671302795	0.5703988671302795	0.235232827548672	0.5703988671302795	228.35
none-narrower:82069007	none-narrower	none	none	True	False		0.4542945921421051	0.4542945921421051	0.37656049693254834	0.4542945921421051	239.32
hard:85478004	hard	B	none	False	True	False	0.499409943819046	0.22614441812038422	0.8760417565178041	0.499409943819046	235.45
hard:721231007	hard	C	C	True	True	False	0.6950340867042542	0.6950340867042542	0.1631566343516446	0.6950340867042542	335.08
hard:266578003	hard	D	D	True	True	False	0.6703984141349792	0.6703984141349792	0.18636634489712983	0.6703984141349792	228.71
easy:704166007	easy	G	none	False	False	True	0.6439316868782043	0.0385013110935688	1.3605711154559952	0.6439316868782043	332.11
hard:205647005	hard	A	none	False	False	True	0.4475765526294708	0.22132275998592377	0.8902184178136898	0.4475765526294708	348.69
gold-removed:707510005	gold-removed	none	H	False	False		0.4155806601047516	0.4155806601047516	0.5189865086971825	0.4155806601047516	343.57
gold-removed:10347006	gold-removed	none	none	True	False		0.6542587280273438	0.6542587280273438	0.14835734469666456	0.6542587280273438	333.36
hard:55379003	hard	E	E	True	True	False	0.7927246689796448	0.7927246689796448	0.065885363802092	0.7927246689796448	198.96
hard:400166009	hard	A	A	True	True	False	0.5179744362831116	0.5179744362831116	0.3251943167925989	0.5179744362831116	342.14
easy:3135009	easy	C	C	True	True	False	0.4423891007900238	0.4423891007900238	0.45818604641120736	0.4423891007900238	238.47
easy:27201004	easy	B	C	False	True	False	0.3785220682621002	0.10107383877038956	1.1011904990628856	0.3785220682621002	338.67
retrieval-miss:73465006	retrieval-miss	none	none	True	False	True	0.6688123941421509	0.6688123941421509	0.15745758546248406	0.6688123941421509	341.52
easy:238032002	easy	G	G	True	True	False	0.45787155628204346	0.45787155628204346	0.40729394152698795	0.45787155628204346	228.1
hard:16872008	hard	E	E	True	True	True	0.4928608536720276	0.4928608536720276	0.3437196923715101	0.4928608536720276	254.28
easy:403760006	easy	H	none	False	True	False	0.6094083189964294	0.021486366167664528	1.3792967350416105	0.6094083189964294	339.6
hard:762295002	hard	D	D	True	True	True	0.32351383566856384	0.32351383566856384	0.5959521669626863	0.32351383566856384	228.04
easy:68067009	easy	F	F	True	False	True	0.6939806342124939	0.6939806342124939	0.13044584719968094	0.6939806342124939	349.12
gold-removed:86489003	gold-removed	none	none	True	False		0.4560519754886627	0.4560519754886627	0.40211375362451474	0.4560519754886627	235.73
gold-removed:720565000	gold-removed	none	none	True	False		0.4467634856700897	0.4467634856700897	0.3892693481614623	0.4467634856700897	351.37
retrieval-miss:75875004	retrieval-miss	none	none	True	False	True	0.6171122789382935	0.6171122789382935	0.20683162555042772	0.6171122789382935	336.56
none-narrower:192631000	none-narrower	none	none	True	False		0.4956851005554199	0.4956851005554199	0.3670610626998702	0.4956851005554199	254.21
easy:719981005	easy	E	E	True	True	False	0.8144306540489197	0.8144306540489197	0.05139925972912676	0.8144306540489197	407.08
hard:80960004	hard	D	D	True	True	False	0.4724627435207367	0.4724627435207367	0.4007137698107328	0.4724627435207367	231.51
hard:74469006	hard	D	none	False	False	True	0.4089464843273163	0.07031748443841934	1.1406526323727815	0.4089464843273163	241.47
retrieval-miss:66576001	retrieval-miss	none	none	True	False	True	0.6843762993812561	0.6843762993812561	0.12107859560309144	0.6843762993812561	347.44
easy:1271009	easy	B	B	True	True	False	0.470379501581192	0.470379501581192	0.4169252067685638	0.470379501581192	344.14
hard:73757007	hard	C	C	True	True	False	0.5073218941688538	0.5073218941688538	0.3756255741155116	0.5073218941688538	244.4
easy:68409003	easy	C	none	False	False	True	0.42155054211616516	0.29643499851226807	0.7172939989493575	0.42155054211616516	347.27
easy:238021002	easy	B	B	True	False	True	0.3222353756427765	0.3222353756427765	0.5683018994788394	0.3222353756427765	244.73
easy:443439001	easy	F	none	False	True	True	0.5741475224494934	0.15331034362316132	1.0631241817112325	0.5741475224494934	349.15
hard:254131007	hard	H	H	True	True	False	0.7777289152145386	0.7777289152145386	0.08572791628297666	0.7777289152145386	342.88
none-narrower:342291000119102	none-narrower	none	none	True	False		0.3754788637161255	0.3754788637161255	0.5308659786930789	0.3754788637161255	350.4
hard:5217008	hard	E	E	True	True	False	0.5539299845695496	0.5539299845695496	0.29251463764176155	0.5539299845695496	248.9
easy:238007004	easy	F	none	False	False	True	0.3897319734096527	0.16160865128040314	0.9847771125254814	0.3897319734096527	353.95
retrieval-miss:716871006	retrieval-miss	none	C	False	False	True	0.43272653222084045	0.43272653222084045	0.5136369423967074	0.43272653222084045	344.94
gold-removed:419237004	gold-removed	none	none	True	False		0.620898962020874	0.620898962020874	0.1775096398407921	0.620898962020874	243.8
hard:716653001	hard	E	E	True	True	False	0.7350887656211853	0.7350887656211853	0.09584148975342838	0.7350887656211853	350.55
gold-removed:609578001	gold-removed	none	none	True	False		0.3828989565372467	0.3828989565372467	0.47057460040296406	0.3828989565372467	345.08
gold-removed:1899006	gold-removed	none	none	True	False		0.44053077697753906	0.44053077697753906	0.36821776013688273	0.44053077697753906	237.92
hard:416769008	hard	D	D	True	True	True	0.6096728444099426	0.6096728444099426	0.24450813861293796	0.6096728444099426	341.94
easy:363468009	easy	A	B	False	False	True	0.5339226126670837	0.03486131504178047	1.3580766254953218	0.5339226126670837	333.52
hard:402601007	hard	C	C	True	False	True	0.34663259983062744	0.34663259983062744	0.6125587754242776	0.34663259983062744	254.84
retrieval-miss:419193008	retrieval-miss	none	none	True	False	True	0.5679430961608887	0.5679430961608887	0.26986004827259646	0.5679430961608887	189.94
gold-removed:722034006	gold-removed	none	none	True	False		0.4920809268951416	0.4920809268951416	0.38357444717738615	0.4920809268951416	253.24
easy:91968002	easy	B	B	True	True	True	0.38320618867874146	0.38320618867874146	0.5635918715923796	0.38320618867874146	233.73
easy:85769006	easy	B	B	True	False	True	0.693753182888031	0.693753182888031	0.16364102897103544	0.693753182888031	241.56
retrieval-miss:359814004	retrieval-miss	none	none	True	False	True	0.5642543435096741	0.5642543435096741	0.25371913616586783	0.5642543435096741	248.41
hard:253020008	hard	G	none	False	False	True	0.43856966495513916	0.1396518498659134	0.9749073427814691	0.43856966495513916	244.1
hard:188241004	hard	E	E	True	True	False	0.6414788961410522	0.6414788961410522	0.1902965616340027	0.6414788961410522	220.42
hard:3944006	hard	H	none	False	True	True	0.49187225103378296	0.020680805668234825	1.3722396675426431	0.49187225103378296	343.81
none-narrower:1186858000	none-narrower	none	A	False	False		0.40251028537750244	0.259194552898407	0.7915531390042782	0.40251028537750244	231.52
easy:72815004	easy	B	none	False	False	True	0.3976592421531677	0.3641505539417267	0.5781421523221518	0.3976592421531677	198.8
none-narrower:55637002	none-narrower	none	none	True	False		0.4970836043357849	0.4970836043357849	0.3217581974980573	0.4970836043357849	246.55
retrieval-miss:239869009	retrieval-miss	none	F	False	False	True	0.3826902210712433	0.35044291615486145	0.6063094706809359	0.3826902210712433	231.24
hard:25044007	hard	A	A	True	True	False	0.423340380191803	0.423340380191803	0.49487518250203816	0.423340380191803	255.64
gold-removed:190745006	gold-removed	none	none	True	False		0.34603941440582275	0.34603941440582275	0.5748603407847124	0.34603941440582275	233.3
gold-removed:126908007	gold-removed	none	none	True	False		0.4071660041809082	0.4071660041809082	0.46881920381406716	0.4071660041809082	334.22
none-narrower:86333008	none-narrower	none	E	False	False		0.6015043258666992	0.19153422117233276	1.0416087364032671	0.6015043258666992	252.4
hard:726341009	hard	A	B	False	True	False	0.483040452003479	0.05348476022481918	1.2215045355292984	0.483040452003479	252.15
gold-removed:719827008	gold-removed	none	none	True	False		0.486194372177124	0.486194372177124	0.33812927635537465	0.486194372177124	351.49
easy:9245008	easy	H	H	True	True	False	0.6963346600532532	0.6963346600532532	0.16241221448725787	0.6963346600532532	234.67
easy:237997005	easy	C	C	True	True	False	0.5517808794975281	0.5517808794975281	0.28447477938049737	0.5517808794975281	333.34
easy:253366007	easy	C	none	False	True	True	0.42317986488342285	0.32496368885040283	0.6541051188139377	0.42317986488342285	239.54
easy:302226006	easy	E	E	True	False	True	0.3812633454799652	0.3812633454799652	0.5366093766312301	0.3812633454799652	235.4
hard:95462004	hard	E	none	False	True	True	0.4122824966907501	0.1709594428539276	0.9179178699113283	0.4122824966907501	231.11
gold-removed:733492003	gold-removed	none	B	False	False		0.5575941205024719	0.35906073451042175	0.7230708371684946	0.5575941205024719	332.5
gold-removed:302954008	gold-removed	none	none	True	False		0.6244863271713257	0.6244863271713257	0.18110409096961988	0.6244863271713257	251.22
retrieval-miss:8829008	retrieval-miss	none	F	False	False	True	0.46798089146614075	0.392435222864151	0.5919813725157588	0.46798089146614075	338.25
none-narrower:193436005	none-narrower	none	none	True	False		0.4435409903526306	0.4435409903526306	0.4032502905635872	0.4435409903526306	205.26
hard:125603006	hard	H	H	True	True	False	0.6512708067893982	0.6512708067893982	0.19568321038115005	0.6512708067893982	194.69
hard:280816001	hard	F	E	False	False	True	0.6569480895996094	0.03596962243318558	1.4142978414115364	0.6569480895996094	349.31
hard:363427000	hard	D	none	False	True	True	0.3459397554397583	0.2227662354707718	0.7718608952365089	0.3459397554397583	245.89
none-narrower:253147000	none-narrower	none	none	True	False		0.4106205403804779	0.4106205403804779	0.46463054777148116	0.4106205403804779	345.29
easy:720750004	easy	G	G	True	True	False	0.8071650266647339	0.8071650266647339	0.06470711538405513	0.8071650266647339	344.9
easy:84706005	easy	C	C	True	False	True	0.7615301012992859	0.7615301012992859	0.10621968981438645	0.7615301012992859	227.15
hard:766705006	hard	D	D	True	False	True	0.7498992681503296	0.7498992681503296	0.11051256870613331	0.7498992681503296	346.92
hard:302820008	hard	D	C	False	False	True	0.5841807126998901	0.015816515311598778	1.4293710554569015	0.5841807126998901	337.77
none-narrower:402811003	none-narrower	none	none	True	False		0.42900151014328003	0.42900151014328003	0.41419673352766406	0.42900151014328003	251.58
hard:717943008	hard	D	D	True	True	True	0.7379486560821533	0.7379486560821533	0.12402744628428557	0.7379486560821533	337.93
easy:237913008	easy	A	A	True	True	False	0.7533992528915405	0.7533992528915405	0.09542882306549261	0.7533992528915405	236.78
none-narrower:237622006	none-narrower	none	none	True	False		0.4321760833263397	0.4321760833263397	0.43673241498313836	0.4321760833263397	245.67
none-narrower:1287336004	none-narrower	none	B	False	False		0.6276568174362183	0.28421756625175476	0.9093658699601499	0.6276568174362183	343.82
easy:62201009	easy	C	C	True	False	True	0.5609139204025269	0.5609139204025269	0.3248227246683252	0.5609139204025269	338.56
gold-removed:62005008	gold-removed	none	B	False	False		0.6703633069992065	0.27797695994377136	0.9712525921353721	0.6703633069992065	228.51
retrieval-miss:15566009	retrieval-miss	none	none	True	False	True	0.4732831120491028	0.4732831120491028	0.3618504797976564	0.4732831120491028	252.73
none-narrower:193185007	none-narrower	none	E	False	False		0.5402552485466003	0.29173508286476135	0.8013185631033515	0.5402552485466003	233.1
retrieval-miss:274102007	retrieval-miss	none	B	False	False	True	0.495033860206604	0.34810855984687805	0.6809795155811478	0.495033860206604	226.15
none-narrower:609600000	none-narrower	none	F	False	False		0.42481470108032227	0.2735579013824463	0.7714374300735108	0.42481470108032227	236.93
gold-removed:698250005	gold-removed	none	F	False	False		0.4377762973308563	0.36710652709007263	0.6031176849853388	0.4377762973308563	232.21
hard:702809001	hard	H	H	True	True	False	0.7485643029212952	0.7485643029212952	0.10371166414446172	0.7485643029212952	334.72
hard:77090002	hard	E	E	True	True	False	0.4819241464138031	0.4819241464138031	0.4107586541200316	0.4819241464138031	195.51
retrieval-miss:147101000119108	retrieval-miss	none	none	True	False	True	0.5217925906181335	0.5217925906181335	0.2997546748989621	0.5217925906181335	245.01
retrieval-miss:277589003	retrieval-miss	none	none	True	False	True	0.3219023048877716	0.3219023048877716	0.5992494772454288	0.3219023048877716	350.11
none-narrower:43742007	none-narrower	none	none	True	False		0.40292343497276306	0.40292343497276306	0.4583358799644075	0.40292343497276306	235.26
hard:54552008	hard	E	E	True	True	False	0.5929441452026367	0.5929441452026367	0.26968475212719917	0.5929441452026367	236.75
easy:2032001	easy	H	H	True	False	True	0.5037884712219238	0.5037884712219238	0.3991681411994382	0.5037884712219238	338.41
hard:205484001	hard	E	F	False	True	True	0.3077360689640045	0.18146681785583496	0.873316182028167	0.3077360689640045	344.66
retrieval-miss:238824006	retrieval-miss	none	none	True	False	True	0.4646506607532501	0.4646506607532501	0.3649746878649298	0.4646506607532501	231.68
hard:15628003	hard	D	D	True	True	False	0.31239232420921326	0.31239232420921326	0.6095122836454773	0.31239232420921326	344.43
gold-removed:240453002	gold-removed	none	none	True	False		0.5558061003684998	0.5558061003684998	0.326944886782595	0.5558061003684998	246.09
none-narrower:342451000119108	none-narrower	none	C	False	False		0.3400358259677887	0.28514420986175537	0.7424833008714246	0.3400358259677887	332.45
none-narrower:298150009	none-narrower	none	D	False	False		0.34879136085510254	0.34879136085510254	0.5908092209089155	0.34879136085510254	344.93
hard:402355000	hard	H	H	True	False	True	0.6583421230316162	0.6583421230316162	0.19216338147793693	0.6583421230316162	248.51
easy:24867002	easy	E	none	False	False	True	0.40875348448753357	0.130157470703125	0.9839845714005099	0.40875348448753357	255.5
hard:234405009	hard	A	A	True	True	False	0.5901356935501099	0.5901356935501099	0.25652746176515756	0.5901356935501099	342.78
retrieval-miss:58729003	retrieval-miss	none	A	False	False	True	0.5425817966461182	0.3815443813800812	0.6780274577828949	0.5425817966461182	226.95
gold-removed:16059006	gold-removed	none	none	True	False		0.6602271199226379	0.6602271199226379	0.13856268329138818	0.6602271199226379	349.62
retrieval-miss:55711009	retrieval-miss	none	C	False	False	True	0.48798394203186035	0.22097046673297882	0.8947340691078339	0.48798394203186035	342.05
easy:42786005	easy	E	E	True	False	True	0.6982924342155457	0.6982924342155457	0.12895636466314064	0.6982924342155457	349.74
none-narrower:29320008	none-narrower	none	none	True	False		0.493390828371048	0.493390828371048	0.33345468525019134	0.493390828371048	338.47
hard:40272001	hard	H	H	True	False	True	0.5257865786552429	0.5257865786552429	0.3069760028864831	0.5257865786552429	226.99
gold-removed:389214003	gold-removed	none	none	True	False		0.8487177491188049	0.8487177491188049	0.02797772388302766	0.8487177491188049	350.8
retrieval-miss:367649002	retrieval-miss	none	none	True	False	True	0.46066686511039734	0.46066686511039734	0.4069218151179405	0.46066686511039734	232.51
gold-removed:92241005	gold-removed	none	none	True	False		0.3318462371826172	0.3318462371826172	0.6178261919270802	0.3318462371826172	239.72
gold-removed:234440005	gold-removed	none	none	True	False		0.3871094584465027	0.3871094584465027	0.48804898840014266	0.3871094584465027	246.02
easy:1003375005	easy	B	none	False	True	False	0.47141292691230774	0.30356407165527344	0.7249598696143753	0.47141292691230774	265.76
none-narrower:323291000119108	none-narrower	none	H	False	False		0.4497126638889313	0.4118176996707916	0.5523902432924512	0.4497126638889313	234.11
none-narrower:126754006	none-narrower	none	none	True	False		0.43128034472465515	0.43128034472465515	0.48679550824383605	0.43128034472465515	342.36
easy:699315005	easy	A	A	True	True	True	0.6637723445892334	0.6637723445892334	0.1560822405263273	0.6637723445892334	236.22
easy:3951002	easy	A	A	True	False	True	0.49082204699516296	0.49082204699516296	0.3508329872044196	0.49082204699516296	197.68
gold-removed:28835009	gold-removed	none	none	True	False		0.4113057851791382	0.4113057851791382	0.4601744512782333	0.4113057851791382	246.01
retrieval-miss:193687000	retrieval-miss	none	D	False	False	True	0.39707574248313904	0.2792237401008606	0.7436187593012629	0.39707574248313904	343.4
easy:233815004	easy	D	D	True	False	True	0.7283717393875122	0.7283717393875122	0.12792856821918197	0.7283717393875122	235.36
none-narrower:370481004	none-narrower	none	none	True	False		0.39061737060546875	0.39061737060546875	0.45689815308557247	0.39061737060546875	239.55
none-narrower:109630002	none-narrower	none	none	True	False		0.471025288105011	0.471025288105011	0.43935472570931405	0.471025288105011	239.46
gold-removed:238926009	gold-removed	none	D	False	False		0.35177943110466003	0.35177943110466003	0.5887702884634083	0.35177943110466003	363.88
hard:418763003	hard	B	B	True	True	False	0.6330801248550415	0.6330801248550415	0.23307792576741143	0.6330801248550415	338.79
hard:254771006	hard	H	H	True	True	False	0.5603268146514893	0.5603268146514893	0.27440297892700827	0.5603268146514893	342.4
easy:254831005	easy	B	B	True	True	False	0.5596120953559875	0.5596120953559875	0.2884598415463502	0.5596120953559875	339.27
hard:371979001	hard	G	none	False	True	True	0.3803919851779938	0.34833770990371704	0.5838848685248096	0.3803919851779938	226.4
hard:60232001	hard	E	E	True	True	False	0.5470902919769287	0.5470902919769287	0.331123445600499	0.5470902919769287	344.51
none-narrower:94695009	none-narrower	none	G	False	False		0.4437021017074585	0.2616437077522278	0.7718999135015355	0.4437021017074585	158.12
none-narrower:422061002	none-narrower	none	none	True	False		0.406541109085083	0.406541109085083	0.4916049947176886	0.406541109085083	180.84
retrieval-miss:65038009	retrieval-miss	none	none	True	False	True	0.43664416670799255	0.43664416670799255	0.4004991602588539	0.43664416670799255	192.88
hard:724072002	hard	H	H	True	False	True	0.6452628374099731	0.6452628374099731	0.211890180121574	0.6452628374099731	337.46
retrieval-miss:253031000	retrieval-miss	none	A	False	False	True	0.6288995146751404	0.18338289856910706	1.0862521179602045	0.6288995146751404	345.97
easy:711164003	easy	A	A	True	True	False	0.918117344379425	0.918117344379425	0.011032793275095185	0.918117344379425	344.57
easy:367542003	easy	E	none	False	True	False	0.47221583127975464	0.07435457408428192	1.1437497832009438	0.47221583127975464	335.14
easy:419645003	easy	A	A	True	True	True	0.3965047299861908	0.3965047299861908	0.514416723862365	0.3965047299861908	347.72
none-narrower:232402006	none-narrower	none	B	False	False		0.4897368848323822	0.3760734498500824	0.6345841716017426	0.4897368848323822	248.83
retrieval-miss:58263000	retrieval-miss	none	A	False	False	True	0.46538931131362915	0.3272618353366852	0.6820865218528281	0.46538931131362915	347.87
hard:230655004	hard	H	H	True	True	False	0.5707919001579285	0.5707919001579285	0.2841317184792119	0.5707919001579285	187.66
easy:721311006	easy	F	F	True	True	False	0.6273239850997925	0.6273239850997925	0.2041670662656877	0.6273239850997925	348.33
hard:766756002	hard	B	B	True	True	False	0.4413418173789978	0.4413418173789978	0.4487788313339739	0.4413418173789978	342.75
gold-removed:29248006	gold-removed	none	none	True	False		0.5778605937957764	0.5778605937957764	0.2152195531447157	0.5778605937957764	332.76
easy:82661006	easy	B	B	True	True	False	0.6131697297096252	0.6131697297096252	0.24414740818682346	0.6131697297096252	240.16
easy:10890000	easy	G	none	False	True	False	0.48021435737609863	0.2593127489089966	0.7947194386881287	0.48021435737609863	337.18
gold-removed:715442006	gold-removed	none	none	True	False		0.5740016102790833	0.5740016102790833	0.29750818530225054	0.5740016102790833	349.26
none-narrower:109347009	none-narrower	none	none	True	False		0.41448739171028137	0.41448739171028137	0.44301323817909494	0.41448739171028137	246.24
easy:92169007	easy	B	B	True	True	True	0.4642690420150757	0.4642690420150757	0.4031456677390634	0.4642690420150757	239.06
gold-removed:719660008	gold-removed	none	none	True	False		0.6015795469284058	0.6015795469284058	0.19004403932067698	0.6015795469284058	331.49
hard:118615008	hard	C	none	False	False	True	0.4183674454689026	0.2467048019170761	0.7820730711612421	0.4183674454689026	241.34
easy:95211004	easy	A	A	True	False	True	0.6598126292228699	0.6598126292228699	0.1727243405100442	0.6598126292228699	232.76
hard:404065000	hard	E	none	False	True	False	0.4437050223350525	0.31201404333114624	0.6879017879888346	0.4437050223350525	253.35
retrieval-miss:126550004	retrieval-miss	none	none	True	False	True	0.5606282949447632	0.5606282949447632	0.25471450399074735	0.5606282949447632	338.66
easy:29731002	easy	A	A	True	True	False	0.8158577680587769	0.8158577680587769	0.05395212752117555	0.8158577680587769	252.68
none-narrower:127104002	none-narrower	none	none	True	False		0.75960773229599	0.75960773229599	0.0713576014196437	0.75960773229599	340.28
hard:363425008	hard	B	B	True	True	True	0.3891424834728241	0.3891424834728241	0.5166632225527222	0.3891424834728241	343.63
hard:398670003	hard	D	D	True	True	True	0.6331246495246887	0.6331246495246887	0.21825403911613103	0.6331246495246887	338.3
none-narrower:12011009	none-narrower	none	none	True	False		0.47944504022598267	0.47944504022598267	0.3366711825018748	0.47944504022598267	228.12
easy:274142002	easy	G	F	False	False	True	0.3720831274986267	0.31201815605163574	0.6808794378856783	0.3720831274986267	229.19
hard:763279007	hard	F	F	True	True	True	0.7113440036773682	0.7113440036773682	0.13572680096642936	0.7113440036773682	347.34
retrieval-miss:254782003	retrieval-miss	none	none	True	False	True	0.47135210037231445	0.47135210037231445	0.34954046180687837	0.47135210037231445	341.3
hard:76976005	hard	G	none	False	True	False	0.5742299556732178	0.21804916858673096	0.9519841275002006	0.5742299556732178	227.57
none-narrower:60023006	none-narrower	none	none	True	False		0.45319056510925293	0.45319056510925293	0.4763195329641686	0.45319056510925293	252.93
hard:254976006	hard	B	B	True	True	False	0.41539162397384644	0.41539162397384644	0.4861540602126985	0.41539162397384644	338.15
none-narrower:126726004	none-narrower	none	none	True	False		0.4838497042655945	0.4838497042655945	0.33644948749191783	0.4838497042655945	331.89
gold-removed:25906001	gold-removed	none	none	True	False		0.5342491269111633	0.5342491269111633	0.26796202695779064	0.5342491269111633	241.44
none-narrower:78974003	none-narrower	none	none	True	False		0.40029340982437134	0.40029340982437134	0.4550444614509487	0.40029340982437134	245.9
