item_id	tier	truth	pred	hit	lex_hit	ambiguous	p_top	p_truth	brier	confidence	latency_ms
hard:253006001	hard	A	A	True	True		0.9957	0.9957	3.614999999999974e-05	0.9952	731.7
hard:363477002	hard	B	B	True	False		0.8081	0.8081	0.07248065999999999	0.7841	627.6
hard:445187004	hard	A	A	True	True		0.9834	0.9834	0.0005478099999999983	0.9814	590.3
easy:274947007	easy	A	A	True	True		0.9857	0.9857	0.00040897999999999944	0.9839	701.3
hard:268262006	hard	A	A	True	True		0.9858	0.9858	0.0003842899999999997	0.984	647.6
none-narrower:308123002	none-narrower	none	none	True	False		0.9919	0.9919	0.00010181999999999994	0.9909	522.5
easy:415238003	easy	A	A	True	True		0.994	0.994	6.968000000000005e-05	0.9933	572.4
easy:70272006	easy	A	A	True	True		0.9411	0.9411	0.006868269999999994	0.9337	439.6
easy:422437002	easy	A	A	True	True		0.9954	0.9954	4.232000000000045e-05	0.9948	715.4
easy:722117000	easy	A	A	True	True		0.9874	0.9874	0.0003175199999999986	0.9858	750.4
hard:254146000	hard	C	A	False	False		0.9381	0.0003	1.8832139600000002	0.9304	685.2
easy:397868007	easy	A	none	False	True		0.9476	0.0523	1.7960810500000002	0.9411	812.0
easy:238735005	easy	A	A	True	True		0.7278	0.7278	0.14476872999999998	0.6938	624.9
easy:722294004	easy	A	A	True	True		0.8573	0.8573	0.03711895000000001	0.8395	991.8
easy:303852004	easy	A	A	True	True		0.9883	0.9883	0.00027378000000000103	0.9869	691.0
easy:154283005	easy	A	A	True	True		0.9818	0.9818	0.0006552499999999998	0.9796	554.4
none-narrower:1259580000	none-narrower	none	none	True	False		0.8773	0.8773	0.029842370000000007	0.862	706.2
none-narrower:53933002	none-narrower	none	none	True	False		0.9924	0.9924	8.615000000000077e-05	0.9915	601.6
hard:237613005	hard	A	A	True	True		0.9539	0.9539	0.004250420000000003	0.9481	739.2
retrieval-miss:26715006	retrieval-miss	none	none	True	False		0.983	0.983	0.0004340000000000005	0.9808	543.1
easy:717772000	easy	A	A	True	True		0.9943	0.9943	6.498000000000044e-05	0.9935	815.4
hard:232016005	hard	A	A	True	True		0.937	0.937	0.007925409999999994	0.9291	680.0
none-narrower:1268955002	none-narrower	none	A	False	False		0.7012	0.2987	0.98350314	0.6639	654.2
hard:448227009	hard	A	none	False	True		0.945	0.0168	1.86017454	0.9381	737.4
hard:698851003	hard	D	none	False	False		0.9921	0.0068	1.97070904	0.9911	871.8
hard:703388005	hard	A	A	True	True		0.9908	0.9908	0.00016927999999999973	0.9896	817.8
easy:720401009	easy	A	A	True	True		0.9464	0.9464	0.0057352199999999975	0.9397	882.9
easy:15228007	easy	A	A	True	True		0.9272	0.9272	0.010599679999999997	0.9181	749.7
easy:297232009	easy	A	A	True	True		0.9682	0.9682	0.0019972500000000034	0.9642	861.4
easy:230782004	easy	A	A	True	True		0.6701	0.6701	0.21524425999999997	0.6289	898.4
easy:92439006	easy	A	A	True	True		0.9796	0.9796	0.0008282599999999988	0.977	659.7
easy:193839007	easy	A	A	True	True		0.9823	0.9823	0.0004671100000000017	0.9801	804.5
easy:197601003	easy	A	none	False	True		0.6033	0.3923	0.7332759099999999	0.5537	635.7
none-narrower:203245006	none-narrower	none	none	True	False		0.9981	0.9981	5.420000000000048e-06	0.9978	653.4
easy:764854006	easy	A	A	True	True		0.9903	0.9903	0.00018625000000000081	0.9891	651.1
none-narrower:1142265002	none-narrower	none	none	True	False		0.9989	0.9989	1.7499999999999777e-06	0.9988	591.3
easy:717360009	easy	A	A	True	True		0.9978	0.9978	9.67999999999991e-06	0.9975	724.6
hard:190808009	hard	A	A	True	True		0.9471	0.9471	0.005586249999999994	0.9405	781.0
none-narrower:1177030007	none-narrower	none	none	True	False		0.9757	0.9757	0.0009495799999999993	0.9727	629.3
retrieval-miss:82639001	retrieval-miss	none	A	False	False		0.8558	0.1441	1.46495845	0.8378	711.3
hard:86489003	hard	A	A	True	True		0.9369	0.9369	0.007938060000000005	0.9291	709.5
hard:448045004	hard	A	A	True	True		0.9717	0.9717	0.0016017799999999995	0.9682	665.8
hard:719017003	hard	A	A	True	True		0.9789	0.9789	0.0008904300000000003	0.9762	745.4
easy:722201004	easy	A	A	True	True		0.9976	0.9976	1.1519999999999797e-05	0.9973	764.0
easy:78267003	easy	A	none	False	True		0.8588	0.1398	1.47748254	0.8411	552.3
easy:119422004	easy	A	A	True	True		0.9361	0.9361	0.007194619999999994	0.9281	677.1
easy:297238008	easy	A	none	False	True		0.8199	0.1636	1.37193562	0.7974	814.8
none-narrower:1162315003	none-narrower	none	none	True	False		0.9838	0.9838	0.0004289399999999997	0.9817	649.5
easy:439732004	easy	A	A	True	True		0.6476	0.6476	0.24192376000000004	0.6036	682.6
hard:275437005	hard	B	none	False	False		0.9307	0.0495	1.77002532	0.922	616.1
none-narrower:280967004	none-narrower	none	none	True	False		0.9987	0.9987	2.3199999999999164e-06	0.9986	661.4
easy:89141000	easy	A	A	True	True		0.995	0.995	4.901000000000005e-05	0.9944	660.0
none-narrower:26681001	none-narrower	none	none	True	False		0.9939	0.9939	5.354999999999993e-05	0.9932	648.5
retrieval-miss:265377002	retrieval-miss	none	none	True	False		0.9993	0.9993	6.000000000000475e-07	0.9992	669.9
easy:82275008	easy	A	A	True	True		0.9508	0.9508	0.0047352600000000016	0.9446	788.4
hard:46683007	hard	A	none	False	True		0.6469	0.3513	0.8392936300000001	0.6027	880.5
none-narrower:323321000119100	none-narrower	none	none	True	False		0.985	0.985	0.00043272000000000037	0.9831	649.2
none-narrower:190979003	none-narrower	none	A	False	False		0.9808	0.0189	1.92452589	0.9784	749.3
easy:738527001	easy	D	D	True	False		0.9306	0.9306	0.009375540000000002	0.9219	1115.1
easy:724095006	easy	A	A	True	True		0.9769	0.9769	0.0010626200000000004	0.974	712.0
easy:719009006	easy	A	A	True	True		0.9862	0.9862	0.00037544000000000097	0.9845	736.0
none-narrower:71799002	none-narrower	none	none	True	False		0.9899	0.9899	0.00014965999999999997	0.9886	709.1
none-narrower:17960009	none-narrower	none	none	True	False		0.9991	0.9991	1.4600000000000216e-06	0.999	743.8
easy:448709005	easy	A	A	True	True		0.9406	0.9406	0.006735690000000001	0.9332	740.6
easy:2593002	easy	A	A	True	True		0.9835	0.9835	0.0005444999999999988	0.9814	664.7
none-narrower:197342009	none-narrower	none	none	True	False		0.9866	0.9866	0.00025068999999999916	0.985	613.3
hard:725464001	hard	A	A	True	True		0.9549	0.9549	0.004068020000000003	0.9492	877.6
easy:63302006	easy	A	A	True	True		0.9083	0.9083	0.01678123	0.8968	608.4
hard:52868006	hard	A	A	True	True		0.8888	0.8888	0.024642139999999993	0.8749	691.2
easy:448668007	easy	A	A	True	True		0.743	0.743	0.132098	0.7108	570.6
retrieval-miss:254185007	retrieval-miss	none	none	True	False		0.9843	0.9843	0.0003151100000000015	0.9824	899.6
hard:70422006	hard	A	A	True	True		0.993	0.993	9.800000000000009e-05	0.9921	652.2
easy:399956005	easy	A	A	True	True		0.9604	0.9604	0.003043729999999997	0.9554	704.6
hard:26132002	hard	A	A	True	True		0.9637	0.9637	0.00230166	0.9591	774.7
none-narrower:234503004	none-narrower	none	none	True	False		0.9974	0.9974	9.890000000000242e-06	0.9971	580.3
easy:109558001	easy	D	none	False	False		0.9781	0.0158	1.9253560699999999	0.9754	622.9
retrieval-miss:59252009	retrieval-miss	none	A	False	False		0.9893	0.0107	1.95742899	0.988	829.8
easy:30800001	easy	A	A	True	True		0.964	0.964	0.0025920000000000023	0.9594	776.1
retrieval-miss:195029002	retrieval-miss	none	none	True	False		0.9985	0.9985	3.1099999999998372e-06	0.9984	733.7
none-narrower:196754001	none-narrower	none	none	True	False		0.9997	0.9997	1.1999999999998016e-07	0.9997	515.3
easy:238001003	easy	A	none	False	True		0.9234	0.015	1.82643494	0.9139	811.3
easy:200973000	easy	A	A	True	True		0.9473	0.9473	0.005440309999999997	0.9407	646.6
easy:403946000	easy	A	A	True	True		0.9764	0.9764	0.0011139199999999978	0.9734	758.4
easy:91514001	easy	A	A	True	True		0.9345	0.9345	0.00855435	0.9263	478.1
none-narrower:95039009	none-narrower	none	none	True	False		0.9984	0.9984	3.3100000000001466e-06	0.9982	635.2
none-narrower:1148523003	none-narrower	none	none	True	False		0.9944	0.9944	4.8070000000000555e-05	0.9937	694.0
easy:720514008	easy	A	A	True	True		0.9961	0.9961	3.0420000000000112e-05	0.9956	911.7
none-narrower:1254852008	none-narrower	none	none	True	False		0.7596	0.7596	0.08903289999999997	0.7295	812.9
easy:719817002	easy	A	A	True	True		0.9895	0.9895	0.00022049999999999904	0.9881	876.7
hard:47903000	hard	A	A	True	True		0.9462	0.9462	0.004917689999999995	0.9395	670.3
hard:24069003	hard	A	A	True	True		0.9519	0.9519	0.004598490000000004	0.9459	590.1
hard:742876007	hard	A	A	True	True		0.887	0.887	0.025515419999999997	0.8729	892.9
easy:363495004	easy	A	none	False	True		0.7623	0.103	1.39948084	0.7325	599.4
easy:55031000	easy	A	A	True	True		0.9234	0.9234	0.011689310000000001	0.9138	645.5
easy:11380006	easy	A	A	True	True		0.9862	0.9862	0.00036504000000000094	0.9845	827.0
hard:126835002	hard	A	A	True	True		0.7253	0.7253	0.15031773000000004	0.691	647.5
hard:86133004	hard	A	A	True	True		0.9843	0.9843	0.0004898600000000015	0.9824	689.7
easy:61565001	easy	A	A	True	True		0.9831	0.9831	0.0005712200000000008	0.981	656.9
easy:271432005	easy	A	A	True	True		0.9052	0.9052	0.01791738	0.8933	616.2
hard:699866005	hard	A	A	True	True		0.5771	0.5771	0.35482928	0.5242	703.1
hard:363391009	hard	A	A	True	True		0.9221	0.9221	0.011907619999999994	0.9123	624.2
none-narrower:431856006	none-narrower	none	none	True	False		0.9988	0.9988	1.8899999999999493e-06	0.9987	607.6
hard:230724001	hard	A	A	True	True		0.6938	0.6938	0.18641949000000002	0.6556	712.4
easy:5217008	easy	A	A	True	True		0.991	0.991	0.00014888000000000016	0.9899	703.2
none-narrower:240499000	none-narrower	none	none	True	False		0.5695	0.5695	0.37040232	0.5157	596.8
hard:72925005	hard	D	none	False	False		0.9973	0.0003	1.99401043	0.997	750.3
hard:110979008	hard	A	A	True	True		0.9927	0.9927	9.968999999999961e-05	0.9918	562.1
none-narrower:311000119101	none-narrower	none	none	True	False		0.9906	0.9906	0.00015766999999999932	0.9894	572.9
none-narrower:773774000	none-narrower	none	A	False	False		0.9938	0.0062	1.97527688	0.993	908.7
none-narrower:302909007	none-narrower	none	none	True	False		0.9966	0.9966	1.5479999999999716e-05	0.9962	630.3
easy:230228004	easy	A	A	True	True		0.9616	0.9616	0.002941449999999999	0.9568	716.4
hard:700056005	hard	A	A	True	True		0.9769	0.9769	0.0009280600000000005	0.974	651.0
hard:414783007	hard	A	A	True	True		0.9816	0.9816	0.000673459999999999	0.9793	665.5
hard:724282009	hard	A	A	True	True		0.983	0.983	0.0005780000000000006	0.9809	652.0
easy:363394001	easy	A	A	True	True		0.8622	0.8622	0.036517200000000014	0.845	644.1
none-narrower:95753002	none-narrower	none	none	True	False		0.955	0.955	0.003926370000000004	0.9494	462.9
none-narrower:43100002	none-narrower	none	none	True	False		0.9926	0.9926	7.668999999999944e-05	0.9917	668.2
easy:72621003	easy	A	A	True	True		0.8993	0.8993	0.02016075	0.8868	566.0
easy:302226006	easy	F	F	True	False		0.9494	0.9494	0.005002159999999998	0.943	552.7
hard:236740006	hard	B	B	True	False		0.8843	0.8843	0.026749890000000005	0.8698	646.5
none-narrower:12203991000119100	none-narrower	none	none	True	False		0.9946	0.9946	5.518999999999958e-05	0.994	642.6
hard:48718006	hard	A	A	True	True		0.9851	0.9851	0.0004410500000000008	0.9833	758.2
hard:414545008	hard	A	none	False	True		0.7542	0.2023	1.2067415	0.7235	642.9
retrieval-miss:312912001	retrieval-miss	none	none	True	False		0.9992	0.9992	1.1400000000000365e-06	0.9991	628.4
easy:177504007	easy	A	A	True	True		0.9193	0.9193	0.013024979999999999	0.9092	920.0
none-narrower:32130001000004108	none-narrower	none	none	True	False		0.9581	0.9581	0.003021240000000004	0.9529	582.5
hard:698247007	hard	A	A	True	True		0.6162	0.6162	0.29360931	0.5683	774.8
easy:7847004	easy	A	A	True	True		0.8978	0.8978	0.02070717999999999	0.885	732.8
hard:725591002	hard	A	A	True	True		0.9535	0.9535	0.004315219999999998	0.9477	671.7
none-narrower:312601003	none-narrower	none	none	True	False		0.9436	0.9436	0.0061956	0.9366	618.8
none-narrower:682421000119104	none-narrower	none	none	True	False		0.994	0.994	6.523000000000006e-05	0.9933	660.5
hard:186499007	hard	A	A	True	True		0.9906	0.9906	0.00017671999999999932	0.9894	772.0
hard:699189004	hard	A	A	True	True		0.8123	0.8123	0.07038755999999999	0.7888	852.4
hard:3577000	hard	A	A	True	True		0.9683	0.9683	0.001997149999999997	0.9643	534.8
none-narrower:700346002	none-narrower	none	A	False	False		0.8716	0.1276	1.5207685900000003	0.8556	585.3
none-narrower:92901000087104	none-narrower	none	none	True	False		0.9103	0.9103	0.01602061	0.8991	526.3
hard:91978004	hard	A	A	True	True		0.9795	0.9795	0.0008283199999999985	0.9769	657.8
none-narrower:1255207005	none-narrower	none	A	False	False		0.9868	0.0132	1.94754848	0.9851	740.6
easy:703267003	easy	A	A	True	True		0.9562	0.9562	0.0038107799999999954	0.9507	724.5
hard:765487008	hard	A	A	True	True		0.9861	0.9861	0.00037826000000000065	0.9844	863.8
retrieval-miss:445918001	retrieval-miss	none	none	True	False		0.9988	0.9988	1.7899999999999494e-06	0.9987	587.5
none-narrower:235608007	none-narrower	none	none	True	False		0.9935	0.9935	5.982999999999935e-05	0.9927	657.6
hard:68566005	hard	D	none	False	False		0.9934	0.001	1.9848660200000001	0.9926	592.4
easy:239065004	easy	C	none	False	False		0.8259	0.0848	1.5276584899999999	0.8042	883.1
retrieval-miss:238020001	retrieval-miss	none	B	False	False		0.7227	0.276	1.0464723299999998	0.688	704.6
none-narrower:15735161000119106	none-narrower	none	none	True	False		0.9981	0.9981	5.000000000000049e-06	0.9978	611.3
easy:702448007	easy	A	A	True	True		0.9519	0.9519	0.004617610000000003	0.9459	646.6
none-narrower:704059008	none-narrower	none	none	True	False		0.9372	0.9372	0.007751559999999996	0.9294	507.0
easy:87211000119104	easy	A	A	True	True		0.9832	0.9832	0.0005644800000000012	0.9811	872.7
hard:371582002	hard	D	none	False	False		0.9329	0.0666	1.7415380599999999	0.9245	530.7
none-narrower:8445003	none-narrower	none	none	True	False		0.999	0.999	1.8200000000000018e-06	0.9989	622.1
hard:48868008	hard	A	A	True	True		0.9095	0.9095	0.016380500000000006	0.8981	605.7
easy:403803002	easy	A	A	True	True		0.9681	0.9681	0.0020352200000000025	0.9641	812.3
easy:254950006	easy	A	A	True	True		0.9825	0.9825	0.0005886699999999986	0.9804	613.7
easy:302829009	easy	A	A	True	True		0.7936	0.7936	0.08466842000000002	0.7678	629.7
hard:35728003	hard	A	A	True	True		0.982	0.982	0.0006444200000000006	0.9798	759.2
easy:93468003	easy	A	A	True	True		0.6845	0.6845	0.19876549999999998	0.6451	633.0
hard:33793000	hard	A	A	True	True		0.9039	0.9039	0.018470419999999994	0.8919	582.8
easy:76047005	easy	A	A	True	True		0.964	0.964	0.002577650000000002	0.9595	761.1
none-narrower:188289008	none-narrower	none	none	True	False		0.997	0.997	1.6850000000000017e-05	0.9966	611.8
hard:720501007	hard	A	A	True	True		0.9893	0.9893	0.00022686000000000093	0.988	770.9
easy:197480006	easy	A	A	True	True		0.9675	0.9675	0.001971179999999998	0.9634	493.1
hard:237965005	hard	A	none	False	True		0.9732	0.0267	1.89443113	0.9699	643.8
hard:11010461000119101	hard	A	A	True	True		0.5231	0.5231	0.43305479999999996	0.4634	701.9
hard:50658006	hard	A	none	False	True		0.9987	0.0011	1.9952029100000002	0.9986	840.5
hard:717632002	hard	A	A	True	True		0.9359	0.9359	0.008166600000000006	0.9279	937.1
hard:237706000	hard	A	A	True	True		0.8965	0.8965	0.021362540000000006	0.8835	662.0
easy:716647001	easy	A	none	False	True		0.9784	0.013	1.9314873399999999	0.9756	661.9
none-narrower:121131000119109	none-narrower	none	C	False	False		0.9143	0.0822	1.67831224	0.9036	636.7
easy:204552001	easy	A	A	True	True		0.8828	0.8828	0.027471689999999993	0.8681	631.3
easy:197442005	easy	A	A	True	True		0.9692	0.9692	0.0018911400000000034	0.9653	656.8
easy:186973005	easy	A	A	True	True		0.973	0.973	0.0013805500000000012	0.9697	527.3
hard:73843004	hard	A	A	True	True		0.7951	0.7951	0.07042821999999999	0.7694	922.0
none-narrower:16026631000119103	none-narrower	none	none	True	False		0.9953	0.9953	3.5720000000000356e-05	0.9947	677.0
hard:721629005	hard	A	A	True	True		0.7974	0.7974	0.08109027	0.7721	701.0
hard:720954000	hard	A	A	True	True		0.9979	0.9979	8.81999999999996e-06	0.9976	896.0
easy:45650007	easy	A	A	True	True		0.917	0.917	0.013711849999999996	0.9066	734.5
none-narrower:309760004	none-narrower	none	none	True	False		0.9945	0.9945	5.6349999999999445e-05	0.9938	644.5
none-narrower:551621000124109	none-narrower	none	none	True	False		0.9708	0.9708	0.00130524	0.9672	629.8
hard:3752003	hard	A	A	True	True		0.9002	0.9002	0.01992009	0.8877	853.3
easy:718717004	easy	A	A	True	True		0.9657	0.9657	0.0023529799999999997	0.9614	757.0
easy:420120006	easy	A	A	True	True		0.9891	0.9891	0.00023762000000000045	0.9877	757.5
hard:716008002	hard	A	A	True	True		0.9943	0.9943	6.498000000000044e-05	0.9936	866.6
hard:92060009	hard	A	A	True	True		0.9664	0.9664	0.002224739999999997	0.9622	678.1
none-narrower:353921000119103	none-narrower	none	none	True	False		0.9098	0.9098	0.01520097999999999	0.8985	759.7
none-narrower:719860006	none-narrower	none	none	True	False		0.9404	0.9404	0.005529189999999998	0.9329	535.0
hard:725390002	hard	A	A	True	True		0.9379	0.9379	0.006341950000000006	0.9301	1145.9
retrieval-miss:73123008	retrieval-miss	none	none	True	False		0.9693	0.9693	0.0012986199999999969	0.9655	732.0
none-narrower:61048000	none-narrower	none	none	True	False		0.9925	0.9925	7.334999999999926e-05	0.9916	644.1
easy:68409003	easy	C	none	False	False		0.8916	0.1026	1.6002885999999998	0.878	631.5
hard:719574007	hard	A	A	True	True		0.9979	0.9979	8.81999999999996e-06	0.9976	856.2
easy:230500006	easy	A	none	False	True		0.9398	0.051	1.78386823	0.9323	588.0
hard:23412002	hard	A	A	True	True		0.9934	0.9934	8.581000000000066e-05	0.9926	725.9
none-narrower:191692007	none-narrower	none	none	True	False		0.997	0.997	1.7420000000000013e-05	0.9966	573.0
easy:763739002	easy	A	A	True	True		0.9924	0.9924	0.00011552000000000078	0.9914	749.8
none-narrower:721166000	none-narrower	none	none	True	False		0.9951	0.9951	4.132000000000015e-05	0.9945	612.2
easy:17585008	easy	A	A	True	True		0.975	0.975	0.0012500000000000011	0.9719	617.1
easy:92039003	easy	A	A	True	True		0.9506	0.9506	0.00478413	0.9444	704.1
hard:709416009	hard	A	A	True	True		0.9873	0.9873	0.0003126700000000011	0.9857	660.2
easy:715752006	easy	A	A	True	True		0.9936	0.9936	8.065999999999952e-05	0.9928	860.0
hard:702442008	hard	A	A	True	True		0.6931	0.6931	0.18831384999999998	0.6548	787.9
none-narrower:1231727005	none-narrower	none	none	True	False		0.9943	0.9943	4.6690000000000436e-05	0.9936	667.7
easy:48553001	easy	A	A	True	True		0.9771	0.9771	0.0010488200000000015	0.9743	619.7
hard:763774001	hard	A	A	True	True		0.9925	0.9925	0.00011101999999999927	0.9916	800.6
easy:765485000	easy	A	A	True	True		0.9791	0.9791	0.0008694500000000012	0.9765	842.5
hard:28987007	hard	A	A	True	True		0.9401	0.9401	0.006908539999999994	0.9326	705.9
hard:233858000	hard	A	A	True	True		0.9882	0.9882	0.0002738400000000008	0.9867	611.0
easy:702375004	easy	A	A	True	True		0.9689	0.9689	0.001934420000000001	0.965	674.9
hard:194350005	hard	A	A	True	True		0.9459	0.9459	0.005821310000000004	0.9391	559.6
easy:91955005	easy	A	A	True	True		0.5705	0.5705	0.36043638	0.5169	761.8
hard:126971002	hard	A	A	True	True		0.6194	0.6194	0.2831405	0.5718	712.7
none-narrower:773700005	none-narrower	none	A	False	False		0.9942	0.0058	1.9768672799999998	0.9935	733.6
easy:126834003	easy	A	A	True	True		0.9019	0.9019	0.018956419999999995	0.8896	712.1
easy:766937004	easy	A	A	True	True		0.9636	0.9636	0.002649919999999999	0.959	937.7
hard:719268008	hard	A	A	True	True		0.9928	0.9928	0.00010367999999999977	0.9919	683.6
easy:6121001	easy	A	B	False	True		0.8037	0.0017	1.6803279499999997	0.7792	633.9
easy:13706005	easy	A	A	True	True		0.9364	0.9364	0.00807722	0.9284	559.6
hard:109475005	hard	A	none	False	True		0.8223	0.1088	1.4718106100000001	0.8001	708.0
hard:190953007	hard	A	A	True	True		0.901	0.901	0.019601999999999994	0.8886	613.2
hard:126880001	hard	A	A	True	True		0.9388	0.9388	0.007490880000000004	0.9312	623.8
easy:271569006	easy	A	A	True	True		0.9723	0.9723	0.0015126299999999972	0.9688	557.3
easy:92756002	easy	A	A	True	True		0.8885	0.8885	0.024819950000000007	0.8746	656.6
none-narrower:191508007	none-narrower	none	none	True	False		0.9933	0.9933	8.978000000000054e-05	0.9924	648.3
hard:57406009	hard	A	A	True	True		0.9667	0.9667	0.0021979799999999996	0.9625	680.9
none-narrower:1351962002	none-narrower	none	A	False	False		0.9461	0.0538	1.7903996500000001	0.9393	716.5
easy:47673003	easy	A	none	False	True		0.8663	0.1296	1.50808787	0.8496	795.7
easy:279081001	easy	A	A	True	True		0.4689	0.4689	0.4389263	0.4025	778.0
retrieval-miss:91390005	retrieval-miss	none	none	True	False		0.9987	0.9987	2.2599999999999165e-06	0.9985	611.9
hard:85478004	hard	A	A	True	True		0.9728	0.9728	0.00147426	0.9694	544.9
hard:723622007	hard	A	A	True	True		0.9666	0.9666	0.0022178399999999987	0.9624	930.3
none-narrower:251160002	none-narrower	none	none	True	False		0.9666	0.9666	0.001633469999999999	0.9625	886.0
easy:71638002	easy	A	A	True	True		0.9272	0.9272	0.010585139999999996	0.9181	575.2
easy:715866009	easy	A	A	True	True		0.9892	0.9892	0.00019946000000000067	0.9879	818.0
easy:236302005	easy	A	A	True	True		0.9872	0.9872	0.00032769000000000087	0.9856	660.8
none-narrower:191519005	none-narrower	none	none	True	False		0.9877	0.9877	0.00029056999999999944	0.9862	739.2
none-narrower:770679002	none-narrower	none	B	False	False		0.9974	0.0026	1.9896135199999998	0.9971	738.3
hard:254666005	hard	A	A	True	True		0.7894	0.7894	0.08866261	0.7631	630.7
hard:724064004	hard	A	A	True	True		0.9929	0.9929	0.00010081999999999995	0.992	843.2
easy:254627002	easy	A	A	True	True		0.9114	0.9114	0.015200270000000002	0.9003	802.8
hard:717044000	hard	A	A	True	True		0.8583	0.8583	0.03984760000000002	0.8406	862.9
none-narrower:253204009	none-narrower	none	none	True	False		0.9996	0.9996	1.9999999999996473e-07	0.9996	587.6
easy:72262000	easy	A	A	True	True		0.7942	0.7942	0.08360952999999999	0.7685	680.1
hard:378007	hard	A	none	False	True		0.6196	0.3659	0.7861268600000001	0.5721	625.3
hard:445738007	hard	B	B	True	False		0.562	0.562	0.3455856199999999	0.5073	757.9
hard:43339004	hard	A	A	True	True		0.728	0.728	0.14704794999999998	0.694	740.2
easy:428850001	easy	A	A	True	True		0.9975	0.9975	1.2499999999999735e-05	0.9972	608.5
hard:363414004	hard	B	B	True	False		0.9118	0.9118	0.014914259999999992	0.9008	676.3
easy:71912000	easy	A	A	True	True		0.9308	0.9308	0.009467690000000004	0.9221	552.0
none-narrower:700458001	none-narrower	none	none	True	False		0.999	0.999	1.8200000000000018e-06	0.9989	703.2
hard:19943007	hard	A	A	True	True		0.8969	0.8969	0.021259229999999994	0.884	606.6
hard:717941005	hard	A	A	True	True		0.9612	0.9612	0.0029877399999999957	0.9563	708.9
easy:70572005	easy	A	A	True	True		0.9685	0.9685	0.0019782099999999985	0.9646	666.0
easy:57203004	easy	A	A	True	True		0.6499	0.6499	0.24270609999999998	0.6061	567.8
none-narrower:448776002	none-narrower	none	none	True	False		0.9972	0.9972	1.1740000000000138e-05	0.9969	598.5
hard:719836007	hard	A	A	True	True		0.7873	0.7873	0.08901202	0.7607	835.1
easy:275481002	easy	A	A	True	True		0.9682	0.9682	0.0018235900000000034	0.9642	596.9
easy:766981007	easy	A	A	True	True		0.9277	0.9277	0.010339910000000003	0.9186	758.8
easy:126790004	easy	A	A	True	True		0.9836	0.9836	0.0005187399999999991	0.9815	695.0
none-narrower:202941002	none-narrower	none	none	True	False		0.8767	0.8767	0.030087639999999992	0.8613	621.0
hard:91273001	hard	A	A	True	True		0.957	0.957	0.0036470200000000034	0.9516	630.2
none-narrower:771515001	none-narrower	none	A	False	False		0.9892	0.0108	1.9570332799999999	0.9879	793.2
hard:726345000	hard	A	A	True	True		0.9383	0.9383	0.007237599999999998	0.9306	705.8
hard:26111005	hard	A	A	True	True		0.9734	0.9734	0.0012850299999999978	0.9701	653.5
none-narrower:703223000	none-narrower	none	none	True	False		0.9933	0.9933	8.344000000000053e-05	0.9924	706.3
easy:254778000	easy	A	A	True	True		0.9699	0.9699	0.0018120200000000008	0.9661	772.5
easy:9740002	easy	A	A	True	True		0.9537	0.9537	0.00428738	0.948	861.2
easy:59655002	easy	A	A	True	True		0.8512	0.8512	0.04375334000000001	0.8326	899.9
easy:405501007	easy	A	none	False	True		0.965	0.0269	1.87816217	0.9606	696.7
hard:763128009	hard	A	A	True	True		0.9964	0.9964	2.592000000000034e-05	0.9959	701.6
hard:363443007	hard	A	A	True	True		0.6805	0.6805	0.20206770999999998	0.6405	780.7
hard:28488007	hard	A	A	True	True		0.8782	0.8782	0.029646130000000007	0.863	815.5
easy:764994007	easy	A	A	True	True		0.9918	0.9918	0.00013284999999999973	0.9908	875.2
easy:733518000	easy	A	A	True	True		0.9965	0.9965	2.1949999999999632e-05	0.9961	1021.1
easy:720955004	easy	A	A	True	True		0.9862	0.9862	0.000380880000000001	0.9845	723.2
easy:44697002	easy	A	A	True	True		0.9637	0.9637	0.0026281300000000002	0.9592	852.6
hard:278991002	hard	B	none	False	False		0.6516	0.0154	1.50312457	0.608	691.2
none-narrower:203343001	none-narrower	none	none	True	False		0.9782	0.9782	0.0006407200000000018	0.9755	803.4
easy:10082001	easy	A	A	True	True		0.9574	0.9574	0.003621019999999998	0.952	712.1
easy:63246000	easy	A	A	True	True		0.869	0.869	0.03395832	0.8526	759.5
hard:404055006	hard	A	A	True	True		0.8262	0.8262	0.059214099999999985	0.8045	750.6
hard:156410002	hard	A	A	True	True		0.9342	0.9342	0.008646129999999995	0.926	546.3
hard:267534000	hard	A	A	True	True		0.9814	0.9814	0.0006882199999999981	0.9791	668.3
easy:24326000	easy	A	A	True	True		0.9122	0.9122	0.015278209999999997	0.9012	692.0
easy:71464000	easy	A	A	True	True		0.9411	0.9411	0.006903189999999994	0.9337	828.7
hard:404808000	hard	A	A	True	True		0.9421	0.9421	0.006693259999999994	0.9348	494.0
hard:423673009	hard	A	A	True	True		0.9406	0.9406	0.006804240000000001	0.9332	596.7
hard:402296004	hard	A	A	True	True		0.9814	0.9814	0.000691919999999998	0.9791	577.4
hard:84759007	hard	A	A	True	True		0.9286	0.9286	0.010181650000000004	0.9197	623.9
none-narrower:10754961000119101	none-narrower	none	none	True	False		0.9989	0.9989	1.7499999999999777e-06	0.9987	637.7
easy:89454001	easy	A	none	False	True		0.7068	0.2757	1.02444941	0.6702	728.3
hard:721883006	hard	A	A	True	True		0.9772	0.9772	0.001035140000000002	0.9743	842.7
hard:7522008	hard	A	A	True	True		0.7453	0.7453	0.12959149000000003	0.7135	595.9
none-narrower:235659008	none-narrower	none	none	True	False		0.9989	0.9989	1.5699999999999778e-06	0.9987	548.4
hard:722375007	hard	A	A	True	True		0.9958	0.9958	3.527999999999984e-05	0.9953	810.8
hard:124220008	hard	C	none	False	False		0.9611	0.0367	1.85166247	0.9563	833.9
easy:237705001	easy	A	A	True	True		0.9555	0.9555	0.003890149999999999	0.95	626.5
hard:234584007	hard	A	A	True	True		0.9375	0.9375	0.0078125	0.9296	596.2
none-narrower:57185003	none-narrower	none	none	True	False		0.9895	0.9895	0.00017041999999999904	0.9882	580.0
none-narrower:389160009	none-narrower	none	none	True	False		0.9518	0.9518	0.003285640000000002	0.9458	906.0
hard:233919006	hard	A	none	False	True		0.9254	0.074	1.71384142	0.916	631.6
easy:197660000	easy	A	A	True	True		0.7884	0.7884	0.08950682	0.762	736.6
none-narrower:764092008	none-narrower	none	none	True	False		0.985	0.985	0.00037328000000000036	0.9832	646.9
hard:707310009	hard	A	A	True	True		0.9531	0.9531	0.004399220000000005	0.9472	887.1
easy:447292006	easy	A	A	True	True		0.9605	0.9605	0.0029983799999999984	0.9556	767.2
none-narrower:127045008	none-narrower	none	none	True	False		0.9984	0.9984	3.1000000000001465e-06	0.9982	820.0
easy:764989007	easy	A	A	True	True		0.9734	0.9734	0.0014098099999999977	0.9701	906.9
hard:723406000	hard	A	A	True	True		0.9913	0.9913	0.0001513800000000007	0.9902	835.6
hard:111196000	hard	A	A	True	True		0.9943	0.9943	6.386000000000044e-05	0.9936	697.6
easy:763794005	easy	A	A	True	True		0.9612	0.9612	0.0030108799999999957	0.9563	842.4
retrieval-miss:64852002	retrieval-miss	none	none	True	False		0.9994	0.9994	4.400000000000539e-07	0.9993	873.9
easy:717761005	easy	A	A	True	True		0.9945	0.9945	6.049999999999944e-05	0.9938	801.2
easy:448670003	easy	A	A	True	True		0.6806	0.6806	0.19762818999999998	0.6407	638.2
hard:25904003	hard	A	A	True	True		0.9007	0.9007	0.018348850000000014	0.8883	672.2
hard:45369008	hard	A	A	True	True		0.9089	0.9089	0.016507819999999992	0.8975	769.4
easy:189099001	easy	A	A	True	True		0.9274	0.9274	0.010454929999999998	0.9184	776.3
hard:1779005	hard	A	A	True	True		0.9878	0.9878	0.0002976799999999997	0.9862	822.7
hard:870313002	hard	A	A	True	True		0.9315	0.9315	0.009330020000000001	0.9229	785.6
easy:363378008	easy	B	none	False	False		0.6094	0.3771	0.7594743700000002	0.5605	698.4
easy:399903008	easy	A	A	True	True		0.9751	0.9751	0.0012350500000000016	0.972	677.5
none-narrower:699785004	none-narrower	none	none	True	False		0.9957	0.9957	3.5309999999999755e-05	0.9952	674.1
easy:253231007	easy	A	A	True	True		0.8707	0.8707	0.033308019999999994	0.8545	630.7
easy:719171005	easy	A	A	True	True		0.9932	0.9932	9.113000000000038e-05	0.9924	924.2
hard:442292004	hard	A	A	True	True		0.9705	0.9705	0.0016717899999999983	0.9669	562.1
none-narrower:1373832001	none-narrower	none	none	True	False		0.9997	0.9997	1.3999999999998018e-07	0.9996	585.9
easy:36188001	easy	A	A	True	True		0.9509	0.9509	0.004821620000000003	0.9448	839.8
easy:206292002	easy	A	A	True	True		0.998	0.998	7.6200000000000075e-06	0.9978	555.8
easy:238627002	easy	A	A	True	True		0.9873	0.9873	0.0003032000000000012	0.9857	694.1
easy:27059002	easy	H	H	True	False		0.9831	0.9831	0.0005712200000000008	0.981	645.9
none-narrower:783155007	none-narrower	none	B	False	False		0.7824	0.2158	1.2271211800000001	0.7552	772.3
retrieval-miss:28724005	retrieval-miss	none	none	True	False		0.9997	0.9997	1.0999999999998018e-07	0.9996	778.2
easy:725078006	easy	A	A	True	True		0.85	0.85	0.044790590000000005	0.8313	970.9
easy:718574003	easy	A	A	True	True		0.989	0.989	0.0002420000000000002	0.9877	773.7
none-narrower:240657005	none-narrower	none	none	True	False		0.9985	0.9985	3.2299999999998374e-06	0.9983	626.3
hard:11282001	hard	A	A	True	True		0.9754	0.9754	0.0011812999999999978	0.9724	801.4
hard:7379000	hard	A	A	True	True		0.9712	0.9712	0.001613790000000003	0.9676	590.6
hard:84193000	hard	A	none	False	True		0.9997	0.0002	1.9990001300000002	0.9997	743.0
hard:126963001	hard	A	A	True	True		0.9575	0.9575	0.003537199999999998	0.9522	687.2
hard:373604002	hard	A	A	True	True		0.9216	0.9216	0.012261820000000005	0.9118	675.1
easy:363473003	easy	A	none	False	True		0.7525	0.2292	1.1606591499999999	0.7215	599.2
none-narrower:87181002	none-narrower	none	none	True	False		0.999	0.999	1.5200000000000018e-06	0.9989	772.7
none-narrower:414927004	none-narrower	none	none	True	False		0.9992	0.9992	9.200000000000367e-07	0.9991	540.6
easy:231527003	easy	B	none	False	False		0.9916	0.0008	1.9817169	0.9905	557.9
hard:722955006	hard	A	A	True	True		0.9712	0.9712	0.0016304300000000026	0.9676	768.3
hard:63137003	hard	A	A	True	True		0.9807	0.9807	0.0007373099999999993	0.9783	518.7
hard:764958008	hard	A	A	True	True		0.9892	0.9892	0.00023113000000000067	0.9878	917.4
none-narrower:413356003	none-narrower	none	none	True	False		0.8141	0.8141	0.05831985999999999	0.7909	763.3
hard:83414005	hard	A	A	True	True		0.9946	0.9946	5.831999999999958e-05	0.9939	600.1
none-narrower:720952001	none-narrower	none	A	False	False		0.9864	0.0134	1.9463645300000003	0.9847	913.9
hard:5299007	hard	A	A	True	True		0.9569	0.9569	0.0036810100000000024	0.9515	505.4
easy:105632002	easy	A	none	False	True		0.8238	0.1742	1.36059501	0.8018	605.9
hard:204431007	hard	A	A	True	True		0.6684	0.6684	0.21991712000000002	0.6269	720.8
hard:711543008	hard	A	A	True	True		0.9786	0.9786	0.0009074099999999989	0.976	871.4
easy:716238003	easy	B	B	True	False		0.9798	0.9798	0.0008120499999999998	0.9773	806.7
easy:445338005	easy	A	A	True	True		0.9252	0.9252	0.011086059999999995	0.9159	739.7
hard:38606009	hard	A	none	False	True		0.8592	0.138	1.48127418	0.8416	734.1
easy:54385001	easy	A	A	True	True		0.9889	0.9889	0.00024642	0.9875	824.4
easy:72789009	easy	A	A	True	True		0.5513	0.5513	0.40248395	0.4952	773.5
easy:371965009	easy	A	none	False	True		0.5339	0.4261	0.6152612600000001	0.4756	596.8
none-narrower:237620003	none-narrower	none	none	True	False		0.9907	0.9907	0.00014986999999999954	0.9896	636.4
easy:18377001	easy	A	A	True	True		0.7505	0.7505	0.12430112000000001	0.7193	613.4
easy:129623003	easy	A	A	True	True		0.9785	0.9785	0.0009244999999999983	0.9758	712.9
hard:715726000	hard	A	A	True	True		0.9727	0.9727	0.0014797099999999995	0.9693	756.5
hard:52994003	hard	A	A	True	True		0.8412	0.8412	0.050119280000000016	0.8213	600.1
easy:128139000	easy	A	A	True	True		0.983	0.983	0.0005746200000000005	0.9808	620.1
hard:402917003	hard	A	A	True	True		0.9913	0.9913	0.0001513800000000007	0.9902	648.1
hard:81678004	hard	A	A	True	True		0.9837	0.9837	0.0005313799999999993	0.9816	794.6
easy:89870006	easy	A	A	True	True		0.581	0.581	0.35011854	0.5286	790.1
easy:56805008	easy	A	A	True	True		0.9168	0.9168	0.013761690000000007	0.9064	604.3
hard:307649006	hard	A	A	True	True		0.9616	0.9616	0.002881619999999999	0.9568	739.3
hard:31658008	hard	A	none	False	True		0.9942	0.004	1.98045061	0.9935	534.6
hard:80375002	hard	B	B	True	False		0.9936	0.9936	8.191999999999951e-05	0.9928	550.8
hard:66351003	hard	A	A	True	True		0.9684	0.9684	0.0019971199999999976	0.9644	866.9
easy:64235006	easy	A	A	True	True		0.8182	0.8182	0.06610247999999999	0.7955	875.0
easy:92531006	easy	A	A	True	True		0.921	0.921	0.012418989999999994	0.9111	640.4
hard:14785004	hard	A	A	True	True		0.9602	0.9602	0.0031601399999999957	0.9552	611.0
hard:72052003	hard	A	A	True	True		0.9766	0.9766	0.001090459999999999	0.9737	583.4
hard:80258006	hard	A	A	True	True		0.9715	0.9715	0.0016188199999999985	0.968	856.5
hard:715562001	hard	A	A	True	True		0.9207	0.9207	0.012513720000000006	0.9108	828.3
none-narrower:722517009	none-narrower	none	none	True	False		0.89	0.89	0.0183862	0.8762	649.9
easy:722033000	easy	A	A	True	True		0.9045	0.9045	0.018202380000000004	0.8925	685.4
hard:277569004	hard	A	none	False	True		0.8382	0.1604	1.40750815	0.818	691.5
retrieval-miss:80321008	retrieval-miss	none	none	True	False		0.5276	0.5276	0.44116912	0.4685	783.2
easy:57534004	easy	A	A	True	True		0.7664	0.7664	0.10716510000000001	0.7372	559.7
hard:419893006	hard	A	A	True	True		0.9507	0.9507	0.00485114	0.9446	701.6
easy:254943007	easy	A	none	False	True		0.4795	0.4379	0.55237532	0.4145	677.9
easy:2992000	easy	A	none	False	True		0.9896	0.0012	1.97698382	0.9883	631.2
easy:5050001	easy	A	A	True	True		0.7606	0.7606	0.11016660999999997	0.7307	562.8
easy:764435003	easy	A	A	True	True		0.9922	0.9922	0.00012168000000000045	0.9912	862.1
retrieval-miss:448015002	retrieval-miss	none	none	True	False		0.9645	0.9645	0.0024645199999999987	0.96	565.5
none-narrower:890286007	none-narrower	none	A	False	False		0.9794	0.0205	1.9186446200000002	0.9768	773.8
none-narrower:702715008	none-narrower	none	none	True	False		0.9981	0.9981	5.2000000000000485e-06	0.9978	555.4
hard:42385006	hard	A	A	True	True		0.9888	0.9888	0.0002508799999999997	0.9874	672.6
retrieval-miss:403901001	retrieval-miss	none	A	False	False		0.7972	0.202	1.2723321300000001	0.7719	798.4
none-narrower:55366007	none-narrower	none	none	True	False		0.9933	0.9933	6.196000000000052e-05	0.9924	652.5
hard:3855007	hard	A	A	True	True		0.9803	0.9803	0.000753160000000002	0.9778	663.8
hard:27194006	hard	A	A	True	True		0.9408	0.9408	0.006938750000000004	0.9334	574.8
easy:254654004	easy	A	A	True	True		0.9711	0.9711	0.0016646600000000023	0.9675	699.3
none-narrower:92375009	none-narrower	none	none	True	False		0.9666	0.9666	0.0020311899999999987	0.9625	688.5
hard:8326008	hard	A	A	True	True		0.548	0.548	0.39961689	0.4915	577.4
easy:764105002	easy	A	A	True	True		0.9948	0.9948	5.4079999999999814e-05	0.9942	809.2
hard:766824003	hard	A	A	True	True		0.7184	0.7184	0.15837208999999997	0.6832	821.2
hard:230310003	hard	A	A	True	True		0.9663	0.9663	0.0021989099999999966	0.9621	777.0
none-narrower:127213008	none-narrower	none	none	True	False		0.9912	0.9912	9.667000000000054e-05	0.9901	667.9
none-narrower:415652006	none-narrower	none	none	True	False		0.9939	0.9939	6.082999999999993e-05	0.9931	735.7
hard:716233007	hard	A	A	True	True		0.9504	0.9504	0.0049005299999999976	0.9442	716.4
easy:127232002	easy	C	A	False	False		0.9137	0.0004	1.8413752399999999	0.9029	597.5
none-narrower:94129007	none-narrower	none	none	True	False		0.6434	0.6434	0.25411329000000005	0.5988	614.5
hard:234422006	hard	A	A	True	True		0.948	0.948	0.005397630000000006	0.9415	690.8
easy:42982001	easy	A	A	True	True		0.9915	0.9915	0.00014449999999999918	0.9905	971.6
easy:716662004	easy	A	none	False	True		0.9377	0.0247	1.8309847000000001	0.9299	739.0
hard:241774007	hard	A	A	True	True		0.9835	0.9835	0.0005444999999999988	0.9814	680.3
hard:237816004	hard	A	A	True	True		0.981	0.981	0.0006997300000000006	0.9786	677.5
easy:715710001	easy	A	A	True	True		0.6196	0.6196	0.28691762	0.572	832.5
easy:95279007	easy	A	A	True	True		0.943	0.943	0.006407940000000006	0.9358	655.7
hard:193683001	hard	A	A	True	True		0.932	0.932	0.009140339999999992	0.9235	575.8
easy:39998009	easy	B	B	True	False		0.9924	0.9924	0.00011552000000000078	0.9914	751.7
hard:725463007	hard	A	A	True	True		0.9517	0.9517	0.0046178400000000015	0.9457	823.6
hard:280483007	hard	A	A	True	True		0.9362	0.9362	0.008140879999999996	0.9282	779.7
hard:718182008	hard	A	A	True	True		0.7709	0.7709	0.10338850999999999	0.7422	878.0
easy:722450007	easy	A	A	True	True		0.8878	0.8878	0.025021579999999995	0.8737	787.6
easy:19885005	easy	A	A	True	True		0.9783	0.9783	0.0009374600000000024	0.9756	518.4
easy:196609006	easy	A	none	False	True		0.9971	0.0013	1.9916112	0.9968	697.8
easy:37283009	easy	A	A	True	True		0.7583	0.7583	0.11654827000000002	0.7281	529.3
easy:424952003	easy	A	none	False	True		0.8054	0.1738	1.33148272	0.7811	634.5
hard:191382009	hard	A	A	True	True		0.8996	0.8996	0.019261690000000005	0.887	629.3
none-narrower:446076000	none-narrower	none	none	True	False		0.998	0.998	5.660000000000007e-06	0.9977	785.6
none-narrower:1290237009	none-narrower	none	none	True	False		0.9978	0.9978	6.669999999999911e-06	0.9975	703.0
none-narrower:128219005	none-narrower	none	none	True	False		0.987	0.987	0.0002473400000000003	0.9854	600.9
retrieval-miss:233954004	retrieval-miss	none	none	True	False		0.9978	0.9978	9.259999999999911e-06	0.9975	653.0
hard:1156813002	hard	A	A	True	True		0.8275	0.8275	0.05879569999999999	0.8059	688.7
none-narrower:461098000	none-narrower	none	none	True	False		0.9936	0.9936	6.62599999999995e-05	0.9928	650.3
none-narrower:1177031006	none-narrower	none	none	True	False		0.9842	0.9842	0.0004638200000000012	0.9822	638.9
easy:402824003	easy	A	A	True	True		0.9856	0.9856	0.00041185999999999914	0.9838	500.9
easy:698021005	easy	A	A	True	True		0.9911	0.9911	0.00015322000000000035	0.99	914.7
none-narrower:1263652003	none-narrower	none	none	True	False		0.9429	0.9429	0.006128560000000003	0.9358	847.6
hard:723826007	hard	A	A	True	True		0.997	0.997	1.8000000000000017e-05	0.9966	962.8
none-narrower:763714006	none-narrower	none	A	False	False		0.9272	0.0728	1.71939968	0.918	691.8
none-narrower:233762004	none-narrower	none	none	True	False		0.6361	0.6361	0.26484642	0.5906	622.7
hard:363478007	hard	A	none	False	True		0.5601	0.4192	0.6514569	0.5051	623.4
hard:720855003	hard	A	A	True	True		0.9931	0.9931	9.522000000000024e-05	0.9922	800.4
none-narrower:389237009	none-narrower	none	none	True	False		0.7277	0.7277	0.14117823999999998	0.6936	798.3
easy:23150001	easy	A	A	True	True		0.9874	0.9874	0.0003175199999999986	0.9858	733.7
easy:302870006	easy	A	A	True	True		0.9793	0.9793	0.0008528600000000022	0.9767	659.7
none-narrower:89248000	none-narrower	none	none	True	False		0.9948	0.9948	4.777999999999982e-05	0.9941	788.5
hard:254738007	hard	A	A	True	True		0.8965	0.8965	0.02138315000000001	0.8836	759.5
hard:73237007	hard	A	A	True	True		0.985	0.985	0.0004470200000000004	0.9832	590.9
none-narrower:109805003	none-narrower	none	none	True	False		0.9987	0.9987	2.939999999999917e-06	0.9985	674.1
retrieval-miss:193466003	retrieval-miss	none	none	True	False		0.9487	0.9487	0.0051823200000000015	0.9423	661.5
hard:234118009	hard	A	A	True	True		0.9633	0.9633	0.0026864599999999964	0.9587	676.1
none-narrower:399959003	none-narrower	none	A	False	False		0.9683	0.0294	1.8796717200000002	0.9644	664.4
hard:722449007	hard	A	A	True	True		0.9931	0.9931	9.522000000000024e-05	0.9922	920.2
retrieval-miss:124646004	retrieval-miss	none	none	True	False		0.9989	0.9989	2.029999999999978e-06	0.9987	742.8
none-narrower:48780006	none-narrower	none	none	True	False		0.9381	0.9381	0.0064423199999999944	0.9304	601.3
easy:109393007	easy	B	none	False	False		0.9795	0.0009	1.95778808	0.977	675.2
none-narrower:2129002	none-narrower	none	none	True	False		0.9978	0.9978	7.349999999999911e-06	0.9975	675.6
easy:30915001	easy	A	A	True	True		0.9183	0.9183	0.01331715	0.9081	725.7
easy:409671005	easy	A	A	True	True		0.9713	0.9713	0.001635979999999997	0.9677	728.7
none-narrower:860828007	none-narrower	none	none	True	False		0.9935	0.9935	5.487999999999935e-05	0.9927	719.5
hard:765046002	hard	A	A	True	True		0.9773	0.9773	0.0010305800000000025	0.9744	1039.4
hard:253170008	hard	A	A	True	True		0.9797	0.9797	0.0008241799999999993	0.9771	1002.2
hard:124309005	hard	A	A	True	True		0.5957	0.5957	0.32667458000000005	0.5452	746.7
none-narrower:896820003	none-narrower	none	none	True	False		0.9975	0.9975	1.2009999999999733e-05	0.9972	637.3
easy:702447002	easy	A	A	True	True		0.8737	0.8737	0.03187813999999999	0.8579	791.2
none-narrower:1231278004	none-narrower	none	none	True	False		0.9993	0.9993	9.800000000000474e-07	0.9992	595.2
hard:428041004	hard	A	A	True	True		0.5407	0.5407	0.41990092	0.4833	646.6
none-narrower:341361000119108	none-narrower	none	none	True	False		0.9949	0.9949	4.303999999999994e-05	0.9943	655.0
retrieval-miss:49013001	retrieval-miss	none	none	True	False		0.9621	0.9621	0.0020494800000000037	0.9574	934.3
hard:7111000119109	hard	B	B	True	False		0.9432	0.9432	0.006418529999999996	0.9361	569.4
hard:600009	hard	A	A	True	True		0.985	0.985	0.0004500000000000004	0.9832	802.3
none-narrower:1259031004	none-narrower	none	A	False	False		0.9877	0.0123	1.9511025800000001	0.9862	626.8
hard:44808001	hard	A	A	True	True		0.8226	0.8226	0.0589319	0.8005	629.5
easy:262521009	easy	A	A	True	True		0.6313	0.6313	0.27085005000000006	0.5852	515.9
hard:363515000	hard	A	none	False	True		0.9801	0.0116	1.9375526299999999	0.9776	611.9
hard:28882002	hard	D	none	False	False		0.9144	0.0483	1.7423725	0.9037	684.8
hard:17709002	hard	A	A	True	True		0.8088	0.8088	0.07307666000000002	0.7849	616.5
hard:233763009	hard	A	A	True	True		0.8074	0.8074	0.0740741	0.7834	739.8
none-narrower:186289000	none-narrower	none	A	False	False		0.9806	0.0185	1.9249190200000001	0.9782	628.8
easy:16784003	easy	B	none	False	False		0.9144	0.0168	1.8044555199999999	0.9037	645.5
hard:402601007	hard	B	B	True	False		0.9957	0.9957	3.6129999999999744e-05	0.9952	673.5
hard:765100000	hard	B	B	True	False		0.6986	0.6986	0.18078368	0.6609	858.0
easy:733094005	easy	A	A	True	True		0.9931	0.9931	9.522000000000024e-05	0.9923	758.6
none-narrower:212953005	none-narrower	none	none	True	False		0.9184	0.9184	0.013317120000000002	0.9082	658.1
easy:21098003	easy	A	A	True	True		0.9878	0.9878	0.0002881299999999997	0.9863	518.3
easy:724349009	easy	A	A	True	True		0.9948	0.9948	5.207999999999981e-05	0.9942	782.9
none-narrower:42746002	none-narrower	none	none	True	False		0.9979	0.9979	7.139999999999961e-06	0.9976	649.3
none-narrower:1259796004	none-narrower	none	none	True	False		0.9881	0.9881	0.00018871000000000052	0.9866	631.0
hard:72124005	hard	A	A	True	True		0.9229	0.9229	0.011048659999999991	0.9132	509.4
hard:699812002	hard	A	A	True	True		0.9455	0.9455	0.005854069999999999	0.9387	665.2
hard:717049005	hard	A	A	True	True		0.9968	0.9968	1.9849999999999876e-05	0.9964	940.5
hard:424802006	hard	A	A	True	True		0.8471	0.8471	0.04627208000000001	0.828	639.6
retrieval-miss:233982006	retrieval-miss	none	none	True	False		0.9984	0.9984	3.1200000000001463e-06	0.9982	672.5
hard:699268002	hard	A	none	False	True		0.791	0.2081	1.25278711	0.7649	787.3
easy:400140006	easy	A	A	True	True		0.974	0.974	0.0013468100000000012	0.9707	958.1
hard:723307008	hard	A	A	True	True		0.9964	0.9964	2.592000000000034e-05	0.996	757.2
easy:719652007	easy	A	A	True	True		0.993	0.993	9.526000000000009e-05	0.9922	864.5
none-narrower:123766008	none-narrower	none	none	True	False		0.9955	0.9955	2.9099999999999535e-05	0.9949	564.1
easy:4996001	easy	A	A	True	True		0.7884	0.7884	0.08925355000000001	0.762	872.8
hard:109298000	hard	A	A	True	True		0.9371	0.9371	0.007900259999999994	0.9292	665.1
easy:70995007	easy	A	A	True	True		0.9665	0.9665	0.001712829999999998	0.9623	660.7
hard:201091002	hard	A	A	True	True		0.9792	0.9792	0.0006999300000000017	0.9766	746.1
easy:54470008	easy	C	C	True	False		0.7764	0.7764	0.09981526000000002	0.7485	1014.4
retrieval-miss:37102008	retrieval-miss	none	none	True	False		0.9058	0.9058	0.01748650999999999	0.894	655.2
hard:722206009	hard	A	A	True	True		0.9823	0.9823	0.0006265800000000018	0.9801	664.9
easy:200936003	easy	A	A	True	True		0.975	0.975	0.0011219000000000012	0.9719	791.9
hard:230293003	hard	A	A	True	True		0.9788	0.9788	0.0008946499999999999	0.9761	694.8
hard:314757003	hard	A	A	True	True		0.9837	0.9837	0.0005313799999999993	0.9817	654.3
none-narrower:1187048006	none-narrower	none	A	False	False		0.9611	0.0386	1.84800321	0.9563	762.3
none-narrower:87816000	none-narrower	none	none	True	False		0.9937	0.9937	6.228999999999965e-05	0.9929	622.1
easy:65976001	easy	A	A	True	True		0.9021	0.9021	0.019032419999999998	0.8899	725.8
hard:231858009	hard	A	A	True	True		0.8825	0.8825	0.02724023000000001	0.8679	641.5
none-narrower:15978511000119100	none-narrower	none	none	True	False		0.999	0.999	1.8100000000000017e-06	0.9988	659.1
easy:93145002	easy	A	none	False	True		0.7889	0.2032	1.2572694	0.7625	665.7
easy:702617007	easy	A	A	True	True		0.9627	0.9627	0.0027825799999999998	0.958	839.3
hard:720565000	hard	A	A	True	True		0.9675	0.9675	0.002112509999999998	0.9634	754.2
easy:715487005	easy	A	A	True	True		0.9968	0.9968	2.047999999999988e-05	0.9964	779.9
easy:232254004	easy	A	A	True	True		0.9677	0.9677	0.00205478	0.9637	644.7
easy:187732006	easy	A	none	False	True		0.583	0.0204	1.44716875	0.5309	607.7
easy:41345002	easy	A	A	True	True		0.9878	0.9878	0.0002952499999999997	0.9863	634.9
none-narrower:15699121000119104	none-narrower	none	none	True	False		0.9325	0.9325	0.006939760000000001	0.9241	623.3
none-narrower:249446000	none-narrower	none	none	True	False		0.9937	0.9937	5.050999999999965e-05	0.9929	820.0
easy:718222000	easy	A	A	True	True		0.9923	0.9923	9.017000000000061e-05	0.9914	816.1
easy:52404001	easy	A	A	True	True		0.9655	0.9655	0.0023804999999999985	0.9612	952.3
hard:725033008	hard	B	B	True	False		0.9935	0.9935	8.450999999999935e-05	0.9926	915.1
none-narrower:1193650002	none-narrower	none	none	True	False		0.9943	0.9943	4.501000000000044e-05	0.9935	676.4
easy:83799000	easy	B	B	True	False		0.9513	0.9513	0.004723959999999997	0.9452	829.8
hard:44882003	hard	A	A	True	True		0.8353	0.8353	0.05418634999999999	0.8147	690.5
easy:424413001	easy	A	A	True	True		0.9905	0.9905	0.0001804999999999991	0.9893	671.9
easy:68982002	easy	A	A	True	True		0.9831	0.9831	0.0005712200000000008	0.9809	650.3
hard:3218000	hard	A	none	False	True		0.8451	0.1528	1.43194511	0.8257	570.6
easy:43363007	easy	A	A	True	True		0.9811	0.9811	0.000710660000000001	0.9787	573.3
easy:76069003	easy	A	A	True	True		0.8904	0.8904	0.023871630000000005	0.8767	556.7
easy:421529006	easy	F	none	False	False		0.9958	0.0037	1.98423145	0.9953	755.3
hard:371197005	hard	A	none	False	True		0.7271	0.1624	1.23862886	0.693	630.7
hard:255015006	hard	A	A	True	True		0.8571	0.8571	0.04050051	0.8392	678.0
easy:254620000	easy	A	A	True	True		0.9727	0.9727	0.0014583899999999995	0.9693	717.1
retrieval-miss:1259003	retrieval-miss	none	none	True	False		0.9987	0.9987	2.0499999999999164e-06	0.9986	849.6
hard:254794007	hard	A	A	True	True		0.9603	0.9603	0.0031442899999999966	0.9553	663.1
retrieval-miss:720830009	retrieval-miss	none	B	False	False		0.8787	0.1008	1.58096821	0.8635	812.8
hard:446096008	hard	A	A	True	True		0.994	0.994	7.081000000000006e-05	0.9933	550.5
none-narrower:321131000119100	none-narrower	none	none	True	False		0.9784	0.9784	0.0006095599999999979	0.9757	642.9
hard:733045005	hard	A	A	True	True		0.9945	0.9945	6.049999999999944e-05	0.9938	936.4
hard:713060000	hard	A	A	True	True		0.9826	0.9826	0.000533049999999999	0.9804	703.3
easy:1493002	easy	A	A	True	True		0.9548	0.9548	0.004032690000000002	0.9491	612.2
hard:22451001	hard	A	A	True	True		0.851	0.851	0.04416473	0.8323	674.4
easy:267395000	easy	A	A	True	True		0.9896	0.9896	0.00021223999999999928	0.9883	564.2
easy:768935003	easy	A	A	True	True		0.9957	0.9957	3.0379999999999746e-05	0.9951	1007.4
none-narrower:413808003	none-narrower	none	none	True	False		0.9933	0.9933	7.678000000000052e-05	0.9925	767.1
hard:726350006	hard	A	A	True	True		0.9298	0.9298	0.009530180000000006	0.921	676.5
hard:715564000	hard	B	B	True	False		0.9568	0.9568	0.0037238600000000016	0.9513	740.2
none-narrower:21071000119101	none-narrower	none	none	True	False		0.9927	0.9927	0.00010232999999999961	0.9918	563.1
none-narrower:126780007	none-narrower	none	none	True	False		0.9686	0.9686	0.001507789999999999	0.9647	565.8
hard:254084008	hard	A	A	True	True		0.9674	0.9674	0.0020868899999999975	0.9634	729.9
hard:312917007	hard	A	A	True	True		0.9649	0.9649	0.0024500300000000015	0.9605	716.9
easy:36485005	easy	A	A	True	True		0.9769	0.9769	0.0010313900000000005	0.974	663.3
hard:14783006	hard	A	A	True	True		0.9939	0.9939	5.917999999999993e-05	0.9931	615.3
hard:4340003	hard	A	A	True	True		0.9767	0.9767	0.0010857799999999995	0.9738	707.7
none-narrower:276675009	none-narrower	none	none	True	False		0.9968	0.9968	1.3719999999999875e-05	0.9964	576.7
hard:125666000	hard	A	A	True	True		0.9795	0.9795	0.0008404999999999986	0.9769	657.2
hard:64009001	hard	A	A	True	True		0.98	0.98	0.0007546500000000008	0.9775	692.3
easy:62110005	easy	A	A	True	True		0.9773	0.9773	0.0010305800000000025	0.9745	826.3
retrieval-miss:238700008	retrieval-miss	none	none	True	False		0.9642	0.9642	0.002520880000000004	0.9597	733.4
easy:92413008	easy	A	A	True	True		0.9271	0.9271	0.010541829999999995	0.918	698.1
easy:723360007	easy	C	C	True	False		0.8762	0.8762	0.028584700000000005	0.8607	649.2
hard:34225008	hard	A	none	False	True		0.9817	0.018	1.9280589799999999	0.9794	708.6
hard:9631008	hard	A	A	True	True		0.9819	0.9819	0.0006480300000000002	0.9797	597.9
hard:372100004	hard	A	A	True	True		0.9428	0.9428	0.006543690000000003	0.9356	697.9
none-narrower:187662005	none-narrower	none	none	True	False		0.9922	0.9922	0.00010250000000000046	0.9912	630.3
easy:36753006	easy	A	none	False	True		0.814	0.1846	1.3274746	0.7908	903.4
easy:719256004	easy	A	A	True	True		0.9858	0.9858	0.0004004599999999997	0.984	642.1
none-narrower:1076881000119103	none-narrower	none	none	True	False		0.9983	0.9983	5.460000000000119e-06	0.9981	609.8
none-narrower:403903003	none-narrower	none	none	True	False		0.7895	0.7895	0.08617852000000001	0.7632	723.3
hard:719518004	hard	A	A	True	True		0.9902	0.9902	0.0001901400000000006	0.989	810.8
hard:716006003	hard	A	A	True	True		0.892	0.892	0.023306419999999994	0.8785	833.8
none-narrower:769219006	none-narrower	none	none	True	False		0.9709	0.9709	0.0016369300000000008	0.9672	701.2
easy:238626006	easy	A	A	True	True		0.9357	0.9357	0.007922560000000002	0.9277	755.1
retrieval-miss:230410004	retrieval-miss	none	A	False	False		0.7938	0.0991	1.44605432	0.7681	927.0
hard:126853008	hard	A	A	True	True		0.8604	0.8604	0.03869869999999999	0.843	634.8
hard:765057007	hard	A	A	True	True		0.9918	0.9918	0.00013447999999999976	0.9908	874.8
hard:104431000119107	hard	A	A	True	True		0.9288	0.9288	0.010110480000000005	0.9199	781.0
easy:87074006	easy	A	A	True	True		0.9876	0.9876	0.00030505999999999914	0.9861	649.4
hard:699676006	hard	A	A	True	True		0.7665	0.7665	0.10825638000000001	0.7373	612.5
none-narrower:405539004	none-narrower	none	none	True	False		0.9886	0.9886	0.00019606999999999923	0.9871	690.1
none-narrower:296561000119108	none-narrower	none	none	True	False		0.9235	0.9235	0.011478710000000001	0.9139	719.7
hard:717055000	hard	A	A	True	True		0.9965	0.9965	2.4499999999999633e-05	0.996	617.0
hard:724066002	hard	A	A	True	True		0.9589	0.9589	0.0033702100000000024	0.9537	834.8
hard:404041003	hard	A	none	False	True		0.8466	0.0067	1.72469266	0.8275	707.4
hard:409658007	hard	A	A	True	True		0.9946	0.9946	5.831999999999958e-05	0.9939	560.1
hard:720010009	hard	A	A	True	True		0.9967	0.9967	2.1779999999999798e-05	0.9962	841.2
none-narrower:71003000	none-narrower	none	none	True	False		0.9919	0.9919	0.00011353999999999995	0.9909	673.9
easy:204319006	easy	A	A	True	True		0.9869	0.9869	0.00034322000000000004	0.9853	671.1
hard:768556005	hard	A	A	True	True		0.9968	0.9968	1.9849999999999876e-05	0.9964	827.2
none-narrower:399723004	none-narrower	none	none	True	False		0.9916	0.9916	0.00010362999999999939	0.9906	703.0
easy:205649008	easy	C	none	False	False		0.8739	0.0925	1.58811518	0.8581	699.7
hard:30496006	hard	B	none	False	False		0.8669	0.1314	1.50598304	0.8503	801.8
easy:360378009	easy	A	A	True	True		0.963	0.963	0.002738000000000002	0.9584	778.5
hard:254637007	hard	A	A	True	True		0.9932	0.9932	9.248000000000039e-05	0.9923	725.6
hard:423607006	hard	A	A	True	True		0.9286	0.9286	0.010082660000000004	0.9196	712.9
easy:85901000	easy	A	none	False	True		0.8375	0.1498	1.42439529	0.8172	738.2
hard:274718005	hard	A	A	True	True		0.7983	0.7983	0.08092446	0.773	549.9
easy:81285006	easy	A	A	True	True		0.8916	0.8916	0.02332857000000001	0.878	634.6
none-narrower:765481009	none-narrower	none	none	True	False		0.9816	0.9816	0.0006626099999999989	0.9793	633.3
none-narrower:430348006	none-narrower	none	none	True	False		0.9976	0.9976	7.789999999999798e-06	0.9973	662.9
easy:719576009	easy	A	A	True	True		0.962	0.962	0.0028355500000000027	0.9572	1013.1
easy:763130006	easy	A	A	True	True		0.9953	0.9953	4.418000000000035e-05	0.9947	750.5
none-narrower:22721008	none-narrower	none	none	True	False		0.9679	0.9679	0.002004260000000001	0.9639	791.7
easy:29352008	easy	A	A	True	True		0.5044	0.5044	0.4883780700000001	0.4425	735.5
easy:719646006	easy	A	A	True	True		0.9949	0.9949	5.201999999999994e-05	0.9943	870.0
hard:15188001	hard	A	A	True	True		0.9259	0.9259	0.010966810000000007	0.9167	602.8
easy:79674009	easy	A	A	True	True		0.9219	0.9219	0.012199219999999992	0.9121	848.5
retrieval-miss:45894003	retrieval-miss	none	none	True	False		0.9984	0.9984	4.810000000000147e-06	0.9982	637.3
hard:726341009	hard	A	A	True	True		0.7734	0.7734	0.10215393	0.7451	776.0
none-narrower:266571009	none-narrower	none	none	True	False		0.9966	0.9966	1.8619999999999717e-05	0.9961	608.8
retrieval-miss:254150007	retrieval-miss	none	none	True	False		0.9987	0.9987	2.939999999999917e-06	0.9985	800.9
hard:40159009	hard	A	none	False	True		0.7892	0.1469	1.35416475	0.7628	669.0
none-narrower:735522008	none-narrower	none	none	True	False		0.9985	0.9985	3.3099999999998374e-06	0.9983	654.4
easy:718632004	easy	A	A	True	True		0.9785	0.9785	0.0009202199999999983	0.9758	758.7
hard:80544005	hard	A	none	False	True		0.8091	0.1902	1.3104190599999999	0.7852	675.5
none-narrower:447139008	none-narrower	none	none	True	False		0.9426	0.9426	0.005772810000000001	0.9355	491.7
none-narrower:127321000	none-narrower	none	none	True	False		0.9011	0.9011	0.01838877	0.8887	626.6
easy:716092007	easy	A	A	True	True		0.9651	0.9651	0.002429050000000003	0.9608	827.0
hard:716775009	hard	A	A	True	True		0.9708	0.9708	0.0016936800000000004	0.9672	735.7
easy:733110004	easy	A	A	True	True		0.7354	0.7354	0.13997340999999996	0.7023	841.7
hard:721221000	hard	C	C	True	False		0.9323	0.9323	0.009166579999999997	0.9238	770.0
easy:105261000119101	easy	A	A	True	True		0.9241	0.9241	0.011476219999999995	0.9146	639.0
easy:84241008	easy	A	A	True	True		0.8446	0.8446	0.04386582	0.8251	655.6
easy:398831006	easy	A	none	False	True		0.711	0.2606	1.0524405200000002	0.6749	713.7
hard:367601000119103	hard	A	A	True	True		0.9878	0.9878	0.0002952899999999997	0.9862	786.6
easy:716007007	easy	A	A	True	True		0.9933	0.9933	8.845000000000052e-05	0.9925	837.7
hard:46168003	hard	A	none	False	True		0.9871	0.0084	1.95764787	0.9855	634.9
easy:16059006	easy	A	A	True	True		0.9714	0.9714	0.0016359199999999977	0.9679	871.9
hard:37075008	hard	E	E	True	False		0.8335	0.8335	0.05537795999999999	0.8126	559.7
easy:46206005	easy	A	A	True	True		0.927	0.927	0.010643449999999995	0.9179	522.2
hard:717827000	hard	A	A	True	True		0.9948	0.9948	5.4079999999999814e-05	0.9942	774.5
hard:1475003	hard	A	A	True	True		0.9627	0.9627	0.00274566	0.958	644.4
none-narrower:86100009	none-narrower	none	none	True	False		0.9964	0.9964	1.5740000000000344e-05	0.9959	708.9
easy:234500001	easy	A	A	True	True		0.9924	0.9924	0.00011402000000000078	0.9914	696.2
easy:715673002	easy	A	A	True	True		0.9957	0.9957	3.6979999999999744e-05	0.9951	967.9
retrieval-miss:2109003	retrieval-miss	none	none	True	False		0.9913	0.9913	0.00013859000000000072	0.9902	717.4
hard:277602003	hard	A	A	True	True		0.9763	0.9763	0.0011186600000000027	0.9733	688.0
hard:363425008	hard	A	none	False	True		0.5877	0.4062	0.6980107000000001	0.5361	696.8
retrieval-miss:188274004	retrieval-miss	none	none	True	False		0.9992	0.9992	1.1300000000000366e-06	0.9991	580.5
easy:198297004	easy	A	none	False	True		0.9984	0.0004	1.9960033300000002	0.9982	629.8
hard:718200007	hard	A	A	True	True		0.9814	0.9814	0.0005185299999999981	0.9791	682.9
none-narrower:48352007	none-narrower	none	none	True	False		0.9968	0.9968	1.4709999999999876e-05	0.9964	527.2
easy:716279002	easy	A	A	True	True		0.9873	0.9873	0.00032258000000000113	0.9857	897.6
easy:720950009	easy	A	A	True	True		0.9976	0.9976	1.1519999999999797e-05	0.9973	744.7
none-narrower:1332388003	none-narrower	none	A	False	False		0.9951	0.0049	1.9804480299999998	0.9944	695.5
hard:33979003	hard	A	A	True	True		0.9805	0.9805	0.0007566099999999985	0.9781	705.7
easy:45281005	easy	A	A	True	True		0.9492	0.9492	0.004646819999999996	0.9428	543.2
none-narrower:1237368006	none-narrower	none	A	False	False		0.9917	0.0082	1.96713613	0.9907	896.2
none-narrower:94166001	none-narrower	none	none	True	False		0.9992	0.9992	9.000000000000367e-07	0.9991	716.2
hard:254066006	hard	A	A	True	True		0.9631	0.9631	0.0027232200000000036	0.9585	800.3
none-narrower:191668004	none-narrower	none	none	True	False		0.9981	0.9981	5.970000000000048e-06	0.9978	596.3
hard:764711007	hard	A	A	True	True		0.997	0.997	1.8000000000000017e-05	0.9967	871.3
hard:254712007	hard	A	A	True	True		0.9422	0.9422	0.006456759999999995	0.935	636.2
easy:70041004	easy	A	A	True	True		0.5147	0.5147	0.34812962	0.454	746.8
none-narrower:24285001	none-narrower	none	none	True	False		0.9942	0.9942	5.612000000000031e-05	0.9934	738.0
easy:389214003	easy	A	A	True	True		0.9968	0.9968	2.047999999999988e-05	0.9964	876.4
hard:79037006	hard	A	A	True	True		0.976	0.976	0.0011520000000000011	0.973	639.1
easy:69195002	easy	A	none	False	True		0.9548	0.0232	1.8662069	0.9491	663.8
easy:9014002	easy	A	A	True	True		0.9592	0.9592	0.003329279999999996	0.9541	606.9
hard:410016009	hard	A	A	True	True		0.6343	0.6343	0.26747298	0.5885	811.6
hard:69278003	hard	A	none	False	True		0.648	0.3507	0.84149505	0.604	675.3
none-narrower:399899001	none-narrower	none	none	True	False		0.9959	0.9959	2.5559999999999938e-05	0.9953	716.2
none-narrower:1237571004	none-narrower	none	D	False	False		0.7963	0.0251	1.61529387	0.7709	790.6
hard:91521000119104	hard	A	A	True	True		0.9712	0.9712	0.0016417800000000028	0.9676	612.0
easy:267431006	easy	A	none	False	True		0.9939	0.0043	1.9792568900000003	0.9931	557.6
none-narrower:307762000	none-narrower	none	none	True	False		0.9807	0.9807	0.0006600599999999993	0.9782	544.3
easy:231824001	easy	A	A	True	True		0.9365	0.9365	0.007569850000000001	0.9286	640.6
hard:128606002	hard	A	A	True	True		0.8976	0.8976	0.02095105000000001	0.8848	606.3
easy:16872008	easy	A	A	True	True		0.8635	0.8635	0.03461849999999999	0.8465	659.1
hard:52179003	hard	A	none	False	True		0.5541	0.4376	0.6233528500000001	0.4984	721.2
none-narrower:38725001	none-narrower	none	none	True	False		0.9807	0.9807	0.0007047399999999994	0.9783	600.3
easy:60676002	easy	A	A	True	True		0.9718	0.9718	0.0015736900000000002	0.9683	650.7
easy:239020008	easy	A	A	True	True		0.9576	0.9576	0.0035786199999999994	0.9523	664.7
hard:66207005	hard	D	D	True	False		0.8469	0.8469	0.046879220000000006	0.8278	757.1
none-narrower:44549008	none-narrower	none	none	True	False		0.8953	0.8953	0.021736780000000004	0.8822	654.2
none-narrower:1373821001	none-narrower	none	none	True	False		0.9998	0.9998	7.999999999999119e-08	0.9998	733.3
hard:187777008	hard	A	A	True	True		0.8877	0.8877	0.025066109999999992	0.8737	696.0
easy:406506008	easy	E	A	False	False		0.9265	0.0001	1.86358982	0.9173	681.4
easy:444645005	easy	A	A	True	True		0.974	0.974	0.0013265000000000013	0.9708	634.2
hard:92470003	hard	A	A	True	True		0.8253	0.8253	0.053084039999999985	0.8035	690.8
hard:30188007	hard	A	A	True	True		0.9842	0.9842	0.0004992800000000013	0.9822	767.2
easy:11934000	easy	A	A	True	True		0.9667	0.9667	0.00221778	0.9625	569.2
none-narrower:702399004	none-narrower	none	none	True	False		0.9924	0.9924	9.058000000000078e-05	0.9914	590.1
none-narrower:75803007	none-narrower	none	none	True	False		0.9957	0.9957	3.6979999999999744e-05	0.9952	628.9
retrieval-miss:205550003	retrieval-miss	none	A	False	False		0.9774	0.0211	1.9135568200000002	0.9746	611.0
hard:230284004	hard	A	A	True	True		0.665	0.665	0.18927463	0.6231	764.2
hard:363354003	hard	A	none	False	True		0.8885	0.0886	1.62041683	0.8746	658.1
none-narrower:197599000	none-narrower	none	none	True	False		0.9232	0.9232	0.010664579999999996	0.9136	629.1
easy:734024009	easy	A	A	True	True		0.98	0.98	0.0007960200000000008	0.9775	803.8
easy:716195006	easy	A	A	True	True		0.9832	0.9832	0.0005611300000000013	0.9812	909.7
retrieval-miss:275498002	retrieval-miss	none	none	True	False		0.9847	0.9847	0.0003692399999999994	0.9828	598.8
easy:716741008	easy	A	none	False	True		0.9381	0.0566	1.7700399000000002	0.9303	797.1
easy:6631009	easy	A	A	True	True		0.5001	0.5001	0.49800468999999997	0.4376	694.3
easy:76902006	easy	A	A	True	True		0.8798	0.8798	0.028872049999999993	0.8648	805.3
easy:723308003	easy	A	none	False	True		0.9636	0.036	1.85782106	0.959	879.1
none-narrower:86333008	none-narrower	none	none	True	False		0.9857	0.9857	0.00034005999999999945	0.9839	685.8
hard:21848000	hard	A	A	True	True		0.9598	0.9598	0.003129800000000001	0.9548	681.0
none-narrower:74142004	none-narrower	none	none	True	False		0.9876	0.9876	0.0002954799999999992	0.986	631.0
hard:24867002	hard	B	none	False	False		0.9885	0.0045	1.9681749400000002	0.9871	669.1
easy:20639004	easy	A	A	True	True		0.9459	0.9459	0.0058320300000000045	0.9391	743.6
easy:45913009	easy	A	A	True	True		0.9749	0.9749	0.0011230100000000005	0.9718	706.6
easy:63122002	easy	A	A	True	True		0.9024	0.9024	0.019051520000000006	0.8902	828.0
easy:277155005	easy	A	A	True	True		0.8522	0.8522	0.04324935000000002	0.8337	591.0
easy:64479007	easy	A	none	False	True		0.9771	0.0163	1.9224126	0.9742	674.2
none-narrower:4477007	none-narrower	none	none	True	False		0.7847	0.7847	0.08800037000000001	0.7578	787.6
easy:448315008	easy	A	none	False	True		0.8969	0.0969	1.6200313800000001	0.884	624.4
hard:707354003	hard	A	none	False	True		0.7256	0.2576	1.07786582	0.6913	719.9
hard:64250002	hard	A	A	True	True		0.9257	0.9257	0.010908560000000005	0.9165	664.6
easy:716169009	easy	A	A	True	True		0.7623	0.7623	0.11286014000000001	0.7326	809.4
easy:18910001	easy	A	A	True	True		0.8756	0.8756	0.03075243999999999	0.8601	603.4
easy:111405003	easy	A	A	True	True		0.9132	0.9132	0.015068479999999999	0.9024	820.4
easy:75116005	easy	A	A	True	True		0.9394	0.9394	0.007344719999999999	0.9318	824.9
none-narrower:201988000	none-narrower	none	none	True	False		0.9404	0.9404	0.007045079999999998	0.933	589.3
hard:405810005	hard	A	A	True	True		0.946	0.946	0.005832000000000006	0.9393	766.7
easy:733085004	easy	A	A	True	True		0.9005	0.9005	0.017343900000000006	0.8881	986.8
none-narrower:195812001	none-narrower	none	none	True	False		0.9911	0.9911	0.00011623000000000034	0.99	575.6
none-narrower:399207003	none-narrower	none	none	True	False		0.9995	0.9995	3.4999999999994493e-07	0.9995	578.9
hard:84777002	hard	A	A	True	True		0.9694	0.9694	0.0018605299999999978	0.9656	598.7
hard:733599009	hard	B	B	True	False		0.9501	0.9501	0.004090100000000005	0.9439	923.1
hard:720520009	hard	A	A	True	True		0.9917	0.9917	0.00013612999999999958	0.9907	783.4
easy:33595009	easy	A	A	True	True		0.9749	0.9749	0.0009574400000000006	0.9717	649.0
easy:11666007	easy	A	A	True	True		0.9548	0.9548	0.0040860800000000015	0.9492	800.7
hard:55444004	hard	A	A	True	True		0.9038	0.9038	0.018470449999999992	0.8918	653.0
easy:10741005	easy	A	A	True	True		0.9175	0.9175	0.013514040000000005	0.9071	697.2
hard:190919008	hard	A	A	True	True		0.9883	0.9883	0.00026467000000000103	0.9869	630.1
easy:233621003	easy	A	A	True	True		0.931	0.931	0.009358589999999993	0.9224	672.6
hard:443937008	hard	A	A	True	True		0.9823	0.9823	0.0006265800000000018	0.9801	666.2
hard:707405009	hard	A	none	False	True		0.9777	0.0204	1.91551503	0.9749	644.1
easy:109041000119107	easy	A	A	True	True		0.8597	0.8597	0.039368179999999996	0.8422	725.4
hard:7620006	hard	A	none	False	True		0.9534	0.0463	1.8185152800000002	0.9476	635.5
hard:45853006	hard	A	A	True	True		0.9866	0.9866	0.0003591199999999991	0.9849	795.6
easy:721187005	easy	A	A	True	True		0.8546	0.8546	0.03377921	0.8364	821.9
easy:71325002	easy	A	A	True	True		0.9848	0.9848	0.00042228999999999975	0.9829	626.8
hard:192727001	hard	D	D	True	False		0.9981	0.9981	6.850000000000048e-06	0.9979	655.9
hard:235603003	hard	A	A	True	True		0.9799	0.9799	0.0008000300000000003	0.9774	610.5
hard:83275001	hard	A	A	True	True		0.9908	0.9908	0.00016927999999999973	0.9896	509.3
retrieval-miss:49562005	retrieval-miss	none	none	True	False		0.6524	0.6524	0.21113204000000002	0.6089	689.2
none-narrower:16466741000119102	none-narrower	none	none	True	False		0.9731	0.9731	0.001420740000000002	0.9697	691.6
hard:39462005	hard	A	A	True	True		0.985	0.985	0.0004500000000000004	0.9832	656.5
hard:74728003	hard	A	A	True	True		0.9794	0.9794	0.000824619999999998	0.9768	668.5
hard:73397007	hard	A	A	True	True		0.9914	0.9914	0.0001479200000000009	0.9903	651.4
easy:86095007	easy	A	A	True	True		0.9026	0.9026	0.014470610000000007	0.8904	658.1
hard:448254007	hard	A	A	True	True		0.9542	0.9542	0.004158849999999996	0.9485	684.1
easy:109378008	easy	A	A	True	True		0.9249	0.9249	0.01104356999999999	0.9155	824.5
hard:715415005	hard	A	A	True	True		0.9973	0.9973	1.4580000000000192e-05	0.997	817.9
easy:85149007	easy	A	A	True	True		0.934	0.934	0.008711999999999994	0.9257	955.9
hard:763455008	hard	A	none	False	True		0.8561	0.0292	1.6855582199999999	0.8381	1034.9
none-narrower:1197333008	none-narrower	none	none	True	False		0.9903	0.9903	0.0001464800000000008	0.9891	560.2
hard:92246000	hard	A	A	True	True		0.9313	0.9313	0.009330369999999998	0.9228	664.4
none-narrower:61458006	none-narrower	none	none	True	False		0.9653	0.9653	0.0023074099999999967	0.9609	844.3
hard:715626008	hard	A	A	True	True		0.996	0.996	3.201000000000003e-05	0.9954	751.5
hard:717181004	hard	A	A	True	True		0.9938	0.9938	7.56599999999998e-05	0.9931	834.2
hard:40283005	hard	A	none	False	True		0.9924	0.007	1.97090685	0.9914	572.2
easy:363505006	easy	A	none	False	True		0.7228	0.2633	1.0652703600000002	0.6882	673.7
none-narrower:90974009	none-narrower	none	none	True	False		0.9216	0.9216	0.011970100000000004	0.9118	598.8
hard:722947004	hard	A	A	True	True		0.9869	0.9869	0.00033297000000000003	0.9853	625.0
hard:715987000	hard	A	A	True	True		0.9588	0.9588	0.003386650000000001	0.9536	831.7
none-narrower:1172901009	none-narrower	none	A	False	False		0.9762	0.0238	1.90593288	0.9732	725.1
hard:237957007	hard	A	A	True	True		0.9861	0.9861	0.00038092000000000063	0.9844	824.7
hard:237964009	hard	A	none	False	True		0.7942	0.2054	1.2621429	0.7684	929.1
easy:33225004	easy	A	A	True	True		0.8778	0.8778	0.029816859999999994	0.8626	560.0
hard:719305006	hard	A	A	True	True		0.9458	0.9458	0.004945390000000003	0.939	734.1
easy:722675000	easy	A	A	True	True		0.9921	0.9921	0.0001248200000000003	0.9911	772.1
easy:723441001	easy	A	none	False	True		0.8864	0.1101	1.5776310699999998	0.8722	800.9
hard:93471006	hard	A	A	True	True		0.9897	0.9897	0.0002101299999999995	0.9884	591.7
easy:237603002	easy	A	A	True	True		0.9769	0.9769	0.0010181900000000004	0.9741	687.8
none-narrower:95525004	none-narrower	none	none	True	False		0.9941	0.9941	6.732000000000019e-05	0.9933	549.5
hard:417967008	hard	A	A	True	True		0.9242	0.9242	0.011476129999999998	0.9148	662.2
easy:718720007	easy	A	A	True	True		0.9764	0.9764	0.0011092099999999978	0.9735	643.6
none-narrower:1366243009	none-narrower	none	none	True	False		0.9986	0.9986	2.9499999999998794e-06	0.9984	560.3
none-narrower:427435004	none-narrower	none	none	True	False		0.9971	0.9971	1.243000000000008e-05	0.9968	607.7
easy:404109006	easy	A	A	True	True		0.8772	0.8772	0.029964100000000007	0.8619	657.8
hard:717041008	hard	A	A	True	True		0.9909	0.9909	0.00016203999999999993	0.9898	659.1
none-narrower:61823004	none-narrower	none	none	True	False		0.9935	0.9935	5.308999999999935e-05	0.9927	674.1
easy:70070008	easy	A	none	False	True		0.9954	0.0029	1.9850306699999998	0.9949	1048.3
hard:129000002	hard	A	A	True	True		0.8466	0.8466	0.04700182	0.8274	807.8
hard:56478004	hard	A	A	True	True		0.9907	0.9907	0.0001729799999999995	0.9895	598.9
retrieval-miss:402736003	retrieval-miss	none	none	True	False		0.9985	0.9985	4.219999999999838e-06	0.9983	626.6
none-narrower:238778000	none-narrower	none	none	True	False		0.9968	0.9968	1.8129999999999876e-05	0.9964	929.3
easy:254956000	easy	A	A	True	True		0.9734	0.9734	0.0014098099999999977	0.9701	688.0
easy:84828003	easy	A	A	True	True		0.9871	0.9871	0.0003328200000000006	0.9855	868.7
hard:49607006	hard	A	none	False	True		0.7541	0.0492	1.4932779099999998	0.7234	661.9
easy:239112008	easy	A	A	True	True		0.9763	0.9763	0.0011233800000000026	0.9733	846.0
hard:10934005	hard	A	A	True	True		0.9534	0.9534	0.004224739999999998	0.9476	862.2
hard:34528009	hard	A	none	False	True		0.9899	0.0039	1.9721448	0.9887	585.2
easy:88518009	easy	A	A	True	True		0.9824	0.9824	0.0006195199999999982	0.9802	579.8
none-narrower:438628005	none-narrower	none	none	True	False		0.9963	0.9963	1.728000000000027e-05	0.9958	619.5
easy:722062004	easy	A	A	True	True		0.9739	0.9739	0.0013572100000000006	0.9707	890.9
easy:82523003	easy	A	A	True	True		0.6366	0.6366	0.26259928	0.5911	564.1
hard:72836002	hard	A	A	True	True		0.9454	0.9454	0.005792719999999998	0.9385	668.8
easy:74351001	easy	A	A	True	True		0.9918	0.9918	0.00013447999999999976	0.9908	639.6
hard:4445009	hard	A	none	False	True		0.4598	0.4487	0.52368346	0.3922	608.1
hard:75316000	hard	A	A	True	True		0.995	0.995	4.901000000000005e-05	0.9944	748.2
hard:38959009	hard	A	A	True	True		0.9958	0.9958	3.527999999999984e-05	0.9952	550.3
easy:408663001	easy	A	A	True	True		0.9122	0.9122	0.01541768	0.9012	834.8
none-narrower:427921009	none-narrower	none	none	True	False		0.9974	0.9974	1.0890000000000243e-05	0.997	501.6
hard:205681004	hard	A	A	True	True		0.892	0.892	0.022430849999999995	0.8785	664.2
easy:66038001	easy	A	A	True	True		0.8681	0.8681	0.034768860000000006	0.8516	827.6
hard:71941009	hard	A	none	False	True		0.7882	0.2096	1.24599541	0.7617	599.6
easy:715625007	easy	A	A	True	True		0.9585	0.9585	0.0034444999999999988	0.9533	838.8
none-narrower:15977008	none-narrower	none	none	True	False		0.9914	0.9914	0.0001479200000000009	0.9903	668.9
easy:10649000	easy	A	A	True	True		0.9315	0.9315	0.009384500000000002	0.923	866.8
hard:26609002	hard	B	A	False	False		0.9382	0.0002	1.88361384	0.9305	717.1
hard:712922002	hard	A	none	False	True		0.6285	0.3714	0.79015022	0.5821	771.7
easy:254664008	easy	A	A	True	True		0.7765	0.7765	0.09977053000000002	0.7485	709.7
hard:723096000	hard	A	A	True	True		0.9739	0.9739	0.001362420000000001	0.9706	531.1
hard:719300001	hard	A	A	True	True		0.9938	0.9938	7.687999999999979e-05	0.993	879.8
easy:46785007	easy	A	A	True	True		0.9769	0.9769	0.0010580400000000005	0.974	734.1
hard:58648008	hard	A	none	False	True		0.6271	0.3649	0.7966688399999999	0.5805	817.8
none-narrower:719042007	none-narrower	none	B	False	False		0.9751	0.0248	1.9018350499999999	0.972	659.4
easy:68210006	easy	A	A	True	True		0.8354	0.8354	0.053761269999999986	0.8149	553.1
easy:276799004	easy	A	A	True	True		0.9746	0.9746	0.0012903199999999989	0.9714	842.7
hard:231896005	hard	A	A	True	True		0.9652	0.9652	0.0022301300000000038	0.9608	548.3
hard:63103006	hard	A	A	True	True		0.9922	0.9922	0.00012013000000000046	0.9913	616.2
easy:187842004	easy	A	A	True	True		0.6686	0.6686	0.21398719	0.6272	703.0
hard:128117002	hard	A	A	True	True		0.9396	0.9396	0.0060374600000000014	0.932	643.0
hard:78769001	hard	A	A	True	True		0.9734	0.9734	0.0014151199999999976	0.9701	584.6
easy:22841008	easy	A	none	False	True		0.9284	0.0366	1.79100257	0.9194	840.3
hard:254701007	hard	A	A	True	True		0.9894	0.9894	0.00022262000000000114	0.9881	692.9
none-narrower:521000146105	none-narrower	none	none	True	False		0.997	0.997	1.4350000000000015e-05	0.9967	704.2
hard:239940004	hard	A	A	True	True		0.9833	0.9833	0.0005544500000000017	0.9813	725.9
easy:763622006	easy	B	B	True	False		0.9421	0.9421	0.006681709999999994	0.9349	655.4
none-narrower:871655005	none-narrower	none	none	True	False		0.9981	0.9981	6.850000000000048e-06	0.9979	684.1
none-narrower:25668000	none-narrower	none	A	False	False		0.5532	0.4414	0.6180874999999999	0.4973	633.4
hard:719599008	hard	A	A	True	True		0.996	0.996	3.200000000000003e-05	0.9955	885.3
hard:52824009	hard	A	none	False	True		0.6231	0.3386	0.8268214599999999	0.576	546.5
hard:715827001	hard	A	A	True	True		0.8592	0.8592	0.039425040000000015	0.8416	746.4
easy:307343001	easy	A	none	False	True		0.9083	0.082	1.66782315	0.8969	593.0
none-narrower:95795006	none-narrower	none	none	True	False		0.9938	0.9938	5.29699999999998e-05	0.993	463.5
none-narrower:762379000	none-narrower	none	none	True	False		0.9826	0.9826	0.000424509999999999	0.9804	571.7
none-narrower:26284000	none-narrower	none	none	True	False		0.9972	0.9972	1.1700000000000139e-05	0.9969	683.6
easy:240877000	easy	A	A	True	True		0.9537	0.9537	0.003769980000000001	0.9479	673.7
easy:717332007	easy	A	A	True	True		0.9452	0.9452	0.005930029999999996	0.9384	820.9
easy:75544000	easy	A	A	True	True		0.9293	0.9293	0.009815659999999997	0.9205	489.5
easy:126956001	easy	A	A	True	True		0.9416	0.9416	0.006616690000000001	0.9343	679.2
hard:444921008	hard	D	none	False	False		0.9959	0.0026	1.98662494	0.9954	698.7
none-narrower:403151007	none-narrower	none	none	True	False		0.9978	0.9978	7.009999999999911e-06	0.9975	609.8
easy:104081000119103	easy	A	none	False	True		0.8992	0.0538	1.7043717000000003	0.8866	668.8
easy:25277000	easy	A	A	True	True		0.9734	0.9734	0.0014045599999999976	0.97	621.0
none-narrower:26884006	none-narrower	none	none	True	False		0.9961	0.9961	2.8910000000000115e-05	0.9957	761.7
retrieval-miss:51689003	retrieval-miss	none	none	True	False		0.9742	0.9742	0.0012712500000000024	0.971	606.5
hard:399107008	hard	A	A	True	True		0.8975	0.8975	0.020992020000000007	0.8847	577.2
hard:13596001	hard	A	A	True	True		0.9802	0.9802	0.0007762100000000016	0.9777	648.4
hard:722455002	hard	A	A	True	True		0.9871	0.9871	0.00033026000000000057	0.9855	1013.8
hard:10890000	hard	A	A	True	True		0.864	0.864	0.035821500000000006	0.847	670.7
easy:328611000119105	easy	A	A	True	True		0.9401	0.9401	0.006347199999999995	0.9326	743.5
retrieval-miss:32599008	retrieval-miss	none	none	True	False		0.9981	0.9981	4.520000000000048e-06	0.9979	692.0
none-narrower:1296880000	none-narrower	none	none	True	False		0.6496	0.6496	0.24521034000000003	0.6058	700.5
hard:49292002	hard	A	A	True	True		0.9296	0.9296	0.009772810000000003	0.9208	761.8
none-narrower:201240005	none-narrower	none	none	True	False		0.9981	0.9981	5.500000000000048e-06	0.9978	746.2
none-narrower:74372003	none-narrower	none	none	True	False		0.9992	0.9992	8.300000000000366e-07	0.9991	674.1
easy:372244006	easy	A	none	False	True		0.7322	0.2672	1.0731128	0.6987	604.8
none-narrower:243410003	none-narrower	none	none	True	False		0.9984	0.9984	3.5600000000001463e-06	0.9983	708.9
hard:715829003	hard	A	none	False	True		0.6762	0.3221	0.91679642	0.6357	710.9
easy:37471005	easy	A	A	True	True		0.9839	0.9839	0.00051522	0.9818	704.5
none-narrower:1177035002	none-narrower	none	none	True	False		0.9966	0.9966	2.0609999999999716e-05	0.9961	709.5
none-narrower:201996005	none-narrower	none	none	True	False		0.885	0.885	0.026198719999999998	0.8706	535.7
none-narrower:277481003	none-narrower	none	none	True	False		0.9951	0.9951	4.183000000000015e-05	0.9944	627.4
easy:715796006	easy	A	A	True	True		0.9987	0.9987	2.939999999999917e-06	0.9986	1009.2
easy:413656006	easy	A	none	False	True		0.9605	0.0297	1.8640805400000002	0.9556	829.3
easy:189167009	easy	A	A	True	True		0.9932	0.9932	8.729000000000039e-05	0.9923	813.0
easy:78590007	easy	A	A	True	True		0.9692	0.9692	0.0018911300000000032	0.9654	702.1
retrieval-miss:43116000	retrieval-miss	none	none	True	False		0.9337	0.9337	0.007893270000000004	0.9254	720.6
easy:238036004	easy	A	A	True	True		0.8901	0.8901	0.02406842	0.8764	623.1
none-narrower:301824001	none-narrower	none	none	True	False		0.5186	0.5186	0.45825702	0.4584	584.0
easy:716200002	easy	A	A	True	True		0.9584	0.9584	0.003452809999999998	0.9532	833.4
hard:768926005	hard	A	A	True	True		0.9964	0.9964	2.592000000000034e-05	0.996	753.8
hard:59032001	hard	A	A	True	True		0.9902	0.9902	0.00019208000000000061	0.989	550.0
easy:198142001	easy	A	A	True	True		0.9876	0.9876	0.0002932599999999992	0.986	726.0
retrieval-miss:361115000	retrieval-miss	none	A	False	False		0.6855	0.3141	0.94036922	0.6462	672.3
easy:363464006	easy	A	none	False	True		0.5871	0.405	0.6987635399999998	0.5355	620.5
easy:429998004	easy	A	A	True	True		0.9294	0.9294	0.009954619999999997	0.9205	666.9
hard:37109004	hard	A	A	True	True		0.9682	0.9682	0.0020224800000000036	0.9642	646.9
hard:231472009	hard	A	A	True	True		0.9389	0.9389	0.007183060000000006	0.9313	541.8
hard:270491006	hard	A	A	True	True		0.9536	0.9536	0.00425987	0.9478	686.0
none-narrower:723905008	none-narrower	none	none	True	False		0.9991	0.9991	1.4600000000000216e-06	0.9989	680.0
hard:12313004	hard	A	A	True	True		0.892	0.892	0.022903619999999996	0.8785	718.5
hard:127030001	hard	A	none	False	True		0.8123	0.18	1.3322573000000002	0.7889	735.2
easy:92093000	easy	A	A	True	True		0.9822	0.9822	0.0006336800000000013	0.98	696.3
easy:25362006	easy	A	none	False	True		0.9875	0.0104	1.95446767	0.9859	761.5
none-narrower:312085005	none-narrower	none	none	True	False		0.9981	0.9981	5.560000000000048e-06	0.9979	627.2
hard:53913001	hard	A	A	True	True		0.9834	0.9834	0.0005511199999999983	0.9813	624.4
none-narrower:232121005	none-narrower	none	none	True	False		0.9967	0.9967	2.11399999999998e-05	0.9962	761.6
easy:16631009	easy	A	A	True	True		0.9799	0.9799	0.0008080200000000002	0.9773	536.2
none-narrower:448478000	none-narrower	none	none	True	False		0.9937	0.9937	6.557999999999965e-05	0.9929	688.8
retrieval-miss:80328002	retrieval-miss	none	none	True	False		0.6776	0.6776	0.20069768000000002	0.6373	682.1
hard:410042009	hard	A	none	False	True		0.9875	0.0122	1.9509051900000003	0.9859	732.8
easy:91954009	easy	A	none	False	True		0.5113	0.4761	0.535973	0.4502	747.8
none-narrower:187701005	none-narrower	none	none	True	False		0.9904	0.9904	0.00013827000000000102	0.9892	720.2
hard:448542008	hard	A	A	True	True		0.9817	0.9817	0.0006554599999999994	0.9794	681.9
none-narrower:40370006	none-narrower	none	none	True	False		0.9866	0.9866	0.0002852399999999991	0.9849	602.8
hard:725138002	hard	A	A	True	True		0.9711	0.9711	0.001670420000000002	0.9675	813.5
hard:254767008	hard	A	A	True	True		0.9684	0.9684	0.0019783399999999977	0.9645	694.9
easy:126926005	easy	A	A	True	True		0.9412	0.9412	0.006891439999999995	0.9338	719.1
hard:403913006	hard	A	none	False	True		0.5476	0.4509	0.6013779399999999	0.491	696.3
hard:399432003	hard	A	A	True	True		0.8616	0.8616	0.03749177999999999	0.8443	731.8
retrieval-miss:75474006	retrieval-miss	none	none	True	False		0.9992	0.9992	1.2800000000000367e-06	0.9991	608.1
none-narrower:238951005	none-narrower	none	none	True	False		0.9992	0.9992	1.2800000000000367e-06	0.9991	834.7
none-narrower:447146004	none-narrower	none	none	True	False		0.9972	0.9972	1.2860000000000138e-05	0.9969	614.0
easy:37344009	easy	B	none	False	False		0.9944	0.0056	1.9776627199999999	0.9937	638.7
easy:392662004	easy	A	A	True	True		0.9785	0.9785	0.0008910399999999983	0.9759	738.0
none-narrower:1196861001	none-narrower	none	none	True	False		0.9724	0.9724	0.0014652199999999975	0.9689	656.7
easy:15682004	easy	A	A	True	True		0.9287	0.9287	0.010082280000000004	0.9198	632.6
easy:55475008	easy	A	A	True	True		0.9904	0.9904	0.000182410000000001	0.9893	837.3
easy:423709000	easy	A	A	True	True		0.9509	0.9509	0.004772880000000003	0.9447	614.9
hard:27420004	hard	A	A	True	True		0.9644	0.9644	0.0025205299999999974	0.96	697.0
easy:733601006	easy	A	A	True	True		0.8553	0.8553	0.04158830000000001	0.8372	1001.1
none-narrower:371012000	none-narrower	none	none	True	False		0.9018	0.9018	0.012144949999999991	0.8895	733.1
easy:715504003	easy	A	A	True	True		0.5958	0.5958	0.32610936999999995	0.5452	803.5
easy:36742000	easy	A	A	True	True		0.9408	0.9408	0.006985650000000003	0.9334	592.0
easy:239062001	easy	A	A	True	True		0.9612	0.9612	0.0030031399999999953	0.9563	834.3
none-narrower:685031000119100	none-narrower	none	none	True	False		0.9805	0.9805	0.0005948599999999985	0.9781	539.7
none-narrower:371962007	none-narrower	none	none	True	False		0.5113	0.5113	0.46850453000000003	0.4502	657.4
hard:722205008	hard	A	A	True	True		0.9728	0.9728	0.0014742499999999999	0.9694	915.7
hard:38907003	hard	A	A	True	True		0.9773	0.9773	0.0010260600000000025	0.9745	598.0
easy:237950009	easy	A	A	True	True		0.9763	0.9763	0.0011092800000000026	0.9733	865.0
retrieval-miss:93132001	retrieval-miss	none	none	True	False		0.9192	0.9192	0.013008929999999998	0.9091	806.2
none-narrower:87666009	none-narrower	none	none	True	False		0.9989	0.9989	2.029999999999978e-06	0.9988	580.3
easy:235966007	easy	A	A	True	True		0.9613	0.9613	0.002684639999999997	0.9565	825.4
hard:254851009	hard	A	A	True	True		0.9262	0.9262	0.009523699999999996	0.9169	776.2
easy:190303007	easy	A	A	True	True		0.9205	0.9205	0.012640500000000002	0.9105	586.3
none-narrower:1254906000	none-narrower	none	none	True	False		0.9836	0.9836	0.000381099999999999	0.9815	660.0
easy:13507004	easy	A	A	True	True		0.9527	0.9527	0.004051580000000001	0.9468	628.3
hard:363408006	hard	A	A	True	True		0.9246	0.9246	0.01122118	0.9152	621.8
hard:230282000	hard	A	A	True	True		0.5899	0.5899	0.33620003	0.5387	701.8
easy:195180004	easy	A	A	True	True		0.9382	0.9382	0.007613809999999996	0.9305	604.4
easy:230425004	easy	A	A	True	True		0.9968	0.9968	1.8699999999999875e-05	0.9964	724.7
hard:95315005	hard	A	none	False	True		0.9292	0.0074	1.8522879100000003	0.9204	733.3
easy:59393003	easy	A	A	True	True		0.993	0.993	9.662000000000009e-05	0.9921	801.0
easy:77121009	easy	A	A	True	True		0.9844	0.9844	0.00047745999999999835	0.9825	840.3
hard:699305004	hard	A	A	True	True		0.9549	0.9549	0.004068030000000003	0.9492	860.0
hard:71961003	hard	A	A	True	True		0.9758	0.9758	0.00117128	0.9727	597.5
hard:254230001	hard	A	A	True	True		0.9934	0.9934	7.770000000000066e-05	0.9925	600.0
easy:45339001	easy	A	A	True	True		0.951	0.951	0.004772790000000004	0.9448	643.0
hard:193411004	hard	A	A	True	True		0.7128	0.7128	0.16468089000000002	0.6769	705.3
easy:402792003	easy	A	B	False	True		0.489	0.0309	1.4059996799999999	0.4252	590.5
hard:42574005	hard	A	A	True	True		0.8589	0.8589	0.039762030000000004	0.8412	572.6
easy:7916009	easy	A	A	True	True		0.9828	0.9828	0.0005882499999999998	0.9806	563.1
hard:702361006	hard	A	none	False	True		0.8759	0.1197	1.54213891	0.8604	830.0
easy:92083007	easy	A	A	True	True		0.9832	0.9832	0.0005611400000000012	0.9811	665.5
hard:90708001	hard	A	A	True	True		0.9661	0.9661	0.002284910000000003	0.9619	595.6
none-narrower:429724002	none-narrower	none	none	True	False		0.98	0.98	0.0005847100000000007	0.9775	585.5
easy:9491003	easy	A	A	True	True		0.9653	0.9653	0.0023473499999999963	0.9609	532.2
easy:450005	easy	A	A	True	True		0.9137	0.9137	0.014826590000000008	0.9029	571.0
hard:75006000	hard	A	A	True	True		0.9446	0.9446	0.00606162	0.9376	678.4
hard:719250005	hard	A	A	True	True		0.9965	0.9965	2.4499999999999633e-05	0.996	842.5
easy:764096006	easy	A	A	True	True		0.8875	0.8875	0.02529002000000001	0.8734	852.5
hard:69134001	hard	A	A	True	True		0.6574	0.6574	0.23454408	0.6146	560.1
easy:45170000	easy	A	A	True	True		0.8412	0.8412	0.03775182000000002	0.8214	809.5
none-narrower:427419006	none-narrower	none	none	True	False		0.997	0.997	1.2240000000000015e-05	0.9966	737.6
hard:86103006	hard	A	A	True	True		0.6921	0.6921	0.18899043	0.6537	645.5
easy:44795003	easy	A	none	False	True		0.9924	0.0002	1.9845111	0.9914	580.8
none-narrower:13457005	none-narrower	none	none	True	False		0.9982	0.9982	3.970000000000086e-06	0.998	605.9
hard:725148000	hard	A	A	True	True		0.99	0.99	0.00018872000000000019	0.9888	840.6
retrieval-miss:22542007	retrieval-miss	none	none	True	False		0.9992	0.9992	8.300000000000366e-07	0.9991	745.8
easy:253283000	easy	A	none	False	True		0.6223	0.0104	1.5009613000000002	0.5751	741.5
easy:21009004	easy	A	A	True	True		0.9769	0.9769	0.0010580700000000004	0.974	726.9
retrieval-miss:124593001	retrieval-miss	none	none	True	False		0.863	0.863	0.036702200000000004	0.8459	848.8
easy:400946004	easy	F	none	False	False		0.715	0.2847	1.02287913	0.6794	739.0
easy:201191004	easy	A	A	True	True		0.9884	0.9884	0.0002498600000000012	0.9869	518.8
retrieval-miss:58437007	retrieval-miss	none	none	True	False		0.9996	0.9996	2.5999999999996474e-07	0.9995	726.7
easy:722381004	easy	A	A	True	True		0.9794	0.9794	0.0008446199999999981	0.9768	824.3
easy:703406006	easy	A	A	True	True		0.9379	0.9379	0.007301940000000005	0.9302	822.8
none-narrower:302920007	none-narrower	none	none	True	False		0.9604	0.9604	0.002991509999999997	0.9554	622.1
hard:410429000	hard	A	A	True	True		0.8914	0.8914	0.021132900000000003	0.8778	541.8
hard:444830001	hard	A	none	False	True		0.9914	0.0012	1.98051458	0.9903	806.6
easy:717042001	easy	A	A	True	True		0.9804	0.9804	0.0006925399999999981	0.978	754.8
easy:29159009	easy	A	A	True	True		0.5327	0.5327	0.43515420000000005	0.4743	600.1
none-narrower:767448007	none-narrower	none	A	False	False		0.9831	0.0165	1.93375802	0.981	783.9
hard:766704005	hard	A	A	True	True		0.9952	0.9952	4.608000000000025e-05	0.9946	708.3
hard:229733002	hard	A	A	True	True		0.8797	0.8797	0.027728519999999993	0.8647	518.3
none-narrower:332461000119106	none-narrower	none	none	True	False		0.999	0.999	1.300000000000002e-06	0.9989	562.5
none-narrower:1300178001	none-narrower	none	none	True	False		0.9836	0.9836	0.000380139999999999	0.9816	542.5
hard:397825006	hard	A	A	True	True		0.9022	0.9022	0.01891695	0.89	660.6
easy:60318001	easy	A	A	True	True		0.9952	0.9952	4.5140000000000256e-05	0.9946	878.0
none-narrower:348681000119101	none-narrower	none	none	True	False		0.9931	0.9931	7.023000000000023e-05	0.9922	569.9
hard:720414005	hard	B	B	True	False		0.9972	0.9972	1.5680000000000138e-05	0.9969	854.1
easy:238011005	easy	A	none	False	True		0.593	0.4067	0.7036539799999999	0.5421	778.5
easy:95280005	easy	A	A	True	True		0.9704	0.9704	0.0017289599999999977	0.9667	671.2
none-narrower:789399002	none-narrower	none	none	True	False		0.997	0.997	1.8000000000000017e-05	0.9966	657.1
hard:28593007	hard	A	none	False	True		0.9955	0.0045	1.9820405000000003	0.9949	552.4
easy:186668002	easy	A	A	True	True		0.9063	0.9063	0.01754065	0.8946	910.6
easy:20392000	easy	A	A	True	True		0.9379	0.9379	0.007036160000000005	0.9301	511.3
hard:442416002	hard	A	A	True	True		0.922	0.922	0.011922929999999991	0.9122	662.7
retrieval-miss:234110002	retrieval-miss	none	none	True	False		0.999	0.999	1.5300000000000019e-06	0.9989	568.1
easy:404086000	easy	A	A	True	True		0.7758	0.7758	0.09981895999999998	0.7477	862.9
easy:367542003	easy	A	A	True	True		0.9589	0.9589	0.0033784200000000018	0.9537	759.5
easy:123596001	easy	A	A	True	True		0.9391	0.9391	0.007393309999999993	0.9314	587.0
easy:49723003	easy	A	none	False	True		0.8661	0.1277	1.5110737099999998	0.8493	544.5
none-narrower:1231379009	none-narrower	none	none	True	False		0.9284	0.9284	0.00988003	0.9195	663.9
hard:719454003	hard	A	A	True	True		0.956	0.956	0.0037940600000000036	0.9505	792.1
hard:764997000	hard	A	A	True	True		0.9967	0.9967	2.11399999999998e-05	0.9963	1052.2
easy:201192006	easy	A	A	True	True		0.9677	0.9677	0.0020177399999999996	0.9636	511.9
hard:718848000	hard	A	A	True	True		0.9649	0.9649	0.0024500300000000015	0.9605	722.7
none-narrower:16932000	none-narrower	none	none	True	False		0.9984	0.9984	4.530000000000146e-06	0.9982	689.0
hard:82852009	hard	A	A	True	True		0.9719	0.9719	0.0014700200000000007	0.9684	721.0
easy:92040001	easy	A	A	True	True		0.9779	0.9779	0.0009768200000000006	0.9751	670.8
hard:36667009	hard	A	A	True	True		0.9718	0.9718	0.00159048	0.9682	735.9
hard:254068007	hard	A	A	True	True		0.9815	0.9815	0.0006844999999999985	0.9791	891.5
hard:31323000	hard	A	A	True	True		0.9769	0.9769	0.0010580300000000006	0.974	745.5
easy:60168000	easy	A	A	True	True		0.9817	0.9817	0.0006697799999999994	0.9794	707.8
easy:764859001	easy	A	A	True	True		0.73	0.73	0.14408476	0.6963	693.6
none-narrower:1052239007	none-narrower	none	none	True	False		0.998	0.998	5.600000000000007e-06	0.9977	658.3
hard:237889002	hard	A	A	True	True		0.9825	0.9825	0.0006090099999999986	0.9803	807.6
none-narrower:105710000	none-narrower	none	none	True	False		0.9929	0.9929	6.749999999999993e-05	0.992	641.4
easy:1092381000119100	easy	A	none	False	True		0.9987	0.0013	1.9948033800000002	0.9985	749.2
easy:719514002	easy	A	A	True	True		0.9914	0.9914	0.0001462100000000009	0.9904	1055.5
hard:126907002	hard	D	none	False	False		0.902	0.0209	1.7781698099999999	0.8898	677.3
hard:764440006	hard	B	B	True	False		0.9707	0.9707	0.0017169799999999995	0.9671	909.5
easy:766870005	easy	B	B	True	False		0.9969	0.9969	1.9219999999999948e-05	0.9965	933.5
hard:720495005	hard	A	A	True	True		0.9923	0.9923	0.00011705000000000062	0.9914	695.4
hard:711483003	hard	A	none	False	True		0.6657	0.3325	0.8887145399999999	0.6239	838.5
hard:254774003	hard	A	A	True	True		0.9907	0.9907	0.0001729799999999995	0.9895	751.0
retrieval-miss:719663005	retrieval-miss	none	C	False	False		0.685	0.2985	0.96142174	0.6456	691.9
easy:28366008	easy	A	A	True	True		0.9358	0.9358	0.008154260000000003	0.9277	614.9
none-narrower:240704003	none-narrower	none	none	True	False		0.9794	0.9794	0.0005879899999999981	0.9768	598.8
easy:707374005	easy	A	A	True	True		0.9712	0.9712	0.001625040000000003	0.9676	667.2
retrieval-miss:238019007	retrieval-miss	none	none	True	False		0.9862	0.9862	0.000281420000000001	0.9844	626.2
hard:402425006	hard	A	none	False	True		0.9273	0.0705	1.72385835	0.9182	607.1
none-narrower:724647003	none-narrower	none	none	True	False		0.8959	0.8959	0.018389889999999992	0.8829	940.7
easy:26029002	easy	A	A	True	True		0.9509	0.9509	0.004734860000000003	0.9447	658.8
easy:300988009	easy	A	A	True	True		0.7629	0.7629	0.10752377999999999	0.7333	642.1
easy:371160000	easy	A	A	True	True		0.7952	0.7952	0.07707053999999999	0.7696	653.8
easy:2589008	easy	A	A	True	True		0.8688	0.8688	0.034036899999999995	0.8524	644.4
hard:83172007	hard	A	A	True	True		0.9456	0.9456	0.00587546	0.9388	636.1
hard:266254007	hard	A	A	True	True		0.7318	0.7318	0.14311427	0.6983	605.0
hard:128123007	hard	A	none	False	True		0.5472	0.3547	0.72387578	0.4906	659.5
easy:399906000	easy	A	A	True	True		0.9872	0.9872	0.0003226400000000009	0.9856	610.7
hard:62005008	hard	A	A	True	True		0.8576	0.8576	0.04035700999999999	0.8398	720.1
retrieval-miss:197284004	retrieval-miss	none	none	True	False		0.9981	0.9981	4.690000000000048e-06	0.9979	574.7
easy:60389000	easy	A	A	True	True		0.8048	0.8048	0.07597230000000002	0.7804	787.0
easy:55850004	easy	A	A	True	True		0.9323	0.9323	0.009153049999999996	0.9239	804.2
hard:763209008	hard	A	A	True	True		0.9966	0.9966	2.3119999999999718e-05	0.9961	915.1
easy:123948009	easy	B	B	True	False		0.8301	0.8301	0.057732020000000016	0.8089	550.4
none-narrower:197853008	none-narrower	none	none	True	False		0.7341	0.7341	0.14108701	0.7009	519.9
hard:53783003	hard	A	A	True	True		0.9682	0.9682	0.0020224800000000036	0.9642	797.8
hard:722389002	hard	A	A	True	True		0.9884	0.9884	0.0002518400000000013	0.9869	778.5
hard:9078005	hard	A	A	True	True		0.951	0.951	0.004802000000000004	0.9448	623.2
hard:234349007	hard	A	A	True	True		0.991	0.991	0.00014726000000000013	0.9899	577.3
easy:63042009	easy	A	A	True	True		0.9083	0.9083	0.0164932	0.8968	688.7
easy:404077005	easy	A	A	True	True		0.8975	0.8975	0.019204690000000003	0.8847	679.3
hard:93559003	hard	A	A	True	True		0.9498	0.9498	0.005030050000000002	0.9436	882.3
easy:92660005	easy	A	A	True	True		0.9424	0.9424	0.006612559999999998	0.9352	663.7
hard:187675005	hard	A	A	True	True		0.909	0.909	0.016453519999999992	0.8977	702.0
hard:34713006	hard	A	A	True	True		0.8945	0.8945	0.017492850000000008	0.8813	727.7
none-narrower:1090651000119103	none-narrower	none	none	True	False		0.9858	0.9858	0.00031270999999999974	0.984	636.2
hard:253353007	hard	A	A	True	True		0.991	0.991	0.00015512000000000013	0.9899	775.5
easy:239918008	easy	A	A	True	True		0.7869	0.7869	0.09035614999999998	0.7603	649.7
none-narrower:30390004	none-narrower	none	none	True	False		0.9556	0.9556	0.0029451799999999995	0.95	599.8
hard:63144007	hard	A	A	True	True		0.9096	0.9096	0.016344320000000006	0.8983	800.9
easy:230350000	easy	A	A	True	True		0.9771	0.9771	0.0010488200000000015	0.9742	805.0
easy:255037004	easy	A	A	True	True		0.4347	0.4347	0.49141381	0.3641	703.9
hard:128333008	hard	A	A	True	True		0.9814	0.9814	0.0006667399999999981	0.9791	580.7
easy:254589009	easy	A	A	True	True		0.9696	0.9696	0.0018122599999999991	0.9658	644.2
easy:399995006	easy	A	A	True	True		0.9825	0.9825	0.0006124999999999987	0.9803	649.8
hard:444150000	hard	A	A	True	True		0.985	0.985	0.00038666000000000037	0.9831	578.9
easy:427232004	easy	A	A	True	True		0.8241	0.8241	0.06156644999999998	0.8021	822.5
easy:253098009	easy	A	A	True	True		0.9971	0.9971	1.682000000000008e-05	0.9967	776.2
easy:65295003	easy	A	A	True	True		0.9848	0.9848	0.00045604999999999973	0.9829	638.9
hard:204950001	hard	A	A	True	True		0.5633	0.5633	0.37750997	0.5087	655.6
easy:63398001	easy	A	none	False	True		0.7984	0.1938	1.28742592	0.7732	639.1
easy:13468005	easy	A	none	False	True		0.625	0.3743	0.7821256299999999	0.5781	627.4
easy:86299006	easy	A	A	True	True		0.9952	0.9952	4.608000000000025e-05	0.9946	623.9
hard:55822004	hard	A	A	True	True		0.9749	0.9749	0.0012500300000000005	0.9718	598.6
hard:20957000	hard	A	A	True	True		0.7558	0.7558	0.09122401999999998	0.7252	546.7
none-narrower:70783003	none-narrower	none	none	True	False		0.9991	0.9991	1.1100000000000216e-06	0.999	570.1
easy:40122008	easy	A	A	True	True		0.984	0.984	0.0005088100000000005	0.982	576.0
easy:27885002	easy	A	A	True	True		0.8868	0.8868	0.02556073999999999	0.8726	698.4
easy:371089000	easy	A	A	True	True		0.9931	0.9931	9.522000000000024e-05	0.9923	758.0
hard:255072001	hard	A	none	False	True		0.6755	0.3133	0.9279555899999998	0.635	678.4
hard:127231009	hard	A	A	True	True		0.9146	0.9146	0.014433950000000006	0.9039	721.9
none-narrower:428592003	none-narrower	none	none	True	False		0.9977	0.9977	7.419999999999856e-06	0.9974	645.0
none-narrower:406570003	none-narrower	none	none	True	False		0.9724	0.9724	0.0012471499999999977	0.969	619.2
hard:65049003	hard	A	A	True	True		0.9074	0.9074	0.014509520000000001	0.8958	625.7
easy:765096001	easy	A	A	True	True		0.993	0.993	9.662000000000009e-05	0.9921	915.8
easy:763536006	easy	A	A	True	True		0.9973	0.9973	1.4580000000000192e-05	0.997	724.8
easy:429735007	easy	A	A	True	True		0.9547	0.9547	0.0040861100000000004	0.9491	861.7
hard:90584004	hard	A	A	True	True		0.6101	0.6101	0.2999652	0.5614	571.3
easy:58868000	easy	A	A	True	True		0.7921	0.7921	0.08424535999999999	0.7661	677.7
none-narrower:20239009	none-narrower	none	none	True	False		0.9711	0.9711	0.0013250000000000022	0.9675	556.8
easy:722006004	easy	A	A	True	True		0.992	0.992	0.00012488000000000012	0.991	880.7
hard:236746000	hard	A	A	True	True		0.9566	0.9566	0.003758449999999999	0.9512	560.9
hard:271532008	hard	A	A	True	True		0.7549	0.7549	0.0897113	0.7243	558.2
hard:198130006	hard	A	none	False	True		0.6963	0.3027	0.97106198	0.6583	570.8
retrieval-miss:716996008	retrieval-miss	none	A	False	False		0.9888	0.0112	1.9554508800000001	0.9874	810.9
hard:231861005	hard	A	none	False	True		0.6192	0.3654	0.78622939	0.5716	595.5
easy:367520004	easy	A	A	True	True		0.9544	0.9544	0.004149619999999998	0.9487	736.3
hard:724575009	hard	A	A	True	True		0.9811	0.9811	0.000710660000000001	0.9787	749.8
easy:22298006	easy	A	A	True	True		0.9868	0.9868	0.0003356399999999997	0.9852	600.1
easy:709282004	easy	A	A	True	True		0.8693	0.8693	0.033751550000000005	0.853	794.5
hard:763309005	hard	A	A	True	True		0.9715	0.9715	0.0014805799999999983	0.9679	958.4
retrieval-miss:16459000	retrieval-miss	none	none	True	False		0.9989	0.9989	1.4399999999999777e-06	0.9987	821.8
easy:63119004	easy	A	A	True	True		0.9752	0.9752	0.0012300800000000023	0.9721	825.4
hard:254114000	hard	A	none	False	True		0.7852	0.2003	1.25623385	0.7583	725.6
hard:763658004	hard	A	A	True	True		0.9885	0.9885	0.000257729999999999	0.9871	950.8
easy:81211007	easy	A	none	False	True		0.8778	0.0245	1.73101308	0.8625	672.3
hard:26745009	hard	A	none	False	True		0.6884	0.3094	0.95082617	0.6494	638.6
easy:432328008	easy	A	A	True	True		0.9873	0.9873	0.00032258000000000113	0.9857	670.0
easy:68116008	easy	A	A	True	True		0.8207	0.8207	0.06426114000000001	0.7983	637.9
hard:18260003	hard	A	A	True	True		0.9675	0.9675	0.002112499999999998	0.9635	629.3
hard:25569003	hard	A	A	True	True		0.921	0.921	0.012279259999999995	0.9111	714.8
none-narrower:724612006	none-narrower	none	none	True	False		0.9975	0.9975	8.859999999999732e-06	0.9971	757.8
easy:254898001	easy	A	A	True	True		0.9153	0.9153	0.01431436	0.9047	791.1
none-narrower:126999006	none-narrower	none	none	True	False		0.9978	0.9978	6.659999999999911e-06	0.9975	665.5
hard:75614007	hard	A	A	True	True		0.9935	0.9935	8.320999999999936e-05	0.9927	648.6
easy:74100001	easy	A	none	False	True		0.8336	0.1642	1.39345271	0.8128	661.3
easy:192644005	easy	A	A	True	True		0.9757	0.9757	0.0011761399999999996	0.9726	692.1
none-narrower:370494002	none-narrower	none	none	True	False		0.9922	0.9922	9.771000000000046e-05	0.9912	609.0
none-narrower:94514000	none-narrower	none	none	True	False		0.9928	0.9928	7.933999999999978e-05	0.9919	676.7
easy:717789008	easy	A	A	True	True		0.8307	0.8307	0.0570217	0.8095	697.8
hard:715825009	hard	A	A	True	True		0.9961	0.9961	3.0420000000000112e-05	0.9956	863.6
retrieval-miss:408642003	retrieval-miss	none	none	True	False		0.9975	0.9975	8.029999999999733e-06	0.9972	674.1
hard:30292005	hard	A	A	True	True		0.9285	0.9285	0.010210220000000002	0.9196	612.0
easy:196102003	easy	A	A	True	True		0.9313	0.9313	0.009425659999999997	0.9227	667.7
easy:722034006	easy	A	A	True	True		0.7174	0.7174	0.15938689999999994	0.6821	657.5
hard:11314008	hard	A	A	True	True		0.9708	0.9708	0.0016994600000000003	0.9672	639.1
none-narrower:831000119103	none-narrower	none	none	True	False		0.9388	0.9388	0.007080740000000004	0.9312	571.1
hard:725141006	hard	A	A	True	True		0.9159	0.9159	0.013848669999999992	0.9054	662.0
retrieval-miss:238534006	retrieval-miss	none	none	True	False		0.9999	0.9999	9.999999999997797e-09	0.9999	620.9
hard:724384008	hard	A	A	True	True		0.9955	0.9955	4.0499999999999534e-05	0.995	726.0
hard:723823004	hard	A	A	True	True		0.9963	0.9963	2.738000000000027e-05	0.9958	1001.2
none-narrower:721781004	none-narrower	none	none	True	False		0.9882	0.9882	0.00026282000000000074	0.9867	688.0
retrieval-miss:69646003	retrieval-miss	none	none	True	False		0.9996	0.9996	1.7999999999996474e-07	0.9996	975.0
retrieval-miss:431396003	retrieval-miss	none	none	True	False		0.9881	0.9881	0.0002695500000000005	0.9867	701.9
hard:42908004	hard	A	none	False	True		0.8356	0.1644	1.39645472	0.8151	644.7
easy:74469006	easy	B	B	True	False		0.9451	0.9451	0.005548749999999995	0.9383	706.1
retrieval-miss:10170007	retrieval-miss	none	C	False	False		0.9623	0.0376	1.8522350600000004	0.9575	745.2
hard:18756002	hard	A	A	True	True		0.972	0.972	0.0014395400000000013	0.9685	712.0
none-narrower:1217382002	none-narrower	none	none	True	False		0.9506	0.9506	0.00425255	0.9444	910.0
retrieval-miss:234062003	retrieval-miss	none	none	True	False		0.9096	0.9096	0.010580200000000007	0.8983	595.9
hard:765141005	hard	A	A	True	True		0.9926	0.9926	0.00010804999999999944	0.9917	899.2
hard:715462003	hard	A	A	True	True		0.9784	0.9784	0.000933119999999998	0.9757	796.3
easy:88232005	easy	A	A	True	True		0.9623	0.9623	0.0028126499999999964	0.9575	563.1
none-narrower:272006008	none-narrower	none	none	True	False		0.9914	0.9914	0.00012428000000000092	0.9904	584.9
easy:400179000	easy	A	A	True	True		0.9821	0.9821	0.0006372600000000009	0.9798	623.0
easy:81854007	easy	A	A	True	True		0.9893	0.9893	0.0002040700000000009	0.988	567.3
retrieval-miss:237692001	retrieval-miss	none	none	True	False		0.9965	0.9965	1.5489999999999633e-05	0.9961	782.3
none-narrower:1145446000	none-narrower	none	none	True	False		0.9924	0.9924	0.00011402000000000078	0.9915	638.1
easy:89723004	easy	A	A	True	True		0.9235	0.9235	0.01168922	0.9139	524.7
hard:719825000	hard	A	A	True	True		0.9657	0.9657	0.00234613	0.9614	810.9
hard:74400008	hard	A	A	True	True		0.951	0.951	0.0045082500000000044	0.9449	554.2
hard:41910004	hard	A	A	True	True		0.8728	0.8728	0.03151783999999999	0.8569	670.8
easy:253103006	easy	A	A	True	True		0.9636	0.9636	0.0025505199999999993	0.9591	571.0
easy:92437008	easy	A	A	True	True		0.9695	0.9695	0.0018544199999999983	0.9657	735.1
easy:38371006	easy	A	A	True	True		0.9907	0.9907	0.0001729799999999995	0.9895	591.8
easy:715770009	easy	A	A	True	True		0.99	0.99	0.0002000000000000002	0.9887	739.3
hard:196027008	hard	A	A	True	True		0.9833	0.9833	0.0005114200000000016	0.9812	670.3
hard:719164000	hard	A	A	True	True		0.9705	0.9705	0.0017346099999999984	0.9669	627.1
none-narrower:403373008	none-narrower	none	none	True	False		0.8383	0.8383	0.05213237999999999	0.8181	573.6
hard:416481006	hard	A	A	True	True		0.9751	0.9751	0.0010774000000000018	0.972	733.0
none-narrower:94973007	none-narrower	none	none	True	False		0.9975	0.9975	8.689999999999734e-06	0.9971	806.9
hard:237604008	hard	A	A	True	True		0.9663	0.9663	0.0022446799999999967	0.962	849.7
hard:86341008	hard	A	A	True	True		0.9722	0.9722	0.0015401400000000026	0.9688	635.1
hard:171131006	hard	A	A	True	True		0.9745	0.9745	0.0012954099999999984	0.9713	701.7
none-narrower:95255005	none-narrower	none	none	True	False		0.9963	0.9963	2.043000000000027e-05	0.9959	626.0
none-narrower:1156852009	none-narrower	none	none	True	False		0.8921	0.8921	0.01630241	0.8786	846.6
easy:56604005	easy	A	A	True	True		0.9836	0.9836	0.000531409999999999	0.9816	634.9
retrieval-miss:17406005	retrieval-miss	none	none	True	False		0.9962	0.9962	2.6710000000000197e-05	0.9957	626.1
retrieval-miss:720635002	retrieval-miss	none	none	True	False		0.9991	0.9991	1.2000000000000215e-06	0.999	759.5
hard:116381000119105	hard	A	A	True	True		0.9917	0.9917	0.00013450999999999955	0.9906	669.5
easy:69163003	easy	A	A	True	True		0.8886	0.8886	0.02477544000000001	0.8747	628.5
easy:719140001	easy	A	none	False	True		0.5468	0.4523	0.59896593	0.4902	764.6
retrieval-miss:425740005	retrieval-miss	none	none	True	False		0.9992	0.9992	8.300000000000366e-07	0.9991	826.7
none-narrower:2858002	none-narrower	none	none	True	False		0.9345	0.9345	0.0066619	0.9263	588.4
none-narrower:94682004	none-narrower	none	none	True	False		0.9325	0.9325	0.00863258	0.9241	729.5
hard:403900000	hard	A	B	False	True		0.6338	0.0009	1.53305542	0.588	684.6
hard:197866008	hard	A	A	True	True		0.9863	0.9863	0.0003753800000000012	0.9846	560.7
retrieval-miss:16814004	retrieval-miss	none	none	True	False		0.9988	0.9988	2.3399999999999492e-06	0.9987	590.9
easy:111798006	easy	A	A	True	True		0.8362	0.8362	0.05310869999999998	0.8157	596.2
hard:234451005	hard	A	A	True	True		0.9917	0.9917	0.00013777999999999957	0.9907	682.2
easy:58718002	easy	A	A	True	True		0.926	0.926	0.010820249999999993	0.9168	606.0
easy:720612000	easy	A	A	True	True		0.9813	0.9813	0.0006993800000000019	0.979	831.9
easy:363358000	easy	A	none	False	True		0.8478	0.1476	1.4453699700000002	0.8288	656.3
easy:53974002	easy	A	A	True	True		0.9758	0.9758	0.00117128	0.9728	724.9
hard:85559002	hard	B	B	True	False		0.9885	0.9885	0.00026449999999999895	0.9871	697.4
hard:187681002	hard	A	none	False	True		0.8965	0.1022	1.60975878	0.8835	686.5
easy:254129003	easy	A	A	True	True		0.932	0.932	0.009247999999999992	0.9235	676.1
hard:62377009	hard	A	A	True	True		0.9822	0.9822	0.0006336800000000013	0.98	633.2
hard:76976005	hard	A	A	True	True		0.9086	0.9086	0.016562700000000007	0.8971	600.8
hard:19138001	hard	A	A	True	True		0.9862	0.9862	0.0003599300000000009	0.9845	807.4
easy:18842008	easy	A	A	True	True		0.6705	0.6705	0.21569958	0.6293	633.9
retrieval-miss:10087007	retrieval-miss	none	none	True	False		0.9932	0.9932	6.184000000000038e-05	0.9923	728.7
hard:190724004	hard	A	A	True	True		0.8405	0.8405	0.048804659999999986	0.8206	618.1
easy:404057003	easy	A	A	True	True		0.9227	0.9227	0.011935130000000006	0.913	807.5
easy:264443002	easy	A	A	True	True		0.9967	0.9967	2.1779999999999798e-05	0.9963	633.6
easy:363433009	easy	A	A	True	True		0.8308	0.8308	0.0555662	0.8097	727.3
hard:28670008	hard	A	A	True	True		0.9532	0.9532	0.004361839999999996	0.9473	630.4
hard:92386006	hard	A	A	True	True		0.9738	0.9738	0.0013573	0.9705	641.7
none-narrower:472783006	none-narrower	none	none	True	False		0.9314	0.9314	0.009370899999999998	0.9229	605.2
easy:405822008	easy	A	A	True	True		0.7468	0.7468	0.12250129999999998	0.7151	859.9
hard:59229005	hard	A	A	True	True		0.9964	0.9964	2.592000000000034e-05	0.9959	682.7
none-narrower:771177009	none-narrower	none	A	False	False		0.9974	0.0026	1.9896135199999998	0.9971	746.4
hard:19620000	hard	A	A	True	True		0.9664	0.9664	0.002244529999999997	0.9622	602.3
none-narrower:441530006	none-narrower	none	none	True	False		0.9967	0.9967	1.93499999999998e-05	0.9963	532.0
hard:36989005	hard	A	A	True	True		0.7585	0.7585	0.11659621000000002	0.7283	699.9
none-narrower:276866009	none-narrower	none	none	True	False		0.9969	0.9969	1.5269999999999947e-05	0.9966	727.5
none-narrower:403785002	none-narrower	none	none	True	False		0.9962	0.9962	2.8140000000000195e-05	0.9957	716.2
hard:721836009	hard	A	A	True	True		0.9783	0.9783	0.0009417800000000023	0.9755	889.2
none-narrower:373405005	none-narrower	none	none	True	False		0.9683	0.9683	0.0015002799999999966	0.9643	583.5
hard:24629003	hard	A	A	True	True		0.9957	0.9957	3.6979999999999744e-05	0.9952	954.4
hard:404659001	hard	A	A	True	True		0.9916	0.9916	0.00014111999999999935	0.9905	805.4
hard:719800009	hard	A	A	True	True		0.9975	0.9975	1.2499999999999735e-05	0.9971	719.2
easy:720603002	easy	A	A	True	True		0.9907	0.9907	0.00013057999999999953	0.9896	894.2
hard:56267009	hard	A	A	True	True		0.9871	0.9871	0.0003328200000000006	0.9855	716.9
none-narrower:47378001	none-narrower	none	none	True	False		0.992	0.992	8.894000000000012e-05	0.991	669.1
hard:196305005	hard	A	A	True	True		0.8802	0.8802	0.028704080000000007	0.8652	723.7
hard:290653008	hard	A	A	True	True		0.5897	0.5897	0.33546549000000003	0.5385	792.8
retrieval-miss:21893008	retrieval-miss	none	none	True	False		0.9976	0.9976	1.1049999999999798e-05	0.9973	890.5
easy:720344007	easy	A	A	True	True		0.8911	0.8911	0.01890484	0.8775	741.6
easy:95210003	easy	A	A	True	True		0.9701	0.9701	0.0016964300000000022	0.9664	721.2
none-narrower:724749007	none-narrower	none	none	True	False		0.9902	0.9902	0.0001375600000000006	0.989	670.8
hard:12676007	hard	A	A	True	True		0.9247	0.9247	0.011265300000000006	0.9153	549.1
easy:89392001	easy	A	A	True	True		0.9901	0.9901	0.0001710100000000004	0.9888	785.8
easy:37754005	easy	A	A	True	True		0.7843	0.7843	0.09305298000000001	0.7573	654.8
easy:721015008	easy	B	B	True	False		0.975	0.975	0.001245010000000001	0.9719	735.8
hard:443439001	hard	A	none	False	True		0.6411	0.3414	0.8450492700000001	0.5962	760.0
hard:716683005	hard	A	A	True	True		0.9879	0.9879	0.00029042	0.9864	914.4
none-narrower:231929005	none-narrower	none	none	True	False		0.9853	0.9853	0.00037919000000000136	0.9834	654.0
easy:8635005	easy	A	A	True	True		0.9612	0.9612	0.0029800599999999953	0.9563	628.6
hard:93390002	hard	A	none	False	True		0.7221	0.0177	1.5533718199999997	0.6874	638.6
hard:371199008	hard	A	A	True	True		0.942	0.942	0.005770540000000006	0.9348	567.8
easy:239085000	easy	B	B	True	False		0.9675	0.9675	0.001967549999999998	0.9635	676.8
easy:69080001	easy	A	A	True	True		0.9921	0.9921	0.00012326000000000028	0.9911	634.1
hard:768843007	hard	A	A	True	True		0.9817	0.9817	0.0006589299999999993	0.9794	854.5
easy:89420002	easy	A	A	True	True		0.9678	0.9678	0.0020233000000000004	0.9638	729.0
easy:763215008	easy	A	A	True	True		0.9942	0.9942	6.613000000000032e-05	0.9935	821.5
easy:717749002	easy	A	A	True	True		0.8968	0.8968	0.02067525999999999	0.8839	698.9
easy:47709007	easy	A	A	True	True		0.9873	0.9873	0.00032258000000000113	0.9857	742.3
hard:720984008	hard	A	A	True	True		0.9889	0.9889	0.00024642	0.9875	856.1
none-narrower:255169005	none-narrower	none	none	True	False		0.9828	0.9828	0.0005652099999999998	0.9807	662.8
hard:234628004	hard	A	A	True	True		0.9702	0.9702	0.001770140000000003	0.9665	657.6
hard:722456001	hard	A	A	True	True		0.9125	0.9125	0.015242750000000003	0.9016	775.9
hard:24752008	hard	A	A	True	True		0.9906	0.9906	0.00017485999999999928	0.9894	622.4
hard:733520002	hard	A	A	True	True		0.9977	0.9977	1.0129999999999857e-05	0.9974	928.7
retrieval-miss:88887003	retrieval-miss	none	none	True	False		0.9976	0.9976	7.889999999999797e-06	0.9973	606.4
easy:716091000	easy	A	A	True	True		0.9671	0.9671	0.002158250000000003	0.963	807.5
none-narrower:271570007	none-narrower	none	none	True	False		0.9937	0.9937	5.2719999999999644e-05	0.9929	538.0
hard:55735004	hard	A	A	True	True		0.778	0.778	0.09825804999999999	0.7503	654.6
hard:13920009	hard	A	A	True	True		0.9674	0.9674	0.002125519999999997	0.9634	696.2
easy:1279844009	easy	A	A	True	True		0.9923	0.9923	9.998000000000063e-05	0.9914	644.7
none-narrower:312224002	none-narrower	none	none	True	False		0.5555	0.5555	0.39489390999999996	0.5	576.1
easy:764996009	easy	A	A	True	True		0.9956	0.9956	3.871999999999964e-05	0.995	1063.1
none-narrower:254196004	none-narrower	none	A	False	False		0.7122	0.2869	1.0157407200000002	0.6762	911.0
easy:703266007	easy	A	A	True	True		0.9744	0.9744	0.0012954699999999978	0.9712	679.4
none-narrower:773610007	none-narrower	none	A	False	False		0.895	0.1048	1.6024080500000002	0.8819	777.3
none-narrower:447706001	none-narrower	none	none	True	False		0.9974	0.9974	1.0140000000000242e-05	0.9971	698.9
hard:763528002	hard	A	A	True	True		0.9462	0.9462	0.005621529999999996	0.9394	800.7
hard:70737009	hard	C	D	False	False		0.6207	0.0046	1.51633994	0.5733	741.4
hard:25374005	hard	A	A	True	True		0.8666	0.8666	0.03556445999999999	0.8499	573.0
retrieval-miss:237687003	retrieval-miss	none	none	True	False		0.9999	0.9999	9.999999999997797e-09	0.9999	863.5
retrieval-miss:703403003	retrieval-miss	none	none	True	False		0.9993	0.9993	7.000000000000475e-07	0.9992	900.6
hard:1271009	hard	A	A	True	True		0.9497	0.9497	0.005050130000000002	0.9435	790.9
hard:85708001	hard	A	none	False	True		0.6716	0.3264	0.90478677	0.6305	633.2
none-narrower:111850006	none-narrower	none	none	True	False		0.9991	0.9991	1.3400000000000215e-06	0.9989	532.5
easy:725413002	easy	A	A	True	True		0.9945	0.9945	6.049999999999944e-05	0.9938	633.6
hard:238047006	hard	A	A	True	True		0.9948	0.9948	5.4079999999999814e-05	0.9942	696.5
easy:230655004	easy	A	A	True	True		0.7716	0.7716	0.10428746000000003	0.743	624.1
easy:25476006	easy	A	A	True	True		0.9708	0.9708	0.0016936900000000003	0.9671	658.8
hard:719209002	hard	A	A	True	True		0.9949	0.9949	5.104999999999993e-05	0.9942	851.4
hard:443520009	hard	A	A	True	True		0.9705	0.9705	0.0016512199999999984	0.9668	636.5
none-narrower:1259592000	none-narrower	none	A	False	False		0.8673	0.1305	1.5082415599999999	0.8507	706.0
none-narrower:373422007	none-narrower	none	none	True	False		0.991	0.991	0.00011378000000000015	0.9899	662.4
easy:721835008	easy	A	A	True	True		0.9709	0.9709	0.001527230000000001	0.9673	791.9
hard:31097004	hard	D	D	True	False		0.9938	0.9938	7.687999999999979e-05	0.993	689.6
easy:60136008	easy	A	A	True	True		0.969	0.969	0.0019158200000000017	0.9652	552.1
easy:721075001	easy	A	A	True	True		0.9882	0.9882	0.00027848000000000076	0.9867	759.0
easy:28783002	easy	G	G	True	False		0.9372	0.9372	0.0078003799999999965	0.9294	630.8
retrieval-miss:1648002	retrieval-miss	none	none	True	False		0.9999	0.9999	9.999999999997797e-09	0.9999	753.3
hard:719650004	hard	A	A	True	True		0.9972	0.9972	1.514000000000014e-05	0.9968	851.4
easy:297237003	easy	A	none	False	True		0.9471	0.0447	1.80964013	0.9405	792.2
retrieval-miss:4945003	retrieval-miss	none	none	True	False		0.9961	0.9961	2.1490000000000114e-05	0.9956	859.6
retrieval-miss:34042008	retrieval-miss	none	none	True	False		0.9985	0.9985	3.4999999999998377e-06	0.9984	736.4
easy:126792007	easy	A	none	False	True		0.7254	0.2693	1.06014199	0.6911	594.9
easy:722059002	easy	A	A	True	True		0.9295	0.9295	0.00987031	0.9206	870.4
easy:109995007	easy	A	A	True	True		0.7606	0.7606	0.11443341999999998	0.7307	892.7
easy:48500005	easy	A	A	True	True		0.9436	0.9436	0.006350660000000001	0.9365	571.1
none-narrower:49481000	none-narrower	none	none	True	False		0.9996	0.9996	3.1999999999996475e-07	0.9995	783.1
none-narrower:191820008	none-narrower	none	none	True	False		0.9832	0.9832	0.00044088000000000124	0.9811	488.9
hard:43878008	hard	A	A	True	True		0.9195	0.9195	0.011623820000000002	0.9094	648.4
easy:45781009	easy	E	none	False	False		0.8439	0.1559	1.42467203	0.8244	654.5
easy:722690001	easy	A	A	True	True		0.8724	0.8724	0.03243634000000001	0.8564	682.7
none-narrower:1259443009	none-narrower	none	none	True	False		0.5586	0.5586	0.38756025	0.5034	803.1
hard:41799005	hard	A	A	True	True		0.9475	0.9475	0.005512499999999998	0.9409	659.5
hard:38804009	hard	A	A	True	True		0.9938	0.9938	7.687999999999979e-05	0.9931	707.5
easy:276954004	easy	A	A	True	True		0.9477	0.9477	0.0045607500000000014	0.9412	698.2
retrieval-miss:719848005	retrieval-miss	none	G	False	False		0.5065	0.4877	0.5190098999999999	0.4448	502.0
easy:24790002	easy	A	A	True	True		0.997	0.997	1.7410000000000015e-05	0.9967	820.6
easy:717008005	easy	A	A	True	True		0.9801	0.9801	0.0007920200000000011	0.9776	1056.0
none-narrower:4702003	none-narrower	none	none	True	False		0.9195	0.9195	0.011524960000000004	0.9095	560.4
none-narrower:262933008	none-narrower	none	none	True	False		0.9885	0.9885	0.00020751999999999896	0.9871	598.6
retrieval-miss:61750000	retrieval-miss	none	none	True	False		0.9996	0.9996	2.0999999999996474e-07	0.9996	653.5
hard:81577001	hard	A	A	True	True		0.7543	0.7543	0.12049170000000002	0.7236	679.1
hard:44730006	hard	A	A	True	True		0.9354	0.9354	0.00832053	0.9273	711.5
none-narrower:722664004	none-narrower	none	none	True	False		0.9966	0.9966	2.0049999999999715e-05	0.9961	627.1
hard:715907003	hard	A	A	True	True		0.9966	0.9966	2.3119999999999718e-05	0.9962	805.3
hard:51523009	hard	A	A	True	True		0.9326	0.9326	0.009058640000000001	0.9242	695.0
retrieval-miss:445448008	retrieval-miss	none	none	True	False		0.998	0.998	5.860000000000007e-06	0.9977	840.2
retrieval-miss:37610005	retrieval-miss	none	none	True	False		0.9996	0.9996	3.1999999999996475e-07	0.9995	518.1
hard:718602007	hard	A	A	True	True		0.9932	0.9932	9.248000000000039e-05	0.9924	806.0
hard:49428008	hard	A	A	True	True		0.9674	0.9674	0.0021190099999999976	0.9634	777.8
hard:42265009	hard	A	A	True	True		0.8987	0.8987	0.020342259999999987	0.8861	591.8
hard:33064008	hard	A	A	True	True		0.9868	0.9868	0.0003484799999999997	0.9852	723.1
easy:42386007	easy	A	A	True	True		0.9104	0.9104	0.016056320000000002	0.8992	947.8
easy:254812004	easy	A	none	False	True		0.7654	0.2289	1.18045486	0.7361	638.9
easy:722439009	easy	A	A	True	True		0.9933	0.9933	8.978000000000054e-05	0.9924	811.8
easy:44018007	easy	B	none	False	False		0.9947	0.0043	1.9808469400000002	0.994	602.1
retrieval-miss:279611005	retrieval-miss	none	none	True	False		0.9976	0.9976	7.649999999999796e-06	0.9973	731.0
hard:80813006	hard	A	A	True	True		0.9955	0.9955	4.0499999999999534e-05	0.9949	610.1
easy:715776003	easy	A	A	True	True		0.9482	0.9482	0.0053252999999999955	0.9417	911.8
none-narrower:59136001	none-narrower	none	none	True	False		0.9883	0.9883	0.00019574000000000102	0.9869	562.5
easy:402700001	easy	A	A	True	True		0.8746	0.8746	0.03142524999999999	0.859	591.1
easy:17608003	easy	A	A	True	True		0.965	0.965	0.002408720000000002	0.9606	696.4
none-narrower:1255194004	none-narrower	none	none	True	False		0.9967	0.9967	1.3729999999999799e-05	0.9962	761.8
none-narrower:818967003	none-narrower	none	none	True	False		0.9117	0.9117	0.014717000000000008	0.9007	687.0
hard:240849009	hard	A	A	True	True		0.9888	0.9888	0.00024864999999999973	0.9875	774.6
hard:389145006	hard	A	A	True	True		0.974	0.974	0.0013468200000000012	0.9708	562.3
hard:35600002	hard	A	A	True	True		0.9853	0.9853	0.00043218000000000135	0.9834	682.6
hard:197270009	hard	A	A	True	True		0.9866	0.9866	0.00035644999999999915	0.985	558.9
easy:85898001	easy	A	A	True	True		0.9624	0.9624	0.0027977599999999972	0.9577	629.6
easy:764512003	easy	A	A	True	True		0.9888	0.9888	0.0002508799999999997	0.9874	1106.2
none-narrower:403369005	none-narrower	none	none	True	False		0.9954	0.9954	2.8470000000000444e-05	0.9949	641.7
hard:124596009	hard	A	A	True	True		0.8523	0.8523	0.043542100000000014	0.8338	673.8
hard:75315001	hard	A	A	True	True		0.9934	0.9934	8.712000000000066e-05	0.9925	635.3
hard:18735004	hard	A	A	True	True		0.9944	0.9944	6.272000000000055e-05	0.9937	577.1
hard:237941007	hard	A	A	True	True		0.9799	0.9799	0.0006445800000000003	0.9774	841.8
easy:70647001	easy	A	A	True	True		0.9759	0.9759	0.0011568100000000005	0.9729	765.9
easy:35091000119101	easy	A	A	True	True		0.8925	0.8925	0.02304811000000001	0.879	772.8
none-narrower:10184002	none-narrower	none	none	True	False		0.9978	0.9978	6.429999999999911e-06	0.9975	541.7
hard:35520007	hard	A	A	True	True		0.9766	0.9766	0.001095119999999999	0.9736	662.5
hard:18805001	hard	C	none	False	False		0.9617	0.0158	1.8936991399999998	0.9569	643.7
hard:126583006	hard	A	A	True	True		0.9525	0.9525	0.004493579999999999	0.9465	693.3
easy:715736008	easy	A	A	True	True		0.9931	0.9931	9.522000000000024e-05	0.9923	905.9
hard:359007	hard	A	A	True	True		0.9725	0.9725	0.0015015799999999985	0.969	657.2
none-narrower:95005005	none-narrower	none	none	True	False		0.9943	0.9943	4.782000000000043e-05	0.9936	652.9
none-narrower:15966341000119102	none-narrower	none	none	True	False		0.9874	0.9874	0.0002836799999999986	0.9858	608.2
easy:233667003	easy	C	none	False	False		0.9987	0.0006	1.99620255	0.9985	604.7
easy:724275005	easy	A	A	True	True		0.9279	0.9279	0.010339350000000008	0.9189	761.4
easy:723453002	easy	A	A	True	True		0.9886	0.9886	0.0002599199999999992	0.9872	769.7
easy:190293001	easy	A	A	True	True		0.9783	0.9783	0.0008774600000000022	0.9756	647.6
none-narrower:94080006	none-narrower	none	none	True	False		0.7084	0.7084	0.15565113999999997	0.672	633.5
easy:449824004	easy	A	A	True	True		0.9865	0.9865	0.00031297999999999884	0.9848	678.2
none-narrower:1263522001	none-narrower	none	none	True	False		0.9995	0.9995	4.999999999999449e-07	0.9994	709.8
hard:720458005	hard	A	A	True	True		0.9973	0.9973	1.4580000000000192e-05	0.997	782.9
hard:62067003	hard	A	A	True	True		0.9915	0.9915	0.00014280999999999918	0.9905	732.8
none-narrower:66944004	none-narrower	none	none	True	False		0.9967	0.9967	1.4269999999999799e-05	0.9962	622.9
easy:90623003	easy	A	A	True	True		0.9431	0.9431	0.0064075499999999945	0.936	608.6
easy:49130001	easy	A	A	True	True		0.9474	0.9474	0.005502059999999998	0.9409	570.9
easy:230321007	easy	A	A	True	True		0.8372	0.8372	0.045409579999999984	0.8169	609.6
easy:36971009	easy	A	A	True	True		0.871	0.871	0.033179020000000004	0.8549	546.1
none-narrower:300457003	none-narrower	none	none	True	False		0.9853	0.9853	0.00036530000000000134	0.9834	609.4
hard:87343002	hard	A	A	True	True		0.983	0.983	0.0005746200000000005	0.9809	869.5
hard:415105001	hard	A	A	True	True		0.905	0.905	0.018049999999999997	0.8931	658.8
hard:254582000	hard	A	A	True	True		0.6519	0.6519	0.23603312999999998	0.6084	826.3
easy:192004002	easy	A	none	False	True		0.6581	0.3401	0.8685651999999999	0.6153	572.4
easy:446989009	easy	A	A	True	True		0.9115	0.9115	0.015576310000000003	0.9005	737.7
none-narrower:204985001	none-narrower	none	none	True	False		0.9703	0.9703	0.001390599999999997	0.9666	549.3
easy:402723003	easy	A	A	True	True		0.9639	0.9639	0.0026064200000000017	0.9594	733.7
none-narrower:265569002	none-narrower	none	none	True	False		0.9705	0.9705	0.0010761999999999983	0.9669	655.4
easy:65194006	easy	A	A	True	True		0.9656	0.9656	0.002305849999999999	0.9613	630.1
easy:255084004	easy	A	A	True	True		0.9251	0.9251	0.008187559999999995	0.9157	665.4
none-narrower:276873004	none-narrower	none	B	False	False		0.9289	0.071	1.72589622	0.92	768.6
hard:92059004	hard	A	A	True	True		0.8978	0.8978	0.02037033999999999	0.885	670.6
hard:237083000	hard	A	A	True	True		0.9431	0.9431	0.006418669999999994	0.936	610.6
none-narrower:54116000	none-narrower	none	none	True	False		0.9713	0.9713	0.001538109999999997	0.9677	697.1
retrieval-miss:105706003	retrieval-miss	none	none	True	False		0.9965	0.9965	2.3179999999999632e-05	0.9961	614.0
easy:695751021000132104	easy	A	A	True	True		0.9613	0.9613	0.002987649999999997	0.9565	672.4
easy:28244003	easy	A	A	True	True		0.9668	0.9668	0.0022044800000000004	0.9626	614.2
hard:121951000119101	hard	A	A	True	True		0.9565	0.9565	0.0037327899999999984	0.9511	594.5
none-narrower:771013004	none-narrower	none	A	False	False		0.9523	0.0476	1.8139410500000002	0.9463	774.1
none-narrower:387681000	none-narrower	none	none	True	False		0.9987	0.9987	2.8999999999999163e-06	0.9986	642.9
easy:277617004	easy	A	A	True	True		0.9828	0.9828	0.0005386499999999997	0.9806	763.0
hard:722378009	hard	A	A	True	True		0.9774	0.9774	0.0010170099999999979	0.9746	803.3
hard:61253004	hard	A	A	True	True		0.8426	0.8426	0.049455219999999994	0.823	560.0
retrieval-miss:238694002	retrieval-miss	none	A	False	False		0.992	0.0079	1.96832642	0.991	761.9
easy:200722003	easy	A	A	True	True		0.9525	0.9525	0.004512499999999999	0.9466	611.0
hard:231931001	hard	A	A	True	True		0.9912	0.9912	0.00014973000000000053	0.9901	762.9
none-narrower:402126004	none-narrower	none	none	True	False		0.7374	0.7374	0.10427890999999997	0.7045	631.2
none-narrower:359711001	none-narrower	none	A	False	False		0.9135	0.0855	1.6707931599999999	0.9027	823.9
easy:194119004	easy	C	C	True	False		0.7564	0.7564	0.11843867000000002	0.7259	591.7
hard:41659003	hard	C	none	False	False		0.8566	0.1401	1.4731966	0.8386	666.6
hard:14921002	hard	D	none	False	False		0.9826	0.0035	1.9586585600000004	0.9804	770.8
retrieval-miss:69488000	retrieval-miss	none	none	True	False		0.9723	0.9723	0.0013897799999999971	0.9688	587.4
none-narrower:385006	none-narrower	none	none	True	False		0.9871	0.9871	0.0002324400000000006	0.9854	545.9
none-narrower:186861006	none-narrower	none	none	True	False		0.9989	0.9989	2.209999999999978e-06	0.9988	685.4
easy:403889000	easy	A	A	True	True		0.9828	0.9828	0.0005781799999999998	0.9807	804.0
retrieval-miss:78305006	retrieval-miss	none	none	True	False		0.9998	0.9998	4.999999999999118e-08	0.9998	831.2
easy:77098009	easy	A	A	True	True		0.989	0.989	0.0002398100000000002	0.9876	751.1
hard:12546009	hard	B	none	False	False		0.6082	0.2991	0.8693977900000001	0.5592	684.0
none-narrower:1177005009	none-narrower	none	none	True	False		0.9878	0.9878	0.0002144499999999997	0.9863	613.0
easy:37925008	easy	A	A	True	True		0.8341	0.8341	0.05308175000000001	0.8133	566.9
easy:36517007	easy	A	A	True	True		0.9906	0.9906	0.0001748499999999993	0.9895	675.6
easy:34742003	easy	A	A	True	True		0.9695	0.9695	0.0018303499999999984	0.9657	614.1
easy:763833006	easy	A	A	True	True		0.8565	0.8565	0.039473879999999996	0.8385	974.1
hard:613003	hard	A	A	True	True		0.9936	0.9936	8.191999999999951e-05	0.9927	614.3
hard:716108004	hard	A	A	True	True		0.9946	0.9946	5.831999999999958e-05	0.994	856.0
easy:92272009	easy	A	A	True	True		0.9834	0.9834	0.0004971699999999983	0.9814	702.0
easy:238612002	easy	A	A	True	True		0.9288	0.9288	0.010053980000000004	0.9199	700.8
hard:15033003	hard	A	A	True	True		0.9895	0.9895	0.00022049999999999904	0.9882	561.6
easy:718174008	easy	A	A	True	True		0.9619	0.9619	0.002734750000000002	0.9572	751.0
hard:193093009	hard	A	A	True	True		0.9927	0.9927	0.0001065799999999996	0.9917	642.3
easy:92298003	easy	A	A	True	True		0.9674	0.9674	0.002125519999999997	0.9633	706.1
easy:447781009	easy	A	C	False	True		0.6169	0.0127	1.4917837699999998	0.5691	742.5
easy:267592003	easy	B	B	True	False		0.6194	0.6194	0.28834904000000006	0.5718	698.9
easy:763070001	easy	A	A	True	True		0.9928	0.9928	0.00010367999999999977	0.9919	950.9
hard:715482004	hard	A	A	True	True		0.9837	0.9837	0.0005313799999999993	0.9817	729.1
hard:39479004	hard	A	A	True	True		0.9621	0.9621	0.0028728200000000034	0.9573	762.6
retrieval-miss:277475006	retrieval-miss	none	none	True	False		0.9984	0.9984	4.270000000000146e-06	0.9982	718.5
hard:719404009	hard	A	A	True	True		0.9953	0.9953	4.418000000000035e-05	0.9947	687.7
easy:255039001	easy	A	A	True	True		0.9944	0.9944	6.272000000000055e-05	0.9937	695.9
none-narrower:712527004	none-narrower	none	none	True	False		0.9191	0.9191	0.011179199999999997	0.909	638.7
hard:763211004	hard	A	A	True	True		0.9976	0.9976	1.1519999999999797e-05	0.9973	825.0
hard:76880004	hard	A	A	True	True		0.9926	0.9926	0.00010804999999999944	0.9917	633.0
easy:92109005	easy	A	A	True	True		0.9686	0.9686	0.0019408999999999989	0.9647	664.2
easy:21794005	easy	A	A	True	True		0.9947	0.9947	5.6179999999999696e-05	0.994	661.8
easy:720976009	easy	A	A	True	True		0.9791	0.9791	0.0008336400000000013	0.9764	1018.5
easy:274902006	easy	A	A	True	True		0.9717	0.9717	0.0016017799999999995	0.9681	751.2
hard:230672006	hard	A	A	True	True		0.9834	0.9834	0.0005478199999999983	0.9814	733.1
easy:94292003	easy	A	A	True	True		0.9079	0.9079	0.016891349999999992	0.8964	682.5
hard:254609000	hard	A	A	True	True		0.8627	0.8627	0.03393814999999999	0.8455	703.3
easy:716653001	easy	A	A	True	True		0.9958	0.9958	3.445999999999985e-05	0.9953	722.3
hard:231479000	hard	A	A	True	True		0.7769	0.7769	0.07537770999999999	0.749	492.5
easy:363465007	easy	A	none	False	True		0.8731	0.1067	1.56067293	0.8572	561.9
none-narrower:92609009	none-narrower	none	none	True	False		0.9368	0.9368	0.005430340000000004	0.9289	559.9
hard:92412003	hard	A	A	True	True		0.9731	0.9731	0.0014156700000000021	0.9697	752.4
easy:277950001	easy	A	A	True	True		0.9348	0.9348	0.007374100000000005	0.9266	894.4
retrieval-miss:444755001	retrieval-miss	none	none	True	False		0.9983	0.9983	3.5600000000001184e-06	0.9981	570.1
hard:126677000	hard	A	A	True	True		0.9766	0.9766	0.0010904499999999989	0.9737	685.1
hard:398680004	hard	B	A	False	False		0.9829	0.0	1.9663321299999998	0.9807	841.5
retrieval-miss:129565002	retrieval-miss	none	none	True	False		0.6084	0.6084	0.22901651999999997	0.5595	539.3
easy:266257000	easy	B	none	False	False		0.7152	0.2842	1.02388104	0.6796	610.4
easy:276975007	easy	A	A	True	True		0.8928	0.8928	0.022687169999999993	0.8794	765.9
easy:715984007	easy	A	A	True	True		0.9878	0.9878	0.0002976799999999997	0.9863	827.7
easy:1963002	easy	A	A	True	True		0.9503	0.9503	0.004920379999999997	0.9441	744.3
hard:363451005	hard	A	A	True	True		0.8965	0.8965	0.019301780000000004	0.8836	583.2
hard:718679004	hard	A	A	True	True		0.997	0.997	1.8000000000000017e-05	0.9967	663.4
none-narrower:1351328007	none-narrower	none	A	False	False		0.9247	0.0749	1.7108801799999998	0.9153	724.6
easy:609565001	easy	A	A	True	True		0.9749	0.9749	0.0012111000000000005	0.9718	646.7
easy:713577007	easy	A	A	True	True		0.9923	0.9923	0.00011706000000000062	0.9913	739.9
hard:402524007	hard	A	none	False	True		0.8679	0.1313	1.5078904800000004	0.8513	632.7
hard:403986008	hard	A	A	True	True		0.9874	0.9874	0.0002920099999999986	0.9858	693.7
hard:126824007	hard	A	A	True	True		0.8608	0.8608	0.03855908	0.8434	683.1
hard:702368000	hard	A	A	True	True		0.6655	0.6655	0.2220528	0.6237	720.8
hard:61663001	hard	A	A	True	True		0.9141	0.9141	0.014014779999999996	0.9033	729.5
easy:26597004	easy	A	A	True	True		0.9492	0.9492	0.005151129999999996	0.9429	636.9
hard:763531001	hard	A	A	True	True		0.9798	0.9798	0.0008160799999999998	0.9773	707.3
none-narrower:403552007	none-narrower	none	none	True	False		0.997	0.997	1.3910000000000014e-05	0.9966	704.7
easy:195021004	easy	A	none	False	True		0.9473	0.0417	1.81574984	0.9407	692.5
easy:32117000	easy	A	A	True	True		0.9422	0.9422	0.006670139999999995	0.935	808.1
easy:717224002	easy	A	A	True	True		0.9841	0.9841	0.0004993100000000009	0.9821	795.8
hard:419503008	hard	A	A	True	True		0.9641	0.9641	0.0024470900000000033	0.9596	781.2
easy:766982000	easy	A	A	True	True		0.9755	0.9755	0.0011956099999999984	0.9724	1029.6
hard:235796008	hard	A	A	True	True		0.9952	0.9952	4.608000000000025e-05	0.9946	579.9
none-narrower:84097002	none-narrower	none	none	True	False		0.9846	0.9846	0.00046820999999999907	0.9827	635.3
easy:11442006	easy	A	none	False	True		0.9029	0.0775	1.6663229199999998	0.8908	765.2
hard:197260007	hard	C	C	True	False		0.9973	0.9973	1.4580000000000192e-05	0.997	593.3
easy:765747004	easy	A	A	True	True		0.9435	0.9435	0.005397139999999999	0.9364	1003.0
easy:700057001	easy	A	A	True	True		0.9949	0.9949	5.201999999999994e-05	0.9942	729.3
none-narrower:1087891000119107	none-narrower	none	none	True	False		0.9965	0.9965	2.079999999999963e-05	0.9961	603.5
hard:25044007	hard	A	A	True	True		0.8446	0.8446	0.04798933	0.8251	645.6
easy:416510003	easy	A	A	True	True		0.578	0.578	0.34848634000000006	0.5253	622.2
retrieval-miss:105668007	retrieval-miss	none	none	True	False		0.9893	0.9893	0.00018749000000000093	0.988	609.2
easy:274944000	easy	A	A	True	True		0.9603	0.9603	0.0031521799999999966	0.9553	762.2
none-narrower:84753008	none-narrower	none	none	True	False		0.9962	0.9962	1.7910000000000193e-05	0.9957	578.8
none-narrower:1208841001	none-narrower	none	none	True	False		0.9971	0.9971	1.0440000000000078e-05	0.9967	611.3
hard:19092004	hard	A	A	True	True		0.996	0.996	3.200000000000003e-05	0.9955	770.9
easy:22240003	easy	A	A	True	True		0.9146	0.9146	0.014586320000000007	0.9039	809.4
easy:429040005	easy	B	B	True	False		0.824	0.824	0.061846590000000014	0.802	538.7
hard:424114000	hard	A	A	True	True		0.9881	0.9881	0.00028322000000000053	0.9866	705.7
retrieval-miss:15566009	retrieval-miss	none	none	True	False		0.9971	0.9971	1.339000000000008e-05	0.9968	692.7
retrieval-miss:65038009	retrieval-miss	none	none	True	False		0.9985	0.9985	2.8399999999998373e-06	0.9983	535.9
hard:85039006	hard	A	A	True	True		0.9704	0.9704	0.0017289699999999976	0.9667	683.8
easy:763748007	easy	A	A	True	True		0.9926	0.9926	0.00010951999999999945	0.9917	813.9
retrieval-miss:39288006	retrieval-miss	none	none	True	False		0.9611	0.9611	0.0024082300000000034	0.9562	603.3
none-narrower:1263575002	none-narrower	none	none	True	False		0.9851	0.9851	0.00041327000000000074	0.9832	553.5
hard:18899000	hard	A	A	True	True		0.9589	0.9589	0.0033702100000000024	0.9537	827.0
none-narrower:1299151005	none-narrower	none	A	False	False		0.9931	0.0069	1.9724952199999999	0.9923	778.8
easy:397923000	easy	A	A	True	True		0.9805	0.9805	0.0007566199999999985	0.978	620.6
hard:126859007	hard	A	A	True	True		0.9085	0.9085	0.016653350000000004	0.897	745.8
easy:8808004	easy	A	A	True	True		0.9829	0.9829	0.0005848200000000002	0.9807	850.8
none-narrower:403856000	none-narrower	none	none	True	False		0.9984	0.9984	4.270000000000146e-06	0.9982	675.9
easy:724171006	easy	A	A	True	True		0.9213	0.9213	0.012124	0.9114	621.1
hard:50390006	hard	A	A	True	True		0.981	0.981	0.0007144600000000006	0.9786	562.9
easy:70410008	easy	A	A	True	True		0.994	0.994	7.081000000000006e-05	0.9933	771.4
easy:8634009	easy	A	A	True	True		0.5295	0.5295	0.44189468000000004	0.4706	757.6
hard:237770005	hard	A	A	True	True		0.8052	0.8052	0.07516105999999997	0.7808	793.9
hard:79830009	hard	A	A	True	True		0.9622	0.9622	0.002850139999999996	0.9574	579.0
none-narrower:783182004	none-narrower	none	A	False	False		0.9393	0.0605	1.76494478	0.9317	691.3
easy:51239001	easy	A	A	True	True		0.8471	0.8471	0.04651320000000002	0.828	576.2
none-narrower:236711008	none-narrower	none	none	True	False		0.9932	0.9932	6.199000000000039e-05	0.9923	573.2
hard:58349009	hard	A	A	True	True		0.7215	0.7215	0.15264528	0.6867	699.6
easy:68241007	easy	B	B	True	False		0.7414	0.7414	0.13374792000000002	0.7091	566.4
easy:767713001	easy	A	A	True	True		0.9829	0.9829	0.0005524400000000002	0.9807	570.4
hard:404078000	hard	A	A	True	True		0.9769	0.9769	0.0010312000000000006	0.974	660.3
hard:770406002	hard	A	A	True	True		0.9972	0.9972	1.514000000000014e-05	0.9968	855.0
none-narrower:237819006	none-narrower	none	none	True	False		0.9771	0.9771	0.0010003100000000014	0.9742	708.6
none-narrower:77746001	none-narrower	none	none	True	False		0.9964	0.9964	2.5210000000000343e-05	0.9959	831.9
hard:80690008	hard	B	B	True	False		0.9452	0.9452	0.005995139999999995	0.9384	655.5
none-narrower:10701000087104	none-narrower	none	none	True	False		0.9993	0.9993	6.900000000000475e-07	0.9992	656.2
