item_id	tier	truth	pred	hit	lex_hit	ambiguous	p_top	p_truth	brier	confidence	latency_ms
hard:238898001	hard	H	H	True	True	False	0.9907	0.9907	0.00010692999999999953	0.9896	201.6
hard:191201002	hard	F	F	True	True	False	0.9619	0.9619	0.0017806600000000018	0.9572	188.3
hard:722006004	hard	A	A	True	True	False	0.9679	0.9679	0.0012492900000000014	0.9639	197.5
hard:76642003	hard	F	H	False	True	True	0.7274	0.2013	1.1683246799999998	0.6934	185.0
gold-removed:402815007	gold-removed	none	none	True	False		0.8278	0.8278	0.034519360000000006	0.8063	201.8
easy:403980002	easy	E	E	True	True	False	0.9377	0.9377	0.004861330000000003	0.9299	192.7
gold-removed:373420004	gold-removed	none	none	True	False		0.8518	0.8518	0.02562138	0.8333	233.3
easy:718610008	easy	G	G	True	True	False	0.9501	0.9501	0.0032670400000000058	0.9439	238.5
hard:766759009	hard	F	F	True	False	True	0.5271	0.5271	0.27372749999999996	0.468	202.9
easy:80281008	easy	G	G	True	True	False	0.9363	0.9363	0.005162139999999997	0.9284	184.4
easy:42601008	easy	H	H	True	True	True	0.8563	0.8563	0.026414750000000015	0.8383	184.5
retrieval-miss:238836000	retrieval-miss	none	none	True	False	True	0.3966	0.3966	0.4484014499999999	0.3211	233.1
easy:55647004	easy	F	F	True	False	True	0.9515	0.9515	0.0028310899999999988	0.9455	174.9
hard:124138004	hard	E	E	True	True	False	0.9221	0.9221	0.007549229999999996	0.9124	228.7
retrieval-miss:66379009	retrieval-miss	none	B	False	False	True	0.9155	0.0216	1.79627707	0.9049	184.3
hard:373168002	hard	A	A	True	True	False	0.9433	0.9433	0.003783089999999997	0.9362	194.8
none-narrower:846579005	none-narrower	none	none	True	False		0.3267	0.3267	0.55331886	0.2426	186.2
retrieval-miss:95637005	retrieval-miss	none	none	True	False	True	0.8281	0.8281	0.03494500000000002	0.8066	193.3
gold-removed:702440000	gold-removed	none	none	True	False		0.8357	0.8357	0.03135872	0.8152	236.7
gold-removed:71253000	gold-removed	none	none	True	False		0.5751	0.5751	0.20913280000000006	0.522	184.5
hard:609221008	hard	A	E	False	False	True	0.7732	0.0267	1.5523626199999998	0.7449	202.7
gold-removed:719689005	gold-removed	none	none	True	False		0.3686	0.3686	0.4650479799999999	0.2896	232.5
hard:702377007	hard	C	C	True	True	False	0.9626	0.9626	0.001795459999999999	0.9579	184.1
hard:721845005	hard	A	A	True	True	False	0.9653	0.9653	0.0014799799999999966	0.9609	232.2
easy:128105004	easy	F	F	True	True	False	0.9531	0.9531	0.0026640100000000053	0.9472	234.9
hard:231472009	hard	E	E	True	True	False	0.9548	0.9548	0.0031731700000000016	0.9491	154.3
none-narrower:95795006	none-narrower	none	none	True	False		0.5065	0.5065	0.2780507400000001	0.4448	146.2
easy:254918001	easy	C	C	True	True	False	0.9725	0.9725	0.0009076899999999982	0.969	184.6
none-narrower:91951001	none-narrower	none	H	False	False		0.5649	0.2369	0.9089054599999999	0.5105	173.2
none-narrower:307680001	none-narrower	none	none	True	False		0.531	0.531	0.25223274999999995	0.4723	175.4
gold-removed:38494008	gold-removed	none	none	True	False		0.5298	0.5298	0.25490587	0.471	197.0
easy:128200000	easy	A	A	True	True	True	0.8654	0.8654	0.024279400000000013	0.8486	193.2
none-narrower:370484007	none-narrower	none	D	False	False		0.907	0.0287	1.7673162800000002	0.8954	166.8
easy:761958009	easy	C	C	True	True	False	0.9541	0.9541	0.002503130000000005	0.9484	192.3
easy:127004000	easy	F	C	False	False	True	0.9485	0.0108	1.8784927299999998	0.942	183.7
none-narrower:1209168005	none-narrower	none	none	True	False		0.3656	0.3656	0.46591281000000007	0.2863	179.5
hard:253000007	hard	B	B	True	True	True	0.9095	0.9095	0.009427910000000005	0.8982	202.6
retrieval-miss:234961008	retrieval-miss	none	A	False	False	True	0.5334	0.1631	1.01605593	0.475	187.7
none-narrower:34485008	none-narrower	none	none	True	False		0.6178	0.6178	0.1684345	0.57	194.9
hard:403986008	hard	G	G	True	True	False	0.9439	0.9439	0.004042430000000005	0.9369	192.6
none-narrower:1177179002	none-narrower	none	A	False	False		0.9537	0.0068	1.8963703499999998	0.948	233.7
none-narrower:1222677008	none-narrower	none	C	False	False		0.5046	0.0226	1.37385869	0.4427	193.1
hard:95268002	hard	B	B	True	True	True	0.9752	0.9752	0.0007227900000000022	0.9722	185.7
none-narrower:1306747001	none-narrower	none	B	False	False		0.9586	0.0044	1.9105491300000002	0.9534	228.2
easy:702359002	easy	A	A	True	True	True	0.9585	0.9585	0.0020835299999999984	0.9533	194.4
hard:715817007	hard	A	A	True	True	False	0.9606	0.9606	0.0017927099999999992	0.9557	198.6
none-narrower:198336007	none-narrower	none	none	True	False		0.4059	0.4059	0.42274369000000006	0.3317	178.4
hard:254916002	hard	C	none	False	False	True	0.5098	0.032	1.23652082	0.4485	234.6
easy:237249000	easy	G	G	True	True	False	0.9673	0.9673	0.0015937399999999967	0.9632	192.6
retrieval-miss:19968009	retrieval-miss	none	none	True	False	True	0.539	0.539	0.24735165999999997	0.4814	159.2
gold-removed:48245008	gold-removed	none	none	True	False		0.5877	0.5877	0.19968032	0.5362	167.5
hard:458422009	hard	B	B	True	True	False	0.877	0.877	0.02062754	0.8616	184.0
easy:21848000	easy	C	C	True	True	False	0.9716	0.9716	0.0009282699999999989	0.968	184.8
retrieval-miss:73856006	retrieval-miss	none	E	False	False	True	0.6245	0.1111	1.1983906700000002	0.5775	194.5
hard:724015007	hard	H	H	True	True	False	0.9892	0.9892	0.0001368000000000007	0.9878	183.9
none-narrower:733598001	none-narrower	none	H	False	False		0.8478	0.0062	1.72476179	0.8287	267.0
hard:449730005	hard	H	H	True	True	False	0.9938	0.9938	4.7379999999999794e-05	0.993	193.5
hard:88037009	hard	D	D	True	True	False	0.841	0.841	0.03771797000000001	0.8211	176.7
gold-removed:44917000	gold-removed	none	none	True	False		0.9418	0.9418	0.003939640000000004	0.9346	184.4
none-narrower:688931000119106	none-narrower	none	H	False	False		0.9033	0.0213	1.77497791	0.8912	202.2
hard:87074006	hard	C	C	True	True	False	0.9664	0.9664	0.0013288899999999977	0.9622	192.6
retrieval-miss:105668007	retrieval-miss	none	none	True	False	True	0.4405	0.4405	0.41781855	0.3706	174.2
easy:277571004	easy	C	C	True	True	True	0.7557	0.7557	0.06907629999999998	0.7252	203.6
hard:239144007	hard	G	G	True	False	True	0.9377	0.9377	0.005356730000000003	0.9299	234.8
easy:10301003	easy	C	C	True	True	False	0.983	0.983	0.00034643000000000054	0.9809	193.1
retrieval-miss:400022009	retrieval-miss	none	B	False	False	True	0.6205	0.1241	1.1657967	0.5731	191.7
easy:406506008	easy	B	G	False	False	True	0.9048	0.0113	1.7975866800000004	0.8929	169.8
none-narrower:196853004	none-narrower	none	C	False	False		0.3456	0.3001	0.6330717699999999	0.2638	174.4
none-narrower:1197308005	none-narrower	none	none	True	False		0.5624	0.5624	0.23006390999999998	0.5077	197.4
retrieval-miss:7231009	retrieval-miss	none	none	True	False	True	0.6442	0.6442	0.14725615	0.5997	167.5
hard:238772004	hard	D	D	True	True	False	0.9603	0.9603	0.0018675699999999966	0.9553	185.3
hard:241774007	hard	D	D	True	True	False	0.9536	0.9536	0.0025710299999999998	0.9479	231.5
easy:60750009	easy	A	A	True	False	True	0.9465	0.9465	0.0034748999999999986	0.9399	184.0
none-narrower:700289000	none-narrower	none	A	False	False		0.8987	0.0273	1.75523754	0.886	169.1
none-narrower:20833001	none-narrower	none	E	False	False		0.5857	0.0983	1.20969596	0.5339	192.3
hard:254693008	hard	E	E	True	True	False	0.9651	0.9651	0.0015738300000000028	0.9608	183.9
gold-removed:22607003	gold-removed	none	none	True	False		0.949	0.949	0.003099810000000005	0.9426	152.6
easy:111227009	easy	F	F	True	False	True	0.6213	0.6213	0.17617311000000002	0.5739	185.0
hard:699256006	hard	A	B	False	False	True	0.6661	0.1993	1.0895515100000002	0.6244	193.0
none-narrower:89764009	none-narrower	none	none	True	False		0.4534	0.4534	0.3477574	0.3851	167.1
hard:93827000	hard	H	H	True	True	True	0.959	0.959	0.002179130000000003	0.9538	185.9
none-narrower:448372003	none-narrower	none	D	False	False		0.9541	0.006	1.89870531	0.9483	202.6
easy:733096007	easy	A	A	True	True	False	0.9692	0.9692	0.001105260000000003	0.9653	202.3
easy:254099008	easy	B	B	True	True	False	0.9429	0.9429	0.004007410000000005	0.9358	229.9
hard:763375003	hard	E	E	True	True	False	0.9798	0.9798	0.0005223299999999999	0.9773	221.6
gold-removed:238719003	gold-removed	none	none	True	False		0.7114	0.7114	0.09962124999999998	0.6754	188.7
easy:238049009	easy	F	F	True	True	False	0.9238	0.9238	0.0070668300000000074	0.9143	237.5
easy:439143004	easy	B	B	True	True	True	0.9439	0.9439	0.003659470000000004	0.9369	232.8
hard:722004001	hard	E	E	True	True	True	0.9697	0.9697	0.0011651099999999996	0.9659	232.6
retrieval-miss:58112007	retrieval-miss	none	H	False	False	True	0.3998	0.2931	0.6825118	0.3247	193.0
easy:765190005	easy	D	D	True	False	True	0.9678	0.9678	0.0012275400000000005	0.9638	201.7
retrieval-miss:34000006	retrieval-miss	none	H	False	False	True	0.9881	0.0052	1.96597561	0.9866	173.6
hard:28783002	hard	B	B	True	False	True	0.9647	0.9647	0.0014983799999999997	0.9603	167.8
hard:711482008	hard	D	D	True	True	True	0.8738	0.8738	0.020133399999999992	0.858	188.6
easy:92021007	easy	F	F	True	True	True	0.8651	0.8651	0.023296680000000007	0.8482	192.9
gold-removed:239066003	gold-removed	none	none	True	False		0.4255	0.4255	0.3826735	0.3537	230.8
retrieval-miss:720830009	retrieval-miss	none	E	False	False	True	0.9675	0.0079	1.9204453099999998	0.9634	198.5
easy:203468000	easy	E	E	True	True	False	0.9739	0.9739	0.0008743300000000006	0.9706	193.5
none-narrower:340671000119102	none-narrower	none	G	False	False		0.9599	0.0061	1.91011337	0.9549	186.5
easy:95656000	easy	G	G	True	True	True	0.9163	0.9163	0.00852229	0.9059	185.0
none-narrower:723610009	none-narrower	none	F	False	False		0.9751	0.0047	1.94158681	0.972	192.7
hard:707427000	hard	B	B	True	True	False	0.9345	0.9345	0.004950620000000001	0.9263	233.2
hard:41720003	hard	F	F	True	True	False	0.9687	0.9687	0.0013699599999999995	0.9648	158.5
retrieval-miss:44086001	retrieval-miss	none	none	True	False	True	0.8544	0.8544	0.024702819999999986	0.8363	193.4
easy:58258004	easy	H	H	True	True	True	0.9576	0.9576	0.002378349999999999	0.9523	226.1
retrieval-miss:45894003	retrieval-miss	none	none	True	False	True	0.7516	0.7516	0.07250677999999998	0.7206	192.1
hard:720987001	hard	E	E	True	True	False	0.9529	0.9529	0.003009760000000003	0.9471	197.7
hard:23414001	hard	F	F	True	False	True	0.8786	0.8786	0.01825513999999999	0.8634	192.9
hard:12546009	hard	A	F	False	False	True	0.4779	0.3126	0.71071885	0.4127	196.2
none-narrower:1142319002	none-narrower	none	none	True	False		0.7418	0.7418	0.07803919999999999	0.7095	192.6
easy:77252004	easy	H	H	True	True	False	0.9887	0.9887	0.0001520499999999995	0.9873	174.3
hard:254146000	hard	G	B	False	False	True	0.9209	0.0106	1.82844896	0.911	194.7
easy:193683001	easy	F	F	True	True	False	0.729	0.729	0.08772538	0.6952	195.4
retrieval-miss:715369006	retrieval-miss	none	none	True	False	True	0.4851	0.4851	0.32108478	0.4207	231.9
easy:733521003	easy	D	D	True	True	False	0.957	0.957	0.0025585100000000034	0.9517	239.3
hard:723444009	hard	D	D	True	True	True	0.9078	0.9078	0.01074759999999999	0.8962	231.8
retrieval-miss:187741001	retrieval-miss	none	F	False	False	True	0.8472	0.03	1.66201095	0.828	178.0
easy:715727009	easy	G	G	True	True	False	0.9652	0.9652	0.0019748800000000044	0.9608	202.2
easy:724349009	easy	F	F	True	True	False	0.9752	0.9752	0.0007726200000000022	0.9721	232.3
hard:68528007	hard	E	none	False	False	True	0.5693	0.0735	1.20681816	0.5155	198.0
retrieval-miss:265377002	retrieval-miss	none	none	True	False	True	0.7359	0.7359	0.08216223	0.7029	185.2
none-narrower:770728003	none-narrower	none	A	False	False		0.9666	0.0043	1.92593717	0.9624	194.2
hard:43647007	hard	E	E	True	False	True	0.9816	0.9816	0.00043566999999999895	0.9793	186.2
easy:763867001	easy	E	E	True	True	False	0.9659	0.9659	0.0014859600000000014	0.9616	242.0
hard:93255008	hard	H	H	True	True	True	0.9426	0.9426	0.0040650700000000005	0.9354	193.3
gold-removed:725286002	gold-removed	none	none	True	False		0.5445	0.5445	0.25316089	0.4876	247.5
none-narrower:406571004	none-narrower	none	D	False	False		0.4344	0.2066	0.8469320199999999	0.3637	184.3
retrieval-miss:445918001	retrieval-miss	none	none	True	False	True	0.8494	0.8494	0.026011449999999985	0.8306	173.7
none-narrower:241897004	none-narrower	none	none	True	False		0.3801	0.3801	0.44172349	0.3026	195.3
none-narrower:197819009	none-narrower	none	none	True	False		0.8834	0.8834	0.015787590000000008	0.8688	184.4
gold-removed:764958008	gold-removed	none	H	False	False		0.6163	0.1428	1.12500166	0.5683	238.8
easy:186807008	easy	H	H	True	True	False	0.8601	0.8601	0.024161790000000006	0.8426	233.2
easy:56625005	easy	F	F	True	True	True	0.9662	0.9662	0.0016911800000000035	0.962	178.1
hard:254124008	hard	F	F	True	True	False	0.889	0.889	0.014996039999999995	0.8751	173.6
gold-removed:410052008	gold-removed	none	none	True	False		0.9347	0.9347	0.004959640000000003	0.9266	235.8
hard:719455002	hard	E	E	True	True	False	0.9801	0.9801	0.0004729000000000012	0.9776	193.7
hard:37373007	hard	H	H	True	True	False	0.9934	0.9934	5.5820000000000655e-05	0.9926	174.8
easy:92464009	easy	A	A	True	True	False	0.9643	0.9643	0.0014992599999999966	0.9599	192.0
easy:712750007	easy	E	E	True	False	True	0.9725	0.9725	0.0009809999999999981	0.9691	184.6
gold-removed:271532008	gold-removed	none	none	True	False		0.7971	0.7971	0.050535019999999986	0.7718	177.9
none-narrower:1156772007	none-narrower	none	E	False	False		0.5964	0.0866	1.2139011	0.5459	153.4
gold-removed:193177003	gold-removed	none	none	True	False		0.6779	0.6779	0.12003166000000004	0.6376	176.7
hard:719972004	hard	H	H	True	True	False	0.9943	0.9943	3.938000000000043e-05	0.9936	203.1
hard:239065004	hard	C	C	True	False	True	0.6632	0.6632	0.13812005	0.6211	233.3
hard:720816004	hard	H	H	True	False	True	0.9908	0.9908	0.00010197999999999975	0.9896	202.7
gold-removed:68216000	gold-removed	none	none	True	False		0.6635	0.6635	0.13084964000000002	0.6215	193.7
easy:111323005	easy	G	G	True	True	False	0.9437	0.9437	0.004318660000000002	0.9367	202.1
easy:363428005	easy	G	G	True	True	True	0.9781	0.9781	0.0005686400000000012	0.9754	193.5
easy:733599009	easy	B	B	True	False	True	0.9623	0.9623	0.0016472099999999966	0.9576	245.6
easy:360525006	easy	D	D	True	True	True	0.9044	0.9044	0.010817120000000005	0.8925	193.9
easy:126865007	easy	H	H	True	True	False	0.9789	0.9789	0.0005276700000000003	0.9762	193.1
easy:50749006	easy	B	B	True	True	False	0.9658	0.9658	0.0014217000000000008	0.9615	238.1
easy:13468005	easy	G	G	True	True	False	0.9477	0.9477	0.004219060000000001	0.9411	185.1
gold-removed:724274009	gold-removed	none	B	False	False		0.9493	0.0136	1.8744534500000003	0.9429	233.6
none-narrower:1269177007	none-narrower	none	C	False	False		0.9718	0.0043	1.93593868	0.9683	186.1
hard:715735007	hard	B	B	True	True	False	0.9593	0.9593	0.0019568599999999965	0.9542	205.9
hard:720812002	hard	B	B	True	False	True	0.969	0.969	0.0011183600000000016	0.9651	202.9
none-narrower:1258980000	none-narrower	none	none	True	False		0.5291	0.5291	0.25615637999999996	0.4702	173.4
hard:38528001	hard	H	H	True	True	False	0.9938	0.9938	4.6479999999999785e-05	0.9931	185.7
easy:237941007	easy	F	F	True	True	False	0.9707	0.9707	0.0012048899999999997	0.967	233.9
hard:15084002	hard	B	B	True	True	False	0.9334	0.9334	0.0056073999999999985	0.925	232.4
easy:6118003	easy	F	F	True	True	False	0.9756	0.9756	0.0007426099999999988	0.9725	185.0
none-narrower:240775001	none-narrower	none	none	True	False		0.4679	0.4679	0.32527366	0.4014	184.4
hard:231996009	hard	H	H	True	True	False	0.9766	0.9766	0.000653159999999999	0.9737	183.5
easy:255037004	easy	G	G	True	True	False	0.9126	0.9126	0.010636620000000006	0.9017	195.9
retrieval-miss:111865007	retrieval-miss	none	none	True	False	True	0.8677	0.8677	0.020218329999999993	0.8511	174.3
none-narrower:722692009	none-narrower	none	none	True	False		0.4822	0.4822	0.34495616	0.4175	184.0
easy:42399005	easy	E	E	True	True	False	0.8397	0.8397	0.030800329999999997	0.8197	184.9
retrieval-miss:86422009	retrieval-miss	none	C	False	False	True	0.793	0.1102	1.4225480800000003	0.7671	193.3
retrieval-miss:249491000119100	retrieval-miss	none	none	True	False	True	0.4752	0.4752	0.3585015199999999	0.4096	154.6
hard:404014008	hard	F	F	True	True	True	0.7949	0.7949	0.05069681999999998	0.7692	201.6
easy:83586000	easy	A	A	True	False	True	0.946	0.946	0.0035287700000000053	0.9393	189.2
none-narrower:200968006	none-narrower	none	A	False	False		0.366	0.29	0.6600508	0.2867	175.9
none-narrower:699700006	none-narrower	none	E	False	False		0.879	0.0219	1.73263816	0.8639	192.6
hard:78494001	hard	A	A	True	True	False	0.9557	0.9557	0.0022698800000000006	0.9502	184.6
hard:716648006	hard	D	D	True	True	True	0.8461	0.8461	0.035169130000000014	0.8269	200.8
gold-removed:127027008	gold-removed	none	none	True	False		0.8588	0.8588	0.0241189	0.8411	193.2
hard:111806005	hard	D	D	True	True	True	0.9702	0.9702	0.0010977000000000029	0.9665	178.0
retrieval-miss:69015003	retrieval-miss	none	none	True	False	True	0.6431	0.6431	0.15053898	0.5985	184.0
hard:441574008	hard	B	B	True	True	False	0.8844	0.8844	0.015416390000000009	0.87	167.0
gold-removed:400006008	gold-removed	none	none	True	False		0.6276	0.6276	0.15835311999999996	0.5811	185.2
easy:371486001	easy	D	B	False	False	True	0.8202	0.0947	1.49409953	0.7977	178.4
none-narrower:271700006	none-narrower	none	none	True	False		0.5799	0.5799	0.20299450000000002	0.5274	202.6
hard:277508009	hard	E	E	True	True	True	0.3682	0.3682	0.46936248999999985	0.2893	192.4
easy:187059008	easy	F	F	True	False	True	0.9518	0.9518	0.003196880000000002	0.9458	184.9
retrieval-miss:763616002	retrieval-miss	none	none	True	False	True	0.8088	0.8088	0.04242504000000002	0.7849	233.5
hard:205306000	hard	G	G	True	False	True	0.6453	0.6453	0.14985645	0.601	159.3
gold-removed:48241004	gold-removed	none	D	False	False		0.581	0.1531	1.06636716	0.5286	174.8
gold-removed:707379000	gold-removed	none	none	True	False		0.4202	0.4202	0.39304484	0.3477	202.7
easy:192976002	easy	G	G	True	True	False	0.7912	0.7912	0.06774269999999999	0.7651	188.1
gold-removed:15250008	gold-removed	none	none	True	False		0.8587	0.8587	0.022848209999999994	0.8411	178.7
none-narrower:1167373005	none-narrower	none	B	False	False		0.9743	0.0035	1.9423628500000003	0.9711	184.3
none-narrower:16320831000119100	none-narrower	none	G	False	False		0.7652	0.0721	1.4558940699999998	0.7358	192.9
hard:371965009	hard	B	B	True	True	True	0.915	0.915	0.008545199999999994	0.9044	184.3
retrieval-miss:82077006	retrieval-miss	none	C	False	False	True	0.5669	0.1212	1.10993641	0.5128	194.2
retrieval-miss:723821002	retrieval-miss	none	none	True	False	True	0.824	0.824	0.03588332000000002	0.802	253.4
none-narrower:195680000	none-narrower	none	none	True	False		0.3303	0.3303	0.55183366	0.2466	187.0
none-narrower:239721001	none-narrower	none	none	True	False		0.6391	0.6391	0.15076544	0.594	174.9
easy:269469005	easy	H	H	True	True	True	0.9885	0.9885	0.00015504999999999894	0.987	204.1
easy:126881002	easy	G	G	True	True	False	0.9413	0.9413	0.004286779999999996	0.9339	185.2
easy:363385007	easy	F	F	True	True	True	0.915	0.915	0.008457729999999993	0.9044	184.5
hard:89142007	hard	B	B	True	True	False	0.8927	0.8927	0.013698119999999989	0.8793	184.2
none-narrower:1157157006	none-narrower	none	E	False	False		0.9733	0.0042	1.93907761	0.9699	237.4
hard:95797003	hard	A	A	True	True	False	0.9411	0.9411	0.0041788399999999944	0.9337	160.8
easy:449790007	easy	F	F	True	True	False	0.8528	0.8528	0.02575211	0.8344	154.4
none-narrower:402387002	none-narrower	none	none	True	False		0.489	0.489	0.29927732	0.4251	188.9
easy:45170000	easy	E	E	True	True	True	0.9626	0.9626	0.001730039999999999	0.9579	229.7
easy:60555002	easy	E	E	True	False	True	0.9176	0.9176	0.007981470000000006	0.9073	235.8
easy:26029002	easy	A	A	True	True	True	0.9572	0.9572	0.002188299999999996	0.9518	196.3
easy:44729001	easy	C	C	True	False	True	0.9714	0.9714	0.0009638099999999977	0.9678	153.9
easy:109492001	easy	D	D	True	True	False	0.9238	0.9238	0.007105310000000007	0.9143	175.5
easy:66071002	easy	E	E	True	False	True	0.8199	0.8199	0.03755433000000002	0.7973	178.0
easy:5602001	easy	A	A	True	True	True	0.8704	0.8704	0.02169551000000001	0.8542	173.8
easy:720603002	easy	C	C	True	True	False	0.9715	0.9715	0.0010497499999999982	0.968	229.2
retrieval-miss:263225007	retrieval-miss	none	none	True	False	True	0.4212	0.4212	0.48262255	0.3488	184.6
easy:68272006	easy	H	H	True	True	True	0.9901	0.9901	0.0001154400000000004	0.9889	166.7
retrieval-miss:124646004	retrieval-miss	none	none	True	False	True	0.49	0.49	0.29858984	0.4263	194.2
easy:766992008	easy	D	D	True	False	True	0.9426	0.9426	0.00429059	0.9355	188.2
retrieval-miss:118601006	retrieval-miss	none	A	False	False	True	0.9696	0.0054	1.92946851	0.9658	233.4
easy:126736007	easy	G	G	True	True	False	0.9479	0.9479	0.0040813300000000045	0.9414	193.6
hard:414029004	hard	C	C	True	False	True	0.9668	0.9668	0.0013206600000000004	0.9626	177.4
gold-removed:720639008	gold-removed	none	none	True	False		0.8524	0.8524	0.025192969999999988	0.8339	193.8
easy:68633000	easy	H	H	True	False	True	0.9666	0.9666	0.0013696399999999988	0.9625	153.4
easy:92559007	easy	H	H	True	True	False	0.9932	0.9932	5.5440000000000384e-05	0.9923	177.3
none-narrower:1179296003	none-narrower	none	B	False	False		0.9811	0.0041	1.95441792	0.9787	199.2
none-narrower:1003324007	none-narrower	none	none	True	False		0.4822	0.4822	0.343873	0.4175	174.9
hard:84438001	hard	H	H	True	True	False	0.9894	0.9894	0.00013575000000000116	0.988	202.0
hard:718850008	hard	G	G	True	True	False	0.9579	0.9579	0.0030166100000000025	0.9527	240.0
easy:400171002	easy	B	B	True	False	True	0.9529	0.9529	0.0025658900000000025	0.947	184.8
none-narrower:312157006	none-narrower	none	none	True	False		0.3964	0.3964	0.43881552	0.321	177.5
hard:880065001	hard	D	D	True	True	True	0.9709	0.9709	0.0010664600000000008	0.9672	207.4
none-narrower:298591003	none-narrower	none	B	False	False		0.4128	0.239	0.77069248	0.3394	177.9
easy:425657001	easy	C	C	True	False	True	0.8876	0.8876	0.016546730000000013	0.8736	231.2
easy:303063000	easy	D	D	True	False	True	0.6466	0.6466	0.14528715000000003	0.6024	193.6
easy:195889001	easy	B	B	True	True	False	0.932	0.932	0.005898079999999993	0.9235	187.2
hard:93929003	hard	C	C	True	True	False	0.9131	0.9131	0.009695959999999997	0.9022	184.8
easy:34736002	easy	H	H	True	True	False	0.9855	0.9855	0.00025502999999999876	0.9836	187.0
none-narrower:433891000124100	none-narrower	none	none	True	False		0.398	0.398	0.4178323199999999	0.3228	167.5
none-narrower:8442000	none-narrower	none	none	True	False		0.4569	0.4569	0.35306670000000007	0.389	178.4
none-narrower:722529000	none-narrower	none	G	False	False		0.6317	0.1011	1.224982	0.5857	234.7
gold-removed:763713000	gold-removed	none	C	False	False		0.9726	0.0058	1.9345086299999998	0.9692	185.1
retrieval-miss:74333002	retrieval-miss	none	none	True	False	True	0.3357	0.3357	0.5126219599999999	0.2526	203.4
gold-removed:14756005	gold-removed	none	C	False	False		0.5515	0.1678	1.02391708	0.4954	161.4
none-narrower:866097000	none-narrower	none	G	False	False		0.2721	0.1823	0.79881898	0.1811	193.3
hard:61758007	hard	E	E	True	True	True	0.6642	0.6642	0.13826329999999998	0.6222	202.3
none-narrower:124141008	none-narrower	none	B	False	False		0.5907	0.1063	1.1859994999999999	0.5396	231.7
none-narrower:823019007	none-narrower	none	none	True	False		0.7584	0.7584	0.06783574000000002	0.7282	202.8
hard:733454004	hard	B	B	True	True	False	0.9546	0.9546	0.00243795	0.949	238.5
retrieval-miss:128060009	retrieval-miss	none	none	True	False	True	0.753	0.753	0.07032291	0.7221	168.6
hard:31993003	hard	A	A	True	True	False	0.9733	0.9733	0.0008184399999999971	0.97	186.0
none-narrower:767031008	none-narrower	none	A	False	False		0.8689	0.0321	1.69373357	0.8525	199.3
hard:442917000	hard	A	A	True	True	True	0.9484	0.9484	0.003425279999999998	0.9419	186.7
hard:238031009	hard	A	A	True	True	False	0.4901	0.4901	0.31477589000000006	0.4264	190.2
easy:238014002	easy	F	F	True	True	False	0.7786	0.7786	0.05753133000000002	0.751	204.1
none-narrower:1196829000	none-narrower	none	D	False	False		0.3231	0.2285	0.73334812	0.2385	185.2
hard:232049001	hard	B	B	True	False	True	0.956	0.956	0.0022488300000000033	0.9504	203.4
easy:363380002	easy	F	F	True	False	True	0.9777	0.9777	0.0005859299999999994	0.9749	193.5
hard:78975002	hard	E	E	True	True	True	0.9651	0.9651	0.0017061800000000027	0.9607	152.4
gold-removed:254631008	gold-removed	none	none	True	False		0.6579	0.6579	0.13968901999999997	0.6151	195.8
hard:92047003	hard	D	D	True	False	True	0.9695	0.9695	0.0010844599999999982	0.9657	185.1
easy:240104008	easy	D	G	False	False	True	0.668	0.0049	1.48077212	0.6265	184.6
easy:230552007	easy	E	E	True	True	True	0.8497	0.8497	0.028698019999999998	0.8309	232.0
easy:9824006	easy	H	H	True	True	False	0.9855	0.9855	0.00024368999999999875	0.9837	173.5
hard:718189004	hard	E	E	True	True	False	0.9716	0.9716	0.001103119999999999	0.968	185.2
retrieval-miss:26715006	retrieval-miss	none	none	True	False	True	0.5853	0.5853	0.20027866999999996	0.5335	178.4
hard:402792003	hard	F	F	True	True	False	0.7873	0.7873	0.05991817000000001	0.7607	184.3
retrieval-miss:123953004	retrieval-miss	none	A	False	False	True	0.471	0.3346	0.67219351	0.4049	190.7
hard:22841008	hard	G	G	True	True	False	0.8461	0.8461	0.028354510000000013	0.8268	192.8
easy:91521000119104	easy	H	H	True	True	False	0.9887	0.9887	0.00015214999999999947	0.9872	184.3
easy:720408003	easy	H	H	True	True	False	0.9235	0.9235	0.007784830000000001	0.9139	202.9
easy:85828009	easy	E	E	True	True	False	0.9621	0.9621	0.0018520200000000035	0.9574	185.0
easy:718609003	easy	A	A	True	True	False	0.9677	0.9677	0.0012431399999999996	0.9637	237.7
hard:406446000	hard	B	B	True	True	False	0.3172	0.3172	0.5782891700000001	0.2318	192.9
gold-removed:404663008	gold-removed	none	none	True	False		0.8758	0.8758	0.017726349999999995	0.8602	173.8
easy:39452003	easy	G	G	True	True	False	0.8886	0.8886	0.01673306000000001	0.8747	174.6
hard:187716008	hard	C	C	True	False	True	0.9188	0.9188	0.009819200000000009	0.9087	193.3
easy:93390002	easy	E	E	True	True	True	0.8986	0.8986	0.01227909000000001	0.8859	183.8
easy:41309000	easy	F	F	True	True	True	0.9373	0.9373	0.004860539999999997	0.9294	185.0
none-narrower:1306315009	none-narrower	none	E	False	False		0.8064	0.0613	1.53557103	0.7822	177.3
gold-removed:237714006	gold-removed	none	none	True	False		0.4784	0.4784	0.3222803900000001	0.4132	174.8
easy:721221000	easy	G	G	True	False	True	0.9697	0.9697	0.0014598599999999997	0.9659	197.0
none-narrower:16039791000119101	none-narrower	none	none	True	False		0.6182	0.6182	0.17153788000000003	0.5705	175.0
gold-removed:718909001	gold-removed	none	none	True	False		0.7109	0.7109	0.09505885000000001	0.6747	232.3
hard:79586000	hard	B	B	True	True	False	0.9563	0.9563	0.0022240399999999966	0.9508	185.5
retrieval-miss:722429003	retrieval-miss	none	none	True	False	True	0.6232	0.6232	0.16518319	0.5761	250.3
easy:205346006	easy	A	none	False	False	True	0.3098	0.2545	0.7014741200000002	0.2236	160.7
hard:363393007	hard	D	D	True	True	True	0.9143	0.9143	0.00865051	0.9036	187.6
none-narrower:234376007	none-narrower	none	B	False	False		0.401	0.0584	1.18439386	0.3262	185.3
easy:609580007	easy	H	H	True	True	True	0.9893	0.9893	0.00014003000000000092	0.988	193.5
easy:725904009	easy	H	H	True	True	False	0.993	0.993	5.907000000000008e-05	0.9921	233.8
hard:702417004	hard	H	H	True	True	False	0.9933	0.9933	5.490000000000052e-05	0.9925	193.9
retrieval-miss:412787009	retrieval-miss	none	none	True	False	True	0.6864	0.6864	0.11606347	0.6472	203.2
hard:29504002	hard	D	E	False	False	True	0.8112	0.0247	1.6156708400000004	0.7876	198.7
hard:45781009	hard	D	D	True	False	True	0.7515	0.7515	0.07362017000000003	0.7205	193.0
none-narrower:698947004	none-narrower	none	none	True	False		0.6709	0.6709	0.13053072999999996	0.6298	161.9
easy:716660007	easy	A	A	True	False	True	0.9663	0.9663	0.0014286799999999968	0.9621	269.8
hard:711499009	hard	C	C	True	True	False	0.9704	0.9704	0.0010405099999999975	0.9667	167.9
none-narrower:230538005	none-narrower	none	none	True	False		0.3605	0.3605	0.48435032	0.2806	192.4
none-narrower:1231182008	none-narrower	none	E	False	False		0.9669	0.0061	1.9230011999999999	0.9627	203.4
none-narrower:200964008	none-narrower	none	A	False	False		0.6609	0.1298	1.20197801	0.6185	193.8
none-narrower:81557008	none-narrower	none	none	True	False		0.5188	0.5188	0.27002826999999996	0.4587	169.7
hard:403938001	hard	E	E	True	False	True	0.761	0.761	0.07207413	0.7311	203.4
hard:254164007	hard	E	E	True	True	True	0.9652	0.9652	0.0014592600000000037	0.9608	204.3
easy:95588004	easy	D	D	True	True	True	0.958	0.958	0.002159560000000003	0.9527	185.1
none-narrower:238991008	none-narrower	none	H	False	False		0.782	0.1443	1.34459973	0.7547	173.8
easy:699649006	easy	F	F	True	False	True	0.9478	0.9478	0.0033904600000000023	0.9412	184.3
hard:438583008	hard	H	C	False	False	True	0.807	0.0508	1.5573445100000003	0.7828	202.4
hard:128272009	hard	H	H	True	True	True	0.9819	0.9819	0.00042485000000000016	0.9796	166.3
hard:37246009	hard	G	G	True	False	True	0.7898	0.7898	0.056948690000000024	0.7635	170.3
hard:724384008	hard	C	C	True	True	False	0.9712	0.9712	0.0010226200000000027	0.9676	202.7
gold-removed:715428003	gold-removed	none	none	True	False		0.8478	0.8478	0.02661554	0.8288	185.4
easy:719210007	easy	F	F	True	True	False	0.9747	0.9747	0.0009263699999999994	0.9715	213.8
easy:402700001	easy	G	G	True	True	False	0.9667	0.9667	0.0015608099999999997	0.9626	176.0
gold-removed:416707008	gold-removed	none	none	True	False		0.8468	0.8468	0.02708298	0.8277	202.4
easy:240450004	easy	E	E	True	True	True	0.9752	0.9752	0.0007595200000000022	0.9721	203.2
retrieval-miss:78868004	retrieval-miss	none	H	False	False	True	0.6363	0.1675	1.10382602	0.5909	177.7
retrieval-miss:237983002	retrieval-miss	none	none	True	False	True	0.5883	0.5883	0.19835436999999995	0.5368	227.0
none-narrower:1373027001	none-narrower	none	none	True	False		0.9155	0.9155	0.008234880000000003	0.9049	178.6
hard:122811000119101	hard	A	A	True	True	True	0.9601	0.9601	0.0018827000000000036	0.9551	185.2
easy:237822008	easy	C	C	True	True	True	0.9772	0.9772	0.0006147700000000019	0.9743	178.4
easy:16026008	easy	D	none	False	True	False	0.4283	0.1382	0.9597546699999999	0.3568	207.5
gold-removed:763366000	gold-removed	none	G	False	False		0.8924	0.0366	1.72685049	0.879	204.4
hard:126872008	hard	F	none	False	False	True	0.629	0.1543	1.1192703000000002	0.5826	195.0
hard:82275008	hard	B	B	True	True	False	0.958	0.958	0.002226040000000003	0.9528	202.9
hard:40178009	hard	E	E	True	True	False	0.9729	0.9729	0.0008720600000000008	0.9695	185.1
hard:442348004	hard	G	G	True	True	False	0.9549	0.9549	0.0033627200000000026	0.9493	184.9
retrieval-miss:57436000	retrieval-miss	none	none	True	False	True	0.8807	0.8807	0.01685832999999999	0.8658	168.6
easy:230381009	easy	E	E	True	True	False	0.9217	0.9217	0.007228330000000006	0.9119	203.6
retrieval-miss:254923001	retrieval-miss	none	none	True	False	True	0.3661	0.3661	0.47030625000000004	0.2868	195.3
hard:229706001	hard	H	H	True	False	True	0.9715	0.9715	0.0009914399999999984	0.9679	234.3
hard:765748009	hard	D	D	True	True	True	0.9434	0.9434	0.0038067699999999984	0.9363	193.7
none-narrower:237663000	none-narrower	none	none	True	False		0.8032	0.8032	0.04573806999999999	0.7786	193.7
gold-removed:9014002	gold-removed	none	none	True	False		0.3467	0.3467	0.48927021	0.265	174.6
hard:722859001	hard	H	H	True	True	False	0.9906	0.9906	0.00010470999999999933	0.9894	194.1
hard:190502001	hard	G	E	False	False	True	0.7538	0.1328	1.32356809	0.7231	203.0
hard:56905009	hard	B	B	True	True	False	0.9557	0.9557	0.0023726100000000003	0.9501	173.0
easy:23205009	easy	C	C	True	True	False	0.983	0.983	0.00035535000000000053	0.9808	173.6
hard:13600006	hard	B	B	True	True	False	0.958	0.958	0.0021183900000000034	0.9527	192.8
none-narrower:399044006	none-narrower	none	E	False	False		0.6578	0.1789	1.1135614999999999	0.615	193.2
hard:707234001	hard	G	G	True	True	False	0.9349	0.9349	0.006504330000000006	0.9267	192.9
retrieval-miss:124343001	retrieval-miss	none	none	True	False	True	0.6661	0.6661	0.12781443999999997	0.6244	188.8
hard:129104009	hard	C	C	True	False	True	0.8694	0.8694	0.020285160000000014	0.8531	153.2
easy:230500006	easy	F	F	True	True	True	0.9561	0.9561	0.0024216700000000042	0.9506	193.5
none-narrower:10752601000119104	none-narrower	none	D	False	False		0.3842	0.2888	0.6730052500000001	0.3072	194.9
easy:763069002	easy	G	G	True	True	False	0.9681	0.9681	0.0016335200000000025	0.9641	232.1
hard:240062007	hard	E	E	True	True	True	0.8715	0.8715	0.020670369999999987	0.8554	169.1
none-narrower:202674000	none-narrower	none	none	True	False		0.5762	0.5762	0.22078850999999994	0.5232	158.2
retrieval-miss:45414006	retrieval-miss	none	none	True	False	True	0.4366	0.4366	0.36436753	0.3662	192.9
hard:702344008	hard	D	D	True	True	True	0.9078	0.9078	0.01037669999999999	0.8963	193.9
easy:764100007	easy	A	A	True	True	False	0.9652	0.9652	0.0014575900000000036	0.9608	193.3
easy:386810004	easy	A	A	True	True	False	0.9675	0.9675	0.001280999999999998	0.9634	161.5
retrieval-miss:57119000	retrieval-miss	none	none	True	False	True	0.7256	0.7256	0.09212063	0.6912	234.7
easy:254666005	easy	B	B	True	True	True	0.8779	0.8779	0.01741992	0.8626	186.0
hard:398102009	hard	A	A	True	True	False	0.5672	0.5672	0.25308747	0.5131	201.4
retrieval-miss:275498002	retrieval-miss	none	none	True	False	True	0.8696	0.8696	0.01998363999999999	0.8532	178.1
gold-removed:445014002	gold-removed	none	E	False	False		0.8521	0.0427	1.64503984	0.8336	241.4
none-narrower:703279003	none-narrower	none	none	True	False		0.7246	0.7246	0.08612325	0.6901	158.2
easy:87696004	easy	B	B	True	True	False	0.9665	0.9665	0.0013038799999999984	0.9623	166.5
easy:268232000	easy	H	H	True	True	False	0.9921	0.9921	7.69500000000003e-05	0.9911	174.7
hard:48723006	hard	E	E	True	True	True	0.953	0.953	0.002626610000000004	0.9471	173.6
easy:41565005	easy	G	G	True	True	False	0.8807	0.8807	0.01809718999999999	0.8657	173.6
hard:702380008	hard	F	F	True	True	False	0.5855	0.5855	0.26268042999999996	0.5337	174.2
none-narrower:34126003	none-narrower	none	G	False	False		0.3975	0.1683	0.91141223	0.3222	186.3
easy:723508002	easy	A	A	True	True	False	0.9726	0.9726	0.0008853099999999989	0.9692	201.7
retrieval-miss:193523008	retrieval-miss	none	none	True	False	True	0.5442	0.5442	0.23926652999999998	0.4872	185.9
retrieval-miss:59531002	retrieval-miss	none	none	True	False	True	0.758	0.758	0.06735	0.7277	184.7
none-narrower:707351006	none-narrower	none	none	True	False		0.3073	0.3073	0.55368233	0.2207	185.8
easy:26460006	easy	F	F	True	True	False	0.9694	0.9694	0.0011461699999999976	0.9656	194.7
retrieval-miss:34730008	retrieval-miss	none	none	True	False	True	0.6078	0.6078	0.18092591	0.5587	186.4
easy:73415002	easy	B	B	True	True	False	0.9536	0.9536	0.00257736	0.9478	174.5
retrieval-miss:414667000	retrieval-miss	none	F	False	False	True	0.9291	0.0144	1.8354002400000002	0.9203	174.8
hard:307496006	hard	F	F	True	True	False	0.8473	0.8473	0.027742069999999987	0.8282	176.9
hard:404041003	hard	C	C	True	True	True	0.8281	0.8281	0.034397640000000014	0.8067	201.7
easy:720459002	easy	G	G	True	False	True	0.92	0.92	0.009486619999999994	0.91	206.3
easy:79291003	easy	H	H	True	True	False	0.9822	0.9822	0.00038623000000000135	0.98	203.4
easy:254825007	easy	E	E	True	False	True	0.9507	0.9507	0.002875840000000001	0.9446	202.3
none-narrower:1197357008	none-narrower	none	H	False	False		0.9905	0.0046	1.9719156599999998	0.9893	198.4
easy:92197001	easy	C	C	True	True	True	0.9778	0.9778	0.00057469	0.975	174.2
hard:722454003	hard	E	E	True	True	True	0.9245	0.9245	0.007303080000000001	0.915	225.5
easy:722451006	easy	A	A	True	True	False	0.9672	0.9672	0.0013205400000000035	0.963	203.1
easy:722282008	easy	H	H	True	True	False	0.9873	0.9873	0.00020415000000000114	0.9858	226.0
none-narrower:1340188003	none-narrower	none	A	False	False		0.2712	0.1668	0.8277368099999999	0.1801	178.5
retrieval-miss:398049005	retrieval-miss	none	none	True	False	True	0.8097	0.8097	0.041820440000000014	0.7859	174.3
gold-removed:231536004	gold-removed	none	none	True	False		0.4949	0.4949	0.30481251000000004	0.4318	202.9
hard:233728004	hard	C	C	True	False	True	0.829	0.829	0.039591280000000006	0.8076	183.3
retrieval-miss:128598002	retrieval-miss	none	none	True	False	True	0.8338	0.8338	0.032393370000000005	0.813	160.9
easy:703267003	easy	D	D	True	True	True	0.9868	0.9868	0.00020868999999999968	0.9851	194.2
retrieval-miss:234541006	retrieval-miss	none	none	True	False	True	0.8533	0.8533	0.024866410000000012	0.835	202.2
easy:13920009	easy	F	F	True	True	False	0.959	0.959	0.002141070000000003	0.9539	174.0
easy:92109005	easy	D	D	True	True	True	0.9679	0.9679	0.001214750000000001	0.9639	184.7
easy:17322007	easy	D	D	True	True	False	0.9489	0.9489	0.0031116000000000034	0.9425	175.0
hard:407476002	hard	H	H	True	True	True	0.9829	0.9829	0.00036149000000000017	0.9807	177.5
none-narrower:737209002	none-narrower	none	none	True	False		0.3353	0.3353	0.5517838400000001	0.2522	173.4
easy:254915003	easy	A	A	True	True	False	0.9498	0.9498	0.002993480000000002	0.9435	202.1
easy:307576001	easy	C	C	True	True	False	0.9221	0.9221	0.007174959999999996	0.9123	192.9
hard:7573000	hard	D	H	False	True	False	0.9863	0.0023	1.96822814	0.9846	193.6
none-narrower:737220002	none-narrower	none	none	True	False		0.4868	0.4868	0.30192319	0.4226	177.3
gold-removed:240119009	gold-removed	none	none	True	False		0.8147	0.8147	0.040129710000000006	0.7915	167.1
retrieval-miss:74969002	retrieval-miss	none	none	True	False	True	0.5723	0.5723	0.21815138999999997	0.5188	195.4
retrieval-miss:87872006	retrieval-miss	none	D	False	False	True	0.9721	0.0062	1.9327196500000001	0.9686	154.3
none-narrower:277643003	none-narrower	none	none	True	False		0.366	0.366	0.5082964200000001	0.2867	198.3
gold-removed:24526004	gold-removed	none	none	True	False		0.5769	0.5769	0.20562956000000002	0.524	183.9
easy:419039007	easy	H	H	True	True	False	0.9895	0.9895	0.00013314999999999904	0.9882	202.0
hard:76802005	hard	G	G	True	False	True	0.9432	0.9432	0.004987569999999996	0.9361	174.2
none-narrower:735549008	none-narrower	none	G	False	False		0.781	0.0914	1.43936532	0.7536	186.3
hard:109041000119107	hard	A	A	True	True	False	0.9203	0.9203	0.007469549999999998	0.9103	175.2
easy:26111005	easy	G	G	True	True	False	0.9636	0.9636	0.001975869999999999	0.9591	186.3
easy:42930003	easy	G	G	True	True	False	0.8865	0.8865	0.018481390000000014	0.8723	193.3
hard:91662004	hard	D	D	True	True	False	0.9724	0.9724	0.0009073999999999977	0.969	172.8
hard:446995005	hard	C	C	True	True	False	0.9664	0.9664	0.0013828599999999975	0.9621	184.0
none-narrower:428172002	none-narrower	none	none	True	False		0.6	0.6	0.18475812000000003	0.55	185.0
hard:363469001	hard	D	D	True	False	True	0.9167	0.9167	0.008326360000000007	0.9063	191.9
easy:266257000	easy	G	G	True	False	True	0.9298	0.9298	0.007484300000000006	0.921	185.2
easy:27536004	easy	A	A	True	True	False	0.9735	0.9735	0.0008025499999999982	0.9702	160.6
easy:77157004	easy	C	C	True	True	False	0.9085	0.9085	0.009892020000000005	0.897	184.8
hard:189130001	hard	C	C	True	False	True	0.4929	0.4929	0.31254223999999997	0.4295	193.0
gold-removed:126958000	gold-removed	none	none	True	False		0.6427	0.6427	0.14798437999999997	0.5981	183.1
easy:253737007	easy	F	F	True	True	False	0.9708	0.9708	0.0011657800000000004	0.9671	184.5
retrieval-miss:234411007	retrieval-miss	none	none	True	False	True	0.6	0.6	0.18422035000000003	0.55	202.1
hard:763348005	hard	C	C	True	True	False	0.9797	0.9797	0.0004888999999999994	0.9772	241.2
none-narrower:109272006	none-narrower	none	none	True	False		0.7545	0.7545	0.07391742000000003	0.7238	168.2
hard:235828008	hard	B	B	True	False	True	0.8654	0.8654	0.026594280000000012	0.8486	192.9
none-narrower:18040001	none-narrower	none	none	True	False		0.3567	0.3567	0.49696177999999996	0.2763	185.4
easy:87694001	easy	C	C	True	True	True	0.8815	0.8815	0.016634510000000012	0.8667	197.5
hard:699297004	hard	G	G	True	True	False	0.9498	0.9498	0.0032886500000000023	0.9436	227.3
none-narrower:871745001	none-narrower	none	none	True	False		0.5044	0.5044	0.29595774	0.4424	183.3
gold-removed:193411004	gold-removed	none	none	True	False		0.3415	0.3415	0.54927825	0.2592	198.7
hard:72000004	hard	E	E	True	True	False	0.9837	0.9837	0.00032441999999999936	0.9816	185.0
retrieval-miss:77323000	retrieval-miss	none	F	False	False	True	0.5135	0.1943	0.9419888	0.4527	192.7
retrieval-miss:370999003	retrieval-miss	none	G	False	False	True	0.5439	0.1327	1.07191168	0.4868	187.8
retrieval-miss:254588001	retrieval-miss	none	none	True	False	True	0.3999	0.3999	0.4392382300000001	0.3249	165.7
easy:192782005	easy	E	E	True	False	True	0.9715	0.9715	0.0010085299999999982	0.9679	201.7
retrieval-miss:717917007	retrieval-miss	none	none	True	False	True	0.6977	0.6977	0.10653603	0.6599	235.5
none-narrower:1237225007	none-narrower	none	A	False	False		0.9511	0.0063	1.8923450599999998	0.945	189.6
easy:718720007	easy	D	D	True	True	False	0.9525	0.9525	0.0027815299999999986	0.9466	183.3
easy:373436002	easy	H	H	True	False	True	0.735	0.735	0.09023416000000002	0.7019	183.9
retrieval-miss:789657008	retrieval-miss	none	none	True	False	True	0.511	0.511	0.27460268	0.4499	169.3
hard:363402007	hard	G	G	True	True	True	0.9583	0.9583	0.0022971199999999962	0.9531	192.0
easy:127230005	easy	D	B	False	False	True	0.9364	0.0139	1.84965994	0.9284	184.2
easy:124322002	easy	B	B	True	True	False	0.3885	0.3885	0.49989805999999987	0.3121	193.6
easy:446079007	easy	G	G	True	True	False	0.9868	0.9868	0.0002328499999999997	0.9851	229.8
hard:718717004	hard	C	C	True	True	False	0.9738	0.9738	0.0008178000000000001	0.9706	192.9
easy:58213005	easy	C	C	True	True	False	0.9771	0.9771	0.0006199100000000015	0.9743	201.3
retrieval-miss:271807003	retrieval-miss	none	none	True	False	True	0.7223	0.7223	0.08820960999999998	0.6876	182.2
easy:17024001	easy	C	C	True	True	False	0.649	0.649	0.21671995	0.6051	192.5
hard:17226007	hard	D	D	True	True	False	0.9714	0.9714	0.0010217199999999977	0.9679	150.7
hard:90935002	hard	G	G	True	True	False	0.95	0.95	0.003412730000000004	0.9438	178.2
retrieval-miss:56975005	retrieval-miss	none	none	True	False	True	0.9053	0.9053	0.010248320000000002	0.8935	238.4
retrieval-miss:765216006	retrieval-miss	none	none	True	False	True	0.5454	0.5454	0.24115918	0.4885	200.9
hard:711403001	hard	E	E	True	False	True	0.717	0.717	0.11302033000000002	0.6816	185.3
easy:8635005	easy	A	A	True	True	False	0.9625	0.9625	0.0016415699999999982	0.9578	177.2
easy:36948007	easy	B	B	True	True	False	0.9572	0.9572	0.0022063399999999954	0.9519	201.3
hard:732252005	hard	F	F	True	False	True	0.9663	0.9663	0.0014025699999999966	0.9621	261.4
none-narrower:1306326003	none-narrower	none	G	False	False		0.5209	0.141	1.04243182	0.461	167.6
hard:79886009	hard	H	H	True	True	False	0.9819	0.9819	0.0003934800000000002	0.9797	166.2
hard:203045001	hard	G	G	True	True	True	0.9569	0.9569	0.0022769800000000022	0.9515	193.5
retrieval-miss:82800008	retrieval-miss	none	D	False	False	True	0.9489	0.0099	1.8811150999999997	0.9425	174.2
gold-removed:33168009	gold-removed	none	none	True	False		0.5495	0.5495	0.24148729	0.4932	153.6
none-narrower:723363009	none-narrower	none	C	False	False		0.9451	0.0128	1.8680903100000001	0.9382	179.2
none-narrower:1163472000	none-narrower	none	none	True	False		0.4182	0.4182	0.39142364999999996	0.3454	201.8
gold-removed:7522008	gold-removed	none	none	True	False		0.5994	0.5994	0.18530855999999996	0.5493	183.9
retrieval-miss:230572002	retrieval-miss	none	none	True	False	True	0.6938	0.6938	0.11248289	0.6555	173.0
gold-removed:720604008	gold-removed	none	none	True	False		0.6971	0.6971	0.10619277999999997	0.6592	179.8
none-narrower:50927007	none-narrower	none	none	True	False		0.413	0.413	0.39850462	0.3396	177.9
hard:718608006	hard	A	A	True	True	False	0.957	0.957	0.0021552100000000033	0.9517	228.7
easy:363379000	easy	B	B	True	True	True	0.9457	0.9457	0.0035171100000000012	0.939	191.8
gold-removed:254627002	gold-removed	none	none	True	False		0.3913	0.3913	0.45290128	0.3152	233.7
hard:232006002	hard	C	C	True	True	False	0.9048	0.9048	0.014256419999999992	0.893	174.0
hard:129639005	hard	D	D	True	True	False	0.9716	0.9716	0.0009915099999999988	0.968	173.1
hard:126980002	hard	F	F	True	True	False	0.9353	0.9353	0.005293379999999998	0.9273	184.4
retrieval-miss:718691008	retrieval-miss	none	D	False	False	True	0.3149	0.2573	0.6843044800000001	0.2293	190.9
retrieval-miss:234110002	retrieval-miss	none	none	True	False	True	0.826	0.826	0.034836800000000015	0.8042	176.8
none-narrower:472699005	none-narrower	none	C	False	False		0.6079	0.1318	1.13507798	0.5589	191.3
gold-removed:726708009	gold-removed	none	none	True	False		0.8987	0.8987	0.012029269999999988	0.886	191.6
easy:83482000	easy	F	F	True	True	False	0.9443	0.9443	0.004070409999999997	0.9373	201.8
hard:254837009	hard	F	F	True	True	False	0.9265	0.9265	0.006909110000000001	0.9173	196.3
retrieval-miss:4945003	retrieval-miss	none	none	True	False	True	0.4609	0.4609	0.381548	0.3935	234.4
easy:718210003	easy	D	D	True	True	False	0.9665	0.9665	0.0013205899999999982	0.9623	234.7
gold-removed:719253007	gold-removed	none	none	True	False		0.9408	0.9408	0.004038010000000003	0.9334	213.0
retrieval-miss:722055008	retrieval-miss	none	none	True	False	True	0.8084	0.8084	0.04357928	0.7845	236.9
easy:763127004	easy	A	A	True	True	False	0.9718	0.9718	0.0010290000000000002	0.9683	203.0
retrieval-miss:312912001	retrieval-miss	none	none	True	False	True	0.7508	0.7508	0.07959804	0.7197	185.1
hard:41799005	hard	A	A	True	True	False	0.9332	0.9332	0.005120259999999995	0.9249	175.0
hard:764999002	hard	H	H	True	False	True	0.9861	0.9861	0.00022714000000000067	0.9844	231.7
easy:66695004	easy	H	H	True	False	True	0.8341	0.8341	0.03756254000000002	0.8134	236.4
easy:404056007	easy	F	F	True	True	False	0.8161	0.8161	0.039584399999999985	0.7931	184.1
retrieval-miss:388980004	retrieval-miss	none	A	False	False	True	0.5997	0.0805	1.23081445	0.5496	193.3
none-narrower:1162558000	none-narrower	none	none	True	False		0.6179	0.6179	0.16943721	0.5702	177.9
easy:4887000	easy	A	A	True	False	True	0.9627	0.9627	0.0016622899999999999	0.958	244.9
retrieval-miss:234619000	retrieval-miss	none	H	False	False	True	0.949	0.0297	1.8421743999999998	0.9426	178.4
retrieval-miss:715771008	retrieval-miss	none	D	False	False	True	0.9529	0.008	1.89245018	0.9471	188.7
retrieval-miss:186217006	retrieval-miss	none	none	True	False	True	0.6948	0.6948	0.10951492000000002	0.6566	166.7
hard:715755008	hard	E	E	True	True	False	0.9792	0.9792	0.0005403000000000017	0.9766	215.4
hard:126703006	hard	E	B	False	False	True	0.9336	0.0091	1.85418274	0.9253	193.1
none-narrower:48309007	none-narrower	none	none	True	False		0.349	0.349	0.56337524	0.2676	203.0
easy:37272000	easy	G	G	True	True	False	0.9764	0.9764	0.0008782999999999979	0.9735	204.2
none-narrower:763312008	none-narrower	none	B	False	False		0.961	0.0059	1.91199956	0.9562	265.7
easy:88092000	easy	F	F	True	False	True	0.935	0.935	0.005310969999999992	0.9269	184.2
none-narrower:1340174002	none-narrower	none	G	False	False		0.9522	0.0055	1.8963789800000002	0.9463	172.0
hard:92336000	hard	H	H	True	True	False	0.9925	0.9925	6.600999999999927e-05	0.9915	185.4
retrieval-miss:16140007	retrieval-miss	none	H	False	False	True	0.9775	0.0085	1.9386202700000004	0.9747	184.5
none-narrower:403632002	none-narrower	none	F	False	False		0.5841	0.1714	1.0393632	0.5322	204.0
retrieval-miss:363398003	retrieval-miss	none	C	False	False	True	0.5055	0.1147	1.09085828	0.4437	193.3
hard:426055002	hard	A	A	True	True	False	0.9743	0.9743	0.0008002999999999972	0.971	168.3
none-narrower:716194005	none-narrower	none	H	False	False		0.9923	0.0023	1.98006935	0.9914	197.4
none-narrower:94660006	none-narrower	none	none	True	False		0.3412	0.3412	0.5216787700000001	0.2588	186.6
hard:190785000	hard	D	D	True	True	False	0.8912	0.8912	0.01396265	0.8776	174.0
hard:92385005	hard	B	B	True	True	True	0.9538	0.9538	0.0024659600000000014	0.9481	192.4
none-narrower:289474006	none-narrower	none	none	True	False		0.5428	0.5428	0.27019375000000007	0.4857	177.5
easy:238763007	easy	E	E	True	True	False	0.9715	0.9715	0.0009946999999999983	0.9679	184.5
retrieval-miss:363009005	retrieval-miss	none	none	True	False	True	0.8068	0.8068	0.042706080000000014	0.7826	202.4
none-narrower:133091000119105	none-narrower	none	none	True	False		0.4473	0.4473	0.36079047	0.3783	154.1
gold-removed:92697000	gold-removed	none	A	False	False		0.2699	0.2453	0.69108179	0.1786	191.9
hard:192781003	hard	H	H	True	True	False	0.9843	0.9843	0.00030870000000000154	0.9824	195.3
easy:711480000	easy	H	H	True	True	False	0.8428	0.8428	0.04277452	0.8232	235.6
hard:254709009	hard	F	D	False	False	True	0.961	0.0066	1.9106938499999997	0.9561	203.1
retrieval-miss:716338001	retrieval-miss	none	none	True	False	True	0.3591	0.3591	0.48395999	0.279	194.1
easy:14535005	easy	F	F	True	True	False	0.9564	0.9564	0.002958719999999997	0.951	193.8
easy:734029004	easy	E	E	True	True	True	0.9787	0.9787	0.0005394399999999993	0.976	258.7
none-narrower:707750005	none-narrower	none	none	True	False		0.3536	0.3536	0.48722772	0.2728	193.1
none-narrower:12240951000119107	none-narrower	none	A	False	False		0.666	0.0375	1.41312619	0.6242	202.2
easy:715801001	easy	F	F	True	True	False	0.9746	0.9746	0.0009080099999999988	0.9714	230.9
hard:94140004	hard	G	G	True	True	True	0.6125	0.6125	0.18066566999999994	0.5641	194.2
none-narrower:276682008	none-narrower	none	C	False	False		0.2382	0.2319	0.7041867	0.1429	183.7
retrieval-miss:726672000	retrieval-miss	none	none	True	False	True	0.9082	0.9082	0.009765719999999999	0.8968	194.7
easy:717254007	easy	B	B	True	True	False	0.9607	0.9607	0.0020164600000000003	0.9557	204.3
retrieval-miss:105597003	retrieval-miss	none	none	True	False	True	0.4211	0.4211	0.39279334999999993	0.3487	174.9
easy:68779003	easy	E	E	True	True	False	0.9027	0.9027	0.01140982000000001	0.8906	183.6
none-narrower:1144544008	none-narrower	none	none	True	False		0.817	0.817	0.03898278000000002	0.7941	185.1
hard:28189009	hard	C	C	True	True	False	0.9802	0.9802	0.0004695800000000016	0.9777	194.4
easy:237091009	easy	C	C	True	True	False	0.9662	0.9662	0.0014361800000000037	0.9619	174.0
easy:45116002	easy	E	E	True	True	False	0.7723	0.7723	0.06452188	0.7438	227.1
hard:29928006	hard	H	H	True	False	True	0.9734	0.9734	0.0010268099999999978	0.97	174.5
gold-removed:51254007	gold-removed	none	none	True	False		0.6604	0.6604	0.13640480000000002	0.618	186.7
gold-removed:235825006	gold-removed	none	B	False	False		0.2963	0.2671	0.66988017	0.2083	177.6
hard:47277009	hard	H	H	True	True	False	0.986	0.986	0.00024341000000000033	0.9842	192.1
gold-removed:766818009	gold-removed	none	none	True	False		0.3909	0.3909	0.46989884	0.3147	198.2
hard:408643008	hard	A	A	True	False	True	0.9415	0.9415	0.0042402	0.9341	233.3
easy:254219004	easy	G	G	True	True	False	0.8979	0.8979	0.01759981999999999	0.8851	184.1
hard:702397002	hard	G	G	True	True	False	0.9554	0.9554	0.002619739999999997	0.9498	185.3
retrieval-miss:240820001	retrieval-miss	none	B	False	False	True	0.5885	0.1211	1.13371781	0.537	193.4
gold-removed:720495005	gold-removed	none	none	True	False		0.8789	0.8789	0.016707379999999997	0.8638	194.8
none-narrower:145501000119108	none-narrower	none	none	True	False		0.5483	0.5483	0.24210948	0.4919	202.0
hard:715530004	hard	E	E	True	False	True	0.9632	0.9632	0.001709790000000004	0.9586	231.3
hard:102449007	hard	G	G	True	True	False	0.9817	0.9817	0.0004537899999999993	0.9794	185.3
easy:363373004	easy	A	A	True	False	True	0.601	0.601	0.18969079	0.5512	177.3
hard:205473008	hard	C	C	True	True	False	0.9585	0.9585	0.0019936199999999985	0.9534	188.8
easy:312104005	easy	C	H	False	False	True	0.459	0.3968	0.5789025299999999	0.3913	193.9
easy:63175003	easy	A	A	True	False	True	0.9571	0.9571	0.002121700000000004	0.9517	194.2
hard:363493006	hard	C	C	True	True	True	0.9223	0.9223	0.00706945	0.9126	184.7
retrieval-miss:399955009	retrieval-miss	none	G	False	False	True	0.3671	0.1852	0.84615516	0.288	237.0
retrieval-miss:27240009	retrieval-miss	none	none	True	False	True	0.9525	0.9525	0.0025777399999999985	0.9466	202.6
none-narrower:1343511009	none-narrower	none	G	False	False		0.38	0.303	0.6475653400000001	0.3025	192.9
hard:1489008	hard	E	E	True	False	True	0.9785	0.9785	0.0005676999999999985	0.9759	167.4
easy:234576008	easy	C	C	True	True	False	0.9607	0.9607	0.00180794	0.9557	183.8
easy:124267007	easy	C	C	True	False	True	0.9669	0.9669	0.0012835400000000012	0.9627	232.9
hard:724142005	hard	A	A	True	False	True	0.9715	0.9715	0.0009508199999999983	0.9679	244.2
easy:717632002	easy	E	E	True	True	False	0.9606	0.9606	0.0019564599999999993	0.9557	264.4
easy:733447005	easy	H	H	True	True	False	0.9932	0.9932	5.6170000000000385e-05	0.9923	193.0
gold-removed:719172003	gold-removed	none	none	True	False		0.6028	0.6028	0.18125014	0.5532	221.2
none-narrower:705128004	none-narrower	none	B	False	False		0.8712	0.0318	1.6981936499999997	0.8551	176.0
gold-removed:126804008	gold-removed	none	E	False	False		0.4842	0.1785	0.9333051299999999	0.4197	184.9
gold-removed:50923006	gold-removed	none	none	True	False		0.3772	0.3772	0.45597164	0.2993	202.4
gold-removed:95413004	gold-removed	none	none	True	False		0.6424	0.6424	0.14868469	0.5977	183.8
easy:6729006	easy	A	A	True	True	True	0.9585	0.9585	0.0019937599999999985	0.9533	203.2
easy:763793004	easy	H	H	True	False	True	0.99	0.99	0.0001265800000000002	0.9888	236.6
easy:715342005	easy	F	F	True	True	False	0.9666	0.9666	0.001340659999999999	0.9624	227.5
retrieval-miss:403901001	retrieval-miss	none	F	False	False	True	0.9614	0.0107	1.9031797299999997	0.9566	201.9
hard:187151009	hard	D	D	True	True	False	0.9603	0.9603	0.0019726199999999965	0.9553	232.5
gold-removed:155441006	gold-removed	none	F	False	False		0.5096	0.1081	1.0944353800000002	0.4483	193.4
easy:50869007	easy	B	B	True	False	True	0.9013	0.9013	0.01152293	0.889	180.9
hard:73237007	hard	G	G	True	True	False	0.9431	0.9431	0.005094079999999995	0.9359	178.1
hard:763529005	hard	G	G	True	True	False	0.9561	0.9561	0.003180270000000005	0.9507	244.5
gold-removed:128869009	gold-removed	none	none	True	False		0.401	0.401	0.44641223999999996	0.3261	191.8
gold-removed:22199006	gold-removed	none	none	True	False		0.8024	0.8024	0.04586	0.7777	203.3
easy:254790003	easy	D	D	True	True	False	0.9303	0.9303	0.005871879999999998	0.9216	175.4
hard:126677000	hard	B	B	True	True	False	0.9587	0.9587	0.0019621800000000004	0.9535	193.8
retrieval-miss:56688005	retrieval-miss	none	none	True	False	True	0.7133	0.7133	0.09673356999999998	0.6775	177.3
easy:202882003	easy	C	C	True	True	False	0.9843	0.9843	0.00029705000000000145	0.9823	203.0
hard:29271008	hard	A	A	True	True	True	0.5388	0.5388	0.24970049000000005	0.4812	185.7
hard:36233006	hard	E	E	True	False	True	0.9827	0.9827	0.00034821999999999935	0.9806	202.2
easy:719949001	easy	C	C	True	True	False	0.9682	0.9682	0.0011725700000000032	0.9642	237.4
easy:61071003	easy	B	B	True	False	True	0.9382	0.9382	0.004650429999999996	0.9305	237.1
retrieval-miss:218728005	retrieval-miss	none	C	False	False	True	0.9433	0.0154	1.85958181	0.9362	185.0
retrieval-miss:725028009	retrieval-miss	none	none	True	False	True	0.7469	0.7469	0.07402298999999998	0.7152	237.4
hard:28314004	hard	D	D	True	True	True	0.8686	0.8686	0.02066304999999999	0.8522	187.3
hard:24269006	hard	C	C	True	True	True	0.8908	0.8908	0.014536039999999991	0.8772	181.8
easy:722376008	easy	G	G	True	True	True	0.9791	0.9791	0.0005647700000000013	0.9765	234.9
hard:715406003	hard	E	E	True	True	False	0.9729	0.9729	0.0008934500000000007	0.9695	227.1
easy:126680004	easy	D	D	True	True	False	0.7493	0.7493	0.07529408000000001	0.7179	195.0
none-narrower:93846004	none-narrower	none	B	False	False		0.9511	0.0075	1.8902432999999998	0.9449	178.9
gold-removed:763213001	gold-removed	none	none	True	False		0.8076	0.8076	0.043130060000000005	0.7836	195.0
gold-removed:71912000	gold-removed	none	none	True	False		0.3967	0.3967	0.4151000899999999	0.3213	173.9
easy:428281000	easy	G	G	True	True	False	0.8642	0.8642	0.022261590000000005	0.8472	179.9
hard:722391005	hard	B	B	True	True	False	0.9599	0.9599	0.001960710000000002	0.9549	204.5
easy:231829006	easy	B	B	True	True	True	0.8195	0.8195	0.038295720000000005	0.797	185.0
none-narrower:232023006	none-narrower	none	none	True	False		0.6243	0.6243	0.16780473	0.5773	184.1
none-narrower:1382212005	none-narrower	none	B	False	False		0.8299	0.0604	1.5739972	0.8087	203.4
hard:708536001	hard	B	B	True	True	False	0.9514	0.9514	0.002779899999999997	0.9453	194.7
none-narrower:314207007	none-narrower	none	none	True	False		0.504	0.504	0.28544704	0.442	174.1
easy:398723007	easy	D	D	True	False	True	0.8035	0.8035	0.04569164	0.7789	193.4
retrieval-miss:236803007	retrieval-miss	none	G	False	False	True	0.3131	0.2386	0.71742901	0.2272	153.8
hard:721756002	hard	C	C	True	False	True	0.8706	0.8706	0.02042891999999999	0.8544	173.0
none-narrower:418072004	none-narrower	none	none	True	False		0.6719	0.6719	0.12497064999999996	0.6309	185.8
retrieval-miss:87065009	retrieval-miss	none	none	True	False	True	0.6667	0.6667	0.13131067000000002	0.625	232.5
gold-removed:33655002	gold-removed	none	none	True	False		0.4171	0.4171	0.39061672	0.3443	154.0
easy:254895003	easy	A	A	True	True	False	0.9555	0.9555	0.0025711999999999983	0.9499	239.0
easy:255072001	easy	E	E	True	True	True	0.9594	0.9594	0.0019047199999999976	0.9543	203.7
none-narrower:423471004	none-narrower	none	A	False	False		0.9087	0.0268	1.7735655699999997	0.8973	194.8
hard:25147002	hard	C	C	True	True	False	0.9673	0.9673	0.0012779599999999968	0.9632	183.4
retrieval-miss:2109003	retrieval-miss	none	none	True	False	True	0.7399	0.7399	0.08048323	0.7074	203.4
easy:254846003	easy	G	G	True	True	False	0.9768	0.9768	0.0008106399999999998	0.9739	202.8
hard:3323003	hard	E	E	True	True	False	0.9617	0.9617	0.00179542	0.9569	187.2
hard:41446000	hard	E	E	True	True	False	0.9374	0.9374	0.0048213399999999995	0.9295	151.7
easy:41572006	easy	B	B	True	False	True	0.9641	0.9641	0.001530700000000003	0.9596	226.0
hard:276645004	hard	F	F	True	True	False	0.8674	0.8674	0.021677390000000015	0.8509	175.1
gold-removed:27215002	gold-removed	none	none	True	False		0.9404	0.9404	0.004110469999999998	0.933	193.4
gold-removed:433068007	gold-removed	none	none	True	False		0.5578	0.5578	0.22399352000000003	0.5025	171.1
easy:35031005	easy	E	E	True	True	False	0.9683	0.9683	0.0014193299999999969	0.9643	231.3
easy:85375000	easy	E	E	True	True	False	0.9695	0.9695	0.001184689999999998	0.9657	178.6
none-narrower:198448006	none-narrower	none	none	True	False		0.4524	0.4524	0.35081681	0.384	196.4
retrieval-miss:725910009	retrieval-miss	none	none	True	False	True	0.8463	0.8463	0.028089239999999984	0.827	187.5
hard:719659003	hard	G	G	True	False	True	0.9321	0.9321	0.007507399999999995	0.9236	229.8
hard:81564005	hard	C	C	True	True	True	0.8712	0.8712	0.020384810000000007	0.8551	173.9
none-narrower:723829000	none-narrower	none	G	False	False		0.9642	0.0041	1.9220902499999997	0.9597	184.9
easy:22125009	easy	E	E	True	True	True	0.9575	0.9575	0.0021227899999999985	0.9522	194.0
retrieval-miss:440350001	retrieval-miss	none	none	True	False	True	0.5191	0.5191	0.26851777	0.459	202.5
gold-removed:10082001	gold-removed	none	none	True	False		0.5308	0.5308	0.25674259999999993	0.4722	192.8
easy:28183005	easy	E	E	True	True	False	0.9704	0.9704	0.0012535499999999974	0.9667	235.6
hard:53597009	hard	D	D	True	True	False	0.9102	0.9102	0.01020085	0.899	177.8
hard:25010000	hard	H	H	True	False	True	0.9343	0.9343	0.006477359999999996	0.9261	232.4
easy:22949006	easy	C	C	True	False	True	0.9255	0.9255	0.006657750000000001	0.9161	174.4
retrieval-miss:230410004	retrieval-miss	none	A	False	False	True	0.9512	0.0047	1.8958471599999998	0.9451	242.7
gold-removed:239892009	gold-removed	none	none	True	False		0.4103	0.4103	0.40748759	0.3366	192.4
easy:91051003	easy	D	D	True	True	False	0.9745	0.9745	0.0007966499999999982	0.9713	184.4
retrieval-miss:124224004	retrieval-miss	none	none	True	False	True	0.7009	0.7009	0.10441138000000001	0.6635	179.8
easy:725027004	easy	G	G	True	False	True	0.9855	0.9855	0.0002894599999999988	0.9836	254.5
easy:25690000	easy	E	E	True	True	False	0.9727	0.9727	0.0008827799999999994	0.9692	186.9
easy:67895005	easy	G	G	True	True	False	0.9548	0.9548	0.0030336100000000013	0.9491	183.4
hard:237751000	hard	G	G	True	True	False	0.9594	0.9594	0.0020089899999999974	0.9543	194.1
retrieval-miss:54266002	retrieval-miss	none	none	True	False	True	0.5536	0.5536	0.23758559	0.4977	201.7
easy:445436005	easy	C	C	True	True	True	0.5149	0.5149	0.3998501	0.4543	230.5
hard:438476003	hard	C	C	True	True	True	0.7033	0.7033	0.10874345999999997	0.6662	197.9
easy:191382009	easy	G	G	True	True	True	0.9627	0.9627	0.0022751399999999997	0.958	184.5
hard:255154009	hard	C	C	True	True	True	0.9525	0.9525	0.002637289999999999	0.9465	193.4
gold-removed:2284002	gold-removed	none	H	False	False		0.3601	0.1115	1.00779929	0.2802	160.4
easy:363378008	easy	H	H	True	False	True	0.8759	0.8759	0.019914449999999997	0.8604	193.7
hard:126686005	hard	B	B	True	True	False	0.8152	0.8152	0.04040387999999999	0.7921	193.2
easy:43152001	easy	G	G	True	True	False	0.9609	0.9609	0.002165530000000002	0.956	172.9
hard:723411003	hard	B	B	True	True	False	0.968	0.968	0.001198360000000002	0.964	194.3
gold-removed:234584007	gold-removed	none	none	True	False		0.9263	0.9263	0.0063684599999999985	0.9171	232.9
hard:725591002	hard	E	E	True	True	False	0.9745	0.9745	0.0008543699999999984	0.9713	201.9
retrieval-miss:243321006	retrieval-miss	none	none	True	False	True	0.3638	0.3638	0.47348705	0.2842	174.0
hard:5262007	hard	G	G	True	True	True	0.9476	0.9476	0.0033607400000000005	0.941	193.5
gold-removed:77489003	gold-removed	none	E	False	False		0.8111	0.038	1.58730302	0.7875	154.1
none-narrower:371074009	none-narrower	none	none	True	False		0.6504	0.6504	0.14589392	0.6067	183.9
gold-removed:74460005	gold-removed	none	none	True	False		0.3878	0.3878	0.43815047000000007	0.3113	185.4
gold-removed:75544000	gold-removed	none	none	True	False		0.4181	0.4181	0.44152967	0.3453	152.3
hard:28244003	hard	G	G	True	True	False	0.9695	0.9695	0.0012998099999999982	0.9657	158.4
retrieval-miss:390834004	retrieval-miss	none	none	True	False	True	0.7068	0.7068	0.10175407000000002	0.6702	184.6
easy:128082002	easy	H	H	True	True	True	0.9869	0.9869	0.00022809000000000005	0.9852	233.3
easy:720749004	easy	H	H	True	False	True	0.9918	0.9918	8.188999999999976e-05	0.9908	198.1
none-narrower:56871000	none-narrower	none	C	False	False		0.7381	0.0838	1.3898489299999999	0.7053	202.1
retrieval-miss:70534000	retrieval-miss	none	none	True	False	True	0.2863	0.2863	0.6043294300000001	0.1971	184.3
easy:31659000	easy	H	H	True	False	True	0.9851	0.9851	0.0002885000000000007	0.9833	192.9
easy:10623005	easy	F	F	True	True	False	0.8978	0.8978	0.012345799999999992	0.885	175.0
hard:78622004	hard	C	C	True	True	True	0.6678	0.6678	0.13199897000000005	0.6263	174.0
gold-removed:32893002	gold-removed	none	none	True	False		0.733	0.733	0.09107303	0.6997	192.9
gold-removed:33666009	gold-removed	none	A	False	False		0.8955	0.03	1.7441378699999999	0.8825	184.1
none-narrower:772225005	none-narrower	none	D	False	False		0.9673	0.0055	1.9251279500000003	0.9632	254.2
easy:45377007	easy	H	H	True	True	True	0.9912	0.9912	9.169000000000054e-05	0.9901	184.9
hard:254067002	hard	E	E	True	True	False	0.9064	0.9064	0.010800230000000004	0.8947	184.2
none-narrower:403114001	none-narrower	none	none	True	False		0.6115	0.6115	0.17879739999999997	0.563	174.6
gold-removed:231826004	gold-removed	none	none	True	False		0.4496	0.4496	0.36988618	0.3808	193.7
easy:715415005	easy	H	H	True	True	False	0.9928	0.9928	6.282999999999978e-05	0.9919	193.9
easy:429233001	easy	E	E	True	True	True	0.971	0.971	0.0010432600000000016	0.9674	177.8
easy:15350006	easy	G	G	True	True	False	0.8402	0.8402	0.03191224000000002	0.8202	185.7
gold-removed:59282003	gold-removed	none	none	True	False		0.3768	0.3768	0.46332269	0.2988	184.6
hard:238091006	hard	A	C	False	True	True	0.8489	0.0427	1.6401024200000003	0.83	203.1
easy:37350004	easy	F	F	True	False	True	0.9337	0.9337	0.005688910000000003	0.9254	177.8
gold-removed:722207000	gold-removed	none	none	True	False		0.8398	0.8398	0.029523410000000003	0.8198	188.8
hard:372140005	hard	E	E	True	True	False	0.4482	0.4482	0.44283399000000007	0.3793	185.1
hard:733518000	hard	C	C	True	True	False	0.9644	0.9644	0.0015603399999999977	0.96	248.5
none-narrower:109858008	none-narrower	none	A	False	False		0.5146	0.1192	1.07195179	0.4539	203.2
hard:360481003	hard	F	F	True	True	True	0.9575	0.9575	0.0022069399999999984	0.9522	188.8
easy:111565003	easy	F	F	True	True	False	0.9455	0.9455	0.00415442	0.9387	158.3
retrieval-miss:238020001	retrieval-miss	none	E	False	False	True	0.9271	0.0186	1.8235460700000001	0.918	184.8
hard:423425006	hard	G	G	True	True	True	0.6468	0.6468	0.15774233999999998	0.6026	185.0
retrieval-miss:67915005	retrieval-miss	none	A	False	False	True	0.5408	0.1444	1.04594473	0.4834	173.8
easy:763067000	easy	C	C	True	True	True	0.8311	0.8311	0.04373680000000002	0.81	231.4
hard:82458004	hard	A	A	True	False	True	0.9407	0.9407	0.004177400000000002	0.9333	202.6
easy:24868007	easy	E	E	True	True	True	0.9733	0.9733	0.0008688399999999972	0.97	184.0
none-narrower:1186810009	none-narrower	none	C	False	False		0.817	0.0253	1.63420922	0.7941	228.0
easy:27621000119100	easy	C	C	True	False	True	0.9361	0.9361	0.004935149999999995	0.9281	183.9
hard:92040001	hard	A	A	True	True	True	0.9582	0.9582	0.0020075899999999957	0.9529	192.5
easy:764944006	easy	C	C	True	True	False	0.9642	0.9642	0.0014595900000000034	0.9597	235.7
gold-removed:443095000	gold-removed	none	none	True	False		0.8833	0.8833	0.016262610000000007	0.8688	172.8
hard:707341005	hard	E	E	True	False	True	0.9771	0.9771	0.0006435200000000015	0.9742	178.4
hard:27059002	hard	H	H	True	False	True	0.9911	0.9911	9.787000000000032e-05	0.9899	159.6
none-narrower:773774000	none-narrower	none	C	False	False		0.9702	0.004	1.93343985	0.9665	251.3
hard:128128003	hard	F	F	True	True	False	0.9615	0.9615	0.0019257799999999982	0.9567	167.6
retrieval-miss:20376005	retrieval-miss	none	A	False	False	True	0.2738	0.1528	0.8768318399999999	0.1831	178.6
none-narrower:1293071007	none-narrower	none	G	False	False		0.9547	0.0033	1.90626677	0.9491	183.8
retrieval-miss:722390006	retrieval-miss	none	none	True	False	True	0.767	0.767	0.06365655999999999	0.7379	232.5
easy:71325002	easy	E	E	True	True	False	0.9447	0.9447	0.0037815200000000018	0.9377	193.1
gold-removed:448315008	gold-removed	none	none	True	False		0.6755	0.6755	0.12313267000000001	0.6349	186.8
hard:709075008	hard	B	B	True	True	False	0.9713	0.9713	0.000988309999999997	0.9677	238.7
hard:236644005	hard	A	A	True	True	False	0.7872	0.7872	0.05400722	0.7606	166.9
gold-removed:720983002	gold-removed	none	none	True	False		0.9001	0.9001	0.011609559999999998	0.8877	198.3
easy:109983007	easy	H	H	True	True	False	0.953	0.953	0.0027221300000000036	0.9471	233.7
hard:92039003	hard	H	H	True	True	True	0.991	0.991	9.520000000000015e-05	0.9899	202.8
easy:92617001	easy	D	D	True	True	True	0.9414	0.9414	0.0046044899999999975	0.9341	185.1
easy:76916001	easy	D	D	True	True	False	0.9494	0.9494	0.003048449999999998	0.9431	173.1
hard:19034001	hard	A	A	True	False	True	0.9442	0.9442	0.003610039999999996	0.9373	160.8
easy:93235007	easy	F	none	False	False	True	0.4314	0.1275	0.9847292200000001	0.3604	192.8
easy:70931000	easy	F	F	True	False	True	0.4706	0.4706	0.33114215999999996	0.4044	174.0
easy:233915000	easy	B	E	False	False	True	0.9485	0.0104	1.8793264800000002	0.9421	188.4
hard:253187005	hard	E	E	True	False	True	0.9081	0.9081	0.014510329999999997	0.8966	185.6
hard:270516002	hard	D	D	True	True	True	0.9691	0.9691	0.0011412200000000025	0.9652	201.8
retrieval-miss:105706003	retrieval-miss	none	none	True	False	True	0.5641	0.5641	0.22297622999999997	0.5097	185.1
none-narrower:2061000	none-narrower	none	H	False	False		0.2892	0.2724	0.6504437700000001	0.2004	183.6
hard:232442001	hard	H	H	True	False	True	0.4657	0.4657	0.3410973	0.3989	185.0
none-narrower:302958006	none-narrower	none	B	False	False		0.4477	0.1884	0.8893065199999999	0.3787	194.3
none-narrower:686991000119106	none-narrower	none	A	False	False		0.5779	0.0998	1.16504014	0.5251	169.5
none-narrower:12181000119103	none-narrower	none	none	True	False		0.4076	0.4076	0.4254989800000001	0.3335	166.6
gold-removed:60380001	gold-removed	none	E	False	False		0.8208	0.0495	1.5808315199999998	0.7984	176.0
none-narrower:1344682008	none-narrower	none	F	False	False		0.3882	0.3667	0.56591759	0.3117	162.8
retrieval-miss:13445001	retrieval-miss	none	none	True	False	True	0.937	0.937	0.0046618399999999935	0.9291	193.9
hard:86500004	hard	G	G	True	True	False	0.967	0.967	0.001398770000000002	0.9628	184.7
hard:707756004	hard	A	A	True	True	False	0.9647	0.9647	0.0014960099999999999	0.9603	186.7
none-narrower:11045000	none-narrower	none	none	True	False		0.4431	0.4431	0.36494805999999996	0.3735	177.8
retrieval-miss:67795000	retrieval-miss	none	none	True	False	True	0.4721	0.4721	0.37077922	0.4061	186.6
hard:254711000	hard	B	B	True	True	True	0.9115	0.9115	0.009072810000000004	0.9004	202.6
hard:54470008	hard	F	F	True	False	True	0.9834	0.9834	0.00034028999999999825	0.9814	261.4
none-narrower:301191003	none-narrower	none	none	True	False		0.5004	0.5004	0.30358549	0.438	178.2
hard:19138001	hard	G	G	True	True	False	0.9326	0.9326	0.006107770000000002	0.9242	180.2
none-narrower:782754006	none-narrower	none	B	False	False		0.9463	0.0073	1.8818009900000001	0.9396	202.7
retrieval-miss:37548006	retrieval-miss	none	none	True	False	True	0.4369	0.4369	0.37089560999999993	0.3665	202.5
easy:716723000	easy	G	E	False	False	True	0.9798	0.0049	1.95028461	0.9772	204.2
gold-removed:29740003	gold-removed	none	none	True	False		0.3575	0.3575	0.5104602400000001	0.2772	177.4
easy:408751001	easy	D	D	True	True	False	0.9777	0.9777	0.0006259299999999995	0.9749	232.5
hard:92087008	hard	H	H	True	True	True	0.9875	0.9875	0.0001802599999999989	0.986	186.3
hard:7259005	hard	C	C	True	False	True	0.9414	0.9414	0.005171329999999998	0.9341	232.8
easy:721882001	easy	C	C	True	False	True	0.8416	0.8416	0.04284383	0.8218	256.0
none-narrower:340461000119106	none-narrower	none	A	False	False		0.6315	0.0468	1.3690804	0.5854	177.2
none-narrower:125628003	none-narrower	none	none	True	False		0.7691	0.7691	0.06222598	0.7403	185.0
hard:237610008	hard	C	C	True	False	True	0.9317	0.9317	0.005547230000000004	0.9231	203.2
none-narrower:43634002	none-narrower	none	none	True	False		0.3751	0.3751	0.48414437	0.297	177.9
retrieval-miss:279611005	retrieval-miss	none	none	True	False	True	0.6268	0.6268	0.16561076999999996	0.5802	202.5
hard:118611004	hard	D	D	True	True	False	0.9482	0.9482	0.003351209999999996	0.9417	202.0
gold-removed:397012002	gold-removed	none	B	False	False		0.3745	0.3135	0.62727047	0.2964	194.3
none-narrower:203260009	none-narrower	none	none	True	False		0.5702	0.5702	0.21656154999999996	0.5165	184.4
hard:237963003	hard	C	C	True	True	False	0.7347	0.7347	0.0861157	0.7015	183.5
hard:4754008	hard	H	H	True	False	True	0.9461	0.9461	0.0035539199999999943	0.9394	193.9
easy:49584005	easy	A	A	True	True	True	0.9728	0.9728	0.0008717200000000001	0.9694	186.6
hard:732928005	hard	F	F	True	True	False	0.9757	0.9757	0.0008073899999999994	0.9727	175.2
retrieval-miss:110997000	retrieval-miss	none	none	True	False	True	0.9534	0.9534	0.002591269999999998	0.9476	195.7
easy:86638007	easy	E	E	True	True	False	0.9744	0.9744	0.0008887699999999978	0.9712	187.7
easy:725463007	easy	B	B	True	True	False	0.9512	0.9512	0.002838809999999995	0.9452	235.4
retrieval-miss:183342005	retrieval-miss	none	none	True	False	True	0.887	0.887	0.01570267	0.8729	187.6
none-narrower:424289008	none-narrower	none	none	True	False		0.5232	0.5232	0.28676753	0.4636	192.7
easy:205468002	easy	H	H	True	True	False	0.9929	0.9929	6.173999999999993e-05	0.992	233.2
none-narrower:240716009	none-narrower	none	none	True	False		0.3939	0.3939	0.4199879000000001	0.3182	185.1
hard:721617001	hard	E	E	True	False	True	0.8959	0.8959	0.013344289999999995	0.8829	230.6
gold-removed:109477002	gold-removed	none	none	True	False		0.7683	0.7683	0.061499200000000004	0.7393	178.0
gold-removed:715822007	gold-removed	none	none	True	False		0.8765	0.8765	0.017642960000000013	0.8611	219.2
hard:722457005	hard	C	C	True	True	False	0.9638	0.9638	0.001700610000000001	0.9593	197.9
hard:237683004	hard	G	G	True	True	False	0.9831	0.9831	0.00034922000000000083	0.981	185.3
hard:713060000	hard	B	B	True	True	False	0.9599	0.9599	0.001968070000000002	0.9549	193.5
none-narrower:109972003	none-narrower	none	E	False	False		0.3225	0.1875	0.83497183	0.2378	232.3
easy:3978000	easy	F	F	True	True	False	0.978	0.978	0.0006046900000000008	0.9753	193.8
easy:417607009	easy	E	E	True	True	False	0.9353	0.9353	0.005000639999999997	0.9272	229.5
hard:44274007	hard	F	F	True	True	True	0.9717	0.9717	0.0010495599999999995	0.9682	192.7
hard:724066002	hard	C	C	True	True	False	0.9538	0.9538	0.0025000200000000017	0.9481	235.9
hard:702437000	hard	D	D	True	True	False	0.9671	0.9671	0.0013177400000000026	0.963	184.4
hard:58976002	hard	E	E	True	True	True	0.9399	0.9399	0.004713090000000005	0.9323	236.7
retrieval-miss:397758007	retrieval-miss	none	H	False	False	True	0.9811	0.0075	1.94763362	0.9788	193.3
easy:726051002	easy	A	A	True	True	False	0.7829	0.7829	0.05434038999999999	0.7558	174.9
gold-removed:50715003	gold-removed	none	F	False	False		0.2469	0.2275	0.7310504099999999	0.1528	185.5
retrieval-miss:710572000	retrieval-miss	none	G	False	False	True	0.6243	0.1261	1.16739366	0.5773	193.9
easy:92205005	easy	G	G	True	True	True	0.9769	0.9769	0.0007224000000000003	0.974	194.0
hard:363495004	hard	F	F	True	True	True	0.8782	0.8782	0.018125040000000005	0.863	177.6
hard:363458004	hard	F	F	True	True	True	0.9643	0.9643	0.0015311399999999964	0.9598	193.9
easy:723552005	easy	F	F	True	False	True	0.978	0.978	0.0006041000000000009	0.9752	239.5
none-narrower:16060551000119103	none-narrower	none	none	True	False		0.6178	0.6178	0.17180348999999998	0.5701	162.6
none-narrower:443971004	none-narrower	none	none	True	False		0.4584	0.4584	0.3384905200000001	0.3907	178.2
hard:726610000	hard	G	G	True	True	True	0.9738	0.9738	0.0009906200000000002	0.9705	259.3
hard:230450001	hard	A	A	True	False	True	0.9425	0.9425	0.0039038	0.9353	186.6
none-narrower:11780521000119105	none-narrower	none	none	True	False		0.6311	0.6311	0.16218523	0.5849	179.0
retrieval-miss:4416007	retrieval-miss	none	none	True	False	True	0.8696	0.8696	0.02058660999999999	0.8533	202.2
hard:718053009	hard	C	C	True	False	True	0.9032	0.9032	0.010975249999999999	0.8911	173.8
hard:8634009	hard	D	D	True	True	False	0.9434	0.9434	0.0038170699999999984	0.9363	176.3
none-narrower:703163006	none-narrower	none	none	True	False		0.3624	0.3624	0.4920890199999999	0.2827	185.2
hard:719456001	hard	E	E	True	False	True	0.9266	0.9266	0.007233320000000003	0.9174	236.4
hard:57993004	hard	A	A	True	True	True	0.9526	0.9526	0.00270421	0.9467	160.5
retrieval-miss:233692000	retrieval-miss	none	none	True	False	True	0.5447	0.5447	0.25093231000000005	0.4878	197.0
gold-removed:56882008	gold-removed	none	none	True	False		0.3705	0.3705	0.4679685599999999	0.2919	193.7
easy:111396008	easy	F	F	True	True	True	0.9634	0.9634	0.0016183499999999974	0.9588	193.8
retrieval-miss:399029005	retrieval-miss	none	none	True	False	True	0.7252	0.7252	0.08840087000000002	0.6908	178.5
hard:237611007	hard	B	B	True	False	True	0.9667	0.9667	0.0012960899999999997	0.9625	186.8
easy:187736009	easy	F	F	True	True	True	0.703	0.703	0.14206953000000003	0.6659	178.4
none-narrower:1186834004	none-narrower	none	none	True	False		0.4775	0.4775	0.32660206999999997	0.4122	185.2
hard:230496009	hard	B	B	True	True	False	0.9451	0.9451	0.003917799999999995	0.9383	193.5
easy:80328002	easy	B	none	False	False	True	0.4412	0.0376	1.1644604600000001	0.3714	193.7
easy:195469007	easy	B	B	True	False	True	0.9363	0.9363	0.004954669999999997	0.9283	184.7
gold-removed:700107006	gold-removed	none	none	True	False		0.4686	0.4686	0.32438874	0.4021	233.3
none-narrower:1264565005	none-narrower	none	D	False	False		0.8861	0.0109	1.7680767	0.8719	236.2
gold-removed:92068002	gold-removed	none	none	True	False		0.3733	0.3733	0.48172919000000003	0.295	193.9
hard:448664009	hard	H	H	True	True	False	0.9164	0.9164	0.008433390000000002	0.9059	193.3
hard:240613006	hard	G	G	True	False	True	0.8526	0.8526	0.032981939999999994	0.8342	187.8
none-narrower:50279003	none-narrower	none	H	False	False		0.9808	0.0086	1.94486287	0.9784	169.3
hard:127217009	hard	G	G	True	True	False	0.9386	0.9386	0.006599190000000001	0.9309	197.0
easy:188264002	easy	E	E	True	True	True	0.9104	0.9104	0.010077680000000004	0.8992	179.2
retrieval-miss:79883001	retrieval-miss	none	none	True	False	True	0.7202	0.7202	0.09262004000000003	0.6852	224.4
gold-removed:734173003	gold-removed	none	none	True	False		0.9365	0.9365	0.00476773	0.9285	244.3
easy:230571009	easy	G	G	True	False	True	0.9549	0.9549	0.0031192800000000025	0.9492	185.5
hard:425940002	hard	E	E	True	True	False	0.9707	0.9707	0.0010329499999999997	0.9671	167.4
easy:95280005	easy	E	E	True	True	False	0.9794	0.9794	0.0005092899999999981	0.9768	185.2
easy:722690001	easy	A	A	True	True	True	0.9452	0.9452	0.0036157499999999957	0.9384	194.0
gold-removed:399340005	gold-removed	none	none	True	False		0.5463	0.5463	0.23885326	0.4896	173.7
hard:85102008	hard	H	H	True	True	False	0.9857	0.9857	0.0002460499999999994	0.9839	184.9
easy:390936003	easy	B	H	False	False	True	0.3788	0.3784	0.5425232799999999	0.3012	230.6
retrieval-miss:105600002	retrieval-miss	none	none	True	False	True	0.8819	0.8819	0.016564319999999993	0.8672	177.2
none-narrower:721267000	none-narrower	none	G	False	False		0.2918	0.1686	0.86623736	0.2033	184.5
easy:86406008	easy	D	D	True	False	True	0.9572	0.9572	0.0022640999999999955	0.9519	193.3
retrieval-miss:205550003	retrieval-miss	none	E	False	False	True	0.8659	0.007	1.74755065	0.8492	174.6
easy:192727001	easy	E	E	True	False	True	0.9717	0.9717	0.0009455799999999995	0.9682	203.7
hard:403970001	hard	G	G	True	True	False	0.951	0.951	0.0034263200000000044	0.9449	185.1
gold-removed:235494005	gold-removed	none	none	True	False		0.6401	0.6401	0.1501267	0.5952	160.9
easy:62009002	easy	G	G	True	True	True	0.9766	0.9766	0.000701759999999999	0.9737	211.2
hard:8691004	hard	H	H	True	True	False	0.9897	0.9897	0.0001257399999999995	0.9884	193.6
easy:127232002	easy	D	E	False	False	True	0.9559	0.005	1.90408133	0.9504	175.5
easy:27614006	easy	G	G	True	True	False	0.9741	0.9741	0.0010394800000000017	0.9708	154.0
hard:267607008	hard	E	E	True	True	True	0.9525	0.9525	0.002841429999999999	0.9465	176.3
easy:232262007	easy	H	C	False	False	True	0.6427	0.3023	0.90055909	0.5981	176.3
hard:75238000	hard	E	E	True	False	True	0.972	0.972	0.0009930300000000015	0.9685	189.7
gold-removed:88905005	gold-removed	none	none	True	False		0.9614	0.9614	0.0017562699999999975	0.9566	236.7
hard:764625002	hard	F	F	True	True	True	0.9315	0.9315	0.0070457700000000015	0.923	255.3
hard:40149008	hard	G	G	True	True	False	0.9891	0.9891	0.00015285000000000046	0.9878	179.1
gold-removed:109978004	gold-removed	none	none	True	False		0.6195	0.6195	0.16685110999999997	0.5719	234.1
gold-removed:53165003	gold-removed	none	none	True	False		0.6512	0.6512	0.14075372	0.6076	233.8
gold-removed:763274002	gold-removed	none	none	True	False		0.9062	0.9062	0.01049512	0.8945	265.7
easy:70090004	easy	F	F	True	True	False	0.9766	0.9766	0.0007488599999999989	0.9737	175.0
gold-removed:716097001	gold-removed	none	none	True	False		0.7757	0.7757	0.05783617000000003	0.7476	195.0
gold-removed:111489007	gold-removed	none	none	True	False		0.4164	0.4164	0.3987747	0.3434	179.6
retrieval-miss:43116000	retrieval-miss	none	none	True	False	True	0.4428	0.4428	0.3843618499999999	0.3732	184.6
retrieval-miss:307406004	retrieval-miss	none	D	False	False	True	0.9563	0.0117	1.89157346	0.9508	179.1
hard:92080005	hard	G	G	True	True	False	0.9746	0.9746	0.0007772599999999989	0.9714	185.2
hard:25898005	hard	H	H	True	True	True	0.9499	0.9499	0.002956180000000003	0.9436	176.5
hard:363404008	hard	A	A	True	True	True	0.9277	0.9277	0.006399200000000005	0.9187	187.3
easy:26479009	easy	B	B	True	False	True	0.8716	0.8716	0.02050094999999999	0.8556	173.8
easy:234633000	easy	C	C	True	True	True	0.8577	0.8577	0.02425127	0.8399	232.8
none-narrower:1231185005	none-narrower	none	H	False	False		0.5396	0.2464	0.8669826999999999	0.4821	195.3
easy:720813007	easy	E	E	True	False	True	0.9755	0.9755	0.0007051899999999983	0.9724	199.3
easy:442696006	easy	H	H	True	True	False	0.9632	0.9632	0.001857140000000004	0.9586	194.6
easy:426336007	easy	C	C	True	False	True	0.9461	0.9461	0.0034257399999999944	0.9394	194.0
hard:403975006	hard	D	D	True	True	False	0.9473	0.9473	0.0032630799999999968	0.9408	186.1
easy:232364006	easy	B	B	True	True	False	0.9578	0.9578	0.0020633500000000016	0.9525	194.3
none-narrower:239813000	none-narrower	none	none	True	False		0.6618	0.6618	0.13190898999999998	0.6195	186.1
hard:448794008	hard	B	B	True	True	False	0.8157	0.8157	0.041285010000000004	0.7926	208.1
none-narrower:254255007	none-narrower	none	none	True	False		0.7485	0.7485	0.07331394999999996	0.7171	184.8
easy:724642009	easy	F	F	True	False	True	0.9586	0.9586	0.002252589999999999	0.9534	264.6
none-narrower:278043000	none-narrower	none	D	False	False		0.9672	0.0063	1.9230926	0.9631	194.1
none-narrower:37369009	none-narrower	none	none	True	False		0.7415	0.7415	0.07669698999999996	0.7091	185.6
hard:720635002	hard	E	E	True	False	True	0.958	0.958	0.002072390000000003	0.9527	190.9
none-narrower:237155000	none-narrower	none	none	True	False		0.4337	0.4337	0.38106489000000004	0.3629	179.3
easy:715952000	easy	D	F	False	False	True	0.9576	0.0023	1.9128342500000002	0.9523	203.4
retrieval-miss:443416007	retrieval-miss	none	F	False	False	True	0.7121	0.1245	1.27858056	0.6761	194.3
easy:32139003	easy	F	F	True	True	False	0.9107	0.9107	0.010111320000000009	0.8995	176.1
easy:204370002	easy	D	D	True	True	True	0.924	0.924	0.007011189999999993	0.9145	184.5
gold-removed:312514006	gold-removed	none	none	True	False		0.8927	0.8927	0.01361889999999999	0.8793	195.1
retrieval-miss:725034002	retrieval-miss	none	B	False	False	True	0.958	0.0245	1.8694212499999998	0.9527	232.7
gold-removed:192958009	gold-removed	none	none	True	False		0.285	0.285	0.6310998800000002	0.1956	178.7
hard:721974000	hard	A	A	True	True	False	0.9677	0.9677	0.0012180999999999995	0.9637	233.6
easy:400948003	easy	A	A	True	True	False	0.9754	0.9754	0.0007156199999999978	0.9723	203.3
easy:31742004	easy	B	B	True	True	False	0.8333	0.8333	0.034798689999999986	0.8124	229.6
hard:127055007	hard	B	B	True	True	False	0.9169	0.9169	0.00862100999999999	0.9065	194.5
retrieval-miss:32599008	retrieval-miss	none	none	True	False	True	0.7797	0.7797	0.05609488000000002	0.7522	204.3
hard:398623004	hard	H	H	True	True	False	0.9861	0.9861	0.00023456000000000065	0.9844	245.0
retrieval-miss:192877007	retrieval-miss	none	H	False	False	True	0.9926	0.0028	1.9796669100000002	0.9917	175.2
gold-removed:118940003	gold-removed	none	none	True	False		0.7252	0.7252	0.08957888000000003	0.6908	175.4
easy:268163008	easy	F	F	True	False	True	0.9482	0.9482	0.0032572699999999957	0.9417	174.7
hard:193413001	hard	H	H	True	True	False	0.9729	0.9729	0.0009032300000000006	0.9696	204.3
gold-removed:716239006	gold-removed	none	none	True	False		0.872	0.872	0.01907669	0.856	204.4
easy:715504003	easy	G	G	True	True	True	0.9692	0.9692	0.0013260800000000033	0.9653	233.1
easy:367434002	easy	H	H	True	True	False	0.9772	0.9772	0.000665460000000002	0.9744	195.7
none-narrower:1197741006	none-narrower	none	H	False	False		0.4388	0.375	0.59035853	0.3686	178.7
none-narrower:371045000	none-narrower	none	D	False	False		0.767	0.0263	1.5459343900000002	0.7379	184.2
easy:51744007	easy	H	H	True	True	False	0.99	0.99	0.00012570000000000018	0.9888	170.9
easy:715736008	easy	B	B	True	True	False	0.968	0.968	0.0012038000000000018	0.964	221.4
hard:51387008	hard	B	B	True	True	False	0.8964	0.8964	0.012401230000000006	0.8834	168.0
easy:48528004	easy	F	F	True	True	False	0.2793	0.2793	0.6147743300000001	0.1892	232.8
none-narrower:1259102000	none-narrower	none	A	False	False		0.3024	0.2474	0.6922462899999999	0.2153	178.7
hard:82236004	hard	G	G	True	False	True	0.8269	0.8269	0.03921452000000002	0.8053	193.5
retrieval-miss:399992009	retrieval-miss	none	none	True	False	True	0.4834	0.4834	0.30905725999999994	0.4188	181.5
retrieval-miss:403886007	retrieval-miss	none	G	False	False	True	0.8678	0.005	1.7566544400000002	0.8513	194.6
easy:10934005	easy	B	B	True	True	False	0.8972	0.8972	0.01283741	0.8844	185.5
none-narrower:446771003	none-narrower	none	D	False	False		0.9604	0.0094	1.9039683200000002	0.9555	177.7
retrieval-miss:758664007	retrieval-miss	none	none	True	False	True	0.8926	0.8926	0.01327948000000001	0.8792	203.5
hard:733112007	hard	F	F	True	True	False	0.9761	0.9761	0.0007163100000000015	0.9731	232.8
easy:237965005	easy	E	none	False	True	False	0.4559	0.1948	0.8770821100000001	0.3879	184.6
hard:70737009	hard	C	C	True	False	True	0.9582	0.9582	0.0020899599999999957	0.953	232.2
easy:718897009	easy	A	A	True	True	False	0.9762	0.9762	0.000642950000000002	0.9733	203.6
easy:11296007	easy	G	G	True	False	True	0.9802	0.9802	0.0005144400000000016	0.9777	185.1
none-narrower:44939003	none-narrower	none	none	True	False		0.5902	0.5902	0.19651268000000005	0.5389	195.4
hard:726707004	hard	C	C	True	True	True	0.9661	0.9661	0.0014406700000000028	0.9618	254.5
hard:63684002	hard	D	D	True	True	False	0.9619	0.9619	0.0017241800000000018	0.9571	184.8
easy:236811002	easy	E	E	True	True	False	0.972	0.972	0.0010372500000000013	0.9685	167.0
none-narrower:246762009	none-narrower	none	none	True	False		0.5217	0.5217	0.26684970999999996	0.4619	175.1
easy:72900001	easy	F	F	True	False	True	0.9441	0.9441	0.0038867099999999946	0.9371	193.8
hard:230421008	hard	D	D	True	True	False	0.936	0.936	0.005264279999999993	0.928	193.7
hard:92788005	hard	B	B	True	True	False	0.9001	0.9001	0.013206629999999997	0.8876	192.8
easy:126799003	easy	A	A	True	True	False	0.9689	0.9689	0.0011175700000000009	0.965	185.3
easy:33982008	easy	A	A	True	False	True	0.8319	0.8319	0.03454012000000001	0.8109	194.3
none-narrower:93646002	none-narrower	none	none	True	False		0.3011	0.3011	0.5826658600000001	0.2137	224.3
gold-removed:431034009	gold-removed	none	none	True	False		0.4441	0.4441	0.3577834900000001	0.3746	185.5
easy:721843003	easy	C	C	True	True	False	0.9554	0.9554	0.0023242099999999976	0.9498	177.6
none-narrower:451981000124108	none-narrower	none	none	True	False		0.6853	0.6853	0.11408478	0.646	192.9
gold-removed:95333004	gold-removed	none	D	False	False		0.9498	0.008	1.88673725	0.9435	185.1
none-narrower:1259079006	none-narrower	none	none	True	False		0.6038	0.6038	0.20354018000000001	0.5543	186.4
none-narrower:236631000	none-narrower	none	A	False	False		0.5349	0.1589	1.01267409	0.4767	178.5
hard:89242004	hard	G	G	True	True	True	0.9428	0.9428	0.005448370000000003	0.9357	148.2
easy:432261003	easy	F	F	True	True	False	0.9851	0.9851	0.0002794100000000007	0.9832	193.3
retrieval-miss:2689001	retrieval-miss	none	none	True	False	True	0.6492	0.6492	0.14112062	0.6054	239.3
retrieval-miss:717736007	retrieval-miss	none	none	True	False	True	0.2583	0.2583	0.63323905	0.1656	229.3
hard:716859000	hard	D	D	True	False	True	0.906	0.906	0.010540159999999995	0.8943	235.9
hard:763376002	hard	G	G	True	True	False	0.9827	0.9827	0.0004140499999999994	0.9805	244.8
hard:83799000	hard	F	F	True	False	True	0.9693	0.9693	0.0011210099999999967	0.9655	188.6
easy:18927009	easy	D	none	False	True	True	0.7974	0.0112	1.6208665400000002	0.7721	203.1
retrieval-miss:67256000	retrieval-miss	none	none	True	False	True	0.606	0.606	0.18021883000000002	0.5567	192.4
easy:715192004	easy	B	B	True	True	False	0.9239	0.9239	0.008546599999999991	0.9144	201.9
none-narrower:1335794000	none-narrower	none	none	True	False		0.3174	0.3174	0.53810687	0.2321	202.4
none-narrower:336911000119104	none-narrower	none	none	True	False		0.7307	0.7307	0.08569112	0.6971	192.9
gold-removed:116020001	gold-removed	none	A	False	False		0.2697	0.238	0.71152021	0.1785	174.2
easy:1654001	easy	F	F	True	False	True	0.6178	0.6178	0.17728705999999997	0.57	183.9
hard:367489004	hard	E	E	True	True	False	0.902	0.902	0.011370719999999994	0.8897	203.5
none-narrower:334491000119108	none-narrower	none	H	False	False		0.9463	0.0255	1.84538928	0.9396	175.2
gold-removed:766874001	gold-removed	none	none	True	False		0.5662	0.5662	0.21990987999999997	0.512	229.7
retrieval-miss:253042009	retrieval-miss	none	none	True	False	True	0.5249	0.5249	0.26429721999999994	0.4655	182.7
easy:725908007	easy	E	E	True	True	False	0.9748	0.9748	0.00084037	0.9717	233.8
hard:19092004	hard	B	B	True	True	False	0.9542	0.9542	0.0024412799999999958	0.9485	203.7
easy:44553005	easy	E	E	True	True	False	0.9693	0.9693	0.001138579999999997	0.9655	197.4
none-narrower:285191000119103	none-narrower	none	H	False	False		0.6377	0.1003	1.24312588	0.5924	202.6
none-narrower:430969000	none-narrower	none	none	True	False		0.3346	0.3346	0.51496257	0.2514	186.2
easy:187752007	easy	A	A	True	False	True	0.9641	0.9641	0.001539650000000003	0.9597	185.3
hard:92428008	hard	G	G	True	True	False	0.9397	0.9397	0.006127140000000003	0.9321	194.3
gold-removed:34417008	gold-removed	none	none	True	False		0.6896	0.6896	0.11451887000000001	0.6509	202.3
gold-removed:21061004	gold-removed	none	none	True	False		0.409	0.409	0.42609666999999996	0.3351	185.9
hard:402356004	hard	H	H	True	False	True	0.9953	0.9953	2.8420000000000355e-05	0.9947	187.3
none-narrower:416658003	none-narrower	none	none	True	False		0.5891	0.5891	0.19961782000000003	0.5377	179.3
none-narrower:11810261000119103	none-narrower	none	none	True	False		0.3788	0.3788	0.5237468	0.3012	177.8
hard:763403007	hard	F	F	True	True	False	0.9632	0.9632	0.001957760000000004	0.9586	195.9
gold-removed:28826002	gold-removed	none	none	True	False		0.5691	0.5691	0.24250195999999996	0.5152	193.9
retrieval-miss:55852007	retrieval-miss	none	none	True	False	True	0.3966	0.3966	0.42404903999999993	0.3211	186.9
hard:254851009	hard	H	H	True	True	False	0.9631	0.9631	0.0018884600000000033	0.9585	203.6
gold-removed:276876007	gold-removed	none	none	True	False		0.4564	0.4564	0.3426554400000001	0.3884	185.9
none-narrower:2851000119101	none-narrower	none	none	True	False		0.3118	0.3118	0.5579644199999999	0.2258	185.0
hard:62151007	hard	A	A	True	True	True	0.9699	0.9699	0.001097940000000001	0.9662	194.3
none-narrower:187857006	none-narrower	none	B	False	False		0.5101	0.1236	1.0578103699999999	0.4489	193.5
easy:30369007	easy	A	A	True	True	False	0.9647	0.9647	0.0014844899999999998	0.9603	193.7
retrieval-miss:361115000	retrieval-miss	none	B	False	False	True	0.9694	0.0049	1.93009062	0.9656	176.1
retrieval-miss:418279001	retrieval-miss	none	none	True	False	True	0.8981	0.8981	0.012052059999999998	0.8853	203.6
gold-removed:262461007	gold-removed	none	none	True	False		0.4142	0.4142	0.41325595	0.341	193.8
gold-removed:363466008	gold-removed	none	H	False	False		0.4161	0.3963	0.54479438	0.3431	194.1
retrieval-miss:95208000	retrieval-miss	none	none	True	False	True	0.6219	0.6219	0.16501777999999998	0.5746	187.1
hard:284449005	hard	A	B	False	True	True	0.5215	0.3491	0.6988369600000002	0.4617	235.4
easy:253149002	easy	B	B	True	True	True	0.8297	0.8297	0.03353285	0.8084	203.3
retrieval-miss:52542005	retrieval-miss	none	none	True	False	True	0.4695	0.4695	0.44689521	0.4031	184.2
retrieval-miss:69550000	retrieval-miss	none	none	True	False	True	0.3853	0.3853	0.47387226000000005	0.3085	193.5
retrieval-miss:83652003	retrieval-miss	none	none	True	False	True	0.5231	0.5231	0.26761439	0.4635	203.5
gold-removed:128862000	gold-removed	none	none	True	False		0.4918	0.4918	0.31456612	0.4283	202.8
retrieval-miss:67988000	retrieval-miss	none	none	True	False	True	0.8364	0.8364	0.031816599999999993	0.8159	185.6
none-narrower:45062007	none-narrower	none	none	True	False		0.3741	0.3741	0.5139966	0.2959	160.1
none-narrower:339331000119102	none-narrower	none	B	False	False		0.8054	0.0308	1.59322024	0.7811	154.3
retrieval-miss:17653001	retrieval-miss	none	none	True	False	True	0.5591	0.5591	0.22819818999999997	0.504	194.3
easy:111524003	easy	A	A	True	False	True	0.9694	0.9694	0.0011387299999999975	0.9655	154.9
retrieval-miss:44250009	retrieval-miss	none	none	True	False	True	0.9122	0.9122	0.008983219999999998	0.9012	187.4
easy:722476007	easy	D	D	True	False	True	0.9465	0.9465	0.0034179699999999993	0.9398	189.5
hard:363422006	hard	H	H	True	True	True	0.9839	0.9839	0.00032477000000000016	0.9819	187.4
hard:83886009	hard	D	D	True	True	False	0.9734	0.9734	0.0008936499999999977	0.9701	225.6
gold-removed:763767006	gold-removed	none	none	True	False		0.8367	0.8367	0.03131129	0.8163	236.0
retrieval-miss:95670000	retrieval-miss	none	none	True	False	True	0.3156	0.3156	0.5592685	0.2301	177.6
gold-removed:719136005	gold-removed	none	none	True	False		0.6908	0.6908	0.10911120000000002	0.6521	236.4
easy:45639009	easy	H	none	False	False	True	0.51	0.1007	1.09559263	0.4488	193.6
hard:7699004	hard	C	C	True	True	False	0.9563	0.9563	0.002247639999999997	0.9509	177.7
easy:716091000	easy	D	D	True	True	False	0.9664	0.9664	0.0014090499999999974	0.9622	188.9
easy:237960000	easy	A	A	True	False	True	0.9408	0.9408	0.004015580000000004	0.9334	232.0
retrieval-miss:234638009	retrieval-miss	none	none	True	False	True	0.6564	0.6564	0.13322707	0.6135	203.5
none-narrower:236382007	none-narrower	none	none	True	False		0.3647	0.3647	0.46904672	0.2852	174.7
hard:703199001	hard	G	G	True	False	True	0.9627	0.9627	0.0020181	0.9581	169.0
gold-removed:52845002	gold-removed	none	none	True	False		0.5811	0.5811	0.20036800000000005	0.5287	173.7
easy:78200003	easy	E	E	True	True	False	0.9755	0.9755	0.0006989699999999984	0.9724	185.1
none-narrower:85461008	none-narrower	none	none	True	False		0.6737	0.6737	0.12487037000000002	0.6329	184.4
easy:76520005	easy	H	E	False	False	True	0.9364	0.0201	1.8373561999999999	0.9284	202.9
retrieval-miss:64233004	retrieval-miss	none	H	False	False	True	0.5213	0.2741	0.8059332699999999	0.4615	184.6
easy:68092007	easy	D	D	True	False	True	0.8913	0.8913	0.013982620000000005	0.8777	184.4
none-narrower:410484008	none-narrower	none	none	True	False		0.3385	0.3385	0.50214047	0.2558	166.4
none-narrower:198241002	none-narrower	none	none	True	False		0.4554	0.4554	0.38742223	0.3873	185.4
easy:12381000132107	easy	A	A	True	False	True	0.4339	0.4339	0.38746557000000004	0.3631	187.0
hard:709018004	hard	A	A	True	False	True	0.6377	0.6377	0.18908591999999996	0.5924	193.9
gold-removed:68116008	gold-removed	none	A	False	False		0.4568	0.329	0.66821564	0.3889	167.6
easy:254986007	easy	G	G	True	True	True	0.3823	0.3823	0.47604787000000004	0.3051	193.4
hard:83942000	hard	B	B	True	True	False	0.9503	0.9503	0.0028421199999999966	0.9441	189.0
gold-removed:719251009	gold-removed	none	none	True	False		0.8078	0.8078	0.04314612000000002	0.7837	183.2
none-narrower:94654006	none-narrower	none	none	True	False		0.6783	0.6783	0.11950373999999998	0.638	193.9
easy:763716008	easy	F	F	True	True	True	0.9599	0.9599	0.0019752000000000016	0.9549	184.3
hard:734031008	hard	A	A	True	True	False	0.9734	0.9734	0.0008267399999999977	0.9701	236.1
hard:17585008	hard	E	E	True	True	False	0.9633	0.9633	0.0016923499999999963	0.9587	168.7
none-narrower:707607008	none-narrower	none	none	True	False		0.5683	0.5683	0.21610068999999998	0.5144	202.6
gold-removed:700467001	gold-removed	none	none	True	False		0.819	0.819	0.04278642000000002	0.7964	193.5
none-narrower:713299003	none-narrower	none	none	True	False		0.7727	0.7727	0.060244849999999975	0.7443	186.7
hard:25897000	hard	H	H	True	True	False	0.9859	0.9859	0.00023881000000000003	0.9842	193.8
retrieval-miss:16459000	retrieval-miss	none	none	True	False	True	0.6419	0.6419	0.15383621999999997	0.5971	185.6
easy:702447002	easy	G	G	True	True	False	0.8962	0.8962	0.01898301	0.8833	205.3
none-narrower:27358001	none-narrower	none	none	True	False		0.5475	0.5475	0.24720038	0.4909	185.9
hard:267592003	hard	D	D	True	False	True	0.7258	0.7258	0.08849506	0.6915	185.8
hard:768927001	hard	F	F	True	True	False	0.9479	0.9479	0.0035911700000000033	0.9414	238.0
none-narrower:1269531007	none-narrower	none	F	False	False		0.4136	0.1531	0.9861544	0.3403	184.5
hard:443719001	hard	G	G	True	True	True	0.842	0.842	0.03305556000000001	0.8222	192.5
none-narrower:66893008	none-narrower	none	D	False	False		0.8434	0.0238	1.66964828	0.8239	202.2
easy:23849003	easy	G	G	True	True	False	0.976	0.976	0.000701920000000001	0.973	177.6
hard:233913007	hard	G	G	True	True	True	0.9498	0.9498	0.003775410000000002	0.9435	183.9
hard:238080004	hard	A	A	True	True	False	0.8251	0.8251	0.03725145000000002	0.8033	237.8
none-narrower:43658003	none-narrower	none	E	False	False		0.8773	0.0214	1.72954339	0.8619	168.6
retrieval-miss:277921008	retrieval-miss	none	F	False	False	True	0.9631	0.0051	1.9176818	0.9585	184.5
hard:363444001	hard	G	G	True	True	True	0.7301	0.7301	0.09980276000000002	0.6964	202.0
none-narrower:128211000119102	none-narrower	none	F	False	False		0.3015	0.2415	0.71338456	0.2142	189.4
easy:56692003	easy	H	H	True	True	False	0.9578	0.9578	0.002133390000000001	0.9525	226.8
none-narrower:246943004	none-narrower	none	A	False	False		0.3713	0.3155	0.62265894	0.2927	168.0
easy:722375007	easy	H	H	True	True	False	0.9909	0.9909	0.00010176999999999996	0.9898	202.5
easy:699251001	easy	C	C	True	True	True	0.9748	0.9748	0.0007470399999999999	0.9717	193.3
easy:92415001	easy	D	D	True	False	True	0.9681	0.9681	0.0012220100000000028	0.9641	193.8
retrieval-miss:726543008	retrieval-miss	none	none	True	False	True	0.6167	0.6167	0.17353351999999997	0.5688	173.7
easy:14070001000004105	easy	D	D	True	True	False	0.9725	0.9725	0.0009829099999999983	0.969	202.5
easy:404160007	easy	B	B	True	False	True	0.9653	0.9653	0.0014879899999999963	0.961	199.3
hard:200999007	hard	H	H	True	True	False	0.994	0.994	4.3180000000000064e-05	0.9933	193.1
none-narrower:81531005	none-narrower	none	none	True	False		0.5277	0.5277	0.25908310000000007	0.4687	184.8
easy:1155842003	easy	H	H	True	True	False	0.9908	0.9908	0.00011303999999999974	0.9896	173.3
hard:253781004	hard	D	D	True	False	True	0.8854	0.8854	0.016548830000000007	0.8711	161.7
gold-removed:193570009	gold-removed	none	none	True	False		0.5623	0.5623	0.22023468	0.5076	195.1
none-narrower:126682007	none-narrower	none	F	False	False		0.4309	0.0976	1.05766264	0.3597	202.0
easy:707530009	easy	G	G	True	True	False	0.9566	0.9566	0.0028607299999999997	0.9512	193.1
hard:70405009	hard	G	G	True	True	False	0.9805	0.9805	0.0005674999999999986	0.9781	185.5
gold-removed:32595002	gold-removed	none	none	True	False		0.6087	0.6087	0.18559343	0.5598	194.1
retrieval-miss:239873007	retrieval-miss	none	F	False	False	True	0.9705	0.0047	1.93276503	0.9668	184.2
retrieval-miss:721887007	retrieval-miss	none	none	True	False	True	0.9255	0.9255	0.006465130000000001	0.9162	235.6
hard:255055008	hard	H	H	True	True	False	0.9757	0.9757	0.0007753299999999993	0.9727	227.4
hard:194785008	hard	E	E	True	True	True	0.9631	0.9631	0.0016970200000000035	0.9584	152.0
gold-removed:40291001	gold-removed	none	none	True	False		0.5812	0.5812	0.21234480999999997	0.5289	236.7
gold-removed:232064001	gold-removed	none	A	False	False		0.3732	0.2604	0.71707248	0.2949	202.2
hard:93559003	hard	F	F	True	True	True	0.9422	0.9422	0.004609909999999995	0.935	198.0
gold-removed:63480004	gold-removed	none	none	True	False		0.44	0.44	0.36977643000000004	0.3699	178.3
retrieval-miss:715414009	retrieval-miss	none	C	False	False	True	0.4537	0.0524	1.23338342	0.3855	202.1
retrieval-miss:64969001	retrieval-miss	none	none	True	False	True	0.5457	0.5457	0.23864402000000004	0.4889	177.5
easy:237059008	easy	C	C	True	True	False	0.6186	0.6186	0.17115624999999998	0.5709	234.6
none-narrower:410063006	none-narrower	none	A	False	False		0.8134	0.0344	1.59785248	0.79	159.7
hard:56453003	hard	C	C	True	False	True	0.9503	0.9503	0.002971839999999997	0.9441	235.4
easy:44018007	easy	C	C	True	False	True	0.5482	0.5482	0.24412336	0.4918	174.8
retrieval-miss:52674009	retrieval-miss	none	none	True	False	True	0.8174	0.8174	0.03786459999999999	0.7945	178.2
none-narrower:722922001	none-narrower	none	none	True	False		0.7639	0.7639	0.06553988	0.7344	184.1
none-narrower:1259038005	none-narrower	none	E	False	False		0.8966	0.0176	1.77026834	0.8837	194.1
hard:403889000	hard	E	E	True	True	False	0.9756	0.9756	0.0007806699999999988	0.9725	202.5
easy:703524005	easy	E	E	True	True	True	0.9776	0.9776	0.0006107799999999989	0.9748	194.3
easy:447351004	easy	F	F	True	False	True	0.9212	0.9212	0.007289289999999996	0.9114	206.9
retrieval-miss:719663005	retrieval-miss	none	none	True	False	True	0.4724	0.4724	0.33193536000000007	0.4064	194.4
easy:192965001	easy	F	F	True	False	True	0.3776	0.3776	0.4735594600000001	0.2998	180.1
none-narrower:300312006	none-narrower	none	none	True	False		0.4934	0.4934	0.35390683999999994	0.4301	179.2
none-narrower:724608000	none-narrower	none	none	True	False		0.4674	0.4674	0.35000702999999994	0.4008	173.9
gold-removed:91038008	gold-removed	none	none	True	False		0.3486	0.3486	0.5230151200000001	0.2672	154.0
easy:716077006	easy	D	D	True	True	False	0.8961	0.8961	0.012803829999999997	0.8831	202.1
hard:77478005	hard	E	E	True	False	True	0.9709	0.9709	0.001000340000000001	0.9673	183.9
easy:28790007	easy	D	D	True	False	True	0.9552	0.9552	0.002353439999999996	0.9496	166.8
gold-removed:234478007	gold-removed	none	E	False	False		0.7461	0.1219	1.33153676	0.7144	232.8
hard:429033009	hard	G	G	True	True	True	0.7079	0.7079	0.10961491000000001	0.6714	194.2
easy:195136004	easy	E	E	True	False	True	0.3521	0.3521	0.5339431299999998	0.2711	178.8
easy:95435007	easy	A	G	False	False	True	0.4391	0.3192	0.6706846000000002	0.369	233.5
hard:17111003	hard	H	H	True	True	False	0.9838	0.9838	0.0003188899999999998	0.9818	230.2
hard:55912009	hard	F	F	True	True	True	0.9489	0.9489	0.004036110000000003	0.9425	235.5
hard:720634003	hard	B	B	True	True	False	0.961	0.961	0.0018128600000000027	0.9561	232.1
easy:126790004	easy	F	F	True	True	False	0.9638	0.9638	0.0015881600000000008	0.9592	192.8
easy:25766007	easy	H	H	True	True	False	0.9912	0.9912	9.322000000000053e-05	0.9901	167.5
easy:66758006	easy	B	B	True	True	True	0.8941	0.8941	0.015098909999999997	0.8809	235.1
none-narrower:123977005	none-narrower	none	none	True	False		0.6603	0.6603	0.13362562	0.6178	187.0
easy:717003001	easy	H	H	True	True	True	0.9614	0.9614	0.0018584399999999977	0.9565	193.9
none-narrower:870285004	none-narrower	none	none	True	False		0.5117	0.5117	0.27180639999999995	0.4507	181.1
hard:725167001	hard	B	G	False	False	True	0.9534	0.0047	1.90031472	0.9476	204.0
hard:297278001	hard	E	none	False	True	True	0.3772	0.1327	0.9717647999999999	0.2994	203.4
easy:2251002	easy	G	G	True	True	True	0.9611	0.9611	0.0021032900000000033	0.9562	167.7
gold-removed:190808009	gold-removed	none	none	True	False		0.6444	0.6444	0.14918678000000002	0.5999	185.9
easy:372105009	easy	E	E	True	True	False	0.899	0.899	0.013132299999999996	0.8864	193.3
hard:197585004	hard	B	B	True	False	True	0.8544	0.8544	0.02468767999999999	0.8361	174.3
easy:126859007	easy	H	H	True	True	False	0.9829	0.9829	0.0003421500000000001	0.9808	193.5
easy:723362004	easy	C	C	True	True	False	0.9001	0.9001	0.011728719999999998	0.8877	185.3
easy:230422001	easy	B	B	True	True	True	0.941	0.941	0.004018910000000007	0.9336	193.8
hard:403824007	hard	F	F	True	True	False	0.966	0.966	0.001486510000000002	0.9618	203.2
none-narrower:61301000119102	none-narrower	none	A	False	False		0.5351	0.1398	1.0655538199999999	0.477	193.0
easy:189197001	easy	G	G	True	True	False	0.9808	0.9808	0.0005074499999999998	0.9784	185.2
easy:49455004	easy	E	E	True	False	True	0.9605	0.9605	0.0018912399999999987	0.9555	174.4
hard:34566007	hard	D	D	True	True	True	0.9403	0.9403	0.004376109999999997	0.9329	203.6
hard:13394002	hard	H	H	True	True	False	0.9922	0.9922	7.688000000000046e-05	0.9913	193.5
retrieval-miss:414173003	retrieval-miss	none	none	True	False	True	0.4237	0.4237	0.39314349000000004	0.3516	202.7
gold-removed:90505000	gold-removed	none	none	True	False		0.1921	0.1921	0.76087	0.0911	199.0
retrieval-miss:22542007	retrieval-miss	none	F	False	False	True	0.5824	0.2132	0.9661077799999999	0.5302	203.8
easy:363353009	easy	D	D	True	True	True	0.7622	0.7622	0.08270197	0.7325	192.9
easy:441456002	easy	G	G	True	True	False	0.8992	0.8992	0.01382652	0.8865	178.7
easy:18241005	easy	B	B	True	True	False	0.9146	0.9146	0.008704270000000005	0.904	160.6
easy:233621003	easy	G	G	True	True	False	0.9654	0.9654	0.0017332399999999974	0.961	187.7
easy:240063002	easy	A	A	True	True	False	0.5477	0.5477	0.25020132000000006	0.4912	237.2
easy:92413008	easy	F	F	True	True	True	0.9755	0.9755	0.0007272699999999984	0.9725	192.7
easy:764694005	easy	B	B	True	True	False	0.9555	0.9555	0.002367809999999999	0.9499	234.2
gold-removed:15170009	gold-removed	none	none	True	False		0.5231	0.5231	0.26920785999999997	0.4635	174.6
easy:83911000119104	easy	E	E	True	False	True	0.8783	0.8783	0.01794926000000001	0.863	147.6
none-narrower:866045007	none-narrower	none	none	True	False		0.4449	0.4449	0.3641487799999999	0.3755	176.9
hard:417093003	hard	E	E	True	True	True	0.8892	0.8892	0.015057770000000002	0.8754	193.2
none-narrower:431855005	none-narrower	none	none	True	False		0.5037	0.5037	0.29663431999999995	0.4416	170.2
easy:235073000	easy	G	none	False	False	True	0.4939	0.062	1.1608440699999998	0.4306	188.5
hard:716663009	hard	B	B	True	True	False	0.9618	0.9618	0.001668810000000001	0.9571	192.9
easy:719378009	easy	E	E	True	True	False	0.9688	0.9688	0.0012461700000000004	0.9649	229.3
none-narrower:92571001	none-narrower	none	C	False	False		0.7938	0.0947	1.4523773699999998	0.768	185.0
retrieval-miss:67854007	retrieval-miss	none	none	True	False	True	0.3267	0.3267	0.56272113	0.2426	202.6
hard:87730004	hard	F	F	True	True	False	0.9698	0.9698	0.0011488400000000001	0.966	185.4
easy:716249009	easy	E	E	True	True	True	0.9302	0.9302	0.006840579999999996	0.9215	192.9
hard:267532001	hard	H	H	True	False	True	0.9377	0.9377	0.004797710000000003	0.9299	154.1
hard:254069004	hard	C	C	True	True	False	0.7256	0.7256	0.08902058999999998	0.6913	184.5
none-narrower:56090007	none-narrower	none	E	False	False		0.9843	0.0026	1.9637013899999998	0.9824	231.2
hard:410041002	hard	G	G	True	True	False	0.9717	0.9717	0.0012142599999999993	0.9682	193.7
easy:40956001	easy	C	C	True	True	False	0.9819	0.9819	0.0003794200000000002	0.9797	203.6
retrieval-miss:711265009	retrieval-miss	none	none	True	False	True	0.6897	0.6897	0.10948493000000002	0.6509	193.3
none-narrower:53284008	none-narrower	none	G	False	False		0.7735	0.0937	1.42383434	0.7452	185.4
easy:715374003	easy	G	G	True	True	True	0.9277	0.9277	0.007204870000000005	0.9187	195.5
retrieval-miss:59252009	retrieval-miss	none	C	False	False	True	0.9096	0.0144	1.80078621	0.8983	233.4
retrieval-miss:197352008	retrieval-miss	none	none	True	False	True	0.7713	0.7713	0.061565970000000005	0.7427	177.4
none-narrower:68361004	none-narrower	none	none	True	False		0.4526	0.4526	0.3426418	0.3841	202.5
gold-removed:726349006	gold-removed	none	none	True	False		0.5477	0.5477	0.25239534	0.4912	154.6
easy:711163009	easy	B	B	True	True	False	0.9713	0.9713	0.0009839499999999971	0.9677	232.5
none-narrower:425756000	none-narrower	none	B	False	False		0.8209	0.0266	1.6292552800000002	0.7985	185.4
easy:398036000	easy	G	H	False	False	True	0.8836	0.0909	1.6073710500000002	0.8691	188.5
easy:69134001	easy	G	G	True	True	False	0.9418	0.9418	0.005527240000000004	0.9345	173.5
none-narrower:85209005	none-narrower	none	none	True	False		0.9169	0.9169	0.008075239999999992	0.9065	186.9
gold-removed:67873006	gold-removed	none	none	True	False		0.6868	0.6868	0.11551106000000003	0.6477	202.8
hard:7393007	hard	B	B	True	False	True	0.9216	0.9216	0.007123200000000004	0.9117	167.9
none-narrower:1254886004	none-narrower	none	G	False	False		0.9066	0.0263	1.77124257	0.895	167.2
hard:61738006	hard	D	D	True	True	False	0.9295	0.9295	0.006084320000000001	0.9207	195.3
easy:236740006	easy	C	C	True	False	True	0.9567	0.9567	0.0021827300000000003	0.9513	184.0
hard:403426003	hard	H	H	True	True	False	0.9808	0.9808	0.00044918999999999976	0.9785	159.7
none-narrower:720979002	none-narrower	none	D	False	False		0.9665	0.006	1.9222994100000002	0.9623	193.4
hard:186437007	hard	G	G	True	False	True	0.9824	0.9824	0.00040852999999999826	0.9802	168.3
hard:134031000119108	hard	B	B	True	True	True	0.9102	0.9102	0.011427129999999997	0.899	193.6
easy:95643007	easy	G	G	True	True	False	0.9728	0.9728	0.00115014	0.9694	194.0
gold-removed:717183001	gold-removed	none	A	False	False		0.6622	0.0933	1.27177969	0.62	202.7
easy:72991005	easy	B	B	True	True	True	0.7456	0.7456	0.07606602999999998	0.7138	158.0
retrieval-miss:71444005	retrieval-miss	none	none	True	False	True	0.3106	0.3106	0.58871028	0.2245	184.6
easy:400178008	easy	G	G	True	True	False	0.899	0.899	0.013682219999999997	0.8864	173.7
none-narrower:688271000119100	none-narrower	none	H	False	False		0.4569	0.3891	0.58663464	0.3891	202.9
hard:698251009	hard	C	C	True	True	True	0.9816	0.9816	0.000402069999999999	0.9793	185.5
retrieval-miss:445507008	retrieval-miss	none	none	True	False	True	0.5436	0.5436	0.27009340000000004	0.4866	183.5
hard:363478007	hard	H	H	True	True	True	0.9064	0.9064	0.014110520000000005	0.8947	193.4
hard:297232009	hard	G	G	True	True	False	0.9383	0.9383	0.005994509999999998	0.9306	188.1
none-narrower:1177049006	none-narrower	none	none	True	False		0.4251	0.4251	0.49404989	0.3532	194.1
easy:50967008	easy	A	A	True	True	False	0.9666	0.9666	0.0013298399999999988	0.9624	183.7
hard:302162004	hard	E	E	True	True	False	0.9628	0.9628	0.0018194300000000008	0.9582	167.0
easy:45339001	easy	A	A	True	True	False	0.8673	0.8673	0.020435770000000013	0.8508	184.4
easy:419097006	easy	A	A	True	True	False	0.9702	0.9702	0.001034670000000003	0.9665	196.5
none-narrower:64634000	none-narrower	none	none	True	False		0.3704	0.3704	0.4749432699999999	0.2917	174.3
easy:92175003	easy	G	G	True	True	False	0.9731	0.9731	0.000994920000000002	0.9697	203.4
none-narrower:21420006	none-narrower	none	none	True	False		0.5048	0.5048	0.29162120999999996	0.4428	186.1
retrieval-miss:36803009	retrieval-miss	none	F	False	False	True	0.9545	0.0081	1.8953435500000002	0.9488	198.6
hard:2576002	hard	G	G	True	False	True	0.9047	0.9047	0.01272494000000001	0.8928	193.5
easy:458432002	easy	E	E	True	True	False	0.9571	0.9571	0.002186190000000004	0.9518	193.8
none-narrower:609464004	none-narrower	none	none	True	False		0.5355	0.5355	0.26058832	0.4774	177.9
easy:1059007	easy	E	E	True	True	False	0.9818	0.9818	0.0004125399999999998	0.9795	203.4
retrieval-miss:717182006	retrieval-miss	none	none	True	False	True	0.6473	0.6473	0.14421878	0.6032	236.1
easy:26037005	easy	D	D	True	False	True	0.8605	0.8605	0.02348512999999999	0.843	167.4
hard:47125007	hard	E	E	True	True	False	0.969	0.969	0.0011840000000000019	0.9651	187.1
none-narrower:449782007	none-narrower	none	none	True	False		0.5688	0.5688	0.21749996000000005	0.5149	193.2
easy:719838008	easy	B	B	True	False	True	0.9093	0.9093	0.00942576	0.898	189.9
hard:128870005	hard	E	E	True	False	True	0.9804	0.9804	0.000490039999999998	0.978	186.2
easy:186312003	easy	C	C	True	True	False	0.4321	0.4321	0.39329659000000006	0.3611	202.8
gold-removed:715391004	gold-removed	none	C	False	False		0.5864	0.0858	1.20435989	0.5347	181.8
hard:2946003	hard	D	D	True	False	True	0.9462	0.9462	0.0035010399999999956	0.9395	176.7
hard:274864009	hard	G	G	True	True	True	0.9003	0.9003	0.013119730000000001	0.8878	235.5
easy:54280009	easy	G	G	True	True	False	0.953	0.953	0.0036272100000000035	0.9471	187.0
none-narrower:81704009	none-narrower	none	none	True	False		0.5251	0.5251	0.27157851	0.4658	195.5
retrieval-miss:702949005	retrieval-miss	none	none	True	False	True	0.8808	0.8808	0.016516519999999993	0.8659	237.8
hard:373905003	hard	B	B	True	True	True	0.9589	0.9589	0.0019421400000000021	0.9538	193.0
retrieval-miss:277574007	retrieval-miss	none	none	True	False	True	0.3434	0.3434	0.55192001	0.2613	194.1
hard:92668003	hard	H	H	True	True	False	0.9886	0.9886	0.0001545999999999992	0.9872	193.5
hard:88687001	hard	E	E	True	False	True	0.397	0.397	0.45229155	0.3216	187.6
easy:190794006	easy	C	C	True	False	True	0.937	0.937	0.004654959999999993	0.9291	202.5
easy:16784003	easy	C	C	True	False	True	0.7651	0.7651	0.06472053	0.7358	174.4
hard:18504008	hard	D	D	True	True	False	0.8869	0.8869	0.017110629999999995	0.8728	233.2
gold-removed:234500001	gold-removed	none	none	True	False		0.6809	0.6809	0.11886043000000003	0.641	193.7
easy:265798000	easy	G	G	True	False	True	0.8957	0.8957	0.016270529999999988	0.8826	175.1
none-narrower:202918005	none-narrower	none	none	True	False		0.5293	0.5293	0.25881698	0.4705	184.7
gold-removed:765141005	gold-removed	none	none	True	False		0.6949	0.6949	0.10963084000000003	0.6567	203.3
none-narrower:233696002	none-narrower	none	E	False	False		0.3796	0.3161	0.6323715799999999	0.3021	230.7
hard:403818001	hard	F	F	True	True	False	0.9733	0.9733	0.0008917399999999972	0.9699	194.1
none-narrower:285251000119101	none-narrower	none	B	False	False		0.8063	0.0252	1.6064992200000001	0.782	185.7
easy:36989005	easy	H	H	True	True	False	0.9733	0.9733	0.0008821899999999971	0.97	202.8
hard:763632004	hard	G	G	True	False	True	0.9317	0.9317	0.006662460000000003	0.9232	170.6
hard:92059004	hard	G	G	True	True	False	0.9774	0.9774	0.0006550699999999979	0.9745	175.0
easy:389203001	easy	B	B	True	True	False	0.8427	0.8427	0.036968680000000004	0.8231	202.1
retrieval-miss:18718003	retrieval-miss	none	none	True	False	True	0.7724	0.7724	0.05947131000000001	0.7439	177.3
none-narrower:710360007	none-narrower	none	none	True	False		0.5695	0.5695	0.2167247	0.5157	168.6
gold-removed:47014000	gold-removed	none	none	True	False		0.7831	0.7831	0.05560232999999999	0.7559	177.7
hard:37785001	hard	E	E	True	True	False	0.969	0.969	0.0011689500000000017	0.9652	184.0
hard:237877004	hard	G	G	True	True	False	0.9682	0.9682	0.0015548200000000034	0.9642	203.1
easy:304603007	easy	H	H	True	True	False	0.9911	0.9911	9.436000000000035e-05	0.99	201.9
hard:93948004	hard	E	E	True	True	True	0.8944	0.8944	0.014565100000000006	0.8812	185.3
hard:430042004	hard	F	none	False	True	False	0.3887	0.3452	0.5930325700000001	0.3123	192.6
hard:254062008	hard	H	H	True	True	False	0.9796	0.9796	0.0005149399999999989	0.9771	228.8
hard:725392005	hard	G	A	False	False	True	0.7538	0.1615	1.27296012	0.7231	195.1
easy:229752008	easy	D	D	True	False	True	0.738	0.738	0.08339731	0.7053	178.0
easy:14386001	easy	F	F	True	True	False	0.9741	0.9741	0.0009136900000000017	0.9709	192.6
none-narrower:276646003	none-narrower	none	none	True	False		0.3873	0.3873	0.4810478	0.3107	180.7
retrieval-miss:448015002	retrieval-miss	none	none	True	False	True	0.6387	0.6387	0.15077694999999997	0.5935	178.1
none-narrower:188247000	none-narrower	none	none	True	False		0.4413	0.4413	0.36680413999999995	0.3715	177.9
easy:254180002	easy	B	B	True	True	False	0.966	0.966	0.001350140000000002	0.9618	225.0
easy:766928004	easy	E	E	True	True	True	0.9653	0.9653	0.0014557199999999967	0.961	202.5
none-narrower:230174006	none-narrower	none	none	True	False		0.7079	0.7079	0.09914569000000001	0.6714	194.3
gold-removed:255184001	gold-removed	none	H	False	False		0.722	0.099	1.34703688	0.6873	186.2
retrieval-miss:62628008	retrieval-miss	none	C	False	False	True	0.8362	0.0317	1.6409397100000003	0.8157	193.0
gold-removed:25792000	gold-removed	none	none	True	False		0.9055	0.9055	0.010488820000000006	0.8937	202.8
easy:127024001	easy	F	F	True	True	False	0.9652	0.9652	0.0014537700000000035	0.9608	202.3
hard:13534001	hard	F	F	True	True	False	0.4781	0.4781	0.34295554	0.4129	193.4
gold-removed:70020005	gold-removed	none	none	True	False		0.9447	0.9447	0.0035303400000000016	0.9377	192.9
hard:198029003	hard	A	A	True	True	False	0.9672	0.9672	0.0012532300000000036	0.9631	186.8
easy:6631009	easy	H	H	True	False	True	0.8529	0.8529	0.026002420000000002	0.8346	201.9
retrieval-miss:403910009	retrieval-miss	none	none	True	False	True	0.2845	0.2845	0.59569508	0.195	193.3
hard:399072004	hard	E	E	True	True	True	0.971	0.971	0.0010148800000000014	0.9674	169.4
gold-removed:82323002	gold-removed	none	C	False	False		0.2092	0.1896	0.76710571	0.1103	177.7
hard:254167000	hard	F	F	True	False	True	0.8784	0.8784	0.017426830000000008	0.8632	170.4
hard:72925005	hard	G	none	False	False	True	0.3952	0.3159	0.64312174	0.3196	202.7
hard:703219008	hard	C	C	True	True	True	0.7688	0.7688	0.09338633999999998	0.7399	221.5
easy:254052001	easy	G	G	True	False	True	0.9615	0.9615	0.002206839999999998	0.9567	198.7
none-narrower:403933005	none-narrower	none	F	False	False		0.6008	0.2037	1.0030100100000001	0.5509	193.2
retrieval-miss:239011004	retrieval-miss	none	none	True	False	True	0.7537	0.7537	0.07142321999999998	0.7229	233.6
easy:67782005	easy	G	G	True	False	True	0.3839	0.3839	0.52972013	0.3068	193.2
hard:237946002	hard	H	H	True	False	True	0.9834	0.9834	0.0003624099999999983	0.9813	224.7
easy:204036008	easy	F	F	True	True	False	0.8314	0.8314	0.033918889999999986	0.8103	193.7
easy:93870000	easy	C	C	True	True	True	0.9371	0.9371	0.004998169999999995	0.9292	196.6
none-narrower:149941000119100	none-narrower	none	C	False	False		0.2021	0.1844	0.77615835	0.1023	175.3
gold-removed:766815007	gold-removed	none	none	True	False		0.4707	0.4707	0.42117150999999997	0.4045	202.7
none-narrower:402925001	none-narrower	none	A	False	False		0.6378	0.1283	1.17728596	0.5925	173.9
easy:57219006	easy	G	D	False	False	True	0.381	0.0413	1.17672264	0.3036	193.3
hard:254157005	hard	D	H	False	False	True	0.8769	0.1046	1.57077995	0.8616	193.7
none-narrower:403129004	none-narrower	none	none	True	False		0.8209	0.8209	0.037097350000000015	0.7985	168.9
none-narrower:52042003	none-narrower	none	A	False	False		0.601	0.1288	1.13302843	0.5512	193.9
easy:128333008	easy	A	A	True	True	False	0.9537	0.9537	0.0024963800000000007	0.948	177.4
none-narrower:255051004	none-narrower	none	G	False	False		0.8374	0.0583	1.5908470600000002	0.8171	184.7
easy:389272007	easy	E	E	True	True	False	0.9725	0.9725	0.0010792499999999984	0.9691	174.3
retrieval-miss:102878001	retrieval-miss	none	none	True	False	True	0.9184	0.9184	0.007814930000000001	0.9082	203.1
hard:717052002	hard	E	E	True	True	False	0.9733	0.9733	0.0009124499999999973	0.97	194.6
retrieval-miss:237886009	retrieval-miss	none	none	True	False	True	0.4966	0.4966	0.2899840800000001	0.4336	175.1
retrieval-miss:235919008	retrieval-miss	none	none	True	False	True	0.6315	0.6315	0.16194841000000004	0.5854	175.3
hard:254096001	hard	C	C	True	True	False	0.9798	0.9798	0.0004745599999999998	0.9773	193.8
easy:59276001	easy	H	H	True	False	True	0.8201	0.8201	0.041132679999999984	0.7977	178.4
gold-removed:88233000	gold-removed	none	none	True	False		0.5949	0.5949	0.20179857	0.5442	184.8
easy:717014003	easy	F	F	True	True	False	0.9636	0.9636	0.0017793299999999993	0.959	240.4
retrieval-miss:269476000	retrieval-miss	none	none	True	False	True	0.5847	0.5847	0.1982391	0.5328	194.5
easy:56048001	easy	C	C	True	False	True	0.9768	0.9768	0.0006351	0.9739	186.2
easy:45142002	easy	B	B	True	True	False	0.9678	0.9678	0.0012319800000000006	0.9638	193.4
none-narrower:335561000119101	none-narrower	none	F	False	False		0.4844	0.2677	0.78271697	0.42	186.0
hard:61094002	hard	A	A	True	True	False	0.9715	0.9715	0.0009480799999999984	0.968	233.7
easy:197260007	easy	A	A	True	False	True	0.8808	0.8808	0.01762097999999999	0.8658	185.7
hard:363481002	hard	G	G	True	True	True	0.9585	0.9585	0.002445559999999999	0.9533	231.6
retrieval-miss:230687001	retrieval-miss	none	none	True	False	True	0.3522	0.3522	0.4853448599999999	0.2712	193.9
easy:29227009	easy	G	G	True	True	False	0.9671	0.9671	0.0014613200000000023	0.963	173.6
retrieval-miss:30865009	retrieval-miss	none	none	True	False	True	0.4979	0.4979	0.32769289	0.4351	184.5
hard:128207002	hard	C	C	True	True	False	0.4594	0.4594	0.46876862999999996	0.3918	185.7
hard:233858000	hard	A	A	True	True	True	0.9525	0.9525	0.0026297499999999984	0.9465	185.6
retrieval-miss:277475006	retrieval-miss	none	none	True	False	True	0.5592	0.5592	0.22716788	0.5041	202.7
hard:363352004	hard	E	E	True	True	False	0.9614	0.9614	0.0018352799999999975	0.9566	186.2
hard:65814009	hard	D	D	True	True	False	0.9373	0.9373	0.004655099999999997	0.9294	174.5
none-narrower:426370008	none-narrower	none	none	True	False		0.4515	0.4515	0.35817034999999997	0.3829	231.9
none-narrower:39625001	none-narrower	none	none	True	False		0.5182	0.5182	0.28814287	0.458	193.9
none-narrower:271386001	none-narrower	none	none	True	False		0.4864	0.4864	0.3027305700000001	0.4222	202.1
easy:63844009	easy	F	F	True	True	False	0.9234	0.9234	0.00701338	0.9138	231.3
easy:254957009	easy	B	B	True	False	True	0.8661	0.8661	0.02508722	0.8494	232.3
hard:397734008	hard	G	G	True	True	False	0.9523	0.9523	0.003773649999999996	0.9464	198.3
gold-removed:80126007	gold-removed	none	none	True	False		0.8692	0.8692	0.01993389000000001	0.8528	203.1
hard:36874002	hard	E	E	True	True	False	0.9522	0.9522	0.002668339999999995	0.9462	176.2
easy:92058007	easy	F	F	True	True	True	0.9749	0.9749	0.0007609100000000006	0.9717	185.4
none-narrower:268651002	none-narrower	none	none	True	False		0.3986	0.3986	0.4156338999999999	0.3235	152.0
gold-removed:312491004	gold-removed	none	none	True	False		0.8373	0.8373	0.03230201999999999	0.817	194.0
easy:110004001	easy	A	A	True	True	False	0.9639	0.9639	0.0015601800000000015	0.9594	242.2
hard:398796005	hard	B	B	True	True	False	0.9299	0.9299	0.0057485700000000075	0.9211	194.4
hard:302161006	hard	B	B	True	True	False	0.9663	0.9663	0.0013264499999999966	0.962	153.8
hard:191169008	hard	F	C	False	False	True	0.9461	0.0071	1.88146547	0.9394	202.6
gold-removed:608817003	gold-removed	none	E	False	False		0.8622	0.0535	1.6410165499999998	0.845	194.2
easy:303012000	easy	H	H	True	True	False	0.6505	0.6505	0.15332754000000004	0.6068	193.4
hard:719012009	hard	E	E	True	True	False	0.6845	0.6845	0.14379523	0.645	189.7
hard:269533000	hard	D	D	True	True	False	0.9063	0.9063	0.010755250000000003	0.8946	168.7
easy:397015000	easy	H	H	True	True	False	0.9931	0.9931	5.9300000000000235e-05	0.9922	203.2
none-narrower:232245002	none-narrower	none	none	True	False		0.3492	0.3492	0.49672144000000007	0.2678	185.3
retrieval-miss:129154003	retrieval-miss	none	C	False	False	True	0.8782	0.0217	1.7307435	0.863	203.6
gold-removed:359732009	gold-removed	none	none	True	False		0.6746	0.6746	0.12335919000000002	0.6339	233.8
gold-removed:706885006	gold-removed	none	none	True	False		0.4907	0.4907	0.30008777	0.427	240.7
none-narrower:192051000	none-narrower	none	none	True	False		0.7819	0.7819	0.057574899999999984	0.7547	175.2
gold-removed:716588005	gold-removed	none	H	False	False		0.972	0.0065	1.93199084	0.9684	237.9
hard:721881008	hard	G	G	True	True	False	0.9301	0.9301	0.006166499999999995	0.9213	240.7
gold-removed:360375007	gold-removed	none	none	True	False		0.7634	0.7634	0.06478208000000002	0.7338	154.2
none-narrower:1258979003	none-narrower	none	none	True	False		0.445	0.445	0.3630965199999999	0.3757	231.9
easy:56787009	easy	B	B	True	False	True	0.926	0.926	0.006457889999999992	0.9168	184.0
none-narrower:235986006	none-narrower	none	none	True	False		0.5802	0.5802	0.20467500999999994	0.5277	168.6
retrieval-miss:56038003	retrieval-miss	none	none	True	False	True	0.5527	0.5527	0.23972488000000003	0.4968	169.8
retrieval-miss:716649003	retrieval-miss	none	E	False	False	True	0.4492	0.0356	1.2404481200000002	0.3803	202.7
hard:723096000	hard	B	B	True	True	True	0.9564	0.9564	0.0021744799999999973	0.9509	167.0
none-narrower:337871000119100	none-narrower	none	none	True	False		0.4359	0.4359	0.3878782300000001	0.3654	148.0
retrieval-miss:234477002	retrieval-miss	none	none	True	False	True	0.9181	0.9181	0.007903919999999995	0.9078	226.8
easy:50189006	easy	D	D	True	False	True	0.8359	0.8359	0.033897840000000005	0.8154	168.0
retrieval-miss:403780007	retrieval-miss	none	A	False	False	True	0.8815	0.039	1.7017328899999997	0.8667	197.6
easy:39912006	easy	F	F	True	True	False	0.9244	0.9244	0.00808173	0.915	222.8
none-narrower:93829002	none-narrower	none	C	False	False		0.7503	0.0386	1.52040359	0.719	193.0
hard:22451001	hard	C	C	True	True	True	0.956	0.956	0.0022744200000000036	0.9505	174.5
easy:124275001	easy	E	E	True	True	False	0.8926	0.8926	0.01399777000000001	0.8792	215.6
hard:126833009	hard	C	C	True	True	False	0.941	0.941	0.004041370000000006	0.9336	194.4
none-narrower:75548002	none-narrower	none	none	True	False		0.3736	0.3736	0.4546227600000001	0.2953	194.0
hard:717821004	hard	G	G	True	True	False	0.9073	0.9073	0.01293765	0.8957	233.4
gold-removed:254877001	gold-removed	none	none	True	False		0.6115	0.6115	0.17276684999999997	0.5629	193.9
gold-removed:726702005	gold-removed	none	none	True	False		0.5416	0.5416	0.23852207000000003	0.4843	216.5
retrieval-miss:254064009	retrieval-miss	none	none	True	False	True	0.4815	0.4815	0.30663940999999995	0.4167	174.7
easy:39288006	easy	C	C	True	False	True	0.7599	0.7599	0.06798649999999999	0.7299	178.8
easy:62311004	easy	C	C	True	True	True	0.7652	0.7652	0.07525044	0.7359	203.9
hard:255084004	hard	F	F	True	True	True	0.5257	0.5257	0.34757231000000005	0.4664	194.0
hard:762282007	hard	C	C	True	False	True	0.9688	0.9688	0.0012946100000000005	0.9649	203.5
easy:276860003	easy	B	B	True	True	False	0.9714	0.9714	0.0010005399999999975	0.9679	193.5
hard:33958003	hard	H	H	True	True	False	0.9893	0.9893	0.00014290000000000093	0.9879	177.9
none-narrower:237782001	none-narrower	none	none	True	False		0.6679	0.6679	0.12643255999999997	0.6264	192.6
retrieval-miss:23687008	retrieval-miss	none	none	True	False	True	0.8481	0.8481	0.02752621000000001	0.8291	193.3
easy:720414005	easy	G	G	True	False	True	0.9626	0.9626	0.001906769999999999	0.9579	203.2
hard:195021004	hard	F	F	True	True	False	0.272	0.272	0.64594639	0.181	193.9
hard:363436001	hard	E	E	True	True	True	0.9289	0.9289	0.006302280000000007	0.92	184.4
easy:92083007	easy	B	B	True	True	True	0.9671	0.9671	0.0013420100000000026	0.9629	185.7
retrieval-miss:398768004	retrieval-miss	none	B	False	False	True	0.882	0.0193	1.74296081	0.8673	224.5
none-narrower:52897009	none-narrower	none	none	True	False		0.546	0.546	0.28808437	0.4892	203.8
none-narrower:29340001000004108	none-narrower	none	none	True	False		0.6935	0.6935	0.1109212	0.6551	177.4
easy:404077005	easy	H	H	True	True	False	0.951	0.951	0.002958160000000004	0.9449	185.1
easy:51500006	easy	B	C	False	True	False	0.5615	0.3403	0.75243602	0.5067	174.0
retrieval-miss:82639001	retrieval-miss	none	G	False	False	True	0.9335	0.0076	1.85894497	0.9252	192.9
hard:4760008	hard	H	H	True	True	False	0.9848	0.9848	0.0003062499999999998	0.9829	185.1
gold-removed:91478007	gold-removed	none	none	True	False		0.2558	0.2558	0.6577771599999999	0.1628	175.8
hard:126485001	hard	D	D	True	True	False	0.9618	0.9618	0.001711210000000001	0.9571	186.7
gold-removed:314270008	gold-removed	none	none	True	False		0.497	0.497	0.29511699999999996	0.4341	177.9
easy:57917004	easy	C	C	True	True	False	0.9023	0.9023	0.012916180000000001	0.8901	204.4
hard:703403003	hard	B	B	True	False	True	0.9563	0.9563	0.002245979999999997	0.9508	198.2
easy:30496006	easy	C	C	True	False	True	0.7335	0.7335	0.08411619	0.7002	193.4
easy:402525008	easy	C	C	True	True	False	0.9486	0.9486	0.0032272900000000003	0.9421	184.5
hard:719209002	hard	B	B	True	True	False	0.9762	0.9762	0.000679300000000002	0.9732	233.8
easy:721094006	easy	H	H	True	True	False	0.993	0.993	5.898000000000009e-05	0.9921	235.4
hard:91612009	hard	E	E	True	True	False	0.9591	0.9591	0.002116810000000004	0.954	146.8
none-narrower:1187464007	none-narrower	none	E	False	False		0.9757	0.0029	1.94631146	0.9726	186.6
hard:17025000	hard	C	C	True	False	True	0.9472	0.9472	0.0033066599999999956	0.9406	204.2
none-narrower:427910000	none-narrower	none	F	False	False		0.3434	0.2469	0.72380964	0.2613	168.4
gold-removed:49049000	gold-removed	none	none	True	False		0.6729	0.6729	0.12417401999999997	0.632	185.5
hard:57863006	hard	E	E	True	True	False	0.9593	0.9593	0.002027079999999997	0.9543	194.6
gold-removed:26899006	gold-removed	none	none	True	False		0.6908	0.6908	0.11297703000000002	0.6522	185.9
none-narrower:15959101000119103	none-narrower	none	none	True	False		0.369	0.369	0.47317196	0.2901	203.3
gold-removed:404064001	gold-removed	none	none	True	False		0.7343	0.7343	0.08653181000000003	0.7011	202.9
hard:254838004	hard	A	A	True	True	False	0.9518	0.9518	0.002651290000000002	0.9458	187.5
easy:363494000	easy	G	G	True	True	True	0.947	0.947	0.0033560200000000047	0.9404	185.8
none-narrower:368721000119104	none-narrower	none	E	False	False		0.5117	0.1844	0.9466798200000001	0.4506	178.7
hard:31220004	hard	B	B	True	True	False	0.9142	0.9142	0.008441709999999998	0.9035	192.3
none-narrower:190471009	none-narrower	none	none	True	False		0.4811	0.4811	0.3186635299999999	0.4163	168.4
gold-removed:26538006	gold-removed	none	E	False	False		0.4913	0.193	0.9086263799999998	0.4277	175.8
hard:204431007	hard	B	B	True	True	False	0.888	0.888	0.014477189999999997	0.874	184.1
gold-removed:48500005	gold-removed	none	none	True	False		0.7177	0.7177	0.09778596	0.6824	153.0
easy:734020000	easy	C	C	True	True	False	0.973	0.973	0.0010113200000000013	0.9696	184.3
retrieval-miss:720410001	retrieval-miss	none	none	True	False	True	0.6808	0.6808	0.11772130000000003	0.6409	236.1
retrieval-miss:389100007	retrieval-miss	none	none	True	False	True	0.5889	0.5889	0.19691242	0.5375	236.0
none-narrower:197606008	none-narrower	none	none	True	False		0.6281	0.6281	0.15983611	0.5816	176.3
hard:626004	hard	H	H	True	True	False	0.99	0.99	0.0001295100000000002	0.9888	232.0
easy:52186006	easy	G	G	True	True	False	0.9083	0.9083	0.010910470000000002	0.8968	193.6
retrieval-miss:422886007	retrieval-miss	none	D	False	False	True	0.6614	0.0327	1.4224945900000001	0.6191	185.2
hard:609573005	hard	A	A	True	True	False	0.9615	0.9615	0.0016881499999999983	0.9567	199.4
hard:72893007	hard	A	A	True	True	True	0.6861	0.6861	0.12992703999999997	0.6469	192.9
gold-removed:254113006	gold-removed	none	none	True	False		0.3254	0.3254	0.54798176	0.2411	193.7
easy:2177002	easy	B	B	True	True	False	0.9693	0.9693	0.001174459999999997	0.9655	179.3
hard:111293003	hard	H	none	False	False	True	0.6134	0.0937	1.2123724999999999	0.5651	185.0
retrieval-miss:54203008	retrieval-miss	none	none	True	False	True	0.9553	0.9553	0.0023372399999999965	0.9497	197.1
easy:239032007	easy	G	G	True	True	False	0.968	0.968	0.0013591900000000019	0.964	233.4
hard:398680004	hard	F	C	False	False	True	0.9277	0.0296	1.8028493600000002	0.9186	238.4
easy:733626002	easy	C	C	True	True	False	0.9772	0.9772	0.000612830000000002	0.9744	234.9
none-narrower:94505005	none-narrower	none	none	True	False		0.6533	0.6533	0.14145817	0.61	203.2
hard:724840004	hard	A	A	True	True	False	0.9556	0.9556	0.00226943	0.95	225.8
easy:303852004	easy	D	D	True	True	False	0.9763	0.9763	0.0006901800000000026	0.9734	203.2
none-narrower:890354000	none-narrower	none	G	False	False		0.3229	0.3083	0.6122919899999999	0.2382	178.5
retrieval-miss:725291001	retrieval-miss	none	none	True	False	True	0.8354	0.8354	0.031473619999999994	0.8149	233.0
retrieval-miss:17885001	retrieval-miss	none	none	True	False	True	0.9341	0.9341	0.005099879999999995	0.9258	231.4
gold-removed:120639003	gold-removed	none	G	False	False		0.4756	0.2745	0.7646491200000001	0.4101	196.4
hard:92272009	hard	E	E	True	True	True	0.9826	0.9826	0.00035909999999999897	0.9805	192.8
gold-removed:87211000119104	gold-removed	none	none	True	False		0.5254	0.5254	0.26039521000000004	0.4661	230.9
none-narrower:143291000119104	none-narrower	none	none	True	False		0.534	0.534	0.24754283999999996	0.4758	231.0
retrieval-miss:10651001	retrieval-miss	none	none	True	False	True	0.6334	0.6334	0.15293356000000002	0.5875	194.5
easy:720636001	easy	G	G	True	True	False	0.9558	0.9558	0.003087330000000002	0.9503	193.9
none-narrower:22935002	none-narrower	none	E	False	False		0.4202	0.1661	0.89857945	0.3477	189.2
easy:716742001	easy	F	F	True	False	True	0.9074	0.9074	0.010820040000000001	0.8959	184.6
hard:398114001	hard	B	B	True	True	False	0.9541	0.9541	0.0024277100000000052	0.9484	203.8
gold-removed:27868004	gold-removed	none	none	True	False		0.4889	0.4889	0.30979436	0.425	177.3
retrieval-miss:238700008	retrieval-miss	none	none	True	False	True	0.4936	0.4936	0.2933428599999999	0.4303	194.0
easy:30281009	easy	D	D	True	True	False	0.947	0.947	0.0033734900000000046	0.9404	177.2
none-narrower:12181002	none-narrower	none	none	True	False		0.4693	0.4693	0.34926508	0.403	196.5
easy:78511005	easy	H	H	True	True	False	0.9867	0.9867	0.0002144999999999994	0.9851	193.8
easy:26360005	easy	A	A	True	True	True	0.9113	0.9113	0.00909194	0.9002	173.2
none-narrower:403964007	none-narrower	none	H	False	False		0.9845	0.0044	1.9604955900000003	0.9825	174.2
hard:303098002	hard	A	A	True	True	False	0.6212	0.6212	0.22067026	0.5738	194.0
none-narrower:1343512002	none-narrower	none	none	True	False		0.4444	0.4444	0.36135472999999996	0.3749	177.2
easy:232086000	easy	E	E	True	False	True	0.8838	0.8838	0.016293519999999992	0.8692	184.5
easy:703544004	easy	B	B	True	False	True	0.866	0.866	0.021173310000000004	0.8492	251.2
retrieval-miss:720861000	retrieval-miss	none	C	False	False	True	0.7809	0.0812	1.4592585500000002	0.7535	254.8
none-narrower:1371100008	none-narrower	none	G	False	False		0.8597	0.0644	1.6160523900000001	0.8421	179.2
easy:253298003	easy	G	G	True	False	True	0.5259	0.5259	0.33037089999999997	0.4667	180.4
gold-removed:7071007	gold-removed	none	none	True	False		0.9282	0.9282	0.006053929999999996	0.9192	160.9
easy:35111009	easy	D	D	True	True	True	0.9584	0.9584	0.0020634199999999977	0.9532	194.1
none-narrower:418054005	none-narrower	none	G	False	False		0.3465	0.3276	0.59412569	0.2648	203.3
hard:27916005	hard	B	B	True	True	False	0.9683	0.9683	0.0012051599999999968	0.9643	175.4
hard:72124005	hard	H	H	True	True	False	0.9752	0.9752	0.0007615100000000022	0.9722	151.5
easy:111354009	easy	D	D	True	False	True	0.9641	0.9641	0.0015916200000000032	0.9597	168.1
hard:11218009	hard	B	B	True	False	True	0.9508	0.9508	0.002788130000000002	0.9446	185.3
easy:717734005	easy	E	E	True	True	False	0.9174	0.9174	0.008581930000000002	0.9071	203.5
easy:716277000	easy	D	D	True	True	False	0.9584	0.9584	0.0021228899999999975	0.9532	192.9
retrieval-miss:95532008	retrieval-miss	none	none	True	False	True	0.7016	0.7016	0.10236619999999999	0.6643	185.7
hard:67678004	hard	D	D	True	True	True	0.9361	0.9361	0.004955139999999995	0.9281	173.9
none-narrower:235929001	none-narrower	none	none	True	False		0.8028	0.8028	0.04609844000000002	0.7781	195.2
gold-removed:235601001	gold-removed	none	none	True	False		0.9213	0.9213	0.007254409999999999	0.9115	185.0
gold-removed:717332007	gold-removed	none	none	True	False		0.8544	0.8544	0.024492279999999984	0.8363	203.2
easy:766050000	easy	A	A	True	True	False	0.9589	0.9589	0.0019840400000000025	0.9537	254.1
gold-removed:187740000	gold-removed	none	C	False	False		0.8787	0.0456	1.6843110000000001	0.8635	186.0
easy:196133001	easy	E	E	True	False	True	0.9619	0.9619	0.0018040000000000018	0.9571	187.9
none-narrower:38731000087104	none-narrower	none	B	False	False		0.9292	0.0155	1.83351948	0.9204	178.1
none-narrower:48352007	none-narrower	none	none	True	False		0.9142	0.9142	0.008519689999999998	0.9034	152.7
retrieval-miss:190773008	retrieval-miss	none	none	True	False	True	0.8739	0.8739	0.01822691	0.8581	180.5
hard:234577004	hard	G	G	True	True	False	0.9291	0.9291	0.008646679999999995	0.9203	174.8
hard:95776004	hard	G	none	False	True	False	0.3605	0.259	0.7181590400000001	0.2806	185.3
easy:124252008	easy	G	G	True	True	False	0.968	0.968	0.001644080000000002	0.964	188.3
easy:402425006	easy	E	E	True	True	False	0.8951	0.8951	0.013118179999999998	0.8819	185.1
hard:722059002	hard	D	D	True	True	False	0.9682	0.9682	0.0012065300000000032	0.9643	212.9
easy:193756007	easy	A	A	True	True	False	0.9689	0.9689	0.001121950000000001	0.965	203.5
easy:57203004	easy	D	D	True	True	True	0.7546	0.7546	0.07082957999999998	0.7239	168.3
easy:308870004	easy	E	E	True	True	False	0.9654	0.9654	0.0015868299999999976	0.9611	179.2
gold-removed:205465004	gold-removed	none	none	True	False		0.5768	0.5768	0.20355056000000002	0.5238	235.8
easy:398909004	easy	H	H	True	True	False	0.991	0.991	0.00010118000000000013	0.9899	178.2
easy:92624000	easy	B	B	True	True	False	0.9699	0.9699	0.001079800000000001	0.9661	167.3
hard:403805009	hard	G	G	True	True	False	0.9749	0.9749	0.0009149300000000005	0.9718	193.4
easy:21897009	easy	G	G	True	True	False	0.9765	0.9765	0.0007697399999999985	0.9736	150.9
hard:278833002	hard	D	none	False	True	True	0.1948	0.1761	0.7922085900000001	0.0942	181.0
gold-removed:721073008	gold-removed	none	none	True	False		0.4272	0.4272	0.39706819	0.3556	185.0
easy:255003007	easy	A	A	True	True	False	0.9807	0.9807	0.0004396899999999994	0.9783	235.8
none-narrower:783705006	none-narrower	none	F	False	False		0.9644	0.0057	1.91899833	0.9599	185.8
easy:726609005	easy	C	C	True	True	False	0.9772	0.9772	0.0006908300000000019	0.9744	260.3
none-narrower:186679007	none-narrower	none	none	True	False		0.2867	0.2867	0.61292353	0.1975	174.3
none-narrower:27507004	none-narrower	none	none	True	False		0.5495	0.5495	0.31159559000000003	0.4932	186.0
gold-removed:277568007	gold-removed	none	none	True	False		0.3591	0.3591	0.49197463	0.279	195.9
hard:238676008	hard	B	B	True	False	True	0.9634	0.9634	0.0016054699999999975	0.9588	178.6
easy:19905009	easy	G	G	True	True	False	0.958	0.958	0.002992900000000003	0.9528	178.0
easy:404120006	easy	E	E	True	True	False	0.959	0.959	0.0021123700000000027	0.9539	238.8
gold-removed:39390005	gold-removed	none	none	True	False		0.4945	0.4945	0.3007879300000001	0.4313	202.5
hard:722290008	hard	F	F	True	False	True	0.9548	0.9548	0.0025552100000000018	0.9492	189.9
retrieval-miss:59399004	retrieval-miss	none	none	True	False	True	0.5714	0.5714	0.21633465999999998	0.5178	185.4
retrieval-miss:4855003	retrieval-miss	none	none	True	False	True	0.8071	0.8071	0.044326869999999984	0.7829	174.8
easy:399463004	easy	H	H	True	True	True	0.9861	0.9861	0.00024096000000000065	0.9843	185.7
hard:230595006	hard	C	C	True	True	False	0.9671	0.9671	0.0012671700000000026	0.963	166.8
retrieval-miss:10177005	retrieval-miss	none	none	True	False	True	0.5165	0.5165	0.28259606000000004	0.456	178.4
hard:398963001	hard	G	G	True	False	True	0.5737	0.5737	0.22070176000000002	0.5204	184.3
retrieval-miss:717812000	retrieval-miss	none	none	True	False	True	0.7595	0.7595	0.06689653000000002	0.7294	184.1
none-narrower:783558004	none-narrower	none	A	False	False		0.9475	0.0116	1.87499574	0.941	240.0
none-narrower:721677005	none-narrower	none	none	True	False		0.756	0.756	0.0699058	0.7255	186.6
none-narrower:372024009	none-narrower	none	H	False	False		0.9284	0.0083	1.8474473599999999	0.9194	193.1
hard:86203003	hard	B	B	True	True	False	0.9232	0.9232	0.0074957399999999955	0.9136	176.1
none-narrower:268654005	none-narrower	none	none	True	False		0.389	0.389	0.42975043999999996	0.3126	184.7
none-narrower:66265004	none-narrower	none	none	True	False		0.622	0.622	0.16968245	0.5747	184.8
easy:89655007	easy	F	D	False	False	True	0.5569	0.2253	0.9224425199999999	0.5015	194.3
hard:28656008	hard	D	D	True	False	True	0.9758	0.9758	0.00070456	0.9728	176.5
hard:442551007	hard	A	A	True	True	False	0.9577	0.9577	0.0020757200000000005	0.9524	151.7
easy:764997000	easy	G	G	True	True	False	0.964	0.964	0.0021693000000000025	0.9595	286.1
retrieval-miss:763669001	retrieval-miss	none	none	True	False	True	0.7942	0.7942	0.04907827999999999	0.7685	203.6
none-narrower:1196912004	none-narrower	none	none	True	False		0.3871	0.3871	0.43775949999999997	0.3105	204.0
none-narrower:1237346001	none-narrower	none	B	False	False		0.9262	0.0082	1.8426665	0.917	187.8
hard:118600007	hard	F	F	True	True	False	0.8085	0.8085	0.04685149	0.7846	193.2
hard:400142003	hard	A	A	True	True	False	0.962	0.962	0.0017251500000000025	0.9573	194.2
hard:48718006	hard	D	D	True	True	False	0.9334	0.9334	0.00564179	0.9251	204.8
easy:715748006	easy	D	D	True	True	False	0.9472	0.9472	0.003878819999999996	0.9406	232.0
retrieval-miss:58437007	retrieval-miss	none	none	True	False	True	0.4793	0.4793	0.31282456999999997	0.4142	203.6
hard:449096009	hard	F	F	True	True	True	0.9661	0.9661	0.001323040000000003	0.9618	178.6
easy:718607001	easy	E	E	True	True	False	0.9749	0.9749	0.0008777900000000005	0.9718	223.0
hard:79830009	hard	E	E	True	True	False	0.9589	0.9589	0.002088900000000002	0.9538	175.0
easy:698290008	easy	H	H	True	True	False	0.9724	0.9724	0.0009586099999999978	0.9689	194.2
none-narrower:65528008	none-narrower	none	F	False	False		0.4249	0.2685	0.73572934	0.353	177.2
easy:721014007	easy	D	D	True	True	False	0.9665	0.9665	0.0013326499999999984	0.9623	235.9
gold-removed:253904001	gold-removed	none	none	True	False		0.4542	0.4542	0.3610122600000001	0.386	193.0
easy:392662004	easy	B	B	True	True	False	0.9435	0.9435	0.004048249999999999	0.9365	203.3
none-narrower:29736007	none-narrower	none	none	True	False		0.3353	0.3353	0.5348505200000001	0.2522	185.2
hard:22784002	hard	B	B	True	True	False	0.9808	0.9808	0.00042821999999999977	0.9784	188.1
hard:715397000	hard	E	E	True	True	False	0.9224	0.9224	0.0077261299999999995	0.9127	179.3
hard:238874008	hard	A	A	True	True	True	0.9545	0.9545	0.0025332399999999987	0.9489	180.4
easy:239069005	easy	H	H	True	True	False	0.995	0.995	2.9880000000000043e-05	0.9944	230.8
hard:268240006	hard	H	H	True	True	False	0.9332	0.9332	0.005835479999999995	0.9248	193.3
retrieval-miss:715338007	retrieval-miss	none	none	True	False	True	0.5579	0.5579	0.23150875000000004	0.5026	204.6
easy:32620007	easy	E	E	True	True	False	0.9789	0.9789	0.0005802800000000004	0.9763	193.7
gold-removed:238078005	gold-removed	none	none	True	False		0.5203	0.5203	0.27076923	0.4603	190.4
none-narrower:698836007	none-narrower	none	none	True	False		0.8296	0.8296	0.03381897	0.8083	187.2
easy:79674009	easy	H	H	True	True	False	0.9908	0.9908	0.00011358999999999976	0.9896	203.2
none-narrower:724784006	none-narrower	none	E	False	False		0.3582	0.2937	0.6494956399999999	0.278	186.1
hard:128468007	hard	G	G	True	False	True	0.3145	0.3145	0.56854718	0.2288	178.2
retrieval-miss:230499002	retrieval-miss	none	none	True	False	True	0.6108	0.6108	0.17352624	0.5621	185.3
hard:725408001	hard	C	C	True	True	False	0.9597	0.9597	0.00192048	0.9547	191.6
hard:445257004	hard	C	C	True	True	False	0.9702	0.9702	0.001043970000000003	0.9664	181.4
none-narrower:102361000119104	none-narrower	none	none	True	False		0.6519	0.6519	0.13894946999999996	0.6084	187.6
hard:707435002	hard	B	B	True	True	False	0.9753	0.9753	0.0007197600000000027	0.9722	194.1
gold-removed:763458005	gold-removed	none	none	True	False		0.3742	0.3742	0.45118125000000003	0.2959	257.0
hard:715427008	hard	G	G	True	True	True	0.9029	0.9029	0.015193289999999993	0.8908	233.5
hard:187722004	hard	D	D	True	True	False	0.9746	0.9746	0.0007472399999999988	0.9714	203.6
retrieval-miss:17234001	retrieval-miss	none	none	True	False	True	0.6985	0.6985	0.10561440999999999	0.6608	178.7
easy:733068001	easy	G	G	True	True	True	0.9685	0.9685	0.0013977099999999984	0.9645	181.5
easy:609581006	easy	A	A	True	True	True	0.9582	0.9582	0.0020175999999999957	0.953	193.3
retrieval-miss:111395007	retrieval-miss	none	none	True	False	True	0.6211	0.6211	0.17610672	0.5738	175.3
hard:58833000	hard	H	H	True	True	True	0.9906	0.9906	0.00010846999999999933	0.9894	218.1
gold-removed:58459009	gold-removed	none	none	True	False		0.3269	0.3269	0.53975371	0.2427	177.7
gold-removed:254102008	gold-removed	none	none	True	False		0.2444	0.2444	0.6726135600000002	0.15	199.4
hard:720344007	hard	A	A	True	True	True	0.966	0.966	0.0013404600000000019	0.9617	193.9
easy:416960004	easy	G	none	False	False	True	0.238	0.1984	0.7561031800000001	0.1428	190.1
hard:428174001	hard	H	H	True	True	False	0.9918	0.9918	8.419999999999976e-05	0.9908	194.6
hard:92405007	hard	A	A	True	True	True	0.9627	0.9627	0.0017366399999999996	0.9581	193.9
hard:715395008	hard	C	C	True	True	True	0.8926	0.8926	0.013548290000000011	0.8792	193.7
gold-removed:95691008	gold-removed	none	none	True	False		0.6574	0.6574	0.14302633	0.6146	176.6
easy:719069008	easy	G	G	True	True	True	0.9393	0.9393	0.004952889999999996	0.9317	235.5
retrieval-miss:471885006	retrieval-miss	none	none	True	False	True	0.3723	0.3723	0.4477108799999999	0.2939	193.8
none-narrower:1260130005	none-narrower	none	E	False	False		0.9682	0.0048	1.9281632399999997	0.9642	195.5
retrieval-miss:302872003	retrieval-miss	none	none	True	False	True	0.8673	0.8673	0.02056307000000001	0.8507	167.4
none-narrower:74202002	none-narrower	none	none	True	False		0.7829	0.7829	0.057245959999999985	0.7558	178.1
none-narrower:82069007	none-narrower	none	H	False	False		0.9041	0.0418	1.7360356500000003	0.8922	185.4
hard:85478004	hard	B	B	True	True	False	0.9575	0.9575	0.0020854199999999984	0.9521	178.6
hard:721231007	hard	C	C	True	True	False	0.977	0.977	0.0006150000000000009	0.9742	202.2
hard:266578003	hard	D	D	True	True	False	0.9562	0.9562	0.002407739999999996	0.9507	178.7
easy:704166007	easy	G	none	False	False	True	0.7889	0.041	1.54718868	0.7625	195.1
hard:205647005	hard	A	none	False	False	True	0.6711	0.0873	1.29361596	0.63	203.6
gold-removed:707510005	gold-removed	none	none	True	False		0.5494	0.5494	0.23268702	0.4931	230.0
gold-removed:10347006	gold-removed	none	none	True	False		0.7628	0.7628	0.06458409999999998	0.7332	187.9
hard:55379003	hard	E	E	True	True	False	0.9753	0.9753	0.0007706500000000026	0.9723	173.1
hard:400166009	hard	A	A	True	True	False	0.9213	0.9213	0.00718755	0.9114	234.4
easy:3135009	easy	C	C	True	True	False	0.9254	0.9254	0.00644606	0.916	184.7
easy:27201004	easy	B	B	True	True	False	0.883	0.883	0.015842059999999998	0.8683	190.1
retrieval-miss:73465006	retrieval-miss	none	none	True	False	True	0.8225	0.8225	0.03683811	0.8003	203.4
easy:238032002	easy	G	G	True	True	False	0.9678	0.9678	0.0015452900000000006	0.9638	175.3
hard:16872008	hard	E	E	True	True	True	0.9761	0.9761	0.0006738500000000017	0.9731	192.7
easy:403760006	easy	H	H	True	True	False	0.9817	0.9817	0.0005239499999999994	0.9794	194.7
hard:762295002	hard	D	D	True	True	True	0.9561	0.9561	0.0022772400000000046	0.9506	180.9
easy:68067009	easy	F	F	True	False	True	0.9834	0.9834	0.00033524999999999826	0.9813	229.5
gold-removed:86489003	gold-removed	none	none	True	False		0.6976	0.6976	0.10750214	0.6598	178.1
gold-removed:720565000	gold-removed	none	none	True	False		0.4446	0.4446	0.39652268	0.3752	229.1
retrieval-miss:75875004	retrieval-miss	none	none	True	False	True	0.7127	0.7127	0.0970082	0.6767	179.1
none-narrower:192631000	none-narrower	none	C	False	False		0.7609	0.0925	1.40663181	0.731	178.6
easy:719981005	easy	E	E	True	True	False	0.9774	0.9774	0.000614809999999998	0.9746	256.4
hard:80960004	hard	D	D	True	True	False	0.9684	0.9684	0.0013009199999999975	0.9645	174.8
hard:74469006	hard	D	D	True	False	True	0.9545	0.9545	0.002446949999999999	0.9488	184.7
retrieval-miss:66576001	retrieval-miss	none	none	True	False	True	0.7576	0.7576	0.06722516999999997	0.7274	193.9
easy:1271009	easy	B	B	True	True	False	0.8757	0.8757	0.020316979999999995	0.8602	233.0
hard:73757007	hard	C	C	True	True	False	0.9663	0.9663	0.0013249699999999965	0.9621	174.2
easy:68409003	easy	C	F	False	False	True	0.4393	0.4235	0.5294120800000001	0.3693	188.1
easy:238021002	easy	B	B	True	False	True	0.9553	0.9553	0.002407759999999997	0.9497	184.0
easy:443439001	easy	F	F	True	True	True	0.6877	0.6877	0.11575635000000002	0.6486	231.8
hard:254131007	hard	H	H	True	True	False	0.9889	0.9889	0.00015211999999999997	0.9875	194.0
none-narrower:342291000119102	none-narrower	none	none	True	False		0.4652	0.4652	0.3363811099999999	0.3984	194.5
hard:5217008	hard	E	E	True	True	False	0.8211	0.8211	0.04464100999999998	0.7987	185.8
easy:238007004	easy	F	F	True	False	True	0.97	0.97	0.0011170500000000018	0.9662	251.8
retrieval-miss:716871006	retrieval-miss	none	none	True	False	True	0.8235	0.8235	0.03612633	0.8015	179.1
gold-removed:419237004	gold-removed	none	none	True	False		0.3167	0.3167	0.56081596	0.2313	188.9
hard:716653001	hard	E	E	True	True	False	0.9291	0.9291	0.006232289999999995	0.9203	203.5
gold-removed:609578001	gold-removed	none	none	True	False		0.5173	0.5173	0.27847370000000005	0.4569	198.4
gold-removed:1899006	gold-removed	none	none	True	False		0.623	0.623	0.16220829	0.5758	170.0
hard:416769008	hard	D	D	True	True	True	0.943	0.943	0.003949970000000006	0.9359	193.9
easy:363468009	easy	A	A	True	False	True	0.9508	0.9508	0.0028056000000000023	0.9446	194.4
hard:402601007	hard	C	C	True	False	True	0.9425	0.9425	0.003833899999999999	0.9353	192.5
retrieval-miss:419193008	retrieval-miss	none	none	True	False	True	0.7292	0.7292	0.08600378000000002	0.6953	166.7
gold-removed:722034006	gold-removed	none	none	True	False		0.8194	0.8194	0.037819179999999994	0.7968	192.6
easy:91968002	easy	B	B	True	True	True	0.9348	0.9348	0.0054507000000000045	0.9266	184.7
easy:85769006	easy	B	B	True	False	True	0.9769	0.9769	0.0006210900000000005	0.974	178.0
retrieval-miss:359814004	retrieval-miss	none	none	True	False	True	0.9024	0.9024	0.011292960000000005	0.8902	185.1
hard:253020008	hard	G	A	False	False	True	0.6974	0.1628	1.19370318	0.6596	186.0
hard:188241004	hard	E	E	True	True	False	0.942	0.942	0.004329970000000007	0.9347	167.5
hard:3944006	hard	H	none	False	True	True	0.6323	0.0997	1.22269945	0.5864	194.5
none-narrower:1186858000	none-narrower	none	A	False	False		0.5879	0.1387	1.10090618	0.5364	185.1
easy:72815004	easy	B	B	True	False	True	0.9585	0.9585	0.0020090499999999983	0.9534	154.0
none-narrower:55637002	none-narrower	none	none	True	False		0.6549	0.6549	0.13704090999999996	0.6118	185.5
retrieval-miss:239869009	retrieval-miss	none	none	True	False	True	0.5599	0.5599	0.24181930000000004	0.5049	184.6
hard:25044007	hard	A	A	True	True	False	0.8963	0.8963	0.012627720000000002	0.8833	180.9
gold-removed:190745006	gold-removed	none	none	True	False		0.4802	0.4802	0.30751427000000003	0.4152	185.6
gold-removed:126908007	gold-removed	none	G	False	False		0.5148	0.2724	0.80235542	0.4542	194.2
none-narrower:86333008	none-narrower	none	E	False	False		0.7499	0.0928	1.3908614400000001	0.7186	185.9
hard:726341009	hard	A	A	True	True	False	0.949	0.949	0.0029993100000000046	0.9427	193.3
gold-removed:719827008	gold-removed	none	none	True	False		0.8682	0.8682	0.020246930000000007	0.8518	203.2
easy:9245008	easy	H	H	True	True	False	0.9891	0.9891	0.00014500000000000043	0.9878	177.8
easy:237997005	easy	C	C	True	True	False	0.9625	0.9625	0.0016715099999999984	0.9578	226.9
easy:253366007	easy	C	none	False	True	True	0.2954	0.2088	0.7614564399999999	0.2073	185.4
easy:302226006	easy	E	E	True	False	True	0.7048	0.7048	0.11281637000000001	0.6679	167.1
hard:95462004	hard	E	E	True	True	True	0.864	0.864	0.02257389	0.8469	168.9
gold-removed:733492003	gold-removed	none	none	True	False		0.4357	0.4357	0.42024978	0.3652	202.7
gold-removed:302954008	gold-removed	none	none	True	False		0.7749	0.7749	0.05880010999999999	0.7468	185.0
retrieval-miss:8829008	retrieval-miss	none	none	True	False	True	0.5216	0.5216	0.26531882000000007	0.4618	189.4
none-narrower:193436005	none-narrower	none	none	True	False		0.6672	0.6672	0.12817328	0.6256	174.0
hard:125603006	hard	H	H	True	True	False	0.9924	0.9924	7.382000000000078e-05	0.9914	167.6
hard:280816001	hard	F	F	True	False	True	0.4267	0.4267	0.5097434599999998	0.3551	196.2
hard:363427000	hard	D	D	True	True	True	0.8787	0.8787	0.017868109999999993	0.8636	194.2
none-narrower:253147000	none-narrower	none	E	False	False		0.9626	0.0055	1.9159326	0.9579	199.3
easy:720750004	easy	G	G	True	True	False	0.9547	0.9547	0.0033871100000000005	0.949	231.9
easy:84706005	easy	C	C	True	False	True	0.8444	0.8444	0.03032960999999999	0.8249	184.8
hard:766705006	hard	D	D	True	False	True	0.9599	0.9599	0.002090230000000002	0.9549	194.5
hard:302820008	hard	D	C	False	False	True	0.9631	0.0118	1.9042288799999998	0.9585	187.2
none-narrower:402811003	none-narrower	none	none	True	False		0.3974	0.3974	0.43594833000000005	0.322	185.7
hard:717943008	hard	D	D	True	True	True	0.9694	0.9694	0.0011360799999999976	0.9656	190.2
easy:237913008	easy	A	A	True	True	False	0.9533	0.9533	0.002672739999999997	0.9475	173.8
none-narrower:237622006	none-narrower	none	none	True	False		0.6162	0.6162	0.17353585000000005	0.5683	180.6
none-narrower:1287336004	none-narrower	none	B	False	False		0.8254	0.0545	1.57815844	0.8036	187.0
easy:62201009	easy	C	C	True	False	True	0.9599	0.9599	0.001948840000000002	0.9549	202.2
gold-removed:62005008	gold-removed	none	B	False	False		0.5815	0.1925	0.99933859	0.5291	185.4
retrieval-miss:15566009	retrieval-miss	none	none	True	False	True	0.8405	0.8405	0.03039414999999999	0.8205	193.5
none-narrower:193185007	none-narrower	none	none	True	False		0.3976	0.3976	0.4893767200000001	0.3223	178.3
retrieval-miss:274102007	retrieval-miss	none	none	True	False	True	0.5893	0.5893	0.19383753999999995	0.5379	174.9
none-narrower:609600000	none-narrower	none	F	False	False		0.4387	0.2284	0.8115685600000001	0.3685	174.3
gold-removed:698250005	gold-removed	none	none	True	False		0.6042	0.6042	0.18477640000000004	0.5547	174.7
hard:702809001	hard	H	H	True	True	False	0.9921	0.9921	7.73000000000003e-05	0.9911	202.8
hard:77090002	hard	E	E	True	True	False	0.9592	0.9592	0.0020724199999999954	0.9541	161.2
retrieval-miss:147101000119108	retrieval-miss	none	none	True	False	True	0.3378	0.3378	0.54809912	0.255	185.2
retrieval-miss:277589003	retrieval-miss	none	C	False	False	True	0.4306	0.138	0.9798880899999999	0.3594	229.8
none-narrower:43742007	none-narrower	none	none	True	False		0.7227	0.7227	0.08967101999999999	0.6881	185.4
hard:54552008	hard	E	E	True	True	False	0.9449	0.9449	0.0035611100000000045	0.9381	168.1
easy:2032001	easy	H	H	True	False	True	0.9494	0.9494	0.003367839999999998	0.943	187.1
hard:205484001	hard	E	E	True	True	True	0.7621	0.7621	0.06617924	0.7324	194.8
retrieval-miss:238824006	retrieval-miss	none	none	True	False	True	0.9069	0.9069	0.009932939999999993	0.8953	175.2
hard:15628003	hard	D	D	True	True	False	0.97	0.97	0.0010888900000000016	0.9662	193.2
gold-removed:240453002	gold-removed	none	none	True	False		0.7774	0.7774	0.05867155	0.7496	178.7
none-narrower:342451000119108	none-narrower	none	C	False	False		0.8952	0.017	1.77129315	0.8821	187.1
none-narrower:298150009	none-narrower	none	none	True	False		0.5398	0.5398	0.24790767000000008	0.4823	193.9
hard:402355000	hard	H	H	True	False	True	0.994	0.994	4.286000000000007e-05	0.9933	193.2
easy:24867002	easy	E	E	True	False	True	0.4791	0.4791	0.32117081999999997	0.414	193.5
hard:234405009	hard	A	A	True	True	False	0.9669	0.9669	0.0013153600000000013	0.9628	232.0
retrieval-miss:58729003	retrieval-miss	none	none	True	False	True	0.7335	0.7335	0.08597747999999998	0.7001	169.1
gold-removed:16059006	gold-removed	none	none	True	False		0.945	0.945	0.003484650000000006	0.9381	233.9
retrieval-miss:55711009	retrieval-miss	none	C	False	False	True	0.9597	0.0066	1.90816805	0.9547	226.4
easy:42786005	easy	E	E	True	False	True	0.9391	0.9391	0.004692269999999994	0.9315	231.7
none-narrower:29320008	none-narrower	none	none	True	False		0.3879	0.3879	0.43697326999999997	0.3114	193.9
hard:40272001	hard	H	H	True	False	True	0.6695	0.6695	0.15103285000000002	0.6282	176.3
gold-removed:389214003	gold-removed	none	none	True	False		0.8312	0.8312	0.033658239999999985	0.8101	230.2
retrieval-miss:367649002	retrieval-miss	none	none	True	False	True	0.9139	0.9139	0.008578939999999992	0.9032	177.6
gold-removed:92241005	gold-removed	none	G	False	False		0.3531	0.2447	0.72745357	0.2722	184.6
gold-removed:234440005	gold-removed	none	none	True	False		0.518	0.518	0.27658307	0.4578	186.9
easy:1003375005	easy	B	none	False	True	False	0.7717	0.0373	1.53226189	0.7431	194.4
none-narrower:323291000119108	none-narrower	none	H	False	False		0.6733	0.1166	1.24429377	0.6324	184.5
none-narrower:126754006	none-narrower	none	H	False	False		0.6	0.1263	1.1354169600000001	0.55	193.6
easy:699315005	easy	A	A	True	True	True	0.9421	0.9421	0.004024049999999994	0.9349	184.0
easy:3951002	easy	A	A	True	False	True	0.908	0.908	0.009842489999999994	0.8965	160.9
gold-removed:28835009	gold-removed	none	none	True	False		0.6353	0.6353	0.15113176	0.5897	192.8
retrieval-miss:193687000	retrieval-miss	none	D	False	False	True	0.8724	0.0171	1.73065947	0.8565	186.1
easy:233815004	easy	D	D	True	False	True	0.769	0.769	0.06941760999999999	0.7401	177.1
none-narrower:370481004	none-narrower	none	none	True	False		0.796	0.796	0.048759459999999984	0.7705	184.5
none-narrower:109630002	none-narrower	none	none	True	False		0.3725	0.3725	0.53136195	0.2941	185.3
gold-removed:238926009	gold-removed	none	none	True	False		0.5704	0.5704	0.2104223	0.5166	238.6
hard:418763003	hard	B	B	True	True	False	0.9742	0.9742	0.0007600300000000022	0.971	186.3
hard:254771006	hard	H	H	True	True	False	0.9845	0.9845	0.00029268999999999877	0.9826	192.7
easy:254831005	easy	B	B	True	True	False	0.9551	0.9551	0.002356790000000005	0.9495	187.1
hard:371979001	hard	G	G	True	True	True	0.8325	0.8325	0.03492906	0.8116	168.0
hard:60232001	hard	E	E	True	True	False	0.9648	0.9648	0.0015060600000000007	0.9605	193.3
none-narrower:94695009	none-narrower	none	G	False	False		0.3711	0.2668	0.7016468400000001	0.2924	158.4
none-narrower:422061002	none-narrower	none	none	True	False		0.4867	0.4867	0.31753774999999995	0.4225	160.0
retrieval-miss:65038009	retrieval-miss	none	none	True	False	True	0.3128	0.3128	0.54482564	0.2269	153.2
hard:724072002	hard	H	H	True	False	True	0.9503	0.9503	0.0032683999999999964	0.9441	193.6
retrieval-miss:253031000	retrieval-miss	none	A	False	False	True	0.8262	0.0386	1.6127184900000002	0.8044	202.2
easy:711164003	easy	A	A	True	True	False	0.9808	0.9808	0.0004317099999999998	0.9784	229.9
easy:367542003	easy	E	E	True	True	False	0.9699	0.9699	0.001206010000000001	0.9661	198.8
easy:419645003	easy	A	A	True	True	True	0.9822	0.9822	0.00036823000000000134	0.98	193.3
none-narrower:232402006	none-narrower	none	none	True	False		0.3892	0.3892	0.43957836000000006	0.3129	192.3
retrieval-miss:58263000	retrieval-miss	none	none	True	False	True	0.2924	0.2924	0.61523953	0.2039	196.8
hard:230655004	hard	H	H	True	True	False	0.9793	0.9793	0.0005449800000000021	0.9767	159.3
easy:721311006	easy	F	F	True	True	False	0.9386	0.9386	0.004656800000000001	0.9309	198.1
hard:766756002	hard	B	B	True	True	False	0.9745	0.9745	0.0007582399999999984	0.9714	230.8
gold-removed:29248006	gold-removed	none	none	True	False		0.6243	0.6243	0.16093050000000003	0.5773	193.1
easy:82661006	easy	B	B	True	True	False	0.9304	0.9304	0.005990479999999999	0.9217	177.9
easy:10890000	easy	G	G	True	True	False	0.9651	0.9651	0.0015674400000000028	0.9608	193.7
gold-removed:715442006	gold-removed	none	H	False	False		0.8232	0.077	1.532602	0.8011	228.8
none-narrower:109347009	none-narrower	none	A	False	False		0.6091	0.074	1.25345608	0.5602	185.7
easy:92169007	easy	B	B	True	True	True	0.9688	0.9688	0.0011628300000000001	0.9649	183.8
gold-removed:719660008	gold-removed	none	none	True	False		0.8747	0.8747	0.01830091999999999	0.8591	193.7
hard:118615008	hard	C	C	True	False	True	0.9174	0.9174	0.008021190000000001	0.9071	185.4
easy:95211004	easy	A	A	True	False	True	0.9619	0.9619	0.0016769300000000018	0.9572	175.0
hard:404065000	hard	E	E	True	True	False	0.9768	0.9768	0.00068284	0.9739	185.4
retrieval-miss:126550004	retrieval-miss	none	none	True	False	True	0.6136	0.6136	0.17928677999999998	0.5652	201.8
easy:29731002	easy	A	A	True	True	False	0.9662	0.9662	0.0013395200000000033	0.962	185.6
none-narrower:127104002	none-narrower	none	none	True	False		0.7446	0.7446	0.07596315999999997	0.7127	202.4
hard:363425008	hard	B	B	True	True	True	0.8418	0.8418	0.029167140000000005	0.822	192.9
hard:398670003	hard	D	D	True	True	True	0.9495	0.9495	0.0033620799999999995	0.9432	193.2
none-narrower:12011009	none-narrower	none	none	True	False		0.6993	0.6993	0.11015375999999998	0.6617	168.6
easy:274142002	easy	G	F	False	False	True	0.8002	0.0585	1.53261876	0.7752	184.7
hard:763279007	hard	F	F	True	True	True	0.9572	0.9572	0.002605799999999996	0.9519	193.9
retrieval-miss:254782003	retrieval-miss	none	none	True	False	True	0.5231	0.5231	0.26476306	0.4635	201.4
hard:76976005	hard	G	G	True	True	False	0.8878	0.8878	0.019945519999999994	0.8737	173.0
none-narrower:60023006	none-narrower	none	A	False	False		0.4012	0.3065	0.65796162	0.3263	185.6
hard:254976006	hard	B	B	True	True	False	0.8949	0.8949	0.013932009999999995	0.8818	193.2
none-narrower:126726004	none-narrower	none	none	True	False		0.492	0.492	0.30239948	0.4285	202.4
gold-removed:25906001	gold-removed	none	none	True	False		0.5832	0.5832	0.20086879999999996	0.531	177.7
none-narrower:78974003	none-narrower	none	none	True	False		0.7559	0.7559	0.06886563	0.7254	191.6
