item_id	tier	truth	pred	hit	lex_hit	ambiguous	p_top	p_truth	brier	confidence	latency_ms
hard:253006001	hard	A	A	True	True		0.933324409914421	0.933324409914421	0.00527363771103948	0.9249899611537238	0.0
hard:363477002	hard	B	B	True	False		0.8983889830789211	0.8983889830789211	0.014165536784368576	0.8856876059637863	0.0
hard:445187004	hard	A	A	True	True		0.9482700471800369	0.9482700471800369	0.00311069811227282	0.9418038030775415	0.0
easy:274947007	easy	A	A	True	True		0.9490251112403136	0.9490251112403136	0.003089337374930823	0.9426532501453528	0.0
hard:268262006	hard	A	A	True	True		0.9118601193381902	0.9118601193381902	0.010822725050717769	0.9008426342554641	0.0
none-narrower:308123002	none-narrower	none	none	True	False		0.7162281403042892	0.7162281403042892	0.13727085277045095	0.6807566578423253	0.0
easy:415238003	easy	A	A	True	True		0.9515672872260942	0.9515672872260942	0.0027057146639563106	0.9455131981293561	0.0
easy:70272006	easy	A	A	True	True		0.9338468122200263	0.9338468122200263	0.005358181282384539	0.9255776637475296	0.0
easy:422437002	easy	A	A	True	True		0.9439210277496847	0.9439210277496847	0.0037287269345580502	0.9369111562183954	0.0
easy:722117000	easy	A	A	True	True		0.9363540908579392	0.9363540908579392	0.005126426190723071	0.9283983522151817	0.0
hard:254146000	hard	C	A	False	False		0.9067967117598256	0.005729737360148108	1.8148477484577585	0.8951463007298038	0.0
easy:397868007	easy	A	A	True	True		0.9282178671027285	0.9282178671027285	0.00689324890731613	0.9192451004905696	0.0
easy:238735005	easy	A	A	True	True		0.9245732125995797	0.9245732125995797	0.007499964020994505	0.9151448641745272	0.0
easy:722294004	easy	A	A	True	True		0.9228528782045458	0.9228528782045458	0.007425622908075077	0.9132094879801139	0.0
easy:303852004	easy	A	A	True	True		0.9512708899003357	0.9512708899003357	0.002875759068572488	0.9451797511378777	0.0
easy:154283005	easy	A	A	True	True		0.9374210179984496	0.9374210179984496	0.0047828252988123725	0.9295986452482559	0.0
none-narrower:1259580000	none-narrower	none	A	False	False		0.8241819348918874	0.14453990976907585	1.411461989367321	0.8022046767533735	0.0
none-narrower:53933002	none-narrower	none	B	False	False		0.40102711281457326	0.40102711281457326	0.5445086191441617	0.3261555019163949	0.0
hard:237613005	hard	A	A	True	True		0.9511214535975605	0.9511214535975605	0.002893269714096992	0.9450116352972555	0.0
retrieval-miss:26715006	retrieval-miss	none	none	True	False		0.5268706171737294	0.5268706171737294	0.42636163850758757	0.4677294443204456	0.0
easy:717772000	easy	A	A	True	True		0.9537774024633626	0.9537774024633626	0.0025302660261488524	0.9479995777712831	0.0
hard:232016005	hard	A	A	True	True		0.9512087358386427	0.9512087358386427	0.002842313167642882	0.9451098278184731	0.0
none-narrower:1268955002	none-narrower	none	A	False	False		0.9429454202930723	0.021132703403674256	1.8476137951517284	0.9358135978297063	0.0
hard:448227009	hard	A	A	True	True		0.7763856066534349	0.7763856066534349	0.08538532030179051	0.7484338074851142	0.0
hard:698851003	hard	D	D	True	False		0.875245366422806	0.875245366422806	0.022649463125607467	0.8596510372256569	0.0
hard:703388005	hard	A	A	True	True		0.9447826280801088	0.9447826280801088	0.003653686207078156	0.9378804565901224	0.0
easy:720401009	easy	A	A	True	True		0.9452952732352713	0.9452952732352713	0.003663520186053773	0.9384571823896802	0.0
easy:15228007	easy	A	A	True	True		0.9528094966151769	0.9528094966151769	0.002725607786017284	0.9469106836920741	0.0
easy:297232009	easy	A	A	True	True		0.9468447289797288	0.9468447289797288	0.003330594417947299	0.9402003201021949	0.0
easy:230782004	easy	A	A	True	True		0.7954669625083577	0.7954669625083577	0.06906082197675723	0.7699003328219024	0.0
easy:92439006	easy	A	A	True	True		0.9494422968558102	0.9494422968558102	0.003055864418217495	0.9431225839627866	0.0
easy:193839007	easy	A	A	True	True		0.9020461642603117	0.9020461642603117	0.012734574097750428	0.8898019347928506	0.0
easy:197601003	easy	A	A	True	True		0.941776073409243	0.941776073409243	0.004113162149341879	0.9344980825853985	0.0
none-narrower:203245006	none-narrower	none	none	True	False		0.6155003518004	0.6155003518004	0.22839189280647526	0.5674378957754501	0.0
easy:764854006	easy	A	A	True	True		0.95972904564143	0.95972904564143	0.00200556146836553	0.9546951763466087	0.0
none-narrower:1142265002	none-narrower	none	none	True	False		0.6777628239793881	0.6777628239793881	0.17365278360321335	0.6374831769768118	0.0
easy:717360009	easy	A	A	True	True		0.9516788582550272	0.9516788582550272	0.0027842720255514875	0.9456387155369057	0.0
hard:190808009	hard	A	A	True	True		0.9137188365272955	0.9137188365272955	0.00921842226777989	0.9029336910932074	0.0
none-narrower:1177030007	none-narrower	none	A	False	False		0.704946471437342	0.2727553509344768	1.0260944003234136	0.6680647803670099	0.0
retrieval-miss:82639001	retrieval-miss	none	A	False	False		0.9360786055965248	0.0287900108949557	1.8198764049972116	0.9280884312960905	0.0
hard:86489003	hard	A	A	True	True		0.9396415817024433	0.9396415817024433	0.004572656340113255	0.9320967794152487	0.0
hard:448045004	hard	A	A	True	True		0.9607950263676138	0.9607950263676138	0.001814953604933038	0.9558944046635657	0.0
hard:719017003	hard	A	A	True	True		0.9545441980391179	0.9545441980391179	0.0024289330900401783	0.9488622227940078	0.0
easy:722201004	easy	A	A	True	True		0.9503946330245686	0.9503946330245686	0.0030285068539307107	0.9441939621526398	0.0
easy:78267003	easy	A	A	True	True		0.766551893910336	0.766551893910336	0.08225059777021976	0.7373708806491279	0.0
easy:119422004	easy	A	A	True	True		0.8799338279591091	0.8799338279591091	0.01883420911569293	0.8649255564539977	0.0
easy:297238008	easy	A	A	True	True		0.9530847906531655	0.9530847906531655	0.002611277863659405	0.9472203894848114	0.0
none-narrower:1162315003	none-narrower	none	none	True	False		0.6697391921264559	0.6697391921264559	0.15258228946724747	0.6284565911422629	0.0
easy:439732004	easy	A	A	True	True		0.9242107491427246	0.9242107491427246	0.007257291990249844	0.9147370927855653	0.0
hard:275437005	hard	B	B	True	False		0.8671484491213759	0.8671484491213759	0.021921842544457327	0.8505420052615479	0.0
none-narrower:280967004	none-narrower	none	none	True	False		0.7030955139369113	0.7030955139369113	0.1435006662813166	0.6659824531790252	0.0
easy:89141000	easy	A	A	True	True		0.9570030738906383	0.9570030738906383	0.0021598516147515873	0.9516284581269681	0.0
none-narrower:26681001	none-narrower	none	E	False	False		0.605508287598379	0.2744527794717307	0.9043997110624826	0.5561968235481765	0.0
retrieval-miss:265377002	retrieval-miss	none	none	True	False		0.845994972592735	0.845994972592735	0.029214180435623575	0.8267443441668271	0.0
easy:82275008	easy	A	A	True	True		0.9445116690035126	0.9445116690035126	0.0036834108921412834	0.9375756276289517	0.0
hard:46683007	hard	A	A	True	True		0.9316106938839611	0.9316106938839611	0.006076998945351612	0.9230620306194564	0.0
none-narrower:323321000119100	none-narrower	none	A	False	False		0.8337781377354256	0.10655020095918943	1.4952429390333113	0.8130004049523538	0.0
none-narrower:190979003	none-narrower	none	A	False	False		0.9361312697323909	0.013050101606579002	1.850992714766623	0.9281476784489398	0.0
easy:738527001	easy	D	D	True	False		0.9614278869505354	0.9614278869505354	0.0017653872036530926	0.9566063728193525	0.0
easy:724095006	easy	A	A	True	True		0.933863705259756	0.933863705259756	0.005390383535634165	0.9255966684172255	0.0
easy:719009006	easy	A	A	True	True		0.9542339843722658	0.9542339843722658	0.002514428915044265	0.948513232418799	0.0
none-narrower:71799002	none-narrower	none	none	True	False		0.8448290147017806	0.8448290147017806	0.032134095036926824	0.8254326415395034	0.0
none-narrower:17960009	none-narrower	none	none	True	False		0.518160789075973	0.518160789075973	0.38303187386623583	0.45793088771046964	0.0
easy:448709005	easy	A	A	True	True		0.941487323320574	0.941487323320574	0.004130923873306687	0.9341732387356458	0.0
easy:2593002	easy	A	A	True	True		0.9455946406459539	0.9455946406459539	0.0035997603383711905	0.9387939707266981	0.0
none-narrower:197342009	none-narrower	none	A	False	False		0.6750365707510455	0.26118270141337885	1.0037133145203079	0.6344161420949261	0.0
hard:725464001	hard	A	A	True	True		0.9463119401146656	0.9463119401146656	0.00358907410736471	0.9396009326289988	0.0
easy:63302006	easy	A	A	True	True		0.953897197410745	0.953897197410745	0.0025054648880033946	0.9481343470870882	0.0
hard:52868006	hard	A	A	True	True		0.8763644753448777	0.8763644753448777	0.020953143842573987	0.8609100347629876	0.0
easy:448668007	easy	A	A	True	True		0.9396236323766226	0.9396236323766226	0.004721357698013597	0.9320765864237005	0.0
retrieval-miss:254185007	retrieval-miss	none	none	True	False		0.6534633980469308	0.6534633980469308	0.16981430320727486	0.6101463228027972	0.0
hard:70422006	hard	A	A	True	True		0.9347802857066658	0.9347802857066658	0.0055954184413517195	0.926627821419999	0.0
easy:399956005	easy	A	A	True	True		0.9145374938326346	0.9145374938326346	0.009664699081596591	0.903854680561714	0.0
hard:26132002	hard	A	A	True	True		0.9426231375108697	0.9426231375108697	0.0040258975697461275	0.9354510296997285	0.0
none-narrower:234503004	none-narrower	none	H	False	False		0.851383483883872	0.07928081010283801	1.5737484888163897	0.8328064193693561	0.0
easy:109558001	easy	D	D	True	False		0.9500692534065744	0.9500692534065744	0.0029662636187918075	0.9438279100823962	0.0
retrieval-miss:59252009	retrieval-miss	none	A	False	False		0.9317102304303643	0.020880909919660094	1.8279285631309166	0.9231740092341599	0.0
easy:30800001	easy	A	A	True	True		0.9288178066879974	0.9288178066879974	0.0064804885297361555	0.9199200325239972	0.0
retrieval-miss:195029002	retrieval-miss	none	none	True	False		0.6944403225196689	0.6944403225196689	0.1474740967222663	0.6562453628346275	0.0
none-narrower:196754001	none-narrower	none	none	True	False		0.9093525396755741	0.9093525396755741	0.00957188693045736	0.8980216071350209	0.0
easy:238001003	easy	A	A	True	True		0.8377113859284454	0.8377113859284454	0.036616758884085436	0.8174253091695012	0.0
easy:200973000	easy	A	A	True	True		0.9188836764322426	0.9188836764322426	0.008032771350707044	0.9087441359862729	0.0
easy:403946000	easy	A	A	True	True		0.9440966982406616	0.9440966982406616	0.0037891133069565806	0.9371087855207443	0.0
easy:91514001	easy	A	A	True	True		0.9417350176293537	0.9417350176293537	0.0040371605247110825	0.9344518948330229	0.0
none-narrower:95039009	none-narrower	none	none	True	False		0.7278166030974609	0.7278166030974609	0.13222102614078765	0.6937936784846435	0.0
none-narrower:1148523003	none-narrower	none	B	False	False		0.6879608249546533	0.22722197973296024	1.0737747717082233	0.6489559280739851	0.0
easy:720514008	easy	A	A	True	True		0.927149482741874	0.927149482741874	0.006827019474992339	0.9180431680846083	0.0
none-narrower:1254852008	none-narrower	none	B	False	False		0.5667862875331915	0.35255586731990557	0.7456976410509906	0.5126345734748404	0.0
easy:719817002	easy	A	A	True	True		0.9504149101721225	0.9504149101721225	0.0028836272531814074	0.944216773943638	0.0
hard:47903000	hard	A	A	True	True		0.9263358826359956	0.9263358826359956	0.006668898800168064	0.9171278679654952	0.0
hard:24069003	hard	A	A	True	True		0.9424338823312219	0.9424338823312219	0.0038898974223616147	0.9352381176226247	0.0
hard:742876007	hard	A	A	True	True		0.9433580310892111	0.9433580310892111	0.003909910847179251	0.9362777849753625	0.0
easy:363495004	easy	A	A	True	True		0.8712635151129293	0.8712635151129293	0.021282040988623484	0.8551714545020455	0.0
easy:55031000	easy	A	A	True	True		0.9418935156663071	0.9418935156663071	0.004100418408988898	0.9346302051245955	0.0
easy:11380006	easy	A	A	True	True		0.8903781806063774	0.8903781806063774	0.019052604969411906	0.8766754531821747	0.0
hard:126835002	hard	A	A	True	True		0.7216377195940435	0.7216377195940435	0.13524160399273544	0.686842434543299	0.0
hard:86133004	hard	A	A	True	True		0.9468644267373819	0.9468644267373819	0.0033658001836897157	0.9402224800795548	0.0
easy:61565001	easy	A	A	True	True		0.9532086202321345	0.9532086202321345	0.0026227074603552623	0.9473596977611514	0.0
easy:271432005	easy	A	A	True	True		0.946843164065193	0.946843164065193	0.003362038460122348	0.9401985595733422	0.0
hard:699866005	hard	A	A	True	True		0.9126097813593618	0.9126097813593618	0.009947575518652746	0.9016860040292821	0.0
hard:363391009	hard	A	A	True	True		0.9386819323404296	0.9386819323404296	0.004519588990408701	0.9310171738829833	0.0
none-narrower:431856006	none-narrower	none	none	True	False		0.7623153486332125	0.7623153486332125	0.0785254382609755	0.7326047672123641	0.0
hard:230724001	hard	A	none	False	True		0.6308839057291228	0.12961184484155963	1.199394948710676	0.5847443939452632	0.0
easy:5217008	easy	A	A	True	True		0.9285708337848511	0.9285708337848511	0.0062309873294194755	0.9196421880079574	0.0
none-narrower:240499000	none-narrower	none	H	False	False		0.5503002749648362	0.4009948598019498	0.6623857094433816	0.49408780933544083	0.0
hard:72925005	hard	D	D	True	False		0.5455243888416141	0.5455243888416141	0.3660492314116697	0.48871493744681593	0.0
hard:110979008	hard	A	A	True	True		0.9415391606287364	0.9415391606287364	0.00412949233922282	0.9342315557073285	0.0
none-narrower:311000119101	none-narrower	none	none	True	False		0.81918030984351	0.81918030984351	0.05373451263728614	0.7965778485739488	0.0
none-narrower:773774000	none-narrower	none	A	False	False		0.9551720700037523	0.013315537040688491	1.886083578449869	0.9495685787542213	0.0
none-narrower:302909007	none-narrower	none	A	False	False		0.5870030428440739	0.31168682640288137	0.8222578048079965	0.5353784231995832	0.0
easy:230228004	easy	A	A	True	True		0.9488414564889482	0.9488414564889482	0.00315346757461836	0.9424466385500667	0.0
hard:700056005	hard	A	A	True	True		0.9180892582896485	0.9180892582896485	0.008374408428750663	0.9078504155758546	0.0
hard:414783007	hard	A	A	True	True		0.9427963591520274	0.9427963591520274	0.003957490605283262	0.9356459040460309	0.0
hard:724282009	hard	A	A	True	True		0.9421293694210633	0.9421293694210633	0.004183594745595124	0.9348955405986962	0.0
easy:363394001	easy	A	A	True	True		0.9309306921881565	0.9309306921881565	0.005616629626498903	0.9222970287116762	0.0
none-narrower:95753002	none-narrower	none	A	False	False		0.6310391511285747	0.3350691025935332	0.8407058704546253	0.5849190450196465	0.0
none-narrower:43100002	none-narrower	none	none	True	False		0.6841044840911144	0.6841044840911144	0.14048719369516877	0.6446175446025036	0.0
easy:72621003	easy	A	A	True	True		0.9411282341616783	0.9411282341616783	0.004326309557797605	0.9337692634318883	0.0
easy:302226006	easy	F	F	True	False		0.9505406158061609	0.9505406158061609	0.0029648122450583484	0.944358192781931	0.0
hard:236740006	hard	B	B	True	False		0.9542502696846431	0.9542502696846431	0.002537502361172507	0.9485315533952234	0.0
none-narrower:12203991000119100	none-narrower	none	none	True	False		0.6083106250028913	0.6083106250028913	0.29663963314781333	0.5593494531282528	0.0
hard:48718006	hard	A	A	True	True		0.8523710214864063	0.8523710214864063	0.03410396174368133	0.8339173991722072	0.0
hard:414545008	hard	A	A	True	True		0.9026694687048816	0.9026694687048816	0.012631184217245617	0.8905031522929919	0.0
retrieval-miss:312912001	retrieval-miss	none	C	False	False		0.44146469713142034	0.44146469713142034	0.5123959151113401	0.3716477842728479	0.0
easy:177504007	easy	A	A	True	True		0.9440168489088151	0.9440168489088151	0.003925904963642118	0.937018955022417	0.0
none-narrower:32130001000004108	none-narrower	none	H	False	False		0.6967324706117367	0.03444981952544323	1.471128976206776	0.658824029438204	0.0
hard:698247007	hard	A	A	True	True		0.9097608060728389	0.9097608060728389	0.011206375012202018	0.8984809068319439	0.0
easy:7847004	easy	A	A	True	True		0.9303199372969229	0.9303199372969229	0.005751298074665744	0.9216099294590382	0.0
hard:725591002	hard	A	A	True	True		0.9421611232689103	0.9421611232689103	0.004004467210558354	0.9349312636775242	0.0
none-narrower:312601003	none-narrower	none	A	False	False		0.7612296944672003	0.21462082487844833	1.1964159552169045	0.7313834062756004	0.0
none-narrower:682421000119104	none-narrower	none	none	True	False		0.7135871021482034	0.7135871021482034	0.11924032884533864	0.6777854899167288	0.0
hard:186499007	hard	A	A	True	True		0.9530246487125715	0.9530246487125715	0.0026375191390525764	0.947152729801643	0.0
hard:699189004	hard	A	A	True	True		0.9406022525677478	0.9406022525677478	0.004535513772979681	0.9331775341387162	0.0
hard:3577000	hard	A	A	True	True		0.9370246474585165	0.9370246474585165	0.004905381095414735	0.9291527283908312	0.0
none-narrower:700346002	none-narrower	none	A	False	False		0.8684254373713992	0.09473397807373585	1.5740743789719926	0.8519786170428242	0.0
none-narrower:92901000087104	none-narrower	none	none	True	False		0.7051089192463761	0.7051089192463761	0.11021854283307458	0.6682475341521732	0.0
hard:91978004	hard	A	A	True	True		0.9355402745116674	0.9355402745116674	0.004955875877916102	0.9274828088256258	0.0
none-narrower:1255207005	none-narrower	none	A	False	False		0.8808489209535474	0.08202462189423623	1.6188901639446156	0.8659550360727409	0.0
easy:703267003	easy	A	A	True	True		0.9505562131513361	0.9505562131513361	0.0028981214292443398	0.9443757397952531	0.0
hard:765487008	hard	A	A	True	True		0.9426778220549915	0.9426778220549915	0.003913706908989116	0.9355125498118656	0.0
retrieval-miss:445918001	retrieval-miss	none	none	True	False		0.9096322329699026	0.9096322329699026	0.010541134716668643	0.8983362620911405	0.0
none-narrower:235608007	none-narrower	none	A	False	False		0.5131866911878992	0.2724918170904364	0.832192116480166	0.4523350275863866	0.0
hard:68566005	hard	D	D	True	False		0.6697019633410111	0.6697019633410111	0.17852862433191385	0.6284147087586375	0.0
easy:239065004	easy	C	C	True	False		0.9382670333719169	0.9382670333719169	0.0048580179055238495	0.9305504125434065	0.0
retrieval-miss:238020001	retrieval-miss	none	none	True	False		0.7744295460308777	0.7744295460308777	0.07784186609792028	0.7462332392847374	0.0
none-narrower:15735161000119106	none-narrower	none	A	False	False		0.698169568934094	0.27013325209864103	1.0204067993501211	0.6604407650508558	0.0
easy:702448007	easy	A	A	True	True		0.9402774452766864	0.9402774452766864	0.004294114821790153	0.9328121259362723	0.0
none-narrower:704059008	none-narrower	none	A	False	False		0.7059488651100165	0.2731431889423536	1.026882429153292	0.6691924732487686	0.0
easy:87211000119104	easy	A	A	True	True		0.9528720418793887	0.9528720418793887	0.002605462260076859	0.9469810471143124	0.0
hard:371582002	hard	D	D	True	False		0.9032581123527325	0.9032581123527325	0.012350878596062938	0.8911653763968241	0.0
none-narrower:8445003	none-narrower	none	A	False	False		0.6629651798759435	0.3004957046025635	0.929233092757604	0.6208358273604364	0.0
hard:48868008	hard	A	A	True	True		0.9392308961834714	0.9392308961834714	0.004547885098208042	0.9316347582064054	0.0
easy:403803002	easy	A	A	True	True		0.9333198665500181	0.9333198665500181	0.005750955813801913	0.9249848498687705	0.0
easy:254950006	easy	A	A	True	True		0.9477781911590522	0.9477781911590522	0.0032808851015564988	0.9412504650539336	0.0
easy:302829009	easy	A	A	True	True		0.9288898316005972	0.9288898316005972	0.0060113190606125525	0.920001060550672	0.0
hard:35728003	hard	A	A	True	True		0.8922868052063915	0.8922868052063915	0.018663160921451986	0.8788226558571904	0.0
easy:93468003	easy	A	A	True	True		0.9025041848321195	0.9025041848321195	0.013615382293646103	0.8903172079361346	0.0
hard:33793000	hard	A	A	True	True		0.9576968180690495	0.9576968180690495	0.0021296135016712616	0.9524089203276807	0.0
easy:76047005	easy	A	A	True	True		0.948826583995643	0.948826583995643	0.0031498466169856344	0.9424299069950985	0.0
none-narrower:188289008	none-narrower	none	none	True	False		0.6396071058689413	0.6396071058689413	0.24538815950913567	0.594557994102559	0.0
hard:720501007	hard	A	A	True	True		0.9514700469615662	0.9514700469615662	0.0027902365963697147	0.945403802831762	0.0
easy:197480006	easy	A	A	True	True		0.9143916948310455	0.9143916948310455	0.009219765633718955	0.9036906566849262	0.0
hard:237965005	hard	A	none	False	True		0.8842386434244305	0.06000001976857118	1.6662227073178664	0.8697684738524842	0.0
hard:11010461000119101	hard	A	A	True	True		0.6042211075776575	0.6042211075776575	0.2403273944040404	0.5547487460248647	0.0
hard:50658006	hard	A	A	True	True		0.6059292540329698	0.6059292540329698	0.29745794587732044	0.5566704107870911	0.0
hard:717632002	hard	A	A	True	True		0.9363646972442171	0.9363646972442171	0.00495278317140253	0.9284102843997444	0.0
hard:237706000	hard	A	A	True	True		0.9479796573471606	0.9479796573471606	0.003292572606563168	0.9414771145155557	0.0
easy:716647001	easy	A	A	True	True		0.6662178442154396	0.6662178442154396	0.18026314512806463	0.6244950747423695	0.0
none-narrower:121131000119109	none-narrower	none	C	False	False		0.9306586894759771	0.028623308959548954	1.8100929399616583	0.9219910256604743	0.0
easy:204552001	easy	A	A	True	True		0.9474173463007848	0.9474173463007848	0.003255811044256193	0.940844514588383	0.0
easy:197442005	easy	A	A	True	True		0.9369088541535651	0.9369088541535651	0.004881937033353043	0.9290224609227606	0.0
easy:186973005	easy	A	A	True	True		0.938417688545797	0.938417688545797	0.004604598730924062	0.9307198996140217	0.0
hard:73843004	hard	A	A	True	True		0.9429706938481082	0.9429706938481082	0.0038284141189878834	0.9358420305791216	0.0
none-narrower:16026631000119103	none-narrower	none	none	True	False		0.4661672391648055	0.4661672391648055	0.4135696749970658	0.39943814406040623	0.0
hard:721629005	hard	A	A	True	True		0.9340431483614462	0.9340431483614462	0.005458997841597784	0.9257985419066269	0.0
hard:720954000	hard	A	A	True	True		0.9555359908228885	0.9555359908228885	0.0023286073170884366	0.9499779896757498	0.0
easy:45650007	easy	A	A	True	True		0.9347614847282987	0.9347614847282987	0.0053073050308523485	0.9266066703193361	0.0
none-narrower:309760004	none-narrower	none	none	True	False		0.6675225359143367	0.6675225359143367	0.17826968874694332	0.625962852903629	0.0
none-narrower:551621000124109	none-narrower	none	none	True	False		0.5280495701870402	0.5280495701870402	0.3318681634555305	0.4690557664604203	0.0
hard:3752003	hard	A	A	True	True		0.9524200587596549	0.9524200587596549	0.0026273786191079672	0.9464725661046118	0.0
easy:718717004	easy	A	A	True	True		0.9508878264218903	0.9508878264218903	0.0030041108091112003	0.9447488047246265	0.0
easy:420120006	easy	A	A	True	True		0.9512397319677663	0.9512397319677663	0.002783569826624108	0.9451446984637372	0.0
hard:716008002	hard	A	A	True	True		0.9551203854654767	0.9551203854654767	0.0024330286140237427	0.9495104336486614	0.0
hard:92060009	hard	A	A	True	True		0.9427607579257938	0.9427607579257938	0.003951904338137388	0.9356058526665182	0.0
none-narrower:353921000119103	none-narrower	none	A	False	False		0.47109721961654366	0.47109721961654366	0.5028700980764623	0.40498437206861165	0.0
none-narrower:719860006	none-narrower	none	C	False	False		0.6985692352844017	0.23072575378178795	1.0821422805588914	0.660890389694952	0.0
hard:725390002	hard	A	A	True	True		0.9292691342627561	0.9292691342627561	0.006554046974587241	0.9204277760456007	0.0
retrieval-miss:73123008	retrieval-miss	none	none	True	False		0.38253497457488606	0.38253497457488606	0.5656286012036774	0.30535184639674684	0.0
none-narrower:61048000	none-narrower	none	none	True	False		0.6305672738028977	0.6305672738028977	0.1907578239046345	0.58438818302826	0.0
easy:68409003	easy	C	C	True	False		0.8242023030421595	0.8242023030421595	0.045208701287816795	0.8022275909224293	0.0
hard:719574007	hard	A	A	True	True		0.9517623991212355	0.9517623991212355	0.0026809236592624888	0.94573269901139	0.0
easy:230500006	easy	A	A	True	True		0.9400932143294068	0.9400932143294068	0.004463473238778712	0.9326048661205828	0.0
hard:23412002	hard	A	A	True	True		0.940587425280223	0.940587425280223	0.004228133136549946	0.933160853440251	0.0
none-narrower:191692007	none-narrower	none	A	False	False		0.7857322736776936	0.18910381583226774	1.2751236683416827	0.7589488078874054	0.0
easy:763739002	easy	A	A	True	True		0.9515087657578496	0.9515087657578496	0.0028175577488589315	0.9454473614775808	0.0
none-narrower:721166000	none-narrower	none	none	True	False		0.5936376530751802	0.5936376530751802	0.24559122129022715	0.5428423597095778	0.0
easy:17585008	easy	A	A	True	True		0.9566953837108003	0.9566953837108003	0.0022814716081796895	0.9512823066746503	0.0
easy:92039003	easy	A	A	True	True		0.9392716904338841	0.9392716904338841	0.004535662423474913	0.9316806517381198	0.0
hard:709416009	hard	A	A	True	True		0.9403865152236076	0.9403865152236076	0.004246750760817176	0.9329348296265587	0.0
easy:715752006	easy	A	A	True	True		0.9494528460004829	0.9494528460004829	0.002982945640324408	0.9431344517505433	0.0
hard:702442008	hard	A	A	True	True		0.9525570320560115	0.9525570320560115	0.0027023949472664965	0.946626661063013	0.0
none-narrower:1231727005	none-narrower	none	none	True	False		0.5509708516076197	0.5509708516076197	0.2968839174550706	0.4948422080585722	0.0
easy:48553001	easy	A	A	True	True		0.9391861311044322	0.9391861311044322	0.004689763112099429	0.9315843974924863	0.0
hard:763774001	hard	A	A	True	True		0.9555760202902587	0.9555760202902587	0.0023287375391628923	0.9500230228265412	0.0
easy:765485000	easy	A	A	True	True		0.9516363000486329	0.9516363000486329	0.002768359308084803	0.9455908375547121	0.0
hard:28987007	hard	A	A	True	True		0.9324465608872636	0.9324465608872636	0.0054129985500616	0.9240023809981716	0.0
hard:233858000	hard	A	A	True	True		0.9452671757840313	0.9452671757840313	0.0035660926215236896	0.9384255727570353	0.0
easy:702375004	easy	A	A	True	True		0.9437061097524135	0.9437061097524135	0.0038882676087529456	0.9366693734714652	0.0
hard:194350005	hard	A	A	True	True		0.9347960744330182	0.9347960744330182	0.005072779635526938	0.9266455837371455	0.0
easy:91955005	easy	A	A	True	True		0.9475502817057282	0.9475502817057282	0.0032457695729992686	0.9409940669189442	0.0
hard:126971002	hard	A	A	True	True		0.8929989077445719	0.8929989077445719	0.015640054450871438	0.8796237712126433	0.0
none-narrower:773700005	none-narrower	none	A	False	False		0.9508809804946579	0.018191318590493676	1.8682860007177484	0.9447411030564901	0.0
easy:126834003	easy	A	A	True	True		0.8183796775115441	0.8183796775115441	0.05412183447175145	0.7956771372004872	0.0
easy:766937004	easy	A	A	True	True		0.9512020885938227	0.9512020885938227	0.002833500409719209	0.9451023496680506	0.0
hard:719268008	hard	A	A	True	True		0.952286655854881	0.952286655854881	0.002787401800607852	0.9463224878367411	0.0
easy:6121001	easy	A	B	False	True		0.5906319655566922	0.36738848726195783	0.7502280265454548	0.5394609612512787	0.0
easy:13706005	easy	A	A	True	True		0.9163744481222444	0.9163744481222444	0.00864699142647075	0.905921254137525	0.0
hard:109475005	hard	A	A	True	True		0.8173932500197169	0.8173932500197169	0.04920960275172888	0.7945674062721816	0.0
hard:190953007	hard	A	A	True	True		0.9530161178826198	0.9530161178826198	0.002723553165614635	0.9471431326179472	0.0
hard:126880001	hard	A	A	True	True		0.9273190958542937	0.9273190958542937	0.007095439642815111	0.9182339828360806	0.0
easy:271569006	easy	A	A	True	True		0.9326846503526456	0.9326846503526456	0.005419321057332635	0.9242702316467263	0.0
easy:92756002	easy	A	A	True	True		0.9402052250756607	0.9402052250756607	0.004497890475225814	0.9327308782101184	0.0
none-narrower:191508007	none-narrower	none	none	True	False		0.5523778774443796	0.5523778774443796	0.3631457394085261	0.49642511212492707	0.0
hard:57406009	hard	A	A	True	True		0.9305851283268344	0.9305851283268344	0.005809031920351523	0.9219082693676888	0.0
none-narrower:1351962002	none-narrower	none	B	False	False		0.7989836514660864	0.0245735186425262	1.6168209230729946	0.7738566078993472	0.0
easy:47673003	easy	A	A	True	True		0.9289822356044654	0.9289822356044654	0.0063866584508938526	0.9201050150550236	0.0
easy:279081001	easy	A	B	False	True		0.499167913235033	0.4261045767120214	0.5826198036935086	0.4365639023894122	0.0
retrieval-miss:91390005	retrieval-miss	none	F	False	False		0.5931956402321573	0.3689831527652267	0.7505943962597663	0.542345095261177	0.0
hard:85478004	hard	A	A	True	True		0.7796149031218625	0.7796149031218625	0.06949984034712231	0.7520667660120954	0.0
hard:723622007	hard	A	A	True	True		0.9295542388225636	0.9295542388225636	0.006049345569248223	0.9207485186753842	0.0
none-narrower:251160002	none-narrower	none	A	False	False		0.6397758328537059	0.33970817167101786	0.8454630431253247	0.5947478119604193	0.0
easy:71638002	easy	A	A	True	True		0.9461530307098885	0.9461530307098885	0.0034794363021187495	0.9394221595486247	0.0
easy:715866009	easy	A	A	True	True		0.9469567707127414	0.9469567707127414	0.0033093158464125322	0.9403263670518343	0.0
easy:236302005	easy	A	A	True	True		0.9545120322200741	0.9545120322200741	0.00245479857958612	0.9488260362475834	0.0
none-narrower:191519005	none-narrower	none	D	False	False		0.5998559771371897	0.31851148081507774	0.8257613250067464	0.5498379742793384	0.0
none-narrower:770679002	none-narrower	none	B	False	False		0.9657233897601565	0.00837410465035472	1.9160590170003844	0.961438813480176	0.0
hard:254666005	hard	A	A	True	True		0.8536426015068987	0.8536426015068987	0.03082270400082272	0.835347926695261	0.0
hard:724064004	hard	A	A	True	True		0.9478620921034221	0.9478620921034221	0.0032665528196082873	0.94134485361635	0.0
easy:254627002	easy	A	A	True	True		0.9561750385482017	0.9561750385482017	0.002285507220558498	0.950696918366727	0.0
hard:717044000	hard	A	A	True	True		0.9106685651040256	0.9106685651040256	0.010203731216107022	0.8995021357420288	0.0
none-narrower:253204009	none-narrower	none	none	True	False		0.579499524655789	0.579499524655789	0.30895036122724606	0.5269369652377627	0.0
easy:72262000	easy	A	A	True	True		0.7877239060498042	0.7877239060498042	0.0627639839867145	0.7611893943060297	0.0
hard:378007	hard	A	A	True	True		0.9336262119615282	0.9336262119615282	0.0057036925892273655	0.9253294884567191	0.0
hard:445738007	hard	B	B	True	False		0.807255720191854	0.807255720191854	0.05882411682632547	0.7831626852158358	0.0
hard:43339004	hard	A	A	True	True		0.7428239090842763	0.7428239090842763	0.11082122390855417	0.7106768977198108	0.0
easy:428850001	easy	A	A	True	True		0.9482975446680677	0.9482975446680677	0.0031751151797554623	0.9418347377515761	0.0
hard:363414004	hard	B	B	True	False		0.7906865150472868	0.7906865150472868	0.070996359772363	0.7645223294281976	0.0
easy:71912000	easy	A	A	True	True		0.9333684369257554	0.9333684369257554	0.005284981928425216	0.925039491541475	0.0
none-narrower:700458001	none-narrower	none	none	True	False		0.5266337675393937	0.5266337675393937	0.42638155589622173	0.467462988481818	0.0
hard:19943007	hard	A	A	True	True		0.9146402242349276	0.9146402242349276	0.009756982351390454	0.9039702522642936	0.0
hard:717941005	hard	A	A	True	True		0.9480465138167923	0.9480465138167923	0.0032521081434006703	0.9415523280438914	0.0
easy:70572005	easy	A	A	True	True		0.9252080251514255	0.9252080251514255	0.007412883873925514	0.9158590282953538	0.0
easy:57203004	easy	A	A	True	True		0.7921208822016574	0.7921208822016574	0.07027404201422749	0.7661359924768646	0.0
none-narrower:448776002	none-narrower	none	none	True	False		0.5177566855414851	0.5177566855414851	0.3831894382303096	0.4574762712341708	0.0
hard:719836007	hard	A	A	True	True		0.9265785784181593	0.9265785784181593	0.007275937693549243	0.9174009007204291	0.0
easy:275481002	easy	A	A	True	True		0.9047136064113519	0.9047136064113519	0.01165847935781806	0.8928028072127708	0.0
easy:766981007	easy	A	A	True	True		0.9551192758168642	0.9551192758168642	0.0024102163816343064	0.9495091852939723	0.0
easy:126790004	easy	A	A	True	True		0.8866311929016245	0.8866311929016245	0.01704027284026171	0.8724600920143277	0.0
none-narrower:202941002	none-narrower	none	C	False	False		0.9263572651458102	0.03337632040804707	1.793014467045049	0.9171519232890366	0.0
hard:91273001	hard	A	A	True	True		0.9276289995573017	0.9276289995573017	0.006449777491523369	0.9185826245019644	0.0
none-narrower:771515001	none-narrower	none	A	False	False		0.9491134034914509	0.0132310771755737	1.874784706391131	0.9427525789278823	0.0
hard:726345000	hard	A	A	True	True		0.7548864339071217	0.7548864339071217	0.0943756779674853	0.724247238145512	0.0
hard:26111005	hard	A	A	True	True		0.9191641758703506	0.9191641758703506	0.00821660488586956	0.9090596978541444	0.0
none-narrower:703223000	none-narrower	none	A	False	False		0.7283362591504763	0.24055733917165886	1.1074991076739882	0.6943782915442858	0.0
easy:254778000	easy	A	A	True	True		0.9469244732232854	0.9469244732232854	0.003368264774167836	0.9402900323761962	0.0
easy:9740002	easy	A	A	True	True		0.9418035947763633	0.9418035947763633	0.004245768813786103	0.9345290441234089	0.0
easy:59655002	easy	A	A	True	True		0.9288680337011025	0.9288680337011025	0.006675705026576698	0.9199765379137405	0.0
easy:405501007	easy	A	A	True	True		0.9345683609075695	0.9345683609075695	0.005375527989134382	0.9263894060210156	0.0
hard:763128009	hard	A	A	True	True		0.9576800157154084	0.9576800157154084	0.002155915735198542	0.9523900176798344	0.0
hard:363443007	hard	A	A	True	True		0.9492074785660258	0.9492074785660258	0.0029972451197719826	0.942858413386779	0.0
hard:28488007	hard	A	A	True	True		0.9492533296606857	0.9492533296606857	0.0030123301460184535	0.9429099958682715	0.0
easy:764994007	easy	A	A	True	True		0.9423042840423622	0.9423042840423622	0.004151512902181305	0.9350923195476576	0.0
easy:733518000	easy	A	A	True	True		0.9478817113069465	0.9478817113069465	0.003234786509290696	0.941366925220315	0.0
easy:720955004	easy	A	A	True	True		0.940024274165478	0.940024274165478	0.004260541535879008	0.9325273084361628	0.0
easy:44697002	easy	A	A	True	True		0.9499846050826222	0.9499846050826222	0.0030662550439358	0.9437326807179499	0.0
hard:278991002	hard	B	A	False	False		0.446433773299455	0.3253090051273244	0.6958270418060128	0.3772379949618869	0.0
none-narrower:203343001	none-narrower	none	H	False	False		0.5112371381404932	0.2317234736094901	0.9056611224195203	0.4501417804080549	0.0
easy:10082001	easy	A	A	True	True		0.9463991551398597	0.9463991551398597	0.0033975714665697462	0.9396990495323423	0.0
easy:63246000	easy	A	A	True	True		0.9512152647495993	0.9512152647495993	0.002816829183232994	0.9451171728432992	0.0
hard:404055006	hard	A	A	True	True		0.9363909495922648	0.9363909495922648	0.004916536606971687	0.928439818291298	0.0
hard:156410002	hard	A	A	True	True		0.9386387832625357	0.9386387832625357	0.00456122165502903	0.9309686311703528	0.0
hard:267534000	hard	A	A	True	True		0.9124859830396369	0.9124859830396369	0.009192534735405855	0.9015467309195916	0.0
easy:24326000	easy	A	A	True	True		0.9496531152387323	0.9496531152387323	0.0029791190725106716	0.9433597546435739	0.0
easy:71464000	easy	A	A	True	True		0.9496666334490009	0.9496666334490009	0.003131282783644305	0.943374962630126	0.0
hard:404808000	hard	A	A	True	True		0.9472243098598365	0.9472243098598365	0.0032839987542631946	0.9406273485923161	0.0
hard:423673009	hard	A	A	True	True		0.9405052232665154	0.9405052232665154	0.004399847457114121	0.9330683761748298	0.0
hard:402296004	hard	A	A	True	True		0.9580129002908386	0.9580129002908386	0.0020649138290926633	0.9527645128271934	0.0
hard:84759007	hard	A	A	True	True		0.9455719225036789	0.9455719225036789	0.0035640885884771134	0.9387684128166388	0.0
none-narrower:10754961000119101	none-narrower	none	B	False	False		0.5756138826357751	0.3580468614179304	0.7463780972936613	0.522565617965247	0.0
easy:89454001	easy	A	none	False	True		0.5115166057335062	0.37273378477756264	0.6604808972118759	0.4504561814501945	0.0
hard:721883006	hard	A	A	True	True		0.951534031760896	0.951534031760896	0.0028022984945491	0.945475785731008	0.0
hard:7522008	hard	A	A	True	True		0.9392091259942517	0.9392091259942517	0.004510548195423812	0.9316102667435331	0.0
none-narrower:235659008	none-narrower	none	none	True	False		0.7127367337228135	0.7127367337228135	0.12632969241494435	0.6768288254381654	0.0
hard:722375007	hard	A	A	True	True		0.9513198981011307	0.9513198981011307	0.0028630906556841003	0.9452348853637722	0.0
hard:124220008	hard	C	C	True	False		0.9571202893614247	0.9571202893614247	0.0021895953804356235	0.9517603255316028	0.0
easy:237705001	easy	A	A	True	True		0.9440070366958891	0.9440070366958891	0.0038083498037247638	0.9370079162828754	0.0
hard:234584007	hard	A	A	True	True		0.9523588280682844	0.9523588280682844	0.0027473881788276674	0.94640368157682	0.0
none-narrower:57185003	none-narrower	none	F	False	False		0.4033820638308016	0.25091412241810074	0.7919467037406165	0.3288048218096518	0.0
none-narrower:389160009	none-narrower	none	A	False	False		0.5467414506292748	0.3984015630230991	0.6615413958305318	0.4900841319579342	0.0
hard:233919006	hard	A	A	True	True		0.8938663241934448	0.8938663241934448	0.015597529919288484	0.8805996147176254	0.0
easy:197660000	easy	A	A	True	True		0.9524098227006333	0.9524098227006333	0.002674816485954062	0.9464610505382126	0.0
none-narrower:764092008	none-narrower	none	none	True	False		0.4196130554706442	0.4196130554706442	0.49853152993587996	0.34706468740447477	0.0
hard:707310009	hard	A	A	True	True		0.9044650216468582	0.9044650216468582	0.012249789525759785	0.8925231493527154	0.0
easy:447292006	easy	A	A	True	True		0.9427704689232468	0.9427704689232468	0.003880449360768584	0.9356167775386526	0.0
none-narrower:127045008	none-narrower	none	none	True	False		0.5344537979742048	0.5344537979742048	0.3707559790763434	0.4762605227209804	0.0
easy:764989007	easy	A	A	True	True		0.959507573928108	0.959507573928108	0.0019385240596251564	0.9544460206691215	0.0
hard:723406000	hard	A	A	True	True		0.9577950351603415	0.9577950351603415	0.0021073537468011124	0.9525194145553841	0.0
hard:111196000	hard	A	A	True	True		0.9427902430861334	0.9427902430861334	0.003917664385904355	0.9356390234719001	0.0
easy:763794005	easy	A	A	True	True		0.9540533376773355	0.9540533376773355	0.0024700794551088894	0.9483100048870023	0.0
retrieval-miss:64852002	retrieval-miss	none	none	True	False		0.8609447704994959	0.8609447704994959	0.026713796532519284	0.8435628668119329	0.0
easy:717761005	easy	A	A	True	True		0.959155437618148	0.959155437618148	0.002001521968095185	0.9540498673204166	0.0
easy:448670003	easy	A	A	True	True		0.940371370539069	0.940371370539069	0.004193286502547333	0.9329177918564526	0.0
hard:25904003	hard	A	A	True	True		0.9126261166028183	0.9126261166028183	0.009330412503766736	0.9017043811781708	0.0
hard:45369008	hard	A	A	True	True		0.9095612645971296	0.9095612645971296	0.01081369749423331	0.8982564226717707	0.0
easy:189099001	easy	A	A	True	True		0.9023339726661874	0.9023339726661874	0.011750913164542055	0.8901257192494608	0.0
hard:1779005	hard	A	A	True	True		0.946016648191397	0.946016648191397	0.003458001595849424	0.9392687292153216	0.0
hard:870313002	hard	A	A	True	True		0.9424421080587285	0.9424421080587285	0.003920143249083496	0.9352473715660697	0.0
easy:363378008	easy	B	B	True	False		0.8256538823897527	0.8256538823897527	0.039437972577584426	0.8038606176884718	0.0
easy:399903008	easy	A	A	True	True		0.9419169448106691	0.9419169448106691	0.004219133995696705	0.9346565629120028	0.0
none-narrower:699785004	none-narrower	none	H	False	False		0.749065594149104	0.2111912752752878	1.1837551576239427	0.717698793417742	0.0
easy:253231007	easy	A	A	True	True		0.9313850208187882	0.9313850208187882	0.005705448006412741	0.9228081484211367	0.0
easy:719171005	easy	A	A	True	True		0.9539565918898204	0.9539565918898204	0.0025126789012370108	0.9482011658760481	0.0
hard:442292004	hard	A	A	True	True		0.9486500756943079	0.9486500756943079	0.003121872662777355	0.9422313351560964	0.0
none-narrower:1373832001	none-narrower	none	C	False	False		0.5789743767676594	0.30742373859445077	0.8252396241667024	0.5263461738636168	0.0
easy:36188001	easy	A	A	True	True		0.949281540198228	0.949281540198228	0.0031860150821370224	0.9429417327230064	0.0
easy:206292002	easy	A	A	True	True		0.9463710977268163	0.9463710977268163	0.003335367447173044	0.9396674849426683	0.0
easy:238627002	easy	A	A	True	True		0.9305608088751921	0.9305608088751921	0.005810531601471448	0.9218809099845913	0.0
easy:27059002	easy	H	H	True	False		0.9302594627873336	0.9302594627873336	0.0060334247924778315	0.9215418956357504	0.0
none-narrower:783155007	none-narrower	none	B	False	False		0.9153344757384199	0.020513904270382726	1.7982294358309885	0.9047512852057223	0.0
retrieval-miss:28724005	retrieval-miss	none	none	True	False		0.8961454998443559	0.8961454998443559	0.01279789324626733	0.8831636873249004	0.0
easy:725078006	easy	A	A	True	True		0.9468133158905375	0.9468133158905375	0.0034540024701858476	0.9401649803768548	0.0
easy:718574003	easy	A	A	True	True		0.9527404651102424	0.9527404651102424	0.0026830010186746187	0.9468330232490227	0.0
none-narrower:240657005	none-narrower	none	H	False	False		0.49605018744341567	0.2633926596189585	0.817270787901805	0.43305646087384264	0.0
hard:11282001	hard	A	A	True	True		0.9086320752008697	0.9086320752008697	0.010985948415607755	0.8972110846009785	0.0
hard:7379000	hard	A	A	True	True		0.9464234707184749	0.9464234707184749	0.0033575170219157825	0.9397264045582843	0.0
hard:84193000	hard	A	A	True	True		0.8622384406536345	0.8622384406536345	0.03130887766771196	0.8450182457353388	0.0
hard:126963001	hard	A	A	True	True		0.8945579511982337	0.8945579511982337	0.014288442450629036	0.881377695098013	0.0
hard:373604002	hard	A	A	True	True		0.9389241607102962	0.9389241607102962	0.004465183883269132	0.9312896807990833	0.0
easy:363473003	easy	A	A	True	True		0.9168493555170492	0.9168493555170492	0.00852890152373761	0.9064555249566802	0.0
none-narrower:87181002	none-narrower	none	A	False	False		0.9029619931639531	0.061270476576971905	1.696859970299068	0.8908322423094474	0.0
none-narrower:414927004	none-narrower	none	none	True	False		0.5371100803365616	0.5371100803365616	0.3696720272399376	0.47924884037863186	0.0
easy:231527003	easy	B	G	False	False		0.44861914472431524	0.07867604564401155	1.2029705409445783	0.3796965378148547	0.0
hard:722955006	hard	A	A	True	True		0.9474910115399405	0.9474910115399405	0.0032289272961642627	0.9409273879824332	0.0
hard:63137003	hard	A	A	True	True		0.9388327580943785	0.9388327580943785	0.00462716894891851	0.9311868528561758	0.0
hard:764958008	hard	A	A	True	True		0.9443843188041906	0.9443843188041906	0.0037660353097010075	0.9374323586547145	0.0
none-narrower:413356003	none-narrower	none	B	False	False		0.6396600057318029	0.05084655397747259	1.394332261749487	0.5946175064482783	0.0
hard:83414005	hard	A	A	True	True		0.949440039805271	0.949440039805271	0.003100311214993526	0.94312004478093	0.0
none-narrower:720952001	none-narrower	none	A	False	False		0.9425519862358205	0.015392632461794517	1.8581509086443	0.935370984515298	0.0
hard:5299007	hard	A	A	True	True		0.9382801981935754	0.9382801981935754	0.0044872729985011624	0.9305652229677724	0.0
easy:105632002	easy	A	A	True	True		0.9345305237883671	0.9345305237883671	0.005517718128745246	0.9263468392619131	0.0
hard:204431007	hard	A	A	True	True		0.8047880464662324	0.8047880464662324	0.06562064363208865	0.7803865522745115	0.0
hard:711543008	hard	A	A	True	True		0.9495319764830292	0.9495319764830292	0.003034564479591965	0.9432234735434079	0.0
easy:716238003	easy	B	B	True	False		0.9557052551188903	0.9557052551188903	0.0023206443761476995	0.9501684120087516	0.0
easy:445338005	easy	A	A	True	True		0.9562958756480886	0.9562958756480886	0.0022735190244523185	0.9508328601040996	0.0
hard:38606009	hard	A	A	True	True		0.9503357930045939	0.9503357930045939	0.002969324782106564	0.9441277671301681	0.0
easy:54385001	easy	A	A	True	True		0.952291228515497	0.952291228515497	0.002767811046217421	0.9463276320799341	0.0
easy:72789009	easy	A	A	True	True		0.9467908220651206	0.9467908220651206	0.003399924171177253	0.9401396748232608	0.0
easy:371965009	easy	A	A	True	True		0.8974163033670741	0.8974163033670741	0.013488216318010122	0.8845933412879584	0.0
none-narrower:237620003	none-narrower	none	A	False	False		0.5417456567006751	0.2876560136433669	0.8120854412412821	0.4844638637882595	0.0
easy:18377001	easy	A	A	True	True		0.9492637508581155	0.9492637508581155	0.003093787309860956	0.9429217197153801	0.0
easy:129623003	easy	A	A	True	True		0.931366737883195	0.931366737883195	0.005841241244290854	0.9227875801185945	0.0
hard:715726000	hard	A	A	True	True		0.9422118524630508	0.9422118524630508	0.004060564429874885	0.9349883340209323	0.0
hard:52994003	hard	A	A	True	True		0.8973227151023088	0.8973227151023088	0.013717627543818651	0.8844880544900975	0.0
easy:128139000	easy	A	A	True	True		0.9000486235558163	0.9000486235558163	0.013183932636478008	0.8875547015002933	0.0
hard:402917003	hard	A	A	True	True		0.9551898918461739	0.9551898918461739	0.0023242461934523434	0.9495886283269456	0.0
hard:81678004	hard	A	A	True	True		0.9465215597072791	0.9465215597072791	0.003373436939702904	0.9398367546706891	0.0
easy:89870006	easy	A	A	True	True		0.9558329480478238	0.9558329480478238	0.0022825733815408766	0.9503120665538017	0.0
easy:56805008	easy	A	A	True	True		0.9442782516725654	0.9442782516725654	0.00365348290249437	0.937313033131636	0.0
hard:307649006	hard	A	A	True	True		0.9393471291322453	0.9393471291322453	0.00458577880857651	0.9317655202737759	0.0
hard:31658008	hard	A	A	True	True		0.717382056202831	0.717382056202831	0.13697479773328383	0.6820548132281848	0.0
hard:80375002	hard	B	B	True	False		0.9368652437225604	0.9368652437225604	0.005243572950103547	0.9289733991878805	0.0
hard:66351003	hard	A	A	True	True		0.9581141250116865	0.9581141250116865	0.0020657175244893503	0.9528783906381473	0.0
easy:64235006	easy	A	A	True	True		0.9452135324754121	0.9452135324754121	0.0038035458222615134	0.9383652240348386	0.0
easy:92531006	easy	A	A	True	True		0.9537844397802746	0.9537844397802746	0.0025206360019775316	0.9480074947528089	0.0
hard:14785004	hard	A	A	True	True		0.9481985926992019	0.9481985926992019	0.0030972129287404624	0.9417234167866023	0.0
hard:72052003	hard	A	A	True	True		0.9239511924378351	0.9239511924378351	0.007307071007033952	0.9144450914925646	0.0
hard:80258006	hard	A	A	True	True		0.9530786018032379	0.9530786018032379	0.002575470626085483	0.9472134270286428	0.0
hard:715562001	hard	A	A	True	True		0.9491787605720883	0.9491787605720883	0.00308987342621511	0.9428261056435993	0.0
none-narrower:722517009	none-narrower	none	A	False	False		0.8994872873123635	0.032408204647868824	1.7464467532051549	0.8869231982264091	0.0
easy:722033000	easy	A	A	True	True		0.9285585130877994	0.9285585130877994	0.006931077350772514	0.9196283272237743	0.0
hard:277569004	hard	A	A	True	True		0.8841482303242172	0.8841482303242172	0.01904542800193173	0.8696667591147443	0.0
retrieval-miss:80321008	retrieval-miss	none	A	False	False		0.8114200185489652	0.10369300824766628	1.4643102846444223	0.7878475208675859	0.0
easy:57534004	easy	A	A	True	True		0.9307698859843098	0.9307698859843098	0.005748345785553969	0.9221161217323486	0.0
hard:419893006	hard	A	A	True	True		0.9377988428819047	0.9377988428819047	0.004728279368178507	0.9300236982421429	0.0
easy:254943007	easy	A	A	True	True		0.9397231063934457	0.9397231063934457	0.004356023556442706	0.9321884946926264	0.0
easy:2992000	easy	A	A	True	True		0.9304325761896627	0.9304325761896627	0.006147126687607857	0.9217366482133706	0.0
easy:5050001	easy	A	A	True	True		0.9483978170184972	0.9483978170184972	0.0032981104593589688	0.9419475441458094	0.0
easy:764435003	easy	A	A	True	True		0.9479008264329709	0.9479008264329709	0.0033017899290121292	0.9413884297370922	0.0
retrieval-miss:448015002	retrieval-miss	none	none	True	False		0.6443291021951187	0.6443291021951187	0.21267000515873524	0.5998702399695086	0.0
none-narrower:890286007	none-narrower	none	A	False	False		0.9431916618458421	0.01314852463824229	1.8638690469505508	0.9360906195765725	0.0
none-narrower:702715008	none-narrower	none	none	True	False		0.8233534052830929	0.8233534052830929	0.044651614372287714	0.8012725809434794	0.0
hard:42385006	hard	A	A	True	True		0.9509776230382785	0.9509776230382785	0.002753493083844402	0.9448498259180633	0.0
retrieval-miss:403901001	retrieval-miss	none	A	False	False		0.9513341447260476	0.015536050661633523	1.874442387937831	0.9452509128168036	0.0
none-narrower:55366007	none-narrower	none	none	True	False		0.5076283322054361	0.5076283322054361	0.43110674379638375	0.4460818737311157	0.0
hard:3855007	hard	A	A	True	True		0.9135759943702876	0.9135759943702876	0.009942090683022767	0.9027729936665736	0.0
hard:27194006	hard	A	A	True	True		0.9400841976626932	0.9400841976626932	0.004254555355742802	0.9325947223705299	0.0
easy:254654004	easy	A	A	True	True		0.9533116104007481	0.9533116104007481	0.002581347527954804	0.9474755617008417	0.0
none-narrower:92375009	none-narrower	none	none	True	False		0.5386778746223784	0.5386778746223784	0.3695356364828362	0.4810126089501757	0.0
hard:8326008	hard	A	A	True	True		0.9128585060937994	0.9128585060937994	0.009466965914301923	0.9019658193555244	0.0
easy:764105002	easy	A	A	True	True		0.9527300121339725	0.9527300121339725	0.0025977969085439387	0.9468212636507192	0.0
hard:766824003	hard	A	A	True	True		0.9401346120721208	0.9401346120721208	0.004621069012951243	0.9326514385811359	0.0
hard:230310003	hard	A	A	True	True		0.9326790131719126	0.9326790131719126	0.0054671463803554355	0.9242638898184018	0.0
none-narrower:127213008	none-narrower	none	A	False	False		0.35761456238256395	0.2605878885386979	0.802678518309401	0.27731638268038444	0.0
none-narrower:415652006	none-narrower	none	A	False	False		0.5663020935215621	0.2566822045287413	0.8924457888315118	0.5120898552117574	0.0
hard:716233007	hard	A	A	True	True		0.9506704778789384	0.9506704778789384	0.00287962732785144	0.9445042876138059	0.0
easy:127232002	easy	C	A	False	False		0.8580823662754493	0.030916399891369694	1.6820837542747282	0.8403426620598805	0.0
none-narrower:94129007	none-narrower	none	A	False	False		0.8992845817701828	0.07148410441334907	1.6710670349059389	0.8866951544914558	0.0
hard:234422006	hard	A	A	True	True		0.9478807662942174	0.9478807662942174	0.0032280933148988184	0.9413658620809946	0.0
easy:42982001	easy	A	A	True	True		0.9563580456033169	0.9563580456033169	0.002357743856044092	0.9509028013037315	0.0
easy:716662004	easy	A	none	False	True		0.7154244146206425	0.12546668787032567	1.2835261028116154	0.6798524664482228	0.0
hard:241774007	hard	A	A	True	True		0.941101977152223	0.941101977152223	0.004173128331017974	0.933739724296251	0.0
hard:237816004	hard	A	A	True	True		0.9573137221451089	0.9573137221451089	0.0021724974151764117	0.9519779374132475	0.0
easy:715710001	easy	A	A	True	True		0.8450337978424594	0.8450337978424594	0.03662001143806611	0.8256630225727668	0.0
easy:95279007	easy	A	A	True	True		0.9437230372846425	0.9437230372846425	0.0038061860372056015	0.9366884169452229	0.0
hard:193683001	hard	A	A	True	True		0.8511148434868592	0.8511148434868592	0.027827069773632928	0.8325041989227165	0.0
easy:39998009	easy	B	B	True	False		0.7227580616272572	0.7227580616272572	0.13480987990322188	0.6881028193306644	0.0
hard:725463007	hard	A	A	True	True		0.9432127994700338	0.9432127994700338	0.003889437596597094	0.9361143994037882	0.0
hard:280483007	hard	A	A	True	True		0.9522898482114507	0.9522898482114507	0.0026798553005454896	0.9463260792378821	0.0
hard:718182008	hard	A	A	True	True		0.9512474735334908	0.9512474735334908	0.002890436131300477	0.9451534077251772	0.0
easy:722450007	easy	A	A	True	True		0.9353049041360801	0.9353049041360801	0.0053337599291079655	0.9272180171530902	0.0
easy:19885005	easy	A	A	True	True		0.862777946966016	0.862777946966016	0.0264484785205833	0.845625190336768	0.0
easy:196609006	easy	A	A	True	True		0.5452579085885776	0.5452579085885776	0.31429484580425415	0.48841514716214984	0.0
easy:37283009	easy	A	A	True	True		0.9419923882423497	0.9419923882423497	0.00411708431850415	0.9347414367726434	0.0
easy:424952003	easy	A	A	True	True		0.9278499516655362	0.9278499516655362	0.006206921787230413	0.9188311956237283	0.0
hard:191382009	hard	A	A	True	True		0.9286526571901549	0.9286526571901549	0.006449939696660871	0.9197342393389244	0.0
none-narrower:446076000	none-narrower	none	none	True	False		0.7042276458840425	0.7042276458840425	0.117020215217364	0.667256101619548	0.0
none-narrower:1290237009	none-narrower	none	H	False	False		0.8755476348619222	0.09551094387711749	1.5848449250277037	0.8599910892196625	0.0
none-narrower:128219005	none-narrower	none	H	False	False		0.7563755082472734	0.15539343070039915	1.2893409913589973	0.7259224467781825	0.0
retrieval-miss:233954004	retrieval-miss	none	D	False	False		0.8352342102906701	0.12503813485674697	1.463528685731831	0.814638486577004	0.0
hard:1156813002	hard	A	A	True	True		0.9429924142158131	0.9429924142158131	0.0038879019289770095	0.9358664659927899	0.0
none-narrower:461098000	none-narrower	none	A	False	False		0.6428766026639495	0.29139039159924546	0.9171400071058229	0.5982361779969433	0.0
none-narrower:1177031006	none-narrower	none	A	False	False		0.5952708604660724	0.37027395585489487	0.751193812645019	0.5446797180243315	0.0
easy:402824003	easy	A	A	True	True		0.945416587848445	0.945416587848445	0.003581947209498019	0.9385936613295007	0.0
easy:698021005	easy	A	A	True	True		0.9340273143020877	0.9340273143020877	0.005281712258429812	0.9257807285898488	0.0
none-narrower:1263652003	none-narrower	none	none	True	False		0.8297112393620435	0.8297112393620435	0.044954133289310284	0.8084251442822991	0.0
hard:723826007	hard	A	A	True	True		0.9512780304834335	0.9512780304834335	0.002791845568990253	0.9451877842938629	0.0
none-narrower:763714006	none-narrower	none	A	False	False		0.9336127933653474	0.033637729619757716	1.8056980127581188	0.925314392536016	0.0
none-narrower:233762004	none-narrower	none	A	False	False		0.9056873645656207	0.07199306938409858	1.6815838369419618	0.8938982851363233	0.0
hard:363478007	hard	A	A	True	True		0.4776011461127358	0.4776011461127358	0.5019008130711772	0.4123012893768278	0.0
hard:720855003	hard	A	A	True	True		0.9474999103742884	0.9474999103742884	0.0033379893688465618	0.9409373991710746	0.0
none-narrower:389237009	none-narrower	none	A	False	False		0.9187020571162156	0.02825557102050955	1.7889491433786864	0.9085398142557426	0.0
easy:23150001	easy	A	A	True	True		0.9535912260891314	0.9535912260891314	0.0025600979315776842	0.947790129350273	0.0
easy:302870006	easy	A	A	True	True		0.8897636145791261	0.8897636145791261	0.017453560885711584	0.8759840664015168	0.0
none-narrower:89248000	none-narrower	none	A	False	False		0.9065257235834228	0.04482300498762558	1.734911282154139	0.8948414390313506	0.0
hard:254738007	hard	A	A	True	True		0.9399391536090721	0.9399391536090721	0.004266758147461915	0.9324315478102062	0.0
hard:73237007	hard	A	A	True	True		0.9464428499978231	0.9464428499978231	0.003439221217915794	0.9397482062475512	0.0
none-narrower:109805003	none-narrower	none	none	True	False		0.5978212329712672	0.5978212329712672	0.23611226842166716	0.5475488870926757	0.0
retrieval-miss:193466003	retrieval-miss	none	G	False	False		0.5217347780601219	0.4453683120062206	0.580137178353733	0.46195162531763717	0.0
hard:234118009	hard	A	A	True	True		0.9451539997056657	0.9451539997056657	0.0035678523641708474	0.9382982496688739	0.0
none-narrower:399959003	none-narrower	none	A	False	False		0.7567397767729914	0.15546826324047527	1.287855859937582	0.7263322488696154	0.0
hard:722449007	hard	A	A	True	True		0.9521102686954209	0.9521102686954209	0.0027227409356206803	0.9461240522823486	0.0
retrieval-miss:124646004	retrieval-miss	none	G	False	False		0.5403863649016732	0.39377073149985664	0.6614729146977485	0.48293466051438244	0.0
none-narrower:48780006	none-narrower	none	A	False	False		0.45747050130892547	0.3333513049516812	0.6855642403236684	0.3896543139725412	0.0
easy:109393007	easy	B	none	False	False		0.4614267330748537	0.15240152436921936	1.0171662406989195	0.39410507470921047	0.0
none-narrower:2129002	none-narrower	none	none	True	False		0.8482652817197011	0.8482652817197011	0.035146827327532264	0.8292984419346638	0.0
easy:30915001	easy	A	A	True	True		0.9222291537752524	0.9222291537752524	0.0074880911794922185	0.9125077979971591	0.0
easy:409671005	easy	A	A	True	True		0.9530170868730511	0.9530170868730511	0.0026170197556307094	0.9471442227321826	0.0
none-narrower:860828007	none-narrower	none	E	False	False		0.7965020619005757	0.11923977882830764	1.4119169638395843	0.7710648196381478	0.0
hard:765046002	hard	A	A	True	True		0.9439931593246607	0.9439931593246607	0.0037940190398213333	0.9369923042402433	0.0
hard:253170008	hard	A	A	True	True		0.9495684339699847	0.9495684339699847	0.0029747503564315192	0.9432644882162329	0.0
hard:124309005	hard	A	A	True	True		0.9512036981507325	0.9512036981507325	0.0028630949081696424	0.9451041604195741	0.0
none-narrower:896820003	none-narrower	none	A	False	False		0.7676688469654229	0.18475645821725675	1.2544549301111618	0.7386274528361008	0.0
easy:702447002	easy	A	A	True	True		0.9412875500716564	0.9412875500716564	0.004312860852154532	0.9339484938306135	0.0
none-narrower:1231278004	none-narrower	none	H	False	False		0.8150375670719416	0.12201461907551436	1.4374311322914308	0.7919172629559343	0.0
hard:428041004	hard	A	A	True	True		0.8755052582026304	0.8755052582026304	0.024848640053432444	0.8599434154779592	0.0
none-narrower:341361000119108	none-narrower	none	A	False	False		0.37284676534783323	0.37284676534783323	0.5732587259053118	0.2944526110163124	0.0
retrieval-miss:49013001	retrieval-miss	none	none	True	False		0.45892235056066044	0.45892235056066044	0.3919513243932355	0.39128764438074304	0.0
hard:7111000119109	hard	B	B	True	False		0.9540728403500506	0.9540728403500506	0.0024689430312411333	0.948331945393807	0.0
hard:600009	hard	A	A	True	True		0.952276764522096	0.952276764522096	0.0026814766317758646	0.946311360087358	0.0
none-narrower:1259031004	none-narrower	none	A	False	False		0.9557824082570637	0.011373801195292296	1.8911214009645971	0.9502552092891968	0.0
hard:44808001	hard	A	A	True	True		0.784034092076568	0.784034092076568	0.06277054467250803	0.757038353586139	0.0
easy:262521009	easy	A	A	True	True		0.9214105144500284	0.9214105144500284	0.007869266570407926	0.9115868287562819	0.0
hard:363515000	hard	A	A	True	True		0.8366012387279641	0.8366012387279641	0.038865544666587745	0.8161763935689598	0.0
hard:28882002	hard	D	D	True	False		0.9239576869535931	0.9239576869535931	0.007084167324279225	0.9144523978227924	0.0
hard:17709002	hard	A	A	True	True		0.9156103080456428	0.9156103080456428	0.009485495033786682	0.9050615965513481	0.0
hard:233763009	hard	A	A	True	True		0.9502241946687314	0.9502241946687314	0.002989014977156693	0.944002219002323	0.0
none-narrower:186289000	none-narrower	none	A	False	False		0.9583246983323797	0.011404055668446007	1.8958686796949815	0.9531152856239271	0.0
easy:16784003	easy	B	B	True	False		0.647890705378307	0.647890705378307	0.1910890769097903	0.6038770435505953	0.0
hard:402601007	hard	B	B	True	False		0.6437175724012982	0.6437175724012982	0.19828585845064553	0.5991822689514605	0.0
hard:765100000	hard	B	B	True	False		0.9276182198039243	0.9276182198039243	0.006723851037079281	0.918570497279415	0.0
easy:733094005	easy	A	A	True	True		0.9486704310072127	0.9486704310072127	0.003191379529501053	0.9422542348831143	0.0
none-narrower:212953005	none-narrower	none	A	False	False		0.8369080115516361	0.14677173588528955	1.428483459489314	0.8165215129955906	0.0
easy:21098003	easy	A	A	True	True		0.9382187675507744	0.9382187675507744	0.004765656880718017	0.9304961134946212	0.0
easy:724349009	easy	A	A	True	True		0.9454533279968541	0.9454533279968541	0.003489803194551003	0.938634993996461	0.0
none-narrower:42746002	none-narrower	none	A	False	False		0.6265664734900441	0.33269423610755955	0.8385472264914875	0.5798872826762997	0.0
none-narrower:1259796004	none-narrower	none	A	False	False		0.8452231470623643	0.07870714468368346	1.5652519420619626	0.8258760404451598	0.0
hard:72124005	hard	A	A	True	True		0.8902777900030537	0.8902777900030537	0.015284903272752991	0.8765625137534355	0.0
hard:699812002	hard	A	A	True	True		0.9414171750722807	0.9414171750722807	0.004213040937692392	0.9340943219563159	0.0
hard:717049005	hard	A	A	True	True		0.9413874193433271	0.9413874193433271	0.004147011879392179	0.934060846761243	0.0
hard:424802006	hard	A	A	True	True		0.9431481785107285	0.9431481785107285	0.0038673338170027625	0.9360417008245696	0.0
retrieval-miss:233982006	retrieval-miss	none	none	True	False		0.8383279733531908	0.8383279733531908	0.03237153245782599	0.8181189700223396	0.0
hard:699268002	hard	A	A	True	True		0.8598215873586142	0.8598215873586142	0.028971440042091574	0.8422992857784412	0.0
easy:400140006	easy	A	A	True	True		0.9184242422908792	0.9184242422908792	0.008370185634738582	0.9082272725772391	0.0
hard:723307008	hard	A	A	True	True		0.9520010143987566	0.9520010143987566	0.002829283974741352	0.9460011411986013	0.0
easy:719652007	easy	A	A	True	True		0.9514838031680467	0.9514838031680467	0.002823522661472619	0.9454192785640526	0.0
none-narrower:123766008	none-narrower	none	C	False	False		0.6158437495457295	0.32700066084365514	0.8335475960091077	0.5678242182389458	0.0
easy:4996001	easy	A	A	True	True		0.9351578392965113	0.9351578392965113	0.005244518401327684	0.9270525692085754	0.0
hard:109298000	hard	A	A	True	True		0.9414488899897419	0.9414488899897419	0.004227601827909906	0.9341300012384597	0.0
easy:70995007	easy	A	A	True	True		0.9313695921423936	0.9313695921423936	0.00592852646802233	0.9227907911601929	0.0
hard:201091002	hard	A	A	True	True		0.9356981328625797	0.9356981328625797	0.005029691032208755	0.9276603994704022	0.0
easy:54470008	easy	C	C	True	False		0.9720822907194321	0.9720822907194321	0.0009049780261752152	0.9685925770593612	0.0
retrieval-miss:37102008	retrieval-miss	none	none	True	False		0.5356959033765464	0.5356959033765464	0.3701757509337821	0.4776578912986147	0.0
hard:722206009	hard	A	A	True	True		0.9513373844677069	0.9513373844677069	0.0028343879747299667	0.9452545575261703	0.0
easy:200936003	easy	A	A	True	True		0.8533628706243761	0.8533628706243761	0.028796425788055538	0.8350332294524231	0.0
hard:230293003	hard	A	A	True	True		0.9503127744127327	0.9503127744127327	0.002971172316184344	0.9441018712143242	0.0
hard:314757003	hard	A	A	True	True		0.9549857429835426	0.9549857429835426	0.0024078554296846693	0.9493589608564855	0.0
none-narrower:1187048006	none-narrower	none	A	False	False		0.9363913673176028	0.017914116946933376	1.841717848219873	0.9284402882323031	0.0
none-narrower:87816000	none-narrower	none	none	True	False		0.8976835863645504	0.8976835863645504	0.013384527246039076	0.8848940346601193	0.0
easy:65976001	easy	A	A	True	True		0.9320311062944427	0.9320311062944427	0.0056033451115220165	0.9235349945812482	0.0
hard:231858009	hard	A	A	True	True		0.8726144960306885	0.8726144960306885	0.023877003735481683	0.8566913080345245	0.0
none-narrower:15978511000119100	none-narrower	none	C	False	False		0.6613792439626753	0.2997768544683678	0.9282030955154064	0.6190516494580097	0.0
easy:93145002	easy	A	A	True	True		0.9307617568694774	0.9307617568694774	0.005659265787992783	0.9221069764781622	0.0
easy:702617007	easy	A	A	True	True		0.9497589744160533	0.9497589744160533	0.0030484471594196434	0.9434788462180599	0.0
hard:720565000	hard	A	A	True	True		0.9423839498203291	0.9423839498203291	0.0039878662138120155	0.9351819435478704	0.0
easy:715487005	easy	A	A	True	True		0.9546507308629004	0.9546507308629004	0.002449026251593409	0.9489820722207629	0.0
easy:232254004	easy	A	A	True	True		0.9494077107336961	0.9494077107336961	0.0030462792647688915	0.9430836745754082	0.0
easy:187732006	easy	A	A	True	True		0.5404495208922792	0.5404495208922792	0.330272240389304	0.48300571100381406	0.0
easy:41345002	easy	A	A	True	True		0.9427301873432504	0.9427301873432504	0.00382933313806701	0.9355714607611568	0.0
none-narrower:15699121000119104	none-narrower	none	A	False	False		0.47665028906763374	0.47665028906763374	0.5015681936811699	0.411231575201088	0.0
none-narrower:249446000	none-narrower	none	none	True	False		0.5655802029722548	0.5655802029722548	0.3586710622904607	0.5112777283437866	0.0
easy:718222000	easy	A	A	True	True		0.9434201970997779	0.9434201970997779	0.0037992156026832365	0.9363477217372502	0.0
easy:52404001	easy	A	A	True	True		0.9544582621696949	0.9544582621696949	0.0025559607846083582	0.9487655449409067	0.0
hard:725033008	hard	B	B	True	False		0.9384096487742909	0.9384096487742909	0.0048257592936715886	0.9307108548710774	0.0
none-narrower:1193650002	none-narrower	none	none	True	False		0.6775238985827168	0.6775238985827168	0.14584201404958694	0.6372143859055563	0.0
easy:83799000	easy	B	B	True	False		0.956925671316765	0.956925671316765	0.0022192364808891465	0.9515413802313607	0.0
hard:44882003	hard	A	A	True	True		0.932434156361274	0.932434156361274	0.005605545291908543	0.9239884259064334	0.0
easy:424413001	easy	A	A	True	True		0.9459352148843017	0.9459352148843017	0.003501483367576514	0.9391771167448394	0.0
easy:68982002	easy	A	A	True	True		0.9413742965653625	0.9413742965653625	0.004313549562599975	0.9340460836360329	0.0
hard:3218000	hard	A	A	True	True		0.8247801807187132	0.8247801807187132	0.05191693091634114	0.8028777033085523	0.0
easy:43363007	easy	A	A	True	True		0.9144581700172898	0.9144581700172898	0.008915734184714454	0.903765441269451	0.0
easy:76069003	easy	A	A	True	True		0.8305887844469565	0.8305887844469565	0.04464368029843338	0.8094123825028262	0.0
easy:421529006	easy	F	F	True	False		0.9605173500412185	0.9605173500412185	0.0019002848049120427	0.9555820187963708	0.0
hard:371197005	hard	A	A	True	True		0.5773564385819623	0.5773564385819623	0.2829528086096706	0.5245259934047076	0.0
hard:255015006	hard	A	A	True	True		0.9281173222778121	0.9281173222778121	0.006300704254797238	0.9191319875625386	0.0
easy:254620000	easy	A	A	True	True		0.9576865461505184	0.9576865461505184	0.002136094618000941	0.9523973644193332	0.0
retrieval-miss:1259003	retrieval-miss	none	none	True	False		0.9392120578529276	0.9392120578529276	0.004401033672746327	0.9316135650845436	0.0
hard:254794007	hard	A	A	True	True		0.9472969701735319	0.9472969701735319	0.003386110731499387	0.9407090914452233	0.0
retrieval-miss:720830009	retrieval-miss	none	B	False	False		0.8553286202306952	0.022455974236123513	1.6991758999194633	0.8372446977595323	0.0
hard:446096008	hard	A	A	True	True		0.9563912069925397	0.9563912069925397	0.002249813654967867	0.9509401078666072	0.0
none-narrower:321131000119100	none-narrower	none	E	False	False		0.8093794703687734	0.05492043869504363	1.5573027617942556	0.7855519041648702	0.0
hard:733045005	hard	A	A	True	True		0.9432175741573894	0.9432175741573894	0.0038820483607735516	0.936119770927063	0.0
hard:713060000	hard	A	A	True	True		0.9543814225555715	0.9543814225555715	0.00244293096866904	0.948679100375018	0.0
easy:1493002	easy	A	A	True	True		0.9492180851094097	0.9492180851094097	0.00299286521039392	0.942870345748086	0.0
hard:22451001	hard	A	A	True	True		0.9498143385330663	0.9498143385330663	0.003032920335396479	0.9435411308496997	0.0
easy:267395000	easy	A	A	True	True		0.9340223606224507	0.9340223606224507	0.0055404818906704695	0.925775155700257	0.0
easy:768935003	easy	A	A	True	True		0.9458902963558261	0.9458902963558261	0.00342146939731728	0.9391265834003045	0.0
none-narrower:413808003	none-narrower	none	none	True	False		0.6387567394481336	0.6387567394481336	0.18435359291234105	0.5936013318791504	0.0
hard:726350006	hard	A	A	True	True		0.7102961909014296	0.7102961909014296	0.14009664871409278	0.6740832147641083	0.0
hard:715564000	hard	B	B	True	False		0.9211495631451022	0.9211495631451022	0.008208912764115497	0.9112932585382401	0.0
none-narrower:21071000119101	none-narrower	none	B	False	False		0.7994530985491344	0.1642435046308372	1.3384592693362416	0.7743847358677761	0.0
none-narrower:126780007	none-narrower	none	none	True	False		0.6185788483568568	0.6185788483568568	0.2278966422202225	0.570901204401464	0.0
hard:254084008	hard	A	A	True	True		0.9500179227237207	0.9500179227237207	0.0029515830225638616	0.9437701630641857	0.0
hard:312917007	hard	A	A	True	True		0.906158864694618	0.906158864694618	0.011353848883404339	0.8944287227814454	0.0
easy:36485005	easy	A	A	True	True		0.9272980910830854	0.9272980910830854	0.00652835572174739	0.9182103524684712	0.0
hard:14783006	hard	A	A	True	True		0.927680671022658	0.927680671022658	0.006245722675208705	0.9186407549004905	0.0
hard:4340003	hard	A	A	True	True		0.9492224083075095	0.9492224083075095	0.003125656742419097	0.9428752093459483	0.0
none-narrower:276675009	none-narrower	none	none	True	False		0.7627945769987534	0.7627945769987534	0.08318268832842156	0.7331438991235976	0.0
hard:125666000	hard	A	A	True	True		0.9437317603600647	0.9437317603600647	0.0038307655821783	0.9366982304050728	0.0
hard:64009001	hard	A	A	True	True		0.7447894443541468	0.7447894443541468	0.1101567243127457	0.7128881248984154	0.0
easy:62110005	easy	A	A	True	True		0.9459270748037111	0.9459270748037111	0.0035202794828386695	0.9391679591541751	0.0
retrieval-miss:238700008	retrieval-miss	none	none	True	False		0.7034145639429856	0.7034145639429856	0.11905807506615942	0.6663413844358588	0.0
easy:92413008	easy	A	A	True	True		0.9438212776021447	0.9438212776021447	0.003766498982301192	0.9367989373024129	0.0
easy:723360007	easy	C	C	True	False		0.9421767084320518	0.9421767084320518	0.004225942257911698	0.9349487969860583	0.0
hard:34225008	hard	A	none	False	True		0.7490299508629494	0.21118121616634722	1.1840433951389524	0.7176586947208181	0.0
hard:9631008	hard	A	A	True	True		0.9409779821378207	0.9409779821378207	0.004051319148392778	0.9336002299050484	0.0
hard:372100004	hard	A	A	True	True		0.9496431395962864	0.9496431395962864	0.0029589332340970416	0.9433485320458224	0.0
none-narrower:187662005	none-narrower	none	none	True	False		0.41257475375174235	0.41257475375174235	0.48632278846410726	0.3391465979707102	0.0
easy:36753006	easy	A	A	True	True		0.9270750212149649	0.9270750212149649	0.006941547410759457	0.9179593988668356	0.0
easy:719256004	easy	A	A	True	True		0.957920740169621	0.957920740169621	0.0020999244380321895	0.9526608326908237	0.0
none-narrower:1076881000119103	none-narrower	none	A	False	False		0.886114561431965	0.08251494939324808	1.6271967769934936	0.8718788816109606	0.0
none-narrower:403903003	none-narrower	none	none	True	False		0.7599962146790523	0.7599962146790523	0.08242984154555158	0.729995741513934	0.0
hard:719518004	hard	A	A	True	True		0.9483961758754703	0.9483961758754703	0.0032032869228826085	0.9419456978599042	0.0
hard:716006003	hard	A	A	True	True		0.9473384004209946	0.9473384004209946	0.0033108173703716584	0.9407557004736189	0.0
none-narrower:769219006	none-narrower	none	H	False	False		0.7457215355911736	0.13078001298122593	1.3209354661010315	0.7139367275400704	0.0
easy:238626006	easy	A	A	True	True		0.8915330144762349	0.8915330144762349	0.016005873547195234	0.8779746412857644	0.0
retrieval-miss:230410004	retrieval-miss	none	A	False	False		0.835129484558408	0.09110184000801874	1.525125792480242	0.8145206701282091	0.0
hard:126853008	hard	A	A	True	True		0.7352451885963951	0.7352451885963951	0.11557476736201609	0.7021508371709445	0.0
hard:765057007	hard	A	A	True	True		0.9524024783573833	0.9524024783573833	0.0026945535607800506	0.9464527881520564	0.0
hard:104431000119107	hard	A	A	True	True		0.9401042052206934	0.9401042052206934	0.00445860114912743	0.9326172308732801	0.0
easy:87074006	easy	A	A	True	True		0.9500431824824339	0.9500431824824339	0.0030932876063664437	0.9437985802927382	0.0
hard:699676006	hard	A	A	True	True		0.910151127710912	0.910151127710912	0.010343759177411064	0.898920018674776	0.0
none-narrower:405539004	none-narrower	none	none	True	False		0.8428312865276143	0.8428312865276143	0.0368984364125245	0.8231851973435662	0.0
none-narrower:296561000119108	none-narrower	none	A	False	False		0.8548722703534517	0.10924585698652668	1.5245493090292659	0.8367313041476332	0.0
hard:717055000	hard	A	A	True	True		0.9605339392640664	0.9605339392640664	0.0018681003128175452	0.9556006816720747	0.0
hard:724066002	hard	A	A	True	True		0.9270591156989155	0.9270591156989155	0.006858317146792124	0.91794150516128	0.0
hard:404041003	hard	A	A	True	True		0.9060241298127923	0.9060241298127923	0.011176744940410044	0.8942771460393915	0.0
hard:409658007	hard	A	A	True	True		0.9409212136386731	0.9409212136386731	0.0042222323150871675	0.9335363653435073	0.0
hard:720010009	hard	A	A	True	True		0.9480229936133081	0.9480229936133081	0.0032489408815455376	0.9415258678149717	0.0
none-narrower:71003000	none-narrower	none	none	True	False		0.4757453957865398	0.4757453957865398	0.40896646788285584	0.4102135702598573	0.0
easy:204319006	easy	A	A	True	True		0.9497157656509069	0.9497157656509069	0.003023752621793126	0.9434302363572703	0.0
hard:768556005	hard	A	A	True	True		0.9566069429177679	0.9566069429177679	0.002216233303839698	0.9511828107824889	0.0
none-narrower:399723004	none-narrower	none	none	True	False		0.5945366463004226	0.5945366463004226	0.30145350156088446	0.5438537270879754	0.0
easy:205649008	easy	C	B	False	False		0.5366832626716506	0.049975925246508415	1.3437966975429096	0.4787686705056069	0.0
hard:30496006	hard	B	B	True	False		0.8766863731193127	0.8766863731193127	0.022481522438959997	0.8612721697592269	0.0
easy:360378009	easy	A	A	True	True		0.9535456904431285	0.9535456904431285	0.0025165742447319063	0.9477389017485196	0.0
hard:254637007	hard	A	A	True	True		0.9352751624916901	0.9352751624916901	0.004940301093297744	0.9271845578031515	0.0
hard:423607006	hard	A	A	True	True		0.9299137728588214	0.9299137728588214	0.00606577740643749	0.921152994466174	0.0
easy:85901000	easy	A	A	True	True		0.6981702477655356	0.6981702477655356	0.16447275835909364	0.6604415287362275	0.0
hard:274718005	hard	A	A	True	True		0.9151959344797788	0.9151959344797788	0.00964247706076677	0.9045954262897512	0.0
easy:81285006	easy	A	A	True	True		0.940512520259207	0.940512520259207	0.004145093032768028	0.933076585291608	0.0
none-narrower:765481009	none-narrower	none	none	True	False		0.5482316915858504	0.5482316915858504	0.36479197914881706	0.49176065303408173	0.0
none-narrower:430348006	none-narrower	none	A	False	False		0.6627103630235303	0.21888219104994658	1.0567650030854754	0.6205491584014715	0.0
easy:719576009	easy	A	A	True	True		0.9425238845686021	0.9425238845686021	0.003937723360314846	0.9353393701396774	0.0
easy:763130006	easy	A	A	True	True		0.9505569946093126	0.9505569946093126	0.0029522240007749767	0.9443766189354768	0.0
none-narrower:22721008	none-narrower	none	H	False	False		0.7941039117209064	0.11888076222574594	1.4111270880793811	0.7683669006860199	0.0
easy:29352008	easy	A	A	True	True		0.9324634832708553	0.9324634832708553	0.005637200239206098	0.9240214186797123	0.0
easy:719646006	easy	A	A	True	True		0.953724708876334	0.953724708876334	0.0025620172515531834	0.9479402974858758	0.0
hard:15188001	hard	A	A	True	True		0.7997647222934506	0.7997647222934506	0.06757934668764165	0.7747353125801321	0.0
easy:79674009	easy	A	A	True	True		0.9499995464316757	0.9499995464316757	0.003109903935814697	0.9437494897356352	0.0
retrieval-miss:45894003	retrieval-miss	none	none	True	False		0.6636529210530916	0.6636529210530916	0.20400852104279676	0.6216095361847281	0.0
hard:726341009	hard	A	A	True	True		0.793123644670189	0.793123644670189	0.07022001208918774	0.7672641002539626	0.0
none-narrower:266571009	none-narrower	none	A	False	False		0.8465403051864551	0.12673071651324472	1.479422414867487	0.8273578433347619	0.0
retrieval-miss:254150007	retrieval-miss	none	B	False	False		0.8881684103005026	0.07060048073725524	1.6532523357826217	0.8741894615880655	0.0
hard:40159009	hard	A	A	True	True		0.9219652405758731	0.9219652405758731	0.0075096518073358666	0.9122108956478573	0.0
none-narrower:735522008	none-narrower	none	none	True	False		0.5131083232686751	0.5131083232686751	0.35077630746998645	0.45224686367725947	0.0
easy:718632004	easy	A	A	True	True		0.9552800681109744	0.9552800681109744	0.002357997641919462	0.9496900766248464	0.0
hard:80544005	hard	A	A	True	True		0.8619356932268057	0.8619356932268057	0.028511249036585754	0.8446776548801566	0.0
none-narrower:447139008	none-narrower	none	A	False	False		0.8510769551018893	0.12740987790006464	1.4859514744883575	0.8324615744896254	0.0
none-narrower:127321000	none-narrower	none	none	True	False		0.5345682182515523	0.5345682182515523	0.33953737725693023	0.4763892455329964	0.0
easy:716092007	easy	A	A	True	True		0.9525204063427101	0.9525204063427101	0.0026965461581188407	0.946585457135549	0.0
hard:716775009	hard	A	A	True	True		0.9461541118433865	0.9461541118433865	0.0036023018679458654	0.9394233758238097	0.0
easy:733110004	easy	A	A	True	True		0.9491480797446173	0.9491480797446173	0.003186875852915081	0.9427915897126946	0.0
hard:721221000	hard	C	C	True	False		0.9596031504707299	0.9596031504707299	0.0019379065685697216	0.9545535442795711	0.0
easy:105261000119101	easy	A	A	True	True		0.952528267775402	0.952528267775402	0.002626237874105362	0.9465943012473274	0.0
easy:84241008	easy	A	A	True	True		0.9422025274250886	0.9422025274250886	0.003995971083803922	0.9349778433532248	0.0
easy:398831006	easy	A	A	True	True		0.9034386591274416	0.9034386591274416	0.011596322209319065	0.8913684915183719	0.0
hard:367601000119103	hard	A	A	True	True		0.9495150217389361	0.9495150217389361	0.0030693554579168656	0.9432043994563031	0.0
easy:716007007	easy	A	A	True	True		0.9477560047090913	0.9477560047090913	0.003172401583512977	0.9412255052977277	0.0
hard:46168003	hard	A	A	True	True		0.7225903172618882	0.7225903172618882	0.1343991619564988	0.6879141069196242	0.0
easy:16059006	easy	A	A	True	True		0.9497371477761409	0.9497371477761409	0.0031618736980659036	0.9434542912481585	0.0
hard:37075008	hard	E	E	True	False		0.9102125187809165	0.9102125187809165	0.010084441278570458	0.898989083628531	0.0
easy:46206005	easy	A	A	True	True		0.937205147739242	0.937205147739242	0.005048644186063534	0.9293557912066472	0.0
hard:717827000	hard	A	A	True	True		0.931801348208527	0.931801348208527	0.005759376764677806	0.9232765167345929	0.0
hard:1475003	hard	A	A	True	True		0.9390514079409445	0.9390514079409445	0.004577276765555076	0.9314328339335627	0.0
none-narrower:86100009	none-narrower	none	none	True	False		0.5163212198606096	0.5163212198606096	0.3816960439768776	0.45586137234318586	0.0
easy:234500001	easy	A	A	True	True		0.9525486400005129	0.9525486400005129	0.0026937139565805716	0.9466172200005771	0.0
easy:715673002	easy	A	A	True	True		0.9460856012685965	0.9460856012685965	0.003366298599298189	0.9393463014271711	0.0
retrieval-miss:2109003	retrieval-miss	none	none	True	False		0.91866437359969	0.91866437359969	0.00849150810978122	0.9084974202996512	0.0
hard:277602003	hard	A	A	True	True		0.9114240761442242	0.9114240761442242	0.009583869811992734	0.9003520856622523	0.0
hard:363425008	hard	A	A	True	True		0.8649410062061403	0.8649410062061403	0.02419290229427748	0.848058631981908	0.0
retrieval-miss:188274004	retrieval-miss	none	none	True	False		0.8391770722495066	0.8391770722495066	0.0421729138101876	0.8190742062806949	0.0
easy:198297004	easy	A	A	True	True		0.5879833494642285	0.5879833494642285	0.2350774245089407	0.536481268147257	0.0
hard:718200007	hard	A	A	True	True		0.8977887645048768	0.8977887645048768	0.01392255202116447	0.8850123600679863	0.0
none-narrower:48352007	none-narrower	none	none	True	False		0.8153490558124656	0.8153490558124656	0.05492418163138893	0.7922676877890238	0.0
easy:716279002	easy	A	A	True	True		0.9520018724492716	0.9520018724492716	0.002799312884560993	0.9460021065054305	0.0
easy:720950009	easy	A	A	True	True		0.946835210601952	0.946835210601952	0.0033342394651022177	0.940189611927196	0.0
none-narrower:1332388003	none-narrower	none	A	False	False		0.9547627899999822	0.013309834084614386	1.885354255110189	0.94910813874998	0.0
hard:33979003	hard	A	A	True	True		0.9503360658131563	0.9503360658131563	0.0029723928322656448	0.9441280740398008	0.0
easy:45281005	easy	A	A	True	True		0.9264446422725827	0.9264446422725827	0.006481541778818585	0.9172502225566556	0.0
none-narrower:1237368006	none-narrower	none	A	False	False		0.9495843505740654	0.015507474707813124	1.8711856390551498	0.9432823943958237	0.0
none-narrower:94166001	none-narrower	none	A	False	False		0.6124583172454987	0.3252030938579921	0.8323865808555005	0.564015606901186	0.0
hard:254066006	hard	A	A	True	True		0.951384524831484	0.951384524831484	0.002806861602201578	0.9453075904354196	0.0
none-narrower:191668004	none-narrower	none	H	False	False		0.5629906486304931	0.350194783356121	0.7432051198241928	0.5083644797093048	0.0
hard:764711007	hard	A	A	True	True		0.9580907815441458	0.9580907815441458	0.0020899217790502785	0.9528521292371642	0.0
hard:254712007	hard	A	A	True	True		0.9144530112781863	0.9144530112781863	0.008654203137681338	0.9037596376879596	0.0
easy:70041004	easy	A	A	True	True		0.8896259946986573	0.8896259946986573	0.015834192332590827	0.8758292440359895	0.0
none-narrower:24285001	none-narrower	none	none	True	False		0.8490959292471293	0.8490959292471293	0.02823902228131601	0.8302329204030205	0.0
easy:389214003	easy	A	A	True	True		0.9508073520471918	0.9508073520471918	0.0030175863769306885	0.9446582710530907	0.0
hard:79037006	hard	A	A	True	True		0.9538670180107641	0.9538670180107641	0.0025392977057684773	0.9481003952621098	0.0
easy:69195002	easy	A	A	True	True		0.9287428080407176	0.9287428080407176	0.006259223800617993	0.9198356590458073	0.0
easy:9014002	easy	A	A	True	True		0.9312724662648942	0.9312724662648942	0.005675360080843167	0.9226815245480061	0.0
hard:410016009	hard	A	A	True	True		0.947307111906414	0.947307111906414	0.003285898269205816	0.9407205008947158	0.0
hard:69278003	hard	A	A	True	True		0.932774979786539	0.932774979786539	0.005701899490576907	0.9243718522598564	0.0
none-narrower:399899001	none-narrower	none	B	False	False		0.8607213875314115	0.05840424105745721	1.629559617331982	0.8433115609728379	0.0
none-narrower:1237571004	none-narrower	none	D	False	False		0.9414992367085544	0.015375437491431235	1.8563500649646327	0.9341866412971237	0.0
hard:91521000119104	hard	A	A	True	True		0.9505312443361887	0.9505312443361887	0.002926939128636491	0.9443476498782124	0.0
easy:267431006	easy	A	A	True	True		0.5115906803511039	0.5115906803511039	0.3859327759807642	0.45053951539499193	0.0
none-narrower:307762000	none-narrower	none	none	True	False		0.659580071885852	0.659580071885852	0.20582236613800176	0.6170275808715835	0.0
easy:231824001	easy	A	A	True	True		0.9294771650402716	0.9294771650402716	0.006176490282675903	0.9206618106703055	0.0
hard:128606002	hard	A	A	True	True		0.6393430207086492	0.6393430207086492	0.21674820198998354	0.5942608982972304	0.0
easy:16872008	easy	A	A	True	True		0.9463338973127701	0.9463338973127701	0.0034527279953833075	0.9396256344768664	0.0
hard:52179003	hard	A	A	True	True		0.9442695593728393	0.9442695593728393	0.003688466216001529	0.9373032542944443	0.0
none-narrower:38725001	none-narrower	none	A	False	False		0.9090482557535161	0.04494773356646896	1.739213014277091	0.8976792877227058	0.0
easy:60676002	easy	A	A	True	True		0.9284660953281841	0.9284660953281841	0.006271609166339062	0.9195243572442072	0.0
easy:239020008	easy	A	A	True	True		0.9389693718951576	0.9389693718951576	0.004601417683179457	0.9313405433820524	0.0
hard:66207005	hard	D	D	True	False		0.9422819086538746	0.9422819086538746	0.0040930776892673165	0.935067147235609	0.0
none-narrower:44549008	none-narrower	none	A	False	False		0.5639851304117109	0.4109667722039954	0.6651904917539065	0.5094832717131749	0.0
none-narrower:1373821001	none-narrower	none	none	True	False		0.8145956374237183	0.8145956374237183	0.06245423822360695	0.7914200921016832	0.0
hard:187777008	hard	A	A	True	True		0.89401496741043	0.89401496741043	0.014215294224655325	0.8807668383367339	0.0
easy:406506008	easy	E	A	False	False		0.9280006376092033	0.024363923157670615	1.81356477527512	0.9190007173103538	0.0
easy:444645005	easy	A	A	True	True		0.9321429391142767	0.9321429391142767	0.005833207373889677	0.9236608065035614	0.0
hard:92470003	hard	A	A	True	True		0.8128600287216541	0.8128600287216541	0.04914518495053405	0.7894675323118608	0.0
hard:30188007	hard	A	A	True	True		0.9549854083191494	0.9549854083191494	0.002422019414603992	0.949358584359043	0.0
easy:11934000	easy	A	A	True	True		0.9555979658885693	0.9555979658885693	0.002439040281488085	0.9500477116246405	0.0
none-narrower:702399004	none-narrower	none	none	True	False		0.5819423433987388	0.5819423433987388	0.30741887094996256	0.5296851363235813	0.0
none-narrower:75803007	none-narrower	none	none	True	False		0.49655737300260977	0.49655737300260977	0.43725280317365023	0.433627044627936	0.0
retrieval-miss:205550003	retrieval-miss	none	A	False	False		0.9240326453673074	0.015090195416371431	1.8249621605729236	0.914536726038221	0.0
hard:230284004	hard	A	A	True	True		0.8408106412574885	0.8408106412574885	0.031896626348004	0.8209119714146745	0.0
hard:363354003	hard	A	A	True	True		0.9206281319397013	0.9206281319397013	0.007341397369544493	0.9107066484321641	0.0
none-narrower:197599000	none-narrower	none	A	False	False		0.9034014790168359	0.061300300244409585	1.6975244939443002	0.8913266638939403	0.0
easy:734024009	easy	A	A	True	True		0.9079588743537492	0.9079588743537492	0.011518198739998238	0.8964537336479679	0.0
easy:716195006	easy	A	A	True	True		0.9477729775737039	0.9477729775737039	0.003192176746746055	0.9412445997704171	0.0
retrieval-miss:275498002	retrieval-miss	none	none	True	False		0.6333420101365536	0.6333420101365536	0.183492198110339	0.5875097614036229	0.0
easy:716741008	easy	A	A	True	True		0.7624678378838183	0.7624678378838183	0.10277577906870991	0.7327763176192956	0.0
easy:6631009	easy	A	A	True	True		0.8734205003034634	0.8734205003034634	0.02310991900487995	0.8575980628413963	0.0
easy:76902006	easy	A	A	True	True		0.9423620860388449	0.9423620860388449	0.0039357211300496756	0.9351573467937004	0.0
easy:723308003	easy	A	A	True	True		0.9359012908302612	0.9359012908302612	0.005165638874507387	0.927888952184044	0.0
none-narrower:86333008	none-narrower	none	A	False	False		0.7595597795737683	0.21415003411136824	1.194714866034603	0.7295047520204894	0.0
hard:21848000	hard	A	A	True	True		0.9390579696714864	0.9390579696714864	0.004306563150526232	0.9314402158804223	0.0
none-narrower:74142004	none-narrower	none	none	True	False		0.7711478061575835	0.7711478061575835	0.08748264439457362	0.7425412819272815	0.0
hard:24867002	hard	B	A	False	False		0.6189249528650954	0.03060264350337306	1.431078081150115	0.5712905719732324	0.0
easy:20639004	easy	A	A	True	True		0.9492817838920237	0.9492817838920237	0.0030825535700530647	0.9429420068785267	0.0
easy:45913009	easy	A	A	True	True		0.8725300317264428	0.8725300317264428	0.025488535862641735	0.8565962856922482	0.0
easy:63122002	easy	A	A	True	True		0.9451051882254689	0.9451051882254689	0.0036828354507330617	0.9382433367536525	0.0
easy:277155005	easy	A	A	True	True		0.7936393868160825	0.7936393868160825	0.06984352877660063	0.7678443101680927	0.0
easy:64479007	easy	A	A	True	True		0.9309517535789863	0.9309517535789863	0.00587996989795481	0.9223207227763597	0.0
none-narrower:4477007	none-narrower	none	none	True	False		0.8221911585364291	0.8221911585364291	0.04130457187424487	0.7999650533534829	0.0
easy:448315008	easy	A	A	True	True		0.9321869638986454	0.9321869638986454	0.005496681040854078	0.9237103343859762	0.0
hard:707354003	hard	A	A	True	True		0.8391330448390687	0.8391330448390687	0.03651296811159102	0.8190246754439524	0.0
hard:64250002	hard	A	A	True	True		0.9390449756183509	0.9390449756183509	0.0045352460367113975	0.9314255975706448	0.0
easy:716169009	easy	A	A	True	True		0.9514019690736207	0.9514019690736207	0.0028892381878049787	0.9453272152078235	0.0
easy:18910001	easy	A	A	True	True		0.9367979447751796	0.9367979447751796	0.004762350645314385	0.9288976878720772	0.0
easy:111405003	easy	A	A	True	True		0.9540285040874839	0.9540285040874839	0.0025963734595708023	0.9482820670984193	0.0
easy:75116005	easy	A	A	True	True		0.9518317782857163	0.9518317782857163	0.0029198971847441755	0.9458107505714309	0.0
none-narrower:201988000	none-narrower	none	A	False	False		0.7717930278365044	0.1857490330607882	1.259126561539658	0.7432671563160674	0.0
hard:405810005	hard	A	A	True	True		0.9546184821867841	0.9546184821867841	0.002475449209892255	0.9489457924601322	0.0
easy:733085004	easy	A	A	True	True		0.9459976849040183	0.9459976849040183	0.0035537221208594037	0.9392473955170206	0.0
none-narrower:195812001	none-narrower	none	none	True	False		0.46731152345036614	0.46731152345036614	0.4172836653771287	0.4007254638816619	0.0
none-narrower:399207003	none-narrower	none	A	False	False		0.49067300622421195	0.3575454157138909	0.6678568458925159	0.4270071320022385	0.0
hard:84777002	hard	A	A	True	True		0.9418517644867739	0.9418517644867739	0.004226151832302006	0.9345832350476206	0.0
hard:733599009	hard	B	B	True	False		0.9583672698876925	0.9583672698876925	0.0019911674171923777	0.9531631786236542	0.0
hard:720520009	hard	A	A	True	True		0.9446811325296414	0.9446811325296414	0.0037322650082676446	0.9377662740958466	0.0
easy:33595009	easy	A	A	True	True		0.8972951703977396	0.8972951703977396	0.013272495867663632	0.884457066697457	0.0
easy:11666007	easy	A	A	True	True		0.9549334319488393	0.9549334319488393	0.0024547641156776098	0.9493001109424443	0.0
hard:55444004	hard	A	A	True	True		0.928703774301211	0.928703774301211	0.006281004304959705	0.9197917460888624	0.0
easy:10741005	easy	A	A	True	True		0.9030586127443347	0.9030586127443347	0.013475158903316789	0.8909409393373766	0.0
hard:190919008	hard	A	D	False	True		0.7415061940022833	0.20905998581151147	1.1768168046292102	0.7091944682525687	0.0
easy:233621003	easy	A	A	True	True		0.9397267943058989	0.9397267943058989	0.004327210131991658	0.9321926435941362	0.0
hard:443937008	hard	A	A	True	True		0.9364255013787562	0.9364255013787562	0.004954589610228596	0.9284786890511009	0.0
hard:707405009	hard	A	A	True	True		0.9118563505562386	0.9118563505562386	0.01031469258675453	0.9008383943757685	0.0
easy:109041000119107	easy	A	A	True	True		0.9299905505488659	0.9299905505488659	0.006409610929468927	0.9212393693674742	0.0
hard:7620006	hard	A	A	True	True		0.7579361118761506	0.7579361118761506	0.10457913706853397	0.7276781258606696	0.0
hard:45853006	hard	A	A	True	True		0.9518348338301506	0.9518348338301506	0.002840679614626632	0.9458141880589194	0.0
easy:721187005	easy	A	A	True	True		0.9221561212027034	0.9221561212027034	0.007437682869536484	0.9124256363530413	0.0
easy:71325002	easy	A	A	True	True		0.8997929854250308	0.8997929854250308	0.014048166186380176	0.8872671086031597	0.0
hard:192727001	hard	D	D	True	False		0.9467496133886903	0.9467496133886903	0.0034890655872875133	0.9400933150622767	0.0
hard:235603003	hard	A	A	True	True		0.9569164291577881	0.9569164291577881	0.002207544912080924	0.9515309828025116	0.0
hard:83275001	hard	A	A	True	True		0.9388019987206825	0.9388019987206825	0.0044054237852077585	0.931152248560768	0.0
retrieval-miss:49562005	retrieval-miss	none	A	False	False		0.45909931668209136	0.45909931668209136	0.5069517415701057	0.39148673126735284	0.0
none-narrower:16466741000119102	none-narrower	none	A	False	False		0.9245170124712059	0.039021621161324814	1.7784599237429854	0.9150816390301066	0.0
hard:39462005	hard	A	A	True	True		0.9513597022970679	0.9513597022970679	0.0028868443664929605	0.9452796650842014	0.0
hard:74728003	hard	A	A	True	True		0.9420428997065788	0.9420428997065788	0.003962973204051327	0.9347982621699011	0.0
hard:73397007	hard	A	A	True	True		0.9529652678286337	0.9529652678286337	0.0027089177663672756	0.947085926307213	0.0
easy:86095007	easy	A	A	True	True		0.9295990798337308	0.9295990798337308	0.006353490137677621	0.9207989648129471	0.0
hard:448254007	hard	A	A	True	True		0.837089166509994	0.837089166509994	0.0373556477839945	0.8167253123237432	0.0
easy:109378008	easy	A	A	True	True		0.7651864123656946	0.7651864123656946	0.0898605280404153	0.7358347139114064	0.0
hard:715415005	hard	A	A	True	True		0.9529771932762032	0.9529771932762032	0.0026038369870280383	0.9470993424357286	0.0
easy:85149007	easy	A	A	True	True		0.9492056700234638	0.9492056700234638	0.0031946434746583353	0.9428563787763968	0.0
hard:763455008	hard	A	A	True	True		0.7538635620457124	0.7538635620457124	0.08325387069356202	0.7230965073014264	0.0
none-narrower:1197333008	none-narrower	none	A	False	False		0.9017709705535868	0.044587908938951655	1.7266712426071322	0.8894923418727851	0.0
hard:92246000	hard	A	A	True	True		0.9392652456981624	0.9392652456981624	0.0044444682462053174	0.9316734014104328	0.0
none-narrower:61458006	none-narrower	none	A	False	False		0.7660013253266162	0.21596617568434018	1.2015664050453787	0.7367514909924433	0.0
hard:715626008	hard	A	A	True	True		0.9453416727428675	0.9453416727428675	0.0036412599224261116	0.9385093818357261	0.0
hard:717181004	hard	A	A	True	True		0.9493874587029099	0.9493874587029099	0.003066495855525141	0.9430608910407736	0.0
hard:40283005	hard	A	A	True	True		0.5963439583415676	0.5963439583415676	0.3007491263694357	0.5458869531342636	0.0
easy:363505006	easy	A	A	True	True		0.6569808312145481	0.6569808312145481	0.16327793895485246	0.6141034351163667	0.0
none-narrower:90974009	none-narrower	none	C	False	False		0.35666075311135126	0.30445623601524335	0.7040501704863823	0.27624334725027017	0.0
hard:722947004	hard	A	A	True	True		0.8963923011590766	0.8963923011590766	0.013674659549609718	0.8834413388039613	0.0
hard:715987000	hard	A	A	True	True		0.9500352982156158	0.9500352982156158	0.0030537019957215254	0.9437897104925679	0.0
none-narrower:1172901009	none-narrower	none	A	False	False		0.945162965395191	0.018081927847171404	1.8577708130327124	0.9383083360695899	0.0
hard:237957007	hard	A	A	True	True		0.9509496203609014	0.9509496203609014	0.0028181234580671355	0.944818322906014	0.0
hard:237964009	hard	A	A	True	True		0.9498123238685459	0.9498123238685459	0.0031106228103679537	0.9435388643521141	0.0
easy:33225004	easy	A	A	True	True		0.9056064773575307	0.9056064773575307	0.011542429999766665	0.8938072870272221	0.0
hard:719305006	hard	A	A	True	True		0.9147876045661619	0.9147876045661619	0.008904386273695981	0.9041360551369323	0.0
easy:722675000	easy	A	A	True	True		0.9546745625237141	0.9546745625237141	0.002436083244977664	0.9490088828391783	0.0
easy:723441001	easy	A	A	True	True		0.925878593279721	0.925878593279721	0.0069397627214863	0.9166134174396863	0.0
hard:93471006	hard	A	A	True	True		0.88600889236714	0.88600889236714	0.01737647372158331	0.8717600039130325	0.0
easy:237603002	easy	A	A	True	True		0.9350066072990615	0.9350066072990615	0.004964482539837809	0.9268824332114441	0.0
none-narrower:95525004	none-narrower	none	none	True	False		0.7200989925663647	0.7200989925663647	0.11200113002033896	0.6851113666371603	0.0
hard:417967008	hard	A	A	True	True		0.9304383365445288	0.9304383365445288	0.006033449849729428	0.9217431286125949	0.0
easy:718720007	easy	A	A	True	True		0.9506639053826761	0.9506639053826761	0.0029327415696866676	0.9444968935555107	0.0
none-narrower:1366243009	none-narrower	none	A	False	False		0.8383451752930275	0.10713383611019552	1.5008252095777848	0.818138322204656	0.0
none-narrower:427435004	none-narrower	none	none	True	False		0.8502791957955905	0.8502791957955905	0.029988006563429977	0.8315640952700395	0.0
easy:404109006	easy	A	A	True	True		0.9413575335213685	0.9413575335213685	0.004041956765925455	0.9340272252115397	0.0
hard:717041008	hard	A	A	True	True		0.9375175600506221	0.9375175600506221	0.004820623495938638	0.9297072550569501	0.0
none-narrower:61823004	none-narrower	none	none	True	False		0.7020698650262254	0.7020698650262254	0.12499604480324328	0.6648285981545036	0.0
easy:70070008	easy	A	A	True	True		0.5734082728220352	0.5734082728220352	0.2799926575559521	0.5200843069247897	0.0
hard:129000002	hard	A	A	True	True		0.9474356200363242	0.9474356200363242	0.0032198966359782686	0.9408650725408648	0.0
hard:56478004	hard	A	A	True	True		0.9423589360611023	0.9423589360611023	0.004040120833685361	0.9351538030687402	0.0
retrieval-miss:402736003	retrieval-miss	none	A	False	False		0.7873289083773422	0.18948806466058848	1.2769373170543195	0.76074502192451	0.0
none-narrower:238778000	none-narrower	none	H	False	False		0.8407430436461614	0.1258628291122279	1.4712797329579737	0.8208359241019315	0.0
easy:254956000	easy	A	A	True	True		0.9070045100139627	0.9070045100139627	0.011689181222756457	0.895380073765708	0.0
easy:84828003	easy	A	A	True	True		0.9398663885765159	0.9398663885765159	0.004411311746974867	0.9323496871485805	0.0
hard:49607006	hard	A	A	True	True		0.7735586829281682	0.7735586829281682	0.08675985106896825	0.7452535182941892	0.0
easy:239112008	easy	A	A	True	True		0.9121650275915191	0.9121650275915191	0.010072143147812308	0.9011856560404591	0.0
hard:10934005	hard	A	A	True	True		0.8868321301405303	0.8868321301405303	0.0188374098227467	0.8726861464080967	0.0
hard:34528009	hard	A	A	True	True		0.9430058180857201	0.9430058180857201	0.00395964962148778	0.9358815453464352	0.0
easy:88518009	easy	A	A	True	True		0.9547634765339867	0.9547634765339867	0.0024581968886394365	0.949108911100735	0.0
none-narrower:438628005	none-narrower	none	A	False	False		0.7824462269811899	0.1607495545255576	1.3175848523817182	0.7552520053538387	0.0
easy:722062004	easy	A	A	True	True		0.9454698106552636	0.9454698106552636	0.0037567379160207306	0.9386535369871717	0.0
easy:82523003	easy	A	A	True	True		0.9378960724716586	0.9378960724716586	0.004675436036322367	0.930133081530616	0.0
hard:72836002	hard	A	A	True	True		0.9547182351816971	0.9547182351816971	0.0024338184445557706	0.9490580145794093	0.0
easy:74351001	easy	A	A	True	True		0.9558375076601741	0.9558375076601741	0.0023272681472327047	0.9503171961176959	0.0
hard:4445009	hard	A	A	True	True		0.734983432800183	0.734983432800183	0.11438707774110099	0.7018563619002058	0.0
hard:75316000	hard	A	A	True	True		0.9509681552296457	0.9509681552296457	0.0028215270858692907	0.9448391746333515	0.0
hard:38959009	hard	A	A	True	True		0.9316977524115868	0.9316977524115868	0.005522321539264271	0.9231599714630352	0.0
easy:408663001	easy	A	A	True	True		0.9500561279771855	0.9500561279771855	0.0030319671842325125	0.9438131439743337	0.0
none-narrower:427921009	none-narrower	none	G	False	False		0.6053822224977161	0.19994765407828954	1.0290757156458175	0.5560550003099307	0.0
hard:205681004	hard	A	A	True	True		0.9367399603458743	0.9367399603458743	0.004705829337284433	0.9288324553891086	0.0
easy:66038001	easy	A	A	True	True		0.9537123292800089	0.9537123292800089	0.0024778567341468332	0.94792637044001	0.0
hard:71941009	hard	A	A	True	True		0.5798865400305337	0.5798865400305337	0.30828967767416154	0.5273723575343505	0.0
easy:715625007	easy	A	A	True	True		0.9397457160208034	0.9397457160208034	0.004510043204531457	0.9322139305234037	0.0
none-narrower:15977008	none-narrower	none	A	False	False		0.6786053959383893	0.30758481672790533	0.9400165809213672	0.6384310704306879	0.0
easy:10649000	easy	A	A	True	True		0.9523563179870231	0.9523563179870231	0.002787486509153384	0.9464008577354011	0.0
hard:26609002	hard	B	A	False	False		0.9423983862523683	0.018029039326514663	1.8527989873039254	0.9351981845339145	0.0
hard:712922002	hard	A	A	True	True		0.947045784299703	0.947045784299703	0.0037633485916865306	0.9404265073371659	0.0
easy:254664008	easy	A	A	True	True		0.9428520516735555	0.9428520516735555	0.003953886009270892	0.9357085581327499	0.0
hard:723096000	hard	A	A	True	True		0.9479433699527033	0.9479433699527033	0.0032148814345980773	0.9414362911967913	0.0
hard:719300001	hard	A	A	True	True		0.9455816115574723	0.9455816115574723	0.0036061254643016843	0.9387793130021564	0.0
easy:46785007	easy	A	A	True	True		0.8175285532966113	0.8175285532966113	0.04416844830478207	0.7947196224586879	0.0
hard:58648008	hard	A	A	True	True		0.9314515051483663	0.9314515051483663	0.005865216533672452	0.922882943291912	0.0
none-narrower:719042007	none-narrower	none	B	False	False		0.9520025542844351	0.015546964622035824	1.8756690340817932	0.9460028735699897	0.0
easy:68210006	easy	A	A	True	True		0.9265441323832845	0.9265441323832845	0.006693886292727743	0.9173621489311952	0.0
easy:276799004	easy	A	A	True	True		0.9465971277768587	0.9465971277768587	0.003357683557525647	0.9399217687489662	0.0
hard:231896005	hard	A	A	True	True		0.9516238397806113	0.9516238397806113	0.0027504630578039126	0.9455768197531877	0.0
hard:63103006	hard	A	A	True	True		0.9246916265352274	0.9246916265352274	0.007247260912121143	0.9152780798521308	0.0
easy:187842004	easy	A	A	True	True		0.8885487601987038	0.8885487601987038	0.01605514955729927	0.8746173552235419	0.0
hard:128117002	hard	A	A	True	True		0.9360534069801689	0.9360534069801689	0.004780494437437309	0.92806008285269	0.0
hard:78769001	hard	A	A	True	True		0.9445400827437607	0.9445400827437607	0.0036901643217491604	0.9376075930867307	0.0
easy:22841008	easy	A	A	True	True		0.9344997805871142	0.9344997805871142	0.005068683793556789	0.9263122531605035	0.0
hard:254701007	hard	A	A	True	True		0.9435478482815594	0.9435478482815594	0.003965303781914599	0.9364913293167543	0.0
none-narrower:521000146105	none-narrower	none	A	False	False		0.6486017547782433	0.1561003185484984	1.1663272897468209	0.6046769741255239	0.0
hard:239940004	hard	A	A	True	True		0.9406597330317583	0.9406597330317583	0.004230236602697135	0.9332421996607281	0.0
easy:763622006	easy	B	B	True	False		0.9508239378889987	0.9508239378889987	0.0029672798591910575	0.9446769301251234	0.0
none-narrower:871655005	none-narrower	none	A	False	False		0.6427994452537716	0.34131363340252513	0.8471306439094363	0.5981493759104932	0.0
none-narrower:25668000	none-narrower	none	A	False	False		0.9461479173843914	0.013189736730569137	1.8694166525570035	0.9394164070574403	0.0
hard:719599008	hard	A	A	True	True		0.9511242326364501	0.9511242326364501	0.0028725403756214973	0.9450147617160064	0.0
hard:52824009	hard	A	A	True	True		0.6892640025141322	0.6892640025141322	0.1500942095119069	0.6504220028283989	0.0
hard:715827001	hard	A	A	True	True		0.9540402429548454	0.9540402429548454	0.00252531315246188	0.948295273324201	0.0
easy:307343001	easy	A	A	True	True		0.8958158537987213	0.8958158537987213	0.015020557766276085	0.8827928355235615	0.0
none-narrower:95795006	none-narrower	none	none	True	False		0.5844652508002448	0.5844652508002448	0.25083499098636186	0.5325234071502755	0.0
none-narrower:762379000	none-narrower	none	none	True	False		0.8151432184767347	0.8151432184767347	0.0502300914370587	0.7920361207863265	0.0
none-narrower:26284000	none-narrower	none	H	False	False		0.5976689205242266	0.27089954074365674	0.8948956692183805	0.547377535589755	0.0
easy:240877000	easy	A	A	True	True		0.9454922037690234	0.9454922037690234	0.003462796516217945	0.9386787292401514	0.0
easy:717332007	easy	A	A	True	True		0.9503350832270027	0.9503350832270027	0.002984681437468293	0.9441269686303781	0.0
easy:75544000	easy	A	A	True	True		0.9204303312781811	0.9204303312781811	0.007521656035178272	0.9104841226879539	0.0
easy:126956001	easy	A	A	True	True		0.9147456638537937	0.9147456638537937	0.009660591583574093	0.9040888718355181	0.0
hard:444921008	hard	D	none	False	False		0.6174957306768283	0.3278778058671222	0.8340051955180893	0.5696826970114318	0.0
none-narrower:403151007	none-narrower	none	none	True	False		0.7405218595943667	0.7405218595943667	0.10151415414557187	0.7080870920436626	0.0
easy:104081000119103	easy	A	A	True	True		0.7482920697186414	0.7482920697186414	0.09372230637457304	0.7168285784334717	0.0
easy:25277000	easy	A	A	True	True		0.9466025552234972	0.9466025552234972	0.0034202192279557944	0.9399278746264345	0.0
none-narrower:26884006	none-narrower	none	H	False	False		0.47685962854688785	0.3474797759104503	0.6780871887714315	0.41146708211524885	0.0
retrieval-miss:51689003	retrieval-miss	none	none	True	False		0.8451821648434038	0.8451821648434038	0.0361950617136728	0.8258299354488294	0.0
hard:399107008	hard	A	A	True	True		0.9121904001275568	0.9121904001275568	0.009887139241993364	0.9012142001435015	0.0
hard:13596001	hard	A	A	True	True		0.9538254343023667	0.9538254343023667	0.002480636975144603	0.9480536135901625	0.0
hard:722455002	hard	A	A	True	True		0.9471384096159476	0.9471384096159476	0.003450512263324433	0.940530710817941	0.0
hard:10890000	hard	A	A	True	True		0.8908294748124947	0.8908294748124947	0.017273336089001116	0.8771831591640565	0.0
easy:328611000119105	easy	A	A	True	True		0.9010010395502013	0.9010010395502013	0.011983852743334784	0.8886261694939764	0.0
retrieval-miss:32599008	retrieval-miss	none	none	True	False		0.841097465670187	0.841097465670187	0.034019773183318	0.8212346488789605	0.0
none-narrower:1296880000	none-narrower	none	A	False	False		0.8992261948581589	0.061016998834335825	1.6907792047515513	0.8866294692154288	0.0
hard:49292002	hard	A	A	True	True		0.9082934278012444	0.9082934278012444	0.01060929634046491	0.8968301062764	0.0
none-narrower:201240005	none-narrower	none	A	False	False		0.7168149629890478	0.20209855978588312	1.1527077588495933	0.6814168333626789	0.0
none-narrower:74372003	none-narrower	none	none	True	False		0.5815568805517991	0.5815568805517991	0.3075997997559624	0.529251490620774	0.0
easy:372244006	easy	A	A	True	True		0.9338103179503779	0.9338103179503779	0.005486922353737372	0.9255366076941753	0.0
none-narrower:243410003	none-narrower	none	none	True	False		0.6424806836090745	0.6424806836090745	0.213828927262412	0.5977907690602089	0.0
hard:715829003	hard	A	A	True	True		0.9313147696285548	0.9313147696285548	0.006161416798270454	0.9227291158321242	0.0
easy:37471005	easy	A	A	True	True		0.9298604408859913	0.9298604408859913	0.005770631746251363	0.9210929959967403	0.0
none-narrower:1177035002	none-narrower	none	none	True	False		0.6287776450911305	0.6287776450911305	0.202499815538702	0.5823748507275219	0.0
none-narrower:201996005	none-narrower	none	A	False	False		0.6333524434049121	0.3362973616849904	0.841860390268919	0.5875214988305263	0.0
none-narrower:277481003	none-narrower	none	none	True	False		0.6931564237507349	0.6931564237507349	0.1669578835259988	0.6548009767195769	0.0
easy:715796006	easy	A	A	True	True		0.9494078883955391	0.9494078883955391	0.0030024443686654974	0.9430838744449817	0.0
easy:413656006	easy	A	A	True	True		0.937925981776754	0.937925981776754	0.004741454594591519	0.9301667294988483	0.0
easy:189167009	easy	A	A	True	True		0.9070249855822066	0.9070249855822066	0.010562786194582879	0.8954031087799824	0.0
easy:78590007	easy	A	A	True	True		0.9569151068108809	0.9569151068108809	0.002198897704245699	0.9515294951622411	0.0
retrieval-miss:43116000	retrieval-miss	none	A	False	False		0.5898274397482559	0.3131865309139398	0.8240930845512187	0.5385558697167879	0.0
easy:238036004	easy	A	A	True	True		0.9430105366948655	0.9430105366948655	0.003925778724323321	0.9358868537817238	0.0
none-narrower:301824001	none-narrower	none	B	False	False		0.6178021955859013	0.17418293296429907	1.1052953885866938	0.5700274700341391	0.0
easy:716200002	easy	A	A	True	True		0.951928778150241	0.951928778150241	0.0027642624978180073	0.9459198754190211	0.0
hard:768926005	hard	A	A	True	True		0.9517101388810166	0.9517101388810166	0.002738892656242965	0.9456739062411438	0.0
hard:59032001	hard	A	A	True	True		0.9543651870213951	0.9543651870213951	0.002479743223931355	0.9486608353990695	0.0
easy:198142001	easy	A	A	True	True		0.9535306205119747	0.9535306205119747	0.0026099950476157754	0.9477219480759715	0.0
retrieval-miss:361115000	retrieval-miss	none	A	False	False		0.9555515896362994	0.013320826956158067	1.8867930841487297	0.9499955383408368	0.0
easy:363464006	easy	A	A	True	True		0.8587821583148995	0.8587821583148995	0.027861266636520186	0.841129928104262	0.0
easy:429998004	easy	A	A	True	True		0.9534646812756696	0.9534646812756696	0.00252294183384923	0.9476477664351285	0.0
hard:37109004	hard	A	A	True	True		0.9314631234682328	0.9314631234682328	0.006039619396576899	0.922896013901762	0.0
hard:231472009	hard	A	A	True	True		0.9485002785972999	0.9485002785972999	0.0031491212827105012	0.9420628134219625	0.0
hard:270491006	hard	A	A	True	True		0.7656309411301211	0.7656309411301211	0.08254739680276513	0.7363348087713864	0.0
none-narrower:723905008	none-narrower	none	A	False	False		0.6696756082396315	0.3035373214571322	0.9338569260056548	0.6283850592695855	0.0
hard:12313004	hard	A	A	True	True		0.9401798888201999	0.9401798888201999	0.004640495336282524	0.932702374922725	0.0
hard:127030001	hard	A	A	True	True		0.8527539210572086	0.8527539210572086	0.029898885306551923	0.8343481611893596	0.0
easy:92093000	easy	A	A	True	True		0.9457248320396255	0.9457248320396255	0.0036021974216485625	0.9389404360445789	0.0
easy:25362006	easy	A	A	True	True		0.8597567740266091	0.8597567740266091	0.03192290845178997	0.8422263707799353	0.0
none-narrower:312085005	none-narrower	none	none	True	False		0.4609977646613079	0.4609977646613079	0.4550242613063965	0.39362248524397137	0.0
hard:53913001	hard	A	A	True	True		0.9424768855434957	0.9424768855434957	0.00413788593344213	0.9352864962364327	0.0
none-narrower:232121005	none-narrower	none	A	False	False		0.5682168961222592	0.41405036051629324	0.6663452739851841	0.5142440081375417	0.0
easy:16631009	easy	A	A	True	True		0.9460812406972642	0.9460812406972642	0.003473900562673881	0.9393413957844223	0.0
none-narrower:448478000	none-narrower	none	none	True	False		0.40266108723092836	0.40266108723092836	0.5290234077349498	0.3279937231347944	0.0
retrieval-miss:80328002	retrieval-miss	none	none	True	False		0.6377566067313437	0.6377566067313437	0.2165651661418611	0.5924761825727618	0.0
hard:410042009	hard	A	A	True	True		0.8948343127963564	0.8948343127963564	0.014814939745079301	0.881688601895901	0.0
easy:91954009	easy	A	A	True	True		0.9388233665826442	0.9388233665826442	0.004451535444676559	0.9311762874054748	0.0
none-narrower:187701005	none-narrower	none	none	True	False		0.4970258413008793	0.4970258413008793	0.35609255144770996	0.4341540714634892	0.0
hard:448542008	hard	A	A	True	True		0.9492345079999096	0.9492345079999096	0.0030967304390305604	0.9428888214998983	0.0
none-narrower:40370006	none-narrower	none	E	False	False		0.5073161536441705	0.4330601526954187	0.5804930099050033	0.4457306728496918	0.0
hard:725138002	hard	A	A	True	True		0.9461685675747511	0.9461685675747511	0.0036721865409371232	0.939439638521595	0.0
hard:254767008	hard	A	A	True	True		0.9417200421850889	0.9417200421850889	0.003992040309900221	0.9344350474582249	0.0
easy:126926005	easy	A	A	True	True		0.8428710090864587	0.8428710090864587	0.0369147481391218	0.8232298852222661	0.0
hard:403913006	hard	A	A	True	True		0.945757757631308	0.945757757631308	0.0034416754701559983	0.9389774773352216	0.0
hard:399432003	hard	A	A	True	True		0.9267806959964225	0.9267806959964225	0.006391703035954992	0.9176282829959754	0.0
retrieval-miss:75474006	retrieval-miss	none	none	True	False		0.9111920019145695	0.9111920019145695	0.009504963621690118	0.9000910021538908	0.0
none-narrower:238951005	none-narrower	none	none	True	False		0.8292124821083607	0.8292124821083607	0.05042641223041089	0.8078640423719059	0.0
none-narrower:447146004	none-narrower	none	A	False	False		0.9368141986820101	0.028812628733888016	1.8210462074842906	0.9289159735172615	0.0
easy:37344009	easy	B	B	True	False		0.6715249046866129	0.6715249046866129	0.200788886317321	0.6304655177724395	0.0
easy:392662004	easy	A	A	True	True		0.9485676902783656	0.9485676902783656	0.003166389488960469	0.9421386515631615	0.0
none-narrower:1196861001	none-narrower	none	none	True	False		0.6489655400524358	0.6489655400524358	0.18112924091838534	0.6050862325589904	0.0
easy:15682004	easy	A	A	True	True		0.9460044517610914	0.9460044517610914	0.0034394648456023604	0.9392550082312279	0.0
easy:55475008	easy	A	A	True	True		0.9490717973286372	0.9490717973286372	0.0031517358482927985	0.942705771994717	0.0
easy:423709000	easy	A	A	True	True		0.9395818293779965	0.9395818293779965	0.004257080548850007	0.932029558050246	0.0
hard:27420004	hard	A	A	True	True		0.9506608968926431	0.9506608968926431	0.0028938566067991884	0.9444935090042235	0.0
easy:733601006	easy	A	A	True	True		0.9518882753836202	0.9518882753836202	0.0027280782625591373	0.9458743098065727	0.0
none-narrower:371012000	none-narrower	none	C	False	False		0.47860339796872065	0.40855007679268984	0.5819075961622259	0.41342882271481074	0.0
easy:715504003	easy	A	A	True	True		0.9458856790181345	0.9458856790181345	0.0034905374391488993	0.9391213888954013	0.0
easy:36742000	easy	A	A	True	True		0.9497405576006513	0.9497405576006513	0.003018681936323982	0.9434581273007329	0.0
easy:239062001	easy	A	A	True	True		0.9413108455159531	0.9413108455159531	0.00422364338944285	0.9339747012054472	0.0
none-narrower:685031000119100	none-narrower	none	none	True	False		0.8106502592855936	0.8106502592855936	0.04980349255569362	0.786981541696293	0.0
none-narrower:371962007	none-narrower	none	A	False	False		0.7746524277286176	0.18643719263634034	1.2625988063960447	0.746483981194695	0.0
hard:722205008	hard	A	A	True	True		0.9387252642112415	0.9387252642112415	0.004433248092427555	0.9310659222376467	0.0
hard:38907003	hard	A	A	True	True		0.9487168022912456	0.9487168022912456	0.003190166939820026	0.9423064025776512	0.0
easy:237950009	easy	A	A	True	True		0.8607315950450538	0.8607315950450538	0.026464526811896164	0.8433230444256855	0.0
retrieval-miss:93132001	retrieval-miss	none	A	False	False		0.9393425658401673	0.028890388964827693	1.8256186596425403	0.9317603865701882	0.0
none-narrower:87666009	none-narrower	none	none	True	False		0.4912760305764476	0.4912760305764476	0.44015846459110336	0.42768553439850354	0.0
easy:235966007	easy	A	A	True	True		0.8842415033339309	0.8842415033339309	0.01765852384829961	0.8697716912506724	0.0
hard:254851009	hard	A	A	True	True		0.9426166905629926	0.9426166905629926	0.003901745726206975	0.9354437768833668	0.0
easy:190303007	easy	A	A	True	True		0.9453021975288118	0.9453021975288118	0.003779856335555905	0.9384649722199133	0.0
none-narrower:1254906000	none-narrower	none	B	False	False		0.6198280674090778	0.3291163125557552	0.8353724161742249	0.5723065758352126	0.0
easy:13507004	easy	A	A	True	True		0.8194953991490828	0.8194953991490828	0.04991828739735231	0.7969323240427181	0.0
hard:363408006	hard	A	A	True	True		0.9544737660625349	0.9544737660625349	0.0023907872411584566	0.9487829868203517	0.0
hard:230282000	hard	A	A	True	True		0.5971843217956935	0.5971843217956935	0.24400130275988294	0.5468323620201552	0.0
easy:195180004	easy	A	A	True	True		0.9476148654640711	0.9476148654640711	0.003223167663537236	0.9410667236470801	0.0
easy:230425004	easy	A	A	True	True		0.9377213975051282	0.9377213975051282	0.00465110638567781	0.9299365721932692	0.0
hard:95315005	hard	A	A	True	True		0.9235471060505682	0.9235471060505682	0.0074042203086828835	0.9139904943068893	0.0
easy:59393003	easy	A	A	True	True		0.9449379471912981	0.9449379471912981	0.003548352241527532	0.9380551905902105	0.0
easy:77121009	easy	A	A	True	True		0.9090779273161294	0.9090779273161294	0.010765083352069953	0.8977126682306455	0.0
hard:699305004	hard	A	A	True	True		0.9461331704533089	0.9461331704533089	0.0033997592030618057	0.9393998167599725	0.0
hard:71961003	hard	A	A	True	True		0.9523716833409125	0.9523716833409125	0.0026493963653496373	0.9464181437585266	0.0
hard:254230001	hard	A	A	True	True		0.9483910901950491	0.9483910901950491	0.0031067306986360173	0.9419399764694303	0.0
easy:45339001	easy	A	A	True	True		0.9100448188745027	0.9100448188745027	0.0102035224675916	0.8988004212338155	0.0
hard:193411004	hard	A	A	True	True		0.9427564800503349	0.9427564800503349	0.003941365673193379	0.9356010400566268	0.0
easy:402792003	easy	A	A	True	True		0.8450527482371286	0.8450527482371286	0.03316988515648378	0.8256843417667696	0.0
hard:42574005	hard	A	A	True	True		0.927820685296093	0.927820685296093	0.0066271984160214716	0.9187982709581047	0.0
easy:7916009	easy	A	A	True	True		0.9500592731904531	0.9500592731904531	0.0029295337230192224	0.9438166823392597	0.0
hard:702361006	hard	A	A	True	True		0.9284886684578761	0.9284886684578761	0.006517576291092507	0.9195497520151107	0.0
easy:92083007	easy	A	A	True	True		0.943179407729111	0.943179407729111	0.003925447811335518	0.93607683369525	0.0
hard:90708001	hard	A	A	True	True		0.7003535638917969	0.7003535638917969	0.16342848241682884	0.6628977593782717	0.0
none-narrower:429724002	none-narrower	none	H	False	False		0.4909784851507069	0.4191138238728146	0.581773843413254	0.4273507957945453	0.0
easy:9491003	easy	A	A	True	True		0.9378760212154754	0.9378760212154754	0.004731222182578297	0.93011052386741	0.0
easy:450005	easy	A	A	True	True		0.9378960827666778	0.9378960827666778	0.004739115578111618	0.9301330931125125	0.0
hard:75006000	hard	A	A	True	True		0.8203358635786003	0.8203358635786003	0.05331882979629918	0.7978778465259255	0.0
hard:719250005	hard	A	A	True	True		0.9530542174018287	0.9530542174018287	0.0025781491037591654	0.9471859945770574	0.0
easy:764096006	easy	A	A	True	True		0.9360060212643286	0.9360060212643286	0.004963224735363478	0.9280067739223697	0.0
hard:69134001	hard	A	A	True	True		0.9299760613648753	0.9299760613648753	0.005925989705649586	0.9212230690354847	0.0
easy:45170000	easy	A	A	True	True		0.9197663689864759	0.9197663689864759	0.007912861901512042	0.9097371651097854	0.0
none-narrower:427419006	none-narrower	none	A	False	False		0.5002247268352344	0.4270066745974094	0.5808692279550755	0.4377528176896388	0.0
hard:86103006	hard	A	A	True	True		0.9169403906282618	0.9169403906282618	0.008898718790773032	0.9065579394567945	0.0
easy:44795003	easy	A	A	True	True		0.8921277676429603	0.8921277676429603	0.01706713602293917	0.8786437385983304	0.0
none-narrower:13457005	none-narrower	none	none	True	False		0.6368402215927903	0.6368402215927903	0.2463778380640182	0.5914452492918892	0.0
hard:725148000	hard	A	A	True	True		0.9450826982299319	0.9450826982299319	0.0035390186524396293	0.9382180355086733	0.0
retrieval-miss:22542007	retrieval-miss	none	A	False	False		0.8189178991457438	0.14361673556528728	1.4043529743946208	0.7962826365389617	0.0
easy:253283000	easy	A	A	True	True		0.5103427552483255	0.5103427552483255	0.4318175007808132	0.4491355996543662	0.0
easy:21009004	easy	A	A	True	True		0.9538775539330653	0.9538775539330653	0.002504369001661515	0.9481122481746984	0.0
retrieval-miss:124593001	retrieval-miss	none	A	False	False		0.5243006534167352	0.44755865539340833	0.5802454514971231	0.4648382350938271	0.0
easy:400946004	easy	F	F	True	False		0.9592550389473228	0.9592550389473228	0.001969075445477663	0.9541619188157382	0.0
easy:201191004	easy	A	A	True	True		0.9420838628549756	0.9420838628549756	0.003910938368185704	0.9348443457118476	0.0
retrieval-miss:58437007	retrieval-miss	none	G	False	False		0.5638394816062543	0.41086064134454925	0.6651582773090394	0.5093194168070361	0.0
easy:722381004	easy	A	A	True	True		0.9509057416158864	0.9509057416158864	0.0029055949472708287	0.9447689593178722	0.0
easy:703406006	easy	A	A	True	True		0.9026446615178915	0.9026446615178915	0.01236905999128679	0.890475244207628	0.0
none-narrower:302920007	none-narrower	none	none	True	False		0.5389878253087784	0.5389878253087784	0.36799894754718243	0.48136130347237577	0.0
hard:410429000	hard	A	A	True	True		0.9032681434632257	0.9032681434632257	0.013484396013949934	0.8911766613961289	0.0
hard:444830001	hard	A	A	True	True		0.8544746956575504	0.8544746956575504	0.03002663425166415	0.8362840326147442	0.0
easy:717042001	easy	A	A	True	True		0.9425494838367411	0.9425494838367411	0.00386990685858666	0.9353681693163338	0.0
easy:29159009	easy	A	A	True	True		0.9445360680269623	0.9445360680269623	0.0036186188723715163	0.9376030765303326	0.0
none-narrower:767448007	none-narrower	none	A	False	False		0.8973978344661862	0.02356046899224546	1.7613120469263055	0.8845725637744594	0.0
hard:766704005	hard	A	A	True	True		0.9603980400287172	0.9603980400287172	0.0018989494527608174	0.9554477950323069	0.0
hard:229733002	hard	A	A	True	True		0.9431679601324227	0.9431679601324227	0.0037318188793497922	0.9360639551489756	0.0
none-narrower:332461000119106	none-narrower	none	A	False	False		0.45893523007611337	0.45893523007611337	0.5069838779441453	0.39130213383562756	0.0
none-narrower:1300178001	none-narrower	none	none	True	False		0.6158149375722564	0.6158149375722564	0.18307721032540428	0.5677918047687884	0.0
hard:397825006	hard	A	A	True	True		0.9323784759435161	0.9323784759435161	0.005394136340397236	0.9239257854364555	0.0
easy:60318001	easy	A	A	True	True		0.8965836641245543	0.8965836641245543	0.014199069372530381	0.8836566221401236	0.0
none-narrower:348681000119101	none-narrower	none	A	False	False		0.8808267377799701	0.08202256349651926	1.6188149724126686	0.8659300800024664	0.0
hard:720414005	hard	B	B	True	False		0.9599809477268867	0.9599809477268867	0.0019877882957390117	0.9549785661927477	0.0
easy:238011005	easy	A	A	True	True		0.9421805743326471	0.9421805743326471	0.0042115899715078065	0.9349531461242281	0.0
easy:95280005	easy	A	A	True	True		0.9388363885587205	0.9388363885587205	0.004477404400049311	0.9311909371285606	0.0
none-narrower:789399002	none-narrower	none	A	False	False		0.5249769097511616	0.4481359416620948	0.580359891287993	0.4655990234700569	0.0
hard:28593007	hard	A	A	True	True		0.9124903123824081	0.9124903123824081	0.010695072798310687	0.9015516014302092	0.0
easy:186668002	easy	A	A	True	True		0.9394445425333561	0.9394445425333561	0.004700279802777244	0.9318751103500257	0.0
easy:20392000	easy	A	A	True	True		0.5591476288024938	0.5591476288024938	0.36085486935833544	0.5040410824028055	0.0
hard:442416002	hard	A	A	True	True		0.9384973692958428	0.9384973692958428	0.004586951248401693	0.9308095404578233	0.0
retrieval-miss:234110002	retrieval-miss	none	none	True	False		0.9256769896470796	0.9256769896470796	0.006451997524779111	0.9163866133529645	0.0
easy:404086000	easy	A	A	True	True		0.9399890548667851	0.9399890548667851	0.004596114655506584	0.9324876867251332	0.0
easy:367542003	easy	A	A	True	True		0.9370612082164491	0.9370612082164491	0.004989124748732001	0.9291938592435053	0.0
easy:123596001	easy	A	A	True	True		0.9325701977127059	0.9325701977127059	0.0059311298709339355	0.9241414724267941	0.0
easy:49723003	easy	A	A	True	True		0.9381799628232927	0.9381799628232927	0.004736817212616866	0.9304524581762044	0.0
none-narrower:1231379009	none-narrower	none	A	False	False		0.46595058796036953	0.46595058796036953	0.5058855671564628	0.39919441145541573	0.0
hard:719454003	hard	A	A	True	True		0.945476093669165	0.945476093669165	0.003505069373326118	0.9386606053778107	0.0
hard:764997000	hard	A	A	True	True		0.9550805322108472	0.9550805322108472	0.00239157423503042	0.9494655987372033	0.0
easy:201192006	easy	A	A	True	True		0.9358509589442869	0.9358509589442869	0.004815025443870739	0.9278323288123228	0.0
hard:718848000	hard	A	A	True	True		0.9265159386073235	0.9265159386073235	0.006523352587000855	0.9173304309332391	0.0
none-narrower:16932000	none-narrower	none	B	False	False		0.7814825684407635	0.13705155518750825	1.3578802840611548	0.754167889495859	0.0
hard:82852009	hard	A	A	True	True		0.9045741546944978	0.9045741546944978	0.012495870130296901	0.89264592403131	0.0
easy:92040001	easy	A	A	True	True		0.9523601689061574	0.9523601689061574	0.0027731202474787697	0.946405190019427	0.0
hard:36667009	hard	A	A	True	True		0.9592345405670161	0.9592345405670161	0.001932889358576892	0.9541388581378932	0.0
hard:254068007	hard	A	A	True	True		0.9244176457620038	0.9244176457620038	0.007111747953407599	0.9149698514822544	0.0
hard:31323000	hard	A	A	True	True		0.9487470435388158	0.9487470435388158	0.0031006180557452967	0.9423404239811679	0.0
easy:60168000	easy	A	A	True	True		0.9494937860542675	0.9494937860542675	0.0029912952009723453	0.943180509311051	0.0
easy:764859001	easy	A	A	True	True		0.9486386553031443	0.9486386553031443	0.003109432005150607	0.9422184872160373	0.0
none-narrower:1052239007	none-narrower	none	E	False	False		0.4696967450503825	0.34226040036780186	0.6715195106751288	0.40340883818168033	0.0
hard:237889002	hard	A	A	True	True		0.9514277931103655	0.9514277931103655	0.0028309504207160037	0.9453562672491613	0.0
none-narrower:105710000	none-narrower	none	none	True	False		0.4745542646304495	0.4745542646304495	0.4096141933033013	0.4088735477092557	0.0
easy:1092381000119100	easy	A	A	True	True		0.8754659473850088	0.8754659473850088	0.024780838633867625	0.8598991908081349	0.0
easy:719514002	easy	A	A	True	True		0.944693243010187	0.944693243010187	0.0037081175286195057	0.9377798983864605	0.0
hard:126907002	hard	D	B	False	False		0.7462427467221474	0.02295142065107332	1.5558871746060277	0.714523090062416	0.0
hard:764440006	hard	B	B	True	False		0.9532939174543327	0.9532939174543327	0.0026101296918573363	0.9474556571361242	0.0
easy:766870005	easy	B	B	True	False		0.9653984433986077	0.9653984433986077	0.0014000706073325772	0.9610732488234338	0.0
hard:720495005	hard	A	A	True	True		0.9583114889416134	0.9583114889416134	0.002115370422267697	0.9531004250593152	0.0
hard:711483003	hard	A	A	True	True		0.9305057695111003	0.9305057695111003	0.0060270085645866694	0.9218189906999879	0.0
hard:254774003	hard	A	A	True	True		0.9482992285836869	0.9482992285836869	0.0031868073834854277	0.9418366321566477	0.0
retrieval-miss:719663005	retrieval-miss	none	none	True	False		0.6280412592729484	0.6280412592729484	0.22584451027693295	0.5815464166820671	0.0
easy:28366008	easy	A	A	True	True		0.9430019384059	0.9430019384059	0.0038265440800090756	0.9358771807066376	0.0
none-narrower:240704003	none-narrower	none	none	True	False		0.7101601962481504	0.7101601962481504	0.11575545536576769	0.6739302207791693	0.0
easy:707374005	easy	A	A	True	True		0.9487288061707537	0.9487288061707537	0.0031985272532739275	0.9423199069420979	0.0
retrieval-miss:238019007	retrieval-miss	none	none	True	False		0.7087087982122957	0.7087087982122957	0.140372786779291	0.6722973979888327	0.0
hard:402425006	hard	A	A	True	True		0.9469738354772275	0.9469738354772275	0.003413525065100142	0.9403455649118809	0.0
none-narrower:724647003	none-narrower	none	A	False	False		0.7946184512943885	0.16325024372849484	1.3319046595108972	0.7689457577061871	0.0
easy:26029002	easy	A	A	True	True		0.9375212422468562	0.9375212422468562	0.004850927918816354	0.9297113975277131	0.0
easy:300988009	easy	A	A	True	True		0.9189727400551814	0.9189727400551814	0.007755916346220037	0.9088443325620792	0.0
easy:371160000	easy	A	A	True	True		0.8494686410353526	0.8494686410353526	0.03263410758900453	0.8306522211647718	0.0
easy:2589008	easy	A	A	True	True		0.9575707760344659	0.9575707760344659	0.0021178630653926546	0.9522671230387743	0.0
hard:83172007	hard	A	A	True	True		0.9199880450045915	0.9199880450045915	0.007867678932017305	0.9099865506301655	0.0
hard:266254007	hard	A	A	True	True		0.8806734605655323	0.8806734605655323	0.017618247582235853	0.8657576431362239	0.0
hard:128123007	hard	A	B	False	True		0.7558241022821508	0.07038232573006106	1.454085137105195	0.7253021150674196	0.0
easy:399906000	easy	A	A	True	True		0.9358993998681102	0.9358993998681102	0.004827123383849798	0.927886824851624	0.0
hard:62005008	hard	A	A	True	True		0.8974318884954547	0.8974318884954547	0.014341487458573776	0.8846108745573867	0.0
retrieval-miss:197284004	retrieval-miss	none	none	True	False		0.6929650411183158	0.6929650411183158	0.13050215184195546	0.6545856712581054	0.0
easy:60389000	easy	A	A	True	True		0.9099960310953106	0.9099960310953106	0.012089288724902949	0.8987455349822244	0.0
easy:55850004	easy	A	A	True	True		0.9438184512133325	0.9438184512133325	0.003990952626357347	0.9367957576149991	0.0
hard:763209008	hard	A	A	True	True		0.9479277077187033	0.9479277077187033	0.0032317512849185286	0.9414186711835413	0.0
easy:123948009	easy	B	B	True	False		0.955598096665011	0.955598096665011	0.0022952071202820036	0.9500478587481375	0.0
none-narrower:197853008	none-narrower	none	C	False	False		0.9440577123624414	0.024785484977871305	1.8425001177776874	0.9370649264077465	0.0
hard:53783003	hard	A	A	True	True		0.9382644337808702	0.9382644337808702	0.0046806727842811	0.9305474880034791	0.0
hard:722389002	hard	A	A	True	True		0.933661027910798	0.933661027910798	0.005899334137124433	0.9253686563996477	0.0
hard:9078005	hard	A	A	True	True		0.946857012312243	0.946857012312243	0.0033620795648819195	0.9402141388512735	0.0
hard:234349007	hard	A	A	True	True		0.9144742077722589	0.9144742077722589	0.009672535420905948	0.9037834837437914	0.0
easy:63042009	easy	A	A	True	True		0.9413644025132261	0.9413644025132261	0.0041318017382022615	0.9340349528273795	0.0
easy:404077005	easy	A	A	True	True		0.9091333688842116	0.9091333688842116	0.011355987670037315	0.8977750399947381	0.0
hard:93559003	hard	A	A	True	True		0.9498454571352206	0.9498454571352206	0.0029372054228519783	0.9435761392771231	0.0
easy:92660005	easy	A	A	True	True		0.9470405739280189	0.9470405739280189	0.0034436331327072998	0.9404206456690214	0.0
hard:187675005	hard	A	A	True	True		0.9364535445739223	0.9364535445739223	0.004842617451777611	0.9285102376456627	0.0
hard:34713006	hard	A	A	True	True		0.9575674134657541	0.9575674134657541	0.0021064610516009735	0.9522633401489734	0.0
none-narrower:1090651000119103	none-narrower	none	A	False	False		0.7012342212687048	0.19770571209805002	1.1414732002206065	0.663888498927293	0.0
hard:253353007	hard	A	A	True	True		0.9455522841220342	0.9455522841220342	0.003507864459803851	0.9387463196372886	0.0
easy:239918008	easy	A	A	True	True		0.9339063248006416	0.9339063248006416	0.005333452263220725	0.9256446154007218	0.0
none-narrower:30390004	none-narrower	none	A	False	False		0.6696012444647763	0.3035036049115242	0.9336752120237184	0.6283014000228734	0.0
hard:63144007	hard	A	A	True	True		0.9573489400381712	0.9573489400381712	0.0021294557433782957	0.9520175575429426	0.0
easy:230350000	easy	A	A	True	True		0.9553929944248453	0.9553929944248453	0.002327672223041089	0.949817118727951	0.0
easy:255037004	easy	A	A	True	True		0.9027922418064402	0.9027922418064402	0.01214186524902597	0.8906412720322453	0.0
hard:128333008	hard	A	A	True	True		0.8307784866931418	0.8307784866931418	0.04454599563798563	0.8096257975297845	0.0
easy:254589009	easy	A	A	True	True		0.9395542115947791	0.9395542115947791	0.004299861284234121	0.9319984880441267	0.0
easy:399995006	easy	A	A	True	True		0.9489233274330678	0.9489233274330678	0.003087505153631196	0.9425387433622014	0.0
hard:444150000	hard	A	A	True	True		0.9046282904957238	0.9046282904957238	0.011276407812850517	0.8927068268076894	0.0
easy:427232004	easy	A	A	True	True		0.9374815346231379	0.9374815346231379	0.005109308387166053	0.9296667264510302	0.0
easy:253098009	easy	A	A	True	True		0.9449727990364638	0.9449727990364638	0.0036009433205063685	0.9380943989160218	0.0
easy:65295003	easy	A	A	True	True		0.9506319522233101	0.9506319522233101	0.002924651104357805	0.944460946251224	0.0
hard:204950001	hard	A	A	True	True		0.9492261525644573	0.9492261525644573	0.0030194541348587778	0.9428794216350146	0.0
easy:63398001	easy	A	A	True	True		0.9057244357389144	0.9057244357389144	0.011449810686331075	0.8939399902062788	0.0
easy:13468005	easy	A	A	True	True		0.9460624087123096	0.9460624087123096	0.003697348901875513	0.9393202098013484	0.0
easy:86299006	easy	A	A	True	True		0.9398388925207389	0.9398388925207389	0.004634180874262573	0.9323187540858314	0.0
hard:55822004	hard	A	A	True	True		0.9106480981373692	0.9106480981373692	0.010469690825202105	0.8994791104045404	0.0
hard:20957000	hard	A	A	True	True		0.5795030241018483	0.5795030241018483	0.30848688228634735	0.5269409021145793	0.0
none-narrower:70783003	none-narrower	none	none	True	False		0.893215560457245	0.893215560457245	0.013502335564150886	0.8798675055144007	0.0
easy:40122008	easy	A	A	True	True		0.9302567511256735	0.9302567511256735	0.006230463581831834	0.9215388450163828	0.0
easy:27885002	easy	A	A	True	True		0.9301782898596265	0.9301782898596265	0.005744294716523056	0.9214505760920798	0.0
easy:371089000	easy	A	A	True	True		0.9562620333526953	0.9562620333526953	0.002347646790749291	0.9507947875217824	0.0
hard:255072001	hard	A	A	True	True		0.9156434324434944	0.9156434324434944	0.008865490469929875	0.9050988614989314	0.0
hard:127231009	hard	A	A	True	True		0.9053927161146447	0.9053927161146447	0.012157185062310746	0.8935668056289753	0.0
none-narrower:428592003	none-narrower	none	none	True	False		0.5242675219633465	0.5242675219633465	0.42699378331126836	0.4648009622087648	0.0
none-narrower:406570003	none-narrower	none	A	False	False		0.47772894812482725	0.34811327578621615	0.6691362784818989	0.4124450666404307	0.0
hard:65049003	hard	A	A	True	True		0.9474284962754963	0.9474284962754963	0.0033785357132765847	0.9408570583099335	0.0
easy:765096001	easy	A	A	True	True		0.9511683066540242	0.9511683066540242	0.0027731641302266193	0.9450643449857772	0.0
easy:763536006	easy	A	A	True	True		0.9506894809254725	0.9506894809254725	0.0028843360503072162	0.9445256660411565	0.0
easy:429735007	easy	A	A	True	True		0.9078681807597118	0.9078681807597118	0.011615940440215352	0.8963517033546757	0.0
hard:90584004	hard	A	A	True	True		0.9397465143867091	0.9397465143867091	0.004401535859228431	0.9322148286850478	0.0
easy:58868000	easy	A	A	True	True		0.9465805031080265	0.9465805031080265	0.0034921443085969652	0.9399030659965298	0.0
none-narrower:20239009	none-narrower	none	none	True	False		0.7787936487383287	0.7787936487383287	0.060281989315466564	0.7511428548306197	0.0
easy:722006004	easy	A	A	True	True		0.9517265836917919	0.9517265836917919	0.0028664976491352807	0.9456924066532658	0.0
hard:236746000	hard	A	A	True	True		0.9295040359942837	0.9295040359942837	0.006117806688010499	0.9206920404935691	0.0
hard:271532008	hard	A	A	True	True		0.9382597729834333	0.9382597729834333	0.004449987872271927	0.9305422446063626	0.0
hard:198130006	hard	A	A	True	True		0.9068365128452001	0.9068365128452001	0.012806855133577242	0.8951910769508501	0.0
retrieval-miss:716996008	retrieval-miss	none	A	False	False		0.95289423559036	0.018229837160360297	1.8720667598663683	0.947006015039155	0.0
hard:231861005	hard	A	A	True	True		0.8158407564223091	0.8158407564223091	0.046310366103034524	0.7928208509750978	0.0
easy:367520004	easy	A	A	True	True		0.9445345519155752	0.9445345519155752	0.0036371197996901607	0.9376013709050222	0.0
hard:724575009	hard	A	A	True	True		0.9237218503358475	0.9237218503358475	0.007403094365341971	0.9141870816278285	0.0
easy:22298006	easy	A	A	True	True		0.8937887515684801	0.8937887515684801	0.015782933402084486	0.8805123455145402	0.0
easy:709282004	easy	A	A	True	True		0.9457628671354338	0.9457628671354338	0.0035785353884541966	0.9389832255273631	0.0
hard:763309005	hard	A	A	True	True		0.9401903043039602	0.9401903043039602	0.0047077562166577816	0.9327140923419553	0.0
retrieval-miss:16459000	retrieval-miss	none	none	True	False		0.9337030838627443	0.9337030838627443	0.005306945175676047	0.9254159693455872	0.0
easy:63119004	easy	A	A	True	True		0.9472034374745384	0.9472034374745384	0.003239050586086699	0.9406038671588557	0.0
hard:254114000	hard	A	A	True	True		0.733606906712331	0.733606906712331	0.10505532268524967	0.7003077700513723	0.0
hard:763658004	hard	A	A	True	True		0.9507804660771685	0.9507804660771685	0.0028602376362338307	0.9446280243368147	0.0
easy:81211007	easy	A	A	True	True		0.8941751260106491	0.8941751260106491	0.015457688374860964	0.8809470167619803	0.0
hard:26745009	hard	A	A	True	True		0.9428778832464437	0.9428778832464437	0.0039020938682709687	0.9357376186522491	0.0
easy:432328008	easy	A	A	True	True		0.9452387525488255	0.9452387525488255	0.003510583219133105	0.9383935966174287	0.0
easy:68116008	easy	A	A	True	True		0.9479025914313391	0.9479025914313391	0.003232477988835048	0.9413904153602567	0.0
hard:18260003	hard	A	A	True	True		0.958009942231751	0.958009942231751	0.002094841076283137	0.9527611850107198	0.0
hard:25569003	hard	A	A	True	True		0.9351798944531682	0.9351798944531682	0.0049744309952899825	0.9270773812598142	0.0
none-narrower:724612006	none-narrower	none	H	False	False		0.513771547264324	0.2728023380006151	0.8323677496345525	0.4529929906723645	0.0
easy:254898001	easy	A	A	True	True		0.9444682105496078	0.9444682105496078	0.0037129798602485897	0.9375267368683088	0.0
none-narrower:126999006	none-narrower	none	none	True	False		0.4005815872252705	0.4005815872252705	0.5298055904073335	0.3256542856284293	0.0
hard:75614007	hard	A	A	True	True		0.9436616470866953	0.9436616470866953	0.0037859376116595772	0.9366193529725323	0.0
easy:74100001	easy	A	A	True	True		0.4189553886012258	0.4189553886012258	0.5019208355050673	0.346324812176379	0.0
easy:192644005	easy	A	A	True	True		0.952637542213784	0.952637542213784	0.0026833139620135163	0.9467172349905071	0.0
none-narrower:370494002	none-narrower	none	F	False	False		0.3884522783930937	0.24162745843571895	0.7965170320563204	0.31200881319223045	0.0
none-narrower:94514000	none-narrower	none	A	False	False		0.48792210919370144	0.4165048271076419	0.584009765656033	0.42391237284291416	0.0
easy:717789008	easy	A	A	True	True		0.9544291465685325	0.9544291465685325	0.0025211446237482634	0.9487327898895992	0.0
hard:715825009	hard	A	A	True	True		0.9534464609966807	0.9534464609966807	0.002583157928561346	0.9476272686212659	0.0
retrieval-miss:408642003	retrieval-miss	none	none	True	False		0.5876271395692353	0.5876271395692353	0.2509474065143042	0.5360805320153897	0.0
hard:30292005	hard	A	A	True	True		0.9439090294139985	0.9439090294139985	0.0037676560225898695	0.9368976580907482	0.0
easy:196102003	easy	A	A	True	True		0.9511489391541178	0.9511489391541178	0.002888204907086682	0.9450425565483827	0.0
easy:722034006	easy	A	A	True	True		0.9115155048145462	0.9115155048145462	0.010850027207685058	0.9004549429163645	0.0
hard:11314008	hard	A	A	True	True		0.9233058300124942	0.9233058300124942	0.007336053112889854	0.9137190587640561	0.0
none-narrower:831000119103	none-narrower	none	A	False	False		0.9297281198543191	0.03349777172007837	1.7987684079023838	0.9209441348361092	0.0
hard:725141006	hard	A	A	True	True		0.939639253346643	0.939639253346643	0.004248810543658668	0.9320941600149735	0.0
retrieval-miss:238534006	retrieval-miss	none	none	True	False		0.9265244929335912	0.9265244929335912	0.006229950011463691	0.9173400545502901	0.0
hard:724384008	hard	A	A	True	True		0.9527947519914703	0.9527947519914703	0.002673737401208021	0.9468940959904041	0.0
hard:723823004	hard	A	A	True	True		0.9499170254077111	0.9499170254077111	0.00301366976248033	0.943656653583675	0.0
none-narrower:721781004	none-narrower	none	A	False	False		0.9132185074054259	0.045153932329541915	1.7460530520247477	0.9023708208311042	0.0
retrieval-miss:69646003	retrieval-miss	none	none	True	False		0.9461573622221842	0.9461573622221842	0.003388585595897652	0.9394270324999572	0.0
retrieval-miss:431396003	retrieval-miss	none	B	False	False		0.7648565327841458	0.1840796110865729	1.2517262633861512	0.7354635993821641	0.0
hard:42908004	hard	A	A	True	True		0.9088862893727738	0.9088862893727738	0.01226442218643035	0.8974970755443705	0.0
easy:74469006	easy	B	B	True	False		0.8846569178413083	0.8846569178413083	0.0187068379227553	0.870239032571472	0.0
retrieval-miss:10170007	retrieval-miss	none	C	False	False		0.9569830027219118	0.011388086956626575	1.8933679902344918	0.9516058780621509	0.0
hard:18756002	hard	A	A	True	True		0.9194646749924604	0.9194646749924604	0.008424786170214358	0.909397759366518	0.0
none-narrower:1217382002	none-narrower	none	none	True	False		0.8286298459303747	0.8286298459303747	0.035943890097351126	0.8072085766716716	0.0
retrieval-miss:234062003	retrieval-miss	none	A	False	False		0.9043829050508265	0.06136690891019777	1.6992318404971969	0.8924307681821798	0.0
hard:765141005	hard	A	A	True	True		0.9497565915887688	0.9497565915887688	0.0029650625346722666	0.943476165537365	0.0
hard:715462003	hard	A	A	True	True		0.9531307037541212	0.9531307037541212	0.0025700006248559493	0.9472720417233864	0.0
easy:88232005	easy	A	A	True	True		0.9299583524908328	0.9299583524908328	0.0061295484582997405	0.9212031465521869	0.0
none-narrower:272006008	none-narrower	none	none	True	False		0.5041231959273124	0.5041231959273124	0.3863621997390837	0.4421385954182264	0.0
easy:400179000	easy	A	A	True	True		0.917620906355942	0.917620906355942	0.008635600303443737	0.9073235196504347	0.0
easy:81854007	easy	A	A	True	True		0.9414090700250036	0.9414090700250036	0.004133752003024189	0.9340852037781292	0.0
retrieval-miss:237692001	retrieval-miss	none	A	False	False		0.7876419213025903	0.18956341204837182	1.2773064291178973	0.7610971614654141	0.0
none-narrower:1145446000	none-narrower	none	A	False	False		0.6027229986422009	0.3749094386429834	0.754161267729399	0.553063373472476	0.0
easy:89723004	easy	A	A	True	True		0.9522841114202409	0.9522841114202409	0.002736220060720506	0.946319625347771	0.0
hard:719825000	hard	A	A	True	True		0.9292227194864345	0.9292227194864345	0.00674677661941149	0.9203755594222389	0.0
hard:74400008	hard	A	A	True	True		0.9457922255711232	0.9457922255711232	0.0034108648020636924	0.9390162537675137	0.0
hard:41910004	hard	A	A	True	True		0.9394518115413247	0.9394518115413247	0.004342933546065128	0.9318832879839904	0.0
easy:253103006	easy	A	A	True	True		0.9479141066415835	0.9479141066415835	0.0031968138002011893	0.9414033699717814	0.0
easy:92437008	easy	A	A	True	True		0.9424129561892107	0.9424129561892107	0.00393132877965628	0.935214575712862	0.0
easy:38371006	easy	A	A	True	True		0.9488951792684063	0.9488951792684063	0.0032405273907695825	0.9425070766769572	0.0
easy:715770009	easy	A	A	True	True		0.9584879414475017	0.9584879414475017	0.0020095978856024457	0.9532989341284396	0.0
hard:196027008	hard	A	A	True	True		0.9458790123925661	0.9458790123925661	0.0034076444377523214	0.9391138889416369	0.0
hard:719164000	hard	A	A	True	True		0.9485952895770848	0.9485952895770848	0.0031895362287583653	0.9421697007742205	0.0
none-narrower:403373008	none-narrower	none	H	False	False		0.9268418698226244	0.02077180110633074	1.8185499731211259	0.9176971035504524	0.0
hard:416481006	hard	A	A	True	True		0.9421200164355833	0.9421200164355833	0.003863484581693463	0.9348850184900314	0.0
none-narrower:94973007	none-narrower	none	none	True	False		0.7568302605427387	0.7568302605427387	0.10493593708865798	0.7264340431105811	0.0
hard:237604008	hard	A	A	True	True		0.9279311501274701	0.9279311501274701	0.006457749227931317	0.9189225438934038	0.0
hard:86341008	hard	A	A	True	True		0.8947802868590109	0.8947802868590109	0.01518371015858452	0.8816278227163873	0.0
hard:171131006	hard	A	A	True	True		0.9197418865305956	0.9197418865305956	0.008399099723083675	0.9097096223469202	0.0
none-narrower:95255005	none-narrower	none	A	False	False		0.715007468504573	0.23615508725707124	1.095630796148003	0.6793834020676447	0.0
none-narrower:1156852009	none-narrower	none	none	True	False		0.67023889039592	0.67023889039592	0.1377416408472449	0.62901875169541	0.0
easy:56604005	easy	A	A	True	True		0.9468155590961038	0.9468155590961038	0.0032906267793193066	0.9401675039831168	0.0
retrieval-miss:17406005	retrieval-miss	none	none	True	False		0.5368111870615478	0.5368111870615478	0.36962091382345846	0.47891258544424137	0.0
retrieval-miss:720635002	retrieval-miss	none	none	True	False		0.8868420637206671	0.8868420637206671	0.015450960199965304	0.8726973216857504	0.0
hard:116381000119105	hard	A	A	True	True		0.9148759290967172	0.9148759290967172	0.008859130302412673	0.9042354202338069	0.0
easy:69163003	easy	A	A	True	True		0.8772800095178355	0.8772800095178355	0.024458578145768496	0.8619400107075649	0.0
easy:719140001	easy	A	A	True	True		0.94797907964429	0.94797907964429	0.003353365335094393	0.9414764645998261	0.0
retrieval-miss:425740005	retrieval-miss	none	none	True	False		0.9376869430107662	0.9376869430107662	0.005015840761976937	0.9298978108871119	0.0
none-narrower:2858002	none-narrower	none	C	False	False		0.5573826615891765	0.21566046682440368	0.9603391266391577	0.5020554942878236	0.0
none-narrower:94682004	none-narrower	none	A	False	False		0.730920009592198	0.2414107115672808	1.1098795039054146	0.697285010791223	0.0
hard:403900000	hard	A	B	False	True		0.9301782619697224	0.033513988756932706	1.7997298013535883	0.9214505447159378	0.0
hard:197866008	hard	A	A	True	True		0.9401264695646654	0.9401264695646654	0.004519184830023907	0.9326422782602486	0.0
retrieval-miss:16814004	retrieval-miss	none	none	True	False		0.5658127770985744	0.5658127770985744	0.35862514032858184	0.5115393742358962	0.0
easy:111798006	easy	A	A	True	True		0.9497996971767867	0.9497996971767867	0.0029912810383329784	0.9435246593238852	0.0
hard:234451005	hard	A	A	True	True		0.9322185399819058	0.9322185399819058	0.0060263039840021924	0.9237458574796441	0.0
easy:58718002	easy	A	A	True	True		0.9485438787426055	0.9485438787426055	0.0031719668931484944	0.9421118635854312	0.0
easy:720612000	easy	A	A	True	True		0.9504259154070703	0.9504259154070703	0.002955722601653124	0.9442291548329542	0.0
easy:363358000	easy	A	A	True	True		0.8937347006909995	0.8937347006909995	0.01461558894674025	0.8804515382773744	0.0
easy:53974002	easy	A	A	True	True		0.9550421994635523	0.9550421994635523	0.002418018307857714	0.9494224743964963	0.0
hard:85559002	hard	B	B	True	False		0.9495842095887324	0.9495842095887324	0.0031209828686571454	0.9432822357873238	0.0
hard:187681002	hard	A	A	True	True		0.8903033647029174	0.8903033647029174	0.017529155842780888	0.8765912852907821	0.0
easy:254129003	easy	A	A	True	True		0.9500577295813427	0.9500577295813427	0.0029509114181547574	0.9438149457790107	0.0
hard:62377009	hard	A	A	True	True		0.9539636900348888	0.9539636900348888	0.002604948726711472	0.94820915128925	0.0
hard:76976005	hard	A	A	True	True		0.8773464717021884	0.8773464717021884	0.01959331984275234	0.862014780664962	0.0
hard:19138001	hard	A	A	True	True		0.9475034716196252	0.9475034716196252	0.0032657697253783004	0.9409414055720785	0.0
easy:18842008	easy	A	A	True	True		0.9147894898994625	0.9147894898994625	0.009443547634668665	0.9041381761368954	0.0
retrieval-miss:10087007	retrieval-miss	none	none	True	False		0.8839514222613886	0.8839514222613886	0.01800205225082242	0.8694453500440622	0.0
hard:190724004	hard	A	A	True	True		0.9462998039299976	0.9462998039299976	0.003434339016697699	0.9395872794212474	0.0
easy:404057003	easy	A	A	True	True		0.9422384770394631	0.9422384770394631	0.004067770792322809	0.935018286669396	0.0
easy:264443002	easy	A	A	True	True		0.9531556140490914	0.9531556140490914	0.0026728937770522194	0.947300065805228	0.0
easy:363433009	easy	A	A	True	True		0.9059502778622801	0.9059502778622801	0.011314139453431914	0.8941940625950651	0.0
hard:28670008	hard	A	A	True	True		0.9454340694729658	0.9454340694729658	0.003512373388793853	0.9386133281570866	0.0
hard:92386006	hard	A	A	True	True		0.9433273012303164	0.9433273012303164	0.003767789893106835	0.936243213884106	0.0
none-narrower:472783006	none-narrower	none	H	False	False		0.8918108698856724	0.05165639689500442	1.6961731088771068	0.8782872286213814	0.0
easy:405822008	easy	A	A	True	True		0.9441544085906288	0.9441544085906288	0.0036738302743877555	0.9371737096644575	0.0
hard:59229005	hard	A	A	True	True		0.9498005339052205	0.9498005339052205	0.002987630914389738	0.943525600643373	0.0
none-narrower:771177009	none-narrower	none	A	False	False		0.9573224636525786	0.011392127294878367	1.893998720900125	0.9519877716091508	0.0
hard:19620000	hard	A	A	True	True		0.9555223991208592	0.9555223991208592	0.002319319027974963	0.9499626990109666	0.0
none-narrower:441530006	none-narrower	none	A	False	False		0.7786922917439749	0.18740950122967884	1.267133931463803	0.7510288282119718	0.0
hard:36989005	hard	A	A	True	True		0.9497642442893744	0.9497642442893744	0.0029532719871232477	0.9434847748255464	0.0
none-narrower:276866009	none-narrower	none	none	True	False		0.6600161547343503	0.6600161547343503	0.20545390763962798	0.6175181740761442	0.0
none-narrower:403785002	none-narrower	none	A	False	False		0.8184930903151458	0.14354225478806515	1.403816403435997	0.7958047266045392	0.0
hard:721836009	hard	A	A	True	True		0.9552094069825539	0.9552094069825539	0.0023985064022977623	0.949610582855373	0.0
none-narrower:373405005	none-narrower	none	none	True	False		0.727011764393225	0.727011764393225	0.13242453769617238	0.6928882349423782	0.0
hard:24629003	hard	A	A	True	True		0.9517001023564736	0.9517001023564736	0.0027633967986211536	0.9456626151510329	0.0
hard:404659001	hard	A	A	True	True		0.9312027997237319	0.9312027997237319	0.005754538641097135	0.9226031496891984	0.0
hard:719800009	hard	A	A	True	True		0.9501613877521381	0.9501613877521381	0.0030211844126489186	0.9439315612211555	0.0
easy:720603002	easy	A	A	True	True		0.9401627148843568	0.9401627148843568	0.004303892802528142	0.9326830542449014	0.0
hard:56267009	hard	A	A	True	True		0.946493309066652	0.946493309066652	0.00335740250429816	0.9398049726999835	0.0
none-narrower:47378001	none-narrower	none	none	True	False		0.5652928163788556	0.5652928163788556	0.26352798228992663	0.5109544184262126	0.0
hard:196305005	hard	A	A	True	True		0.9127118682425035	0.9127118682425035	0.009280078205691829	0.9018008517728164	0.0
hard:290653008	hard	A	A	True	True		0.9596576734127784	0.9596576734127784	0.001967467900433305	0.9546148825893757	0.0
retrieval-miss:21893008	retrieval-miss	none	none	True	False		0.9061212366562619	0.9061212366562619	0.010471368827142676	0.8943863912382946	0.0
easy:720344007	easy	A	A	True	True		0.805073540981754	0.805073540981754	0.05858488797627561	0.7807077336044732	0.0
easy:95210003	easy	A	A	True	True		0.9490847928796698	0.9490847928796698	0.0030837910387375724	0.9427203919896286	0.0
none-narrower:724749007	none-narrower	none	none	True	False		0.3994484343392716	0.3994484343392716	0.538715878520693	0.32437948863168053	0.0
hard:12676007	hard	A	A	True	True		0.9464693225273184	0.9464693225273184	0.0034514210093848805	0.9397779878432332	0.0
easy:89392001	easy	A	A	True	True		0.9441536490035046	0.9441536490035046	0.0036329402112884744	0.9371728551289428	0.0
easy:37754005	easy	A	A	True	True		0.94582767568433	0.94582767568433	0.003535929612141798	0.9390561351448713	0.0
easy:721015008	easy	B	B	True	False		0.9591936162346516	0.9591936162346516	0.0020322804004038507	0.9540928182639832	0.0
hard:443439001	hard	A	A	True	True		0.919139482028002	0.919139482028002	0.007924575225877398	0.9090319172815023	0.0
hard:716683005	hard	A	A	True	True		0.9573746264520768	0.9573746264520768	0.0021638413608927225	0.9520464547585864	0.0
none-narrower:231929005	none-narrower	none	none	True	False		0.6372700130902487	0.6372700130902487	0.2173063586370281	0.5919287647265298	0.0
easy:8635005	easy	A	A	True	True		0.9496737597732358	0.9496737597732358	0.0030076055128827324	0.9433829797448904	0.0
hard:93390002	hard	A	A	True	True		0.8776121392255912	0.8776121392255912	0.020735208897366	0.8623136566287902	0.0
hard:371199008	hard	A	A	True	True		0.9220855294841583	0.9220855294841583	0.007637468283176826	0.9123462206696781	0.0
easy:239085000	easy	B	B	True	False		0.9522591728854378	0.9522591728854378	0.0026243384192830674	0.9462915694961177	0.0
easy:69080001	easy	A	A	True	True		0.8998178907052251	0.8998178907052251	0.012905618315940658	0.8872951270433783	0.0
hard:768843007	hard	A	A	True	True		0.9560560153710157	0.9560560153710157	0.0022725558679516254	0.9505630172923928	0.0
easy:89420002	easy	A	A	True	True		0.8513693973098566	0.8513693973098566	0.03144952047523609	0.8327905719735886	0.0
easy:763215008	easy	A	A	True	True		0.9506292306935539	0.9506292306935539	0.002977456955932916	0.9444578845302483	0.0
easy:717749002	easy	A	A	True	True		0.9532316818581736	0.9532316818581736	0.002605093988052961	0.9473856420904453	0.0
easy:47709007	easy	A	A	True	True		0.9225271239923363	0.9225271239923363	0.007646422085781774	0.9128430144913783	0.0
hard:720984008	hard	A	A	True	True		0.95321496057452	0.95321496057452	0.002607767754886837	0.9473668306463352	0.0
none-narrower:255169005	none-narrower	none	B	False	False		0.5465128903279182	0.39823496323677565	0.6627204155161943	0.48982700161890796	0.0
hard:234628004	hard	A	A	True	True		0.9473270033957415	0.9473270033957415	0.003324131517128893	0.9407428788202091	0.0
hard:722456001	hard	A	A	True	True		0.9495167258071898	0.9495167258071898	0.003059354804157636	0.9432063165330886	0.0
hard:24752008	hard	A	A	True	True		0.9375692244333012	0.9375692244333012	0.004679424766756203	0.9297653774874638	0.0
hard:733520002	hard	A	A	True	True		0.9527018454630285	0.9527018454630285	0.00255383846843788	0.9467895761459071	0.0
retrieval-miss:88887003	retrieval-miss	none	none	True	False		0.6954668263600657	0.6954668263600657	0.16564734051902116	0.657400179655074	0.0
easy:716091000	easy	A	A	True	True		0.9457298628355709	0.9457298628355709	0.0035946170414458056	0.9389460956900174	0.0
none-narrower:271570007	none-narrower	none	A	False	False		0.45652573041199074	0.45652573041199074	0.5055341156910707	0.3885914467134896	0.0
hard:55735004	hard	A	A	True	True		0.9178812169403507	0.9178812169403507	0.008825505025473437	0.9076163690578946	0.0
hard:13920009	hard	A	A	True	True		0.9407044391901328	0.9407044391901328	0.004255114425999563	0.9332924940888995	0.0
easy:1279844009	easy	A	A	True	True		0.9493245973730007	0.9493245973730007	0.0030589470144233256	0.9429901720446258	0.0
none-narrower:312224002	none-narrower	none	A	False	False		0.5637259091417162	0.4107778610867227	0.6652108327620747	0.5091916477844307	0.0
easy:764996009	easy	A	A	True	True		0.9428753850067165	0.9428753850067165	0.003916774952624966	0.9357348081325562	0.0
none-narrower:254196004	none-narrower	none	A	False	False		0.9035043258487171	0.05233373169951378	1.7149116079114206	0.8914423665798068	0.0
easy:703266007	easy	A	A	True	True		0.9004771610568068	0.9004771610568068	0.01226318172366955	0.8880368061889076	0.0
none-narrower:773610007	none-narrower	none	A	False	False		0.9564863137887751	0.011382176823886855	1.8924200742559498	0.951047103012372	0.0
none-narrower:447706001	none-narrower	none	B	False	False		0.556380201740006	0.40542516300090653	0.6636444389267315	0.5009277269575068	0.0
hard:763528002	hard	A	A	True	True		0.9452746394888063	0.9452746394888063	0.003513054042562939	0.9384339694249071	0.0
hard:70737009	hard	C	C	True	False		0.9622208016332081	0.9622208016332081	0.001691981824897125	0.9574984018373591	0.0
hard:25374005	hard	A	A	True	True		0.9194871660073405	0.9194871660073405	0.008085839113120887	0.909423061758258	0.0
retrieval-miss:237687003	retrieval-miss	none	none	True	False		0.9342716545290303	0.9342716545290303	0.00501503603391291	0.9260556113451591	0.0
retrieval-miss:703403003	retrieval-miss	none	none	True	False		0.8173894869246227	0.8173894869246227	0.04426093454651876	0.7945631727902006	0.0
hard:1271009	hard	A	A	True	True		0.9496788738524411	0.9496788738524411	0.00300764266176935	0.9433887330839962	0.0
hard:85708001	hard	A	A	True	True		0.9357539698437082	0.9357539698437082	0.005056527679225266	0.9277232160741719	0.0
none-narrower:111850006	none-narrower	none	C	False	False		0.6875483039046926	0.2270857453416211	1.0733000799283294	0.6484918418927791	0.0
easy:725413002	easy	A	A	True	True		0.9557489440392817	0.9557489440392817	0.0023373702497158353	0.9502175620441918	0.0
hard:238047006	hard	A	A	True	True		0.9540621627277354	0.9540621627277354	0.0024755452429437393	0.9483199330687024	0.0
easy:230655004	easy	A	A	True	True		0.937822965169002	0.937822965169002	0.004916682474426256	0.9300508358151273	0.0
easy:25476006	easy	A	A	True	True		0.9348143234508913	0.9348143234508913	0.00560040055115281	0.9266661138822528	0.0
hard:719209002	hard	A	A	True	True		0.956243841115841	0.956243841115841	0.002219165348398329	0.9507743212553212	0.0
hard:443520009	hard	A	A	True	True		0.9262238243183114	0.9262238243183114	0.0066243334715375786	0.9170018023581004	0.0
none-narrower:1259592000	none-narrower	none	A	False	False		0.8470738337592353	0.09240480085645425	1.5423836513997111	0.8279580629791398	0.0
none-narrower:373422007	none-narrower	none	A	False	False		0.6139556257862087	0.32599812289277386	0.8320717298002088	0.5657000790094847	0.0
easy:721835008	easy	A	A	True	True		0.952338449322506	0.952338449322506	0.002727639078920337	0.9463807554878192	0.0
hard:31097004	hard	D	D	True	False		0.9641510740106887	0.9641510740106887	0.001507322888967699	0.9596699582620247	0.0
easy:60136008	easy	A	A	True	True		0.9432036625825988	0.9432036625825988	0.003845077839979973	0.9361041204054237	0.0
easy:721075001	easy	A	A	True	True		0.9569451001627752	0.9569451001627752	0.002199191744956541	0.9515632376831222	0.0
easy:28783002	easy	G	G	True	False		0.9117597151845278	0.9117597151845278	0.009231117639317792	0.9007296795825938	0.0
retrieval-miss:1648002	retrieval-miss	none	none	True	False		0.5059619509100717	0.5059619509100717	0.43203408461510895	0.4442071947738307	0.0
hard:719650004	hard	A	A	True	True		0.9425309681693476	0.9425309681693476	0.003853569752690322	0.9353473391905162	0.0
easy:297237003	easy	A	A	True	True		0.9144899733613616	0.9144899733613616	0.009771550773844222	0.9038012200315318	0.0
retrieval-miss:4945003	retrieval-miss	none	none	True	False		0.9306670020281541	0.9306670020281541	0.00574327102353051	0.9220003772816735	0.0
retrieval-miss:34042008	retrieval-miss	none	E	False	False		0.47115354727810616	0.3433219040141164	0.6718011570409114	0.4050477406878695	0.0
easy:126792007	easy	A	A	True	True		0.8506837445851348	0.8506837445851348	0.03460429158706109	0.8320192126582768	0.0
easy:722059002	easy	A	A	True	True		0.9524754405082044	0.9524754405082044	0.0026085850856175322	0.9465348705717301	0.0
easy:109995007	easy	A	A	True	True		0.9429752951151681	0.9429752951151681	0.0040426204527743035	0.9358472070045643	0.0
easy:48500005	easy	A	A	True	True		0.9519864610126999	0.9519864610126999	0.0028674785539115934	0.9459847686392875	0.0
none-narrower:49481000	none-narrower	none	A	False	False		0.6068913089766057	0.3222471194184328	0.8309652478647456	0.5577527225986815	0.0
none-narrower:191820008	none-narrower	none	A	False	False		0.6368731097091814	0.2886692769384509	0.9128630216601887	0.5914822484228293	0.0
hard:43878008	hard	A	A	True	True		0.9382251164847699	0.9382251164847699	0.004635550495826437	0.9305032560453661	0.0
easy:45781009	easy	E	E	True	False		0.5981451323540713	0.5981451323540713	0.2437376346217441	0.5479132738983302	0.0
easy:722690001	easy	A	A	True	True		0.9433351683496276	0.9433351683496276	0.0038957385133625722	0.9362520643933311	0.0
none-narrower:1259443009	none-narrower	none	A	False	False		0.5149085420753415	0.09030146396453134	1.2335459862039908	0.45427210983475924	0.0
hard:41799005	hard	A	A	True	True		0.9102354854856921	0.9102354854856921	0.011160328189841138	0.8990149211714037	0.0
hard:38804009	hard	A	A	True	True		0.9438725606980168	0.9438725606980168	0.003831600047851002	0.936856630785269	0.0
easy:276954004	easy	A	A	True	True		0.9443053003388354	0.9443053003388354	0.0036177570138914397	0.93734346288119	0.0
retrieval-miss:719848005	retrieval-miss	none	G	False	False		0.8818874798595522	0.059840482820891494	1.662277186762023	0.8671234148419962	0.0
easy:24790002	easy	A	A	True	True		0.9409503164578856	0.9409503164578856	0.004091176208113216	0.9335691060151213	0.0
easy:717008005	easy	A	A	True	True		0.9416476888871502	0.9416476888871502	0.004213944745592616	0.9343536499980442	0.0
none-narrower:4702003	none-narrower	none	B	False	False		0.9346227659180372	0.02094618198670902	1.8325757485207497	0.926450611657792	0.0
none-narrower:262933008	none-narrower	none	none	True	False		0.6523679092051945	0.6523679092051945	0.17072965711595833	0.6089138978558439	0.0
retrieval-miss:61750000	retrieval-miss	none	none	True	False		0.9014298476205205	0.9014298476205205	0.011807615608643428	0.8891085785730856	0.0
hard:81577001	hard	A	A	True	True		0.9403333461297647	0.9403333461297647	0.004266922427230409	0.9328750143959853	0.0
hard:44730006	hard	A	A	True	True		0.9456617330081534	0.9456617330081534	0.003392730980949047	0.9388694496341725	0.0
none-narrower:722664004	none-narrower	none	none	True	False		0.6983877248233422	0.6983877248233422	0.11979294348406325	0.6606861904262601	0.0
hard:715907003	hard	A	A	True	True		0.9557960439727178	0.9557960439727178	0.0023187434200670743	0.9502705494693074	0.0
hard:51523009	hard	A	A	True	True		0.9422647470128346	0.9422647470128346	0.004011427279793349	0.935047840389439	0.0
retrieval-miss:445448008	retrieval-miss	none	none	True	False		0.6731709911022064	0.6731709911022064	0.16374606441169573	0.6323173649899821	0.0
retrieval-miss:37610005	retrieval-miss	none	none	True	False		0.9131542924959966	0.9131542924959966	0.009882388284059716	0.9022985790579962	0.0
hard:718602007	hard	A	A	True	True		0.9548261319244542	0.9548261319244542	0.002508811815578426	0.949179398415011	0.0
hard:49428008	hard	A	A	True	True		0.9474334422706976	0.9474334422706976	0.003263183072117119	0.9408626225545348	0.0
hard:42265009	hard	A	A	True	True		0.9169215196224116	0.9169215196224116	0.008876148489466173	0.906536709575213	0.0
hard:33064008	hard	A	A	True	True		0.9483862500911593	0.9483862500911593	0.003309805107429358	0.9419345313525542	0.0
easy:42386007	easy	A	A	True	True		0.9443756452607543	0.9443756452607543	0.0038190762196607833	0.9374226009183486	0.0
easy:254812004	easy	A	A	True	True		0.9382023149091031	0.9382023149091031	0.00492905100929647	0.9304776042727411	0.0
easy:722439009	easy	A	A	True	True		0.9538814507091125	0.9538814507091125	0.0025664194844703205	0.9481166320477515	0.0
easy:44018007	easy	B	B	True	False		0.6115518571034539	0.6115518571034539	0.23123225660769336	0.5629958392413856	0.0
retrieval-miss:279611005	retrieval-miss	none	none	True	False		0.9267833268704035	0.9267833268704035	0.006419382707187868	0.9176312427292039	0.0
hard:80813006	hard	A	A	True	True		0.9508317301206529	0.9508317301206529	0.002947342399007043	0.9446856963857346	0.0
easy:715776003	easy	A	A	True	True		0.9008736283776435	0.9008736283776435	0.013843270254720996	0.8884828319248489	0.0
none-narrower:59136001	none-narrower	none	E	False	False		0.6899848285978635	0.2278904749694802	1.076497961220011	0.6512329321725965	0.0
easy:402700001	easy	A	A	True	True		0.8932465532038196	0.8932465532038196	0.015534165902264528	0.879902372354297	0.0
easy:17608003	easy	A	A	True	True		0.9327442749130179	0.9327442749130179	0.005915784481697295	0.9243373092771452	0.0
none-narrower:1255194004	none-narrower	none	none	True	False		0.8206018327970375	0.8206018327970375	0.040915994742517336	0.7981770618966672	0.0
none-narrower:818967003	none-narrower	none	A	False	False		0.9328104817929785	0.020905565875202932	1.8293235799545065	0.9244117920171009	0.0
hard:240849009	hard	A	A	True	True		0.9523775236304497	0.9523775236304497	0.002644607372165623	0.9464247140842559	0.0
hard:389145006	hard	A	A	True	True		0.950758133447707	0.950758133447707	0.0028070477685479154	0.9446029001286704	0.0
hard:35600002	hard	A	A	True	True		0.9458808571314864	0.9458808571314864	0.003533116830945408	0.9391159642729223	0.0
hard:197270009	hard	A	A	True	True		0.9524729719095516	0.9524729719095516	0.002797355235253672	0.9465320933982456	0.0
easy:85898001	easy	A	A	True	True		0.924608523027131	0.924608523027131	0.007111842544382635	0.9151845884055224	0.0
easy:764512003	easy	A	A	True	True		0.9523885786246954	0.9523885786246954	0.002689838001868206	0.9464371509527825	0.0
none-narrower:403369005	none-narrower	none	none	True	False		0.7161614971706209	0.7161614971706209	0.11121014660406071	0.6806816843169485	0.0
hard:124596009	hard	A	A	True	True		0.9407394365892481	0.9407394365892481	0.004224667794167911	0.9333318661629041	0.0
hard:75315001	hard	A	A	True	True		0.9459743110741347	0.9459743110741347	0.003417618918464983	0.9392210999584016	0.0
hard:18735004	hard	A	A	True	True		0.9241881984622291	0.9241881984622291	0.0071989354313722765	0.9147117232700077	0.0
hard:237941007	hard	A	A	True	True		0.9449008842508074	0.9449008842508074	0.0035514567269169404	0.9380134947821585	0.0
easy:70647001	easy	A	A	True	True		0.9595876363134709	0.9595876363134709	0.0019109695503781526	0.9545360908526549	0.0
easy:35091000119101	easy	A	A	True	True		0.9447080933917223	0.9447080933917223	0.0036314839675756307	0.9377966050656877	0.0
none-narrower:10184002	none-narrower	none	none	True	False		0.8429985270305501	0.8429985270305501	0.03386121942490439	0.823373342909369	0.0
hard:35520007	hard	A	A	True	True		0.9576732331119052	0.9576732331119052	0.002116766559813521	0.9523823872508935	0.0
hard:18805001	hard	C	C	True	False		0.5303939185528843	0.5303939185528843	0.37192670017133284	0.4716931583719949	0.0
hard:126583006	hard	A	A	True	True		0.8980345091602743	0.8980345091602743	0.014731807968260555	0.8852888228053086	0.0
easy:715736008	easy	A	A	True	True		0.9532243233035842	0.9532243233035842	0.0025786520778333043	0.9473773637165323	0.0
hard:359007	hard	A	A	True	True		0.9408906388757636	0.9408906388757636	0.004203652325551259	0.9335019687352341	0.0
none-narrower:95005005	none-narrower	none	none	True	False		0.523465368958989	0.523465368958989	0.42698353222915353	0.46389854007886266	0.0
none-narrower:15966341000119102	none-narrower	none	A	False	False		0.8796056194694076	0.06991982032255149	1.6394637716959872	0.8645563219030837	0.0
easy:233667003	easy	C	C	True	False		0.66340705922917	0.66340705922917	0.204101518497195	0.6213329416328164	0.0
easy:724275005	easy	A	A	True	True		0.9497151550314655	0.9497151550314655	0.0031535031521854524	0.9434295494103987	0.0
easy:723453002	easy	A	A	True	True		0.9478838264524627	0.9478838264524627	0.0033008075097081145	0.9413693047590206	0.0
easy:190293001	easy	A	A	True	True		0.9516233761590102	0.9516233761590102	0.002780720722075418	0.9455762981788866	0.0
none-narrower:94080006	none-narrower	none	A	False	False		0.7962014986551207	0.05402625488092794	1.5433901238022085	0.7707266859870108	0.0
easy:449824004	easy	A	A	True	True		0.954632621570747	0.954632621570747	0.0023994433190642423	0.9489616992670904	0.0
none-narrower:1263522001	none-narrower	none	none	True	False		0.5640176676490236	0.5640176676490236	0.3184148971608126	0.5095198761051516	0.0
hard:720458005	hard	A	A	True	True		0.9288604335234355	0.9288604335234355	0.006907958737379007	0.919967987713865	0.0
hard:62067003	hard	A	A	True	True		0.9460556187985236	0.9460556187985236	0.0035084187607676634	0.9393125711483391	0.0
none-narrower:66944004	none-narrower	none	none	True	False		0.7332368706974972	0.7332368706974972	0.0928127351581441	0.6998914795346843	0.0
easy:90623003	easy	A	A	True	True		0.9378169383361031	0.9378169383361031	0.0049173444864914866	0.9300440556281161	0.0
easy:49130001	easy	A	A	True	True		0.8888421690085234	0.8888421690085234	0.01940013759302095	0.8749474401345889	0.0
easy:230321007	easy	A	A	True	True		0.9003774195936293	0.9003774195936293	0.012772874226468427	0.887924597042833	0.0
easy:36971009	easy	A	A	True	True		0.9390837796669484	0.9390837796669484	0.004673315771249089	0.931469252125317	0.0
none-narrower:300457003	none-narrower	none	none	True	False		0.7188531997833355	0.7188531997833355	0.10778990841569804	0.6837098497562526	0.0
hard:87343002	hard	A	A	True	True		0.952528413607255	0.952528413607255	0.002693903512760113	0.946594465308162	0.0
hard:415105001	hard	A	A	True	True		0.9410918546011177	0.9410918546011177	0.004317588376123209	0.9337283364262575	0.0
hard:254582000	hard	A	A	True	True		0.9254434661421027	0.9254434661421027	0.006585316911339507	0.9161238994098655	0.0
easy:192004002	easy	A	A	True	True		0.9387334916323287	0.9387334916323287	0.00449711324831735	0.9310751780863697	0.0
easy:446989009	easy	A	A	True	True		0.9555454422318346	0.9555454422318346	0.0023337253231620384	0.9499886225108138	0.0
none-narrower:204985001	none-narrower	none	A	False	False		0.7247274117005381	0.23936534364152173	1.1041046015718372	0.6903183381631055	0.0
easy:402723003	easy	A	A	True	True		0.9169760151444607	0.9169760151444607	0.008863559248100387	0.9065980170375184	0.0
none-narrower:265569002	none-narrower	none	B	False	False		0.8778168851882607	0.05956425516852187	1.6562109177004625	0.8625439958367934	0.0
easy:65194006	easy	A	A	True	True		0.9429479502557057	0.9429479502557057	0.004066936071227203	0.9358164440376688	0.0
easy:255084004	easy	A	A	True	True		0.8243206873272849	0.8243206873272849	0.04134581860227649	0.8023607732431957	0.0
none-narrower:276873004	none-narrower	none	B	False	False		0.9440496468653564	0.015417086519119053	1.8611770004997443	0.9370558527235261	0.0
hard:92059004	hard	A	A	True	True		0.9447212197640154	0.9447212197640154	0.003775936570797298	0.9378113722345173	0.0
hard:237083000	hard	A	A	True	True		0.9164203165053302	0.9164203165053302	0.009535349987736823	0.9059728560684964	0.0
none-narrower:54116000	none-narrower	none	A	False	False		0.8808131338058457	0.09608532804320331	1.593020049477901	0.8659147755315765	0.0
retrieval-miss:105706003	retrieval-miss	none	A	False	False		0.707914487026847	0.2739037137979848	1.028547983672754	0.6714037979052029	0.0
easy:695751021000132104	easy	A	A	True	True		0.9525654115988675	0.9525654115988675	0.0027334645629251047	0.946636088048726	0.0
easy:28244003	easy	A	A	True	True		0.9441205921988284	0.9441205921988284	0.0038130814054687873	0.937135666223682	0.0
hard:121951000119101	hard	A	A	True	True		0.9305898072296763	0.9305898072296763	0.005967378134936611	0.9219135331333859	0.0
none-narrower:771013004	none-narrower	none	A	False	False		0.9536952817194426	0.013294948864049881	1.8833248038854844	0.9479071919343729	0.0
none-narrower:387681000	none-narrower	none	A	False	False		0.6038440564705388	0.3756067076723771	0.7545889791977027	0.5543245635293562	0.0
easy:277617004	easy	A	A	True	True		0.9036651393633872	0.9036651393633872	0.01112843808155711	0.8916232817838106	0.0
hard:722378009	hard	A	A	True	True		0.9465830973819738	0.9465830973819738	0.0035174078692582897	0.9399059845547205	0.0
hard:61253004	hard	A	A	True	True		0.9379122236583232	0.9379122236583232	0.004689611224844859	0.9301512516156136	0.0
retrieval-miss:238694002	retrieval-miss	none	A	False	False		0.9464428499978231	0.018106410413799203	1.8601121003859635	0.9397482062475512	0.0
easy:200722003	easy	A	A	True	True		0.9568757900101172	0.9568757900101172	0.0022339168020211087	0.9514852637613819	0.0
hard:231931001	hard	A	A	True	True		0.9481484217278269	0.9481484217278269	0.003154355765948698	0.9416669744438052	0.0
none-narrower:402126004	none-narrower	none	A	False	False		0.46601982556920896	0.24744716333553785	0.8452926028558598	0.3992723037653601	0.0
none-narrower:359711001	none-narrower	none	A	False	False		0.9323977171954502	0.017837713477382163	1.8345140466439962	0.9239474318448816	0.0
easy:194119004	easy	C	C	True	False		0.9353565709938817	0.9353565709938817	0.0054003665027118255	0.9272761423681171	0.0
hard:41659003	hard	C	C	True	False		0.8831643566364709	0.8831643566364709	0.01842965632627204	0.8685599012160297	0.0
hard:14921002	hard	D	A	False	False		0.7745074353683797	0.01264832714598785	1.6013912997538837	0.7463208647894273	0.0
retrieval-miss:69488000	retrieval-miss	none	none	True	False		0.7686213922319385	0.7686213922319385	0.06384083980366285	0.7396990662609307	0.0
none-narrower:385006	none-narrower	none	F	False	False		0.9149221925057763	0.02813931920868784	1.7825725394372154	0.9042874665689985	0.0
none-narrower:186861006	none-narrower	none	none	True	False		0.7527512477656667	0.7527512477656667	0.09660906500362719	0.7218451537363751	0.0
easy:403889000	easy	A	A	True	True		0.9514616287267306	0.9514616287267306	0.0027146986695709865	0.9453943323175719	0.0
retrieval-miss:78305006	retrieval-miss	none	none	True	False		0.8025172311958715	0.8025172311958715	0.059828707632722314	0.7778318850953554	0.0
easy:77098009	easy	A	A	True	True		0.8716558415571508	0.8716558415571508	0.02117814196408214	0.8556128217517948	0.0
hard:12546009	hard	B	B	True	False		0.7326152733559617	0.7326152733559617	0.1304254639658557	0.6991921825254569	0.0
none-narrower:1177005009	none-narrower	none	none	True	False		0.5481377193073129	0.5481377193073129	0.3261228976233069	0.4916549342207271	0.0
easy:37925008	easy	A	A	True	True		0.9583808981684017	0.9583808981684017	0.002039416322397219	0.9531785104394519	0.0
easy:36517007	easy	A	A	True	True		0.9145329379275643	0.9145329379275643	0.009217855325986159	0.90384955516851	0.0
easy:34742003	easy	A	A	True	True		0.9099463759862384	0.9099463759862384	0.010039127733615358	0.8986896729845183	0.0
easy:763833006	easy	A	A	True	True		0.949247763213065	0.949247763213065	0.0030906546224929595	0.9429037336146983	0.0
hard:613003	hard	A	A	True	True		0.9432430673080154	0.9432430673080154	0.0038468975939670064	0.9361484507215173	0.0
hard:716108004	hard	A	A	True	True		0.9451596188742325	0.9451596188742325	0.0036571020794404384	0.9383045712335116	0.0
easy:92272009	easy	A	A	True	True		0.45947480158093845	0.45947480158093845	0.5080793372074813	0.3919091517785558	0.0
easy:238612002	easy	A	A	True	True		0.9355914734142101	0.9355914734142101	0.005228764009507388	0.9275404075909863	0.0
hard:15033003	hard	A	A	True	True		0.9571581870702118	0.9571581870702118	0.0021814937919264954	0.9518029604539884	0.0
easy:718174008	easy	A	A	True	True		0.931367338456832	0.931367338456832	0.005591364498422411	0.922788255763936	0.0
hard:193093009	hard	A	A	True	True		0.942942465593936	0.942942465593936	0.0038559928672332786	0.935810273793178	0.0
easy:92298003	easy	A	A	True	True		0.8800447043498956	0.8800447043498956	0.019055485228419496	0.8650502923936325	0.0
easy:447781009	easy	A	A	True	True		0.8739636199615437	0.8739636199615437	0.01910587895814717	0.8582090724567366	0.0
easy:267592003	easy	B	B	True	False		0.9197764696081411	0.9197764696081411	0.00868212420948715	0.9097485283091589	0.0
easy:763070001	easy	A	A	True	True		0.9540135029402887	0.9540135029402887	0.0024926679377386147	0.9482651908078248	0.0
hard:715482004	hard	A	A	True	True		0.9506474896614054	0.9506474896614054	0.0029141092456648173	0.9444784258690812	0.0
hard:39479004	hard	A	A	True	True		0.9540458187849629	0.9540458187849629	0.0024661959053363354	0.9483015461330834	0.0
retrieval-miss:277475006	retrieval-miss	none	none	True	False		0.6659384086581265	0.6659384086581265	0.20295267884406346	0.6241807097403924	0.0
hard:719404009	hard	A	A	True	True		0.9515465839766042	0.9515465839766042	0.0028860947537425563	0.9454899069736797	0.0
easy:255039001	easy	A	A	True	True		0.9194388217747819	0.9194388217747819	0.00827642648364763	0.9093686744966297	0.0
none-narrower:712527004	none-narrower	none	none	True	False		0.4789334507253479	0.4789334507253479	0.4484048288820901	0.4138001320660164	0.0
hard:763211004	hard	A	A	True	True		0.9491740568886502	0.9491740568886502	0.0030398869030366727	0.9428208139997315	0.0
hard:76880004	hard	A	A	True	True		0.8669594037875671	0.8669594037875671	0.025319716323283514	0.8503293292610131	0.0
easy:92109005	easy	A	A	True	True		0.9392699219902141	0.9392699219902141	0.004419135581985009	0.9316786622389909	0.0
easy:21794005	easy	A	A	True	True		0.9568783107469573	0.9568783107469573	0.0022136910148047267	0.9514880995903271	0.0
easy:720976009	easy	A	A	True	True		0.9427772348098491	0.9427772348098491	0.0040054635159028065	0.9356243891610803	0.0
easy:274902006	easy	A	A	True	True		0.9569377285751544	0.9569377285751544	0.0021681029740779	0.9515549446470486	0.0
hard:230672006	hard	A	A	True	True		0.9503843839068807	0.9503843839068807	0.003085916912388774	0.944182431895241	0.0
easy:94292003	easy	A	A	True	True		0.9462949640027543	0.9462949640027543	0.003422899799336024	0.9395818345030985	0.0
hard:254609000	hard	A	A	True	True		0.9276845589645675	0.9276845589645675	0.006547179915103457	0.9186451288351384	0.0
easy:716653001	easy	A	A	True	True		0.9545436568318545	0.9545436568318545	0.002416054956713201	0.9488616139358365	0.0
hard:231479000	hard	A	A	True	True		0.9350373390766898	0.9350373390766898	0.004933609350222541	0.9269170064612762	0.0
easy:363465007	easy	A	A	True	True		0.9214828074771174	0.9214828074771174	0.007873552833547261	0.9116681584117572	0.0
none-narrower:92609009	none-narrower	none	A	False	False		0.4809354846235307	0.25536708577151473	0.8510081451543394	0.41605242020147204	0.0
hard:92412003	hard	A	A	True	True		0.941017206807568	0.941017206807568	0.004124169787923391	0.933644357658514	0.0
easy:277950001	easy	A	A	True	True		0.8153293625122686	0.8153293625122686	0.05035799679316197	0.7922455328263022	0.0
retrieval-miss:444755001	retrieval-miss	none	none	True	False		0.8447053764121619	0.8447053764121619	0.0363945348080124	0.8252935484636822	0.0
hard:126677000	hard	A	A	True	True		0.9157254586048412	0.9157254586048412	0.009056584266927513	0.9051911409304465	0.0
hard:398680004	hard	B	A	False	False		0.9360005515284566	0.017906640547777897	1.8411897619006694	0.9280006204695137	0.0
retrieval-miss:129565002	retrieval-miss	none	A	False	False		0.747957368349496	0.18001240641021587	1.2334721964282513	0.716452039393183	0.0
easy:266257000	easy	B	B	True	False		0.9539623079120261	0.9539623079120261	0.002542496481986088	0.9482075964010294	0.0
easy:276975007	easy	A	A	True	True		0.9217919641790098	0.9217919641790098	0.007949455687656214	0.9120159597013859	0.0
easy:715984007	easy	A	A	True	True		0.9364583267135561	0.9364583267135561	0.005122853428546919	0.9285156175527507	0.0
easy:1963002	easy	A	A	True	True		0.9304040106315392	0.9304040106315392	0.00601606000767602	0.9217045119604816	0.0
hard:363451005	hard	A	A	True	True		0.9491093037228483	0.9491093037228483	0.0030471574806220474	0.9427479666882045	0.0
hard:718679004	hard	A	A	True	True		0.9543334439963057	0.9543334439963057	0.0025556693246322547	0.948625124495844	0.0
none-narrower:1351328007	none-narrower	none	A	False	False		0.9486375407650984	0.02126027036376874	1.858001243647892	0.9422172333607357	0.0
easy:609565001	easy	A	A	True	True		0.9287300829665714	0.9287300829665714	0.006143459445665185	0.9198213433373928	0.0
easy:713577007	easy	A	A	True	True		0.8487163491036954	0.8487163491036954	0.0302011677972211	0.8298058927416575	0.0
hard:402524007	hard	A	A	True	True		0.9458399940101364	0.9458399940101364	0.003484283573410973	0.9390699932614036	0.0
hard:403986008	hard	A	A	True	True		0.9469860100629414	0.9469860100629414	0.003317212604367687	0.9403592613208092	0.0
hard:126824007	hard	A	A	True	True		0.9098381297032238	0.9098381297032238	0.011310664269542279	0.8985678959161268	0.0
hard:702368000	hard	A	A	True	True		0.9492958496946319	0.9492958496946319	0.0030158467978205227	0.942957830906461	0.0
hard:61663001	hard	A	A	True	True		0.7705921286368577	0.7705921286368577	0.06958822546817121	0.7419161447164649	0.0
easy:26597004	easy	A	A	True	True		0.9195126011505234	0.9195126011505234	0.0077039260986429756	0.9094516762943389	0.0
hard:763531001	hard	A	A	True	True		0.9449873456028266	0.9449873456028266	0.0038084426366951293	0.9381107638031799	0.0
none-narrower:403552007	none-narrower	none	A	False	False		0.7476872574029678	0.21080265882126056	1.1821663979055064	0.7161481645783387	0.0
easy:195021004	easy	A	A	True	True		0.7660625700080906	0.7660625700080906	0.10147334561371474	0.736820391259102	0.0
easy:32117000	easy	A	A	True	True		0.948129364489713	0.948129364489713	0.0034296894521153158	0.9416455350509272	0.0
easy:717224002	easy	A	A	True	True		0.9413692040734573	0.9413692040734573	0.004446794872587589	0.9340403545826396	0.0
hard:419503008	hard	A	A	True	True		0.9472912920526217	0.9472912920526217	0.003201808214177724	0.9407027035591995	0.0
easy:766982000	easy	A	A	True	True		0.9504283841962555	0.9504283841962555	0.002946206657867518	0.9442319322207875	0.0
hard:235796008	hard	A	A	True	True		0.9527282744161822	0.9527282744161822	0.0027257374788656427	0.946819308718205	0.0
none-narrower:84097002	none-narrower	none	A	False	False		0.4822421828418039	0.4822421828418039	0.5009483698223687	0.41752245569702945	0.0
easy:11442006	easy	A	B	False	True		0.5937486134622134	0.013306720671987798	1.393058085436603	0.5429671901449902	0.0
hard:197260007	hard	C	C	True	False		0.9468115585224653	0.9468115585224653	0.0034868588851113876	0.9401630033377736	0.0
easy:765747004	easy	A	A	True	True		0.9493690208899886	0.9493690208899886	0.0030301452241859855	0.9430401485012373	0.0
easy:700057001	easy	A	A	True	True		0.9494271921690832	0.9494271921690832	0.0030593798358828916	0.9431055911902188	0.0
none-narrower:1087891000119107	none-narrower	none	A	False	False		0.6423066957141871	0.34105196275600513	0.8468421991462801	0.5975950326784606	0.0
hard:25044007	hard	A	A	True	True		0.8899488222297867	0.8899488222297867	0.016210582133278285	0.87619242500851	0.0
easy:416510003	easy	A	A	True	True		0.85816802544632	0.85816802544632	0.026382633621173622	0.84043902862711	0.0
retrieval-miss:105668007	retrieval-miss	none	none	True	False		0.8780707215438874	0.8780707215438874	0.020394333939967098	0.8628295617368733	0.0
easy:274944000	easy	A	A	True	True		0.9518367413636363	0.9518367413636363	0.0027260349909943114	0.9458163340340909	0.0
none-narrower:84753008	none-narrower	none	A	False	False		0.4225199035101831	0.4225199035101831	0.5202585103571917	0.350334891448956	0.0
none-narrower:1208841001	none-narrower	none	none	True	False		0.6682117182889855	0.6682117182889855	0.14379148169934958	0.6267381830751086	0.0
hard:19092004	hard	A	A	True	True		0.9537674821121945	0.9537674821121945	0.002528564109799462	0.947988417376219	0.0
easy:22240003	easy	A	A	True	True		0.9304104873270361	0.9304104873270361	0.00657217665497721	0.9217117982429157	0.0
easy:429040005	easy	B	B	True	False		0.8249092068095352	0.8249092068095352	0.04644781552490855	0.803022857660727	0.0
hard:424114000	hard	A	A	True	True		0.955994766212065	0.955994766212065	0.0022813957379884857	0.9504941119885733	0.0
retrieval-miss:15566009	retrieval-miss	none	none	True	False		0.936005549471858	0.936005549471858	0.005003702143204154	0.9280062431558402	0.0
retrieval-miss:65038009	retrieval-miss	none	none	True	False		0.6154720087348342	0.6154720087348342	0.19662513839579365	0.5674060098266884	0.0
hard:85039006	hard	A	A	True	True		0.9358836146475529	0.9358836146475529	0.005014484777085953	0.927869066478497	0.0
easy:763748007	easy	A	A	True	True		0.9537442485989853	0.9537442485989853	0.00262833435831369	0.9479622796738585	0.0
retrieval-miss:39288006	retrieval-miss	none	A	False	False		0.6366877894687384	0.28858526328346606	0.9150591977285436	0.5912737631523307	0.0
none-narrower:1263575002	none-narrower	none	none	True	False		0.9105266465095292	0.9105266465095292	0.009511835234997282	0.8993424773232204	0.0
hard:18899000	hard	A	A	True	True		0.9481856813812607	0.9481856813812607	0.003205448865120091	0.9417088915539183	0.0
none-narrower:1299151005	none-narrower	none	A	False	False		0.9472156352845977	0.01812119474621855	1.8615520773863414	0.9406175896951724	0.0
easy:397923000	easy	A	A	True	True		0.9103418435503052	0.9103418435503052	0.012057261564459871	0.8991345739940934	0.0
hard:126859007	hard	A	A	True	True		0.8250564937598726	0.8250564937598726	0.05175025462411273	0.8031885554798566	0.0
easy:8808004	easy	A	A	True	True		0.9457205868218985	0.9457205868218985	0.003606410920949057	0.9389356601746358	0.0
none-narrower:403856000	none-narrower	none	D	False	False		0.8260408119905007	0.10556142613280323	1.4838588471673617	0.8042959134893133	0.0
easy:724171006	easy	A	A	True	True		0.9499791244783984	0.9499791244783984	0.0029190324433340403	0.9437265150381982	0.0
hard:50390006	hard	A	A	True	True		0.9543133172867089	0.9543133172867089	0.0025770635463208086	0.9486024819475475	0.0
easy:70410008	easy	A	A	True	True		0.9586502834081733	0.9586502834081733	0.0019721264546179664	0.953481568834195	0.0
easy:8634009	easy	A	A	True	True		0.9463843729592896	0.9463843729592896	0.0035258103440938236	0.9396824195792007	0.0
hard:237770005	hard	A	A	True	True		0.953491945117914	0.953491945117914	0.002595160374402695	0.9476784382576533	0.0
hard:79830009	hard	A	A	True	True		0.948150454532093	0.948150454532093	0.0032546629561669466	0.9416692613486047	0.0
none-narrower:783182004	none-narrower	none	A	False	False		0.8591427172011867	0.042480168782001705	1.6598796295045672	0.8415355568513351	0.0
easy:51239001	easy	A	A	True	True		0.9085896158234931	0.9085896158234931	0.010899126832756475	0.8971633178014298	0.0
none-narrower:236711008	none-narrower	none	none	True	False		0.5724975115097299	0.5724975115097299	0.281263886749789	0.5190597004484462	0.0
hard:58349009	hard	A	A	True	True		0.9559660657284678	0.9559660657284678	0.002239192148843861	0.9504618239445264	0.0
easy:68241007	easy	B	B	True	False		0.9588727179031417	0.9588727179031417	0.0020787452682189166	0.9537318076410345	0.0
easy:767713001	easy	A	A	True	True		0.512364072250859	0.512364072250859	0.35128904697039776	0.4514095812822164	0.0
hard:404078000	hard	A	A	True	True		0.9370030166014814	0.9370030166014814	0.004777078851772858	0.9291283936766668	0.0
hard:770406002	hard	A	A	True	True		0.9355695621361124	0.9355695621361124	0.004874128047734723	0.9275157574031264	0.0
none-narrower:237819006	none-narrower	none	H	False	False		0.7752742042485087	0.038333303449312864	1.5514988300900474	0.7471834797795723	0.0
none-narrower:77746001	none-narrower	none	H	False	False		0.9398337080796835	0.021062967017663057	1.8418654671053567	0.9323129215896439	0.0
hard:80690008	hard	B	B	True	False		0.8975527962397905	0.8975527962397905	0.01375320764011734	0.8847468957697643	0.0
none-narrower:10701000087104	none-narrower	none	A	False	False		0.6419975723022944	0.34088782527093925	0.8466680690734141	0.5972472688400812	0.0
