item_id	tier	truth	pred	hit	lex_hit	ambiguous	p_top	p_truth	brier	confidence	latency_ms
hard:253006001	hard	A	A	True	True		0.7418860793113708	0.7418860793113708	0.10225970262723551	0.7418860793113708	919.59
hard:363477002	hard	B	B	True	False		0.43871161341667175	0.43871161341667175	0.47154228792362	0.43871161341667175	852.42
hard:445187004	hard	A	A	True	True		0.8895840644836426	0.8895840644836426	0.01929775244572622	0.8895840644836426	608.81
easy:274947007	easy	A	A	True	True		0.914223849773407	0.914223849773407	0.012706811273442992	0.914223849773407	836.0
hard:268262006	hard	A	A	True	True		0.7736470103263855	0.7736470103263855	0.08343471356144017	0.7736470103263855	829.94
none-narrower:308123002	none-narrower	none	none	True	False		0.6285427212715149	0.6285427212715149	0.18985244744035015	0.6285427212715149	570.11
easy:415238003	easy	A	A	True	True		0.8362739682197571	0.8362739682197571	0.041313576182185785	0.8362739682197571	601.58
easy:70272006	easy	A	A	True	True		0.618542492389679	0.618542492389679	0.23565170669465885	0.618542492389679	424.41
easy:422437002	easy	A	A	True	True		0.905896782875061	0.905896782875061	0.012829707264201531	0.905896782875061	847.14
easy:722117000	easy	A	A	True	True		0.7420035004615784	0.7420035004615784	0.11451388615364014	0.7420035004615784	840.3
hard:254146000	hard	C	A	False	False		0.7744929790496826	0.0053390879184007645	1.6216108006061773	0.7744929790496826	832.6
easy:397868007	easy	A	A	True	True		0.7618198394775391	0.7618198394775391	0.09346331762268187	0.7618198394775391	838.17
easy:238735005	easy	A	A	True	True		0.7316553592681885	0.7316553592681885	0.1190908388915532	0.7316553592681885	575.0
easy:722294004	easy	A	A	True	True		0.9257581233978271	0.9257581233978271	0.008431035047051994	0.9257581233978271	1148.87
easy:303852004	easy	A	A	True	True		0.9148244261741638	0.9148244261741638	0.012599970998203123	0.9148244261741638	836.63
easy:154283005	easy	A	A	True	True		0.7696225643157959	0.7696225643157959	0.08100621782664091	0.7696225643157959	575.35
none-narrower:1259580000	none-narrower	none	A	False	False		0.5415102243423462	0.4239363372325897	0.625619943664695	0.5415102243423462	834.15
none-narrower:53933002	none-narrower	none	none	True	False		0.6053645610809326	0.6053645610809326	0.21090482453732323	0.6053645610809326	605.36
hard:237613005	hard	A	A	True	True		0.6840226054191589	0.6840226054191589	0.1779942618306956	0.6840226054191589	606.12
retrieval-miss:26715006	retrieval-miss	none	none	True	False		0.6499258279800415	0.6499258279800415	0.20627206248120347	0.6499258279800415	413.02
easy:717772000	easy	A	A	True	True		0.908717155456543	0.908717155456543	0.013665835055155149	0.908717155456543	837.61
hard:232016005	hard	A	A	True	True		0.8975750207901001	0.8975750207901001	0.017653634900302934	0.8975750207901001	604.4
none-narrower:1268955002	none-narrower	none	A	False	False		0.8964052796363831	0.09126763045787811	1.6293757354584433	0.8964052796363831	834.0
hard:448227009	hard	A	A	True	True		0.4263552129268646	0.4263552129268646	0.4734971940655598	0.4263552129268646	575.15
hard:698851003	hard	D	D	True	False		0.700433611869812	0.700433611869812	0.1410126711619218	0.700433611869812	876.38
hard:703388005	hard	A	A	True	True		0.9371946454048157	0.9371946454048157	0.006093289499120028	0.9371946454048157	839.06
easy:720401009	easy	A	A	True	True		0.9073473811149597	0.9073473811149597	0.014789513641954	0.9073473811149597	840.28
easy:15228007	easy	A	A	True	True		0.9190795421600342	0.9190795421600342	0.011145316862640656	0.9190795421600342	835.7
easy:297232009	easy	A	A	True	True		0.8896811008453369	0.8896811008453369	0.017452932749454052	0.8896811008453369	836.48
easy:230782004	easy	A	A	True	True		0.6362442970275879	0.6362442970275879	0.20338434399282354	0.6362442970275879	838.69
easy:92439006	easy	A	A	True	True		0.7354626655578613	0.7354626655578613	0.10557348218903956	0.7354626655578613	605.71
easy:193839007	easy	A	A	True	True		0.4417250454425812	0.4417250454425812	0.4823774780438663	0.4417250454425812	837.7
easy:197601003	easy	A	A	True	True		0.8436110019683838	0.8436110019683838	0.03531932932243634	0.8436110019683838	576.07
none-narrower:203245006	none-narrower	none	none	True	False		0.603825569152832	0.603825569152832	0.19630356084786188	0.603825569152832	577.64
easy:764854006	easy	A	A	True	True		0.9191646575927734	0.9191646575927734	0.011143125271123577	0.9191646575927734	576.76
none-narrower:1142265002	none-narrower	none	none	True	False		0.739314079284668	0.739314079284668	0.09567811965789247	0.739314079284668	577.89
easy:717360009	easy	A	A	True	True		0.8578428030014038	0.8578428030014038	0.034974587312222055	0.8578428030014038	839.1
hard:190808009	hard	A	A	True	True		0.48763570189476013	0.48763570189476013	0.41555720960162784	0.48763570189476013	637.1
none-narrower:1177030007	none-narrower	none	A	False	False		0.49516698718070984	0.4563693106174469	0.5416513773560476	0.49516698718070984	837.14
retrieval-miss:82639001	retrieval-miss	none	A	False	False		0.7885159254074097	0.1815415620803833	1.2919261384591962	0.7885159254074097	840.21
hard:86489003	hard	A	A	True	True		0.7411255836486816	0.7411255836486816	0.10877871536121493	0.7411255836486816	838.58
hard:448045004	hard	A	A	True	True		0.9108512997627258	0.9108512997627258	0.013279795419423226	0.9108512997627258	839.64
hard:719017003	hard	A	A	True	True		0.9580102562904358	0.9580102562904358	0.002511951004564681	0.9580102562904358	843.02
easy:722201004	easy	A	A	True	True		0.9375893473625183	0.9375893473625183	0.00682049161604704	0.9375893473625183	845.27
easy:78267003	easy	A	A	True	True		0.44201231002807617	0.44201231002807617	0.49189399145561136	0.44201231002807617	445.55
easy:119422004	easy	A	A	True	True		0.7108317017555237	0.7108317017555237	0.12295731294231249	0.7108317017555237	621.7
easy:297238008	easy	A	A	True	True		0.8300963640213013	0.8300963640213013	0.04154800180348743	0.8300963640213013	848.38
none-narrower:1162315003	none-narrower	none	none	True	False		0.7456640005111694	0.7456640005111694	0.09211748328612986	0.7456640005111694	840.17
easy:439732004	easy	A	A	True	True		0.7567301392555237	0.7567301392555237	0.09572553943308056	0.7567301392555237	608.17
hard:275437005	hard	B	B	True	False		0.5420911312103271	0.5420911312103271	0.32334529985856	0.5420911312103271	611.3
none-narrower:280967004	none-narrower	none	none	True	False		0.8247559070587158	0.8247559070587158	0.03750618793285467	0.8247559070587158	610.6
easy:89141000	easy	A	A	True	True		0.8323525786399841	0.8323525786399841	0.04472068260704165	0.8323525786399841	611.63
none-narrower:26681001	none-narrower	none	E	False	False		0.43583613634109497	0.4016872048377991	0.5646597136803815	0.43583613634109497	579.92
retrieval-miss:265377002	retrieval-miss	none	none	True	False		0.72147536277771	0.72147536277771	0.09214411165015633	0.72147536277771	582.9
easy:82275008	easy	A	A	True	True		0.9292771220207214	0.9292771220207214	0.007943502904381165	0.9292771220207214	848.42
hard:46683007	hard	A	A	True	True		0.7883997559547424	0.7883997559547424	0.07801896645713763	0.7883997559547424	845.05
none-narrower:323321000119100	none-narrower	none	A	False	False		0.47231268882751465	0.43530574440956116	0.5466136985961396	0.47231268882751465	594.57
none-narrower:190979003	none-narrower	none	A	False	False		0.7318597435951233	0.16849733889102936	1.2301921897430765	0.7318597435951233	849.97
easy:738527001	easy	D	D	True	False		0.9339795112609863	0.9339795112609863	0.00652572342424575	0.9339795112609863	1159.03
easy:724095006	easy	A	A	True	True		0.837880551815033	0.837880551815033	0.040894587778184305	0.837880551815033	843.99
easy:719009006	easy	A	A	True	True		0.8993837237358093	0.8993837237358093	0.01543498967614321	0.8993837237358093	847.84
none-narrower:71799002	none-narrower	none	none	True	False		0.6849609017372131	0.6849609017372131	0.16637884230091537	0.6849609017372131	845.67
none-narrower:17960009	none-narrower	none	none	True	False		0.7548799514770508	0.7548799514770508	0.08587230228327118	0.7548799514770508	847.18
easy:448709005	easy	A	A	True	True		0.7415405511856079	0.7415405511856079	0.09925362713419487	0.7415405511856079	846.62
easy:2593002	easy	A	A	True	True		0.8790024518966675	0.8790024518966675	0.025783439740125196	0.8790024518966675	847.54
none-narrower:197342009	none-narrower	none	A	False	False		0.5436806082725525	0.333220899105072	0.7515754321851311	0.5436806082725525	846.44
hard:725464001	hard	A	A	True	True		0.9021340608596802	0.9021340608596802	0.01576780620684623	0.9021340608596802	849.79
easy:63302006	easy	A	A	True	True		0.8129958510398865	0.8129958510398865	0.05384340164321943	0.8129958510398865	580.57
hard:52868006	hard	A	A	True	True		0.6668218374252319	0.6668218374252319	0.16814493705003924	0.6668218374252319	814.36
easy:448668007	easy	A	A	True	True		0.8638785481452942	0.8638785481452942	0.03129716597171912	0.8638785481452942	583.2
retrieval-miss:254185007	retrieval-miss	none	none	True	False		0.5763328671455383	0.5763328671455383	0.25084027767951966	0.5763328671455383	847.39
hard:70422006	hard	A	A	True	True		0.7158603072166443	0.7158603072166443	0.13383487732850485	0.7158603072166443	581.74
easy:399956005	easy	A	A	True	True		0.5212917327880859	0.5212917327880859	0.3969868620817424	0.5212917327880859	847.6
hard:26132002	hard	A	A	True	True		0.5079973936080933	0.5079973936080933	0.35207325150543084	0.5079973936080933	848.84
none-narrower:234503004	none-narrower	none	H	False	False		0.7591973543167114	0.1896509826183319	1.2335794185041264	0.7591973543167114	614.19
easy:109558001	easy	D	D	True	False		0.7683905959129333	0.7683905959129333	0.0907950231540352	0.7683905959129333	584.47
retrieval-miss:59252009	retrieval-miss	none	A	False	False		0.6183993816375732	0.1544789969921112	1.1432001960680085	0.6183993816375732	851.58
easy:30800001	easy	A	A	True	True		0.6076396703720093	0.6076396703720093	0.27233005321559406	0.6076396703720093	848.92
retrieval-miss:195029002	retrieval-miss	none	none	True	False		0.763105571269989	0.763105571269989	0.06710778202787757	0.763105571269989	852.01
none-narrower:196754001	none-narrower	none	none	True	False		0.864425778388977	0.864425778388977	0.02275751656941639	0.864425778388977	461.66
easy:238001003	easy	A	A	True	True		0.7897506356239319	0.7897506356239319	0.0727347729262743	0.7897506356239319	857.48
easy:200973000	easy	A	A	True	True		0.46630626916885376	0.46630626916885376	0.44989077142878675	0.46630626916885376	847.37
easy:403946000	easy	A	A	True	True		0.9200822710990906	0.9200822710990906	0.009874286613912759	0.9200822710990906	853.5
easy:91514001	easy	A	A	True	True		0.7284163236618042	0.7284163236618042	0.12034470082571143	0.7284163236618042	413.69
none-narrower:95039009	none-narrower	none	none	True	False		0.9187312722206116	0.9187312722206116	0.007854935462982259	0.9187312722206116	624.18
none-narrower:1148523003	none-narrower	none	B	False	False		0.45173555612564087	0.38371917605400085	0.5913231494394855	0.45173555612564087	856.41
easy:720514008	easy	A	A	True	True		0.9565143585205078	0.9565143585205078	0.003053668848696573	0.9565143585205078	891.61
none-narrower:1254852008	none-narrower	none	none	True	False		0.5923131704330444	0.5923131704330444	0.25544637454659225	0.5923131704330444	852.54
easy:719817002	easy	A	A	True	True		0.7614539265632629	0.7614539265632629	0.0847423653558915	0.7614539265632629	854.0
hard:47903000	hard	A	none	False	True		0.6397272944450378	0.24030987918376923	0.9900047143242346	0.6397272944450378	854.7
hard:24069003	hard	A	A	True	True		0.8199236989021301	0.8199236989021301	0.05449254760381774	0.8199236989021301	585.4
hard:742876007	hard	A	A	True	True		0.7644185423851013	0.7644185423851013	0.08754882386353247	0.7644185423851013	853.41
easy:363495004	easy	A	A	True	True		0.594653308391571	0.594653308391571	0.2785057402626286	0.594653308391571	613.43
easy:55031000	easy	A	A	True	True		0.7508108019828796	0.7508108019828796	0.09843226269821703	0.7508108019828796	583.94
easy:11380006	easy	A	A	True	True		0.7126855254173279	0.7126855254173279	0.14388856372857875	0.7126855254173279	849.69
hard:126835002	hard	A	A	True	True		0.5917491316795349	0.5917491316795349	0.2986898651391623	0.5917491316795349	615.12
hard:86133004	hard	A	A	True	True		0.8223219513893127	0.8223219513893127	0.05055539206483816	0.8223219513893127	854.3
easy:61565001	easy	A	A	True	True		0.7774821519851685	0.7774821519851685	0.08200847294645829	0.7774821519851685	614.18
easy:271432005	easy	A	A	True	True		0.8569673895835876	0.8569673895835876	0.033106072471096974	0.8569673895835876	618.41
hard:699866005	hard	A	A	True	True		0.724431574344635	0.724431574344635	0.12251273070918785	0.724431574344635	618.1
hard:363391009	hard	A	A	True	True		0.8536388278007507	0.8536388278007507	0.03411822721320257	0.8536388278007507	614.23
none-narrower:431856006	none-narrower	none	none	True	False		0.6871896386146545	0.6871896386146545	0.12931537683016142	0.6871896386146545	585.84
hard:230724001	hard	A	none	False	True		0.4511907994747162	0.23489739000797272	0.8548065514326374	0.4511907994747162	616.14
easy:5217008	easy	A	A	True	True		0.7003063559532166	0.7003063559532166	0.13022701452397933	0.7003063559532166	850.93
none-narrower:240499000	none-narrower	none	none	True	False		0.6970122456550598	0.6970122456550598	0.1152715069580133	0.6970122456550598	586.75
hard:72925005	hard	D	D	True	False		0.4775533080101013	0.4775533080101013	0.4431730579051087	0.4775533080101013	853.13
hard:110979008	hard	A	A	True	True		0.8176376819610596	0.8176376819610596	0.05223164509422196	0.8176376819610596	584.5
none-narrower:311000119101	none-narrower	none	none	True	False		0.8293116688728333	0.8293116688728333	0.03689997768231934	0.8293116688728333	584.67
none-narrower:773774000	none-narrower	none	A	False	False		0.9412186145782471	0.04598180577158928	1.7960743945540791	0.9412186145782471	1168.35
none-narrower:302909007	none-narrower	none	none	True	False		0.6483957767486572	0.6483957767486572	0.16522332253393604	0.6483957767486572	616.6
easy:230228004	easy	A	A	True	True		0.7715566158294678	0.7715566158294678	0.0800862638013546	0.7715566158294678	616.05
hard:700056005	hard	A	A	True	True		0.4201088845729828	0.4201088845729828	0.5240807911607372	0.4201088845729828	583.46
hard:414783007	hard	A	A	True	True		0.8661377429962158	0.8661377429962158	0.02737590567359095	0.8661377429962158	850.4
hard:724282009	hard	A	A	True	True		0.9255331158638	0.9255331158638	0.008940974957160586	0.9255331158638	587.01
easy:363394001	easy	A	A	True	True		0.8317343592643738	0.8317343592643738	0.04251110356592155	0.8317343592643738	850.88
none-narrower:95753002	none-narrower	none	none	True	False		0.6298776865005493	0.6298776865005493	0.20713473724061726	0.6298776865005493	403.91
none-narrower:43100002	none-narrower	none	none	True	False		0.6837946772575378	0.6837946772575378	0.12362915590784945	0.6837946772575378	459.77
easy:72621003	easy	A	A	True	True		0.7449004054069519	0.7449004054069519	0.1016980301535805	0.7449004054069519	590.91
easy:302226006	easy	F	F	True	False		0.838293194770813	0.838293194770813	0.04051495241091185	0.838293194770813	584.57
hard:236740006	hard	B	B	True	False		0.8182844519615173	0.8182844519615173	0.04984491300491553	0.8182844519615173	616.71
none-narrower:12203991000119100	none-narrower	none	none	True	False		0.8395195007324219	0.8395195007324219	0.04254371502426883	0.8395195007324219	617.02
hard:48718006	hard	A	A	True	True		0.7405654191970825	0.7405654191970825	0.1082658877809436	0.7405654191970825	850.36
hard:414545008	hard	A	A	True	True		0.6659354567527771	0.6659354567527771	0.17584893287126574	0.6659354567527771	854.49
retrieval-miss:312912001	retrieval-miss	none	none	True	False		0.7055433392524719	0.7055433392524719	0.11347095051438066	0.7055433392524719	588.3
easy:177504007	easy	A	A	True	True		0.7388209700584412	0.7388209700584412	0.11586875868184543	0.7388209700584412	1171.8
none-narrower:32130001000004108	none-narrower	none	G	False	False		0.5882911086082458	0.14695794880390167	1.1231048625122033	0.5882911086082458	586.15
hard:698247007	hard	A	A	True	True		0.7430098652839661	0.7430098652839661	0.11421488989091066	0.7430098652839661	620.5
easy:7847004	easy	A	A	True	True		0.49292826652526855	0.49292826652526855	0.4109119122312577	0.49292826652526855	619.25
hard:725591002	hard	A	A	True	True		0.9102967977523804	0.9102967977523804	0.013378917342278555	0.9102967977523804	618.47
none-narrower:312601003	none-narrower	none	none	True	False		0.6177770495414734	0.6177770495414734	0.2360925258710796	0.6177770495414734	589.27
none-narrower:682421000119104	none-narrower	none	none	True	False		0.6883373856544495	0.6883373856544495	0.13264136497479367	0.6883373856544495	619.19
hard:186499007	hard	A	A	True	True		0.9159756898880005	0.9159756898880005	0.01241806260059067	0.9159756898880005	857.05
hard:699189004	hard	A	A	True	True		0.779108464717865	0.779108464717865	0.08679593100779265	0.779108464717865	858.74
hard:3577000	hard	A	A	True	True		0.6431437730789185	0.6431437730789185	0.1816411886196786	0.6431437730789185	434.61
none-narrower:700346002	none-narrower	none	none	True	False		0.6258605718612671	0.6258605718612671	0.24666090770946966	0.6258605718612671	597.23
none-narrower:92901000087104	none-narrower	none	none	True	False		0.8227340579032898	0.8227340579032898	0.036761896207098604	0.8227340579032898	457.19
hard:91978004	hard	A	A	True	True		0.4502856731414795	0.4502856731414795	0.4339151197925883	0.4502856731414795	618.31
none-narrower:1255207005	none-narrower	none	A	False	False		0.7373687624931335	0.19985763728618622	1.1849443318146817	0.7373687624931335	853.87
easy:703267003	easy	A	A	True	True		0.8220443725585938	0.8220443725585938	0.05074979663495591	0.8220443725585938	820.67
hard:765487008	hard	A	A	True	True		0.9220055341720581	0.9220055341720581	0.010025650320806313	0.9220055341720581	1172.44
retrieval-miss:445918001	retrieval-miss	none	none	True	False		0.9082649350166321	0.9082649350166321	0.01026703529075629	0.9082649350166321	586.53
none-narrower:235608007	none-narrower	none	none	True	False		0.45211145281791687	0.45211145281791687	0.42295871629791	0.45211145281791687	619.01
hard:68566005	hard	D	none	False	False		0.5667158365249634	0.32012423872947693	0.7874125691315337	0.5667158365249634	619.65
easy:239065004	easy	C	C	True	False		0.6815769672393799	0.6815769672393799	0.17913905999666765	0.6815769672393799	859.6
retrieval-miss:238020001	retrieval-miss	none	B	False	False		0.6947590112686157	0.24053363502025604	1.0602511787823865	0.6947590112686157	588.37
none-narrower:15735161000119106	none-narrower	none	none	True	False		0.7498671412467957	0.7498671412467957	0.09396963298650067	0.7498671412467957	586.64
easy:702448007	easy	A	A	True	True		0.8687081336975098	0.8687081336975098	0.028216315573639704	0.8687081336975098	851.91
none-narrower:704059008	none-narrower	none	none	True	False		0.5098264813423157	0.5098264813423157	0.4030411352548521	0.5098264813423157	454.34
easy:87211000119104	easy	A	A	True	True		0.824722409248352	0.824722409248352	0.04985127107881661	0.824722409248352	907.61
hard:371582002	hard	D	none	False	False		0.5024052858352661	0.33410102128982544	0.711956472941264	0.5024052858352661	441.63
none-narrower:8445003	none-narrower	none	none	True	False		0.8100994229316711	0.8100994229316711	0.04658831077302225	0.8100994229316711	589.16
hard:48868008	hard	A	A	True	True		0.7946406602859497	0.7946406602859497	0.06688074537037023	0.7946406602859497	587.29
easy:403803002	easy	A	A	True	True		0.9089473485946655	0.9089473485946655	0.013605599742580776	0.9089473485946655	857.27
easy:254950006	easy	A	A	True	True		0.8139849305152893	0.8139849305152893	0.05648779968506199	0.8139849305152893	618.03
easy:302829009	easy	A	A	True	True		0.4911341071128845	0.4911341071128845	0.411214813557021	0.4911341071128845	590.12
hard:35728003	hard	A	A	True	True		0.49636411666870117	0.49636411666870117	0.46355684169728817	0.49636411666870117	868.31
easy:93468003	easy	A	A	True	True		0.6435766220092773	0.6435766220092773	0.21055955813513855	0.6435766220092773	595.06
hard:33793000	hard	A	A	True	True		0.8708098530769348	0.8708098530769348	0.026177988661109344	0.8708098530769348	587.94
easy:76047005	easy	A	A	True	True		0.707903265953064	0.707903265953064	0.13065227968402687	0.707903265953064	857.18
none-narrower:188289008	none-narrower	none	none	True	False		0.5205868482589722	0.5205868482589722	0.4258965187582362	0.5205868482589722	854.46
hard:720501007	hard	A	A	True	True		0.8880370855331421	0.8880370855331421	0.01964540776413249	0.8880370855331421	619.42
easy:197480006	easy	A	none	False	True		0.5102303624153137	0.4334070086479187	0.5819793108855824	0.5102303624153137	455.28
hard:237965005	hard	A	none	False	True		0.4591202437877655	0.3594350516796112	0.636071250908906	0.4591202437877655	620.31
hard:11010461000119101	hard	A	none	False	True		0.3976294994354248	0.33776000142097473	0.63589938585747	0.3976294994354248	856.56
hard:50658006	hard	A	A	True	True		0.7541957497596741	0.7541957497596741	0.10269041934886566	0.7541957497596741	857.24
hard:717632002	hard	A	A	True	True		0.8209379315376282	0.8209379315376282	0.048592379009070485	0.8209379315376282	1177.45
hard:237706000	hard	A	A	True	True		0.8948785662651062	0.8948785662651062	0.01819314632655878	0.8948785662651062	855.5
easy:716647001	easy	A	A	True	True		0.605133593082428	0.605133593082428	0.22453675625004496	0.605133593082428	620.23
none-narrower:121131000119109	none-narrower	none	C	False	False		0.8064882159233093	0.1339745819568634	1.4014984503217673	0.8064882159233093	854.63
easy:204552001	easy	A	A	True	True		0.7407707571983337	0.7407707571983337	0.10820291044804199	0.7407707571983337	587.41
easy:197442005	easy	A	A	True	True		0.6782829165458679	0.6782829165458679	0.18044801109161765	0.6782829165458679	587.53
easy:186973005	easy	A	A	True	True		0.604771077632904	0.604771077632904	0.23554401921235282	0.604771077632904	586.07
hard:73843004	hard	A	A	True	True		0.9070004820823669	0.9070004820823669	0.011877950484483356	0.9070004820823669	858.06
none-narrower:16026631000119103	none-narrower	none	none	True	False		0.5768775939941406	0.5768775939941406	0.28751147478655137	0.5768775939941406	856.31
hard:721629005	hard	A	A	True	True		0.7076128721237183	0.7076128721237183	0.12272288647895101	0.7076128721237183	855.64
hard:720954000	hard	A	A	True	True		0.9127238988876343	0.9127238988876343	0.01219847013084218	0.9127238988876343	859.76
easy:45650007	easy	A	A	True	True		0.6193258166313171	0.6193258166313171	0.21790948562750836	0.6193258166313171	854.6
none-narrower:309760004	none-narrower	none	none	True	False		0.5731807351112366	0.5731807351112366	0.2230003944281565	0.5731807351112366	586.99
none-narrower:551621000124109	none-narrower	none	none	True	False		0.6400691270828247	0.6400691270828247	0.17748848701511055	0.6400691270828247	855.11
hard:3752003	hard	A	A	True	True		0.8165222406387329	0.8165222406387329	0.04816889006218999	0.8165222406387329	895.56
easy:718717004	easy	A	A	True	True		0.9337244033813477	0.9337244033813477	0.007312246092795575	0.9337244033813477	856.8
easy:420120006	easy	A	A	True	True		0.9141719341278076	0.9141719341278076	0.010976372141959245	0.9141719341278076	857.38
hard:716008002	hard	A	A	True	True		0.8845354914665222	0.8845354914665222	0.020516561842530423	0.8845354914665222	859.1
hard:92060009	hard	A	A	True	True		0.727504312992096	0.727504312992096	0.1145033962901506	0.727504312992096	618.96
none-narrower:353921000119103	none-narrower	none	none	True	False		0.551828145980835	0.551828145980835	0.3191313490151063	0.551828145980835	858.92
none-narrower:719860006	none-narrower	none	none	True	False		0.595421314239502	0.595421314239502	0.23675665591207018	0.595421314239502	584.57
hard:725390002	hard	A	A	True	True		0.8262526988983154	0.8262526988983154	0.04408614887125916	0.8262526988983154	1169.74
retrieval-miss:73123008	retrieval-miss	none	none	True	False		0.5634263753890991	0.5634263753890991	0.2676483521140305	0.5634263753890991	852.59
none-narrower:61048000	none-narrower	none	none	True	False		0.7060802578926086	0.7060802578926086	0.10440539598591653	0.7060802578926086	853.71
easy:68409003	easy	C	C	True	False		0.4615309238433838	0.4615309238433838	0.45941877654226554	0.4615309238433838	854.31
hard:719574007	hard	A	A	True	True		0.8170703649520874	0.8170703649520874	0.049915211051852454	0.8170703649520874	857.01
easy:230500006	easy	A	A	True	True		0.8149383664131165	0.8149383664131165	0.05615868900856814	0.8149383664131165	586.7
hard:23412002	hard	A	A	True	True		0.7352268695831299	0.7352268695831299	0.11112021496949417	0.7352268695831299	851.54
none-narrower:191692007	none-narrower	none	A	False	False		0.5706334710121155	0.3794730007648468	0.7115236602773221	0.5706334710121155	451.87
easy:763739002	easy	A	A	True	True		0.9126266837120056	0.9126266837120056	0.012208701083198568	0.9126266837120056	855.55
none-narrower:721166000	none-narrower	none	none	True	False		0.6698299050331116	0.6698299050331116	0.14520182283464203	0.6698299050331116	586.6
easy:17585008	easy	A	A	True	True		0.8639612793922424	0.8639612793922424	0.03341946112356022	0.8639612793922424	585.43
easy:92039003	easy	A	A	True	True		0.675629734992981	0.675629734992981	0.1710537373113887	0.675629734992981	850.39
hard:709416009	hard	A	A	True	True		0.8483136296272278	0.8483136296272278	0.03405881932952973	0.8483136296272278	852.92
easy:715752006	easy	A	A	True	True		0.8919559121131897	0.8919559121131897	0.01789411294740723	0.8919559121131897	854.27
hard:702442008	hard	A	A	True	True		0.9395431876182556	0.9395431876182556	0.005534974200968608	0.9395431876182556	854.57
none-narrower:1231727005	none-narrower	none	none	True	False		0.6958360075950623	0.6958360075950623	0.11925534690296588	0.6958360075950623	616.55
easy:48553001	easy	A	A	True	True		0.8403856158256531	0.8403856158256531	0.04229506323342107	0.8403856158256531	583.63
hard:763774001	hard	A	A	True	True		0.9461027979850769	0.9461027979850769	0.004493709782893943	0.9461027979850769	854.23
easy:765485000	easy	A	A	True	True		0.9422329068183899	0.9422329068183899	0.004468287324537902	0.9422329068183899	1168.75
hard:28987007	hard	A	A	True	True		0.5126667022705078	0.5126667022705078	0.3419168842167028	0.5126667022705078	850.35
hard:233858000	hard	A	A	True	True		0.7868252992630005	0.7868252992630005	0.06995470014405039	0.7868252992630005	583.59
easy:702375004	easy	A	A	True	True		0.7776843905448914	0.7776843905448914	0.07748195253776795	0.7776843905448914	614.06
hard:194350005	hard	A	A	True	True		0.5079106092453003	0.5079106092453003	0.3643690656031878	0.5079106092453003	450.1
easy:91955005	easy	A	A	True	True		0.8574861884117126	0.8574861884117126	0.031148017818078397	0.8574861884117126	850.95
hard:126971002	hard	A	A	True	True		0.7929515838623047	0.7929515838623047	0.0675459302150114	0.7929515838623047	851.94
none-narrower:773700005	none-narrower	none	A	False	False		0.8809319734573364	0.08969221264123917	1.6049641315691323	0.8809319734573364	850.33
easy:126834003	easy	A	A	True	True		0.6321260333061218	0.6321260333061218	0.24398309768522905	0.6321260333061218	851.51
easy:766937004	easy	A	A	True	True		0.9659624099731445	0.9659624099731445	0.0017834443967754247	0.9659624099731445	855.49
hard:719268008	hard	A	A	True	True		0.9133329391479492	0.9133329391479492	0.012133687230754765	0.9133329391479492	616.84
easy:6121001	easy	A	B	False	True		0.5339072346687317	0.20055940747261047	0.9800917236262308	0.5339072346687317	616.52
easy:13706005	easy	A	A	True	True		0.6111518740653992	0.6111518740653992	0.21977427366948604	0.6111518740653992	451.87
hard:109475005	hard	A	A	True	True		0.4500630497932434	0.4500630497932434	0.43884335659373247	0.4500630497932434	618.03
hard:190953007	hard	A	A	True	True		0.7996428608894348	0.7996428608894348	0.06917472635051372	0.7996428608894348	585.72
hard:126880001	hard	A	A	True	True		0.590399980545044	0.590399980545044	0.2994049721351132	0.590399980545044	675.35
easy:271569006	easy	A	A	True	True		0.7073861360549927	0.7073861360549927	0.13773927623079402	0.7073861360549927	433.69
easy:92756002	easy	A	A	True	True		0.691986083984375	0.691986083984375	0.15356216376542403	0.691986083984375	616.59
none-narrower:191508007	none-narrower	none	H	False	False		0.59920334815979	0.33847564458847046	0.7984745874255239	0.59920334815979	852.21
hard:57406009	hard	A	A	True	True		0.6589937806129456	0.6589937806129456	0.1906484531396218	0.6589937806129456	649.17
none-narrower:1351962002	none-narrower	none	B	False	False		0.6678325533866882	0.1810104250907898	1.1315016018241082	0.6678325533866882	857.51
easy:47673003	easy	A	A	True	True		0.579931378364563	0.579931378364563	0.28873028214873686	0.579931378364563	859.65
easy:279081001	easy	A	A	True	True		0.4703783392906189	0.4703783392906189	0.40551215137995633	0.4703783392906189	855.59
retrieval-miss:91390005	retrieval-miss	none	none	True	False		0.6016364693641663	0.6016364693641663	0.20935640703036185	0.6016364693641663	599.23
hard:85478004	hard	A	A	True	True		0.5159147381782532	0.5159147381782532	0.3988346351755545	0.5159147381782532	595.16
hard:723622007	hard	A	A	True	True		0.7317295670509338	0.7317295670509338	0.1031205179658238	0.7317295670509338	1182.01
none-narrower:251160002	none-narrower	none	none	True	False		0.5755712389945984	0.5755712389945984	0.3271968609610513	0.5755712389945984	856.83
easy:71638002	easy	A	A	True	True		0.8438673615455627	0.8438673615455627	0.03882477800887016	0.8438673615455627	437.81
easy:715866009	easy	A	A	True	True		0.6421473026275635	0.6421473026275635	0.17990270565457198	0.6421473026275635	855.59
easy:236302005	easy	A	A	True	True		0.8890953063964844	0.8890953063964844	0.01946699104489666	0.8890953063964844	622.33
none-narrower:191519005	none-narrower	none	none	True	False		0.6189769506454468	0.6189769506454468	0.21367589882193416	0.6189769506454468	636.74
none-narrower:770679002	none-narrower	none	B	False	False		0.9266745448112488	0.057826701551675797	1.7464585356734932	0.9266745448112488	868.63
hard:254666005	hard	A	A	True	True		0.5027985572814941	0.5027985572814941	0.4308572127519503	0.5027985572814941	623.47
hard:724064004	hard	A	A	True	True		0.9416677355766296	0.9416677355766296	0.005257930741603158	0.9416677355766296	860.09
easy:254627002	easy	A	A	True	True		0.8892121911048889	0.8892121911048889	0.019439955294683585	0.8892121911048889	862.27
hard:717044000	hard	A	A	True	True		0.6977857351303101	0.6977857351303101	0.1386614604628883	0.6977857351303101	904.1
none-narrower:253204009	none-narrower	none	none	True	False		0.7262341380119324	0.7262341380119324	0.11609022651100656	0.7262341380119324	595.5
easy:72262000	easy	A	none	False	True		0.45391690731048584	0.3855724334716797	0.5969996184775878	0.45391690731048584	622.2
hard:378007	hard	A	A	True	True		0.5107601284980774	0.5107601284980774	0.329898718856249	0.5107601284980774	591.38
hard:445738007	hard	B	B	True	False		0.6555234789848328	0.6555234789848328	0.183380863652161	0.6555234789848328	853.99
hard:43339004	hard	A	A	True	True		0.44697335362434387	0.44697335362434387	0.48418432819067114	0.44697335362434387	855.59
easy:428850001	easy	A	A	True	True		0.9351842403411865	0.9351842403411865	0.006702841103144438	0.9351842403411865	452.32
hard:363414004	hard	B	B	True	False		0.5560083389282227	0.5560083389282227	0.30276344237760955	0.5560083389282227	851.49
easy:71912000	easy	A	A	True	True		0.7408527135848999	0.7408527135848999	0.10819855267368317	0.7408527135848999	588.4
none-narrower:700458001	none-narrower	none	none	True	False		0.6889951229095459	0.6889951229095459	0.15517275085788831	0.6889951229095459	856.47
hard:19943007	hard	A	A	True	True		0.7095048427581787	0.7095048427581787	0.13688326563839454	0.7095048427581787	589.06
hard:717941005	hard	A	A	True	True		0.9061259031295776	0.9061259031295776	0.015004479916594026	0.9061259031295776	620.02
easy:70572005	easy	A	A	True	True		0.6019079685211182	0.6019079685211182	0.22869110752695548	0.6019079685211182	600.33
easy:57203004	easy	A	A	True	True		0.5942752957344055	0.5942752957344055	0.27851326414800087	0.5942752957344055	592.62
none-narrower:448776002	none-narrower	none	none	True	False		0.6483558416366577	0.6483558416366577	0.17175086108917476	0.6483558416366577	588.05
hard:719836007	hard	A	A	True	True		0.8240483403205872	0.8240483403205872	0.043238858033530066	0.8240483403205872	858.8
easy:275481002	easy	A	none	False	True		0.3993769884109497	0.3392440676689148	0.6473144362182595	0.3993769884109497	587.23
easy:766981007	easy	A	A	True	True		0.8527523875236511	0.8527523875236511	0.036358263959394704	0.8527523875236511	859.3
easy:126790004	easy	A	A	True	True		0.5136617422103882	0.5136617422103882	0.37852022787849143	0.5136617422103882	853.63
none-narrower:202941002	none-narrower	none	C	False	False		0.795581042766571	0.1555892676115036	1.3464936243093615	0.795581042766571	588.19
hard:91273001	hard	A	A	True	True		0.7061766386032104	0.7061766386032104	0.1321601135756308	0.7061766386032104	620.1
none-narrower:771515001	none-narrower	none	A	False	False		0.9100867509841919	0.06685815006494522	1.6991356972148828	0.9100867509841919	857.0
hard:726345000	hard	A	none	False	True		0.4269469678401947	0.39349451661109924	0.5603856753932949	0.4269469678401947	856.39
hard:26111005	hard	A	none	False	True		0.4601028859615326	0.25990113615989685	0.796615134815888	0.4601028859615326	586.56
none-narrower:703223000	none-narrower	none	none	True	False		0.5467625260353088	0.5467625260353088	0.3620081298749122	0.5467625260353088	618.33
easy:254778000	easy	A	A	True	True		0.9347139596939087	0.9347139596939087	0.006765566701689258	0.9347139596939087	852.73
easy:9740002	easy	A	A	True	True		0.6715403199195862	0.6715403199195862	0.18369233113084701	0.6715403199195862	859.28
easy:59655002	easy	A	A	True	True		0.41784802079200745	0.41784802079200745	0.5277025651561835	0.41784802079200745	1067.71
easy:405501007	easy	A	A	True	True		0.5783237814903259	0.5783237814903259	0.2863675882738892	0.5783237814903259	617.15
hard:763128009	hard	A	A	True	True		0.8992481231689453	0.8992481231689453	0.017335108029761792	0.8992481231689453	618.77
hard:363443007	hard	A	A	True	True		0.6695230007171631	0.6695230007171631	0.17375461783088444	0.6695230007171631	855.24
hard:28488007	hard	A	A	True	True		0.8756760358810425	0.8756760358810425	0.024949291986641323	0.8756760358810425	857.61
easy:764994007	easy	A	A	True	True		0.8215360641479492	0.8215360641479492	0.05398326950839172	0.8215360641479492	861.85
easy:733518000	easy	A	A	True	True		0.8881515264511108	0.8881515264511108	0.01792231280194508	0.8881515264511108	1174.72
easy:720955004	easy	A	A	True	True		0.819238543510437	0.819238543510437	0.05167852046757344	0.819238543510437	858.97
easy:44697002	easy	A	A	True	True		0.7193223237991333	0.7193223237991333	0.1256788777990379	0.7193223237991333	861.08
hard:278991002	hard	B	none	False	False		0.3396007716655731	0.17680178582668304	0.8693771405566415	0.3396007716655731	856.0
none-narrower:203343001	none-narrower	none	H	False	False		0.41369616985321045	0.38128194212913513	0.5828653213542446	0.41369616985321045	858.12
easy:10082001	easy	A	A	True	True		0.8747572302818298	0.8747572302818298	0.025215116255290184	0.8747572302818298	617.92
easy:63246000	easy	A	A	True	True		0.8917182683944702	0.8917182683944702	0.018861590764226114	0.8917182683944702	853.2
hard:404055006	hard	A	A	True	True		0.6401378512382507	0.6401378512382507	0.20023791455758755	0.6401378512382507	853.01
hard:156410002	hard	A	A	True	True		0.8067454099655151	0.8067454099655151	0.06257393651607997	0.8067454099655151	453.15
hard:267534000	hard	A	none	False	True		0.41780173778533936	0.21751448512077332	0.8791825955671851	0.41780173778533936	618.5
easy:24326000	easy	A	A	True	True		0.8946275115013123	0.8946275115013123	0.01643121816084332	0.8946275115013123	589.09
easy:71464000	easy	A	A	True	True		0.7977163195610046	0.7977163195610046	0.07471269627176402	0.7977163195610046	858.75
hard:404808000	hard	A	A	True	True		0.7514867186546326	0.7514867186546326	0.09769395498588225	0.7514867186546326	587.41
hard:423673009	hard	A	A	True	True		0.8152281641960144	0.8152281641960144	0.04880273644416919	0.8152281641960144	617.53
hard:402296004	hard	A	A	True	True		0.917330265045166	0.917330265045166	0.010788930383800407	0.917330265045166	587.1
hard:84759007	hard	A	A	True	True		0.8436455130577087	0.8436455130577087	0.0412903762897964	0.8436455130577087	619.98
none-narrower:10754961000119101	none-narrower	none	B	False	False		0.4837883710861206	0.44588226079940796	0.5426619672164851	0.4837883710861206	618.66
easy:89454001	easy	A	none	False	True		0.36803150177001953	0.33919522166252136	0.6180625889811466	0.36803150177001953	856.7
hard:721883006	hard	A	A	True	True		0.923665463924408	0.923665463924408	0.009234280026472723	0.923665463924408	858.65
hard:7522008	hard	A	A	True	True		0.8351795077323914	0.8351795077323914	0.043749867454954725	0.8351795077323914	589.1
none-narrower:235659008	none-narrower	none	none	True	False		0.8443321585655212	0.8443321585655212	0.02849807957241857	0.8443321585655212	588.14
hard:722375007	hard	A	A	True	True		0.9399433135986328	0.9399433135986328	0.006112492331018305	0.9399433135986328	858.36
hard:124220008	hard	C	C	True	False		0.9306576251983643	0.9306576251983643	0.0073478084003181544	0.9306576251983643	858.62
easy:237705001	easy	A	A	True	True		0.7633780837059021	0.7633780837059021	0.08439460410310497	0.7633780837059021	619.52
hard:234584007	hard	A	A	True	True		0.7812187075614929	0.7812187075614929	0.0805617048479073	0.7812187075614929	568.98
none-narrower:57185003	none-narrower	none	none	True	False		0.5147266387939453	0.5147266387939453	0.31814820575305597	0.5147266387939453	585.45
none-narrower:389160009	none-narrower	none	A	False	False		0.4957343339920044	0.3576907813549042	0.6662809135162509	0.4957343339920044	854.97
hard:233919006	hard	A	A	True	True		0.7661051750183105	0.7661051750183105	0.09177175306744106	0.7661051750183105	587.9
easy:197660000	easy	A	A	True	True		0.7946103811264038	0.7946103811264038	0.0708928699999509	0.7946103811264038	854.53
none-narrower:764092008	none-narrower	none	none	True	False		0.5905241966247559	0.5905241966247559	0.2266846604103276	0.5905241966247559	451.75
hard:707310009	hard	A	A	True	True		0.7902323603630066	0.7902323603630066	0.0726512651731826	0.7902323603630066	858.52
easy:447292006	easy	A	A	True	True		0.6257510185241699	0.6257510185241699	0.23147157070409874	0.6257510185241699	850.96
none-narrower:127045008	none-narrower	none	none	True	False		0.7046512961387634	0.7046512961387634	0.1176272554046712	0.7046512961387634	856.7
easy:764989007	easy	A	A	True	True		0.9616988897323608	0.9616988897323608	0.0021976454850098455	0.9616988897323608	1175.55
hard:723406000	hard	A	A	True	True		0.9369522929191589	0.9369522929191589	0.006894912105411761	0.9369522929191589	894.03
hard:111196000	hard	A	A	True	True		0.7879180908203125	0.7879180908203125	0.06982386839132326	0.7879180908203125	856.94
easy:763794005	easy	A	A	True	True		0.9370825290679932	0.9370825290679932	0.006878496586629392	0.9370825290679932	876.16
retrieval-miss:64852002	retrieval-miss	none	A	False	False		0.5331762433052063	0.30117854475975037	0.7840131085362942	0.5331762433052063	909.34
easy:717761005	easy	A	A	True	True		0.9530019164085388	0.9530019164085388	0.0035584703043512775	0.9530019164085388	865.27
easy:448670003	easy	A	A	True	True		0.5591196417808533	0.5591196417808533	0.297912393660034	0.5591196417808533	622.96
hard:25904003	hard	A	A	True	True		0.6748331785202026	0.6748331785202026	0.16248801697406723	0.6748331785202026	854.4
hard:45369008	hard	A	A	True	True		0.7025567293167114	0.7025567293167114	0.12651328490969388	0.7025567293167114	857.19
easy:189099001	easy	A	none	False	True		0.39892926812171936	0.3388640582561493	0.6347315895734258	0.39892926812171936	862.96
hard:1779005	hard	A	A	True	True		0.918525218963623	0.918525218963623	0.00965482635647966	0.918525218963623	855.12
hard:870313002	hard	A	A	True	True		0.858070969581604	0.858070969581604	0.03107216832591295	0.858070969581604	855.46
easy:363378008	easy	B	B	True	False		0.5010263919830322	0.5010263919830322	0.40562813940907816	0.5010263919830322	853.26
easy:399903008	easy	A	A	True	True		0.8679871559143066	0.8679871559143066	0.026981636694899776	0.8679871559143066	854.15
none-narrower:699785004	none-narrower	none	none	True	False		0.5387210845947266	0.5387210845947266	0.36550449374355765	0.5387210845947266	617.15
easy:253231007	easy	A	A	True	True		0.7437428832054138	0.7437428832054138	0.10696927081100621	0.7437428832054138	586.86
easy:719171005	easy	A	A	True	True		0.9444097280502319	0.9444097280502319	0.004933963830667911	0.9444097280502319	856.84
hard:442292004	hard	A	A	True	True		0.9225433468818665	0.9225433468818665	0.009944839960118423	0.9225433468818665	586.38
none-narrower:1373832001	none-narrower	none	none	True	False		0.6010973453521729	0.6010973453521729	0.23562390719356924	0.6010973453521729	587.37
easy:36188001	easy	A	A	True	True		0.7549948692321777	0.7549948692321777	0.10945024709672493	0.7549948692321777	858.28
easy:206292002	easy	A	A	True	True		0.8360375761985779	0.8360375761985779	0.04122005619014437	0.8360375761985779	586.32
easy:238627002	easy	A	A	True	True		0.5819961428642273	0.5819961428642273	0.25911099750445504	0.5819961428642273	616.89
easy:27059002	easy	H	H	True	False		0.8972066044807434	0.8972066044807434	0.014660847850294404	0.8972066044807434	584.84
none-narrower:783155007	none-narrower	none	B	False	False		0.6934447288513184	0.20393091440200806	1.117563040305602	0.6934447288513184	855.6
retrieval-miss:28724005	retrieval-miss	none	none	True	False		0.9042834639549255	0.9042834639549255	0.011536064535075927	0.9042834639549255	857.41
easy:725078006	easy	A	A	True	True		0.783223569393158	0.783223569393158	0.07187194132441244	0.783223569393158	1175.88
easy:718574003	easy	A	A	True	True		0.9348251819610596	0.9348251819610596	0.007169068912984853	0.9348251819610596	860.21
none-narrower:240657005	none-narrower	none	none	True	False		0.360367089509964	0.360367089509964	0.5725573087554042	0.360367089509964	619.57
hard:11282001	hard	A	A	True	True		0.512897253036499	0.512897253036499	0.34823390773441104	0.512897253036499	861.03
hard:7379000	hard	A	A	True	True		0.7611129879951477	0.7611129879951477	0.08181578109405559	0.7611129879951477	588.86
hard:84193000	hard	A	A	True	True		0.8298921585083008	0.8298921585083008	0.05142496869599987	0.8298921585083008	859.87
hard:126963001	hard	A	A	True	True		0.5302106738090515	0.5302106738090515	0.3486074794199592	0.5302106738090515	855.18
hard:373604002	hard	A	A	True	True		0.7366117238998413	0.7366117238998413	0.09559199037383026	0.7366117238998413	858.79
easy:363473003	easy	A	A	True	True		0.6262344717979431	0.6262344717979431	0.2311322186307086	0.6262344717979431	587.42
none-narrower:87181002	none-narrower	none	A	False	False		0.7747715711593628	0.1783771514892578	1.2761715780185479	0.7747715711593628	860.44
none-narrower:414927004	none-narrower	none	none	True	False		0.5044699311256409	0.5044699311256409	0.35636796089601636	0.5044699311256409	454.73
easy:231527003	easy	B	none	False	False		0.5823214054107666	0.15783318877220154	1.081404712225675	0.5823214054107666	590.48
hard:722955006	hard	A	A	True	True		0.8591112494468689	0.8591112494468689	0.03254458329694588	0.8591112494468689	857.58
hard:63137003	hard	A	A	True	True		0.6203922033309937	0.6203922033309937	0.2490482327582928	0.6203922033309937	453.87
hard:764958008	hard	A	A	True	True		0.7969284653663635	0.7969284653663635	0.06619418595182272	0.7969284653663635	1174.27
none-narrower:413356003	none-narrower	none	B	False	False		0.635513961315155	0.17225056886672974	1.1116299823583424	0.635513961315155	860.14
hard:83414005	hard	A	A	True	True		0.8306598663330078	0.8306598663330078	0.04791677405722947	0.8306598663330078	588.65
none-narrower:720952001	none-narrower	none	A	False	False		0.9073405861854553	0.06143370643258095	1.7043794583378213	0.9073405861854553	897.24
hard:5299007	hard	A	A	True	True		0.7180824279785156	0.7180824279785156	0.12510700148623966	0.7180824279785156	406.82
easy:105632002	easy	A	A	True	True		0.7574226260185242	0.7574226260185242	0.09561410869495185	0.7574226260185242	586.77
hard:204431007	hard	A	A	True	True		0.6136900186538696	0.6136900186538696	0.24021586929809194	0.6136900186538696	621.34
hard:711543008	hard	A	A	True	True		0.7490622401237488	0.7490622401237488	0.09896187523647015	0.7490622401237488	860.16
easy:716238003	easy	B	B	True	False		0.8912545442581177	0.8912545442581177	0.01665052672349966	0.8912545442581177	859.99
easy:445338005	easy	A	A	True	True		0.7983754873275757	0.7983754873275757	0.06562335774000337	0.7983754873275757	622.8
hard:38606009	hard	A	A	True	True		0.7571448087692261	0.7571448087692261	0.10163309007115477	0.7571448087692261	621.39
easy:54385001	easy	A	A	True	True		0.8916206955909729	0.8916206955909729	0.01892031033584648	0.8916206955909729	860.91
easy:72789009	easy	A	A	True	True		0.8301057815551758	0.8301057815551758	0.04368337425174403	0.8301057815551758	860.13
easy:371965009	easy	A	A	True	True		0.7066760063171387	0.7066760063171387	0.12174089429000946	0.7066760063171387	588.37
none-narrower:237620003	none-narrower	none	none	True	False		0.4197584390640259	0.4197584390640259	0.4672371991608101	0.4197584390640259	620.63
easy:18377001	easy	A	A	True	True		0.6360452771186829	0.6360452771186829	0.21313483933457364	0.6360452771186829	590.02
easy:129623003	easy	A	A	True	True		0.7835025787353516	0.7835025787353516	0.07519343903718832	0.7835025787353516	857.21
hard:715726000	hard	A	A	True	True		0.8244361281394958	0.8244361281394958	0.04720111411965276	0.8244361281394958	620.26
hard:52994003	hard	A	A	True	True		0.8031763434410095	0.8031763434410095	0.05802398756468064	0.8031763434410095	589.96
easy:128139000	easy	A	A	True	True		0.5338783264160156	0.5338783264160156	0.39265430972723003	0.5338783264160156	590.15
hard:402917003	hard	A	A	True	True		0.8924204111099243	0.8924204111099243	0.016544298170021444	0.8924204111099243	858.44
hard:81678004	hard	A	A	True	True		0.9424724578857422	0.9424724578857422	0.005153597334809041	0.9424724578857422	865.26
easy:89870006	easy	A	A	True	True		0.9017575979232788	0.9017575979232788	0.0158121242212281	0.9017575979232788	864.02
easy:56805008	easy	A	A	True	True		0.8072801828384399	0.8072801828384399	0.055767863581885256	0.8072801828384399	589.04
hard:307649006	hard	A	A	True	True		0.6658504605293274	0.6658504605293274	0.16891269636135464	0.6658504605293274	857.35
hard:31658008	hard	A	A	True	True		0.4535088837146759	0.4535088837146759	0.5092606255333498	0.4535088837146759	472.26
hard:80375002	hard	B	B	True	False		0.8006742596626282	0.8006742596626282	0.061377970753319654	0.8006742596626282	438.26
hard:66351003	hard	A	A	True	True		0.9150013327598572	0.9150013327598572	0.0125723864985904	0.9150013327598572	1178.28
easy:64235006	easy	A	A	True	True		0.5757994651794434	0.5757994651794434	0.30604075190123026	0.5757994651794434	863.56
easy:92531006	easy	A	A	True	True		0.855187177658081	0.855187177658081	0.0335932027533219	0.855187177658081	621.81
hard:14785004	hard	A	A	True	True		0.8326096534729004	0.8326096534729004	0.04228407722209282	0.8326096534729004	591.97
hard:72052003	hard	A	A	True	True		0.6589078307151794	0.6589078307151794	0.19004837859723478	0.6589078307151794	455.01
hard:80258006	hard	A	A	True	True		0.9019123911857605	0.9019123911857605	0.016816563154784865	0.9019123911857605	859.6
hard:715562001	hard	A	A	True	True		0.635310709476471	0.635310709476471	0.19558162395586456	0.635310709476471	857.53
none-narrower:722517009	none-narrower	none	A	False	False		0.5490180850028992	0.24279171228408813	0.8848647485329854	0.5490180850028992	621.15
easy:722033000	easy	A	A	True	True		0.7994979023933411	0.7994979023933411	0.06258063575338084	0.7994979023933411	857.85
hard:277569004	hard	A	A	True	True		0.7319942116737366	0.7319942116737366	0.11328064047242173	0.7319942116737366	857.73
retrieval-miss:80321008	retrieval-miss	none	A	False	False		0.5031143426895142	0.3083578944206238	0.7539418124710392	0.5031143426895142	860.13
easy:57534004	easy	A	A	True	True		0.5555097460746765	0.5555097460746765	0.2922596837503639	0.5555097460746765	590.75
hard:419893006	hard	A	A	True	True		0.829265832901001	0.829265832901001	0.045887989273586095	0.829265832901001	589.72
easy:254943007	easy	A	A	True	True		0.5904605388641357	0.5904605388641357	0.2808642338323992	0.5904605388641357	766.68
easy:2992000	easy	A	A	True	True		0.623607873916626	0.623607873916626	0.21710259357621117	0.623607873916626	588.49
easy:5050001	easy	A	A	True	True		0.8722959756851196	0.8722959756851196	0.024594873271134826	0.8722959756851196	587.83
easy:764435003	easy	A	A	True	True		0.9267070889472961	0.9267070889472961	0.008770063559151546	0.9267070889472961	861.74
retrieval-miss:448015002	retrieval-miss	none	none	True	False		0.830675482749939	0.830675482749939	0.03425901872353443	0.830675482749939	589.59
none-narrower:890286007	none-narrower	none	A	False	False		0.8636977076530457	0.09541357308626175	1.5646652254298825	0.8636977076530457	861.14
none-narrower:702715008	none-narrower	none	none	True	False		0.8263493180274963	0.8263493180274963	0.03712309123219125	0.8263493180274963	588.21
hard:42385006	hard	A	A	True	True		0.7817139029502869	0.7817139029502869	0.07566962096450422	0.7817139029502869	856.81
retrieval-miss:403901001	retrieval-miss	none	A	False	False		0.6840469241142273	0.23682497441768646	1.0534738049513273	0.6840469241142273	864.09
none-narrower:55366007	none-narrower	none	none	True	False		0.605998158454895	0.605998158454895	0.24277208479006845	0.605998158454895	858.87
hard:3855007	hard	A	A	True	True		0.5503621101379395	0.5503621101379395	0.32237149020561173	0.5503621101379395	590.6
hard:27194006	hard	A	A	True	True		0.6178123354911804	0.6178123354911804	0.2502632870331278	0.6178123354911804	455.03
easy:254654004	easy	A	A	True	True		0.8494089245796204	0.8494089245796204	0.037256446361649764	0.8494089245796204	622.33
none-narrower:92375009	none-narrower	none	none	True	False		0.754178524017334	0.754178524017334	0.07785565755900983	0.754178524017334	858.34
hard:8326008	hard	A	A	True	True		0.47106724977493286	0.47106724977493286	0.3954076087601574	0.47106724977493286	454.99
easy:764105002	easy	A	A	True	True		0.8787832260131836	0.8787832260131836	0.022917929786185225	0.8787832260131836	858.89
hard:766824003	hard	A	A	True	True		0.7683853507041931	0.7683853507041931	0.09084404507416619	0.7683853507041931	861.07
hard:230310003	hard	A	none	False	True		0.4042920768260956	0.2477899044752121	0.8049714650785097	0.4042920768260956	856.57
none-narrower:127213008	none-narrower	none	H	False	False		0.6064379215240479	0.2681843936443329	0.9095326063418556	0.6064379215240479	592.27
none-narrower:415652006	none-narrower	none	none	True	False		0.6072471141815186	0.6072471141815186	0.22294368268117568	0.6072471141815186	857.22
hard:716233007	hard	A	A	True	True		0.9553893804550171	0.9553893804550171	0.0031522515776851155	0.9553893804550171	872.65
easy:127232002	easy	C	A	False	False		0.44838061928749084	0.027980022132396698	1.3486983313267686	0.44838061928749084	595.72
none-narrower:94129007	none-narrower	none	A	False	False		0.7528460621833801	0.2040526121854782	1.2007102028151424	0.7528460621833801	622.79
hard:234422006	hard	A	A	True	True		0.8392850756645203	0.8392850756645203	0.03654565442671905	0.8392850756645203	741.12
easy:42982001	easy	A	A	True	True		0.8257766366004944	0.8257766366004944	0.05264674042143343	0.8257766366004944	1178.84
easy:716662004	easy	A	none	False	True		0.6792955994606018	0.11284523457288742	1.2621814132073792	0.6792955994606018	861.19
hard:241774007	hard	A	A	True	True		0.8621507883071899	0.8621507883071899	0.030035124367160524	0.8621507883071899	861.95
hard:237816004	hard	A	A	True	True		0.8183795213699341	0.8183795213699341	0.052092556029308984	0.8183795213699341	859.98
easy:715710001	easy	A	A	True	True		0.6223558187484741	0.6223558187484741	0.22175687359372373	0.6223558187484741	859.97
easy:95279007	easy	A	A	True	True		0.7773363590240479	0.7773363590240479	0.08213899971132768	0.7773363590240479	592.59
hard:193683001	hard	A	A	True	True		0.595536470413208	0.595536470413208	0.2447991644750618	0.595536470413208	592.51
easy:39998009	easy	B	B	True	False		0.5752881765365601	0.5752881765365601	0.2609744201777382	0.5752881765365601	863.47
hard:725463007	hard	A	A	True	True		0.8221514225006104	0.8221514225006104	0.05068069751018953	0.8221514225006104	863.88
hard:280483007	hard	A	A	True	True		0.7581495642662048	0.7581495642662048	0.0902610037251825	0.7581495642662048	865.11
hard:718182008	hard	A	A	True	True		0.8695690035820007	0.8695690035820007	0.026537326982431792	0.8695690035820007	866.08
easy:722450007	easy	A	A	True	True		0.9119542837142944	0.9119542837142944	0.012358131255511069	0.9119542837142944	864.96
easy:19885005	easy	A	D	False	True		0.347956120967865	0.3206925094127655	0.6702848320231993	0.347956120967865	440.11
easy:196609006	easy	A	A	True	True		0.5265749096870422	0.5265749096870422	0.3959535222805516	0.5265749096870422	874.59
easy:37283009	easy	A	A	True	True		0.6080986857414246	0.6080986857414246	0.24247420288041066	0.6080986857414246	417.7
easy:424952003	easy	A	A	True	True		0.5997068285942078	0.5997068285942078	0.23406400840722635	0.5997068285942078	623.47
hard:191382009	hard	A	A	True	True		0.7530435919761658	0.7530435919761658	0.09785773503424433	0.7530435919761658	592.61
none-narrower:446076000	none-narrower	none	none	True	False		0.8157033324241638	0.8157033324241638	0.04215645431586018	0.8157033324241638	864.04
none-narrower:1290237009	none-narrower	none	H	False	False		0.7401868104934692	0.23618251085281372	1.1313987484085966	0.7401868104934692	624.42
none-narrower:128219005	none-narrower	none	none	True	False		0.5230699777603149	0.5230699777603149	0.39688962006075723	0.5230699777603149	593.55
retrieval-miss:233954004	retrieval-miss	none	none	True	False		0.6399547457695007	0.6399547457695007	0.17896106682577675	0.6399547457695007	863.28
hard:1156813002	hard	A	A	True	True		0.813532829284668	0.813532829284668	0.05676379294906599	0.813532829284668	865.07
none-narrower:461098000	none-narrower	none	none	True	False		0.7610233426094055	0.7610233426094055	0.07629591580663234	0.7610233426094055	593.76
none-narrower:1177031006	none-narrower	none	none	True	False		0.753573477268219	0.753573477268219	0.07986029428061145	0.753573477268219	625.74
easy:402824003	easy	A	A	True	True		0.5646433234214783	0.5646433234214783	0.29739731748503995	0.5646433234214783	415.31
easy:698021005	easy	A	A	True	True		0.9031460285186768	0.9031460285186768	0.014754012989978728	0.9031460285186768	925.79
none-narrower:1263652003	none-narrower	none	none	True	False		0.7138667106628418	0.7138667106628418	0.13474735591220965	0.7138667106628418	870.26
hard:723826007	hard	A	A	True	True		0.9099747538566589	0.9099747538566589	0.012678320811204274	0.9099747538566589	905.31
none-narrower:763714006	none-narrower	none	A	False	False		0.8039357662200928	0.1572231650352478	1.356994912472051	0.8039357662200928	865.39
none-narrower:233762004	none-narrower	none	A	False	False		0.6810555458068848	0.3011827766895294	0.9522586940385878	0.6810555458068848	864.62
hard:363478007	hard	A	E	False	True		0.4198041558265686	0.27917125821113586	0.7625886114646924	0.4198041558265686	653.31
hard:720855003	hard	A	A	True	True		0.826849102973938	0.826849102973938	0.0523442842959735	0.826849102973938	867.33
none-narrower:389237009	none-narrower	none	A	False	False		0.7658764719963074	0.11725945770740509	1.374382114320182	0.7658764719963074	865.19
easy:23150001	easy	A	A	True	True		0.9502288699150085	0.9502288699150085	0.003851621619272962	0.9502288699150085	864.11
easy:302870006	easy	A	none	False	True		0.4360364079475403	0.4018714129924774	0.5581762526409341	0.4360364079475403	458.69
none-narrower:89248000	none-narrower	none	none	True	False		0.43742838501930237	0.43742838501930237	0.46050628141882133	0.43742838501930237	883.39
hard:254738007	hard	A	A	True	True		0.7698314189910889	0.7698314189910889	0.08500497320674694	0.7698314189910889	873.82
hard:73237007	hard	A	A	True	True		0.7219239473342896	0.7219239473342896	0.11718498708611585	0.7219239473342896	593.64
none-narrower:109805003	none-narrower	none	none	True	False		0.6535508036613464	0.6535508036613464	0.19277574491228375	0.6535508036613464	595.14
retrieval-miss:193466003	retrieval-miss	none	none	True	False		0.5213647484779358	0.5213647484779358	0.3972857477235111	0.5213647484779358	624.03
hard:234118009	hard	A	A	True	True		0.7551620602607727	0.7551620602607727	0.09680159362495266	0.7551620602607727	624.61
none-narrower:399959003	none-narrower	none	none	True	False		0.611373782157898	0.611373782157898	0.2054580295329444	0.611373782157898	626.05
hard:722449007	hard	A	A	True	True		0.9375021457672119	0.9375021457672119	0.006412373077185474	0.9375021457672119	866.46
retrieval-miss:124646004	retrieval-miss	none	none	True	False		0.5308547019958496	0.5308547019958496	0.335589424085686	0.5308547019958496	865.01
none-narrower:48780006	none-narrower	none	none	True	False		0.5702672600746155	0.5702672600746155	0.2596975504170676	0.5702672600746155	592.19
easy:109393007	easy	B	none	False	False		0.42049217224121094	0.11397089064121246	1.0369277642873769	0.42049217224121094	624.46
none-narrower:2129002	none-narrower	none	none	True	False		0.7252362966537476	0.7252362966537476	0.11114071454089783	0.7252362966537476	861.25
easy:30915001	easy	A	A	True	True		0.6821040511131287	0.6821040511131287	0.15129304837773327	0.6821040511131287	861.95
easy:409671005	easy	A	A	True	True		0.8672794699668884	0.8672794699668884	0.027110366714134037	0.8672794699668884	865.25
none-narrower:860828007	none-narrower	none	E	False	False		0.675853431224823	0.23398831486701965	1.0464189285978613	0.675853431224823	864.69
hard:765046002	hard	A	A	True	True		0.9279946088790894	0.9279946088790894	0.008579716012136581	0.9279946088790894	1182.44
hard:253170008	hard	A	A	True	True		0.7669943571090698	0.7669943571090698	0.09761907127235442	0.7669943571090698	1183.86
hard:124309005	hard	A	A	True	True		0.9036789536476135	0.9036789536476135	0.014579145103096762	0.9036789536476135	865.07
none-narrower:896820003	none-narrower	none	none	True	False		0.5112664699554443	0.5112664699554443	0.42808724086657646	0.5112664699554443	864.31
easy:702447002	easy	A	A	True	True		0.8840713500976562	0.8840713500976562	0.023057576925226614	0.8840713500976562	865.94
none-narrower:1231278004	none-narrower	none	H	False	False		0.5035209059715271	0.4277077615261078	0.5841874280733343	0.5035209059715271	624.97
hard:428041004	hard	A	A	True	True		0.8369194269180298	0.8369194269180298	0.043366610083332854	0.8369194269180298	867.29
none-narrower:341361000119108	none-narrower	none	none	True	False		0.6104419827461243	0.6104419827461243	0.21196580330139425	0.6104419827461243	623.72
retrieval-miss:49013001	retrieval-miss	none	E	False	False		0.3638736307621002	0.3090866208076477	0.6508882080448024	0.3638736307621002	863.25
hard:7111000119109	hard	B	B	True	False		0.8712390065193176	0.8712390065193176	0.024862613019196685	0.8712390065193176	593.67
hard:600009	hard	A	A	True	True		0.8639037013053894	0.8639037013053894	0.031259189715396304	0.8639037013053894	868.53
none-narrower:1259031004	none-narrower	none	A	False	False		0.8728022575378418	0.10461631417274475	1.5636126571849052	0.8728022575378418	862.24
hard:44808001	hard	A	none	False	True		0.4127025902271271	0.2744484841823578	0.7479942182695536	0.4127025902271271	773.84
easy:262521009	easy	A	A	True	True		0.5945399403572083	0.5945399403572083	0.27852940943764304	0.5945399403572083	592.92
hard:363515000	hard	A	A	True	True		0.6051294207572937	0.6051294207572937	0.2363461157562156	0.6051294207572937	623.53
hard:28882002	hard	D	D	True	False		0.7707870602607727	0.7707870602607727	0.07486585492900957	0.7707870602607727	594.35
hard:17709002	hard	A	A	True	True		0.8145313858985901	0.8145313858985901	0.053425332087177126	0.8145313858985901	592.99
hard:233763009	hard	A	A	True	True		0.882243812084198	0.882243812084198	0.022196433436532506	0.882243812084198	743.6
none-narrower:186289000	none-narrower	none	A	False	False		0.8609475493431091	0.10319538414478302	1.5457528972649532	0.8609475493431091	591.8
easy:16784003	easy	B	none	False	False		0.4127798080444336	0.2978363335132599	0.7185326836196317	0.4127798080444336	457.49
hard:402601007	hard	B	none	False	False		0.47917789220809937	0.18000061810016632	0.9887406637610747	0.47917789220809937	877.61
hard:765100000	hard	B	B	True	False		0.8222606778144836	0.8222606778144836	0.05062799203351217	0.8222606778144836	874.38
easy:733094005	easy	A	A	True	True		0.9364113807678223	0.9364113807678223	0.006548723036491718	0.9364113807678223	861.83
none-narrower:212953005	none-narrower	none	A	False	False		0.7664624452590942	0.20774322748184204	1.2153179760229564	0.7664624452590942	864.52
easy:21098003	easy	A	A	True	True		0.6536705493927002	0.6536705493927002	0.19389360963341104	0.6536705493927002	439.62
easy:724349009	easy	A	A	True	True		0.9153169393539429	0.9153169393539429	0.011111509072058235	0.9153169393539429	879.74
none-narrower:42746002	none-narrower	none	none	True	False		0.6604442596435547	0.6604442596435547	0.16210535687967012	0.6604442596435547	867.83
none-narrower:1259796004	none-narrower	none	A	False	False		0.46042999625205994	0.33221736550331116	0.6780986857417168	0.46042999625205994	860.53
hard:72124005	hard	A	A	True	True		0.5965893268585205	0.5965893268585205	0.2623331579287338	0.5965893268585205	413.98
hard:699812002	hard	A	A	True	True		0.46231287717819214	0.46231287717819214	0.4507732229690732	0.46231287717819214	599.8
hard:717049005	hard	A	A	True	True		0.5621612071990967	0.5621612071990967	0.3135176553501682	0.5621612071990967	910.06
hard:424802006	hard	A	A	True	True		0.8231387138366699	0.8231387138366699	0.050448828995433945	0.8231387138366699	591.35
retrieval-miss:233982006	retrieval-miss	none	none	True	False		0.7869564294815063	0.7869564294815063	0.05632131788106589	0.7869564294815063	622.84
hard:699268002	hard	A	A	True	True		0.785625159740448	0.785625159740448	0.06823384901730867	0.785625159740448	881.74
easy:400140006	easy	A	A	True	True		0.605797290802002	0.605797290802002	0.207159480178429	0.605797290802002	874.61
hard:723307008	hard	A	A	True	True		0.8737430572509766	0.8737430572509766	0.02549742585107947	0.8737430572509766	862.78
easy:719652007	easy	A	A	True	True		0.8560094237327576	0.8560094237327576	0.02966554584158854	0.8560094237327576	865.18
none-narrower:123766008	none-narrower	none	none	True	False		0.6042330265045166	0.6042330265045166	0.25747971138431974	0.6042330265045166	591.16
easy:4996001	easy	A	A	True	True		0.5966089367866516	0.5966089367866516	0.2621040464555371	0.5966089367866516	865.11
hard:109298000	hard	A	A	True	True		0.7146728038787842	0.7146728038787842	0.13449220048529092	0.7146728038787842	861.67
easy:70995007	easy	A	A	True	True		0.50466388463974	0.50466388463974	0.38675951886625726	0.50466388463974	860.62
hard:201091002	hard	A	A	True	True		0.7550249695777893	0.7550249695777893	0.08702611325535073	0.7550249695777893	861.76
easy:54470008	easy	C	C	True	False		0.9605082273483276	0.9605082273483276	0.0025445331338553026	0.9605082273483276	901.51
retrieval-miss:37102008	retrieval-miss	none	none	True	False		0.623056173324585	0.623056173324585	0.20238518407573305	0.623056173324585	592.59
hard:722206009	hard	A	A	True	True		0.8973765969276428	0.8973765969276428	0.017691826094227456	0.8973765969276428	591.77
easy:200936003	easy	A	A	True	True		0.6736966371536255	0.6736966371536255	0.1824119922235622	0.6736966371536255	863.01
hard:230293003	hard	A	A	True	True		0.8035581111907959	0.8035581111907959	0.06369938878135648	0.8035581111907959	861.37
hard:314757003	hard	A	A	True	True		0.8699213266372681	0.8699213266372681	0.02643964625405416	0.8699213266372681	623.63
none-narrower:1187048006	none-narrower	none	A	False	False		0.6761354207992554	0.19884051382541656	1.1027291519743345	0.6761354207992554	861.3
none-narrower:87816000	none-narrower	none	none	True	False		0.9025905728340149	0.9025905728340149	0.011152696129546369	0.9025905728340149	862.85
easy:65976001	easy	A	A	True	True		0.7733602523803711	0.7733602523803711	0.07916609958591211	0.7733602523803711	861.7
hard:231858009	hard	A	A	True	True		0.7544743418693542	0.7544743418693542	0.0931596897210161	0.7544743418693542	623.73
none-narrower:15978511000119100	none-narrower	none	C	False	False		0.6110751032829285	0.34518173336982727	0.8026482019476003	0.6110751032829285	624.04
easy:93145002	easy	A	A	True	True		0.6381824612617493	0.6381824612617493	0.18461710438385756	0.6381824612617493	623.83
easy:702617007	easy	A	A	True	True		0.8305962681770325	0.8305962681770325	0.04815034563662287	0.8305962681770325	865.9
hard:720565000	hard	A	A	True	True		0.6622904539108276	0.6622904539108276	0.16564545202549974	0.6622904539108276	862.55
easy:715487005	easy	A	A	True	True		0.9340018630027771	0.9340018630027771	0.006533374223161247	0.9340018630027771	863.37
easy:232254004	easy	A	A	True	True		0.823897123336792	0.823897123336792	0.05012615288790589	0.823897123336792	593.8
easy:187732006	easy	A	A	True	True		0.34045320749282837	0.34045320749282837	0.6008534534203941	0.34045320749282837	621.88
easy:41345002	easy	A	A	True	True		0.7109577059745789	0.7109577059745789	0.13576423423395928	0.7109577059745789	592.48
none-narrower:15699121000119104	none-narrower	none	none	True	False		0.6960446238517761	0.6960446238517761	0.11019328748919077	0.6960446238517761	590.79
none-narrower:249446000	none-narrower	none	none	True	False		0.8770269155502319	0.8770269155502319	0.01792310320249045	0.8770269155502319	863.11
easy:718222000	easy	A	A	True	True		0.7653322815895081	0.7653322815895081	0.07391859736668197	0.7653322815895081	863.29
easy:52404001	easy	A	A	True	True		0.7247440218925476	0.7247440218925476	0.1297528613425085	0.7247440218925476	903.1
hard:725033008	hard	B	B	True	False		0.8779774904251099	0.8779774904251099	0.02216445929166687	0.8779774904251099	1180.23
none-narrower:1193650002	none-narrower	none	none	True	False		0.6271328330039978	0.6271328330039978	0.19575916684447736	0.6271328330039978	864.8
easy:83799000	easy	B	B	True	False		0.8075011968612671	0.8075011968612671	0.05865233757929956	0.8075011968612671	625.72
hard:44882003	hard	A	A	True	True		0.7942163944244385	0.7942163944244385	0.0710627074537635	0.7942163944244385	594.92
easy:424413001	easy	A	A	True	True		0.5838655233383179	0.5838655233383179	0.30216289465391705	0.5838655233383179	626.09
easy:68982002	easy	A	A	True	True		0.8878412246704102	0.8878412246704102	0.020859269025293947	0.8878412246704102	592.41
hard:3218000	hard	A	A	True	True		0.5713628530502319	0.5713628530502319	0.32855303559678894	0.5713628530502319	592.82
easy:43363007	easy	A	A	True	True		0.5462947487831116	0.5462947487831116	0.33991715733141054	0.5462947487831116	593.74
easy:76069003	easy	A	A	True	True		0.5467514395713806	0.5467514395713806	0.3617442149172293	0.5467514395713806	592.93
easy:421529006	easy	F	F	True	False		0.8538339734077454	0.8538339734077454	0.03601279158159504	0.8538339734077454	864.51
hard:371197005	hard	A	A	True	True		0.43637946248054504	0.43637946248054504	0.5128028390502398	0.43637946248054504	592.75
hard:255015006	hard	A	A	True	True		0.742251455783844	0.742251455783844	0.10205738504628387	0.742251455783844	594.76
easy:254620000	easy	A	A	True	True		0.9038325548171997	0.9038325548171997	0.014580468423975404	0.9038325548171997	864.05
retrieval-miss:1259003	retrieval-miss	none	none	True	False		0.912185549736023	0.912185549736023	0.010059511432698892	0.912185549736023	867.96
hard:254794007	hard	A	A	True	True		0.7152097225189209	0.7152097225189209	0.11750909181422126	0.7152097225189209	624.8
retrieval-miss:720830009	retrieval-miss	none	B	False	False		0.46035853028297424	0.22089150547981262	0.8988889378624711	0.46035853028297424	863.92
hard:446096008	hard	A	A	True	True		0.8663382530212402	0.8663382530212402	0.030653721959536816	0.8663382530212402	592.71
none-narrower:321131000119100	none-narrower	none	E	False	False		0.47581106424331665	0.34331539273262024	0.6731087016088282	0.47581106424331665	594.84
hard:733045005	hard	A	A	True	True		0.8411321043968201	0.8411321043968201	0.042009297073185334	0.8411321043968201	1185.04
hard:713060000	hard	A	A	True	True		0.9037116765975952	0.9037116765975952	0.014587830352475809	0.9037116765975952	864.65
easy:1493002	easy	A	A	True	True		0.8061332702636719	0.8061332702636719	0.056177951202119526	0.8061332702636719	592.29
hard:22451001	hard	A	A	True	True		0.9060414433479309	0.9060414433479309	0.01346024897629007	0.9060414433479309	625.28
easy:267395000	easy	A	A	True	True		0.521302342414856	0.521302342414856	0.33972442591152313	0.521302342414856	593.9
easy:768935003	easy	A	A	True	True		0.8709065914154053	0.8709065914154053	0.026153810610577085	0.8709065914154053	1180.07
none-narrower:413808003	none-narrower	none	none	True	False		0.7442623972892761	0.7442623972892761	0.07957448244999907	0.7442623972892761	861.79
hard:726350006	hard	A	none	False	True		0.42831912636756897	0.3947591781616211	0.5689430674887218	0.42831912636756897	622.71
hard:715564000	hard	B	B	True	False		0.8406020402908325	0.8406020402908325	0.0399780052660631	0.8406020402908325	863.02
none-narrower:21071000119101	none-narrower	none	B	False	False		0.48981037735939026	0.45143240690231323	0.5422558041839032	0.48981037735939026	593.1
none-narrower:126780007	none-narrower	none	none	True	False		0.7781504392623901	0.7781504392623901	0.06303710996266661	0.7781504392623901	590.53
hard:254084008	hard	A	A	True	True		0.5707793831825256	0.5707793831825256	0.3087431570867315	0.5707793831825256	622.73
hard:312917007	hard	A	A	True	True		0.5716148614883423	0.5716148614883423	0.2902112199160092	0.5716148614883423	611.74
easy:36485005	easy	A	A	True	True		0.6011354923248291	0.6011354923248291	0.24790774962247708	0.6011354923248291	542.98
hard:14783006	hard	A	A	True	True		0.5938190817832947	0.5938190817832947	0.26312361711607424	0.5938190817832947	515.31
hard:4340003	hard	A	A	True	True		0.8139910697937012	0.8139910697937012	0.05657069770767814	0.8139910697937012	511.83
none-narrower:276675009	none-narrower	none	none	True	False		0.8131730556488037	0.8131730556488037	0.045586820375376064	0.8131730556488037	509.33
hard:125666000	hard	A	A	True	True		0.8214036822319031	0.8214036822319031	0.05399871405486536	0.8214036822319031	510.5
hard:64009001	hard	A	A	True	True		0.45777156949043274	0.45777156949043274	0.4293628229676154	0.45777156949043274	741.39
easy:62110005	easy	A	A	True	True		0.9161023497581482	0.9161023497581482	0.011630878045868112	0.9161023497581482	809.73
retrieval-miss:238700008	retrieval-miss	none	none	True	False		0.7064334154129028	0.7064334154129028	0.11009728049732971	0.7064334154129028	741.77
easy:92413008	easy	A	A	True	True		0.8505546450614929	0.8505546450614929	0.034946861298086856	0.8505546450614929	740.5
easy:723360007	easy	C	C	True	False		0.6740877032279968	0.6740877032279968	0.15592241489027459	0.6740877032279968	509.78
hard:34225008	hard	A	none	False	True		0.6123451590538025	0.3187969923019409	0.8411403298204579	0.6123451590538025	756.78
hard:9631008	hard	A	A	True	True		0.8517178297042847	0.8517178297042847	0.034513982458464196	0.8517178297042847	400.29
hard:372100004	hard	A	A	True	True		0.797991931438446	0.797991931438446	0.06222741110140361	0.797991931438446	747.03
none-narrower:187662005	none-narrower	none	none	True	False		0.5127922892570496	0.5127922892570496	0.3180446264504807	0.5127922892570496	551.66
easy:36753006	easy	A	A	True	True		0.6824334263801575	0.6824334263801575	0.15915175230977896	0.6824334263801575	758.04
easy:719256004	easy	A	A	True	True		0.9129636883735657	0.9129636883735657	0.01214526647457562	0.9129636883735657	540.64
none-narrower:1076881000119103	none-narrower	none	A	False	False		0.7400140762329102	0.2176261991262436	1.1602475521059579	0.7400140762329102	513.09
none-narrower:403903003	none-narrower	none	none	True	False		0.682080864906311	0.682080864906311	0.14481755723686218	0.682080864906311	747.06
hard:719518004	hard	A	A	True	True		0.9343649744987488	0.9343649744987488	0.006864025322021947	0.9343649744987488	745.8
hard:716006003	hard	A	A	True	True		0.9152722954750061	0.9152722954750061	0.010640351767108012	0.9152722954750061	751.05
none-narrower:769219006	none-narrower	none	H	False	False		0.4973752200603485	0.42248740792274475	0.584105644612589	0.4973752200603485	542.12
easy:238626006	easy	A	A	True	True		0.7040377259254456	0.7040377259254456	0.12592746228426652	0.7040377259254456	541.83
retrieval-miss:230410004	retrieval-miss	none	B	False	False		0.4623126685619354	0.20444825291633606	0.9167282888112231	0.4623126685619354	786.27
hard:126853008	hard	A	A	True	True		0.5147286057472229	0.5147286057472229	0.3389767319452017	0.5147286057472229	514.46
hard:765057007	hard	A	A	True	True		0.9609028697013855	0.9609028697013855	0.0023781021822019913	0.9609028697013855	784.42
hard:104431000119107	hard	A	A	True	True		0.7965331077575684	0.7965331077575684	0.06311668692027839	0.7965331077575684	751.01
easy:87074006	easy	A	A	True	True		0.8068267107009888	0.8068267107009888	0.057469755144810786	0.8068267107009888	749.22
hard:699676006	hard	A	A	True	True		0.532140851020813	0.532140851020813	0.3144750500379016	0.532140851020813	515.38
none-narrower:405539004	none-narrower	none	none	True	False		0.8754168748855591	0.8754168748855591	0.019524796980977102	0.8754168748855591	745.98
none-narrower:296561000119108	none-narrower	none	A	False	False		0.5256444215774536	0.3792724311351776	0.6646346181084635	0.5256444215774536	748.51
hard:717055000	hard	A	A	True	True		0.9216151237487793	0.9216151237487793	0.009598909813432782	0.9216151237487793	512.43
hard:724066002	hard	A	A	True	True		0.8392709493637085	0.8392709493637085	0.038629265573175	0.8392709493637085	749.89
hard:404041003	hard	A	A	True	True		0.7229888439178467	0.7229888439178467	0.1229190226829793	0.7229888439178467	748.65
hard:409658007	hard	A	A	True	True		0.7693714499473572	0.7693714499473572	0.09043874352307424	0.7693714499473572	512.87
hard:720010009	hard	A	A	True	True		0.9337448477745056	0.9337448477745056	0.006573494885667476	0.9337448477745056	746.59
none-narrower:71003000	none-narrower	none	none	True	False		0.5064066052436829	0.5064066052436829	0.3530047177477846	0.5064066052436829	747.85
easy:204319006	easy	A	A	True	True		0.905665397644043	0.905665397644043	0.015091186582780932	0.905665397644043	748.19
hard:768556005	hard	A	A	True	True		0.9181267023086548	0.9181267023086548	0.011290676329421077	0.9181267023086548	749.52
none-narrower:399723004	none-narrower	none	none	True	False		0.9011639356613159	0.9011639356613159	0.012108609003271844	0.9011639356613159	748.13
easy:205649008	easy	C	none	False	False		0.6925042867660522	0.11503946781158447	1.2781212968827664	0.6925042867660522	747.69
hard:30496006	hard	B	B	True	False		0.6681221127510071	0.6681221127510071	0.1977572858063246	0.6681221127510071	785.33
easy:360378009	easy	A	A	True	True		0.9573307633399963	0.9573307633399963	0.002811803569574802	0.9573307633399963	748.41
hard:254637007	hard	A	A	True	True		0.8532175421714783	0.8532175421714783	0.03615253767074489	0.8532175421714783	749.05
hard:423607006	hard	A	A	True	True		0.48100730776786804	0.48100730776786804	0.41843050717374153	0.48100730776786804	750.09
easy:85901000	easy	A	A	True	True		0.5441187024116516	0.5441187024116516	0.36347357636426464	0.5441187024116516	619.2
hard:274718005	hard	A	A	True	True		0.6694362163543701	0.6694362163543701	0.18462583019768136	0.6694362163543701	398.16
easy:81285006	easy	A	A	True	True		0.7926828861236572	0.7926828861236572	0.06770883026882692	0.7926828861236572	526.8
none-narrower:765481009	none-narrower	none	none	True	False		0.7233232259750366	0.7233232259750366	0.09666307778623592	0.7233232259750366	550.17
none-narrower:430348006	none-narrower	none	none	True	False		0.5548121929168701	0.5548121929168701	0.3001055797830165	0.5548121929168701	518.98
easy:719576009	easy	A	A	True	True		0.831579327583313	0.831579327583313	0.042836848967200546	0.831579327583313	785.5
easy:763130006	easy	A	A	True	True		0.8962518572807312	0.8962518572807312	0.01792601212330794	0.8962518572807312	748.31
none-narrower:22721008	none-narrower	none	H	False	False		0.49034348130226135	0.45192375779151917	0.5416664091206747	0.49034348130226135	751.71
easy:29352008	easy	A	A	True	True		0.7188847661018372	0.7188847661018372	0.12528862955758896	0.7188847661018372	749.02
easy:719646006	easy	A	A	True	True		0.9178053736686707	0.9178053736686707	0.011339467321439041	0.9178053736686707	753.35
hard:15188001	hard	A	none	False	True		0.5531697273254395	0.36785954236984253	0.7074509494155523	0.5531697273254395	514.92
easy:79674009	easy	A	A	True	True		0.564814031124115	0.564814031124115	0.3556586438608289	0.564814031124115	752.44
retrieval-miss:45894003	retrieval-miss	none	none	True	False		0.8440654873847961	0.8440654873847961	0.03058947086479044	0.8440654873847961	697.91
hard:726341009	hard	A	none	False	True		0.47325730323791504	0.4020008444786072	0.5875722393722539	0.47325730323791504	544.41
none-narrower:266571009	none-narrower	none	A	False	False		0.6311885118484497	0.30285966396331787	0.8857056754011847	0.6311885118484497	514.78
retrieval-miss:254150007	retrieval-miss	none	B	False	False		0.46718689799308777	0.33709272742271423	0.6886167359462196	0.46718689799308777	751.97
hard:40159009	hard	A	A	True	True		0.7205367684364319	0.7205367684364319	0.11795751275227173	0.7205367684364319	544.33
none-narrower:735522008	none-narrower	none	none	True	False		0.65900057554245	0.65900057554245	0.14962084070035145	0.65900057554245	516.23
easy:718632004	easy	A	A	True	True		0.8871819376945496	0.8871819376945496	0.017203318014918693	0.8871819376945496	750.09
hard:80544005	hard	A	A	True	True		0.6589576005935669	0.6589576005935669	0.1758712719885201	0.6589576005935669	542.17
none-narrower:447139008	none-narrower	none	A	False	False		0.5181556940078735	0.4401390552520752	0.5824597677634988	0.5181556940078735	401.67
none-narrower:127321000	none-narrower	none	none	True	False		0.661471962928772	0.661471962928772	0.16149071256762504	0.661471962928772	750.13
easy:716092007	easy	A	A	True	True		0.944891095161438	0.944891095161438	0.0048881619135448875	0.944891095161438	754.9
hard:716775009	hard	A	A	True	True		0.7452754974365234	0.7452754974365234	0.10674234139775106	0.7452754974365234	751.35
easy:733110004	easy	A	A	True	True		0.8375477194786072	0.8375477194786072	0.04314990560007875	0.8375477194786072	755.44
hard:721221000	hard	C	C	True	False		0.9237897992134094	0.9237897992134094	0.009205811079113717	0.9237897992134094	752.69
easy:105261000119101	easy	A	A	True	True		0.8920826315879822	0.8920826315879822	0.018784022041695332	0.8920826315879822	544.42
easy:84241008	easy	A	A	True	True		0.8567141890525818	0.8567141890525818	0.031594168260668534	0.8567141890525818	544.28
easy:398831006	easy	A	A	True	True		0.6424504518508911	0.6424504518508911	0.21015203186036996	0.6424504518508911	753.17
hard:367601000119103	hard	A	A	True	True		0.7397162318229675	0.7397162318229675	0.108886972448674	0.7397162318229675	756.1
easy:716007007	easy	A	A	True	True		0.8981121182441711	0.8981121182441711	0.015757809209084962	0.8981121182441711	756.5
hard:46168003	hard	A	A	True	True		0.535169243812561	0.535169243812561	0.36698419592482723	0.535169243812561	518.33
easy:16059006	easy	A	A	True	True		0.6465510725975037	0.6465510725975037	0.22163098683394386	0.6465510725975037	791.33
hard:37075008	hard	E	E	True	False		0.704973578453064	0.704973578453064	0.12590524169647088	0.704973578453064	385.67
easy:46206005	easy	A	A	True	True		0.5755738615989685	0.5755738615989685	0.29050031752362987	0.5755738615989685	518.02
hard:717827000	hard	A	A	True	True		0.726931095123291	0.726931095123291	0.1210296156728548	0.726931095123291	546.05
hard:1475003	hard	A	A	True	True		0.6200766563415527	0.6200766563415527	0.22618663036697553	0.6200766563415527	545.25
none-narrower:86100009	none-narrower	none	none	True	False		0.43967491388320923	0.43967491388320923	0.3839339198255103	0.43967491388320923	755.28
easy:234500001	easy	A	A	True	True		0.8831064701080322	0.8831064701080322	0.019994585546102228	0.8831064701080322	547.04
easy:715673002	easy	A	A	True	True		0.9287713170051575	0.9287713170051575	0.0076039716897165575	0.9287713170051575	1041.43
retrieval-miss:2109003	retrieval-miss	none	none	True	False		0.8385262489318848	0.8385262489318848	0.03698228132948528	0.8385262489318848	773.04
hard:277602003	hard	A	A	True	True		0.6954594254493713	0.6954594254493713	0.15150863082663163	0.6954594254493713	553.54
hard:363425008	hard	A	none	False	True		0.4654417335987091	0.42897313833236694	0.5470063149330238	0.4654417335987091	754.98
retrieval-miss:188274004	retrieval-miss	none	none	True	False		0.8818932175636292	0.8818932175636292	0.018431707187509937	0.8818932175636292	402.57
easy:198297004	easy	A	A	True	True		0.34395724534988403	0.34395724534988403	0.5995367463560666	0.34395724534988403	753.76
hard:718200007	hard	A	A	True	True		0.7276384830474854	0.7276384830474854	0.10390663126971553	0.7276384830474854	756.68
none-narrower:48352007	none-narrower	none	none	True	False		0.8411200642585754	0.8411200642585754	0.030345789958733056	0.8411200642585754	520.07
easy:716279002	easy	A	A	True	True		0.8714162111282349	0.8714162111282349	0.02943542704097985	0.8714162111282349	1014.25
easy:720950009	easy	A	A	True	True		0.6602462530136108	0.6602462530136108	0.17909375204506606	0.6602462530136108	755.31
none-narrower:1332388003	none-narrower	none	A	False	False		0.9277756810188293	0.05789535865187645	1.7483833613253565	0.9277756810188293	758.93
hard:33979003	hard	A	A	True	True		0.8962234258651733	0.8962234258651733	0.016906004705729415	0.8962234258651733	755.89
easy:45281005	easy	A	A	True	True		0.8503701090812683	0.8503701090812683	0.033285197314150076	0.8503701090812683	518.14
none-narrower:1237368006	none-narrower	none	A	False	False		0.9114567041397095	0.06171233952045441	1.7113459007443859	0.9114567041397095	792.08
none-narrower:94166001	none-narrower	none	none	True	False		0.6280925273895264	0.6280925273895264	0.18121848366742585	0.6280925273895264	754.17
hard:254066006	hard	A	A	True	True		0.9081739783287048	0.9081739783287048	0.012479020799440537	0.9081739783287048	546.67
none-narrower:191668004	none-narrower	none	none	True	False		0.5633861422538757	0.5633861422538757	0.28267639155347024	0.5633861422538757	521.98
hard:764711007	hard	A	A	True	True		0.8795198798179626	0.8795198798179626	0.021961414522656618	0.8795198798179626	760.03
hard:254712007	hard	A	A	True	True		0.6615493893623352	0.6615493893623352	0.16589825646690345	0.6615493893623352	756.68
easy:70041004	easy	A	A	True	True		0.47550585865974426	0.47550585865974426	0.3500968605079625	0.47550585865974426	517.78
none-narrower:24285001	none-narrower	none	none	True	False		0.6124125123023987	0.6124125123023987	0.18728338799375582	0.6124125123023987	759.23
easy:389214003	easy	A	A	True	True		0.939414918422699	0.939414918422699	0.0061734042663634785	0.939414918422699	761.25
hard:79037006	hard	A	A	True	True		0.7894108295440674	0.7894108295440674	0.07756922529833708	0.7894108295440674	521.27
easy:69195002	easy	A	A	True	True		0.7941842079162598	0.7941842079162598	0.06415484493303018	0.7941842079162598	521.93
easy:9014002	easy	A	A	True	True		0.8408817648887634	0.8408817648887634	0.042053514430192784	0.8408817648887634	519.48
hard:410016009	hard	A	A	True	True		0.80435711145401	0.80435711145401	0.05833262359738749	0.80435711145401	762.75
hard:69278003	hard	A	A	True	True		0.609336256980896	0.609336256980896	0.25515070781080096	0.609336256980896	756.76
none-narrower:399899001	none-narrower	none	B	False	False		0.6476126313209534	0.26395341753959656	0.9630689022507867	0.6476126313209534	757.81
none-narrower:1237571004	none-narrower	none	D	False	False		0.5388600826263428	0.2805391848087311	0.8184886217590484	0.5388600826263428	764.48
hard:91521000119104	hard	A	A	True	True		0.8962184190750122	0.8962184190750122	0.017933744568794666	0.8962184190750122	521.32
easy:267431006	easy	A	none	False	True		0.5996374487876892	0.20760144293308258	1.0037036195494646	0.5996374487876892	406.44
none-narrower:307762000	none-narrower	none	none	True	False		0.7674129605293274	0.7674129605293274	0.0731472486635938	0.7674129605293274	520.64
easy:231824001	easy	A	A	True	True		0.6132844686508179	0.6132844686508179	0.22157788885181554	0.6132844686508179	547.76
hard:128606002	hard	A	none	False	True		0.5123639106750488	0.40111830830574036	0.6232033429219772	0.5123639106750488	522.67
easy:16872008	easy	A	A	True	True		0.9421806335449219	0.9421806335449219	0.005194610129216128	0.9421806335449219	758.95
hard:52179003	hard	A	A	True	True		0.7792469263076782	0.7792469263076782	0.086783875359454	0.7792469263076782	771.18
none-narrower:38725001	none-narrower	none	A	False	False		0.6049903631210327	0.31496772170066833	0.8371517311506462	0.6049903631210327	525.47
easy:60676002	easy	A	A	True	True		0.5310401916503906	0.5310401916503906	0.33248975720315405	0.5310401916503906	520.01
easy:239020008	easy	A	A	True	True		0.4681823253631592	0.4681823253631592	0.4123102289060991	0.4681823253631592	758.4
hard:66207005	hard	D	D	True	False		0.8816825151443481	0.8816825151443481	0.022246329463569126	0.8816825151443481	763.08
none-narrower:44549008	none-narrower	none	none	True	False		0.4863106608390808	0.4863106608390808	0.3863827836923891	0.4863106608390808	549.57
none-narrower:1373821001	none-narrower	none	none	True	False		0.7532278299331665	0.7532278299331665	0.11012082609606753	0.7532278299331665	550.05
hard:187777008	hard	A	A	True	True		0.6793504953384399	0.6793504953384399	0.13876563170947337	0.6793504953384399	548.14
easy:406506008	easy	E	A	False	False		0.557038426399231	0.04817564785480499	1.2916948479615544	0.557038426399231	522.11
easy:444645005	easy	A	A	True	True		0.7340292930603027	0.7340292930603027	0.11184660449832307	0.7340292930603027	757.56
hard:92470003	hard	A	A	True	True		0.535106897354126	0.535106897354126	0.32805338411842283	0.535106897354126	758.37
hard:30188007	hard	A	A	True	True		0.9504886865615845	0.9504886865615845	0.004025944810637786	0.9504886865615845	760.34
easy:11934000	easy	A	A	True	True		0.699051022529602	0.699051022529602	0.15040759295337977	0.699051022529602	520.91
none-narrower:702399004	none-narrower	none	none	True	False		0.8361771106719971	0.8361771106719971	0.03476017908995499	0.8361771106719971	523.91
none-narrower:75803007	none-narrower	none	none	True	False		0.7173959016799927	0.7173959016799927	0.1269298151738646	0.7173959016799927	548.88
retrieval-miss:205550003	retrieval-miss	none	A	False	False		0.5457360148429871	0.22243084013462067	0.9339476292642209	0.5457360148429871	521.08
hard:230284004	hard	A	none	False	True		0.41376838088035583	0.2535979151725769	0.7879346425478493	0.41376838088035583	763.14
hard:363354003	hard	A	A	True	True		0.5709570646286011	0.5709570646286011	0.24705389951258078	0.5709570646286011	602.59
none-narrower:197599000	none-narrower	none	A	False	False		0.7456731796264648	0.21929045021533966	1.1657801757046171	0.7456731796264648	521.84
easy:734024009	easy	A	A	True	True		0.5271310806274414	0.5271310806274414	0.31198070155143787	0.5271310806274414	760.67
easy:716195006	easy	A	A	True	True		0.9103007316589355	0.9103007316589355	0.011483386374294594	0.9103007316589355	764.12
retrieval-miss:275498002	retrieval-miss	none	none	True	False		0.5910584926605225	0.5910584926605225	0.2561294076596079	0.5910584926605225	525.19
easy:716741008	easy	A	A	True	True		0.7309846878051758	0.7309846878051758	0.12703779570625345	0.7309846878051758	759.7
easy:6631009	easy	A	A	True	True		0.6151980757713318	0.6151980757713318	0.25170255312099565	0.6151980757713318	759.28
easy:76902006	easy	A	A	True	True		0.6108891367912292	0.6108891367912292	0.24001730423129722	0.6108891367912292	765.32
easy:723308003	easy	A	A	True	True		0.9184012413024902	0.9184012413024902	0.0100735760968674	0.9184012413024902	763.22
none-narrower:86333008	none-narrower	none	A	False	False		0.7109284996986389	0.2268466204404831	1.1046149643478285	0.7109284996986389	548.92
hard:21848000	hard	A	A	True	True		0.7551558017730713	0.7551558017730713	0.08379297974788366	0.7551558017730713	523.55
none-narrower:74142004	none-narrower	none	none	True	False		0.6569225788116455	0.6569225788116455	0.2029046642873037	0.6569225788116455	523.18
hard:24867002	hard	B	none	False	False		0.5531797409057617	0.05190914124250412	1.3405118879844409	0.5531797409057617	553.62
easy:20639004	easy	A	A	True	True		0.8645797967910767	0.8645797967910767	0.029358081787839524	0.8645797967910767	759.69
easy:45913009	easy	A	A	True	True		0.6795912384986877	0.6795912384986877	0.16868265526664317	0.6795912384986877	553.24
easy:63122002	easy	A	A	True	True		0.8584860563278198	0.8584860563278198	0.03271973333915501	0.8584860563278198	766.27
easy:277155005	easy	A	none	False	True		0.660007119178772	0.24792788922786713	1.002867964750515	0.660007119178772	522.6
easy:64479007	easy	A	A	True	True		0.7279454469680786	0.7279454469680786	0.12056412393833411	0.7279454469680786	550.82
none-narrower:4477007	none-narrower	none	none	True	False		0.6940417885780334	0.6940417885780334	0.11352476214472688	0.6940417885780334	761.99
easy:448315008	easy	A	none	False	True		0.5018208622932434	0.39286476373672485	0.6232101412904373	0.5018208622932434	603.38
hard:707354003	hard	A	A	True	True		0.6661242842674255	0.6661242842674255	0.1711757940750871	0.6661242842674255	761.52
hard:64250002	hard	A	A	True	True		0.8147194981575012	0.8147194981575012	0.05622884402211046	0.8147194981575012	762.3
easy:716169009	easy	A	A	True	True		0.9530229568481445	0.9530229568481445	0.003564934012317643	0.9530229568481445	766.47
easy:18910001	easy	A	A	True	True		0.8198211789131165	0.8198211789131165	0.05454991387907614	0.8198211789131165	524.27
easy:111405003	easy	A	A	True	True		0.6683635711669922	0.6683635711669922	0.19770336262211408	0.6683635711669922	767.17
easy:75116005	easy	A	A	True	True		0.8173774480819702	0.8173774480819702	0.05903366384981788	0.8173774480819702	766.2
none-narrower:201988000	none-narrower	none	none	True	False		0.5732434391975403	0.5732434391975403	0.2407741378249387	0.5732434391975403	525.59
hard:405810005	hard	A	A	True	True		0.9144570231437683	0.9144570231437683	0.012663986523995658	0.9144570231437683	766.23
easy:733085004	easy	A	A	True	True		0.9608078002929688	0.9608078002929688	0.0025218356420615793	0.9608078002929688	1057.83
none-narrower:195812001	none-narrower	none	none	True	False		0.5109083652496338	0.5109083652496338	0.34322994207586466	0.5109083652496338	524.65
none-narrower:399207003	none-narrower	none	none	True	False		0.5743277072906494	0.5743277072906494	0.2217349704833548	0.5743277072906494	409.16
hard:84777002	hard	A	A	True	True		0.7829298377037048	0.7829298377037048	0.07996385864336455	0.7829298377037048	523.89
hard:733599009	hard	B	B	True	False		0.9249728918075562	0.9249728918075562	0.007687916282439487	0.9249728918075562	801.18
hard:720520009	hard	A	A	True	True		0.8584074974060059	0.8584074974060059	0.03281654998565718	0.8584074974060059	764.51
easy:33595009	easy	A	A	True	True		0.5738781690597534	0.5738781690597534	0.25392447125266887	0.5738781690597534	553.42
easy:11666007	easy	A	A	True	True		0.8574998378753662	0.8574998378753662	0.0329901779320798	0.8574998378753662	765.82
hard:55444004	hard	A	C	False	True		0.4585168659687042	0.11453971266746521	1.1463799426888448	0.4585168659687042	527.21
easy:10741005	easy	A	A	True	True		0.4037525951862335	0.4037525951862335	0.5424372255922669	0.4037525951862335	579.06
hard:190919008	hard	A	D	False	True		0.6980400085449219	0.06037015840411186	1.4125953777196503	0.6980400085449219	523.04
easy:233621003	easy	A	A	True	True		0.8664485216140747	0.8664485216140747	0.028796226649594837	0.8664485216140747	766.32
hard:443937008	hard	A	A	True	True		0.437631219625473	0.437631219625473	0.4519577654458459	0.437631219625473	552.7
hard:707405009	hard	A	A	True	True		0.6758753657341003	0.6758753657341003	0.18184358590619565	0.6758753657341003	551.93
easy:109041000119107	easy	A	A	True	True		0.7489244341850281	0.7489244341850281	0.09902778518379245	0.7489244341850281	766.59
hard:7620006	hard	A	A	True	True		0.5130299925804138	0.5130299925804138	0.42801901069795856	0.5130299925804138	553.94
hard:45853006	hard	A	A	True	True		0.8557535409927368	0.8557535409927368	0.032134830725951295	0.8557535409927368	765.78
easy:721187005	easy	A	A	True	True		0.6039772629737854	0.6039772629737854	0.2263748480427221	0.6039772629737854	768.81
easy:71325002	easy	A	A	True	True		0.7122845649719238	0.7122845649719238	0.13533033757469953	0.7122845649719238	526.17
hard:192727001	hard	D	D	True	False		0.775265634059906	0.775265634059906	0.07526022115377709	0.775265634059906	553.97
hard:235603003	hard	A	A	True	True		0.8721088171005249	0.8721088171005249	0.027397980052971956	0.8721088171005249	633.11
hard:83275001	hard	A	A	True	True		0.6847846508026123	0.6847846508026123	0.14470883399834977	0.6847846508026123	393.24
retrieval-miss:49562005	retrieval-miss	none	none	True	False		0.5978187322616577	0.5978187322616577	0.2061114892475184	0.5978187322616577	553.75
none-narrower:16466741000119102	none-narrower	none	A	False	False		0.6851717233657837	0.2573810815811157	1.0218972907832762	0.6851717233657837	764.41
hard:39462005	hard	A	A	True	True		0.7103801369667053	0.7103801369667053	0.13138571640811414	0.7103801369667053	555.07
hard:74728003	hard	A	A	True	True		0.7327501773834229	0.7327501773834229	0.11180636637422305	0.7327501773834229	764.58
hard:73397007	hard	A	A	True	True		0.9224416613578796	0.9224416613578796	0.009972218458008003	0.9224416613578796	524.71
easy:86095007	easy	A	A	True	True		0.5859082937240601	0.5859082937240601	0.2823034262233174	0.5859082937240601	525.93
hard:448254007	hard	A	A	True	True		0.46845772862434387	0.46845772862434387	0.4032062830984294	0.46845772862434387	553.14
easy:109378008	easy	A	A	True	True		0.45848673582077026	0.45848673582077026	0.5052443634199884	0.45848673582077026	767.24
hard:715415005	hard	A	A	True	True		0.8311942219734192	0.8311942219734192	0.04081845583331957	0.8311942219734192	765.85
easy:85149007	easy	A	A	True	True		0.7533857822418213	0.7533857822418213	0.11002431174945997	0.7533857822418213	805.96
hard:763455008	hard	A	D	False	True		0.39357736706733704	0.2617301344871521	0.795243595451016	0.39357736706733704	1059.21
none-narrower:1197333008	none-narrower	none	A	False	False		0.5124339461326599	0.3697405457496643	0.6685312006464564	0.5124339461326599	524.45
hard:92246000	hard	A	A	True	True		0.630025327205658	0.630025327205658	0.2291522824328381	0.630025327205658	554.32
none-narrower:61458006	none-narrower	none	A	False	False		0.5666192173957825	0.40883687138557434	0.6706953959440423	0.5666192173957825	766.13
hard:715626008	hard	A	A	True	True		0.8907283544540405	0.8907283544540405	0.018279169080749426	0.8907283544540405	766.08
hard:717181004	hard	A	A	True	True		0.9522100687026978	0.9522100687026978	0.0036429097373416835	0.9522100687026978	771.52
hard:40283005	hard	A	none	False	True		0.5137543678283691	0.4022068977355957	0.6227035236156007	0.5137543678283691	524.13
easy:363505006	easy	A	A	True	True		0.4438443183898926	0.4438443183898926	0.4470991962354793	0.4438443183898926	766.68
none-narrower:90974009	none-narrower	none	E	False	False		0.3662857413291931	0.3662857413291931	0.5794372486935824	0.3662857413291931	525.01
hard:722947004	hard	A	A	True	True		0.6033994555473328	0.6033994555473328	0.27420818265004027	0.6033994555473328	526.79
hard:715987000	hard	A	A	True	True		0.8303056359291077	0.8303056359291077	0.0512987506805346	0.8303056359291077	770.31
none-narrower:1172901009	none-narrower	none	A	False	False		0.9115911722183228	0.052428390830755234	1.7291520540213092	0.9115911722183228	766.68
hard:237957007	hard	A	A	True	True		0.7195329070091248	0.7195329070091248	0.11374628714668392	0.7195329070091248	767.81
hard:237964009	hard	A	A	True	True		0.9313980937004089	0.9313980937004089	0.0081055746372968	0.9313980937004089	1059.2
easy:33225004	easy	A	A	True	True		0.6085041165351868	0.6085041165351868	0.25510185968958654	0.6085041165351868	539.03
hard:719305006	hard	A	E	False	True		0.3804572820663452	0.2978515625	0.7136309756300006	0.3804572820663452	777.12
easy:722675000	easy	A	A	True	True		0.9553436636924744	0.9553436636924744	0.003340577085809412	0.9553436636924744	766.88
easy:723441001	easy	A	A	True	True		0.7814360857009888	0.7814360857009888	0.07221933030260777	0.7814360857009888	766.01
hard:93471006	hard	A	A	True	True		0.4272880256175995	0.4272880256175995	0.49250790132430383	0.4272880256175995	526.55
easy:237603002	easy	A	A	True	True		0.5522096753120422	0.5522096753120422	0.3040437605776176	0.5522096753120422	763.61
none-narrower:95525004	none-narrower	none	none	True	False		0.6812698841094971	0.6812698841094971	0.14413350134297664	0.6812698841094971	525.25
hard:417967008	hard	A	A	True	True		0.6862126588821411	0.6862126588821411	0.15696854716677738	0.6862126588821411	553.77
easy:718720007	easy	A	A	True	True		0.9162285923957825	0.9162285923957825	0.010978457428286048	0.9162285923957825	526.38
none-narrower:1366243009	none-narrower	none	none	True	False		0.5267800688743591	0.5267800688743591	0.3704063581561647	0.5267800688743591	423.06
none-narrower:427435004	none-narrower	none	none	True	False		0.8751096129417419	0.8751096129417419	0.01906533780315634	0.8751096129417419	526.97
easy:404109006	easy	A	A	True	True		0.9177674055099487	0.9177674055099487	0.00971382237865892	0.9177674055099487	552.78
hard:717041008	hard	A	A	True	True		0.8573127388954163	0.8573127388954163	0.031398608454919624	0.8573127388954163	554.68
none-narrower:61823004	none-narrower	none	none	True	False		0.6311269998550415	0.6311269998550415	0.20754728595652677	0.6311269998550415	553.04
easy:70070008	easy	A	none	False	True		0.5874236226081848	0.2597757577896118	0.8990701306953283	0.5874236226081848	801.34
hard:129000002	hard	A	A	True	True		0.834295928478241	0.834295928478241	0.041869070881730655	0.834295928478241	765.04
hard:56478004	hard	A	A	True	True		0.7548218965530396	0.7548218965530396	0.10247062505335944	0.7548218965530396	525.66
retrieval-miss:402736003	retrieval-miss	none	A	False	False		0.6194239258766174	0.3498978018760681	0.8065631085766856	0.6194239258766174	766.11
none-narrower:238778000	none-narrower	none	none	True	False		0.591660737991333	0.591660737991333	0.2986602879249979	0.591660737991333	801.38
easy:254956000	easy	A	A	True	True		0.6293438076972961	0.6293438076972961	0.22978244362658223	0.6293438076972961	764.9
easy:84828003	easy	A	A	True	True		0.8011745810508728	0.8011745810508728	0.06862143767325285	0.8011745810508728	770.0
hard:49607006	hard	A	B	False	True		0.5741271376609802	0.15561236441135406	1.0897866299888637	0.5741271376609802	556.75
easy:239112008	easy	A	A	True	True		0.6642950773239136	0.6642950773239136	0.16836620336743613	0.6642950773239136	771.41
hard:10934005	hard	A	A	True	True		0.5028979778289795	0.5028979778289795	0.3718600928175311	0.5028979778289795	771.03
hard:34528009	hard	A	A	True	True		0.6400110125541687	0.6400110125541687	0.21117951052850237	0.6400110125541687	393.23
easy:88518009	easy	A	A	True	True		0.9011929035186768	0.9011929035186768	0.015076994968907203	0.9011929035186768	526.36
none-narrower:438628005	none-narrower	none	A	False	False		0.4547577500343323	0.4547577500343323	0.506586295606281	0.4547577500343323	528.8
easy:722062004	easy	A	A	True	True		0.8004382252693176	0.8004382252693176	0.06885929717546146	0.8004382252693176	769.78
easy:82523003	easy	A	A	True	True		0.8583533763885498	0.8583533763885498	0.03101429783420747	0.8583533763885498	527.87
hard:72836002	hard	A	A	True	True		0.7535672783851624	0.7535672783851624	0.10308777308319868	0.7535672783851624	767.13
easy:74351001	easy	A	A	True	True		0.9138683676719666	0.9138683676719666	0.012014440949548285	0.9138683676719666	767.96
hard:4445009	hard	A	A	True	True		0.5983283519744873	0.5983283519744873	0.2308480409866577	0.5983283519744873	528.72
hard:75316000	hard	A	A	True	True		0.8657021522521973	0.8657021522521973	0.0290021504411433	0.8657021522521973	765.59
hard:38959009	hard	A	A	True	True		0.6078470945358276	0.6078470945358276	0.25507678662496724	0.6078470945358276	526.26
easy:408663001	easy	A	A	True	True		0.6437086462974548	0.6437086462974548	0.22287824144052718	0.6437086462974548	768.06
none-narrower:427921009	none-narrower	none	none	True	False		0.4366523027420044	0.4366523027420044	0.45989054266637847	0.4366523027420044	391.67
hard:205681004	hard	A	A	True	True		0.6164161562919617	0.6164161562919617	0.23624750134320016	0.6164161562919617	551.82
easy:66038001	easy	A	A	True	True		0.9288415908813477	0.9288415908813477	0.007599858138687326	0.9288415908813477	767.0
hard:71941009	hard	A	none	False	True		0.5910570621490479	0.3077140748500824	0.8311790136872026	0.5910570621490479	523.45
easy:715625007	easy	A	A	True	True		0.8223270773887634	0.8223270773887634	0.048418184689704304	0.8223270773887634	764.56
none-narrower:15977008	none-narrower	none	A	False	False		0.4865262508392334	0.4865262508392334	0.5005890108910233	0.4865262508392334	555.55
easy:10649000	easy	A	A	True	True		0.7416645884513855	0.7416645884513855	0.12284332834233051	0.7416645884513855	768.98
hard:26609002	hard	B	A	False	False		0.8193742036819458	0.0434323213994503	1.5999298100870087	0.8193742036819458	762.61
hard:712922002	hard	A	A	True	True		0.8982865810394287	0.8982865810394287	0.01752830607062527	0.8982865810394287	766.95
easy:254664008	easy	A	A	True	True		0.797365128993988	0.797365128993988	0.06015912055404316	0.797365128993988	762.58
hard:723096000	hard	A	A	True	True		0.884621262550354	0.884621262550354	0.021534346812909066	0.884621262550354	407.78
hard:719300001	hard	A	A	True	True		0.7848343849182129	0.7848343849182129	0.07918124476739047	0.7848343849182129	765.2
easy:46785007	easy	A	A	True	True		0.5426504015922546	0.5426504015922546	0.3241532295103055	0.5426504015922546	762.08
hard:58648008	hard	A	A	True	True		0.8092834949493408	0.8092834949493408	0.058230976754993495	0.8092834949493408	766.01
none-narrower:719042007	none-narrower	none	B	False	False		0.8113438487052917	0.13478133082389832	1.407622211544206	0.8113438487052917	552.59
easy:68210006	easy	A	A	True	True		0.6011788249015808	0.6011788249015808	0.2595689890100671	0.6011788249015808	407.77
easy:276799004	easy	A	A	True	True		0.7608532309532166	0.7608532309532166	0.07830950774945304	0.7608532309532166	766.03
hard:231896005	hard	A	A	True	True		0.8423118591308594	0.8423118591308594	0.039331588216888695	0.8423118591308594	524.34
hard:63103006	hard	A	A	True	True		0.7215580344200134	0.7215580344200134	0.13126926319895293	0.7215580344200134	524.9
easy:187842004	easy	A	A	True	True		0.5358914732933044	0.5358914732933044	0.3147644678719025	0.5358914732933044	764.11
hard:128117002	hard	A	A	True	True		0.6529000997543335	0.6529000997543335	0.1781827972296137	0.6529000997543335	552.42
hard:78769001	hard	A	A	True	True		0.7906551957130432	0.7906551957130432	0.06841849309614884	0.7906551957130432	408.1
easy:22841008	easy	A	A	True	True		0.6802289485931396	0.6802289485931396	0.1685701853419297	0.6802289485931396	765.13
hard:254701007	hard	A	A	True	True		0.6357561349868774	0.6357561349868774	0.21491851967143405	0.6357561349868774	764.02
none-narrower:521000146105	none-narrower	none	none	True	False		0.4393399655818939	0.4393399655818939	0.4595313200602963	0.4393399655818939	763.21
hard:239940004	hard	A	A	True	True		0.8266735672950745	0.8266735672950745	0.04667883867869471	0.8266735672950745	764.42
easy:763622006	easy	B	B	True	False		0.9078788161277771	0.9078788161277771	0.014690193413275727	0.9078788161277771	766.81
none-narrower:871655005	none-narrower	none	A	False	False		0.4833889305591583	0.4833889305591583	0.5007778411848522	0.4833889305591583	763.49
none-narrower:25668000	none-narrower	none	A	False	False		0.8917869329452515	0.08368335664272308	1.6350753004820757	0.8917869329452515	525.13
hard:719599008	hard	A	A	True	True		0.9517364501953125	0.9517364501953125	0.003686700277898559	0.9517364501953125	767.46
hard:52824009	hard	A	F	False	True		0.3281126320362091	0.2787100076675415	0.7365455224646695	0.3281126320362091	526.36
hard:715827001	hard	A	A	True	True		0.96375572681427	0.96375572681427	0.0020493309874006806	0.96375572681427	765.71
easy:307343001	easy	A	A	True	True		0.7165578603744507	0.7165578603744507	0.1339279801448679	0.7165578603744507	523.41
none-narrower:95795006	none-narrower	none	none	True	False		0.5949358344078064	0.5949358344078064	0.23808404974499375	0.5949358344078064	370.87
none-narrower:762379000	none-narrower	none	none	True	False		0.7997242212295532	0.7997242212295532	0.052176990319276764	0.7997242212295532	523.41
none-narrower:26284000	none-narrower	none	H	False	False		0.5035844445228577	0.42776134610176086	0.5826498039277431	0.5035844445228577	763.23
easy:240877000	easy	A	A	True	True		0.513093888759613	0.513093888759613	0.31272583256896425	0.513093888759613	524.35
easy:717332007	easy	A	A	True	True		0.8367730379104614	0.8367730379104614	0.04609792912405174	0.8367730379104614	763.15
easy:75544000	easy	A	A	True	True		0.5967270731925964	0.5967270731925964	0.2224885327139719	0.5967270731925964	408.84
easy:126956001	easy	A	A	True	True		0.6064145565032959	0.6064145565032959	0.23272649677983304	0.6064145565032959	551.2
hard:444921008	hard	D	D	True	False		0.5001387000083923	0.5001387000083923	0.46269209753073826	0.5001387000083923	779.38
none-narrower:403151007	none-narrower	none	none	True	False		0.7952562570571899	0.7952562570571899	0.0563029990107949	0.7952562570571899	531.78
easy:104081000119103	easy	A	none	False	True		0.5291824340820312	0.23401978611946106	0.8972463356144798	0.5291824340820312	552.09
easy:25277000	easy	A	A	True	True		0.831743597984314	0.831743597984314	0.04762571218689639	0.831743597984314	765.38
none-narrower:26884006	none-narrower	none	none	True	False		0.536108672618866	0.536108672618866	0.30639318699162255	0.536108672618866	764.72
retrieval-miss:51689003	retrieval-miss	none	none	True	False		0.8851714730262756	0.8851714730262756	0.01595073137966111	0.8851714730262756	523.69
hard:399107008	hard	A	A	True	True		0.7869575619697571	0.7869575619697571	0.06993577392920261	0.7869575619697571	523.46
hard:13596001	hard	A	A	True	True		0.8662570714950562	0.8662570714950562	0.028834724140277813	0.8662570714950562	763.88
hard:722455002	hard	A	A	True	True		0.9108814597129822	0.9108814597129822	0.013272930325232773	0.9108814597129822	1058.08
hard:10890000	hard	A	A	True	True		0.539360761642456	0.539360761642456	0.3327538785740441	0.539360761642456	778.53
easy:328611000119105	easy	A	A	True	True		0.6359204649925232	0.6359204649925232	0.18145319202228655	0.6359204649925232	769.52
retrieval-miss:32599008	retrieval-miss	none	none	True	False		0.9077214598655701	0.9077214598655701	0.010625061680391302	0.9077214598655701	765.35
none-narrower:1296880000	none-narrower	none	A	False	False		0.610907793045044	0.2931287884712219	0.8784369488028045	0.610907793045044	766.97
hard:49292002	hard	A	none	False	True		0.44516560435295105	0.37813878059387207	0.5991916923613877	0.44516560435295105	767.88
none-narrower:201240005	none-narrower	none	none	True	False		0.631898045539856	0.631898045539856	0.1848777442345919	0.631898045539856	555.79
none-narrower:74372003	none-narrower	none	none	True	False		0.7590684294700623	0.7590684294700623	0.07998192733928951	0.7590684294700623	764.37
easy:372244006	easy	A	A	True	True		0.6983487010002136	0.6983487010002136	0.15021725292652038	0.6983487010002136	529.11
none-narrower:243410003	none-narrower	none	none	True	False		0.5924260020256042	0.5924260020256042	0.26423711131485295	0.5924260020256042	768.24
hard:715829003	hard	A	A	True	True		0.531430721282959	0.531430721282959	0.33860081570878353	0.531430721282959	557.13
easy:37471005	easy	A	A	True	True		0.7990501523017883	0.7990501523017883	0.06183155896550872	0.7990501523017883	766.9
none-narrower:1177035002	none-narrower	none	none	True	False		0.7394067645072937	0.7394067645072937	0.08603531082676541	0.7394067645072937	766.76
none-narrower:201996005	none-narrower	none	none	True	False		0.59259432554245	0.59259432554245	0.26434026833992774	0.59259432554245	409.62
none-narrower:277481003	none-narrower	none	none	True	False		0.6074581146240234	0.6074581146240234	0.25662332020621603	0.6074581146240234	556.82
easy:715796006	easy	A	A	True	True		0.9545560479164124	0.9545560479164124	0.0032236848829261255	0.9545560479164124	1061.7
easy:413656006	easy	A	A	True	True		0.8252552151679993	0.8252552151679993	0.052814517789372586	0.8252552151679993	820.49
easy:189167009	easy	A	none	False	True		0.5318992733955383	0.3004571795463562	0.7818681081228985	0.5318992733955383	772.97
easy:78590007	easy	A	A	True	True		0.8210828900337219	0.8210828900337219	0.05787135818439976	0.8210828900337219	554.96
retrieval-miss:43116000	retrieval-miss	none	none	True	False		0.4932820200920105	0.4932820200920105	0.3907456057731586	0.4932820200920105	526.98
easy:238036004	easy	A	A	True	True		0.7750564217567444	0.7750564217567444	0.07470922847117448	0.7750564217567444	410.1
none-narrower:301824001	none-narrower	none	B	False	False		0.6484427452087402	0.286760151386261	0.9306585069045593	0.6484427452087402	524.59
easy:716200002	easy	A	A	True	True		0.9412115216255188	0.9412115216255188	0.0056118323138877775	0.9412115216255188	770.85
hard:768926005	hard	A	A	True	True		0.9179486632347107	0.9179486632347107	0.010139549338937744	0.9179486632347107	767.07
hard:59032001	hard	A	A	True	True		0.7696444392204285	0.7696444392204285	0.08180487399095546	0.7696444392204285	525.42
easy:198142001	easy	A	A	True	True		0.8416155576705933	0.8416155576705933	0.03957680476933853	0.8416155576705933	765.55
retrieval-miss:361115000	retrieval-miss	none	A	False	False		0.9260037541389465	0.0577847883105278	1.7453172881279757	0.9260037541389465	525.3
easy:363464006	easy	A	A	True	True		0.5300310254096985	0.5300310254096985	0.33633368233538175	0.5300310254096985	525.5
easy:429998004	easy	A	A	True	True		0.784400999546051	0.784400999546051	0.07467225765775476	0.784400999546051	767.48
hard:37109004	hard	A	A	True	True		0.8891527056694031	0.8891527056694031	0.019395382520255404	0.8891527056694031	765.76
hard:231472009	hard	A	A	True	True		0.8425501585006714	0.8425501585006714	0.04159556655106768	0.8425501585006714	408.82
hard:270491006	hard	A	A	True	True		0.5770394802093506	0.5770394802093506	0.2884492086386711	0.5770394802093506	551.72
none-narrower:723905008	none-narrower	none	A	False	False		0.5170568227767944	0.43920519948005676	0.5824632691129272	0.5170568227767944	527.49
hard:12313004	hard	A	A	True	True		0.8535670042037964	0.8535670042037964	0.03418926286427898	0.8535670042037964	765.55
hard:127030001	hard	A	A	True	True		0.5436901450157166	0.5436901450157166	0.3148584500941902	0.5436901450157166	762.69
easy:92093000	easy	A	A	True	True		0.7439315915107727	0.7439315915107727	0.10237262387311541	0.7439315915107727	763.03
easy:25362006	easy	A	A	True	True		0.7406952977180481	0.7406952977180481	0.11509477282837675	0.7406952977180481	767.79
none-narrower:312085005	none-narrower	none	none	True	False		0.7417159080505371	0.7417159080505371	0.07973782817718596	0.7417159080505371	525.14
hard:53913001	hard	A	A	True	True		0.8475759029388428	0.8475759029388428	0.040196820732400385	0.8475759029388428	525.91
none-narrower:232121005	none-narrower	none	none	True	False		0.7296031713485718	0.7296031713485718	0.11520545160701086	0.7296031713485718	761.94
easy:16631009	easy	A	A	True	True		0.7980408668518066	0.7980408668518066	0.05960589311206798	0.7980408668518066	392.33
none-narrower:448478000	none-narrower	none	none	True	False		0.5315676927566528	0.5315676927566528	0.3276376788947126	0.5315676927566528	762.31
retrieval-miss:80328002	retrieval-miss	none	none	True	False		0.6814133524894714	0.6814133524894714	0.1206146847679311	0.6814133524894714	552.73
hard:410042009	hard	A	none	False	True		0.3814059793949127	0.23376305401325226	0.8567507864039464	0.3814059793949127	768.27
easy:91954009	easy	A	A	True	True		0.8740428686141968	0.8740428686141968	0.024047580097171107	0.8740428686141968	764.12
none-narrower:187701005	none-narrower	none	H	False	False		0.35743841528892517	0.3294318616390228	0.6451396229945041	0.35743841528892517	762.86
hard:448542008	hard	A	A	True	True		0.8195090889930725	0.8195090889930725	0.051576941813252696	0.8195090889930725	762.48
none-narrower:40370006	none-narrower	none	none	True	False		0.4857247471809387	0.4857247471809387	0.46579565362476416	0.4857247471809387	526.43
hard:725138002	hard	A	A	True	True		0.8883988261222839	0.8883988261222839	0.02073790142604431	0.8883988261222839	764.42
hard:254767008	hard	A	A	True	True		0.8875176310539246	0.8875176310539246	0.020918984138950953	0.8875176310539246	761.74
easy:126926005	easy	A	A	True	True		0.5233582854270935	0.5233582854270935	0.3960648955877557	0.5233582854270935	777.47
hard:403913006	hard	A	A	True	True		0.8862571120262146	0.8862571120262146	0.020013559031294398	0.8862571120262146	769.22
hard:399432003	hard	A	A	True	True		0.8058305382728577	0.8058305382728577	0.059322291661015776	0.8058305382728577	764.46
retrieval-miss:75474006	retrieval-miss	none	none	True	False		0.8259272575378418	0.8259272575378418	0.03846494416058673	0.8259272575378418	552.94
none-narrower:238951005	none-narrower	none	none	True	False		0.9022955894470215	0.9022955894470215	0.012618710680084492	0.9022955894470215	767.99
none-narrower:447146004	none-narrower	none	A	False	False		0.7883658409118652	0.18150699138641357	1.291635217603616	0.7883658409118652	525.3
easy:37344009	easy	B	B	True	False		0.6893556714057922	0.6893556714057922	0.16451491224699882	0.6893556714057922	407.9
easy:392662004	easy	A	A	True	True		0.7985565066337585	0.7985565066337585	0.057477888085362604	0.7985565066337585	763.76
none-narrower:1196861001	none-narrower	none	none	True	False		0.7056064009666443	0.7056064009666443	0.11354458021612149	0.7056064009666443	524.01
easy:15682004	easy	A	A	True	True		0.7870035767555237	0.7870035767555237	0.06978131801667167	0.7870035767555237	408.28
easy:55475008	easy	A	A	True	True		0.9504716396331787	0.9504716396331787	0.004037054907333533	0.9504716396331787	766.5
easy:423709000	easy	A	A	True	True		0.6708968281745911	0.6708968281745911	0.1566271048675893	0.6708968281745911	762.82
hard:27420004	hard	A	A	True	True		0.8632468581199646	0.8632468581199646	0.029645177045350708	0.8632468581199646	761.2
easy:733601006	easy	A	A	True	True		0.9372906684875488	0.9372906684875488	0.006447366321499744	0.9372906684875488	1052.96
none-narrower:371012000	none-narrower	none	none	True	False		0.5579307079315186	0.5579307079315186	0.26478591679196983	0.5579307079315186	776.61
easy:715504003	easy	A	A	True	True		0.7937019467353821	0.7937019467353821	0.06448985637722518	0.7937019467353821	772.42
easy:36742000	easy	A	A	True	True		0.8741299510002136	0.8741299510002136	0.026914200935302553	0.8741299510002136	525.47
easy:239062001	easy	A	A	True	True		0.8934574127197266	0.8934574127197266	0.01850004032235285	0.8934574127197266	766.73
none-narrower:685031000119100	none-narrower	none	none	True	False		0.7542969584465027	0.7542969584465027	0.08557490016619215	0.7542969584465027	522.55
none-narrower:371962007	none-narrower	none	A	False	False		0.7001360058784485	0.22340290248394012	1.0945837630448394	0.7001360058784485	759.82
hard:722205008	hard	A	A	True	True		0.8910075426101685	0.8910075426101685	0.020193503844223484	0.8910075426101685	1052.08
hard:38907003	hard	A	A	True	True		0.8629899024963379	0.8629899024963379	0.026407186355293263	0.8629899024963379	551.59
easy:237950009	easy	A	A	True	True		0.4477251172065735	0.4477251172065735	0.43857956604398945	0.4477251172065735	762.2
retrieval-miss:93132001	retrieval-miss	none	A	False	False		0.8719782829284668	0.11340286582708359	1.5464424332792577	0.8719782829284668	764.08
none-narrower:87666009	none-narrower	none	none	True	False		0.49435681104660034	0.49435681104660034	0.4149672040912092	0.49435681104660034	522.26
easy:235966007	easy	A	A	True	True		0.52788907289505	0.52788907289505	0.3339796097202351	0.52788907289505	763.17
hard:254851009	hard	A	A	True	True		0.7725550532341003	0.7725550532341003	0.07346896497410219	0.7725550532341003	764.25
easy:190303007	easy	A	A	True	True		0.7973358631134033	0.7973358631134033	0.06583255925377801	0.7973358631134033	523.1
none-narrower:1254906000	none-narrower	none	none	True	False		0.5107424855232239	0.5107424855232239	0.42844707360007683	0.5107424855232239	759.06
easy:13507004	easy	A	B	False	True		0.5022034049034119	0.18864983320236206	0.9911785894511351	0.5022034049034119	523.74
hard:363408006	hard	A	A	True	True		0.8447225689888	0.8447225689888	0.036602401049333086	0.8447225689888	524.78
hard:230282000	hard	A	none	False	True		0.5024517774581909	0.20478907227516174	0.9534561785761795	0.5024517774581909	551.88
easy:195180004	easy	A	A	True	True		0.8350182771682739	0.8350182771682739	0.039923863708711545	0.8350182771682739	407.24
easy:230425004	easy	A	A	True	True		0.7500408291816711	0.7500408291816711	0.0938025876745316	0.7500408291816711	762.9
hard:95315005	hard	A	A	True	True		0.7269666194915771	0.7269666194915771	0.12107398252615593	0.7269666194915771	760.96
easy:59393003	easy	A	A	True	True		0.8757078647613525	0.8757078647613525	0.021910275005868524	0.8757078647613525	656.38
easy:77121009	easy	A	C	False	True		0.3524944484233856	0.21604323387145996	0.8662055041580444	0.3524944484233856	763.66
hard:699305004	hard	A	A	True	True		0.8791972994804382	0.8791972994804382	0.024124973103693083	0.8791972994804382	765.39
hard:71961003	hard	A	A	True	True		0.8803227543830872	0.8803227543830872	0.021622570613821578	0.8803227543830872	553.44
hard:254230001	hard	A	A	True	True		0.5006669759750366	0.5006669759750366	0.34180551109678287	0.5006669759750366	534.92
easy:45339001	easy	A	A	True	True		0.477524071931839	0.477524071931839	0.39083878187145127	0.477524071931839	528.44
hard:193411004	hard	A	A	True	True		0.8621872663497925	0.8621872663497925	0.030022584199813414	0.8621872663497925	761.92
easy:402792003	easy	A	none	False	True		0.41968074440956116	0.21849273145198822	0.8797443212857748	0.41968074440956116	522.33
hard:42574005	hard	A	A	True	True		0.86769700050354	0.86769700050354	0.02847159793390908	0.86769700050354	417.28
easy:7916009	easy	A	A	True	True		0.8651227355003357	0.8651227355003357	0.0309527239853012	0.8651227355003357	410.58
hard:702361006	hard	A	A	True	True		0.8834179043769836	0.8834179043769836	0.021858415324284595	0.8834179043769836	763.08
easy:92083007	easy	A	A	True	True		0.802522599697113	0.802522599697113	0.06398608423495108	0.802522599697113	550.23
hard:90708001	hard	A	none	False	True		0.5368969440460205	0.4203246831893921	0.6247130030097267	0.5368969440460205	524.19
none-narrower:429724002	none-narrower	none	none	True	False		0.5964425802230835	0.5964425802230835	0.2777626071637869	0.5964425802230835	525.19
easy:9491003	easy	A	A	True	True		0.8288425803184509	0.8288425803184509	0.04851401595727507	0.8288425803184509	406.75
easy:450005	easy	A	A	True	True		0.5697795748710632	0.5697795748710632	0.2921017377574633	0.5697795748710632	522.99
hard:75006000	hard	A	A	True	True		0.6806071400642395	0.6806071400642395	0.1461414777803734	0.6806071400642395	550.69
hard:719250005	hard	A	A	True	True		0.8960322141647339	0.8960322141647339	0.016216336120974464	0.8960322141647339	762.26
easy:764096006	easy	A	A	True	True		0.8070316314697266	0.8070316314697266	0.05603780687894171	0.8070316314697266	762.87
hard:69134001	hard	A	A	True	True		0.7940847277641296	0.7940847277641296	0.05884976628389893	0.7940847277641296	392.05
easy:45170000	easy	A	A	True	True		0.6021309494972229	0.6021309494972229	0.2580940342929331	0.6021309494972229	762.9
none-narrower:427419006	none-narrower	none	none	True	False		0.5393721461296082	0.5393721461296082	0.2713480280426527	0.5393721461296082	526.12
hard:86103006	hard	A	A	True	True		0.6308126449584961	0.6308126449584961	0.2021030698339533	0.6308126449584961	406.29
easy:44795003	easy	A	A	True	True		0.5518942475318909	0.5518942475318909	0.360373379926612	0.5518942475318909	524.56
none-narrower:13457005	none-narrower	none	none	True	False		0.7963643074035645	0.7963643074035645	0.06282908741573474	0.7963643074035645	550.89
hard:725148000	hard	A	A	True	True		0.8438530564308167	0.8438530564308167	0.038866708687728714	0.8438530564308167	766.33
retrieval-miss:22542007	retrieval-miss	none	A	False	False		0.6956430673599243	0.261314332485199	1.0299781868943454	0.6956430673599243	778.27
easy:253283000	easy	A	A	True	True		0.4795302748680115	0.4795302748680115	0.44718995417376434	0.4795302748680115	561.16
easy:21009004	easy	A	A	True	True		0.848915696144104	0.848915696144104	0.03740460533908714	0.848915696144104	764.05
retrieval-miss:124593001	retrieval-miss	none	none	True	False		0.5455228686332703	0.5455228686332703	0.30910250899617786	0.5455228686332703	762.99
easy:400946004	easy	F	F	True	False		0.898557186126709	0.898557186126709	0.017453879522075735	0.898557186126709	766.04
easy:201191004	easy	A	A	True	True		0.7895327210426331	0.7895327210426331	0.06554969066536082	0.7895327210426331	392.38
retrieval-miss:58437007	retrieval-miss	none	none	True	False		0.5640495419502258	0.5640495419502258	0.3131449155191801	0.5640495419502258	763.97
easy:722381004	easy	A	A	True	True		0.8983926773071289	0.8983926773071289	0.017522171944422307	0.8983926773071289	765.82
easy:703406006	easy	A	A	True	True		0.5635519027709961	0.5635519027709961	0.2842671763433106	0.5635519027709961	764.83
none-narrower:302920007	none-narrower	none	none	True	False		0.531634509563446	0.531634509563446	0.3473423566543258	0.531634509563446	526.26
hard:410429000	hard	A	A	True	True		0.5989047884941101	0.5989047884941101	0.23983154013181446	0.5989047884941101	407.45
hard:444830001	hard	A	A	True	True		0.4376000761985779	0.4376000761985779	0.4957602108780047	0.4376000761985779	762.5
easy:717042001	easy	A	A	True	True		0.7908214926719666	0.7908214926719666	0.06012676243617329	0.7908214926719666	761.31
easy:29159009	easy	A	A	True	True		0.8752797842025757	0.8752797842025757	0.025061899803687716	0.8752797842025757	524.42
none-narrower:767448007	none-narrower	none	A	False	False		0.5667874813079834	0.2506498396396637	0.8993541129880465	0.5667874813079834	764.64
hard:766704005	hard	A	A	True	True		0.9605292081832886	0.9605292081832886	0.002547603070896854	0.9605292081832886	762.96
hard:229733002	hard	A	A	True	True		0.6456748247146606	0.6456748247146606	0.17364961405789348	0.6456748247146606	524.24
none-narrower:332461000119106	none-narrower	none	H	False	False		0.5669764280319214	0.3474988639354706	0.7494380668800115	0.5669764280319214	407.1
none-narrower:1300178001	none-narrower	none	none	True	False		0.5678351521492004	0.5678351521492004	0.2518675949700988	0.5678351521492004	523.71
hard:397825006	hard	A	A	True	True		0.7051722407341003	0.7051722407341003	0.13221882355538417	0.7051722407341003	761.98
easy:60318001	easy	A	A	True	True		0.6663973927497864	0.6663973927497864	0.16944674942929683	0.6663973927497864	798.47
none-narrower:348681000119101	none-narrower	none	A	False	False		0.6691111922264099	0.2959003448486328	0.9437616749262174	0.6691111922264099	532.74
hard:720414005	hard	B	B	True	False		0.9187289476394653	0.9187289476394653	0.01004327994082529	0.9187289476394653	777.12
easy:238011005	easy	A	A	True	True		0.8730419874191284	0.8730419874191284	0.0271999131972186	0.8730419874191284	763.13
easy:95280005	easy	A	A	True	True		0.777064859867096	0.777064859867096	0.08222646411908464	0.777064859867096	525.63
none-narrower:789399002	none-narrower	none	none	True	False		0.4971737563610077	0.4971737563610077	0.39027520159101015	0.4971737563610077	762.12
hard:28593007	hard	A	A	True	True		0.7031739354133606	0.7031739354133606	0.15816740931520334	0.7031739354133606	522.74
easy:186668002	easy	A	A	True	True		0.7325088381767273	0.7325088381767273	0.11860712737963862	0.7325088381767273	800.97
easy:20392000	easy	A	C	False	True		0.4493403732776642	0.1321437507867813	1.1012561346319472	0.4493403732776642	371.98
hard:442416002	hard	A	A	True	True		0.9213910102844238	0.9213910102844238	0.01078386766881464	0.9213910102844238	762.38
retrieval-miss:234110002	retrieval-miss	none	none	True	False		0.8067317605018616	0.8067317605018616	0.04662684506149122	0.8067317605018616	525.28
easy:404086000	easy	A	A	True	True		0.5936316847801208	0.5936316847801208	0.24001117328645044	0.5936316847801208	766.14
easy:367542003	easy	A	A	True	True		0.7708142399787903	0.7708142399787903	0.08987573613711006	0.7708142399787903	764.69
easy:123596001	easy	A	A	True	True		0.6602252125740051	0.6602252125740051	0.20127954844088192	0.6602252125740051	523.61
easy:49723003	easy	A	A	True	True		0.8799974322319031	0.8799974322319031	0.02394518665718111	0.8799974322319031	525.71
none-narrower:1231379009	none-narrower	none	none	True	False		0.7972757816314697	0.7972757816314697	0.061219673230725344	0.7972757816314697	604.82
hard:719454003	hard	A	A	True	True		0.7736158967018127	0.7736158967018127	0.06901228704621352	0.7736158967018127	764.67
hard:764997000	hard	A	A	True	True		0.8411436080932617	0.8411436080932617	0.036815386903720854	0.8411436080932617	1133.59
easy:201192006	easy	A	A	True	True		0.6948996782302856	0.6948996782302856	0.13728948890749015	0.6948996782302856	394.14
hard:718848000	hard	A	A	True	True		0.800803542137146	0.800803542137146	0.06111997734155151	0.800803542137146	765.03
none-narrower:16932000	none-narrower	none	none	True	False		0.5382303595542908	0.5382303595542908	0.31677571647024494	0.5382303595542908	764.3
hard:82852009	hard	A	A	True	True		0.5555810928344727	0.5555810928344727	0.3364667995169841	0.5555810928344727	766.51
easy:92040001	easy	A	A	True	True		0.7859908938407898	0.7859908938407898	0.07099463373094306	0.7859908938407898	551.36
hard:36667009	hard	A	A	True	True		0.8387018442153931	0.8387018442153931	0.0427716240788228	0.8387018442153931	765.75
hard:254068007	hard	A	A	True	True		0.5646441578865051	0.5646441578865051	0.3115318117403635	0.5646441578865051	766.68
hard:31323000	hard	A	A	True	True		0.7604366540908813	0.7604366540908813	0.08237406883392404	0.7604366540908813	554.96
easy:60168000	easy	A	A	True	True		0.724865734577179	0.724865734577179	0.12959871972271042	0.724865734577179	554.89
easy:764859001	easy	A	A	True	True		0.9384247660636902	0.9384247660636902	0.0059523427246032795	0.9384247660636902	553.73
none-narrower:1052239007	none-narrower	none	none	True	False		0.4985049366950989	0.4985049366950989	0.34354863501463784	0.4985049366950989	526.81
hard:237889002	hard	A	A	True	True		0.9168543815612793	0.9168543815612793	0.010379500221163337	0.9168543815612793	763.71
none-narrower:105710000	none-narrower	none	none	True	False		0.4954555928707123	0.4954555928707123	0.412404918056642	0.4954555928707123	525.84
easy:1092381000119100	easy	A	A	True	True		0.7018629312515259	0.7018629312515259	0.1586336541952938	0.7018629312515259	763.61
easy:719514002	easy	A	A	True	True		0.8683176040649414	0.8683176040649414	0.028337406046109386	0.8683176040649414	1053.26
hard:126907002	hard	D	none	False	False		0.5708248019218445	0.06842045485973358	1.2632361064055955	0.5708248019218445	775.87
hard:764440006	hard	B	B	True	False		0.9023399949073792	0.9023399949073792	0.014159384754175806	0.9023399949073792	773.7
easy:766870005	easy	B	B	True	False		0.9506931304931641	0.9506931304931641	0.004005847812157173	0.9506931304931641	799.98
hard:720495005	hard	A	A	True	True		0.9501003623008728	0.9501003623008728	0.0038564323706917654	0.9501003623008728	763.03
hard:711483003	hard	A	A	True	True		0.8214168548583984	0.8214168548583984	0.04841903858814352	0.8214168548583984	766.74
hard:254774003	hard	A	A	True	True		0.9254100322723389	0.9254100322723389	0.008981941144640897	0.9254100322723389	766.2
retrieval-miss:719663005	retrieval-miss	none	A	False	False		0.5813262462615967	0.35629382729530334	0.7534815121204166	0.5813262462615967	552.25
easy:28366008	easy	A	A	True	True		0.7486538887023926	0.7486538887023926	0.09905441505509756	0.7486538887023926	553.11
none-narrower:240704003	none-narrower	none	none	True	False		0.5741168856620789	0.5741168856620789	0.27538353611043687	0.5741168856620789	524.08
easy:707374005	easy	A	A	True	True		0.6405000686645508	0.6405000686645508	0.21265719354128088	0.6405000686645508	763.95
retrieval-miss:238019007	retrieval-miss	none	A	False	False		0.5860944986343384	0.1464090794324875	1.1144454813015547	0.5860944986343384	523.95
hard:402425006	hard	A	A	True	True		0.7786744236946106	0.7786744236946106	0.08161701465336482	0.7786744236946106	524.55
none-narrower:724647003	none-narrower	none	A	False	False		0.8215828537940979	0.11593253910541534	1.4579073764274846	0.8215828537940979	1062.14
easy:26029002	easy	A	A	True	True		0.9086992144584656	0.9086992144584656	0.013653400470489819	0.9086992144584656	779.8
easy:300988009	easy	A	A	True	True		0.662621259689331	0.662621259689331	0.1487194720700818	0.662621259689331	559.96
easy:371160000	easy	A	A	True	True		0.6204245686531067	0.6204245686531067	0.2260025034871323	0.6204245686531067	526.64
easy:2589008	easy	A	A	True	True		0.8761715292930603	0.8761715292930603	0.024856726950126647	0.8761715292930603	525.89
hard:83172007	hard	A	A	True	True		0.5984412431716919	0.5984412431716919	0.22892111298918075	0.5984412431716919	525.42
hard:266254007	hard	A	A	True	True		0.5854895710945129	0.5854895710945129	0.25653727387628406	0.5854895710945129	393.03
hard:128123007	hard	A	none	False	True		0.39098671078681946	0.046864625066518784	1.2125467106821404	0.39098671078681946	582.19
easy:399906000	easy	A	A	True	True		0.830376923084259	0.830376923084259	0.04301033536860284	0.830376923084259	525.76
hard:62005008	hard	A	A	True	True		0.6141355037689209	0.6141355037689209	0.23863173786149044	0.6141355037689209	765.82
retrieval-miss:197284004	retrieval-miss	none	none	True	False		0.8248704075813293	0.8248704075813293	0.0366919327301933	0.8248704075813293	526.06
easy:60389000	easy	A	A	True	True		0.48516130447387695	0.48516130447387695	0.5006550237616458	0.48516130447387695	764.24
easy:55850004	easy	A	A	True	True		0.63773512840271	0.63773512840271	0.20483279414778433	0.63773512840271	767.66
hard:763209008	hard	A	A	True	True		0.9414454102516174	0.9414454102516174	0.005574507790425353	0.9414454102516174	1059.48
easy:123948009	easy	B	B	True	False		0.8498476147651672	0.8498476147651672	0.032400647510345715	0.8498476147651672	418.86
none-narrower:197853008	none-narrower	none	C	False	False		0.6257999539375305	0.3258017897605896	0.8467554096196463	0.6257999539375305	413.33
hard:53783003	hard	A	A	True	True		0.4282771348953247	0.4282771348953247	0.4809725682708146	0.4282771348953247	525.99
hard:722389002	hard	A	A	True	True		0.5532997250556946	0.5532997250556946	0.2936329385551893	0.5532997250556946	766.37
hard:9078005	hard	A	A	True	True		0.8863510489463806	0.8863510489463806	0.02115664707965564	0.8863510489463806	525.35
hard:234349007	hard	A	none	False	True		0.43778306245803833	0.2911270558834076	0.7465047568805258	0.43778306245803833	526.33
easy:63042009	easy	A	A	True	True		0.7905291318893433	0.7905291318893433	0.06265799055060181	0.7905291318893433	554.79
easy:404077005	easy	A	A	True	True		0.4791513979434967	0.4791513979434967	0.44109211031819623	0.4791513979434967	552.63
hard:93559003	hard	A	A	True	True		0.8950653672218323	0.8950653672218323	0.015106876088944295	0.8950653672218323	766.79
easy:92660005	easy	A	A	True	True		0.8054689764976501	0.8054689764976501	0.05705206460447283	0.8054689764976501	526.38
hard:187675005	hard	A	A	True	True		0.8167080879211426	0.8167080879211426	0.0524155843614039	0.8167080879211426	550.79
hard:34713006	hard	A	A	True	True		0.8772259950637817	0.8772259950637817	0.024615527360716108	0.8772259950637817	764.85
none-narrower:1090651000119103	none-narrower	none	A	False	False		0.3821650743484497	0.3821650743484497	0.5744700427360663	0.3821650743484497	527.13
hard:253353007	hard	A	A	True	True		0.8481874465942383	0.8481874465942383	0.032192619976107104	0.8481874465942383	765.62
easy:239918008	easy	A	A	True	True		0.7890397310256958	0.7890397310256958	0.07293784999122223	0.7890397310256958	556.9
none-narrower:30390004	none-narrower	none	none	True	False		0.6726376414299011	0.6726376414299011	0.172311050687197	0.6726376414299011	527.03
hard:63144007	hard	A	A	True	True		0.9077736139297485	0.9077736139297485	0.013807018090252912	0.9077736139297485	767.15
easy:230350000	easy	A	A	True	True		0.8786958456039429	0.8786958456039429	0.024270733976213578	0.8786958456039429	765.62
easy:255037004	easy	A	A	True	True		0.7411801218986511	0.7411801218986511	0.10257867827803684	0.7411801218986511	765.0
hard:128333008	hard	A	A	True	True		0.44438812136650085	0.44438812136650085	0.5092446253971454	0.44438812136650085	528.29
easy:254589009	easy	A	A	True	True		0.608025848865509	0.608025848865509	0.2415182842570543	0.608025848865509	527.89
easy:399995006	easy	A	A	True	True		0.8236111998558044	0.8236111998558044	0.04776366134824057	0.8236111998558044	554.84
hard:444150000	hard	A	A	True	True		0.5201861262321472	0.5201861262321472	0.32740519939086393	0.5201861262321472	528.39
easy:427232004	easy	A	A	True	True		0.4488002061843872	0.4488002061843872	0.4876665307674909	0.4488002061843872	769.22
easy:253098009	easy	A	A	True	True		0.8751706480979919	0.8751706480979919	0.025111680540714366	0.8751706480979919	765.71
easy:65295003	easy	A	A	True	True		0.9183828234672546	0.9183828234672546	0.010598194453321625	0.9183828234672546	526.11
hard:204950001	hard	A	A	True	True		0.7306820154190063	0.7306820154190063	0.10340274784531941	0.7306820154190063	553.83
easy:63398001	easy	A	A	True	True		0.7136598229408264	0.7136598229408264	0.1345281282330989	0.7136598229408264	528.45
easy:13468005	easy	A	A	True	True		0.7792176008224487	0.7792176008224487	0.08682185488532673	0.7792176008224487	526.86
easy:86299006	easy	A	A	True	True		0.7340167760848999	0.7340167760848999	0.11802332011745838	0.7340167760848999	525.93
hard:55822004	hard	A	A	True	True		0.7489849328994751	0.7489849328994751	0.10477024245232452	0.7489849328994751	554.88
hard:20957000	hard	A	none	False	True		0.565765380859375	0.34675660729408264	0.74857456163846	0.565765380859375	525.07
none-narrower:70783003	none-narrower	none	none	True	False		0.8085774779319763	0.8085774779319763	0.04819254286499146	0.8085774779319763	409.23
easy:40122008	easy	A	A	True	True		0.5924648642539978	0.5924648642539978	0.2796794527091343	0.5924648642539978	524.33
easy:27885002	easy	A	A	True	True		0.9087801575660706	0.9087801575660706	0.01288259068210571	0.9087801575660706	766.53
easy:371089000	easy	A	A	True	True		0.8973668813705444	0.8973668813705444	0.01771322009039477	0.8973668813705444	768.98
hard:255072001	hard	A	A	True	True		0.5185218453407288	0.5185218453407288	0.3749439289826089	0.5185218453407288	765.52
hard:127231009	hard	A	A	True	True		0.5973556637763977	0.5973556637763977	0.27690536835026824	0.5973556637763977	766.83
none-narrower:428592003	none-narrower	none	H	False	False		0.5508207678794861	0.39743772149086	0.6677302984069641	0.5508207678794861	556.2
none-narrower:406570003	none-narrower	none	none	True	False		0.541129469871521	0.541129469871521	0.3292116343598034	0.541129469871521	553.98
hard:65049003	hard	A	A	True	True		0.8810684084892273	0.8810684084892273	0.020461126831632294	0.8810684084892273	527.67
easy:765096001	easy	A	A	True	True		0.8874122500419617	0.8874122500419617	0.01758041215517544	0.8874122500419617	766.68
easy:763536006	easy	A	A	True	True		0.8738882541656494	0.8738882541656494	0.026978109623696025	0.8738882541656494	766.81
easy:429735007	easy	A	A	True	True		0.8071315884590149	0.8071315884590149	0.06251912669784249	0.8071315884590149	769.06
hard:90584004	hard	A	A	True	True		0.6955686211585999	0.6955686211585999	0.1442401164989897	0.6955686211585999	526.4
easy:58868000	easy	A	A	True	True		0.8852574825286865	0.8852574825286865	0.021431926768242043	0.8852574825286865	766.8
none-narrower:20239009	none-narrower	none	none	True	False		0.6445550322532654	0.6445550322532654	0.1876060018955834	0.6445550322532654	525.79
easy:722006004	easy	A	A	True	True		0.8907850384712219	0.8907850384712219	0.01832305346964936	0.8907850384712219	804.77
hard:236746000	hard	A	A	True	True		0.4611823856830597	0.4611823856830597	0.4518117206459176	0.4611823856830597	409.57
hard:271532008	hard	A	A	True	True		0.7891558408737183	0.7891558408737183	0.06892508321450244	0.7891558408737183	525.52
hard:198130006	hard	A	A	True	True		0.7081299424171448	0.7081299424171448	0.1459855693382212	0.7081299424171448	527.87
retrieval-miss:716996008	retrieval-miss	none	A	False	False		0.9241917133331299	0.06257464736700058	1.7329342619405153	0.9241917133331299	771.32
hard:231861005	hard	A	A	True	True		0.5059692859649658	0.5059692859649658	0.3646793813103736	0.5059692859649658	526.01
easy:367520004	easy	A	A	True	True		0.9277086853981018	0.9277086853981018	0.00778761752740044	0.9277086853981018	764.59
hard:724575009	hard	A	A	True	True		0.5772373080253601	0.5772373080253601	0.28962773528764985	0.5772373080253601	766.44
easy:22298006	easy	A	A	True	True		0.6370857954025269	0.6370857954025269	0.19861369301197665	0.6370857954025269	525.64
easy:709282004	easy	A	A	True	True		0.856945276260376	0.856945276260376	0.03020419700627182	0.856945276260376	767.24
hard:763309005	hard	A	A	True	True		0.7585836052894592	0.7585836052894592	0.0832990377097603	0.7585836052894592	1058.16
retrieval-miss:16459000	retrieval-miss	none	none	True	False		0.9268246293067932	0.9268246293067932	0.0070558989386400334	0.9268246293067932	786.26
easy:63119004	easy	A	A	True	True		0.8752059936523438	0.8752059936523438	0.025100679238434037	0.8752059936523438	779.2
hard:254114000	hard	A	A	True	True		0.4456348419189453	0.4456348419189453	0.48349212293310295	0.4456348419189453	555.32
hard:763658004	hard	A	A	True	True		0.9488498568534851	0.9488498568534851	0.004193422630589859	0.9488498568534851	1059.14
easy:81211007	easy	A	C	False	True		0.502435564994812	0.2410808801651001	0.8781196205914402	0.502435564994812	567.39
hard:26745009	hard	A	A	True	True		0.9115588068962097	0.9115588068962097	0.012404188809388726	0.9115588068962097	529.5
easy:432328008	easy	A	A	True	True		0.7080396413803101	0.7080396413803101	0.1373222430800727	0.7080396413803101	553.38
easy:68116008	easy	A	A	True	True		0.9357545375823975	0.9357545375823975	0.006641302968566123	0.9357545375823975	525.88
hard:18260003	hard	A	A	True	True		0.9027828574180603	0.9027828574180603	0.015621630433628561	0.9027828574180603	528.63
hard:25569003	hard	A	A	True	True		0.794922411441803	0.794922411441803	0.06685743485452614	0.794922411441803	553.78
none-narrower:724612006	none-narrower	none	none	True	False		0.6091829538345337	0.6091829538345337	0.24205234600450468	0.6091829538345337	766.05
easy:254898001	easy	A	A	True	True		0.8854480981826782	0.8854480981826782	0.020244879647518386	0.8854480981826782	768.57
none-narrower:126999006	none-narrower	none	none	True	False		0.556888222694397	0.556888222694397	0.26335764696866293	0.556888222694397	579.53
hard:75614007	hard	A	A	True	True		0.7215512990951538	0.7215512990951538	0.12419255014339539	0.7215512990951538	554.86
easy:74100001	easy	A	none	False	True		0.5542556643486023	0.20820295810699463	0.9776929154360886	0.5542556643486023	552.46
easy:192644005	easy	A	A	True	True		0.9376494884490967	0.9376494884490967	0.0063947029555440306	0.9376494884490967	767.19
none-narrower:370494002	none-narrower	none	none	True	False		0.6006699204444885	0.6006699204444885	0.21899075035527832	0.6006699204444885	524.4
none-narrower:94514000	none-narrower	none	A	False	False		0.4689714014530182	0.367147296667099	0.6289111756014029	0.4689714014530182	764.96
easy:717789008	easy	A	A	True	True		0.8697249889373779	0.8697249889373779	0.027994844984714724	0.8697249889373779	764.38
hard:715825009	hard	A	A	True	True		0.8525969982147217	0.8525969982147217	0.038823783221627536	0.8525969982147217	766.8
retrieval-miss:408642003	retrieval-miss	none	none	True	False		0.6001130938529968	0.6001130938529968	0.2321284103183771	0.6001130938529968	766.1
hard:30292005	hard	A	A	True	True		0.7656067609786987	0.7656067609786987	0.08719220688396748	0.7656067609786987	527.54
easy:196102003	easy	A	A	True	True		0.6809079051017761	0.6809079051017761	0.17944909422738173	0.6809079051017761	554.72
easy:722034006	easy	A	A	True	True		0.785505473613739	0.785505473613739	0.07423973627284172	0.785505473613739	554.74
hard:11314008	hard	A	A	True	True		0.7349173426628113	0.7349173426628113	0.11070935358594818	0.7349173426628113	526.05
none-narrower:831000119103	none-narrower	none	A	False	False		0.675929069519043	0.2539088726043701	1.0146123402329494	0.675929069519043	526.93
hard:725141006	hard	A	A	True	True		0.7784069180488586	0.7784069180488586	0.0687268317971711	0.7784069180488586	526.94
retrieval-miss:238534006	retrieval-miss	none	none	True	False		0.8477185964584351	0.8477185964584351	0.027458029889558595	0.8477185964584351	526.39
hard:724384008	hard	A	A	True	True		0.8974505066871643	0.8974505066871643	0.016709175056552405	0.8974505066871643	553.5
hard:723823004	hard	A	A	True	True		0.9575057029724121	0.9575057029724121	0.0027966780845639925	0.9575057029724121	1059.27
none-narrower:721781004	none-narrower	none	A	False	False		0.773895263671875	0.1781754046678543	1.27501491508494	0.773895263671875	633.48
retrieval-miss:69646003	retrieval-miss	none	none	True	False		0.9347898960113525	0.9347898960113525	0.005367965451626861	0.9347898960113525	1061.64
retrieval-miss:431396003	retrieval-miss	none	B	False	False		0.49043142795562744	0.4520048201084137	0.541527441477236	0.49043142795562744	778.99
hard:42908004	hard	A	A	True	True		0.7464283108711243	0.7464283108711243	0.11271348419110042	0.7464283108711243	532.21
easy:74469006	easy	B	B	True	False		0.6280134320259094	0.6280134320259094	0.23037306555527254	0.6280134320259094	526.94
retrieval-miss:10170007	retrieval-miss	none	C	False	False		0.8788933157920837	0.08247344940900803	1.6148085812847484	0.8788933157920837	765.08
hard:18756002	hard	A	A	True	True		0.8791249990463257	0.8791249990463257	0.02416109080932685	0.8791249990463257	764.81
none-narrower:1217382002	none-narrower	none	none	True	False		0.7408115863800049	0.7408115863800049	0.09380584647993798	0.7408115863800049	1062.11
retrieval-miss:234062003	retrieval-miss	none	A	False	False		0.6150725483894348	0.34744009375572205	0.8045091528285591	0.6150725483894348	537.33
hard:765141005	hard	A	A	True	True		0.8492010831832886	0.8492010831832886	0.0353185618297541	0.8492010831832886	809.03
hard:715462003	hard	A	A	True	True		0.8902992606163025	0.8902992606163025	0.019129403875572805	0.8902992606163025	770.01
easy:88232005	easy	A	A	True	True		0.7463964223861694	0.7463964223861694	0.10584980871847904	0.7463964223861694	556.82
none-narrower:272006008	none-narrower	none	none	True	False		0.5342308878898621	0.5342308878898621	0.3465294641751112	0.5342308878898621	527.95
easy:400179000	easy	A	A	True	True		0.5806342959403992	0.5806342959403992	0.2754076163719493	0.5806342959403992	530.71
easy:81854007	easy	A	A	True	True		0.6411455869674683	0.6411455869674683	0.2108149796457454	0.6411455869674683	528.56
retrieval-miss:237692001	retrieval-miss	none	A	False	False		0.5760790109634399	0.3830946087837219	0.7130894832284211	0.5760790109634399	766.8
none-narrower:1145446000	none-narrower	none	none	True	False		0.6664373278617859	0.6664373278617859	0.18629091752626653	0.6664373278617859	526.23
easy:89723004	easy	A	A	True	True		0.834953248500824	0.834953248500824	0.04387644090152814	0.834953248500824	525.25
hard:719825000	hard	A	A	True	True		0.8734673857688904	0.8734673857688904	0.02554130506449388	0.8734673857688904	767.59
hard:74400008	hard	A	A	True	True		0.8501352071762085	0.8501352071762085	0.034968576343230945	0.8501352071762085	526.54
hard:41910004	hard	A	A	True	True		0.7327482104301453	0.7327482104301453	0.11847459272310681	0.7327482104301453	580.71
easy:253103006	easy	A	A	True	True		0.8223899006843567	0.8223899006843567	0.045794839194640544	0.8223899006843567	410.86
easy:92437008	easy	A	A	True	True		0.8058328032493591	0.8058328032493591	0.059267458994483414	0.8058328032493591	765.08
easy:38371006	easy	A	A	True	True		0.8731778264045715	0.8731778264045715	0.025722753046055803	0.8731778264045715	555.88
easy:715770009	easy	A	A	True	True		0.9494848251342773	0.9494848251342773	0.0037487611041191293	0.9494848251342773	765.25
hard:196027008	hard	A	A	True	True		0.7641111612319946	0.7641111612319946	0.08032719441733219	0.7641111612319946	528.74
hard:719164000	hard	A	A	True	True		0.8843854069709778	0.8843854069709778	0.020575061907188344	0.8843854069709778	556.28
none-narrower:403373008	none-narrower	none	H	False	False		0.8054367899894714	0.12331634014844894	1.4184602030966915	0.8054367899894714	524.32
hard:416481006	hard	A	A	True	True		0.8640297055244446	0.8640297055244446	0.024708541748992174	0.8640297055244446	763.93
none-narrower:94973007	none-narrower	none	none	True	False		0.786565363407135	0.786565363407135	0.05743962639423206	0.786565363407135	766.11
hard:237604008	hard	A	A	True	True		0.8395299911499023	0.8395299911499023	0.038367294736405835	0.8395299911499023	768.61
hard:86341008	hard	A	A	True	True		0.6544415354728699	0.6544415354728699	0.2040118451394996	0.6544415354728699	554.55
hard:171131006	hard	A	A	True	True		0.6523091793060303	0.6523091793060303	0.17051656265181664	0.6523091793060303	685.18
none-narrower:95255005	none-narrower	none	none	True	False		0.5128169655799866	0.5128169655799866	0.36426902245185777	0.5128169655799866	526.36
none-narrower:1156852009	none-narrower	none	none	True	False		0.6038655042648315	0.6038655042648315	0.19021036274268419	0.6038655042648315	768.13
easy:56604005	easy	A	A	True	True		0.6013683080673218	0.6013683080673218	0.21896574626706286	0.6013683080673218	526.47
retrieval-miss:17406005	retrieval-miss	none	none	True	False		0.7644346952438354	0.7644346952438354	0.06872752455995014	0.7644346952438354	526.25
retrieval-miss:720635002	retrieval-miss	none	none	True	False		0.8159041404724121	0.8159041404724121	0.04099695113356349	0.8159041404724121	765.77
hard:116381000119105	hard	A	A	True	True		0.7640827894210815	0.7640827894210815	0.08318223192478508	0.7640827894210815	765.62
easy:69163003	easy	A	A	True	True		0.6819341778755188	0.6819341778755188	0.17897150840138337	0.6819341778755188	767.35
easy:719140001	easy	A	A	True	True		0.9018406867980957	0.9018406867980957	0.015810824462327414	0.9018406867980957	768.66
retrieval-miss:425740005	retrieval-miss	none	none	True	False		0.9066304564476013	0.9066304564476013	0.011655856511358219	0.9066304564476013	805.0
none-narrower:2858002	none-narrower	none	none	True	False		0.5260655283927917	0.5260655283927917	0.32086783839866995	0.5260655283927917	526.05
none-narrower:94682004	none-narrower	none	none	True	False		0.6560943126678467	0.6560943126678467	0.1764452648097184	0.6560943126678467	764.41
hard:403900000	hard	A	B	False	True		0.5382996201515198	0.0645219087600708	1.2935644069675498	0.5382996201515198	764.61
hard:197866008	hard	A	A	True	True		0.806303858757019	0.806303858757019	0.06272133286576309	0.806303858757019	394.52
retrieval-miss:16814004	retrieval-miss	none	none	True	False		0.8205809593200684	0.8205809593200684	0.04661982180291044	0.8205809593200684	553.69
easy:111798006	easy	A	A	True	True		0.7465865612030029	0.7465865612030029	0.09600287763467416	0.7465865612030029	554.75
hard:234451005	hard	A	A	True	True		0.8937232494354248	0.8937232494354248	0.018461219029271718	0.8937232494354248	763.44
easy:58718002	easy	A	A	True	True		0.8337746858596802	0.8337746858596802	0.04698266857774554	0.8337746858596802	528.8
easy:720612000	easy	A	A	True	True		0.9191498160362244	0.9191498160362244	0.011137418328499162	0.9191498160362244	803.4
easy:363358000	easy	A	A	True	True		0.5344629287719727	0.5344629287719727	0.34641933931602303	0.5344629287719727	764.86
easy:53974002	easy	A	A	True	True		0.7867904305458069	0.7867904305458069	0.07409016305996116	0.7867904305458069	765.0
hard:85559002	hard	B	B	True	False		0.8043742775917053	0.8043742775917053	0.059849949530289034	0.8043742775917053	525.33
hard:187681002	hard	A	A	True	True		0.6432866454124451	0.6432866454124451	0.21027058563678228	0.6432866454124451	553.38
easy:254129003	easy	A	A	True	True		0.8882164359092712	0.8882164359092712	0.01960300793991518	0.8882164359092712	581.98
hard:62377009	hard	A	A	True	True		0.8967565894126892	0.8967565894126892	0.016869145714856638	0.8967565894126892	555.08
hard:76976005	hard	A	A	True	True		0.45260244607925415	0.45260244607925415	0.5071735624272764	0.45260244607925415	525.49
hard:19138001	hard	A	A	True	True		0.8693230748176575	0.8693230748176575	0.024478117483883496	0.8693230748176575	634.11
easy:18842008	easy	A	A	True	True		0.7070371508598328	0.7070371508598328	0.12875861747623243	0.7070371508598328	525.07
retrieval-miss:10087007	retrieval-miss	none	none	True	False		0.8106875419616699	0.8106875419616699	0.046477652023867846	0.8106875419616699	555.51
hard:190724004	hard	A	A	True	True		0.6558651328086853	0.6558651328086853	0.2036801595791406	0.6558651328086853	525.16
easy:404057003	easy	A	A	True	True		0.6658281683921814	0.6658281683921814	0.16847446074364913	0.6658281683921814	766.89
easy:264443002	easy	A	A	True	True		0.809951663017273	0.809951663017273	0.06151625568533077	0.809951663017273	527.17
easy:363433009	easy	A	A	True	True		0.526357114315033	0.526357114315033	0.3705083477753612	0.526357114315033	767.82
hard:28670008	hard	A	A	True	True		0.6812592148780823	0.6812592148780823	0.16827678991969677	0.6812592148780823	528.33
hard:92386006	hard	A	A	True	True		0.8402382135391235	0.8402382135391235	0.03993520169777809	0.8402382135391235	554.64
none-narrower:472783006	none-narrower	none	H	False	False		0.7635636329650879	0.1757967472076416	1.263505189746581	0.7635636329650879	526.17
easy:405822008	easy	A	A	True	True		0.8899415731430054	0.8899415731430054	0.01826966207581441	0.8899415731430054	802.0
hard:59229005	hard	A	A	True	True		0.7452011108398438	0.7452011108398438	0.09321195400597156	0.7452011108398438	526.51
none-narrower:771177009	none-narrower	none	A	False	False		0.9198232889175415	0.0529017448425293	1.7432413756715497	0.9198232889175415	763.45
hard:19620000	hard	A	A	True	True		0.8260346055030823	0.8260346055030823	0.04159474680936554	0.8260346055030823	526.94
none-narrower:441530006	none-narrower	none	none	True	False		0.5467610359191895	0.5467610359191895	0.34149753494427193	0.5467610359191895	524.98
hard:36989005	hard	A	A	True	True		0.8630801439285278	0.8630801439285278	0.025978156634109087	0.8630801439285278	765.95
none-narrower:276866009	none-narrower	none	none	True	False		0.5519483685493469	0.5519483685493469	0.3369461467682966	0.5519483685493469	764.28
none-narrower:403785002	none-narrower	none	A	False	False		0.4620498716831207	0.4620498716831207	0.5049901588178172	0.4620498716831207	767.31
hard:721836009	hard	A	A	True	True		0.9604483842849731	0.9604483842849731	0.0024217552087620556	0.9604483842849731	769.55
none-narrower:373405005	none-narrower	none	none	True	False		0.7241690158843994	0.7241690158843994	0.11617000025125587	0.7241690158843994	526.29
hard:24629003	hard	A	A	True	True		0.9163349866867065	0.9163349866867065	0.01158142452941305	0.9163349866867065	768.84
hard:404659001	hard	A	A	True	True		0.7514490485191345	0.7514490485191345	0.09807898819212021	0.7514490485191345	768.42
hard:719800009	hard	A	A	True	True		0.9415679574012756	0.9415679574012756	0.00528159870988508	0.9415679574012756	765.56
easy:720603002	easy	A	A	True	True		0.8921038508415222	0.8921038508415222	0.01714741653288705	0.8921038508415222	784.71
hard:56267009	hard	A	A	True	True		0.8340713381767273	0.8340713381767273	0.04004294416088878	0.8340713381767273	772.8
none-narrower:47378001	none-narrower	none	none	True	False		0.5056861639022827	0.5056861639022827	0.31680317140893577	0.5056861639022827	766.92
hard:196305005	hard	A	A	True	True		0.4318767786026001	0.4318767786026001	0.5134591091263863	0.4318767786026001	766.38
hard:290653008	hard	A	A	True	True		0.9308327436447144	0.9308327436447144	0.00734761042412137	0.9308327436447144	770.31
retrieval-miss:21893008	retrieval-miss	none	none	True	False		0.8688264489173889	0.8688264489173889	0.021296310616669478	0.8688264489173889	770.2
easy:720344007	easy	A	A	True	True		0.8021194934844971	0.8021194934844971	0.052186192615076656	0.8021194934844971	767.21
easy:95210003	easy	A	A	True	True		0.9014037251472473	0.9014037251472473	0.014369843087576228	0.9014037251472473	769.79
none-narrower:724749007	none-narrower	none	none	True	False		0.7711061835289001	0.7711061835289001	0.06937602221669709	0.7711061835289001	526.48
hard:12676007	hard	A	A	True	True		0.7141841650009155	0.7141841650009155	0.11769990875877072	0.7141841650009155	410.31
easy:89392001	easy	A	A	True	True		0.6969866752624512	0.6969866752624512	0.12618617837617574	0.6969866752624512	553.36
easy:37754005	easy	A	A	True	True		0.8024362921714783	0.8024362921714783	0.060447255184944856	0.8024362921714783	553.88
easy:721015008	easy	B	B	True	False		0.9087960124015808	0.9087960124015808	0.013650740546241017	0.9087960124015808	554.36
hard:443439001	hard	A	A	True	True		0.5775403380393982	0.5775403380393982	0.28782090604663857	0.5775403380393982	767.36
hard:716683005	hard	A	A	True	True		0.9026307463645935	0.9026307463645935	0.015658858894844717	0.9026307463645935	767.31
none-narrower:231929005	none-narrower	none	none	True	False		0.6126073002815247	0.6126073002815247	0.2072955276440125	0.6126073002815247	410.26
easy:8635005	easy	A	A	True	True		0.8936829566955566	0.8936829566955566	0.018441035160866016	0.8936829566955566	528.87
hard:93390002	hard	A	A	True	True		0.4970870316028595	0.4970870316028595	0.39051939273099273	0.4970870316028595	526.82
hard:371199008	hard	A	A	True	True		0.5643678307533264	0.5643678307533264	0.3117002581321753	0.5643678307533264	496.16
easy:239085000	easy	B	B	True	False		0.8679377436637878	0.8679377436637878	0.023372729975738197	0.8679377436637878	525.99
easy:69080001	easy	A	A	True	True		0.6563529372215271	0.6563529372215271	0.18152419242999424	0.6563529372215271	526.6
hard:768843007	hard	A	A	True	True		0.9606651663780212	0.9606651663780212	0.002398984212819732	0.9606651663780212	769.63
easy:89420002	easy	A	C	False	True		0.48950424790382385	0.15619346499443054	1.0191388581761287	0.48950424790382385	555.55
easy:763215008	easy	A	A	True	True		0.933184802532196	0.933184802532196	0.006973697838141125	0.933184802532196	770.12
easy:717749002	easy	A	A	True	True		0.8601841926574707	0.8601841926574707	0.02808862889617867	0.8601841926574707	764.01
easy:47709007	easy	A	A	True	True		0.8259656429290771	0.8259656429290771	0.04961353525940065	0.8259656429290771	765.71
hard:720984008	hard	A	A	True	True		0.9169310331344604	0.9169310331344604	0.010839420912218994	0.9169310331344604	768.36
none-narrower:255169005	none-narrower	none	none	True	False		0.6140535473823547	0.6140535473823547	0.22798539161071182	0.6140535473823547	554.85
hard:234628004	hard	A	A	True	True		0.8552147150039673	0.8552147150039673	0.033597479003893815	0.8552147150039673	556.97
hard:722456001	hard	A	A	True	True		0.9180322885513306	0.9180322885513306	0.011308754573767633	0.9180322885513306	765.26
hard:24752008	hard	A	A	True	True		0.8846352696418762	0.8846352696418762	0.01888376150496618	0.8846352696418762	527.96
hard:733520002	hard	A	A	True	True		0.8549968004226685	0.8549968004226685	0.029137346717611045	0.8549968004226685	802.69
retrieval-miss:88887003	retrieval-miss	none	none	True	False		0.8796181678771973	0.8796181678771973	0.018395281627606203	0.8796181678771973	527.15
easy:716091000	easy	A	A	True	True		0.9325528144836426	0.9325528144836426	0.007464938223130748	0.9325528144836426	765.67
none-narrower:271570007	none-narrower	none	none	True	False		0.7150185704231262	0.7150185704231262	0.1002369958105398	0.7150185704231262	527.21
hard:55735004	hard	A	A	True	True		0.7414316534996033	0.7414316534996033	0.09937902525849472	0.7414316534996033	556.31
hard:13920009	hard	A	A	True	True		0.7851237654685974	0.7851237654685974	0.07455095825618299	0.7851237654685974	740.32
easy:1279844009	easy	A	A	True	True		0.822569727897644	0.822569727897644	0.046161303077931946	0.822569727897644	530.27
none-narrower:312224002	none-narrower	none	none	True	False		0.5721887350082397	0.5721887350082397	0.3077756981130714	0.5721887350082397	525.5
easy:764996009	easy	A	A	True	True		0.9394758343696594	0.9394758343696594	0.006170495664523885	0.9394758343696594	1709.4
none-narrower:254196004	none-narrower	none	A	False	False		0.8594853281974792	0.10301993042230606	1.5436012797951533	0.8594853281974792	810.52
easy:703266007	easy	A	A	True	True		0.41007182002067566	0.41007182002067566	0.5080768733799406	0.41007182002067566	555.36
none-narrower:773610007	none-narrower	none	A	False	False		0.8801882863044739	0.08259496092796326	1.6167829226947612	0.8801882863044739	769.39
none-narrower:447706001	none-narrower	none	none	True	False		0.49024656414985657	0.49024656414985657	0.46507945102271725	0.49024656414985657	765.2
hard:763528002	hard	A	A	True	True		0.797778844833374	0.797778844833374	0.059832736450987516	0.797778844833374	770.4
hard:70737009	hard	C	C	True	False		0.9147148132324219	0.9147148132324219	0.011846095185933294	0.9147148132324219	767.68
hard:25374005	hard	A	A	True	True		0.6583376526832581	0.6583376526832581	0.19093558792742624	0.6583376526832581	527.37
retrieval-miss:237687003	retrieval-miss	none	none	True	False		0.8612937927246094	0.8612937927246094	0.02467942810159595	0.8612937927246094	767.86
retrieval-miss:703403003	retrieval-miss	none	none	True	False		0.8244464993476868	0.8244464993476868	0.037974195150316886	0.8244464993476868	770.8
hard:1271009	hard	A	A	True	True		0.9008318185806274	0.9008318185806274	0.015189491228160198	0.9008318185806274	765.74
hard:85708001	hard	A	A	True	True		0.8212247490882874	0.8212247490882874	0.048355079765007906	0.8212247490882874	555.43
none-narrower:111850006	none-narrower	none	none	True	False		0.5961865186691284	0.5961865186691284	0.23068221267006112	0.5961865186691284	510.64
easy:725413002	easy	A	A	True	True		0.9306246638298035	0.9306246638298035	0.008212922136042486	0.9306246638298035	764.72
hard:238047006	hard	A	A	True	True		0.8769859075546265	0.8769859075546265	0.02468391354013025	0.8769859075546265	527.3
easy:230655004	easy	A	A	True	True		0.8326593041419983	0.8326593041419983	0.04458136438224757	0.8326593041419983	529.88
easy:25476006	easy	A	A	True	True		0.7394410371780396	0.7394410371780396	0.10892084495882776	0.7394410371780396	766.37
hard:719209002	hard	A	A	True	True		0.906889021396637	0.906889021396637	0.014004456913909202	0.906889021396637	767.63
hard:443520009	hard	A	A	True	True		0.7440772652626038	0.7440772652626038	0.09724363660263095	0.7440772652626038	526.25
none-narrower:1259592000	none-narrower	none	A	False	False		0.61501544713974	0.2506674528121948	0.9466104763448842	0.61501544713974	765.84
none-narrower:373422007	none-narrower	none	none	True	False		0.5318582653999329	0.5318582653999329	0.2905805511880518	0.5318582653999329	525.42
easy:721835008	easy	A	A	True	True		0.8703045845031738	0.8703045845031738	0.024267522092482934	0.8703045845031738	768.05
hard:31097004	hard	D	D	True	False		0.9579778909683228	0.9579778909683228	0.0027567514982858293	0.9579778909683228	767.23
easy:60136008	easy	A	A	True	True		0.8336425423622131	0.8336425423622131	0.04196373939089953	0.8336425423622131	528.82
easy:721075001	easy	A	A	True	True		0.9280589818954468	0.9280589818954468	0.008564052570606807	0.9280589818954468	768.93
easy:28783002	easy	G	G	True	False		0.6871897578239441	0.6871897578239441	0.1559815079205884	0.6871897578239441	527.53
retrieval-miss:1648002	retrieval-miss	none	none	True	False		0.6129714250564575	0.6129714250564575	0.22781073609772984	0.6129714250564575	769.91
hard:719650004	hard	A	A	True	True		0.8230404853820801	0.8230404853820801	0.04568131186049194	0.8230404853820801	769.05
easy:297237003	easy	A	A	True	True		0.7795168161392212	0.7795168161392212	0.07329765672492383	0.7795168161392212	766.88
retrieval-miss:4945003	retrieval-miss	none	none	True	False		0.885901153087616	0.885901153087616	0.01913079444307654	0.885901153087616	771.12
retrieval-miss:34042008	retrieval-miss	none	E	False	False		0.44181719422340393	0.3458888828754425	0.63718414967689	0.44181719422340393	768.54
easy:126792007	easy	A	A	True	True		0.5150769948959351	0.5150769948959351	0.42740609257610845	0.5150769948959351	554.6
easy:722059002	easy	A	A	True	True		0.9117714166641235	0.9117714166641235	0.011207306846730603	0.9117714166641235	768.74
easy:109995007	easy	A	A	True	True		0.7849748134613037	0.7849748134613037	0.06807184846026255	0.7849748134613037	769.42
easy:48500005	easy	A	A	True	True		0.8085344433784485	0.8085344433784485	0.06194291020179112	0.8085344433784485	528.63
none-narrower:49481000	none-narrower	none	none	True	False		0.6923658847808838	0.6923658847808838	0.12610170480971714	0.6923658847808838	769.6
none-narrower:191820008	none-narrower	none	none	True	False		0.4926048219203949	0.4926048219203949	0.3888213200796639	0.4926048219203949	412.52
hard:43878008	hard	A	A	True	True		0.7681288123130798	0.7681288123130798	0.0815580819491601	0.7681288123130798	558.61
easy:45781009	easy	E	E	True	False		0.37232786417007446	0.37232786417007446	0.5525099616679343	0.37232786417007446	766.93
easy:722690001	easy	A	A	True	True		0.6632501482963562	0.6632501482963562	0.18832360841471846	0.6632501482963562	767.27
none-narrower:1259443009	none-narrower	none	A	False	False		0.4821154475212097	0.21320562064647675	0.9258664418202351	0.4821154475212097	769.35
hard:41799005	hard	A	A	True	True		0.49493980407714844	0.49493980407714844	0.4638538866595606	0.49493980407714844	556.11
hard:38804009	hard	A	A	True	True		0.7980009317398071	0.7980009317398071	0.06275902677338585	0.7980009317398071	767.29
easy:276954004	easy	A	A	True	True		0.7804625630378723	0.7804625630378723	0.07250016414579805	0.7804625630378723	766.02
retrieval-miss:719848005	retrieval-miss	none	none	True	False		0.4902663230895996	0.4902663230895996	0.46539353140357465	0.4902663230895996	396.74
easy:24790002	easy	A	A	True	True		0.7590678930282593	0.7590678930282593	0.08572292889800816	0.7590678930282593	769.43
easy:717008005	easy	A	A	True	True		0.8775771260261536	0.8775771260261536	0.024506014625380886	0.8775771260261536	1061.23
none-narrower:4702003	none-narrower	none	B	False	False		0.6847598552703857	0.21849659085273743	1.0825328614656045	0.6847598552703857	528.48
none-narrower:262933008	none-narrower	none	none	True	False		0.6183575987815857	0.6183575987815857	0.19900795779600647	0.6183575987815857	764.61
retrieval-miss:61750000	retrieval-miss	none	none	True	False		0.681450366973877	0.681450366973877	0.13568927490306384	0.681450366973877	555.86
hard:81577001	hard	A	A	True	True		0.5859019756317139	0.5859019756317139	0.25215054371045353	0.5859019756317139	557.78
hard:44730006	hard	A	A	True	True		0.7960888743400574	0.7960888743400574	0.06328049575695747	0.7960888743400574	771.14
none-narrower:722664004	none-narrower	none	none	True	False		0.5787628889083862	0.5787628889083862	0.22226926538514022	0.5787628889083862	555.92
hard:715907003	hard	A	A	True	True		0.9593077301979065	0.9593077301979065	0.0028082545943977234	0.9593077301979065	766.67
hard:51523009	hard	A	A	True	True		0.7767045497894287	0.7767045497894287	0.08226184851055493	0.7767045497894287	555.76
retrieval-miss:445448008	retrieval-miss	none	none	True	False		0.5832850337028503	0.5832850337028503	0.3026046304675504	0.5832850337028503	768.87
retrieval-miss:37610005	retrieval-miss	none	none	True	False		0.7868480086326599	0.7868480086326599	0.060283399095416794	0.7868480086326599	526.07
hard:718602007	hard	A	A	True	True		0.9472579956054688	0.9472579956054688	0.004379962583780155	0.9472579956054688	765.49
hard:49428008	hard	A	A	True	True		0.8454867005348206	0.8454867005348206	0.03642732473180918	0.8454867005348206	770.24
hard:42265009	hard	A	A	True	True		0.5359753370285034	0.5359753370285034	0.36727910310210177	0.5359753370285034	411.3
hard:33064008	hard	A	A	True	True		0.5712072253227234	0.5712072253227234	0.3288016967561538	0.5712072253227234	766.23
easy:42386007	easy	A	A	True	True		0.7424022555351257	0.7424022555351257	0.1076478609675135	0.7424022555351257	772.11
easy:254812004	easy	A	A	True	True		0.7534785270690918	0.7534785270690918	0.09786667588139453	0.7534785270690918	526.65
easy:722439009	easy	A	A	True	True		0.9610042572021484	0.9610042572021484	0.0025098565580742795	0.9610042572021484	804.57
easy:44018007	easy	B	none	False	False		0.4309716820716858	0.2067907601594925	0.872404686218613	0.4309716820716858	524.7
retrieval-miss:279611005	retrieval-miss	none	none	True	False		0.9155434370040894	0.9155434370040894	0.00825140016639754	0.9155434370040894	766.97
hard:80813006	hard	A	A	True	True		0.8818788528442383	0.8818788528442383	0.02354579608107548	0.8818788528442383	553.01
easy:715776003	easy	A	A	True	True		0.7826178669929504	0.7826178669929504	0.07532649858475449	0.7826178669929504	798.03
none-narrower:59136001	none-narrower	none	none	True	False		0.693021833896637	0.693021833896637	0.14562831037839638	0.693021833896637	526.57
easy:402700001	easy	A	none	False	True		0.615673840045929	0.2131534367799759	1.0133752542725984	0.615673840045929	526.21
easy:17608003	easy	A	A	True	True		0.9203867316246033	0.9203867316246033	0.010307509901670127	0.9203867316246033	764.49
none-narrower:1255194004	none-narrower	none	none	True	False		0.680240273475647	0.680240273475647	0.12982635821785415	0.680240273475647	767.44
none-narrower:818967003	none-narrower	none	A	False	False		0.8205116391181946	0.13630430400371552	1.4196604394769383	0.8205116391181946	762.85
hard:240849009	hard	A	A	True	True		0.9036169052124023	0.9036169052124023	0.014622726698661227	0.9036169052124023	767.95
hard:389145006	hard	A	A	True	True		0.8705899715423584	0.8705899715423584	0.026209959929370513	0.8705899715423584	526.53
hard:35600002	hard	A	A	True	True		0.6979273557662964	0.6979273557662964	0.15035223805463166	0.6979273557662964	556.36
hard:197270009	hard	A	A	True	True		0.8892356157302856	0.8892356157302856	0.018655617621914714	0.8892356157302856	525.08
easy:85898001	easy	A	A	True	True		0.5477167367935181	0.5477167367935181	0.33965088487714257	0.5477167367935181	527.36
easy:764512003	easy	A	A	True	True		0.9706243276596069	0.9706243276596069	0.0013192688481106366	0.9706243276596069	1690.69
none-narrower:403369005	none-narrower	none	none	True	False		0.6140950322151184	0.6140950322151184	0.21056567423645767	0.6140950322151184	524.75
hard:124596009	hard	A	A	True	True		0.860113263130188	0.860113263130188	0.03223910733318314	0.860113263130188	764.25
hard:75315001	hard	A	A	True	True		0.8889399170875549	0.8889399170875549	0.020609560923385485	0.8889399170875549	566.82
hard:18735004	hard	A	A	True	True		0.6803098320960999	0.6803098320960999	0.15927543937758576	0.6803098320960999	412.92
hard:237941007	hard	A	A	True	True		0.8744341731071472	0.8744341731071472	0.023061935079162058	0.8744341731071472	768.2
easy:70647001	easy	A	A	True	True		0.9197140336036682	0.9197140336036682	0.00941418592535111	0.9197140336036682	766.66
easy:35091000119101	easy	A	A	True	True		0.48992177844047546	0.48992177844047546	0.4363279619698285	0.48992177844047546	762.82
none-narrower:10184002	none-narrower	none	none	True	False		0.8058746457099915	0.8058746457099915	0.04577397012408923	0.8058746457099915	407.89
hard:35520007	hard	A	A	True	True		0.9442620873451233	0.9442620873451233	0.004960720568710478	0.9442620873451233	525.19
hard:18805001	hard	C	none	False	False		0.6393029689788818	0.20399197936058044	1.0486727498163786	0.6393029689788818	551.67
hard:126583006	hard	A	A	True	True		0.5045893788337708	0.5045893788337708	0.35243653007825826	0.5045893788337708	763.38
easy:715736008	easy	A	A	True	True		0.9485863447189331	0.9485863447189331	0.0042223734451866	0.9485863447189331	766.86
hard:359007	hard	A	A	True	True		0.8512415885925293	0.8512415885925293	0.03468842965269972	0.8512415885925293	762.76
none-narrower:95005005	none-narrower	none	none	True	False		0.8629544973373413	0.8629544973373413	0.02303843059590429	0.8629544973373413	551.92
none-narrower:15966341000119102	none-narrower	none	A	False	False		0.5168712735176086	0.43904802203178406	0.5822788232018368	0.5168712735176086	552.46
easy:233667003	easy	C	C	True	False		0.5204786062240601	0.5204786062240601	0.4257686832489118	0.5204786062240601	524.26
easy:724275005	easy	A	A	True	True		0.9164652228355408	0.9164652228355408	0.01158392912773758	0.9164652228355408	766.03
easy:723453002	easy	A	A	True	True		0.9477781653404236	0.9477781653404236	0.004570743604738683	0.9477781653404236	766.69
easy:190293001	easy	A	A	True	True		0.6189359426498413	0.6189359426498413	0.21713680462794804	0.6189359426498413	762.4
none-narrower:94080006	none-narrower	none	A	False	False		0.44474318623542786	0.2512248158454895	0.8225207477769646	0.44474318623542786	761.77
easy:449824004	easy	A	A	True	True		0.9051617383956909	0.9051617383956909	0.013635638750528275	0.9051617383956909	553.38
none-narrower:1263522001	none-narrower	none	none	True	False		0.6596614718437195	0.6596614718437195	0.19068865398468685	0.6596614718437195	762.62
hard:720458005	hard	A	A	True	True		0.6062200665473938	0.6062200665473938	0.22232328804156987	0.6062200665473938	764.28
hard:62067003	hard	A	A	True	True		0.7901437282562256	0.7901437282562256	0.06926351289351027	0.7901437282562256	762.38
none-narrower:66944004	none-narrower	none	none	True	False		0.513660728931427	0.513660728931427	0.33104041708301263	0.513660728931427	526.13
easy:90623003	easy	A	A	True	True		0.7693676948547363	0.7693676948547363	0.09060562459910985	0.7693676948547363	551.34
easy:49130001	easy	A	none	False	True		0.5955467224121094	0.31005147099494934	0.833951441956383	0.5955467224121094	523.77
easy:230321007	easy	A	A	True	True		0.6469377279281616	0.6469377279281616	0.19714385079290056	0.6469377279281616	524.32
easy:36971009	easy	A	A	True	True		0.6515164971351624	0.6515164971351624	0.20530208316977638	0.6515164971351624	391.93
none-narrower:300457003	none-narrower	none	none	True	False		0.8078853487968445	0.8078853487968445	0.046647007762401924	0.8078853487968445	522.94
hard:87343002	hard	A	A	True	True		0.8220644593238831	0.8220644593238831	0.05079643736617014	0.8220644593238831	767.54
hard:415105001	hard	A	A	True	True		0.8607743978500366	0.8607743978500366	0.03210111934553467	0.8607743978500366	552.03
hard:254582000	hard	A	A	True	True		0.664342999458313	0.664342999458313	0.1571003849224311	0.664342999458313	762.53
easy:192004002	easy	A	A	True	True		0.7155667543411255	0.7155667543411255	0.13364980974935597	0.7155667543411255	408.69
easy:446989009	easy	A	A	True	True		0.7990317940711975	0.7990317940711975	0.06195719003939091	0.7990317940711975	760.97
none-narrower:204985001	none-narrower	none	none	True	False		0.6286376714706421	0.6286376714706421	0.230496267482392	0.6286376714706421	522.1
easy:402723003	easy	A	A	True	True		0.5042555928230286	0.5042555928230286	0.4043313830783217	0.5042555928230286	553.17
none-narrower:265569002	none-narrower	none	B	False	False		0.5116127133369446	0.400530606508255	0.6227878930707444	0.5116127133369446	760.61
easy:65194006	easy	A	A	True	True		0.5401688814163208	0.5401688814163208	0.36544752340521436	0.5401688814163208	524.66
easy:255084004	easy	A	A	True	True		0.38565298914909363	0.38565298914909363	0.4951685540332563	0.38565298914909363	761.69
none-narrower:276873004	none-narrower	none	B	False	False		0.8375273942947388	0.11818245053291321	1.47953945302101	0.8375273942947388	760.31
hard:92059004	hard	A	A	True	True		0.7598559260368347	0.7598559260368347	0.09430522646631008	0.7598559260368347	551.16
hard:237083000	hard	A	A	True	True		0.6118177771568298	0.6118177771568298	0.218361681687107	0.6118177771568298	549.25
none-narrower:54116000	none-narrower	none	A	False	False		0.5273371934890747	0.4128405749797821	0.6240556113756346	0.5273371934890747	761.67
retrieval-miss:105706003	retrieval-miss	none	none	True	False		0.6902773976325989	0.6902773976325989	0.14527190862684877	0.6902773976325989	522.87
easy:695751021000132104	easy	A	A	True	True		0.8650656342506409	0.8650656342506409	0.030961154159230068	0.8650656342506409	760.9
easy:28244003	easy	A	A	True	True		0.7679814696311951	0.7679814696311951	0.08578599540582876	0.7679814696311951	407.4
hard:121951000119101	hard	A	A	True	True		0.5410552620887756	0.5410552620887756	0.31976308388908226	0.5410552620887756	521.68
none-narrower:771013004	none-narrower	none	A	False	False		0.7973337173461914	0.16918839514255524	1.3262902623445916	0.7973337173461914	766.5
none-narrower:387681000	none-narrower	none	none	True	False		0.7073560357093811	0.7073560357093811	0.11521958197249309	0.7073560357093811	524.85
easy:277617004	easy	A	A	True	True		0.4772154688835144	0.4772154688835144	0.4017436851621921	0.4772154688835144	763.1
hard:722378009	hard	A	A	True	True		0.8779171109199524	0.8779171109199524	0.02443722589954235	0.8779171109199524	763.48
hard:61253004	hard	A	A	True	True		0.57377690076828	0.57377690076828	0.32761626508196495	0.57377690076828	521.87
retrieval-miss:238694002	retrieval-miss	none	A	False	False		0.819608211517334	0.16028818488121033	1.3769715267136389	0.819608211517334	760.93
easy:200722003	easy	A	A	True	True		0.8814384341239929	0.8814384341239929	0.02362245571348554	0.8814384341239929	534.3
hard:231931001	hard	A	A	True	True		0.47775208950042725	0.47775208950042725	0.4685475914317483	0.47775208950042725	766.37
none-narrower:402126004	none-narrower	none	none	True	False		0.5292555689811707	0.5292555689811707	0.3289586258677137	0.5292555689811707	656.63
none-narrower:359711001	none-narrower	none	A	False	False		0.809573769569397	0.14592038094997406	1.385240438917538	0.809573769569397	763.45
easy:194119004	easy	C	C	True	False		0.627432107925415	0.627432107925415	0.2185731308449597	0.627432107925415	521.64
hard:41659003	hard	C	C	True	False		0.37969157099723816	0.37969157099723816	0.5751518099347034	0.37969157099723816	761.52
hard:14921002	hard	D	none	False	False		0.39411553740501404	0.2415527105331421	0.7824110766225076	0.39411553740501404	761.57
retrieval-miss:69488000	retrieval-miss	none	none	True	False		0.6705822944641113	0.6705822944641113	0.13158555044129178	0.6705822944641113	551.51
none-narrower:385006	none-narrower	none	F	False	False		0.4662650525569916	0.42973193526268005	0.5453467864278205	0.4662650525569916	521.88
none-narrower:186861006	none-narrower	none	none	True	False		0.5865476131439209	0.5865476131439209	0.2327495700853291	0.5865476131439209	550.83
easy:403889000	easy	A	A	True	True		0.7221986651420593	0.7221986651420593	0.11711397439550651	0.7221986651420593	760.2
retrieval-miss:78305006	retrieval-miss	none	none	True	False		0.587409257888794	0.587409257888794	0.2665716630744643	0.587409257888794	761.57
easy:77098009	easy	A	A	True	True		0.5563303232192993	0.5563303232192993	0.2991668702705429	0.5563303232192993	759.22
hard:12546009	hard	B	B	True	False		0.6789281368255615	0.6789281368255615	0.14510311407982146	0.6789281368255615	762.93
none-narrower:1177005009	none-narrower	none	F	False	False		0.48690760135650635	0.3811895251274109	0.6265648292617738	0.48690760135650635	521.22
easy:37925008	easy	A	A	True	True		0.7930787205696106	0.7930787205696106	0.06471222556742218	0.7930787205696106	523.06
easy:36517007	easy	A	A	True	True		0.7838038802146912	0.7838038802146912	0.07152370428427204	0.7838038802146912	523.31
easy:34742003	easy	A	A	True	True		0.7085206508636475	0.7085206508636475	0.12959398220424115	0.7085206508636475	370.16
easy:763833006	easy	A	A	True	True		0.9273114800453186	0.9273114800453186	0.008204701642400811	0.9273114800453186	1050.97
hard:613003	hard	A	A	True	True		0.8595631122589111	0.8595631122589111	0.032392681504443646	0.8595631122589111	520.96
hard:716108004	hard	A	A	True	True		0.9316396117210388	0.9316396117210388	0.007594828768195496	0.9316396117210388	764.95
easy:92272009	easy	A	E	False	True		0.40644848346710205	0.17974328994750977	0.9787832334477488	0.40644848346710205	760.0
easy:238612002	easy	A	A	True	True		0.7622963786125183	0.7622963786125183	0.08857601057203002	0.7622963786125183	761.24
hard:15033003	hard	A	A	True	True		0.9248061776161194	0.9248061776161194	0.009050860184803233	0.9248061776161194	520.96
easy:718174008	easy	A	A	True	True		0.7126905918121338	0.7126905918121338	0.12177089409567061	0.7126905918121338	760.61
hard:193093009	hard	A	A	True	True		0.8232758641242981	0.8232758641242981	0.050246079561311066	0.8232758641242981	523.29
easy:92298003	easy	A	A	True	True		0.4132325053215027	0.4132325053215027	0.5253702338143338	0.4132325053215027	760.86
easy:447781009	easy	A	none	False	True		0.4062318503856659	0.22947067022323608	0.7942397982767155	0.4062318503856659	762.0
easy:267592003	easy	B	B	True	False		0.4562698006629944	0.4562698006629944	0.5071219053807445	0.4562698006629944	762.5
easy:763070001	easy	A	A	True	True		0.9218683242797852	0.9218683242797852	0.009511060066810476	0.9218683242797852	1050.34
hard:715482004	hard	A	A	True	True		0.933225154876709	0.933225154876709	0.007373495317382228	0.933225154876709	775.94
hard:39479004	hard	A	A	True	True		0.846793532371521	0.846793532371521	0.0403868010758095	0.846793532371521	768.69
retrieval-miss:277475006	retrieval-miss	none	none	True	False		0.6017869710922241	0.6017869710922241	0.21892819316156434	0.6017869710922241	760.91
hard:719404009	hard	A	A	True	True		0.8863256573677063	0.8863256573677063	0.020054133457503606	0.8863256573677063	551.44
easy:255039001	easy	A	A	True	True		0.7947448492050171	0.7947448492050171	0.07080429863160495	0.7947448492050171	763.01
none-narrower:712527004	none-narrower	none	B	False	False		0.49652716517448425	0.4576229155063629	0.5413409960165555	0.49652716517448425	524.94
hard:763211004	hard	A	A	True	True		0.8997675180435181	0.8997675180435181	0.015325648774031574	0.8997675180435181	764.38
hard:76880004	hard	A	none	False	True		0.3612467646598816	0.33294209837913513	0.6439815448370008	0.3612467646598816	523.19
easy:92109005	easy	A	A	True	True		0.7416002750396729	0.7416002750396729	0.10814044570896857	0.7416002750396729	551.49
easy:21794005	easy	A	A	True	True		0.9462711811065674	0.9462711811065674	0.00449794225202897	0.9462711811065674	551.29
easy:720976009	easy	A	A	True	True		0.956826388835907	0.956826388835907	0.0030218821765026164	0.956826388835907	1057.45
easy:274902006	easy	A	A	True	True		0.9648229479789734	0.9648229479789734	0.001960247859332489	0.9648229479789734	781.14
hard:230672006	hard	A	A	True	True		0.752004861831665	0.752004861831665	0.10392348704132359	0.752004861831665	767.95
easy:94292003	easy	A	A	True	True		0.8635991215705872	0.8635991215705872	0.029526209745862068	0.8635991215705872	760.29
hard:254609000	hard	A	A	True	True		0.5281571745872498	0.5281571745872498	0.3361608623522432	0.5281571745872498	551.33
easy:716653001	easy	A	A	True	True		0.68256676197052	0.68256676197052	0.1442226860626812	0.68256676197052	761.71
hard:231479000	hard	A	A	True	True		0.6771527528762817	0.6771527528762817	0.14754105627518443	0.6771527528762817	407.86
easy:363465007	easy	A	none	False	True		0.4746255576610565	0.371573805809021	0.632781745235874	0.4746255576610565	520.65
none-narrower:92609009	none-narrower	none	none	True	False		0.4671924114227295	0.4671924114227295	0.40268029431961083	0.4671924114227295	521.92
hard:92412003	hard	A	A	True	True		0.762329638004303	0.762329638004303	0.08395092423252329	0.762329638004303	758.35
easy:277950001	easy	A	G	False	True		0.42142966389656067	0.09702648222446442	1.1464252143041351	0.42142966389656067	763.17
retrieval-miss:444755001	retrieval-miss	none	none	True	False		0.544223427772522	0.544223427772522	0.36303617237062674	0.544223427772522	522.04
hard:126677000	hard	A	A	True	True		0.7375742793083191	0.7375742793083191	0.10960466331542949	0.7375742793083191	758.62
hard:398680004	hard	B	A	False	False		0.7906204462051392	0.020108573138713837	1.6135390955920441	0.7906204462051392	765.14
retrieval-miss:129565002	retrieval-miss	none	none	True	False		0.6230822205543518	0.6230822205543518	0.23284777491068978	0.6230822205543518	521.04
easy:266257000	easy	B	B	True	False		0.9057560563087463	0.9057560563087463	0.015069918584706375	0.9057560563087463	548.7
easy:276975007	easy	A	A	True	True		0.6674075722694397	0.6674075722694397	0.18556082888250358	0.6674075722694397	761.33
easy:715984007	easy	A	A	True	True		0.9397178888320923	0.9397178888320923	0.005793086851090785	0.9397178888320923	761.9
easy:1963002	easy	A	A	True	True		0.7888407707214355	0.7888407707214355	0.06657290476390945	0.7888407707214355	759.17
hard:363451005	hard	A	A	True	True		0.7949241399765015	0.7949241399765015	0.06344679485666965	0.7949241399765015	549.05
hard:718679004	hard	A	A	True	True		0.9468109011650085	0.9468109011650085	0.004408956829913857	0.9468109011650085	521.3
none-narrower:1351328007	none-narrower	none	A	False	False		0.7626500129699707	0.16182875633239746	1.2858647758427109	0.7626500129699707	550.1
easy:609565001	easy	A	A	True	True		0.7178592085838318	0.7178592085838318	0.1201713735547669	0.7178592085838318	549.17
easy:713577007	easy	A	A	True	True		0.4661957919597626	0.4661957919597626	0.449836575484396	0.4661957919597626	761.41
hard:402524007	hard	A	A	True	True		0.867491602897644	0.867491602897644	0.028538922305591935	0.867491602897644	522.42
hard:403986008	hard	A	A	True	True		0.7238679528236389	0.7238679528236389	0.12276952440123134	0.7238679528236389	548.83
hard:126824007	hard	A	A	True	True		0.6035695672035217	0.6035695672035217	0.27431428882142295	0.6035695672035217	551.34
hard:702368000	hard	A	A	True	True		0.8616490960121155	0.8616490960121155	0.030146838643147742	0.8616490960121155	760.75
hard:61663001	hard	A	A	True	True		0.40606194734573364	0.40606194734573364	0.5308255600707921	0.40606194734573364	760.91
easy:26597004	easy	A	A	True	True		0.6978052258491516	0.6978052258491516	0.14230119827111043	0.6978052258491516	405.76
hard:763531001	hard	A	A	True	True		0.7941262125968933	0.7941262125968933	0.07103000644761133	0.7941262125968933	760.59
none-narrower:403552007	none-narrower	none	none	True	False		0.5321561098098755	0.5321561098098755	0.2889607872466403	0.5321561098098755	760.84
easy:195021004	easy	A	none	False	True		0.523941695690155	0.4450538754463196	0.5827799327226764	0.523941695690155	759.04
easy:32117000	easy	A	A	True	True		0.6958411335945129	0.6958411335945129	0.15282689161027224	0.6958411335945129	764.19
easy:717224002	easy	A	A	True	True		0.9022535085678101	0.9022535085678101	0.014312029672563972	0.9022535085678101	764.9
hard:419503008	hard	A	A	True	True		0.6885315775871277	0.6885315775871277	0.14738524953945933	0.6885315775871277	550.27
easy:766982000	easy	A	A	True	True		0.9562163949012756	0.9562163949012756	0.0029202654451428185	0.9562163949012756	1052.07
hard:235796008	hard	A	A	True	True		0.9019209742546082	0.9019209742546082	0.0157998347132083	0.9019209742546082	524.14
none-narrower:84097002	none-narrower	none	none	True	False		0.5175232887268066	0.5175232887268066	0.33046123453465803	0.5175232887268066	550.85
easy:11442006	easy	A	none	False	True		0.5057753324508667	0.10732173174619675	1.1002467718244577	0.5057753324508667	761.71
hard:197260007	hard	C	C	True	False		0.691756010055542	0.691756010055542	0.1536771497126078	0.691756010055542	523.22
easy:765747004	easy	A	A	True	True		0.9230409264564514	0.9230409264564514	0.00790773397622834	0.9230409264564514	1053.96
easy:700057001	easy	A	A	True	True		0.9157165288925171	0.9157165288925171	0.011704674592831766	0.9157165288925171	779.79
none-narrower:1087891000119107	none-narrower	none	none	True	False		0.5670589208602905	0.5670589208602905	0.35500737788075803	0.5670589208602905	526.72
hard:25044007	hard	A	A	True	True		0.5402790904045105	0.5402790904045105	0.30956500808172327	0.5402790904045105	522.37
easy:416510003	easy	A	A	True	True		0.5316832661628723	0.5316832661628723	0.3328326222055654	0.5316832661628723	524.49
retrieval-miss:105668007	retrieval-miss	none	none	True	False		0.7234130501747131	0.7234130501747131	0.10910816990574819	0.7234130501747131	523.13
easy:274944000	easy	A	A	True	True		0.7675567865371704	0.7675567865371704	0.0860821060046595	0.7675567865371704	764.84
none-narrower:84753008	none-narrower	none	none	True	False		0.574690580368042	0.574690580368042	0.2549136995569682	0.574690580368042	522.18
none-narrower:1208841001	none-narrower	none	none	True	False		0.5521569848060608	0.5521569848060608	0.23741770722738886	0.5521569848060608	520.99
hard:19092004	hard	A	A	True	True		0.9606266617774963	0.9606266617774963	0.0024068491215020723	0.9606266617774963	764.47
easy:22240003	easy	A	A	True	True		0.6555933952331543	0.6555933952331543	0.2178162185381914	0.6555933952331543	764.36
easy:429040005	easy	B	none	False	False		0.46287021040916443	0.4266030788421631	0.5457449533023923	0.46287021040916443	521.63
hard:424114000	hard	A	A	True	True		0.9077946543693542	0.9077946543693542	0.014704427414487804	0.9077946543693542	762.79
retrieval-miss:15566009	retrieval-miss	none	none	True	False		0.9169974327087402	0.9169974327087402	0.008686953942687321	0.9169974327087402	550.78
retrieval-miss:65038009	retrieval-miss	none	none	True	False		0.483538419008255	0.483538419008255	0.4372168893378773	0.483538419008255	392.99
hard:85039006	hard	A	A	True	True		0.7209206223487854	0.7209206223487854	0.11048747085359603	0.7209206223487854	523.7
easy:763748007	easy	A	A	True	True		0.9544575214385986	0.9544575214385986	0.0034208422323495718	0.9544575214385986	764.57
retrieval-miss:39288006	retrieval-miss	none	none	True	False		0.4547044634819031	0.4547044634819031	0.4601265494003178	0.4547044634819031	526.1
none-narrower:1263575002	none-narrower	none	none	True	False		0.8789737224578857	0.8789737224578857	0.017680855854149587	0.8789737224578857	523.82
hard:18899000	hard	A	A	True	True		0.6405166387557983	0.6405166387557983	0.18574243084597825	0.6405166387557983	763.78
none-narrower:1299151005	none-narrower	none	A	False	False		0.8885131478309631	0.08337614685297012	1.629933674416121	0.8885131478309631	765.59
easy:397923000	easy	A	A	True	True		0.8131092190742493	0.8131092190742493	0.06039158121804287	0.8131092190742493	526.53
hard:126859007	hard	A	A	True	True		0.5015243291854858	0.5015243291854858	0.4314194759031362	0.5015243291854858	761.82
easy:8808004	easy	A	A	True	True		0.9335475564002991	0.9335475564002991	0.007822067192059044	0.9335475564002991	765.94
none-narrower:403856000	none-narrower	none	none	True	False		0.5538769364356995	0.5538769364356995	0.27457200616477395	0.5538769364356995	554.28
easy:724171006	easy	A	A	True	True		0.7750402688980103	0.7750402688980103	0.08296900246898253	0.7750402688980103	551.66
hard:50390006	hard	A	A	True	True		0.7986263036727905	0.7986263036727905	0.06951333493550327	0.7986263036727905	523.04
easy:70410008	easy	A	A	True	True		0.9352672100067139	0.9352672100067139	0.006337285737102494	0.9352672100067139	764.33
easy:8634009	easy	A	A	True	True		0.8458408713340759	0.8458408713340759	0.04064951859021152	0.8458408713340759	551.96
hard:237770005	hard	A	A	True	True		0.9453335404396057	0.9453335404396057	0.004385222783068826	0.9453335404396057	767.18
hard:79830009	hard	A	A	True	True		0.8564172387123108	0.8564172387123108	0.033233289513488126	0.8564172387123108	407.41
none-narrower:783182004	none-narrower	none	G	False	False		0.38023895025253296	0.3504458963871002	0.5961571042984357	0.38023895025253296	764.22
easy:51239001	easy	A	A	True	True		0.7882328629493713	0.7882328629493713	0.07348241712940701	0.7882328629493713	525.52
none-narrower:236711008	none-narrower	none	none	True	False		0.511478841304779	0.511478841304779	0.380672048506666	0.511478841304779	524.23
hard:58349009	hard	A	A	True	True		0.6722095012664795	0.6722095012664795	0.1593248952527926	0.6722095012664795	764.8
easy:68241007	easy	B	B	True	False		0.8500419855117798	0.8500419855117798	0.03503080239442817	0.8500419855117798	525.23
easy:767713001	easy	A	B	False	True		0.3991488814353943	0.14993815124034882	1.0042878368590145	0.3991488814353943	525.3
hard:404078000	hard	A	A	True	True		0.8804579377174377	0.8804579377174377	0.02143138589761165	0.8804579377174377	553.58
hard:770406002	hard	A	A	True	True		0.7880186438560486	0.7880186438560486	0.06071207505737562	0.7880186438560486	766.98
none-narrower:237819006	none-narrower	none	H	False	False		0.6198749542236328	0.25264811515808105	0.9498033966420054	0.6198749542236328	767.74
none-narrower:77746001	none-narrower	none	H	False	False		0.7323916554450989	0.18295477330684662	1.205681144376436	0.7323916554450989	768.21
hard:80690008	hard	B	B	True	False		0.4861952066421509	0.4861952066421509	0.4389368594363783	0.4861952066421509	552.71
none-narrower:10701000087104	none-narrower	none	none	True	False		0.5969147086143494	0.5969147086143494	0.2966765563051454	0.5969147086143494	525.22
