item_id	tier	truth	pred	hit	lex_hit	ambiguous	p_top	p_truth	brier	confidence	latency_ms
hard:238898001	hard	H	H	True	True	False	0.8909133076667786	0.8909133076667786	0.01717057282988255	0.8909133076667786	780.01
hard:191201002	hard	F	F	True	True	False	0.7294270396232605	0.7294270396232605	0.11986041547476288	0.7294270396232605	781.24
hard:722006004	hard	A	A	True	True	False	0.8363370895385742	0.8363370895385742	0.043538733154833135	0.8363370895385742	777.39
hard:76642003	hard	F	H	False	True	True	0.6159734129905701	0.12046385556459427	1.1930321818245526	0.6159734129905701	559.49
gold-removed:402815007	gold-removed	none	none	True	False		0.8035296201705933	0.8035296201705933	0.04577571768681286	0.8035296201705933	768.12
easy:403980002	easy	E	E	True	True	False	0.620056688785553	0.620056688785553	0.23415828891878243	0.620056688785553	765.92
gold-removed:373420004	gold-removed	none	none	True	False		0.9541116952896118	0.9541116952896118	0.0026009908210444417	0.9541116952896118	766.7
easy:718610008	easy	G	G	True	True	False	0.7217455506324768	0.7217455506324768	0.10451523896729233	0.7217455506324768	801.56
hard:766759009	hard	F	F	True	False	True	0.4368063807487488	0.4368063807487488	0.4537696546740194	0.4368063807487488	765.43
easy:80281008	easy	G	G	True	True	False	0.8470370769500732	0.8470370769500732	0.03243620784625706	0.8470370769500732	551.64
easy:42601008	easy	H	H	True	True	True	0.4962663948535919	0.4962663948535919	0.4329619241686302	0.4962663948535919	551.68
retrieval-miss:238836000	retrieval-miss	none	none	True	False	True	0.7024042010307312	0.7024042010307312	0.12739579096850595	0.7024042010307312	765.83
easy:55647004	easy	F	F	True	False	True	0.555980384349823	0.555980384349823	0.2753960305023374	0.555980384349823	525.81
hard:124138004	hard	E	E	True	True	False	0.8399322032928467	0.8399322032928467	0.038354117503475865	0.8399322032928467	799.7
retrieval-miss:66379009	retrieval-miss	none	B	False	False	True	0.8128951191902161	0.15897533297538757	1.3682606358638463	0.8128951191902161	553.71
hard:373168002	hard	A	A	True	True	False	0.8024948835372925	0.8024948835372925	0.06816113983810637	0.8024948835372925	765.88
none-narrower:846579005	none-narrower	none	none	True	False		0.6461878418922424	0.6461878418922424	0.15720765136736925	0.6461878418922424	555.44
retrieval-miss:95637005	retrieval-miss	none	none	True	False	True	0.5594335198402405	0.5594335198402405	0.35735768945791796	0.5594335198402405	767.18
gold-removed:702440000	gold-removed	none	none	True	False		0.9143000841140747	0.9143000841140747	0.009209562235255344	0.9143000841140747	802.75
gold-removed:71253000	gold-removed	none	none	True	False		0.5080158710479736	0.5080158710479736	0.29800572639274236	0.5080158710479736	526.11
hard:609221008	hard	A	E	False	False	True	0.5708028674125671	0.1678639054298401	1.0425113713428837	0.5708028674125671	763.9
gold-removed:719689005	gold-removed	none	none	True	False		0.5102543234825134	0.5102543234825134	0.34708196689903603	0.5102543234825134	1055.47
hard:702377007	hard	C	C	True	True	False	0.7995523810386658	0.7995523810386658	0.06506383569905366	0.7995523810386658	527.56
hard:721845005	hard	A	A	True	True	False	0.8177170157432556	0.8177170157432556	0.0520683738360881	0.8177170157432556	768.16
easy:128105004	easy	F	F	True	True	False	0.5448894500732422	0.5448894500732422	0.3039356099682837	0.5448894500732422	769.48
hard:231472009	hard	E	E	True	True	False	0.8101639747619629	0.8101639747619629	0.05493847993176392	0.8101639747619629	410.15
none-narrower:95795006	none-narrower	none	E	False	False		0.4569298028945923	0.4569298028945923	0.5049128328782299	0.4569298028945923	368.99
easy:254918001	easy	C	C	True	True	False	0.5391407012939453	0.5391407012939453	0.3908399305483541	0.5391407012939453	553.43
none-narrower:91951001	none-narrower	none	H	False	False		0.4722490906715393	0.4722490906715393	0.5022489817828146	0.4722490906715393	525.85
none-narrower:307680001	none-narrower	none	none	True	False		0.598482608795166	0.598482608795166	0.20249842288720277	0.598482608795166	526.14
gold-removed:38494008	gold-removed	none	none	True	False		0.7127383947372437	0.7127383947372437	0.10066017381590207	0.7127383947372437	764.23
easy:128200000	easy	A	A	True	True	True	0.40358617901802063	0.40358617901802063	0.5254196496113822	0.40358617901802063	767.13
none-narrower:370484007	none-narrower	none	D	False	False		0.4096773862838745	0.4096773862838745	0.5297437457844014	0.4096773862838745	527.36
easy:761958009	easy	C	C	True	True	False	0.7744643688201904	0.7744643688201904	0.08852414886892956	0.7744643688201904	763.84
easy:127004000	easy	F	none	False	False	True	0.7695218324661255	0.008655291981995106	1.5955866255301716	0.7695218324661255	528.08
none-narrower:1209168005	none-narrower	none	none	True	False		0.6006011962890625	0.6006011962890625	0.25988889070762333	0.6006011962890625	528.03
hard:253000007	hard	B	B	True	True	True	0.7120813131332397	0.7120813131332397	0.13534313802815906	0.7120813131332397	768.2
retrieval-miss:234961008	retrieval-miss	none	none	True	False	True	0.40556660294532776	0.40556660294532776	0.510563788711645	0.40556660294532776	556.34
none-narrower:34485008	none-narrower	none	none	True	False		0.5655312538146973	0.5655312538146973	0.22769036767727957	0.5655312538146973	765.18
hard:403986008	hard	G	G	True	True	False	0.6915645003318787	0.6915645003318787	0.13657301068246708	0.6915645003318787	554.35
none-narrower:1177179002	none-narrower	none	A	False	False		0.9235737323760986	0.05311744287610054	1.7496679088385845	0.9235737323760986	784.0
none-narrower:1222677008	none-narrower	none	C	False	False		0.5079035758972168	0.1907910704612732	0.9830894044943245	0.5079035758972168	775.85
hard:95268002	hard	B	B	True	True	True	0.8956602811813354	0.8956602811813354	0.015268366221786	0.8956602811813354	557.48
none-narrower:1306747001	none-narrower	none	B	False	False		0.9422287344932556	0.04242449998855591	1.804793389598696	0.9422287344932556	772.21
easy:702359002	easy	A	A	True	True	True	0.8339060544967651	0.8339060544967651	0.04414624296709384	0.8339060544967651	762.91
hard:715817007	hard	A	A	True	True	False	0.7520236372947693	0.7520236372947693	0.08897909658051127	0.7520236372947693	765.74
none-narrower:198336007	none-narrower	none	none	True	False		0.7912818193435669	0.7912818193435669	0.05850040244934204	0.7912818193435669	551.79
hard:254916002	hard	C	none	False	False	True	0.705791711807251	0.07186035066843033	1.3728755259768906	0.705791711807251	766.48
easy:237249000	easy	G	G	True	True	False	0.8282586932182312	0.8282586932182312	0.04365233567501574	0.8282586932182312	762.72
retrieval-miss:19968009	retrieval-miss	none	none	True	False	True	0.6765733957290649	0.6765733957290649	0.1443990161844394	0.6765733957290649	408.24
gold-removed:48245008	gold-removed	none	none	True	False		0.697079062461853	0.697079062461853	0.12634309273024283	0.697079062461853	522.49
hard:458422009	hard	B	B	True	True	False	0.49690577387809753	0.49690577387809753	0.36853747392378516	0.49690577387809753	525.81
easy:21848000	easy	C	C	True	True	False	0.8352478742599487	0.8352478742599487	0.03951194631097624	0.8352478742599487	525.29
retrieval-miss:73856006	retrieval-miss	none	E	False	False	True	0.725185215473175	0.18115457892417908	1.1988185889176708	0.725185215473175	776.44
hard:724015007	hard	H	H	True	True	False	0.9285074472427368	0.9285074472427368	0.0066574349030295845	0.9285074472427368	534.12
none-narrower:733598001	none-narrower	none	H	False	False		0.7152226567268372	0.1289142221212387	1.2872209571015234	0.7152226567268372	1055.3
hard:449730005	hard	H	H	True	True	False	0.8834896683692932	0.8834896683692932	0.020662252677459456	0.8834896683692932	762.73
hard:88037009	hard	D	D	True	True	False	0.40530285239219666	0.40530285239219666	0.4866770381996517	0.40530285239219666	526.65
gold-removed:44917000	gold-removed	none	none	True	False		0.9042859077453613	0.9042859077453613	0.014504841955565527	0.9042859077453613	552.39
none-narrower:688931000119106	none-narrower	none	H	False	False		0.6568969488143921	0.20960576832294464	1.0653733534291143	0.6568969488143921	764.75
hard:87074006	hard	C	C	True	True	False	0.717766523361206	0.717766523361206	0.12018184725107627	0.717766523361206	581.65
retrieval-miss:105668007	retrieval-miss	none	none	True	False	True	0.6098313927650452	0.6098313927650452	0.2555614644264946	0.6098313927650452	525.04
easy:277571004	easy	C	C	True	True	True	0.5059223175048828	0.5059223175048828	0.3637694439136389	0.5059223175048828	764.86
hard:239144007	hard	G	G	True	False	True	0.9442151784896851	0.9442151784896851	0.004480538200774403	0.9442151784896851	767.21
easy:10301003	easy	C	C	True	True	False	0.8983127474784851	0.8983127474784851	0.01571691749965158	0.8983127474784851	763.45
retrieval-miss:400022009	retrieval-miss	none	H	False	False	True	0.4741382896900177	0.2905985116958618	0.7522102502881265	0.4741382896900177	763.79
easy:406506008	easy	B	G	False	False	True	0.756443440914154	0.024575119838118553	1.5430479833890842	0.756443440914154	525.66
none-narrower:196853004	none-narrower	none	none	True	False		0.42490676045417786	0.42490676045417786	0.5006675412436168	0.42490676045417786	522.83
none-narrower:1197308005	none-narrower	none	D	False	False		0.4845694303512573	0.44660210609436035	0.5424286151968714	0.4845694303512573	764.35
retrieval-miss:7231009	retrieval-miss	none	none	True	False	True	0.5894880294799805	0.5894880294799805	0.28113264314169556	0.5894880294799805	524.79
hard:238772004	hard	D	D	True	True	False	0.8930391669273376	0.8930391669273376	0.01856289619589287	0.8930391669273376	554.97
hard:241774007	hard	D	D	True	True	False	0.9240723848342896	0.9240723848342896	0.009145596408770214	0.9240723848342896	767.42
easy:60750009	easy	A	A	True	False	True	0.7424299716949463	0.7424299716949463	0.09741878776074712	0.7424299716949463	526.68
none-narrower:700289000	none-narrower	none	A	False	False		0.595914363861084	0.3366177976131439	0.7968968452648719	0.595914363861084	523.8
none-narrower:20833001	none-narrower	none	H	False	False		0.5532753467559814	0.22550374269485474	0.9375966905723685	0.5532753467559814	553.36
hard:254693008	hard	E	E	True	True	False	0.8996278047561646	0.8996278047561646	0.014776771789996463	0.8996278047561646	526.06
gold-removed:22607003	gold-removed	none	none	True	False		0.8641349077224731	0.8641349077224731	0.02791159045637796	0.8641349077224731	368.57
easy:111227009	easy	F	none	False	False	True	0.595985472202301	0.31027960777282715	0.8333471363135571	0.595985472202301	551.59
hard:699256006	hard	A	B	False	False	True	0.5371918082237244	0.18598204851150513	0.9799513435427372	0.5371918082237244	763.36
none-narrower:89764009	none-narrower	none	none	True	False		0.5937427878379822	0.5937427878379822	0.26408938354022377	0.5937427878379822	526.03
hard:93827000	hard	H	H	True	True	True	0.7037065625190735	0.7037065625190735	0.1224477045007389	0.7037065625190735	553.4
none-narrower:448372003	none-narrower	none	D	False	False		0.9104927182197571	0.061647187918424606	1.7096779011266583	0.9104927182197571	762.81
easy:733096007	easy	A	A	True	True	False	0.8589162230491638	0.8589162230491638	0.03469064920881468	0.8589162230491638	766.06
easy:254099008	easy	B	B	True	True	False	0.7781110405921936	0.7781110405921936	0.0688725445643244	0.7781110405921936	765.98
hard:763375003	hard	E	E	True	True	False	0.9776378870010376	0.9776378870010376	0.000779318053470672	0.9776378870010376	800.83
gold-removed:238719003	gold-removed	none	none	True	False		0.5423595905303955	0.5423595905303955	0.31316282094937753	0.5423595905303955	553.55
easy:238049009	easy	F	none	False	True	False	0.6456425786018372	0.14864741265773773	1.1518508624923787	0.6456425786018372	1055.26
easy:439143004	easy	B	B	True	True	True	0.5209783315658569	0.5209783315658569	0.30166683012886786	0.5209783315658569	782.66
hard:722004001	hard	E	E	True	True	True	0.9330063462257385	0.9330063462257385	0.00740328472362046	0.9330063462257385	777.07
retrieval-miss:58112007	retrieval-miss	none	H	False	False	True	0.6401985287666321	0.24048689007759094	0.9927823049469908	0.6401985287666321	770.06
easy:765190005	easy	D	D	True	False	True	0.8398846983909607	0.8398846983909607	0.04013651290815644	0.8398846983909607	763.12
retrieval-miss:34000006	retrieval-miss	none	H	False	False	True	0.8256841897964478	0.12641632556915283	1.4453821211625955	0.8256841897964478	525.08
hard:28783002	hard	B	B	True	False	True	0.6012541055679321	0.6012541055679321	0.25910767308817895	0.6012541055679321	523.59
hard:711482008	hard	D	D	True	True	True	0.6322069764137268	0.6322069764137268	0.2282220175958972	0.6322069764137268	763.82
easy:92021007	easy	F	F	True	True	True	0.6931787133216858	0.6931787133216858	0.14558574876540803	0.6931787133216858	762.13
gold-removed:239066003	gold-removed	none	none	True	False		0.6723752021789551	0.6723752021789551	0.12921712503888858	0.6723752021789551	801.02
retrieval-miss:720830009	retrieval-miss	none	E	False	False	True	0.5518877506256104	0.10793084651231766	1.197725509954182	0.5518877506256104	765.62
easy:203468000	easy	E	E	True	True	False	0.9648765921592712	0.9648765921592712	0.0018553308273772762	0.9648765921592712	764.88
none-narrower:340671000119102	none-narrower	none	G	False	False		0.8149943947792053	0.12477966398000717	1.4312367700893374	0.8149943947792053	762.83
easy:95656000	easy	G	none	False	True	True	0.45257100462913513	0.30096107721328735	0.7284499287535321	0.45257100462913513	553.15
none-narrower:723610009	none-narrower	none	F	False	False		0.9508728384971619	0.03089166060090065	1.8434036728999441	0.9508728384971619	763.33
hard:707427000	hard	B	B	True	True	False	0.7246926426887512	0.7246926426887512	0.1107231528308668	0.7246926426887512	765.19
hard:41720003	hard	F	F	True	True	False	0.8177411556243896	0.8177411556243896	0.04962967351129838	0.8177411556243896	393.57
retrieval-miss:44086001	retrieval-miss	none	none	True	False	True	0.790036678314209	0.790036678314209	0.06011553923343651	0.790036678314209	765.11
easy:58258004	easy	H	H	True	True	True	0.8159022927284241	0.8159022927284241	0.04635361404232116	0.8159022927284241	767.83
retrieval-miss:45894003	retrieval-miss	none	none	True	False	True	0.8517596125602722	0.8517596125602722	0.02753704430307278	0.8517596125602722	711.57
hard:720987001	hard	E	E	True	True	False	0.9200639724731445	0.9200639724731445	0.010335670817838191	0.9200639724731445	765.11
hard:23414001	hard	F	none	False	False	True	0.47010815143585205	0.39932581782341003	0.5858716490179745	0.47010815143585205	579.9
hard:12546009	hard	A	F	False	False	True	0.7229974269866943	0.10202118009328842	1.3527243659956818	0.7229974269866943	764.33
none-narrower:1142319002	none-narrower	none	none	True	False		0.510859489440918	0.510859489440918	0.38525429648571263	0.510859489440918	552.29
easy:77252004	easy	H	H	True	True	False	0.9132030010223389	0.9132030010223389	0.010217014947569472	0.9132030010223389	524.22
hard:254146000	hard	G	B	False	False	True	0.738111138343811	0.028230056166648865	1.52376105763622	0.738111138343811	765.87
easy:193683001	easy	F	none	False	True	False	0.5651993751525879	0.34640970826148987	0.7481087675044635	0.5651993751525879	777.56
retrieval-miss:715369006	retrieval-miss	none	none	True	False	True	0.5951671004295349	0.5951671004295349	0.20518525462799175	0.5951671004295349	774.35
easy:733521003	easy	D	D	True	True	False	0.9501556754112244	0.9501556754112244	0.003843594606338126	0.9501556754112244	1055.6
hard:723444009	hard	D	D	True	True	True	0.831826388835907	0.831826388835907	0.038609827707987515	0.831826388835907	769.16
retrieval-miss:187741001	retrieval-miss	none	F	False	False	True	0.5289518237113953	0.32419365644454956	0.7422132339623069	0.5289518237113953	554.08
easy:715727009	easy	G	G	True	True	False	0.9680407047271729	0.9680407047271729	0.0014798872548232394	0.9680407047271729	767.84
easy:724349009	easy	F	F	True	True	False	0.9439818859100342	0.9439818859100342	0.004973343079523712	0.9439818859100342	765.95
hard:68528007	hard	E	none	False	False	True	0.4633078873157501	0.040069330483675	1.236941376801285	0.4633078873157501	766.62
retrieval-miss:265377002	retrieval-miss	none	none	True	False	True	0.7153102159500122	0.7153102159500122	0.10281309772911593	0.7153102159500122	526.72
none-narrower:770728003	none-narrower	none	A	False	False		0.8976329565048218	0.08423177152872086	1.644438667022827	0.8976329565048218	765.17
hard:43647007	hard	E	E	True	False	True	0.8764180541038513	0.8764180541038513	0.023539643051036813	0.8764180541038513	763.11
easy:763867001	easy	E	E	True	True	False	0.9320739507675171	0.9320739507675171	0.00752597007637073	0.9320739507675171	801.58
hard:93255008	hard	H	H	True	True	True	0.7822330594062805	0.7822330594062805	0.06407126182804113	0.7822330594062805	763.33
gold-removed:725286002	gold-removed	none	none	True	False		0.6747056245803833	0.6747056245803833	0.18191904972241318	0.6747056245803833	1057.72
none-narrower:406571004	none-narrower	none	none	True	False		0.6005004644393921	0.6005004644393921	0.22290658214794315	0.6005004644393921	526.59
retrieval-miss:445918001	retrieval-miss	none	none	True	False	True	0.8616157174110413	0.8616157174110413	0.022052077868977144	0.8616157174110413	525.87
none-narrower:241897004	none-narrower	none	none	True	False		0.6286001205444336	0.6286001205444336	0.1856705177460477	0.6286001205444336	765.33
none-narrower:197819009	none-narrower	none	none	True	False		0.8811588287353516	0.8811588287353516	0.018935550820945883	0.8811588287353516	527.04
gold-removed:764958008	gold-removed	none	H	False	False		0.43225792050361633	0.3983893394470215	0.558568090190364	0.43225792050361633	1054.93
easy:186807008	easy	H	H	True	True	False	0.7957981824874878	0.7957981824874878	0.056589852901522394	0.7957981824874878	781.65
easy:56625005	easy	F	F	True	True	True	0.950578510761261	0.950578510761261	0.0034639178676018428	0.950578510761261	533.14
hard:254124008	hard	F	F	True	True	False	0.7137759327888489	0.7137759327888489	0.1275569957666839	0.7137759327888489	422.23
gold-removed:410052008	gold-removed	none	none	True	False		0.9433449506759644	0.9433449506759644	0.0037959308051405427	0.9433449506759644	769.45
hard:719455002	hard	E	E	True	True	False	0.9143131971359253	0.9143131971359253	0.010057943125030108	0.9143131971359253	762.86
hard:37373007	hard	H	H	True	True	False	0.8877866268157959	0.8877866268157959	0.019714177110312113	0.8877866268157959	525.02
easy:92464009	easy	A	A	True	True	False	0.8438682556152344	0.8438682556152344	0.04119584300681916	0.8438682556152344	551.99
easy:712750007	easy	E	E	True	False	True	0.5475930571556091	0.5475930571556091	0.3208748164405161	0.5475930571556091	526.59
gold-removed:271532008	gold-removed	none	none	True	False		0.8018897771835327	0.8018897771835327	0.05586184565749669	0.8018897771835327	525.55
none-narrower:1156772007	none-narrower	none	E	False	False		0.5473405122756958	0.3354640305042267	0.7474695418531838	0.5473405122756958	408.32
gold-removed:193177003	gold-removed	none	none	True	False		0.8174495697021484	0.8174495697021484	0.042246673237857184	0.8174495697021484	525.3
hard:719972004	hard	H	H	True	True	False	0.9543909430503845	0.9543909430503845	0.002954724265391733	0.9543909430503845	766.07
hard:239065004	hard	C	C	True	False	True	0.34613943099975586	0.34613943099975586	0.5755302418524928	0.34613943099975586	768.41
hard:720816004	hard	H	H	True	False	True	0.9531022906303406	0.9531022906303406	0.0030767108784709196	0.9531022906303406	764.34
gold-removed:68216000	gold-removed	none	none	True	False		0.8582025170326233	0.8582025170326233	0.024808175803664664	0.8582025170326233	762.33
easy:111323005	easy	G	G	True	True	False	0.8928868174552917	0.8928868174552917	0.016801645844644216	0.8928868174552917	767.96
easy:363428005	easy	G	G	True	True	True	0.7834494113922119	0.7834494113922119	0.06796210135156391	0.7834494113922119	763.17
easy:733599009	easy	B	B	True	False	True	0.9604029655456543	0.9604029655456543	0.0024200127934448233	0.9604029655456543	1057.78
easy:360525006	easy	D	D	True	True	True	0.6807776689529419	0.6807776689529419	0.15979291685468766	0.6807776689529419	777.79
easy:126865007	easy	H	H	True	True	False	0.6556967496871948	0.6556967496871948	0.17299444190138355	0.6556967496871948	769.98
easy:50749006	easy	B	B	True	True	False	0.9504201412200928	0.9504201412200928	0.003813373235683624	0.9504201412200928	770.62
easy:13468005	easy	G	G	True	True	False	0.8485854268074036	0.8485854268074036	0.037437621850091	0.8485854268074036	526.96
gold-removed:724274009	gold-removed	none	B	False	False		0.8871438503265381	0.09800360351800919	1.6006695092152672	0.8871438503265381	771.45
none-narrower:1269177007	none-narrower	none	C	False	False		0.9314101934432983	0.04937102645635605	1.7712838769317512	0.9314101934432983	764.73
hard:715735007	hard	B	B	True	True	False	0.9420713186264038	0.9420713186264038	0.005196872698609967	0.9420713186264038	765.04
hard:720812002	hard	B	B	True	False	True	0.9133349657058716	0.9133349657058716	0.01145611965438137	0.9133349657058716	765.58
none-narrower:1258980000	none-narrower	none	none	True	False		0.46894755959510803	0.46894755959510803	0.47288879689879215	0.46894755959510803	525.26
hard:38528001	hard	H	H	True	True	False	0.9547973275184631	0.9547973275184631	0.0030442089211729553	0.9547973275184631	552.71
easy:237941007	easy	F	F	True	True	False	0.9553025364875793	0.9553025364875793	0.003152502568400579	0.9553025364875793	769.43
hard:15084002	hard	B	B	True	True	False	0.8504665493965149	0.8504665493965149	0.03187953621627108	0.8504665493965149	766.23
easy:6118003	easy	F	F	True	True	False	0.9366143941879272	0.9366143941879272	0.005881549235013703	0.9366143941879272	552.43
none-narrower:240775001	none-narrower	none	none	True	False		0.5457163453102112	0.5457163453102112	0.27223311082326884	0.5457163453102112	526.99
hard:231996009	hard	H	H	True	True	False	0.8044105768203735	0.8044105768203735	0.05485833969736804	0.8044105768203735	525.34
easy:255037004	easy	G	G	True	True	False	0.9185939431190491	0.9185939431190491	0.008864171827552197	0.9185939431190491	766.11
retrieval-miss:111865007	retrieval-miss	none	none	True	False	True	0.6058225631713867	0.6058225631713867	0.19469074391262742	0.6058225631713867	524.64
none-narrower:722692009	none-narrower	none	none	True	False		0.6335184574127197	0.6335184574127197	0.1763070268202906	0.6335184574127197	527.82
easy:42399005	easy	E	E	True	True	False	0.4398695230484009	0.4398695230484009	0.4866332321082462	0.4398695230484009	525.86
retrieval-miss:86422009	retrieval-miss	none	C	False	False	True	0.6535470485687256	0.31358787417411804	0.8985068733605734	0.6535470485687256	764.2
retrieval-miss:249491000119100	retrieval-miss	none	none	True	False	True	0.4917341470718384	0.4917341470718384	0.4346981282418126	0.4917341470718384	372.34
hard:404014008	hard	F	F	True	True	True	0.7427011132240295	0.7427011132240295	0.09737340995522821	0.7427011132240295	763.02
easy:83586000	easy	A	A	True	False	True	0.8349921703338623	0.8349921703338623	0.04659352202629542	0.8349921703338623	763.65
none-narrower:200968006	none-narrower	none	A	False	False		0.4797588288784027	0.4797588288784027	0.5011342849289746	0.4797588288784027	525.4
none-narrower:699700006	none-narrower	none	E	False	False		0.8226892948150635	0.09860964864492416	1.4909371882364908	0.8226892948150635	555.65
hard:78494001	hard	A	A	True	True	False	0.6778849363327026	0.6778849363327026	0.16049719193534645	0.6778849363327026	526.55
hard:716648006	hard	D	D	True	True	True	0.8072566986083984	0.8072566986083984	0.05592998923243996	0.8072566986083984	765.99
gold-removed:127027008	gold-removed	none	none	True	False		0.794547438621521	0.794547438621521	0.05724604962986769	0.794547438621521	763.63
hard:111806005	hard	D	D	True	True	True	0.8706216216087341	0.8706216216087341	0.023868007392005907	0.8706216216087341	528.31
retrieval-miss:69015003	retrieval-miss	none	none	True	False	True	0.5236776471138	0.5236776471138	0.3430977176818078	0.5236776471138	526.58
hard:441574008	hard	B	none	False	True	False	0.5475964546203613	0.18958424031734467	0.9804719871634306	0.5475964546203613	526.4
gold-removed:400006008	gold-removed	none	none	True	False		0.5466808676719666	0.5466808676719666	0.3064615848643212	0.5466808676719666	553.5
easy:371486001	easy	D	none	False	False	True	0.5385036468505859	0.05482782423496246	1.248336087097457	0.5385036468505859	553.47
none-narrower:271700006	none-narrower	none	none	True	False		0.5459598302841187	0.5459598302841187	0.2932104278256136	0.5459598302841187	767.74
hard:277508009	hard	E	E	True	True	True	0.5956845283508301	0.5956845283508301	0.237617686224442	0.5956845283508301	556.33
easy:187059008	easy	F	F	True	False	True	0.7971435189247131	0.7971435189247131	0.06602060064315704	0.7971435189247131	526.19
retrieval-miss:763616002	retrieval-miss	none	none	True	False	True	0.9176573753356934	0.9176573753356934	0.009743689713416872	0.9176573753356934	770.34
hard:205306000	hard	G	G	True	False	True	0.44766145944595337	0.44766145944595337	0.44019872463131077	0.44766145944595337	410.16
gold-removed:48241004	gold-removed	none	none	True	False		0.4945310652256012	0.4945310652256012	0.39429660570521363	0.4945310652256012	525.82
gold-removed:707379000	gold-removed	none	none	True	False		0.8243852257728577	0.8243852257728577	0.03773152884886298	0.8243852257728577	767.03
easy:192976002	easy	G	G	True	True	False	0.6099333763122559	0.6099333763122559	0.21694051411376988	0.6099333763122559	764.79
gold-removed:15250008	gold-removed	none	none	True	False		0.8142698407173157	0.8142698407173157	0.04312337573258505	0.8142698407173157	527.68
none-narrower:1167373005	none-narrower	none	B	False	False		0.8660967946052551	0.10381238907575607	1.5534417065477297	0.8660967946052551	527.96
none-narrower:16320831000119100	none-narrower	none	G	False	False		0.8026299476623535	0.13333363831043243	1.3963500910118387	0.8026299476623535	554.04
hard:371965009	hard	B	B	True	True	True	0.3975610136985779	0.3975610136985779	0.5119416382389698	0.3975610136985779	553.62
retrieval-miss:82077006	retrieval-miss	none	C	False	False	True	0.7099992632865906	0.2087993323802948	1.1313301850499524	0.7099992632865906	764.72
retrieval-miss:723821002	retrieval-miss	none	none	True	False	True	0.8670622706413269	0.8670622706413269	0.022222489440923	0.8670622706413269	1057.59
none-narrower:195680000	none-narrower	none	none	True	False		0.5167039632797241	0.5167039632797241	0.31613435409575424	0.5167039632797241	779.02
none-narrower:239721001	none-narrower	none	none	True	False		0.8242605924606323	0.8242605924606323	0.04312073282351696	0.8242605924606323	531.75
easy:269469005	easy	H	H	True	True	True	0.8555637001991272	0.8555637001991272	0.028036785492994064	0.8555637001991272	765.03
easy:126881002	easy	G	none	False	True	False	0.5990328192710876	0.26490992307662964	0.9038098646160325	0.5990328192710876	555.22
easy:363385007	easy	F	F	True	True	True	0.4741745591163635	0.4741745591163635	0.4045711709669595	0.4741745591163635	554.38
hard:89142007	hard	B	B	True	True	False	0.757526695728302	0.757526695728302	0.07892445568138157	0.757526695728302	529.04
none-narrower:1157157006	none-narrower	none	E	False	False		0.9306120872497559	0.058072466403245926	1.7532863288097338	0.9306120872497559	800.72
hard:95797003	hard	A	A	True	True	False	0.8004907369613647	0.8004907369613647	0.058326625990283966	0.8004907369613647	409.91
easy:449790007	easy	F	none	False	True	False	0.6631003618240356	0.17972762882709503	1.1173027180055395	0.6631003618240356	372.39
none-narrower:402387002	none-narrower	none	none	True	False		0.7290810346603394	0.7290810346603394	0.10065232301461757	0.7290810346603394	763.99
easy:45170000	easy	E	none	False	True	True	0.44367358088493347	0.4089105427265167	0.5546537811749902	0.44367358088493347	768.45
easy:60555002	easy	E	E	True	False	True	0.686124324798584	0.686124324798584	0.14450134452619084	0.686124324798584	770.57
easy:26029002	easy	A	A	True	True	True	0.8308154344558716	0.8308154344558716	0.04522148593949682	0.8308154344558716	768.08
easy:44729001	easy	C	C	True	False	True	0.7583892345428467	0.7583892345428467	0.08677677890812804	0.7583892345428467	409.9
easy:109492001	easy	D	none	False	True	False	0.516955554485321	0.22861294448375702	0.8815384181479745	0.516955554485321	526.64
easy:66071002	easy	E	E	True	False	True	0.7325608134269714	0.7325608134269714	0.11202934250119538	0.7325608134269714	527.48
easy:5602001	easy	A	A	True	True	True	0.6200820803642273	0.6200820803642273	0.2355405912452988	0.6200820803642273	526.52
easy:720603002	easy	C	C	True	True	False	0.8552112579345703	0.8552112579345703	0.02780724593812511	0.8552112579345703	768.59
retrieval-miss:263225007	retrieval-miss	none	none	True	False	True	0.5294169187545776	0.5294169187545776	0.3502544872832149	0.5294169187545776	527.65
easy:68272006	easy	H	H	True	True	True	0.922906756401062	0.922906756401062	0.007962512042343196	0.922906756401062	410.31
retrieval-miss:124646004	retrieval-miss	none	none	True	False	True	0.5327380299568176	0.5327380299568176	0.3115263806221718	0.5327380299568176	555.01
easy:766992008	easy	D	D	True	False	True	0.8413885831832886	0.8413885831832886	0.04191270653739253	0.8413885831832886	632.0
retrieval-miss:118601006	retrieval-miss	none	A	False	False	True	0.7166359424591064	0.22866778075695038	1.109120805367955	0.7166359424591064	766.46
easy:126736007	easy	G	G	True	True	False	0.6769717931747437	0.6769717931747437	0.16991234600466798	0.6769717931747437	556.75
hard:414029004	hard	C	none	False	False	True	0.5012760162353516	0.39243826270103455	0.6259125278008764	0.5012760162353516	528.97
gold-removed:720639008	gold-removed	none	none	True	False		0.8849126100540161	0.8849126100540161	0.015536427748078705	0.8849126100540161	765.02
easy:68633000	easy	H	H	True	False	True	0.485286146402359	0.485286146402359	0.3972482037934835	0.485286146402359	409.98
easy:92559007	easy	H	H	True	True	False	0.8566408753395081	0.8566408753395081	0.028840568894623313	0.8566408753395081	523.78
none-narrower:1179296003	none-narrower	none	B	False	False		0.8386754393577576	0.12840546667575836	1.4632557313813925	0.8386754393577576	763.68
none-narrower:1003324007	none-narrower	none	G	False	False		0.5882714986801147	0.3323005437850952	0.7932646483606509	0.5882714986801147	523.67
hard:84438001	hard	H	H	True	True	False	0.9653919339179993	0.9653919339179993	0.0016410622134074336	0.9653919339179993	764.12
hard:718850008	hard	G	G	True	True	False	0.9792552590370178	0.9792552590370178	0.0005367703126338294	0.9792552590370178	1053.77
easy:400171002	easy	B	B	True	False	True	0.9177951216697693	0.9177951216697693	0.010177103365752537	0.9177951216697693	525.42
none-narrower:312157006	none-narrower	none	none	True	False		0.6915228366851807	0.6915228366851807	0.12623081026453611	0.6915228366851807	526.3
hard:880065001	hard	D	D	True	True	True	0.960260808467865	0.960260808467865	0.002564300355468825	0.960260808467865	764.69
none-narrower:298591003	none-narrower	none	B	False	False		0.47269052267074585	0.4015190005302429	0.5892272913084338	0.47269052267074585	525.3
easy:425657001	easy	C	C	True	False	True	0.6294262409210205	0.6294262409210205	0.2016853789982838	0.6294262409210205	766.79
easy:303063000	easy	D	D	True	False	True	0.5871815085411072	0.5871815085411072	0.24360411066094376	0.5871815085411072	763.71
easy:195889001	easy	B	B	True	True	False	0.8729963302612305	0.8729963302612305	0.022438871560111512	0.8729963302612305	762.64
hard:93929003	hard	C	C	True	True	False	0.5527979135513306	0.5527979135513306	0.3030287644171255	0.5527979135513306	536.02
easy:34736002	easy	H	H	True	True	False	0.9428808093070984	0.9428808093070984	0.00464745737679566	0.9428808093070984	772.06
none-narrower:433891000124100	none-narrower	none	none	True	False		0.4666318893432617	0.4666318893432617	0.4154050450892287	0.4666318893432617	532.4
none-narrower:8442000	none-narrower	none	none	True	False		0.43714937567710876	0.43714937567710876	0.46292399393740263	0.43714937567710876	525.96
none-narrower:722529000	none-narrower	none	none	True	False		0.5383222699165344	0.5383222699165344	0.3005270625599103	0.5383222699165344	764.72
gold-removed:763713000	gold-removed	none	C	False	False		0.9030656814575195	0.06634242087602615	1.6874138330028114	0.9030656814575195	552.52
retrieval-miss:74333002	retrieval-miss	none	none	True	False	True	0.7160223722457886	0.7160223722457886	0.10580212033369317	0.7160223722457886	764.15
gold-removed:14756005	gold-removed	none	none	True	False		0.5005930066108704	0.5005930066108704	0.3592872326019524	0.5005930066108704	408.33
none-narrower:866097000	none-narrower	none	G	False	False		0.5332791805267334	0.3012363612651825	0.7830453987118335	0.5332791805267334	761.75
hard:61758007	hard	E	E	True	True	True	0.8967162370681763	0.8967162370681763	0.01468414629342557	0.8967162370681763	767.02
none-narrower:124141008	none-narrower	none	none	True	False		0.4349316358566284	0.4349316358566284	0.4256876500473199	0.4349316358566284	767.0
none-narrower:823019007	none-narrower	none	none	True	False		0.5900784134864807	0.5900784134864807	0.23411476710900053	0.5900784134864807	764.2
hard:733454004	hard	B	B	True	True	False	0.8879852890968323	0.8879852890968323	0.017703194569734196	0.8879852890968323	799.06
retrieval-miss:128060009	retrieval-miss	none	none	True	False	True	0.6585552096366882	0.6585552096366882	0.15205052778298195	0.6585552096366882	523.09
hard:31993003	hard	A	A	True	True	False	0.7496984004974365	0.7496984004974365	0.11142791633171786	0.7496984004974365	554.11
none-narrower:767031008	none-narrower	none	A	False	False		0.4564109742641449	0.3876909613609314	0.6013883308467177	0.4564109742641449	763.74
hard:442917000	hard	A	A	True	True	True	0.6036295294761658	0.6036295294761658	0.22158596223401372	0.6036295294761658	526.23
hard:238031009	hard	A	none	False	True	False	0.38404175639152527	0.21693602204322815	0.8297758786354326	0.38404175639152527	760.83
easy:238014002	easy	F	F	True	True	False	0.7832593321800232	0.7832593321800232	0.07515430969213943	0.7832593321800232	764.0
none-narrower:1196829000	none-narrower	none	none	True	False		0.610868513584137	0.610868513584137	0.2398759095582326	0.610868513584137	550.21
hard:232049001	hard	B	B	True	False	True	0.8460906147956848	0.8460906147956848	0.03816354478353435	0.8460906147956848	762.17
easy:363380002	easy	F	F	True	False	True	0.8378972411155701	0.8378972411155701	0.03591872559753656	0.8378972411155701	759.53
hard:78975002	hard	E	E	True	True	True	0.6805495619773865	0.6805495619773865	0.1682268663694624	0.6805495619773865	391.71
gold-removed:254631008	gold-removed	none	G	False	False		0.5179151892662048	0.40546467900276184	0.6232571881395115	0.5179151892662048	762.18
hard:92047003	hard	D	D	True	False	True	0.6967287063598633	0.6967287063598633	0.15089090767940067	0.6967287063598633	523.75
easy:240104008	easy	D	G	False	False	True	0.686139702796936	0.00289901252835989	1.4934381175313116	0.686139702796936	523.86
easy:230552007	easy	E	E	True	True	True	0.44095146656036377	0.44095146656036377	0.4178312930121138	0.44095146656036377	764.88
easy:9824006	easy	H	H	True	True	False	0.8681583404541016	0.8681583404541016	0.02296608924275686	0.8681583404541016	407.57
hard:718189004	hard	E	E	True	True	False	0.9496386051177979	0.9496386051177979	0.004112286162221068	0.9496386051177979	523.89
retrieval-miss:26715006	retrieval-miss	none	none	True	False	True	0.8957785964012146	0.8957785964012146	0.013847949767207724	0.8957785964012146	523.54
hard:402792003	hard	F	G	False	True	False	0.5247581601142883	0.03855060040950775	1.307543963529798	0.5247581601142883	522.93
retrieval-miss:123953004	retrieval-miss	none	none	True	False	True	0.5050521492958069	0.5050521492958069	0.46190039544188544	0.5050521492958069	759.96
hard:22841008	hard	G	G	True	True	False	0.8441225290298462	0.8441225290298462	0.033728165930747234	0.8441225290298462	603.67
easy:91521000119104	easy	H	H	True	True	False	0.8762836456298828	0.8762836456298828	0.020304088319535854	0.8762836456298828	523.08
easy:720408003	easy	H	H	True	True	False	0.7408880591392517	0.7408880591392517	0.09020188483899498	0.7408880591392517	761.17
easy:85828009	easy	E	none	False	True	False	0.5371465682983398	0.4205200970172882	0.6247551231693413	0.5371465682983398	550.92
easy:718609003	easy	A	A	True	True	False	0.8842747807502747	0.8842747807502747	0.02164650652809778	0.8842747807502747	1052.34
hard:406446000	hard	B	none	False	True	False	0.460966020822525	0.11515142023563385	1.0786934355067839	0.460966020822525	563.54
gold-removed:404663008	gold-removed	none	none	True	False		0.7244360446929932	0.7244360446929932	0.10024019057264165	0.7244360446929932	510.37
easy:39452003	easy	G	G	True	True	False	0.7370443940162659	0.7370443940162659	0.0968904668013774	0.7370443940162659	406.91
hard:187716008	hard	C	C	True	False	True	0.5418207049369812	0.5418207049369812	0.34286908647012804	0.5418207049369812	759.19
easy:93390002	easy	E	none	False	True	True	0.49999070167541504	0.3064434230327606	0.7440201942105833	0.49999070167541504	521.75
easy:41309000	easy	F	F	True	True	True	0.8105185031890869	0.8105185031890869	0.05270178008999976	0.8105185031890869	552.24
none-narrower:1306315009	none-narrower	none	none	True	False		0.438157320022583	0.438157320022583	0.46639361803957313	0.438157320022583	523.4
gold-removed:237714006	gold-removed	none	none	True	False		0.600094199180603	0.600094199180603	0.2149411229617075	0.600094199180603	521.52
easy:721221000	easy	G	G	True	False	True	0.8865925669670105	0.8865925669670105	0.019960339131693997	0.8865925669670105	774.32
none-narrower:16039791000119101	none-narrower	none	none	True	False		0.7079054713249207	0.7079054713249207	0.10669939820854779	0.7079054713249207	528.3
gold-removed:718909001	gold-removed	none	none	True	False		0.7798210382461548	0.7798210382461548	0.06463159463684941	0.7798210382461548	770.77
hard:79586000	hard	B	B	True	True	False	0.8900213837623596	0.8900213837623596	0.01919604124183923	0.8900213837623596	549.24
retrieval-miss:722429003	retrieval-miss	none	none	True	False	True	0.6138589382171631	0.6138589382171631	0.22554903249478753	0.6138589382171631	1050.91
easy:205346006	easy	A	none	False	False	True	0.5051199197769165	0.12618139386177063	1.0800019290584784	0.5051199197769165	413.51
hard:363393007	hard	D	D	True	True	True	0.6065996885299683	0.6065996885299683	0.23257937924740926	0.6065996885299683	765.37
none-narrower:234376007	none-narrower	none	C	False	False		0.3776950240135193	0.25116831064224243	0.7603808657158735	0.3776950240135193	549.07
easy:609580007	easy	H	H	True	True	True	0.5905682444572449	0.5905682444572449	0.241258801696678	0.5905682444572449	759.37
easy:725904009	easy	H	H	True	True	False	0.9450687766075134	0.9450687766075134	0.0040177819159637525	0.9450687766075134	762.92
hard:702417004	hard	H	H	True	True	False	0.9634485840797424	0.9634485840797424	0.0018838674002643204	0.9634485840797424	761.22
retrieval-miss:412787009	retrieval-miss	none	none	True	False	True	0.7293524146080017	0.7293524146080017	0.0966992987705264	0.7293524146080017	763.03
hard:29504002	hard	D	E	False	False	True	0.3712998926639557	0.12854844331741333	1.0404852316597855	0.3712998926639557	759.08
hard:45781009	hard	D	none	False	False	True	0.4240325093269348	0.17282681167125702	0.9300732724339548	0.4240325093269348	760.46
none-narrower:698947004	none-narrower	none	none	True	False		0.4964772164821625	0.4964772164821625	0.4635864589145948	0.4964772164821625	522.4
easy:716660007	easy	A	A	True	False	True	0.8178779482841492	0.8178779482841492	0.048808706838568444	0.8178779482841492	1148.8
hard:711499009	hard	C	C	True	True	False	0.7019771933555603	0.7019771933555603	0.12287406940146302	0.7019771933555603	526.5
none-narrower:230538005	none-narrower	none	none	True	False		0.5391586422920227	0.5391586422920227	0.2879106508225938	0.5391586422920227	760.2
none-narrower:1231182008	none-narrower	none	E	False	False		0.9024345278739929	0.0662960484623909	1.6865120530875284	0.9024345278739929	760.88
none-narrower:200964008	none-narrower	none	none	True	False		0.4700538218021393	0.4700538218021393	0.4463537083212188	0.4700538218021393	759.96
none-narrower:81557008	none-narrower	none	none	True	False		0.7291016578674316	0.7291016578674316	0.10163120885380614	0.7291016578674316	521.77
hard:403938001	hard	E	E	True	False	True	0.6669216752052307	0.6669216752052307	0.18545129551512318	0.6669216752052307	760.74
hard:254164007	hard	E	E	True	True	True	0.6246209144592285	0.6246209144592285	0.2471938811469454	0.6246209144592285	760.35
easy:95588004	easy	D	D	True	True	True	0.8800246715545654	0.8800246715545654	0.0225730419240666	0.8800246715545654	549.46
none-narrower:238991008	none-narrower	none	H	False	False		0.7596099972724915	0.18975405395030975	1.2340788186458584	0.7596099972724915	405.42
easy:699649006	easy	F	F	True	False	True	0.6800828576087952	0.6800828576087952	0.17950900006486817	0.6800828576087952	520.9
hard:438583008	hard	H	none	False	False	True	0.42792966961860657	0.1258472204208374	1.0320958415447825	0.42792966961860657	402.84
hard:128272009	hard	H	H	True	True	True	0.6480834484100342	0.6480834484100342	0.20723581250927603	0.6480834484100342	519.75
hard:37246009	hard	G	none	False	False	True	0.44528621435165405	0.2961166799068451	0.7150997698784952	0.44528621435165405	520.71
hard:724384008	hard	C	C	True	True	False	0.8868944048881531	0.8868944048881531	0.021093210816952528	0.8868944048881531	759.76
gold-removed:715428003	gold-removed	none	none	True	False		0.6588329672813416	0.6588329672813416	0.17936840203126914	0.6588329672813416	523.28
easy:719210007	easy	F	F	True	True	False	0.9518113732337952	0.9518113732337952	0.0033390583123695857	0.9518113732337952	759.87
easy:402700001	easy	G	G	True	True	False	0.6490975022315979	0.6490975022315979	0.19538656003333285	0.6490975022315979	520.01
gold-removed:416707008	gold-removed	none	none	True	False		0.7360706925392151	0.7360706925392151	0.11698251547409522	0.7360706925392151	760.59
easy:240450004	easy	E	E	True	True	True	0.8509111404418945	0.8509111404418945	0.03060064680040378	0.8509111404418945	759.53
retrieval-miss:78868004	retrieval-miss	none	H	False	False	True	0.5229126811027527	0.27223700284957886	0.8242123471927516	0.5229126811027527	521.21
retrieval-miss:237983002	retrieval-miss	none	none	True	False	True	0.734289824962616	0.734289824962616	0.10269529426528173	0.734289824962616	761.44
none-narrower:1373027001	none-narrower	none	none	True	False		0.8472045660018921	0.8472045660018921	0.032868144602792075	0.8472045660018921	547.42
hard:122811000119101	hard	A	A	True	True	True	0.7767958045005798	0.7767958045005798	0.07781902541388708	0.7767958045005798	521.18
easy:237822008	easy	C	none	False	True	True	0.5438902378082275	0.2609720826148987	0.8646418474172733	0.5438902378082275	522.17
easy:16026008	easy	D	none	False	True	False	0.540675699710846	0.18718820810317993	0.9819476035602287	0.540675699710846	760.71
gold-removed:763366000	gold-removed	none	G	False	False		0.6886810660362244	0.25869908928871155	1.024294367188123	0.6886810660362244	760.1
hard:126872008	hard	F	none	False	False	True	0.7144289016723633	0.22796355187892914	1.107206275899465	0.7144289016723633	758.66
hard:82275008	hard	B	B	True	True	False	0.9406296610832214	0.9406296610832214	0.005370825813532421	0.9406296610832214	759.89
hard:40178009	hard	E	E	True	True	False	0.9064186215400696	0.9064186215400696	0.013317958905871044	0.9064186215400696	520.84
hard:442348004	hard	G	G	True	True	False	0.8195975422859192	0.8195975422859192	0.046805801574237686	0.8195975422859192	521.35
retrieval-miss:57436000	retrieval-miss	none	none	True	False	True	0.8561381697654724	0.8561381697654724	0.0272809639553736	0.8561381697654724	519.42
easy:230381009	easy	E	E	True	True	False	0.7730183601379395	0.7730183601379395	0.08357019346612897	0.7730183601379395	760.97
retrieval-miss:254923001	retrieval-miss	none	none	True	False	True	0.6633678078651428	0.6633678078651428	0.1597059869540431	0.6633678078651428	758.19
hard:229706001	hard	H	H	True	False	True	0.5450307726860046	0.5450307726860046	0.3089733481115805	0.5450307726860046	762.97
hard:765748009	hard	D	D	True	True	True	0.8772799372673035	0.8772799372673035	0.022219177093106664	0.8772799372673035	758.1
none-narrower:237663000	none-narrower	none	none	True	False		0.5895326733589172	0.5895326733589172	0.23644079750359728	0.5895326733589172	574.54
gold-removed:9014002	gold-removed	none	none	True	False		0.6901699900627136	0.6901699900627136	0.11405827232824253	0.6901699900627136	520.24
hard:722859001	hard	H	H	True	True	False	0.889154314994812	0.889154314994812	0.01847114074116614	0.889154314994812	762.08
hard:190502001	hard	G	E	False	False	True	0.8558753728866577	0.014475970529019833	1.710873165583265	0.8558753728866577	759.68
hard:56905009	hard	B	B	True	True	False	0.5525473356246948	0.5525473356246948	0.28687330231821206	0.5525473356246948	406.69
easy:23205009	easy	C	C	True	True	False	0.5789549350738525	0.5789549350738525	0.3043877221077187	0.5789549350738525	520.43
hard:13600006	hard	B	B	True	True	False	0.3983129858970642	0.3983129858970642	0.5063360192381003	0.3983129858970642	759.59
none-narrower:399044006	none-narrower	none	E	False	False		0.7738913893699646	0.17817434668540955	1.274806886262788	0.7738913893699646	759.84
hard:707234001	hard	G	G	True	True	False	0.8735374212265015	0.8735374212265015	0.02546453758092122	0.8735374212265015	574.84
retrieval-miss:124343001	retrieval-miss	none	none	True	False	True	0.8231663107872009	0.8231663107872009	0.0364156907315762	0.8231663107872009	576.21
hard:129104009	hard	C	none	False	False	True	0.5262021422386169	0.2972390353679657	0.7884616298695212	0.5262021422386169	391.5
easy:230500006	easy	F	F	True	True	True	0.8089186549186707	0.8089186549186707	0.06185705379906703	0.8089186549186707	757.66
none-narrower:10752601000119104	none-narrower	none	D	False	False		0.4977460503578186	0.4587463140487671	0.5412195134435387	0.4977460503578186	761.13
easy:763069002	easy	G	G	True	True	False	0.9732531309127808	0.9732531309127808	0.0009207709967558792	0.9732531309127808	1049.77
hard:240062007	hard	E	E	True	True	True	0.802124559879303	0.802124559879303	0.052333407434312154	0.802124559879303	416.2
none-narrower:202674000	none-narrower	none	none	True	False		0.644377589225769	0.644377589225769	0.19701742117138654	0.644377589225769	392.53
retrieval-miss:45414006	retrieval-miss	none	none	True	False	True	0.5906397700309753	0.5906397700309753	0.20745972287140574	0.5906397700309753	546.33
hard:702344008	hard	D	D	True	True	True	0.8390810489654541	0.8390810489654541	0.0338727361493318	0.8390810489654541	757.53
easy:764100007	easy	A	A	True	True	False	0.9074012637138367	0.9074012637138367	0.013884829149250252	0.9074012637138367	756.66
easy:386810004	easy	A	A	True	True	False	0.8592279553413391	0.8592279553413391	0.03461468908941225	0.8592279553413391	521.72
retrieval-miss:57119000	retrieval-miss	none	C	False	False	True	0.5573544502258301	0.34160155057907104	0.7504544812956586	0.5573544502258301	758.22
easy:254666005	easy	B	none	False	True	True	0.6235660910606384	0.299202561378479	0.881328085446542	0.6235660910606384	546.18
hard:398102009	hard	A	A	True	True	False	0.4321804940700531	0.4321804940700531	0.463316957139565	0.4321804940700531	759.81
retrieval-miss:275498002	retrieval-miss	none	H	False	False	True	0.5027437806129456	0.42704764008522034	0.5824664887700997	0.5027437806129456	521.96
gold-removed:445014002	gold-removed	none	E	False	False		0.5824887752532959	0.3290340006351471	0.7908970253101901	0.5824887752532959	1046.03
none-narrower:703279003	none-narrower	none	none	True	False		0.8032310009002686	0.8032310009002686	0.050228711546990476	0.8032310009002686	375.57
easy:87696004	easy	B	B	True	True	False	0.8715309500694275	0.8715309500694275	0.024699496586198588	0.8715309500694275	408.7
easy:268232000	easy	H	H	True	True	False	0.8201263546943665	0.8201263546943665	0.04527106235227927	0.8201263546943665	520.88
hard:48723006	hard	E	E	True	True	True	0.5622639656066895	0.5622639656066895	0.31224008466494124	0.5622639656066895	405.13
easy:41565005	easy	G	G	True	True	False	0.4707316756248474	0.4707316756248474	0.44418228514441044	0.4707316756248474	518.78
hard:702380008	hard	F	G	False	True	False	0.4601760804653168	0.332034170627594	0.6803755522769085	0.4601760804653168	518.84
none-narrower:34126003	none-narrower	none	G	False	False		0.6240013241767883	0.27595144510269165	0.9170142390392868	0.6240013241767883	757.37
easy:723508002	easy	A	A	True	True	False	0.9298759698867798	0.9298759698867798	0.007834294067448688	0.9298759698867798	758.02
retrieval-miss:193523008	retrieval-miss	none	none	True	False	True	0.6123420596122742	0.6123420596122742	0.19421299475379727	0.6123420596122742	546.46
retrieval-miss:59531002	retrieval-miss	none	none	True	False	True	0.6284897923469543	0.6284897923469543	0.19856347983241457	0.6284897923469543	548.2
none-narrower:707351006	none-narrower	none	none	True	False		0.6414398550987244	0.6414398550987244	0.2238351536804668	0.6414398550987244	757.65
easy:26460006	easy	F	F	True	True	False	0.8598203659057617	0.8598203659057617	0.032314663068005525	0.8598203659057617	757.51
retrieval-miss:34730008	retrieval-miss	none	none	True	False	True	0.9003874063491821	0.9003874063491821	0.013072414933480044	0.9003874063491821	758.87
easy:73415002	easy	B	B	True	True	False	0.8134239912033081	0.8134239912033081	0.04863012502850709	0.8134239912033081	519.68
retrieval-miss:414667000	retrieval-miss	none	F	False	False	True	0.6942461133003235	0.24035607278347015	1.0599541842793725	0.6942461133003235	517.94
hard:307496006	hard	F	F	True	True	False	0.4767698347568512	0.4767698347568512	0.37004041406718435	0.4767698347568512	520.14
hard:404041003	hard	C	C	True	True	True	0.6469091176986694	0.6469091176986694	0.19583131531657366	0.6469091176986694	757.48
easy:720459002	easy	G	G	True	False	True	0.8702093362808228	0.8702093362808228	0.024991653596987944	0.8702093362808228	759.26
easy:79291003	easy	H	H	True	True	False	0.7636644840240479	0.7636644840240479	0.07889380312802706	0.7636644840240479	759.49
easy:254825007	easy	E	E	True	False	True	0.6743384003639221	0.6743384003639221	0.16015263297009644	0.6743384003639221	758.19
none-narrower:1197357008	none-narrower	none	H	False	False		0.9110887050628662	0.061687540262937546	1.7106787427158943	0.9110887050628662	758.67
easy:92197001	easy	C	C	True	True	True	0.871210515499115	0.871210515499115	0.02602803738851317	0.871210515499115	519.22
hard:722454003	hard	E	E	True	True	True	0.9290494918823242	0.9290494918823242	0.007946582272323416	0.9290494918823242	761.04
easy:722451006	easy	A	A	True	True	False	0.9273607134819031	0.9273607134819031	0.0086779820465974	0.9273607134819031	760.02
easy:722282008	easy	H	H	True	True	False	0.9346089363098145	0.9346089363098145	0.006168299839030505	0.9346089363098145	760.4
none-narrower:1340188003	none-narrower	none	none	True	False		0.4706193804740906	0.4706193804740906	0.4184277140353848	0.4706193804740906	521.17
retrieval-miss:398049005	retrieval-miss	none	none	True	False	True	0.767401933670044	0.767401933670044	0.07291677221246073	0.767401933670044	520.42
gold-removed:231536004	gold-removed	none	C	False	False		0.41157886385917664	0.3496090769767761	0.6384377837397848	0.41157886385917664	759.6
hard:233728004	hard	C	none	False	False	True	0.43113183975219727	0.36621803045272827	0.6105131672949062	0.43113183975219727	521.76
retrieval-miss:128598002	retrieval-miss	none	none	True	False	True	0.7382093667984009	0.7382093667984009	0.08388520194054523	0.7382093667984009	531.22
easy:703267003	easy	D	D	True	True	True	0.8148865103721619	0.8148865103721619	0.05314368418176832	0.8148865103721619	736.64
retrieval-miss:234541006	retrieval-miss	none	none	True	False	True	0.7180789113044739	0.7180789113044739	0.11519785699401995	0.7180789113044739	760.21
easy:13920009	easy	F	F	True	True	False	0.7681355476379395	0.7681355476379395	0.09088425578742135	0.7681355476379395	522.84
easy:92109005	easy	D	D	True	True	True	0.8992938995361328	0.8992938995361328	0.01627837788857267	0.8992938995361328	521.81
easy:17322007	easy	D	none	False	True	False	0.611995279788971	0.2936502993106842	0.8758880119749236	0.611995279788971	519.87
hard:407476002	hard	H	H	True	True	True	0.9357321858406067	0.9357321858406067	0.005750721210305216	0.9357321858406067	522.53
none-narrower:737209002	none-narrower	none	none	True	False		0.5877411961555481	0.5877411961555481	0.23764175801728593	0.5877411961555481	520.27
easy:254915003	easy	A	A	True	True	False	0.8094778060913086	0.8094778060913086	0.05274122501774533	0.8094778060913086	762.71
easy:307576001	easy	C	C	True	True	False	0.5863736867904663	0.5863736867904663	0.24447163866271543	0.5863736867904663	550.18
hard:7573000	hard	D	H	False	True	False	0.9229117631912231	0.0025931119453161955	1.8495110542830775	0.9229117631912231	760.9
none-narrower:737220002	none-narrower	none	none	True	False		0.4418032169342041	0.4418032169342041	0.407365818416218	0.4418032169342041	523.92
gold-removed:240119009	gold-removed	none	none	True	False		0.5515172481536865	0.5515172481536865	0.307181024947613	0.5515172481536865	521.11
retrieval-miss:74969002	retrieval-miss	none	none	True	False	True	0.6711432933807373	0.6711432933807373	0.13646309178850713	0.6711432933807373	762.63
retrieval-miss:87872006	retrieval-miss	none	D	False	False	True	0.861229419708252	0.10322906821966171	1.5461902646234273	0.861229419708252	406.25
none-narrower:277643003	none-narrower	none	none	True	False		0.6342825293540955	0.6342825293540955	0.1781952777702503	0.6342825293540955	760.15
gold-removed:24526004	gold-removed	none	none	True	False		0.869640052318573	0.869640052318573	0.02030027457291074	0.869640052318573	522.41
easy:419039007	easy	H	H	True	True	False	0.9372276067733765	0.9372276067733765	0.005568743925417899	0.9372276067733765	761.75
hard:76802005	hard	G	G	True	False	True	0.7785334587097168	0.7785334587097168	0.06996526219085933	0.7785334587097168	520.48
none-narrower:735549008	none-narrower	none	G	False	False		0.8171802163124084	0.13575074076652527	1.415208978298729	0.8171802163124084	761.56
hard:109041000119107	hard	A	A	True	True	False	0.7025951147079468	0.7025951147079468	0.1414614980298109	0.7025951147079468	522.01
easy:26111005	easy	G	G	True	True	False	0.6067461967468262	0.6067461967468262	0.2219661726765343	0.6067461967468262	760.78
easy:42930003	easy	G	G	True	True	False	0.7630296945571899	0.7630296945571899	0.07986076813643828	0.7630296945571899	760.34
hard:91662004	hard	D	D	True	True	False	0.8266375064849854	0.8266375064849854	0.04419075690905436	0.8266375064849854	405.87
hard:446995005	hard	C	C	True	True	False	0.8654475808143616	0.8654475808143616	0.029061240868406286	0.8654475808143616	523.79
none-narrower:428172002	none-narrower	none	none	True	False		0.5273609757423401	0.5273609757423401	0.3945798135746592	0.5273609757423401	550.61
hard:363469001	hard	D	none	False	False	True	0.44639456272125244	0.37918269634246826	0.600011212215422	0.44639456272125244	549.33
easy:266257000	easy	G	G	True	False	True	0.8903219699859619	0.8903219699859619	0.018128098701621922	0.8903219699859619	551.42
easy:27536004	easy	A	A	True	True	False	0.7162226438522339	0.7162226438522339	0.1263260137191478	0.7162226438522339	404.19
easy:77157004	easy	C	none	False	True	False	0.7905608415603638	0.1115550696849823	1.4167781712630885	0.7905608415603638	551.46
hard:189130001	hard	C	none	False	False	True	0.5208318829536438	0.02995459921658039	1.3788721985499897	0.5208318829536438	550.33
gold-removed:126958000	gold-removed	none	none	True	False		0.6840346455574036	0.6840346455574036	0.12535679793246238	0.6840346455574036	522.57
easy:253737007	easy	F	F	True	True	False	0.8385101556777954	0.8385101556777954	0.04048850467934799	0.8385101556777954	521.41
retrieval-miss:234411007	retrieval-miss	none	none	True	False	True	0.7903165817260742	0.7903165817260742	0.05621432813928565	0.7903165817260742	763.51
hard:763348005	hard	C	C	True	True	False	0.9543800950050354	0.9543800950050354	0.0034267950791854623	0.9543800950050354	799.25
none-narrower:109272006	none-narrower	none	none	True	False		0.6762405037879944	0.6762405037879944	0.1382967726333312	0.6762405037879944	521.59
hard:235828008	hard	B	B	True	False	True	0.7789848446846008	0.7789848446846008	0.06540133662105502	0.7789848446846008	775.56
none-narrower:18040001	none-narrower	none	none	True	False		0.529768168926239	0.529768168926239	0.3110108671656592	0.529768168926239	557.23
easy:87694001	easy	C	C	True	True	True	0.6561912894248962	0.6561912894248962	0.20310416358960331	0.6561912894248962	762.55
hard:699297004	hard	G	G	True	True	False	0.8877796530723572	0.8877796530723572	0.01732308046027465	0.8877796530723572	765.95
none-narrower:871745001	none-narrower	none	none	True	False		0.5441551804542542	0.5441551804542542	0.3896402364132019	0.5441551804542542	524.52
gold-removed:193411004	gold-removed	none	none	True	False		0.45933371782302856	0.45933371782302856	0.41526832697983457	0.45933371782302856	764.29
hard:72000004	hard	E	E	True	True	False	0.9384366273880005	0.9384366273880005	0.005942773632241599	0.9384366273880005	550.85
retrieval-miss:77323000	retrieval-miss	none	F	False	False	True	0.6255396604537964	0.300149530172348	0.8828029921629896	0.6255396604537964	761.4
retrieval-miss:370999003	retrieval-miss	none	none	True	False	True	0.5503724813461304	0.5503724813461304	0.293912198783407	0.5503724813461304	761.04
retrieval-miss:254588001	retrieval-miss	none	none	True	False	True	0.5270364880561829	0.5270364880561829	0.37042259215657136	0.5270364880561829	521.38
easy:192782005	easy	E	E	True	False	True	0.9486503601074219	0.9486503601074219	0.004210066165374164	0.9486503601074219	764.48
retrieval-miss:717917007	retrieval-miss	none	none	True	False	True	0.7924483418464661	0.7924483418464661	0.06782132002522286	0.7924483418464661	765.61
none-narrower:1237225007	none-narrower	none	A	False	False		0.8608427047729492	0.10318280756473541	1.5456940678990496	0.8608427047729492	761.91
easy:718720007	easy	D	D	True	True	False	0.8542126417160034	0.8542126417160034	0.030797942730185567	0.8542126417160034	524.5
easy:373436002	easy	H	H	True	False	True	0.4192890524864197	0.4192890524864197	0.5285441585253814	0.4192890524864197	523.24
retrieval-miss:789657008	retrieval-miss	none	none	True	False	True	0.6945950984954834	0.6945950984954834	0.1111565552675616	0.6945950984954834	553.19
hard:363402007	hard	G	G	True	True	True	0.7682265639305115	0.7682265639305115	0.07465483517919429	0.7682265639305115	761.82
easy:127230005	easy	D	none	False	False	True	0.6494524478912354	0.005270687863230705	1.4946534252589847	0.6494524478912354	551.84
easy:124322002	easy	B	G	False	True	False	0.7608737349510193	0.03717133402824402	1.523237294927172	0.7608737349510193	761.71
easy:446079007	easy	G	G	True	True	False	0.9428215622901917	0.9428215622901917	0.004514068814791196	0.9428215622901917	765.3
hard:718717004	hard	C	C	True	True	False	0.9607066512107849	0.9607066512107849	0.002391581839517582	0.9607066512107849	763.58
easy:58213005	easy	C	C	True	True	False	0.9345532655715942	0.9345532655715942	0.006446211773539032	0.9345532655715942	763.74
retrieval-miss:271807003	retrieval-miss	none	none	True	False	True	0.7387175559997559	0.7387175559997559	0.07990444022973772	0.7387175559997559	524.04
easy:17024001	easy	C	C	True	True	False	0.49749934673309326	0.49749934673309326	0.3835952540071945	0.49749934673309326	761.76
hard:17226007	hard	D	D	True	True	False	0.930732786655426	0.930732786655426	0.007310527573012534	0.930732786655426	408.74
hard:90935002	hard	G	G	True	True	False	0.5888841152191162	0.5888841152191162	0.2366237606264693	0.5888841152191162	526.26
retrieval-miss:56975005	retrieval-miss	none	none	True	False	True	0.5611549615859985	0.5611549615859985	0.332635254247006	0.5611549615859985	767.76
retrieval-miss:765216006	retrieval-miss	none	none	True	False	True	0.6491559743881226	0.6491559743881226	0.16290354752915026	0.6491559743881226	765.64
hard:711403001	hard	E	E	True	False	True	0.5178758502006531	0.5178758502006531	0.3240952638500561	0.5178758502006531	525.22
easy:8635005	easy	A	A	True	True	False	0.9156325459480286	0.9156325459480286	0.011073691609654254	0.9156325459480286	526.07
easy:36948007	easy	B	B	True	True	False	0.4652597904205322	0.4652597904205322	0.5035777312926175	0.4652597904205322	764.72
hard:732252005	hard	F	F	True	False	True	0.9757049679756165	0.9757049679756165	0.0008365404108310167	0.9757049679756165	1057.12
none-narrower:1306326003	none-narrower	none	B	False	False		0.4993666112422943	0.42417895793914795	0.5826182330825342	0.4993666112422943	523.97
hard:79886009	hard	H	H	True	True	False	0.8833371996879578	0.8833371996879578	0.018392227957402196	0.8833371996879578	522.48
hard:203045001	hard	G	G	True	True	True	0.8779237270355225	0.8779237270355225	0.01973287625606676	0.8779237270355225	761.69
retrieval-miss:82800008	retrieval-miss	none	D	False	False	True	0.6814147233963013	0.1332620084285736	1.2403649461062605	0.6814147233963013	450.31
gold-removed:33168009	gold-removed	none	none	True	False		0.7112439870834351	0.7112439870834351	0.10701347229491792	0.7112439870834351	368.12
none-narrower:723363009	none-narrower	none	C	False	False		0.7494298815727234	0.15902353823184967	1.2715710886971108	0.7494298815727234	550.4
none-narrower:1163472000	none-narrower	none	none	True	False		0.8039896488189697	0.8039896488189697	0.04800847949473268	0.8039896488189697	764.78
gold-removed:7522008	gold-removed	none	none	True	False		0.7746123671531677	0.7746123671531677	0.06569937068137159	0.7746123671531677	525.19
retrieval-miss:230572002	retrieval-miss	none	none	True	False	True	0.5148006081581116	0.5148006081581116	0.4273662866673954	0.5148006081581116	526.19
gold-removed:720604008	gold-removed	none	none	True	False		0.7434975504875183	0.7434975504875183	0.08152854009619494	0.7434975504875183	553.24
none-narrower:50927007	none-narrower	none	none	True	False		0.7700382471084595	0.7700382471084595	0.06442123234642658	0.7700382471084595	526.01
hard:718608006	hard	A	A	True	True	False	0.8983898162841797	0.8983898162841797	0.017481977203897707	0.8983898162841797	766.78
easy:363379000	easy	B	B	True	True	True	0.7279878258705139	0.7279878258705139	0.11412093822384407	0.7279878258705139	684.22
gold-removed:254627002	gold-removed	none	none	True	False		0.6083492636680603	0.6083492636680603	0.22252766397767437	0.6083492636680603	768.74
hard:232006002	hard	C	C	True	True	False	0.8149361610412598	0.8149361610412598	0.049809582855599784	0.8149361610412598	523.6
hard:129639005	hard	D	D	True	True	False	0.9443361759185791	0.9443361759185791	0.004685008881193338	0.9443361759185791	525.14
hard:126980002	hard	F	none	False	True	False	0.5761138200759888	0.21641385555267334	0.9658300167707553	0.5761138200759888	551.73
retrieval-miss:718691008	retrieval-miss	none	D	False	False	True	0.4670009911060333	0.4670009911060333	0.5037533359039847	0.4670009911060333	553.6
retrieval-miss:234110002	retrieval-miss	none	none	True	False	True	0.7909329533576965	0.7909329533576965	0.05509529121924946	0.7909329533576965	525.0
none-narrower:472699005	none-narrower	none	C	False	False		0.47657260298728943	0.47657260298728943	0.5017624986216012	0.47657260298728943	553.07
gold-removed:726708009	gold-removed	none	none	True	False		0.9277172088623047	0.9277172088623047	0.006212740548527898	0.9277172088623047	763.07
easy:83482000	easy	F	F	True	True	False	0.796790599822998	0.796790599822998	0.06603596962227484	0.796790599822998	407.43
hard:254837009	hard	F	F	True	True	False	0.678411602973938	0.678411602973938	0.16015245681304813	0.678411602973938	763.0
retrieval-miss:4945003	retrieval-miss	none	none	True	False	True	0.6758219003677368	0.6758219003677368	0.18177333305641863	0.6758219003677368	767.57
easy:718210003	easy	D	D	True	True	False	0.9418560266494751	0.9418560266494751	0.004985644850465698	0.9418560266494751	766.94
gold-removed:719253007	gold-removed	none	none	True	False		0.7291015386581421	0.7291015386581421	0.10565588700060136	0.7291015386581421	764.96
retrieval-miss:722055008	retrieval-miss	none	none	True	False	True	0.8200764656066895	0.8200764656066895	0.04177078421801175	0.8200764656066895	766.33
easy:763127004	easy	A	A	True	True	False	0.9440795183181763	0.9440795183181763	0.00527596102807573	0.9440795183181763	764.34
retrieval-miss:312912001	retrieval-miss	none	none	True	False	True	0.5201520919799805	0.5201520919799805	0.34472689579973365	0.5201520919799805	525.78
hard:41799005	hard	A	none	False	True	False	0.3928523659706116	0.36207133531570435	0.6106654835914933	0.3928523659706116	524.48
hard:764999002	hard	H	H	True	False	True	0.9093934297561646	0.9093934297561646	0.01089945567370952	0.9093934297561646	766.46
easy:66695004	easy	H	H	True	False	True	0.8397776484489441	0.8397776484489441	0.03670847472686699	0.8397776484489441	801.54
easy:404056007	easy	F	F	True	True	False	0.6105287671089172	0.6105287671089172	0.2710631641024203	0.6105287671089172	524.19
retrieval-miss:388980004	retrieval-miss	none	none	True	False	True	0.4373268187046051	0.4373268187046051	0.40794266225606324	0.4373268187046051	552.61
none-narrower:1162558000	none-narrower	none	none	True	False		0.7158729434013367	0.7158729434013367	0.10478594504407829	0.7158729434013367	524.16
easy:4887000	easy	A	A	True	False	True	0.9551715850830078	0.9551715850830078	0.003166549402247671	0.9551715850830078	800.22
retrieval-miss:234619000	retrieval-miss	none	H	False	False	True	0.6410666108131409	0.22194470465183258	1.0278800924334293	0.6410666108131409	524.7
retrieval-miss:715771008	retrieval-miss	none	D	False	False	True	0.7885160446166992	0.16731733083724976	1.3155101285559634	0.7885160446166992	763.96
retrieval-miss:186217006	retrieval-miss	none	none	True	False	True	0.8251017928123474	0.8251017928123474	0.04297118354347325	0.8251017928123474	407.74
hard:715755008	hard	E	E	True	True	False	0.9329158067703247	0.9329158067703247	0.0074123904077599105	0.9329158067703247	767.08
hard:126703006	hard	E	B	False	False	True	0.4660034775733948	0.020982129499316216	1.3389952903821742	0.4660034775733948	762.21
none-narrower:48309007	none-narrower	none	G	False	False		0.8013941645622253	0.14444607496261597	1.3748944447248759	0.8013941645622253	763.36
easy:37272000	easy	G	G	True	True	False	0.9539457559585571	0.9539457559585571	0.0031179977796968873	0.9539457559585571	766.53
none-narrower:763312008	none-narrower	none	B	False	False		0.524784505367279	0.23207491636276245	0.8890014966346789	0.524784505367279	1129.86
easy:88092000	easy	F	F	True	False	True	0.4782737195491791	0.4782737195491791	0.3963075833391397	0.4782737195491791	552.03
none-narrower:1340174002	none-narrower	none	G	False	False		0.839206874370575	0.0854441300034523	1.5426351940698808	0.839206874370575	550.86
hard:92336000	hard	H	H	True	True	False	0.9149173498153687	0.9149173498153687	0.010212620374305977	0.9149173498153687	552.57
retrieval-miss:16140007	retrieval-miss	none	H	False	False	True	0.8262761831283569	0.1165948137640953	1.463983721303618	0.8262761831283569	525.04
none-narrower:403632002	none-narrower	none	F	False	False		0.5254560708999634	0.44633981585502625	0.5828250130639644	0.5254560708999634	765.34
retrieval-miss:363398003	retrieval-miss	none	none	True	False	True	0.400100976228714	0.400100976228714	0.5101573219261919	0.400100976228714	759.64
hard:426055002	hard	A	A	True	True	False	0.7659674882888794	0.7659674882888794	0.09173073151278273	0.7659674882888794	522.32
none-narrower:716194005	none-narrower	none	H	False	False		0.9534216523170471	0.028547530993819237	1.852789731525969	0.9534216523170471	764.33
none-narrower:94660006	none-narrower	none	none	True	False		0.532120943069458	0.532120943069458	0.2856409980670721	0.532120943069458	550.27
hard:190785000	hard	D	none	False	True	False	0.546005129814148	0.3630950450897217	0.7057488758710082	0.546005129814148	408.11
hard:92385005	hard	B	B	True	True	True	0.6959116458892822	0.6959116458892822	0.15115960819322705	0.6959116458892822	551.13
none-narrower:289474006	none-narrower	none	none	True	False		0.7849499583244324	0.7849499583244324	0.05659667187974707	0.7849499583244324	523.85
easy:238763007	easy	E	E	True	True	False	0.8374161124229431	0.8374161124229431	0.04587478992985444	0.8374161124229431	553.13
retrieval-miss:363009005	retrieval-miss	none	none	True	False	True	0.7047237753868103	0.7047237753868103	0.11357485784238978	0.7047237753868103	767.12
none-narrower:133091000119105	none-narrower	none	none	True	False		0.5774334073066711	0.5774334073066711	0.2543220051151583	0.5774334073066711	408.79
gold-removed:92697000	gold-removed	none	none	True	False		0.46714064478874207	0.46714064478874207	0.40731316261707473	0.46714064478874207	578.53
hard:192781003	hard	H	none	False	True	False	0.5464827418327332	0.39430761337280273	0.6664995308173876	0.5464827418327332	764.56
easy:711480000	easy	H	H	True	True	False	0.5849066376686096	0.5849066376686096	0.23058337357514203	0.5849066376686096	767.59
hard:254709009	hard	F	D	False	False	True	0.7504065036773682	0.033787570893764496	1.5165839843589421	0.7504065036773682	763.13
retrieval-miss:716338001	retrieval-miss	none	B	False	False	True	0.7275936007499695	0.2139735370874405	1.1478353034824345	0.7275936007499695	763.18
easy:14535005	easy	F	F	True	True	False	0.9236533641815186	0.9236533641815186	0.009234861119757779	0.9236533641815186	762.42
easy:734029004	easy	E	E	True	True	True	0.8638700246810913	0.8638700246810913	0.029472931315171976	0.8638700246810913	1057.58
none-narrower:707750005	none-narrower	none	none	True	False		0.6286908388137817	0.6286908388137817	0.1767947948580841	0.6286908388137817	553.8
none-narrower:12240951000119107	none-narrower	none	A	False	False		0.457095742225647	0.28015315532684326	0.7564025547349306	0.457095742225647	765.86
easy:715801001	easy	F	F	True	True	False	0.958277702331543	0.958277702331543	0.002731742982683129	0.958277702331543	1056.49
hard:94140004	hard	G	none	False	True	True	0.5184574127197266	0.07937832176685333	1.2060016349424312	0.5184574127197266	763.28
none-narrower:276682008	none-narrower	none	none	True	False		0.6166380047798157	0.6166380047798157	0.19304669690021262	0.6166380047798157	522.53
retrieval-miss:726672000	retrieval-miss	none	none	True	False	True	0.9111955165863037	0.9111955165863037	0.010931020701359088	0.9111955165863037	763.78
easy:717254007	easy	B	B	True	True	False	0.8161172270774841	0.8161172270774841	0.048740039263463666	0.8161172270774841	764.85
retrieval-miss:105597003	retrieval-miss	none	none	True	False	True	0.5183654427528381	0.5183654427528381	0.29450979501716207	0.5183654427528381	525.15
easy:68779003	easy	E	E	True	True	False	0.7724089026451111	0.7724089026451111	0.08387001389172072	0.7724089026451111	523.89
none-narrower:1144544008	none-narrower	none	none	True	False		0.7994521856307983	0.7994521856307983	0.052977969935692135	0.7994521856307983	525.8
hard:28189009	hard	C	C	True	True	False	0.9085881114006042	0.9085881114006042	0.012941591970468524	0.9085881114006042	765.62
easy:237091009	easy	C	C	True	True	False	0.7267799973487854	0.7267799973487854	0.12144680402926085	0.7267799973487854	525.23
easy:45116002	easy	E	E	True	True	False	0.8588129281997681	0.8588129281997681	0.03255606443709462	0.8588129281997681	765.68
hard:29928006	hard	H	H	True	False	True	0.9135244488716125	0.9135244488716125	0.009751339603640765	0.9135244488716125	524.5
gold-removed:51254007	gold-removed	none	none	True	False		0.8627927899360657	0.8627927899360657	0.025295817389975897	0.8627927899360657	763.55
gold-removed:235825006	gold-removed	none	none	True	False		0.49281013011932373	0.49281013011932373	0.4367103386359059	0.49281013011932373	526.86
hard:47277009	hard	H	H	True	True	False	0.9241282939910889	0.9241282939910889	0.00796039019262433	0.9241282939910889	737.91
gold-removed:766818009	gold-removed	none	none	True	False		0.6089550256729126	0.6089550256729126	0.23306196012311667	0.6089550256729126	765.29
hard:408643008	hard	A	A	True	False	True	0.7120051383972168	0.7120051383972168	0.10611690874897992	0.7120051383972168	767.91
easy:254219004	easy	G	G	True	True	False	0.6861017942428589	0.6861017942428589	0.14208986364768797	0.6861017942428589	554.27
hard:702397002	hard	G	G	True	True	False	0.886693000793457	0.886693000793457	0.018107882285348015	0.886693000793457	554.12
retrieval-miss:240820001	retrieval-miss	none	B	False	False	True	0.7415995001792908	0.20100414752960205	1.1891650489481416	0.7415995001792908	764.22
gold-removed:720495005	gold-removed	none	none	True	False		0.8990679383277893	0.8990679383277893	0.01203591813887174	0.8990679383277893	763.56
none-narrower:145501000119108	none-narrower	none	none	True	False		0.5010877251625061	0.5010877251625061	0.3237938306759234	0.5010877251625061	764.27
hard:715530004	hard	E	E	True	False	True	0.786761999130249	0.786761999130249	0.07003028039637607	0.786761999130249	768.69
hard:102449007	hard	G	G	True	True	False	0.9224286675453186	0.9224286675453186	0.008249421360457438	0.9224286675453186	552.46
easy:363373004	easy	A	none	False	False	True	0.46181637048721313	0.4256318211555481	0.5461451023994455	0.46181637048721313	535.51
hard:205473008	hard	C	C	True	True	False	0.5513001084327698	0.5513001084327698	0.29358665754894364	0.5513001084327698	770.17
easy:312104005	easy	C	C	True	False	True	0.5103794932365417	0.5103794932365417	0.33701732559146896	0.5103794932365417	763.71
easy:63175003	easy	A	A	True	False	True	0.6725738644599915	0.6725738644599915	0.1829250628807753	0.6725738644599915	764.69
hard:363493006	hard	C	none	False	True	True	0.3761007487773895	0.3466319143772125	0.6036469942895286	0.3761007487773895	554.33
retrieval-miss:399955009	retrieval-miss	none	none	True	False	True	0.4664230942726135	0.4664230942726135	0.3919157784679056	0.4664230942726135	1054.97
retrieval-miss:27240009	retrieval-miss	none	none	True	False	True	0.9248203635215759	0.9248203635215759	0.006935863987587476	0.9248203635215759	765.52
none-narrower:1343511009	none-narrower	none	G	False	False		0.42768171429634094	0.30858859419822693	0.6869439092508464	0.42768171429634094	554.18
hard:1489008	hard	E	E	True	False	True	0.8556289076805115	0.8556289076805115	0.031819816588594764	0.8556289076805115	524.9
easy:234576008	easy	C	C	True	True	False	0.8187993168830872	0.8187993168830872	0.04942901840660585	0.8187993168830872	526.03
easy:124267007	easy	C	C	True	False	True	0.7636127471923828	0.7636127471923828	0.09887610858958176	0.7636127471923828	769.84
hard:724142005	hard	A	A	True	False	True	0.9663392305374146	0.9663392305374146	0.0018536223210906609	0.9663392305374146	1056.85
easy:717632002	easy	E	E	True	True	False	0.8801537156105042	0.8801537156105042	0.020819581549734664	0.8801537156105042	1155.83
easy:733447005	easy	H	H	True	True	False	0.930075466632843	0.930075466632843	0.007399537288243034	0.930075466632843	773.28
gold-removed:719172003	gold-removed	none	none	True	False		0.6316710710525513	0.6316710710525513	0.16909538947670955	0.6316710710525513	765.66
none-narrower:705128004	none-narrower	none	B	False	False		0.6887473464012146	0.25872400403022766	1.024406199552261	0.6887473464012146	525.41
gold-removed:126804008	gold-removed	none	E	False	False		0.7182586789131165	0.24866950511932373	1.08064093260185	0.7182586789131165	551.11
gold-removed:50923006	gold-removed	none	none	True	False		0.8465445637702942	0.8465445637702942	0.028638347569501198	0.8465445637702942	764.84
gold-removed:95413004	gold-removed	none	none	True	False		0.7392215132713318	0.7392215132713318	0.09296845418207011	0.7392215132713318	524.6
easy:6729006	easy	A	A	True	True	True	0.8857644200325012	0.8857644200325012	0.021317675750197024	0.8857644200325012	764.22
easy:763793004	easy	H	H	True	False	True	0.9000473618507385	0.9000473618507385	0.014103445893904396	0.9000473618507385	768.28
easy:715342005	easy	F	F	True	True	False	0.9448692798614502	0.9448692798614502	0.004619210010099881	0.9448692798614502	768.68
retrieval-miss:403901001	retrieval-miss	none	F	False	False	True	0.7751220464706421	0.1644752323627472	1.2996373309875286	0.7751220464706421	765.57
hard:187151009	hard	D	D	True	True	False	0.8522523045539856	0.8522523045539856	0.03448802275377408	0.8522523045539856	766.37
gold-removed:155441006	gold-removed	none	F	False	False		0.6266829967498779	0.2169649302959442	1.0211150429162044	0.6266829967498779	763.5
easy:50869007	easy	B	B	True	False	True	0.7082905173301697	0.7082905173301697	0.11671152533327242	0.7082905173301697	554.1
hard:73237007	hard	G	G	True	True	False	0.7939253449440002	0.7939253449440002	0.05878099754013177	0.7939253449440002	526.9
hard:763529005	hard	G	G	True	True	False	0.9615600109100342	0.9615600109100342	0.0021078560998155976	0.9615600109100342	1056.5
gold-removed:128869009	gold-removed	none	none	True	False		0.6507129669189453	0.6507129669189453	0.21976151228455995	0.6507129669189453	552.76
gold-removed:22199006	gold-removed	none	none	True	False		0.8373545408248901	0.8373545408248901	0.03170125684820864	0.8373545408248901	767.02
easy:254790003	easy	D	D	True	True	False	0.6682997345924377	0.6682997345924377	0.18543966595817063	0.6682997345924377	409.41
hard:126677000	hard	B	B	True	True	False	0.7175398468971252	0.7175398468971252	0.11939945101462383	0.7175398468971252	763.84
retrieval-miss:56688005	retrieval-miss	none	D	False	False	True	0.6600884199142456	0.31672656536102295	0.9026918363546661	0.6600884199142456	526.52
easy:202882003	easy	C	C	True	True	False	0.9176031947135925	0.9176031947135925	0.010741090180998749	0.9176031947135925	767.58
hard:29271008	hard	A	A	True	True	True	0.667729377746582	0.667729377746582	0.16694981688851263	0.667729377746582	564.89
hard:36233006	hard	E	E	True	False	True	0.7306911945343018	0.7306911945343018	0.10827129371310451	0.7306911945343018	772.14
easy:719949001	easy	C	C	True	True	False	0.9220006465911865	0.9220006465911865	0.008542292736378456	0.9220006465911865	770.49
easy:61071003	easy	B	B	True	False	True	0.9597207307815552	0.9597207307815552	0.002483980783307505	0.9597207307815552	802.42
retrieval-miss:218728005	retrieval-miss	none	C	False	False	True	0.8623652458190918	0.10336530953645706	1.547878453803363	0.8623652458190918	553.34
retrieval-miss:725028009	retrieval-miss	none	none	True	False	True	0.8478176593780518	0.8478176593780518	0.027709838221142785	0.8478176593780518	1055.89
hard:28314004	hard	D	D	True	True	True	0.7798547744750977	0.7798547744750977	0.08105855823477022	0.7798547744750977	779.57
hard:24269006	hard	C	C	True	True	True	0.4198981523513794	0.4198981523513794	0.5207902765018222	0.4198981523513794	559.09
easy:722376008	easy	G	G	True	True	True	0.941363513469696	0.941363513469696	0.00464945964289801	0.941363513469696	769.74
hard:715406003	hard	E	E	True	True	False	0.9479188919067383	0.9479188919067383	0.004287797124234227	0.9479188919067383	769.55
easy:126680004	easy	D	none	False	True	False	0.690106987953186	0.14643552899360657	1.2107668587523792	0.690106987953186	762.49
none-narrower:93846004	none-narrower	none	B	False	False		0.720486581325531	0.19528166949748993	1.1701587100331825	0.720486581325531	564.44
gold-removed:763213001	gold-removed	none	none	True	False		0.7461816668510437	0.7461816668510437	0.10018364304162576	0.7461816668510437	774.44
gold-removed:71912000	gold-removed	none	none	True	False		0.6555338501930237	0.6555338501930237	0.13923305864088484	0.6555338501930237	526.22
easy:428281000	easy	G	G	True	True	False	0.5113518238067627	0.5113518238067627	0.3615837300429744	0.5113518238067627	555.55
hard:722391005	hard	B	B	True	True	False	0.9396867156028748	0.9396867156028748	0.005781002386376694	0.9396867156028748	767.68
easy:231829006	easy	B	none	False	True	True	0.5278555154800415	0.3235217034816742	0.7433698518269984	0.5278555154800415	526.01
none-narrower:232023006	none-narrower	none	none	True	False		0.6274494528770447	0.6274494528770447	0.19976885510934178	0.6274494528770447	527.2
none-narrower:1382212005	none-narrower	none	B	False	False		0.6111618876457214	0.3452307879924774	0.8026219817799065	0.6111618876457214	765.49
hard:708536001	hard	B	B	True	True	False	0.8242865800857544	0.8242865800857544	0.04327122497687889	0.8242865800857544	764.49
none-narrower:314207007	none-narrower	none	none	True	False		0.611884355545044	0.611884355545044	0.20140246050265098	0.611884355545044	524.81
easy:398723007	easy	D	D	True	False	True	0.7527509331703186	0.7527509331703186	0.08315830563653574	0.7527509331703186	763.54
retrieval-miss:236803007	retrieval-miss	none	none	True	False	True	0.6532236933708191	0.6532236933708191	0.15069510823571527	0.6532236933708191	394.25
hard:721756002	hard	C	C	True	False	True	0.42918500304222107	0.42918500304222107	0.5013997407754606	0.42918500304222107	523.82
none-narrower:418072004	none-narrower	none	none	True	False		0.7634896636009216	0.7634896636009216	0.08027232507277608	0.7634896636009216	553.56
retrieval-miss:87065009	retrieval-miss	none	none	True	False	True	0.7327445149421692	0.7327445149421692	0.1187821435141724	0.7327445149421692	767.09
gold-removed:33655002	gold-removed	none	none	True	False		0.6192258596420288	0.6192258596420288	0.18500009056090339	0.6192258596420288	408.09
easy:254895003	easy	A	A	True	True	False	0.8875628709793091	0.8875628709793091	0.01975595819234653	0.8875628709793091	769.81
easy:255072001	easy	E	E	True	True	True	0.5599668622016907	0.5599668622016907	0.2728196184150333	0.5599668622016907	763.74
none-narrower:423471004	none-narrower	none	A	False	False		0.7484976649284363	0.2201210856437683	1.168672669839046	0.7484976649284363	765.25
hard:25147002	hard	C	C	True	True	False	0.9343600869178772	0.9343600869178772	0.006804392108468563	0.9343600869178772	527.28
retrieval-miss:2109003	retrieval-miss	none	none	True	False	True	0.7090917825698853	0.7090917825698853	0.1296194887476918	0.7090917825698853	767.47
easy:254846003	easy	G	G	True	True	False	0.7834333777427673	0.7834333777427673	0.07107259723037769	0.7834333777427673	766.41
hard:3323003	hard	E	E	True	True	False	0.948010265827179	0.948010265827179	0.0042792727662027035	0.948010265827179	766.35
hard:41446000	hard	E	E	True	True	False	0.7518740296363831	0.7518740296363831	0.09261852764506204	0.7518740296363831	373.26
easy:41572006	easy	B	B	True	False	True	0.9136866331100464	0.9136866331100464	0.010866925299942454	0.9136866331100464	766.5
hard:276645004	hard	F	F	True	True	False	0.7383881211280823	0.7383881211280823	0.10943514392061708	0.7383881211280823	526.02
gold-removed:27215002	gold-removed	none	none	True	False		0.9214782118797302	0.9214782118797302	0.007146325007944052	0.9214782118797302	558.21
gold-removed:433068007	gold-removed	none	none	True	False		0.8313605785369873	0.8313605785369873	0.0336858428390495	0.8313605785369873	553.35
easy:35031005	easy	E	E	True	True	False	0.843860924243927	0.843860924243927	0.03547066464585073	0.843860924243927	769.39
easy:85375000	easy	E	E	True	True	False	0.9364220499992371	0.9364220499992371	0.006207769675439578	0.9364220499992371	526.68
none-narrower:198448006	none-narrower	none	none	True	False		0.4896303713321686	0.4896303713321686	0.3668667904782839	0.4896303713321686	767.51
retrieval-miss:725910009	retrieval-miss	none	none	True	False	True	0.9057793021202087	0.9057793021202087	0.011071522532842253	0.9057793021202087	765.27
hard:719659003	hard	G	G	True	False	True	0.919216513633728	0.919216513633728	0.009074000782208033	0.919216513633728	769.33
hard:81564005	hard	C	C	True	True	True	0.5692799687385559	0.5692799687385559	0.30880054165903276	0.5692799687385559	524.31
none-narrower:723829000	none-narrower	none	G	False	False		0.8578251600265503	0.10282112658023834	1.5410952540551857	0.8578251600265503	528.56
easy:22125009	easy	E	none	False	True	True	0.3743645250797272	0.293081670999527	0.6725227419204319	0.3743645250797272	764.42
retrieval-miss:440350001	retrieval-miss	none	none	True	False	True	0.7334221005439758	0.7334221005439758	0.10593377817554436	0.7334221005439758	767.48
gold-removed:10082001	gold-removed	none	none	True	False		0.800446093082428	0.800446093082428	0.052598353183640825	0.800446093082428	765.16
easy:28183005	easy	E	E	True	True	False	0.9126630425453186	0.9126630425453186	0.012964556428745989	0.9126630425453186	771.56
hard:53597009	hard	D	D	True	True	False	0.8839743137359619	0.8839743137359619	0.0205558713765579	0.8839743137359619	528.36
hard:25010000	hard	H	H	True	False	True	0.815639078617096	0.815639078617096	0.0558762975577171	0.815639078617096	767.02
easy:22949006	easy	C	C	True	False	True	0.7948481440544128	0.7948481440544128	0.05853089420165415	0.7948481440544128	527.65
retrieval-miss:230410004	retrieval-miss	none	E	False	False	True	0.5218415260314941	0.1960269659757614	0.9546796201244916	0.5218415260314941	804.02
gold-removed:239892009	gold-removed	none	none	True	False		0.7231467366218567	0.7231467366218567	0.09831095406980714	0.7231467366218567	556.97
easy:91051003	easy	D	D	True	True	False	0.8436276316642761	0.8436276316642761	0.03889359207344002	0.8436276316642761	529.32
retrieval-miss:124224004	retrieval-miss	none	none	True	False	True	0.9302778840065002	0.9302778840065002	0.006549040135377767	0.9302778840065002	553.04
easy:725027004	easy	G	G	True	False	True	0.96454918384552	0.96454918384552	0.0017409835351486706	0.96454918384552	1063.57
easy:25690000	easy	E	E	True	True	False	0.9177230596542358	0.9177230596542358	0.009796232822060736	0.9177230596542358	767.4
easy:67895005	easy	G	G	True	True	False	0.8987931609153748	0.8987931609153748	0.01481465999566027	0.8987931609153748	553.81
hard:237751000	hard	G	G	True	True	False	0.8873725533485413	0.8873725533485413	0.017385220569936907	0.8873725533485413	764.34
retrieval-miss:54266002	retrieval-miss	none	none	True	False	True	0.7800842523574829	0.7800842523574829	0.07297231214013433	0.7800842523574829	765.24
easy:445436005	easy	C	D	False	True	True	0.5119947195053101	0.24566783010959625	0.8749307050993896	0.5119947195053101	770.58
hard:438476003	hard	C	C	True	True	True	0.7816412448883057	0.7816412448883057	0.07202594704395333	0.7816412448883057	764.95
easy:191382009	easy	G	G	True	True	True	0.9156595468521118	0.9156595468521118	0.01053160837970583	0.9156595468521118	555.66
hard:255154009	hard	C	C	True	True	True	0.428760826587677	0.428760826587677	0.4593453677531235	0.428760826587677	765.4
gold-removed:2284002	gold-removed	none	none	True	False		0.3713182806968689	0.3713182806968689	0.5584167192859841	0.3713182806968689	409.59
easy:363378008	easy	H	A	False	False	True	0.3590245544910431	0.28107261657714844	0.7397725612440313	0.3590245544910431	763.52
hard:126686005	hard	B	none	False	True	False	0.4223434329032898	0.28085964918136597	0.7363796553653403	0.4223434329032898	552.24
easy:43152001	easy	G	G	True	True	False	0.7462455630302429	0.7462455630302429	0.09991491848933333	0.7462455630302429	524.56
hard:723411003	hard	B	B	True	True	False	0.8622452616691589	0.8622452616691589	0.02987351834541684	0.8622452616691589	763.47
gold-removed:234584007	gold-removed	none	none	True	False		0.859883725643158	0.859883725643158	0.026533866889649642	0.859883725643158	767.42
hard:725591002	hard	E	E	True	True	False	0.8890333771705627	0.8890333771705627	0.0194325618796632	0.8890333771705627	767.18
retrieval-miss:243321006	retrieval-miss	none	none	True	False	True	0.5913411378860474	0.5913411378860474	0.2254926425365641	0.5913411378860474	524.92
hard:5262007	hard	G	G	True	True	True	0.8505989909172058	0.8505989909172058	0.030513846335515356	0.8505989909172058	764.14
gold-removed:77489003	gold-removed	none	E	False	False		0.5077754855155945	0.3376722037792206	0.7020643864423068	0.5077754855155945	370.84
none-narrower:371074009	none-narrower	none	none	True	False		0.8200730681419373	0.8200730681419373	0.04379824629904322	0.8200730681419373	525.44
gold-removed:74460005	gold-removed	none	none	True	False		0.6609916090965271	0.6609916090965271	0.15584739673231612	0.6609916090965271	528.01
gold-removed:75544000	gold-removed	none	none	True	False		0.5171022415161133	0.5171022415161133	0.33384693791228476	0.5171022415161133	410.28
hard:28244003	hard	G	G	True	True	False	0.904326319694519	0.904326319694519	0.012597832961407105	0.904326319694519	392.35
retrieval-miss:390834004	retrieval-miss	none	none	True	False	True	0.6168709993362427	0.6168709993362427	0.251773595114239	0.6168709993362427	526.54
easy:128082002	easy	H	H	True	True	True	0.9018616080284119	0.9018616080284119	0.013741411749378672	0.9018616080284119	767.88
easy:720749004	easy	H	H	True	False	True	0.928412914276123	0.928412914276123	0.00803456625778078	0.928412914276123	763.28
none-narrower:56871000	none-narrower	none	none	True	False		0.49595755338668823	0.49595755338668823	0.40836644264691774	0.49595755338668823	763.17
retrieval-miss:70534000	retrieval-miss	none	none	True	False	True	0.4559958875179291	0.4559958875179291	0.45293713151432835	0.4559958875179291	526.14
easy:31659000	easy	H	H	True	False	True	0.9355143308639526	0.9355143308639526	0.005187807502469281	0.9355143308639526	554.02
easy:10623005	easy	F	F	True	True	False	0.6867137551307678	0.6867137551307678	0.14771999752675158	0.6867137551307678	524.95
hard:78622004	hard	C	C	True	True	True	0.39233019948005676	0.39233019948005676	0.5461858786816359	0.39233019948005676	524.68
gold-removed:32893002	gold-removed	none	H	False	False		0.6338173747062683	0.30412107706069946	0.8867816543473144	0.6338173747062683	552.83
gold-removed:33666009	gold-removed	none	A	False	False		0.49065959453582764	0.4167829155921936	0.5851647534971837	0.49065959453582764	525.44
none-narrower:772225005	none-narrower	none	D	False	False		0.9396244287490845	0.0498063862323761	1.7857913471379352	0.9396244287490845	1058.18
easy:45377007	easy	H	H	True	True	True	0.8419908881187439	0.8419908881187439	0.03450733240567512	0.8419908881187439	553.13
hard:254067002	hard	E	A	False	True	False	0.5550190806388855	0.07831797748804092	1.2435736531115469	0.5550190806388855	552.8
none-narrower:403114001	none-narrower	none	none	True	False		0.6177225708961487	0.6177225708961487	0.23654780807607867	0.6177225708961487	524.46
gold-removed:231826004	gold-removed	none	none	True	False		0.6558021903038025	0.6558021903038025	0.1677367917968826	0.6558021903038025	762.32
easy:715415005	easy	H	H	True	True	False	0.9612417817115784	0.9612417817115784	0.0020656931009631714	0.9612417817115784	762.88
easy:429233001	easy	E	E	True	True	True	0.9045543074607849	0.9045543074607849	0.013800598109288333	0.9045543074607849	524.83
easy:15350006	easy	G	G	True	True	False	0.5440073609352112	0.5440073609352112	0.3631494405731509	0.5440073609352112	554.0
gold-removed:59282003	gold-removed	none	none	True	False		0.441112220287323	0.441112220287323	0.4922877685769109	0.441112220287323	526.18
hard:238091006	hard	A	C	False	True	True	0.6776174902915955	0.02591637335717678	1.4574316317698477	0.6776174902915955	763.68
easy:37350004	easy	F	F	True	False	True	0.8143906593322754	0.8143906593322754	0.053378892979442115	0.8143906593322754	525.89
gold-removed:722207000	gold-removed	none	none	True	False		0.6867592930793762	0.6867592930793762	0.1563218918405743	0.6867592930793762	553.1
hard:372140005	hard	E	E	True	True	False	0.42162102460861206	0.42162102460861206	0.4964392092245832	0.42162102460861206	552.35
hard:733518000	hard	C	C	True	True	False	0.907719075679779	0.907719075679779	0.01382001113736864	0.907719075679779	1056.59
none-narrower:109858008	none-narrower	none	G	False	False		0.4367278814315796	0.40250906348228455	0.5546693290009302	0.4367278814315796	764.01
hard:360481003	hard	F	F	True	True	True	0.868156909942627	0.868156909942627	0.026813433942738444	0.868156909942627	551.79
easy:111565003	easy	F	F	True	True	False	0.7285862565040588	0.7285862565040588	0.10677745999031286	0.7285862565040588	371.55
retrieval-miss:238020001	retrieval-miss	none	E	False	False	True	0.777255654335022	0.17894908785820007	1.2786045177431855	0.777255654335022	522.94
hard:423425006	hard	G	A	False	True	True	0.25847843289375305	0.23822595179080963	0.7622837462687619	0.25847843289375305	550.19
retrieval-miss:67915005	retrieval-miss	none	A	False	False	True	0.5164801478385925	0.3726600706577301	0.6647925995060133	0.5164801478385925	407.0
easy:763067000	easy	C	C	True	True	True	0.7050553560256958	0.7050553560256958	0.12560527028514604	0.7050553560256958	766.63
hard:82458004	hard	A	A	True	False	True	0.7076796889305115	0.7076796889305115	0.1303421589123379	0.7076796889305115	763.08
easy:24868007	easy	E	E	True	True	True	0.858147144317627	0.858147144317627	0.028467520078163645	0.858147144317627	523.27
none-narrower:1186810009	none-narrower	none	C	False	False		0.7961518168449402	0.11234399676322937	1.4249747269622535	0.7961518168449402	765.88
easy:27621000119100	easy	C	C	True	False	True	0.7636634707450867	0.7636634707450867	0.09883772857291476	0.7636634707450867	536.51
hard:92040001	hard	A	A	True	True	True	0.6605812907218933	0.6605812907218933	0.17008264017675206	0.6605812907218933	559.51
easy:764944006	easy	C	C	True	True	False	0.7304493188858032	0.7304493188858032	0.11301932794945678	0.7304493188858032	773.54
gold-removed:443095000	gold-removed	none	none	True	False		0.7980128526687622	0.7980128526687622	0.06974300783857489	0.7980128526687622	408.08
hard:707341005	hard	E	E	True	False	True	0.9347110986709595	0.9347110986709595	0.00676102230116849	0.9347110986709595	524.74
hard:27059002	hard	H	H	True	False	True	0.8472610712051392	0.8472610712051392	0.032958938298373056	0.8472610712051392	407.82
none-narrower:773774000	none-narrower	none	C	False	False		0.9613777995109558	0.028785783797502518	1.8675233347872202	0.9613777995109558	1052.36
hard:128128003	hard	F	F	True	True	False	0.749228298664093	0.749228298664093	0.09857946446629523	0.749228298664093	523.05
retrieval-miss:20376005	retrieval-miss	none	none	True	False	True	0.5637167692184448	0.5637167692184448	0.25074232346808595	0.5637167692184448	550.49
none-narrower:1293071007	none-narrower	none	G	False	False		0.8566591143608093	0.09463600814342499	1.5539772988433789	0.8566591143608093	524.17
retrieval-miss:722390006	retrieval-miss	none	none	True	False	True	0.8157710433006287	0.8157710433006287	0.04327320463459983	0.8157710433006287	763.73
easy:71325002	easy	E	none	False	True	False	0.49022531509399414	0.3837868571281433	0.6248685050176269	0.49022531509399414	760.77
gold-removed:448315008	gold-removed	none	none	True	False		0.679834246635437	0.679834246635437	0.12998007365946632	0.679834246635437	761.0
hard:709075008	hard	B	B	True	True	False	0.9558961391448975	0.9558961391448975	0.0029436106559094697	0.9558961391448975	764.14
hard:236644005	hard	A	none	False	True	False	0.49431392550468445	0.3566662669181824	0.6714833866086354	0.49431392550468445	407.71
gold-removed:720983002	gold-removed	none	none	True	False		0.9558358192443848	0.9558358192443848	0.002373355875155194	0.9558358192443848	761.09
easy:109983007	easy	H	H	True	True	False	0.4716131091117859	0.4716131091117859	0.40647802562722446	0.4716131091117859	796.3
hard:92039003	hard	H	H	True	True	True	0.8382680416107178	0.8382680416107178	0.03697845913197593	0.8382680416107178	759.59
easy:92617001	easy	D	D	True	True	True	0.6796606183052063	0.6796606183052063	0.16878769901596746	0.6796606183052063	551.01
easy:76916001	easy	D	D	True	True	False	0.8747093677520752	0.8747093677520752	0.023886872389136046	0.8747093677520752	405.5
hard:19034001	hard	A	A	True	False	True	0.8209604024887085	0.8209604024887085	0.0510004644357502	0.8209604024887085	405.97
easy:93235007	easy	F	none	False	False	True	0.3434319794178009	0.31652316451072693	0.685446748315169	0.3434319794178009	759.75
easy:70931000	easy	F	F	True	False	True	0.5370225310325623	0.5370225310325623	0.36591768437935335	0.5370225310325623	521.7
easy:233915000	easy	B	E	False	False	True	0.7940664887428284	0.023776110261678696	1.6044746532191494	0.7940664887428284	760.95
hard:253187005	hard	E	E	True	False	True	0.7007046341896057	0.7007046341896057	0.1317804875183044	0.7007046341896057	550.39
hard:270516002	hard	D	D	True	True	True	0.854515016078949	0.854515016078949	0.03074835555193346	0.854515016078949	763.62
retrieval-miss:105706003	retrieval-miss	none	none	True	False	True	0.6168206334114075	0.6168206334114075	0.2177498314048935	0.6168206334114075	522.54
none-narrower:2061000	none-narrower	none	none	True	False		0.5323807001113892	0.5323807001113892	0.27444855896802656	0.5323807001113892	522.22
hard:232442001	hard	H	H	True	False	True	0.5150991678237915	0.5150991678237915	0.31786359423062627	0.5150991678237915	523.49
none-narrower:302958006	none-narrower	none	none	True	False		0.6038490533828735	0.6038490533828735	0.207499605606299	0.6038490533828735	759.97
none-narrower:686991000119106	none-narrower	none	A	False	False		0.46305662393569946	0.42677488923072815	0.5492689331306136	0.46305662393569946	522.15
none-narrower:12181000119103	none-narrower	none	F	False	False		0.5545928478240967	0.4001593589782715	0.6680943256495713	0.5545928478240967	520.42
gold-removed:60380001	gold-removed	none	E	False	False		0.556260883808136	0.3409312963485718	0.7468802961962896	0.556260883808136	521.08
none-narrower:1344682008	none-narrower	none	F	False	False		0.6372398138046265	0.3317576050758362	0.8529316934416487	0.6372398138046265	522.45
retrieval-miss:13445001	retrieval-miss	none	none	True	False	True	0.6259153485298157	0.6259153485298157	0.2466422382691474	0.6259153485298157	760.04
hard:86500004	hard	G	G	True	True	False	0.8739239573478699	0.8739239573478699	0.021305861223613835	0.8739239573478699	563.64
hard:707756004	hard	A	A	True	True	False	0.9135037660598755	0.9135037660598755	0.011604102302985378	0.9135037660598755	557.91
none-narrower:11045000	none-narrower	none	B	False	False		0.4990026652812958	0.4599040448665619	0.5411091011778044	0.4990026652812958	529.96
retrieval-miss:67795000	retrieval-miss	none	none	True	False	True	0.9235689043998718	0.9235689043998718	0.007023911918370707	0.9235689043998718	760.26
hard:254711000	hard	B	B	True	True	True	0.8142558336257935	0.8142558336257935	0.056399065473358365	0.8142558336257935	760.63
hard:54470008	hard	F	F	True	False	True	0.9685620069503784	0.9685620069503784	0.0014465246947540703	0.9685620069503784	794.69
none-narrower:301191003	none-narrower	none	none	True	False		0.7527995109558105	0.7527995109558105	0.07634312010467946	0.7527995109558105	549.99
hard:19138001	hard	G	G	True	True	False	0.8611975312232971	0.8611975312232971	0.02657516116482537	0.8611975312232971	548.62
none-narrower:782754006	none-narrower	none	B	False	False		0.9070320725440979	0.06141281500458717	1.703822389994817	0.9070320725440979	761.28
retrieval-miss:37548006	retrieval-miss	none	C	False	False	True	0.7321895956993103	0.1984538584947586	1.1796008267141764	0.7321895956993103	761.55
easy:716723000	easy	G	E	False	False	True	0.9526818990707397	0.0029043215326964855	1.9027948583721186	0.9526818990707397	761.9
gold-removed:29740003	gold-removed	none	none	True	False		0.6163220405578613	0.6163220405578613	0.22918234756796999	0.6163220405578613	523.45
easy:408751001	easy	D	D	True	True	False	0.9481835961341858	0.9481835961341858	0.004534165842153619	0.9481835961341858	762.98
hard:92087008	hard	H	H	True	True	True	0.4594717025756836	0.4594717025756836	0.4322150631641652	0.4594717025756836	549.34
hard:7259005	hard	C	C	True	False	True	0.9018899202346802	0.9018899202346802	0.01499984556159251	0.9018899202346802	761.73
easy:721882001	easy	C	C	True	False	True	0.547084391117096	0.547084391117096	0.3026255616202118	0.547084391117096	762.79
none-narrower:340461000119106	none-narrower	none	none	True	False		0.5470391511917114	0.5470391511917114	0.3626753585010858	0.5470391511917114	521.88
none-narrower:125628003	none-narrower	none	none	True	False		0.7911286950111389	0.7911286950111389	0.0532926263812211	0.7911286950111389	548.66
hard:237610008	hard	C	C	True	False	True	0.8219872713088989	0.8219872713088989	0.0506777521094054	0.8219872713088989	762.58
none-narrower:43634002	none-narrower	none	none	True	False		0.5223894119262695	0.5223894119262695	0.39640635572486155	0.5223894119262695	525.55
retrieval-miss:279611005	retrieval-miss	none	none	True	False	True	0.8709406852722168	0.8709406852722168	0.019222323638263168	0.8709406852722168	763.49
hard:118611004	hard	D	D	True	True	False	0.9192150831222534	0.9192150831222534	0.010457507828007435	0.9192150831222534	760.68
gold-removed:397012002	gold-removed	none	none	True	False		0.5784860849380493	0.5784860849380493	0.22926326715335904	0.5784860849380493	758.62
none-narrower:203260009	none-narrower	none	none	True	False		0.6700881123542786	0.6700881123542786	0.133614680630407	0.6700881123542786	522.21
hard:237963003	hard	C	A	False	True	False	0.48860955238342285	0.15590783953666687	1.0420732623757207	0.48860955238342285	521.77
hard:4754008	hard	H	H	True	False	True	0.5097748041152954	0.5097748041152954	0.3603148319475783	0.5097748041152954	759.3
easy:49584005	easy	A	A	True	True	True	0.8199179172515869	0.8199179172515869	0.054508160889978965	0.8199179172515869	552.08
hard:732928005	hard	F	F	True	True	False	0.9459561109542847	0.9459561109542847	0.004115292313495849	0.9459561109542847	521.77
retrieval-miss:110997000	retrieval-miss	none	none	True	False	True	0.955508828163147	0.955508828163147	0.002330094725081258	0.955508828163147	761.46
easy:86638007	easy	E	E	True	True	False	0.955033540725708	0.955033540725708	0.003369382563787656	0.955033540725708	758.96
easy:725463007	easy	B	B	True	True	False	0.900486409664154	0.900486409664154	0.015225072499192902	0.900486409664154	761.93
retrieval-miss:183342005	retrieval-miss	none	none	True	False	True	0.7836011052131653	0.7836011052131653	0.06425646428165264	0.7836011052131653	760.11
none-narrower:424289008	none-narrower	none	B	False	False		0.562341034412384	0.40575045347213745	0.6695876009539286	0.562341034412384	759.36
easy:205468002	easy	H	H	True	True	False	0.9081424474716187	0.9081424474716187	0.012444166422866587	0.9081424474716187	765.12
none-narrower:240716009	none-narrower	none	none	True	False		0.6195138096809387	0.6195138096809387	0.2132219090024015	0.6195138096809387	549.53
hard:721617001	hard	E	E	True	False	True	0.6799423098564148	0.6799423098564148	0.1539220859521013	0.6799423098564148	761.58
gold-removed:109477002	gold-removed	none	none	True	False		0.9321328997612	0.9321328997612	0.00542227650233502	0.9321328997612	522.14
gold-removed:715822007	gold-removed	none	none	True	False		0.3253155052661896	0.3253155052661896	0.6051025667202307	0.3253155052661896	762.45
hard:722457005	hard	C	C	True	True	False	0.9458873867988586	0.9458873867988586	0.004530875163165141	0.9458873867988586	761.54
hard:237683004	hard	G	G	True	True	False	0.8400084972381592	0.8400084972381592	0.03656356152747033	0.8400084972381592	548.08
hard:713060000	hard	B	B	True	True	False	0.901413083076477	0.901413083076477	0.012962634241514873	0.901413083076477	760.01
none-narrower:109972003	none-narrower	none	none	True	False		0.6319044828414917	0.6319044828414917	0.1918367325303021	0.6319044828414917	763.61
easy:3978000	easy	F	F	True	True	False	0.9464554786682129	0.9464554786682129	0.004060378323591048	0.9464554786682129	760.24
easy:417607009	easy	E	E	True	True	False	0.9616694450378418	0.9616694450378418	0.002099265417126137	0.9616694450378418	761.45
hard:44274007	hard	F	F	True	True	True	0.8284274935722351	0.8284274935722351	0.045964390562104065	0.8284274935722351	550.65
hard:724066002	hard	C	C	True	True	False	0.8083905577659607	0.8083905577659607	0.05059849641706204	0.8083905577659607	763.92
hard:702437000	hard	D	D	True	True	False	0.9070340991020203	0.9070340991020203	0.013221560323067493	0.9070340991020203	523.02
hard:58976002	hard	E	none	False	True	True	0.4932558536529541	0.35590285062789917	0.6666406118024159	0.4932558536529541	793.33
retrieval-miss:397758007	retrieval-miss	none	H	False	False	True	0.5184428691864014	0.374076247215271	0.6626578736184197	0.5184428691864014	756.17
easy:726051002	easy	A	A	True	True	False	0.41087621450424194	0.41087621450424194	0.47992875282908976	0.41087621450424194	519.98
gold-removed:50715003	gold-removed	none	none	True	False		0.3976661264896393	0.3976661264896393	0.5148696550163617	0.3976661264896393	546.09
retrieval-miss:710572000	retrieval-miss	none	G	False	False	True	0.5520502924919128	0.2250041961669922	0.9421260620474778	0.5520502924919128	758.31
easy:92205005	easy	G	G	True	True	True	0.8320103883743286	0.8320103883743286	0.040564032758432476	0.8320103883743286	755.58
hard:363495004	hard	F	F	True	True	True	0.7027838826179504	0.7027838826179504	0.1396292191898697	0.7027838826179504	548.4
hard:363458004	hard	F	F	True	True	True	0.8597321510314941	0.8597321510314941	0.030609605262790607	0.8597321510314941	755.63
easy:723552005	easy	F	F	True	False	True	0.9486834406852722	0.9486834406852722	0.0042114413964712515	0.9486834406852722	794.0
none-narrower:16060551000119103	none-narrower	none	none	True	False		0.7161719799041748	0.7161719799041748	0.14230716148703987	0.7161719799041748	521.17
none-narrower:443971004	none-narrower	none	none	True	False		0.6476287841796875	0.6476287841796875	0.16914381588501248	0.6476287841796875	520.22
hard:726610000	hard	G	G	True	True	True	0.9733130931854248	0.9733130931854248	0.0009139174204015539	0.9733130931854248	1051.13
hard:230450001	hard	A	A	True	False	True	0.8754063248634338	0.8754063248634338	0.025046723868009498	0.8754063248634338	757.88
none-narrower:11780521000119105	none-narrower	none	none	True	False		0.8098466396331787	0.8098466396331787	0.043960195491619024	0.8098466396331787	519.82
retrieval-miss:4416007	retrieval-miss	none	none	True	False	True	0.7964937090873718	0.7964937090873718	0.051612012748093884	0.7964937090873718	757.86
hard:718053009	hard	C	C	True	False	True	0.6491809487342834	0.6491809487342834	0.19545831678415052	0.6491809487342834	518.37
hard:8634009	hard	D	D	True	True	False	0.8731141090393066	0.8731141090393066	0.025569986228519862	0.8731141090393066	518.25
none-narrower:703163006	none-narrower	none	none	True	False		0.5989214777946472	0.5989214777946472	0.19949503219068046	0.5989214777946472	521.06
hard:719456001	hard	E	E	True	False	True	0.9214274287223816	0.9214274287223816	0.008486162561067778	0.9214274287223816	760.7
hard:57993004	hard	A	A	True	True	True	0.48885059356689453	0.48885059356689453	0.417397229134431	0.48885059356689453	403.96
retrieval-miss:233692000	retrieval-miss	none	none	True	False	True	0.5025501251220703	0.5025501251220703	0.3683709983518242	0.5025501251220703	761.33
gold-removed:56882008	gold-removed	none	B	False	False		0.44922590255737305	0.44922590255737305	0.509030804694995	0.44922590255737305	759.44
easy:111396008	easy	F	F	True	True	True	0.8897504210472107	0.8897504210472107	0.016848362902021657	0.8897504210472107	758.26
retrieval-miss:399029005	retrieval-miss	none	none	True	False	True	0.7670849561691284	0.7670849561691284	0.07558268270360748	0.7670849561691284	520.04
hard:237611007	hard	B	B	True	False	True	0.9480333924293518	0.9480333924293518	0.004058251175673939	0.9480333924293518	549.11
easy:187736009	easy	F	B	False	True	True	0.3809067904949188	0.35106170177459717	0.6210252669687187	0.3809067904949188	548.04
none-narrower:1186834004	none-narrower	none	F	False	False		0.4347626566886902	0.3693021535873413	0.6137138966738496	0.4347626566886902	522.35
hard:230496009	hard	B	B	True	True	False	0.926146388053894	0.926146388053894	0.00884361420957638	0.926146388053894	563.82
easy:80328002	easy	B	none	False	False	True	0.8007487654685974	0.008300844579935074	1.633785307940688	0.8007487654685974	560.06
easy:195469007	easy	B	B	True	False	True	0.7868455052375793	0.7868455052375793	0.06338176530920928	0.7868455052375793	558.71
gold-removed:700107006	gold-removed	none	none	True	False		0.4505108892917633	0.4505108892917633	0.3784923760270894	0.4505108892917633	771.42
none-narrower:1264565005	none-narrower	none	D	False	False		0.7406310439109802	0.12303432822227478	1.33057564033503	0.7406310439109802	772.01
gold-removed:92068002	gold-removed	none	none	True	False		0.5364273190498352	0.5364273190498352	0.3202166409563728	0.5364273190498352	550.52
hard:448664009	hard	H	H	True	True	False	0.48325270414352417	0.48325270414352417	0.4160890698660901	0.48325270414352417	654.05
hard:240613006	hard	G	G	True	False	True	0.6344332098960876	0.6344332098960876	0.18290887924455865	0.6344332098960876	758.06
none-narrower:50279003	none-narrower	none	H	False	False		0.5070253014564514	0.43068450689315796	0.582100336977012	0.5070253014564514	520.53
hard:127217009	hard	G	G	True	True	False	0.9604790806770325	0.9604790806770325	0.0022001677645697403	0.9604790806770325	762.69
easy:188264002	easy	E	E	True	True	True	0.35307615995407104	0.35307615995407104	0.5912348576029668	0.35307615995407104	522.27
retrieval-miss:79883001	retrieval-miss	none	none	True	False	True	0.5406880378723145	0.5406880378723145	0.39077335562167353	0.5406880378723145	762.38
gold-removed:734173003	gold-removed	none	none	True	False		0.8777649402618408	0.8777649402618408	0.018743364521389392	0.8777649402618408	798.21
easy:230571009	easy	G	G	True	False	True	0.876987099647522	0.876987099647522	0.02328525871063383	0.876987099647522	551.95
hard:425940002	hard	E	E	True	True	False	0.8974229693412781	0.8974229693412781	0.015839332453362345	0.8974229693412781	521.98
easy:95280005	easy	E	E	True	True	False	0.8637022376060486	0.8637022376060486	0.029475695784547146	0.8637022376060486	536.85
easy:722690001	easy	A	A	True	True	True	0.6403192281723022	0.6403192281723022	0.21130462586257337	0.6403192281723022	769.19
gold-removed:399340005	gold-removed	none	none	True	False		0.5183239579200745	0.5183239579200745	0.3116100888389908	0.5183239579200745	522.92
hard:85102008	hard	H	H	True	True	False	0.6968835592269897	0.6968835592269897	0.1424947797565025	0.6968835592269897	524.45
easy:390936003	easy	B	B	True	False	True	0.6423773169517517	0.6423773169517517	0.17612693205720165	0.6423773169517517	762.78
retrieval-miss:105600002	retrieval-miss	none	none	True	False	True	0.6352728009223938	0.6352728009223938	0.24283797605609714	0.6352728009223938	523.68
none-narrower:721267000	none-narrower	none	none	True	False		0.49423277378082275	0.49423277378082275	0.34769357571750187	0.49423277378082275	527.51
easy:86406008	easy	D	D	True	False	True	0.85147625207901	0.85147625207901	0.0347036100372671	0.85147625207901	552.89
retrieval-miss:205550003	retrieval-miss	none	E	False	False	True	0.7809270024299622	0.09360382705926895	1.4393228250400343	0.7809270024299622	523.55
easy:192727001	easy	E	E	True	False	True	0.8578122854232788	0.8578122854232788	0.03283042964665463	0.8578122854232788	766.51
hard:403970001	hard	G	G	True	True	False	0.8883801102638245	0.8883801102638245	0.01707096518828724	0.8883801102638245	526.13
gold-removed:235494005	gold-removed	none	none	True	False		0.6013227105140686	0.6013227105140686	0.22449969515887974	0.6013227105140686	408.86
easy:62009002	easy	G	G	True	True	True	0.7546616196632385	0.7546616196632385	0.08782371726243879	0.7546616196632385	766.69
hard:8691004	hard	H	H	True	True	False	0.8391928672790527	0.8391928672790527	0.03285785904829563	0.8391928672790527	553.36
easy:127232002	easy	D	none	False	False	True	0.45015937089920044	0.058544307947158813	1.2385210820302746	0.45015937089920044	523.5
easy:27614006	easy	G	G	True	True	False	0.8941001892089844	0.8941001892089844	0.016495374778770368	0.8941001892089844	407.49
hard:267607008	hard	E	E	True	True	True	0.8676436543464661	0.8676436543464661	0.026991360323899396	0.8676436543464661	524.92
easy:232262007	easy	H	C	False	False	True	0.6096418499946594	0.17928583920001984	1.0776557043881916	0.6096418499946594	523.75
hard:75238000	hard	E	E	True	False	True	0.9244576096534729	0.9244576096534729	0.009100967292527816	0.9244576096534729	762.7
gold-removed:88905005	gold-removed	none	none	True	False		0.9553734660148621	0.9553734660148621	0.0023565923431367146	0.9553734660148621	769.35
hard:764625002	hard	F	F	True	True	True	0.954622209072113	0.954622209072113	0.00340528449653321	0.954622209072113	1056.97
hard:40149008	hard	G	G	True	True	False	0.9039891362190247	0.9039891362190247	0.01262257735514807	0.9039891362190247	552.92
gold-removed:109978004	gold-removed	none	none	True	False		0.8419265747070312	0.8419265747070312	0.035927832794711956	0.8419265747070312	764.73
gold-removed:53165003	gold-removed	none	none	True	False		0.5109724998474121	0.5109724998474121	0.2864006803123687	0.5109724998474121	766.54
gold-removed:763274002	gold-removed	none	none	True	False		0.8310589790344238	0.8310589790344238	0.035210968248833775	0.8310589790344238	1061.1
easy:70090004	easy	F	F	True	True	False	0.9084303975105286	0.9084303975105286	0.012964285187688742	0.9084303975105286	523.76
gold-removed:716097001	gold-removed	none	none	True	False		0.538813054561615	0.538813054561615	0.2986172392834984	0.538813054561615	763.99
gold-removed:111489007	gold-removed	none	none	True	False		0.701461136341095	0.701461136341095	0.11528807661327928	0.701461136341095	552.24
retrieval-miss:43116000	retrieval-miss	none	none	True	False	True	0.4553122818470001	0.4553122818470001	0.4763526221689241	0.4553122818470001	525.51
retrieval-miss:307406004	retrieval-miss	none	D	False	False	True	0.8666752576828003	0.11271330714225769	1.5384819632069402	0.8666752576828003	525.79
hard:92080005	hard	G	G	True	True	False	0.8797011971473694	0.8797011971473694	0.019124257199786943	0.8797011971473694	526.06
hard:25898005	hard	H	H	True	True	True	0.8186487555503845	0.8186487555503845	0.04448627512109206	0.8186487555503845	523.31
hard:363404008	hard	A	A	True	True	True	0.5577596426010132	0.5577596426010132	0.2748682310043089	0.5577596426010132	553.89
easy:26479009	easy	B	none	False	False	True	0.4755150079727173	0.3431021571159363	0.6698262407164618	0.4755150079727173	523.83
easy:234633000	easy	C	C	True	True	True	0.40875375270843506	0.40875375270843506	0.5096184928878431	0.40875375270843506	801.32
none-narrower:1231185005	none-narrower	none	H	False	False		0.6145436763763428	0.31994161009788513	0.8411623288283994	0.6145436763763428	764.94
easy:720813007	easy	E	E	True	False	True	0.9734591245651245	0.9734591245651245	0.0010366192905863169	0.9734591245651245	765.72
easy:442696006	easy	H	H	True	True	False	0.8594834804534912	0.8594834804534912	0.027073310347729144	0.8594834804534912	764.04
easy:426336007	easy	C	C	True	False	True	0.7607212662696838	0.7607212662696838	0.08895818253716978	0.7607212662696838	764.25
hard:403975006	hard	D	D	True	True	False	0.9089619517326355	0.9089619517326355	0.012877693519679231	0.9089619517326355	553.84
easy:232364006	easy	B	B	True	True	False	0.8361738324165344	0.8361738324165344	0.0434717043552038	0.8361738324165344	763.92
none-narrower:239813000	none-narrower	none	none	True	False		0.7174926996231079	0.7174926996231079	0.10414009021750585	0.7174926996231079	553.14
hard:448794008	hard	B	B	True	True	False	0.6271248459815979	0.6271248459815979	0.19468617944915403	0.6271248459815979	551.63
none-narrower:254255007	none-narrower	none	none	True	False		0.6379355788230896	0.6379355788230896	0.16833065303084338	0.6379355788230896	526.48
easy:724642009	easy	F	F	True	False	True	0.9324365854263306	0.9324365854263306	0.006480481116829987	0.9324365854263306	1055.32
none-narrower:278043000	none-narrower	none	D	False	False		0.8835818767547607	0.08291341364383698	1.6220375031720244	0.8835818767547607	764.42
none-narrower:37369009	none-narrower	none	none	True	False		0.8654766082763672	0.8654766082763672	0.024314791947907574	0.8654766082763672	526.22
hard:720635002	hard	E	E	True	False	True	0.8133435249328613	0.8133435249328613	0.04760220481423772	0.8133435249328613	764.47
none-narrower:237155000	none-narrower	none	none	True	False		0.6235435009002686	0.6235435009002686	0.18906963884763436	0.6235435009002686	526.9
easy:715952000	easy	D	F	False	False	True	0.9027177691459656	0.0010337748099118471	1.8164066847888245	0.9027177691459656	766.35
retrieval-miss:443416007	retrieval-miss	none	none	True	False	True	0.6217377781867981	0.6217377781867981	0.2121368472215336	0.6217377781867981	554.38
easy:32139003	easy	F	F	True	True	False	0.617145299911499	0.617145299911499	0.22466885995076716	0.617145299911499	525.36
easy:204370002	easy	D	D	True	True	True	0.807811439037323	0.807811439037323	0.05578849418909893	0.807811439037323	526.42
gold-removed:312514006	gold-removed	none	none	True	False		0.837859034538269	0.837859034538269	0.033564717480550565	0.837859034538269	766.5
retrieval-miss:725034002	retrieval-miss	none	B	False	False	True	0.8349006175994873	0.12782728672027588	1.4581505905992667	0.8349006175994873	767.23
gold-removed:192958009	gold-removed	none	none	True	False		0.7693801522254944	0.7693801522254944	0.06923641014403653	0.7693801522254944	525.25
hard:721974000	hard	A	A	True	True	False	0.8302883505821228	0.8302883505821228	0.04805078703940828	0.8302883505821228	767.99
easy:400948003	easy	A	A	True	True	False	0.8817198872566223	0.8817198872566223	0.023563565591092437	0.8817198872566223	766.84
easy:31742004	easy	B	B	True	True	False	0.46828728914260864	0.46828728914260864	0.39112646806724705	0.46828728914260864	766.67
hard:127055007	hard	B	B	True	True	False	0.8158929347991943	0.8158929347991943	0.05042708379641323	0.8158929347991943	763.95
retrieval-miss:32599008	retrieval-miss	none	none	True	False	True	0.8660751581192017	0.8660751581192017	0.022650023278112254	0.8660751581192017	765.93
hard:398623004	hard	H	H	True	True	False	0.7161945104598999	0.7161945104598999	0.10945882250552658	0.7161945104598999	801.7
retrieval-miss:192877007	retrieval-miss	none	H	False	False	True	0.8971313834190369	0.06590646505355835	1.6778715292109303	0.8971313834190369	524.81
gold-removed:118940003	gold-removed	none	none	True	False		0.8239944577217102	0.8239944577217102	0.03661654314882834	0.8239944577217102	525.36
easy:268163008	easy	F	F	True	False	True	0.72434002161026	0.72434002161026	0.12222373920529599	0.72434002161026	524.57
hard:193413001	hard	H	H	True	True	False	0.5965191125869751	0.5965191125869751	0.23834130177086188	0.5965191125869751	764.45
gold-removed:716239006	gold-removed	none	none	True	False		0.8754406571388245	0.8754406571388245	0.021958435146487088	0.8754406571388245	765.33
easy:715504003	easy	G	G	True	True	True	0.879985511302948	0.879985511302948	0.021488465388460887	0.879985511302948	766.02
easy:367434002	easy	H	H	True	True	False	0.5645899772644043	0.5645899772644043	0.2671168441327006	0.5645899772644043	764.74
none-narrower:1197741006	none-narrower	none	none	True	False		0.4448266625404358	0.4448266625404358	0.48718800732713713	0.4448266625404358	553.98
none-narrower:371045000	none-narrower	none	D	False	False		0.48928526043891907	0.38305091857910156	0.6228723452688334	0.48928526043891907	528.97
easy:51744007	easy	H	H	True	True	False	0.8051345944404602	0.8051345944404602	0.054510491441058566	0.8051345944404602	524.06
easy:715736008	easy	B	B	True	True	False	0.9495792984962463	0.9495792984962463	0.0035735143044948008	0.9495792984962463	766.66
hard:51387008	hard	B	none	False	True	False	0.6992641687393188	0.24209359288215637	1.0641147015908845	0.6992641687393188	523.55
easy:48528004	easy	F	none	False	True	False	0.4787929654121399	0.3454669415950775	0.6711140132391193	0.4787929654121399	799.7
none-narrower:1259102000	none-narrower	none	none	True	False		0.5110723376274109	0.5110723376274109	0.40135887347974336	0.5110723376274109	553.69
hard:82236004	hard	G	G	True	False	True	0.7201423048973083	0.7201423048973083	0.10528987101426071	0.7201423048973083	763.84
retrieval-miss:399992009	retrieval-miss	none	none	True	False	True	0.5420361757278442	0.5420361757278442	0.26601595313142307	0.5420361757278442	551.46
retrieval-miss:403886007	retrieval-miss	none	G	False	False	True	0.8144246339797974	0.08997032791376114	1.4940860868916586	0.8144246339797974	763.39
easy:10934005	easy	B	B	True	True	False	0.570204496383667	0.570204496383667	0.2961840952703625	0.570204496383667	552.19
none-narrower:446771003	none-narrower	none	D	False	False		0.8544178605079651	0.1024126186966896	1.5362040473368574	0.8544178605079651	525.15
retrieval-miss:758664007	retrieval-miss	none	none	True	False	True	0.6048283576965332	0.6048283576965332	0.20928150825741454	0.6048283576965332	765.7
hard:733112007	hard	F	F	True	True	False	0.9714377522468567	0.9714377522468567	0.0012044404490573384	0.9714377522468567	800.8
easy:237965005	easy	E	none	False	True	False	0.4369520843029022	0.31527718901634216	0.6979360953877107	0.4369520843029022	526.22
hard:70737009	hard	C	C	True	False	True	0.6031120419502258	0.6031120419502258	0.23209459587947637	0.6031120419502258	767.07
easy:718897009	easy	A	A	True	True	False	0.8920938968658447	0.8920938968658447	0.017038334234060856	0.8920938968658447	764.99
easy:11296007	easy	G	G	True	False	True	0.8647397756576538	0.8647397756576538	0.026452674255021447	0.8647397756576538	525.97
none-narrower:44939003	none-narrower	none	none	True	False		0.7521606683731079	0.7521606683731079	0.08562691782655255	0.7521606683731079	763.41
hard:726707004	hard	C	C	True	True	True	0.8296602964401245	0.8296602964401245	0.04243506908116093	0.8296602964401245	766.53
hard:63684002	hard	D	D	True	True	False	0.8672924041748047	0.8672924041748047	0.026159070932961805	0.8672924041748047	527.11
easy:236811002	easy	E	E	True	True	False	0.8397505879402161	0.8397505879402161	0.0424252234030592	0.8397505879402161	466.1
none-narrower:246762009	none-narrower	none	none	True	False		0.688766598701477	0.688766598701477	0.1171645371039533	0.688766598701477	526.4
easy:72900001	easy	F	F	True	False	True	0.840565025806427	0.840565025806427	0.038136436568193065	0.840565025806427	762.94
hard:230421008	hard	D	D	True	True	False	0.9560814499855042	0.9560814499855042	0.0029239486121705486	0.9560814499855042	764.77
hard:92788005	hard	B	B	True	True	False	0.5539039969444275	0.5539039969444275	0.2821011871035525	0.5539039969444275	552.72
easy:126799003	easy	A	A	True	True	False	0.5341090559959412	0.5341090559959412	0.3924212242504016	0.5341090559959412	551.41
easy:33982008	easy	A	none	False	False	True	0.47410568594932556	0.3420852720737457	0.6724096531315201	0.47410568594932556	764.09
none-narrower:93646002	none-narrower	none	none	True	False		0.4761132597923279	0.4761132597923279	0.3851082867806214	0.4761132597923279	764.51
gold-removed:431034009	gold-removed	none	none	True	False		0.5852311253547668	0.5852311253547668	0.2548417993337646	0.5852311253547668	553.79
easy:721843003	easy	C	C	True	True	False	0.8270094990730286	0.8270094990730286	0.04414812851605928	0.8270094990730286	526.37
none-narrower:451981000124108	none-narrower	none	none	True	False		0.8069112300872803	0.8069112300872803	0.04420732907892117	0.8069112300872803	777.3
gold-removed:95333004	gold-removed	none	D	False	False		0.8883782029151917	0.07683166861534119	1.6416785548899764	0.8883782029151917	531.2
none-narrower:1259079006	none-narrower	none	none	True	False		0.5224753022193909	0.5224753022193909	0.3552005067827967	0.5224753022193909	764.5
none-narrower:236631000	none-narrower	none	A	False	False		0.5261242985725403	0.4469074308872223	0.5828653729593163	0.5261242985725403	526.44
hard:89242004	hard	G	G	True	True	True	0.792331874370575	0.792331874370575	0.06148231478467824	0.792331874370575	370.52
easy:432261003	easy	F	F	True	True	False	0.9731225371360779	0.9731225371360779	0.001055968230148876	0.9731225371360779	552.96
retrieval-miss:2689001	retrieval-miss	none	B	False	False	True	0.5468705296516418	0.3945874571800232	0.6664434182490038	0.5468705296516418	766.48
retrieval-miss:717736007	retrieval-miss	none	F	False	False	True	0.6824819445610046	0.2563704252243042	1.0195589984121094	0.6824819445610046	768.37
hard:716859000	hard	D	D	True	False	True	0.7954779863357544	0.7954779863357544	0.0567439274388328	0.7954779863357544	767.39
hard:763376002	hard	G	G	True	True	False	0.9711918234825134	0.9711918234825134	0.0010993937209335175	0.9711918234825134	1055.0
hard:83799000	hard	F	F	True	False	True	0.7912291288375854	0.7912291288375854	0.060141473970492174	0.7912291288375854	553.1
easy:18927009	easy	D	none	False	True	True	0.8263141512870789	0.006180590018630028	1.6787813015143374	0.8263141512870789	764.31
retrieval-miss:67256000	retrieval-miss	none	none	True	False	True	0.7805200219154358	0.7805200219154358	0.06514923303583645	0.7805200219154358	550.55
easy:715192004	easy	B	B	True	True	False	0.6583577990531921	0.6583577990531921	0.16824178464590295	0.6583577990531921	762.75
none-narrower:1335794000	none-narrower	none	none	True	False		0.47050198912620544	0.47050198912620544	0.3598835055024946	0.47050198912620544	764.43
none-narrower:336911000119104	none-narrower	none	none	True	False		0.6655983328819275	0.6655983328819275	0.16775350800361677	0.6655983328819275	554.57
gold-removed:116020001	gold-removed	none	A	False	False		0.6943921446800232	0.22157011926174164	1.0906244743297304	0.6943921446800232	525.62
easy:1654001	easy	F	none	False	False	True	0.34312203526496887	0.31623750925064087	0.6854517943548647	0.34312203526496887	526.08
hard:367489004	hard	E	E	True	True	False	0.4338681399822235	0.4338681399822235	0.4910462763719422	0.4338681399822235	765.2
none-narrower:334491000119108	none-narrower	none	H	False	False		0.7326980829238892	0.19859148561954498	1.1800197595970103	0.7326980829238892	523.97
gold-removed:766874001	gold-removed	none	A	False	False		0.5198599100112915	0.40698716044425964	0.6237483733015363	0.5198599100112915	766.07
retrieval-miss:253042009	retrieval-miss	none	none	True	False	True	0.7146317958831787	0.7146317958831787	0.11009339068342276	0.7146317958831787	763.93
easy:725908007	easy	E	E	True	True	False	0.9555968046188354	0.9555968046188354	0.0029692128145440626	0.9555968046188354	768.45
hard:19092004	hard	B	B	True	True	False	0.9635449647903442	0.9635449647903442	0.002052097174482909	0.9635449647903442	768.0
easy:44553005	easy	E	E	True	True	False	0.9641229510307312	0.9641229510307312	0.0017609050324110904	0.9641229510307312	765.93
none-narrower:285191000119103	none-narrower	none	H	False	False		0.38772323727607727	0.23763489723205566	0.8404718133449309	0.38772323727607727	766.9
none-narrower:430969000	none-narrower	none	E	False	False		0.4489685297012329	0.4489685297012329	0.50859663922382	0.4489685297012329	555.18
easy:187752007	easy	A	A	True	False	True	0.6515213251113892	0.6515213251113892	0.1867930391387191	0.6515213251113892	525.76
hard:92428008	hard	G	G	True	True	False	0.6294147968292236	0.6294147968292236	0.2058285821531967	0.6294147968292236	762.12
gold-removed:34417008	gold-removed	none	none	True	False		0.600415050983429	0.600415050983429	0.2604021357864434	0.600415050983429	766.04
gold-removed:21061004	gold-removed	none	none	True	False		0.6861793994903564	0.6861793994903564	0.16600633394015424	0.6861793994903564	555.72
hard:402356004	hard	H	H	True	False	True	0.9456327557563782	0.9456327557563782	0.004332504428055175	0.9456327557563782	766.32
none-narrower:416658003	none-narrower	none	none	True	False		0.5842737555503845	0.5842737555503845	0.26131683450196963	0.5842737555503845	527.24
none-narrower:11810261000119103	none-narrower	none	none	True	False		0.7891044616699219	0.7891044616699219	0.06914314870082687	0.7891044616699219	527.9
hard:763403007	hard	F	F	True	True	False	0.9358013868331909	0.9358013868331909	0.007037041103918657	0.9358013868331909	765.13
gold-removed:28826002	gold-removed	none	none	True	False		0.6042520999908447	0.6042520999908447	0.2739478871727844	0.6042520999908447	764.06
retrieval-miss:55852007	retrieval-miss	none	none	True	False	True	0.531928539276123	0.531928539276123	0.3150130633605168	0.531928539276123	553.24
hard:254851009	hard	H	H	True	True	False	0.8756856322288513	0.8756856322288513	0.020399382374631358	0.8756856322288513	766.24
gold-removed:276876007	gold-removed	none	none	True	False		0.7151138186454773	0.7151138186454773	0.10955966880932055	0.7151138186454773	554.33
none-narrower:2851000119101	none-narrower	none	none	True	False		0.454994797706604	0.454994797706604	0.437604077710667	0.454994797706604	553.75
hard:62151007	hard	A	A	True	True	True	0.8745713233947754	0.8745713233947754	0.02393126528349927	0.8745713233947754	765.64
none-narrower:187857006	none-narrower	none	none	True	False		0.4901758134365082	0.4901758134365082	0.3913952864261887	0.4901758134365082	554.72
easy:30369007	easy	A	A	True	True	False	0.9049088358879089	0.9049088358879089	0.013675967693941278	0.9049088358879089	766.15
retrieval-miss:361115000	retrieval-miss	none	B	False	False	True	0.9333004355430603	0.04559493809938431	1.7820095930491582	0.9333004355430603	525.32
retrieval-miss:418279001	retrieval-miss	none	none	True	False	True	0.9602367281913757	0.9602367281913757	0.001867061053376879	0.9602367281913757	769.58
gold-removed:262461007	gold-removed	none	none	True	False		0.6299260854721069	0.6299260854721069	0.2007424030259509	0.6299260854721069	766.19
gold-removed:363466008	gold-removed	none	H	False	False		0.6106197834014893	0.24887590110301971	0.9478346201888104	0.6106197834014893	764.16
retrieval-miss:95208000	retrieval-miss	none	none	True	False	True	0.7366188168525696	0.7366188168525696	0.0891487272255655	0.7366188168525696	767.29
hard:284449005	hard	A	B	False	True	True	0.5622595548629761	0.09340309351682663	1.204625529123833	0.5622595548629761	767.24
easy:253149002	easy	B	B	True	True	True	0.5401319861412048	0.5401319861412048	0.2839602228568585	0.5401319861412048	781.94
retrieval-miss:52542005	retrieval-miss	none	none	True	False	True	0.806702733039856	0.806702733039856	0.04954101039760287	0.806702733039856	535.74
retrieval-miss:69550000	retrieval-miss	none	none	True	False	True	0.643742561340332	0.643742561340332	0.1817168220728078	0.643742561340332	765.75
retrieval-miss:83652003	retrieval-miss	none	none	True	False	True	0.7187514305114746	0.7187514305114746	0.10386867748859627	0.7187514305114746	767.14
gold-removed:128862000	gold-removed	none	none	True	False		0.4864470958709717	0.4864470958709717	0.43840906230191257	0.4864470958709717	768.42
retrieval-miss:67988000	retrieval-miss	none	none	True	False	True	0.7430161833763123	0.7430161833763123	0.09696220123551202	0.7430161833763123	553.47
none-narrower:45062007	none-narrower	none	E	False	False		0.7574341893196106	0.18921051919460297	1.2317194884511955	0.7574341893196106	409.0
none-narrower:339331000119102	none-narrower	none	B	False	False		0.7659777402877808	0.1625347137451172	1.2891940521827552	0.7659777402877808	372.84
retrieval-miss:17653001	retrieval-miss	none	none	True	False	True	0.6384605765342712	0.6384605765342712	0.17399344894876187	0.6384605765342712	764.6
easy:111524003	easy	A	A	True	False	True	0.6919764876365662	0.6919764876365662	0.15362739000569048	0.6919764876365662	409.7
retrieval-miss:44250009	retrieval-miss	none	none	True	False	True	0.7856737375259399	0.7856737375259399	0.057357404249943456	0.7856737375259399	766.19
easy:722476007	easy	D	D	True	False	True	0.878171980381012	0.878171980381012	0.02114444884091093	0.878171980381012	764.87
hard:363422006	hard	H	H	True	True	True	0.47680166363716125	0.47680166363716125	0.44282037688748016	0.47680166363716125	557.18
hard:83886009	hard	D	D	True	True	False	0.9099608659744263	0.9099608659744263	0.013438137119474973	0.9099608659744263	769.54
gold-removed:763767006	gold-removed	none	none	True	False		0.9217127561569214	0.9217127561569214	0.007609307461928808	0.9217127561569214	769.94
retrieval-miss:95670000	retrieval-miss	none	E	False	False	True	0.4532640278339386	0.4532640278339386	0.5063593681896066	0.4532640278339386	527.37
gold-removed:719136005	gold-removed	none	none	True	False		0.8060134053230286	0.8060134053230286	0.056131230156786414	0.8060134053230286	770.19
easy:45639009	easy	H	none	False	False	True	0.6646414995193481	0.16603048145771027	1.1448004767091196	0.6646414995193481	763.85
hard:7699004	hard	C	C	True	True	False	0.9033719301223755	0.9033719301223755	0.014621556710229858	0.9033719301223755	526.32
easy:716091000	easy	D	D	True	True	False	0.9445133209228516	0.9445133209228516	0.004916481455313284	0.9445133209228516	776.78
easy:237960000	easy	A	A	True	False	True	0.7470377087593079	0.7470377087593079	0.09974334140824868	0.7470377087593079	773.95
retrieval-miss:234638009	retrieval-miss	none	none	True	False	True	0.6749731302261353	0.6749731302261353	0.1301679752065769	0.6749731302261353	765.84
none-narrower:236382007	none-narrower	none	none	True	False		0.4079788029193878	0.4079788029193878	0.46886918026851643	0.4079788029193878	526.41
hard:703199001	hard	G	G	True	False	True	0.6718503832817078	0.6718503832817078	0.1587738556095702	0.6718503832817078	526.2
gold-removed:52845002	gold-removed	none	none	True	False		0.7584133744239807	0.7584133744239807	0.07946499001579806	0.7584133744239807	524.94
easy:78200003	easy	E	E	True	True	False	0.8541181683540344	0.8541181683540344	0.033850874866118257	0.8541181683540344	528.85
none-narrower:85461008	none-narrower	none	none	True	False		0.5804764628410339	0.5804764628410339	0.2629921374282429	0.5804764628410339	527.12
easy:76520005	easy	H	E	False	False	True	0.8731085658073425	0.013610392808914185	1.741469495657893	0.8731085658073425	764.02
retrieval-miss:64233004	retrieval-miss	none	H	False	False	True	0.6998697519302368	0.2423030287027359	1.0647258081992557	0.6998697519302368	527.5
easy:68092007	easy	D	C	False	False	True	0.4004868268966675	0.12778933346271515	1.0306762235017377	0.4004868268966675	528.19
none-narrower:410484008	none-narrower	none	A	False	False		0.613848865032196	0.3195795714855194	0.8409203485203316	0.613848865032196	420.3
none-narrower:198241002	none-narrower	none	none	True	False		0.7326256632804871	0.7326256632804871	0.08741839975270949	0.7326256632804871	560.96
easy:12381000132107	easy	A	A	True	False	True	0.4340710937976837	0.4340710937976837	0.46957794175546164	0.4340710937976837	765.01
hard:709018004	hard	A	A	True	False	True	0.35998064279556274	0.35998064279556274	0.579344397437738	0.35998064279556274	764.87
gold-removed:68116008	gold-removed	none	none	True	False		0.8559872508049011	0.8559872508049011	0.02641850873427786	0.8559872508049011	527.33
easy:254986007	easy	G	E	False	True	True	0.47560182213783264	0.11880750954151154	1.104362597210635	0.47560182213783264	764.46
hard:83942000	hard	B	B	True	True	False	0.7227182984352112	0.7227182984352112	0.10205280377769903	0.7227182984352112	765.76
gold-removed:719251009	gold-removed	none	none	True	False		0.7636598348617554	0.7636598348617554	0.08750396605670893	0.7636598348617554	766.43
none-narrower:94654006	none-narrower	none	none	True	False		0.8138329386711121	0.8138329386711121	0.041423049882956135	0.8138329386711121	580.2
easy:763716008	easy	F	F	True	True	True	0.9184194207191467	0.9184194207191467	0.00922456713200406	0.9184194207191467	527.07
hard:734031008	hard	A	A	True	True	False	0.9084325432777405	0.9084325432777405	0.013727960219082083	0.9084325432777405	767.53
hard:17585008	hard	E	E	True	True	False	0.8782790899276733	0.8782790899276733	0.023018467196667808	0.8782790899276733	525.66
none-narrower:707607008	none-narrower	none	G	False	False		0.4560270309448242	0.4560270309448242	0.5057410273579495	0.4560270309448242	766.38
gold-removed:700467001	gold-removed	none	none	True	False		0.617353618144989	0.617353618144989	0.23890545578153408	0.617353618144989	765.1
none-narrower:713299003	none-narrower	none	none	True	False		0.7750824689865112	0.7750824689865112	0.07459030381963337	0.7750824689865112	557.09
hard:25897000	hard	H	H	True	True	False	0.9211364388465881	0.9211364388465881	0.00823329706410365	0.9211364388465881	556.21
retrieval-miss:16459000	retrieval-miss	none	none	True	False	True	0.7753454446792603	0.7753454446792603	0.08817352789766415	0.7753454446792603	556.06
easy:702447002	easy	G	G	True	True	False	0.9479449987411499	0.9479449987411499	0.0037340080284800578	0.9479449987411499	766.88
none-narrower:27358001	none-narrower	none	none	True	False		0.6881479620933533	0.6881479620933533	0.1315140655332404	0.6881479620933533	552.68
hard:267592003	hard	D	D	True	False	True	0.5799906849861145	0.5799906849861145	0.28688680391805843	0.5799906849861145	554.5
hard:768927001	hard	F	F	True	True	False	0.8592037558555603	0.8592037558555603	0.028437647108043165	0.8592037558555603	769.87
none-narrower:1269531007	none-narrower	none	none	True	False		0.5642498135566711	0.5642498135566711	0.2528273687906905	0.5642498135566711	527.66
hard:443719001	hard	G	G	True	True	True	0.7060405611991882	0.7060405611991882	0.13085412800848534	0.7060405611991882	553.71
none-narrower:66893008	none-narrower	none	D	False	False		0.7875598669052124	0.1671142876148224	1.3142739133745582	0.7875598669052124	767.98
easy:23849003	easy	G	G	True	True	False	0.8923823237419128	0.8923823237419128	0.015677339642030663	0.8923823237419128	528.19
hard:233913007	hard	G	G	True	True	True	0.7874538898468018	0.7874538898468018	0.06392283396835682	0.7874538898468018	528.43
hard:238080004	hard	A	G	False	True	False	0.3566816747188568	0.257359117269516	0.7503844472329841	0.3566816747188568	767.82
none-narrower:43658003	none-narrower	none	E	False	False		0.6738755106925964	0.18264813721179962	1.1275085228262403	0.6738755106925964	527.46
retrieval-miss:277921008	retrieval-miss	none	F	False	False	True	0.7573171854019165	0.17435845732688904	1.2569852866434184	0.7573171854019165	527.75
hard:363444001	hard	G	G	True	True	True	0.6936916708946228	0.6936916708946228	0.12259585363967893	0.6936916708946228	765.4
none-narrower:128211000119102	none-narrower	none	none	True	False		0.4972541034221649	0.4972541034221649	0.3929279290804876	0.4972541034221649	765.11
easy:56692003	easy	H	none	False	True	False	0.45539435744285583	0.3868274390697479	0.5950636979929402	0.45539435744285583	802.27
none-narrower:246943004	none-narrower	none	none	True	False		0.7233425974845886	0.7233425974845886	0.09531169221533745	0.7233425974845886	410.96
easy:722375007	easy	H	H	True	True	False	0.9606502056121826	0.9606502056121826	0.0021061616678382713	0.9606502056121826	768.11
easy:699251001	easy	C	C	True	True	True	0.9110245108604431	0.9110245108604431	0.01323723533773547	0.9110245108604431	767.1
easy:92415001	easy	D	D	True	False	True	0.798564076423645	0.798564076423645	0.06534010260503084	0.798564076423645	764.51
retrieval-miss:726543008	retrieval-miss	none	none	True	False	True	0.5973438024520874	0.5973438024520874	0.2337689433890497	0.5973438024520874	425.44
easy:14070001000004105	easy	D	D	True	True	False	0.9484203457832336	0.9484203457832336	0.0042366404848006335	0.9484203457832336	768.71
easy:404160007	easy	B	B	True	False	True	0.8743168711662292	0.8743168711662292	0.021718036704325913	0.8743168711662292	767.63
hard:200999007	hard	H	H	True	True	False	0.938407838344574	0.938407838344574	0.00544474946390755	0.938407838344574	556.7
none-narrower:81531005	none-narrower	none	none	True	False		0.6614689826965332	0.6614689826965332	0.1553405472849536	0.6614689826965332	527.45
easy:1155842003	easy	H	H	True	True	False	0.9224095344543457	0.9224095344543457	0.008961709634636657	0.9224095344543457	525.05
hard:253781004	hard	D	D	True	False	True	0.5323821306228638	0.5323821306228638	0.30084404184460234	0.5323821306228638	410.34
gold-removed:193570009	gold-removed	none	none	True	False		0.8235567808151245	0.8235567808151245	0.03705910045580288	0.8235567808151245	760.91
none-narrower:126682007	none-narrower	none	none	True	False		0.3354678452014923	0.3354678452014923	0.5368651109885167	0.3354678452014923	766.69
easy:707530009	easy	G	G	True	True	False	0.9235897064208984	0.9235897064208984	0.008387541642514781	0.9235897064208984	555.65
hard:70405009	hard	G	G	True	True	False	0.9419407844543457	0.9419407844543457	0.004963512711718553	0.9419407844543457	554.66
gold-removed:32595002	gold-removed	none	none	True	False		0.4838598668575287	0.4838598668575287	0.4393184669854311	0.4838598668575287	766.18
retrieval-miss:239873007	retrieval-miss	none	F	False	False	True	0.8978811502456665	0.07765353471040726	1.6570102098373134	0.8978811502456665	557.7
retrieval-miss:721887007	retrieval-miss	none	none	True	False	True	0.799990713596344	0.799990713596344	0.061880704300386113	0.799990713596344	771.14
hard:255055008	hard	H	H	True	True	False	0.7239266037940979	0.7239266037940979	0.12227395545678704	0.7239266037940979	768.55
hard:194785008	hard	E	E	True	True	True	0.7438865303993225	0.7438865303993225	0.10096614139309684	0.7438865303993225	394.99
gold-removed:40291001	gold-removed	none	none	True	False		0.6679661273956299	0.6679661273956299	0.14565179706382675	0.6679661273956299	770.33
gold-removed:232064001	gold-removed	none	none	True	False		0.6160910129547119	0.6160910129547119	0.18995026561589706	0.6160910129547119	768.4
hard:93559003	hard	F	F	True	True	True	0.8812688589096069	0.8812688589096069	0.020297444359260154	0.8812688589096069	766.63
gold-removed:63480004	gold-removed	none	none	True	False		0.6258105635643005	0.6258105635643005	0.24661627806058994	0.6258105635643005	530.1
retrieval-miss:715414009	retrieval-miss	none	none	True	False	True	0.6101385951042175	0.6101385951042175	0.24045414144994745	0.6101385951042175	766.55
retrieval-miss:64969001	retrieval-miss	none	none	True	False	True	0.6302333474159241	0.6302333474159241	0.2447707313200539	0.6302333474159241	530.61
easy:237059008	easy	C	none	False	True	False	0.6022188663482666	0.09220260381698608	1.248041761810076	0.6022188663482666	770.78
none-narrower:410063006	none-narrower	none	A	False	False		0.6041896939277649	0.3412923216819763	0.7997209541036596	0.6041896939277649	410.36
hard:56453003	hard	C	C	True	False	True	0.9489849209785461	0.9489849209785461	0.00395863425555253	0.9489849209785461	769.18
easy:44018007	easy	C	none	False	False	True	0.5787661075592041	0.13325032591819763	1.105154079503158	0.5787661075592041	528.29
retrieval-miss:52674009	retrieval-miss	none	none	True	False	True	0.8300333023071289	0.8300333023071289	0.034525904286171846	0.8300333023071289	558.2
none-narrower:722922001	none-narrower	none	none	True	False		0.8274022936820984	0.8274022936820984	0.03862658737353343	0.8274022936820984	530.01
none-narrower:1259038005	none-narrower	none	E	False	False		0.5694903135299683	0.2732556462287903	0.8621884747745345	0.5694903135299683	766.06
hard:403889000	hard	E	E	True	True	False	0.8625149130821228	0.8625149130821228	0.02840470714932879	0.8625149130821228	766.25
easy:703524005	easy	E	E	True	True	True	0.92105633020401	0.92105633020401	0.010170681623836199	0.92105633020401	765.83
easy:447351004	easy	F	F	True	False	True	0.7703724503517151	0.7703724503517151	0.07698416002453377	0.7703724503517151	766.97
retrieval-miss:719663005	retrieval-miss	none	A	False	False	True	0.5087226629257202	0.43212631344795227	0.5832900647536918	0.5087226629257202	554.39
easy:192965001	easy	F	none	False	False	True	0.449951171875	0.35225710272789	0.6388223397760688	0.449951171875	552.97
none-narrower:300312006	none-narrower	none	none	True	False		0.7965850234031677	0.7965850234031677	0.05016631617102855	0.7965850234031677	552.47
none-narrower:724608000	none-narrower	none	none	True	False		0.4668392241001129	0.4668392241001129	0.3929356924920755	0.4668392241001129	524.3
gold-removed:91038008	gold-removed	none	none	True	False		0.7327238917350769	0.7327238917350769	0.10479694944333477	0.7327238917350769	407.77
easy:716077006	easy	D	D	True	True	False	0.6296255588531494	0.6296255588531494	0.21634474174104323	0.6296255588531494	764.85
hard:77478005	hard	E	E	True	False	True	0.5992105007171631	0.5992105007171631	0.23559091489966824	0.5992105007171631	527.56
easy:28790007	easy	D	D	True	False	True	0.42582499980926514	0.42582499980926514	0.47372830314568165	0.42582499980926514	525.85
gold-removed:234478007	gold-removed	none	none	True	False		0.6010574698448181	0.6010574698448181	0.24497213611681914	0.6010574698448181	770.57
hard:429033009	hard	G	none	False	True	True	0.5016069412231445	0.1884259581565857	0.9789283660038252	0.5016069412231445	764.06
easy:195136004	easy	E	none	False	False	True	0.6235063076019287	0.1989513337612152	1.0429105530492104	0.6235063076019287	555.94
easy:95435007	easy	A	none	False	False	True	0.5107101798057556	0.13842371106147766	1.1014842220497618	0.5107101798057556	768.22
hard:17111003	hard	H	H	True	True	False	0.9211360216140747	0.9211360216140747	0.008748973947507975	0.9211360216140747	773.31
hard:55912009	hard	F	F	True	True	True	0.954855740070343	0.954855740070343	0.0030397418702122585	0.954855740070343	768.17
hard:720634003	hard	B	B	True	True	False	0.8308038115501404	0.8308038115501404	0.042985572607340816	0.8308038115501404	767.04
easy:126790004	easy	F	F	True	True	False	0.4367679953575134	0.4367679953575134	0.5148732462257395	0.4367679953575134	763.77
easy:25766007	easy	H	H	True	True	False	0.8811336159706116	0.8811336159706116	0.019495583843591312	0.8811336159706116	524.97
easy:66758006	easy	B	B	True	True	True	0.4478320777416229	0.4478320777416229	0.41384373689485066	0.4478320777416229	766.62
none-narrower:123977005	none-narrower	none	none	True	False		0.7055771946907043	0.7055771946907043	0.14683434329383438	0.7055771946907043	764.64
easy:717003001	easy	H	H	True	True	True	0.799095869064331	0.799095869064331	0.05912700837445692	0.799095869064331	763.23
none-narrower:870285004	none-narrower	none	none	True	False		0.3893965482711792	0.3893965482711792	0.5151725828076541	0.3893965482711792	552.48
hard:725167001	hard	B	G	False	False	True	0.7731572985649109	0.0295704435557127	1.5627978943348555	0.7731572985649109	764.7
hard:297278001	hard	E	none	False	True	True	0.40762239694595337	0.1661383956670761	0.9535269446302368	0.40762239694595337	764.38
easy:2251002	easy	G	G	True	True	True	0.7957549095153809	0.7957549095153809	0.058166441615471465	0.7957549095153809	525.0
gold-removed:190808009	gold-removed	none	F	False	False		0.43765971064567566	0.43765971064567566	0.5142131865034663	0.43765971064567566	527.17
easy:372105009	easy	E	E	True	True	False	0.5439788103103638	0.5439788103103638	0.29428436289305926	0.5439788103103638	763.98
hard:197585004	hard	B	B	True	False	True	0.751076877117157	0.751076877117157	0.09786886757643942	0.751076877117157	525.69
easy:126859007	easy	H	none	False	True	False	0.6465039253234863	0.28590303659439087	0.9287763626355843	0.6465039253234863	553.74
easy:723362004	easy	C	C	True	True	False	0.5331050753593445	0.5331050753593445	0.39302616130855184	0.5331050753593445	552.14
easy:230422001	easy	B	B	True	True	True	0.687630295753479	0.687630295753479	0.15529690393723133	0.687630295753479	763.38
hard:403824007	hard	F	F	True	True	False	0.9225263595581055	0.9225263595581055	0.009397073966797922	0.9225263595581055	765.1
none-narrower:61301000119102	none-narrower	none	none	True	False		0.5513407588005066	0.5513407588005066	0.3045497307228585	0.5513407588005066	762.94
easy:189197001	easy	G	G	True	True	False	0.8502057790756226	0.8502057790756226	0.03490068123427792	0.8502057790756226	525.35
easy:49455004	easy	E	E	True	False	True	0.5944381356239319	0.5944381356239319	0.2975819035123477	0.5944381356239319	525.08
hard:34566007	hard	D	D	True	True	True	0.8292769193649292	0.8292769193649292	0.04572945296549889	0.8292769193649292	765.33
hard:13394002	hard	H	H	True	True	False	0.9517269730567932	0.9517269730567932	0.00334316215154506	0.9517269730567932	763.41
retrieval-miss:414173003	retrieval-miss	none	none	True	False	True	0.7286725044250488	0.7286725044250488	0.10855058425145869	0.7286725044250488	763.0
gold-removed:90505000	gold-removed	none	none	True	False		0.5632725358009338	0.5632725358009338	0.24664967007440536	0.5632725358009338	764.13
retrieval-miss:22542007	retrieval-miss	none	F	False	False	True	0.5844941139221191	0.3301667869091034	0.7928933259016291	0.5844941139221191	763.2
easy:363353009	easy	D	D	True	True	True	0.3527519702911377	0.3527519702911377	0.5863291973087261	0.3527519702911377	552.82
easy:441456002	easy	G	none	False	True	False	0.4809827208518982	0.37655070424079895	0.6247484884630476	0.4809827208518982	525.21
easy:18241005	easy	B	B	True	True	False	0.7282655835151672	0.7282655835151672	0.1069556140709548	0.7282655835151672	406.41
easy:233621003	easy	G	G	True	True	False	0.8448019623756409	0.8448019623756409	0.03272528252147401	0.8448019623756409	764.02
easy:240063002	easy	A	A	True	True	False	0.7380597591400146	0.7380597591400146	0.10438463712888851	0.7380597591400146	798.4
easy:92413008	easy	F	F	True	True	True	0.8638491630554199	0.8638491630554199	0.029478123608397556	0.8638491630554199	760.64
easy:764694005	easy	B	B	True	True	False	0.6392627358436584	0.6392627358436584	0.17012617179825856	0.6392627358436584	767.82
gold-removed:15170009	gold-removed	none	none	True	False		0.7782464623451233	0.7782464623451233	0.06423081040569231	0.7782464623451233	522.66
easy:83911000119104	easy	E	E	True	False	True	0.5972281098365784	0.5972281098365784	0.2614149872619449	0.5972281098365784	368.61
none-narrower:866045007	none-narrower	none	none	True	False		0.585523247718811	0.585523247718811	0.23357406678954232	0.585523247718811	523.54
hard:417093003	hard	E	E	True	True	True	0.8769097328186035	0.8769097328186035	0.020559363039416464	0.8769097328186035	551.77
none-narrower:431855005	none-narrower	none	none	True	False		0.599578857421875	0.599578857421875	0.2286803048659983	0.599578857421875	522.44
easy:235073000	easy	G	none	False	False	True	0.5368650555610657	0.2576009929180145	0.8524701408690374	0.5368650555610657	602.56
hard:716663009	hard	B	B	True	True	False	0.8864162564277649	0.8864162564277649	0.019137758954060762	0.8864162564277649	552.18
easy:719378009	easy	E	E	True	True	False	0.9502960443496704	0.9502960443496704	0.003822260526937018	0.9502960443496704	764.03
none-narrower:92571001	none-narrower	none	none	True	False		0.5534157752990723	0.5534157752990723	0.3045300830438945	0.5534157752990723	524.15
retrieval-miss:67854007	retrieval-miss	none	none	True	False	True	0.3431127965450287	0.3431127965450287	0.5726117084355494	0.3431127965450287	761.52
hard:87730004	hard	F	F	True	True	False	0.9609214663505554	0.9609214663505554	0.0021212406337111174	0.9609214663505554	550.65
easy:716249009	easy	E	E	True	True	True	0.9370229244232178	0.9370229244232178	0.005845150976540995	0.9370229244232178	578.08
hard:267532001	hard	H	H	True	False	True	0.6207534074783325	0.6207534074783325	0.22206941620314496	0.6207534074783325	405.66
hard:254069004	hard	C	C	True	True	False	0.3537331819534302	0.3537331819534302	0.5904272167951532	0.3537331819534302	523.15
none-narrower:56090007	none-narrower	none	E	False	False		0.9788131713867188	0.009351692162454128	1.9394884105255739	0.9788131713867188	795.39
hard:410041002	hard	G	G	True	True	False	0.9151901006698608	0.9151901006698608	0.011142075783954715	0.9151901006698608	550.32
easy:40956001	easy	C	C	True	True	False	0.7668989896774292	0.7668989896774292	0.08606991256191718	0.7668989896774292	763.02
retrieval-miss:711265009	retrieval-miss	none	none	True	False	True	0.8275060057640076	0.8275060057640076	0.03584044544229565	0.8275060057640076	760.79
none-narrower:53284008	none-narrower	none	G	False	False		0.7654563784599304	0.1912146806716919	1.2403857257861595	0.7654563784599304	523.11
easy:715374003	easy	G	G	True	True	True	0.8977723717689514	0.8977723717689514	0.014569571819812048	0.8977723717689514	761.12
retrieval-miss:59252009	retrieval-miss	none	C	False	False	True	0.5746675729751587	0.21587058901786804	0.9789041147803803	0.5746675729751587	763.51
retrieval-miss:197352008	retrieval-miss	none	none	True	False	True	0.8261839151382446	0.8261839151382446	0.0372856740407133	0.8261839151382446	522.83
none-narrower:68361004	none-narrower	none	none	True	False		0.4956585764884949	0.4956585764884949	0.4104140932772645	0.4956585764884949	762.76
gold-removed:726349006	gold-removed	none	D	False	False		0.49951332807540894	0.3604174554347992	0.6686675330397447	0.49951332807540894	406.85
easy:711163009	easy	B	B	True	True	False	0.9369730353355408	0.9369730353355408	0.0061203162002919816	0.9369730353355408	761.23
none-narrower:425756000	none-narrower	none	B	False	False		0.6164087653160095	0.19668659567832947	1.0388405013521562	0.6164087653160095	522.81
easy:398036000	easy	G	G	True	False	True	0.39838576316833496	0.39838576316833496	0.520493571981127	0.39838576316833496	521.56
easy:69134001	easy	G	G	True	True	False	0.8304873108863831	0.8304873108863831	0.039674973791846646	0.8304873108863831	404.86
none-narrower:85209005	none-narrower	none	none	True	False		0.9084107279777527	0.9084107279777527	0.010368901270853513	0.9084107279777527	760.88
gold-removed:67873006	gold-removed	none	none	True	False		0.49092981219291687	0.49092981219291687	0.4352519879495378	0.49092981219291687	762.16
hard:7393007	hard	B	B	True	False	True	0.7379772663116455	0.7379772663116455	0.09929259511982204	0.7379772663116455	520.7
none-narrower:1254886004	none-narrower	none	G	False	False		0.7179473638534546	0.12940531969070435	1.2878306154974415	0.7179473638534546	405.66
hard:61738006	hard	D	D	True	True	False	0.9180892109870911	0.9180892109870911	0.010119877061906934	0.9180892109870911	777.86
easy:236740006	easy	C	C	True	False	True	0.6312967538833618	0.6312967538833618	0.24426947346482059	0.6312967538833618	527.33
hard:403426003	hard	H	H	True	True	False	0.7346328496932983	0.7346328496932983	0.10543989705458585	0.7346328496932983	404.37
none-narrower:720979002	none-narrower	none	D	False	False		0.9187314510345459	0.06220501288771629	1.7235843841999874	0.9187314510345459	759.04
hard:186437007	hard	G	G	True	False	True	0.8927828073501587	0.8927828073501587	0.015714588212231016	0.8927828073501587	521.13
hard:134031000119108	hard	B	B	True	True	True	0.8211622834205627	0.8211622834205627	0.04857449454436943	0.8211622834205627	548.25
easy:95643007	easy	G	G	True	True	False	0.8521527051925659	0.8521527051925659	0.029494890542205117	0.8521527051925659	759.32
gold-removed:717183001	gold-removed	none	A	False	False		0.7369085550308228	0.21671290695667267	1.1571070319742098	0.7369085550308228	761.62
easy:72991005	easy	B	B	True	True	True	0.4864286482334137	0.4864286482334137	0.46641859617258297	0.4864286482334137	371.14
retrieval-miss:71444005	retrieval-miss	none	G	False	False	True	0.44772300124168396	0.44772300124168396	0.5099387012399467	0.44772300124168396	522.3
easy:400178008	easy	G	G	True	True	False	0.7076922059059143	0.7076922059059143	0.1300649633615682	0.7076922059059143	520.14
none-narrower:688271000119100	none-narrower	none	H	False	False		0.6446576714515686	0.2850863039493561	0.9283611215253803	0.6446576714515686	760.65
hard:698251009	hard	C	C	True	True	True	0.7175219058990479	0.7175219058990479	0.13283263197872436	0.7175219058990479	550.04
retrieval-miss:445507008	retrieval-miss	none	none	True	False	True	0.719684362411499	0.719684362411499	0.13207211243921746	0.719684362411499	521.11
hard:363478007	hard	H	H	True	True	True	0.6780461072921753	0.6780461072921753	0.14011604057731247	0.6780461072921753	760.16
hard:297232009	hard	G	G	True	True	False	0.9117411971092224	0.9117411971092224	0.011191447025108825	0.9117411971092224	759.86
none-narrower:1177049006	none-narrower	none	none	True	False		0.532181978225708	0.532181978225708	0.3328632185649388	0.532181978225708	601.91
easy:50967008	easy	A	none	False	True	False	0.4591902196407318	0.3313228487968445	0.688194571271965	0.4591902196407318	521.75
hard:302162004	hard	E	E	True	True	False	0.8792779445648193	0.8792779445648193	0.021641139751060294	0.8792779445648193	406.44
easy:45339001	easy	A	G	False	True	False	0.4339199364185333	0.3130897283554077	0.703999665889814	0.4339199364185333	521.85
easy:419097006	easy	A	A	True	True	False	0.942834198474884	0.942834198474884	0.005147762631476057	0.942834198474884	760.8
none-narrower:64634000	none-narrower	none	none	True	False		0.5123496055603027	0.5123496055603027	0.29253725987919416	0.5123496055603027	406.25
easy:92175003	easy	G	G	True	True	False	0.8078325986862183	0.8078325986862183	0.04957283486317473	0.8078325986862183	759.57
none-narrower:21420006	none-narrower	none	none	True	False		0.44312405586242676	0.44312405586242676	0.39347415091797666	0.44312405586242676	522.59
retrieval-miss:36803009	retrieval-miss	none	F	False	False	True	0.7763694524765015	0.1518319696187973	1.3236542928816313	0.7763694524765015	762.32
hard:2576002	hard	G	G	True	False	True	0.9294023513793945	0.9294023513793945	0.006523062714131372	0.9294023513793945	759.54
easy:458432002	easy	E	none	False	True	False	0.34897321462631226	0.32163023948669434	0.6574895033888446	0.34897321462631226	760.84
none-narrower:609464004	none-narrower	none	none	True	False		0.5382854342460632	0.5382854342460632	0.3025761283342374	0.5382854342460632	522.68
easy:1059007	easy	E	E	True	True	False	0.9436466097831726	0.9436466097831726	0.0050145397907351945	0.9436466097831726	762.63
retrieval-miss:717182006	retrieval-miss	none	none	True	False	True	0.8863223791122437	0.8863223791122437	0.01704599580871737	0.8863223791122437	795.88
easy:26037005	easy	D	D	True	False	True	0.7679535150527954	0.7679535150527954	0.08599881208087079	0.7679535150527954	520.98
hard:47125007	hard	E	E	True	True	False	0.5822606682777405	0.5822606682777405	0.30286838652416465	0.5822606682777405	758.85
none-narrower:449782007	none-narrower	none	none	True	False		0.633141279220581	0.633141279220581	0.17402780285725278	0.633141279220581	550.44
easy:719838008	easy	B	B	True	False	True	0.8456868529319763	0.8456868529319763	0.034708523403461464	0.8456868529319763	760.92
hard:128870005	hard	E	E	True	False	True	0.6692260503768921	0.6692260503768921	0.16872300386244687	0.6692260503768921	655.53
easy:186312003	easy	C	none	False	True	False	0.4982583522796631	0.45921847224235535	0.5413630241102747	0.4982583522796631	761.9
gold-removed:715391004	gold-removed	none	none	True	False		0.4243505299091339	0.4243505299091339	0.4214849268001894	0.4243505299091339	759.53
hard:2946003	hard	D	D	True	False	True	0.8645065426826477	0.8645065426826477	0.026526452625416558	0.8645065426826477	521.26
hard:274864009	hard	G	G	True	True	True	0.5796424746513367	0.5796424746513367	0.27416439107180923	0.5796424746513367	764.86
easy:54280009	easy	G	G	True	True	False	0.9438550472259521	0.9438550472259521	0.004394010929221247	0.9438550472259521	601.55
none-narrower:81704009	none-narrower	none	none	True	False		0.5300474762916565	0.5300474762916565	0.2898629341649751	0.5300474762916565	762.56
retrieval-miss:702949005	retrieval-miss	none	none	True	False	True	0.9165114164352417	0.9165114164352417	0.008702505287165001	0.9165114164352417	798.47
hard:373905003	hard	B	B	True	True	True	0.8593192100524902	0.8593192100524902	0.02791461704878941	0.8593192100524902	551.14
retrieval-miss:277574007	retrieval-miss	none	none	True	False	True	0.5563728213310242	0.5563728213310242	0.247386187034845	0.5563728213310242	760.22
hard:92668003	hard	H	H	True	True	False	0.8963874578475952	0.8963874578475952	0.014312364855213372	0.8963874578475952	760.2
hard:88687001	hard	E	E	True	False	True	0.5004733204841614	0.5004733204841614	0.36933389200188327	0.5004733204841614	762.81
easy:190794006	easy	C	C	True	False	True	0.6411623358726501	0.6411623358726501	0.19230059161211535	0.6411623358726501	763.36
easy:16784003	easy	C	none	False	False	True	0.46717575192451477	0.2638964354991913	0.8037371534137444	0.46717575192451477	408.92
hard:18504008	hard	D	D	True	True	False	0.5330001711845398	0.5330001711845398	0.3197558287502544	0.5330001711845398	764.45
gold-removed:234500001	gold-removed	none	none	True	False		0.6890460848808289	0.6890460848808289	0.14062444644615552	0.6890460848808289	762.51
easy:265798000	easy	G	G	True	False	True	0.8058995008468628	0.8058995008468628	0.05660071625454705	0.8058995008468628	523.34
none-narrower:202918005	none-narrower	none	B	False	False		0.5054360032081604	0.42933449149131775	0.5821367655984885	0.5054360032081604	550.83
gold-removed:765141005	gold-removed	none	none	True	False		0.8402760624885559	0.8402760624885559	0.03142252077519919	0.8402760624885559	763.61
none-narrower:233696002	none-narrower	none	none	True	False		0.5242683291435242	0.5242683291435242	0.42492909509785637	0.5242683291435242	765.02
hard:403818001	hard	F	F	True	True	False	0.937997043132782	0.937997043132782	0.005999428611912084	0.937997043132782	761.9
none-narrower:285251000119101	none-narrower	none	B	False	False		0.44337406754493713	0.2504514157772064	0.7846450930512605	0.44337406754493713	549.61
easy:36989005	easy	H	H	True	True	False	0.7899602651596069	0.7899602651596069	0.060839423232074856	0.7899602651596069	763.73
hard:763632004	hard	G	G	True	False	True	0.9517496228218079	0.9517496228218079	0.0032366006409206183	0.9517496228218079	762.76
hard:92059004	hard	G	G	True	True	False	0.7492751479148865	0.7492751479148865	0.09383746409212279	0.7492751479148865	522.29
easy:389203001	easy	B	B	True	True	False	0.36446240544319153	0.36446240544319153	0.5712511222303889	0.36446240544319153	764.7
retrieval-miss:18718003	retrieval-miss	none	none	True	False	True	0.8777338862419128	0.8777338862419128	0.017889203346019997	0.8777338862419128	521.65
none-narrower:710360007	none-narrower	none	none	True	False		0.5457350015640259	0.5457350015640259	0.2944369811958065	0.5457350015640259	522.29
gold-removed:47014000	gold-removed	none	none	True	False		0.8225007653236389	0.8225007653236389	0.0402342518246931	0.8225007653236389	521.73
hard:37785001	hard	E	E	True	True	False	0.9250569343566895	0.9250569343566895	0.008995414684987501	0.9250569343566895	549.23
hard:237877004	hard	G	G	True	True	False	0.9273946285247803	0.9273946285247803	0.0069744685910840725	0.9273946285247803	760.46
easy:304603007	easy	H	H	True	True	False	0.9280890226364136	0.9280890226364136	0.0076997575869269695	0.9280890226364136	760.64
hard:93948004	hard	E	none	False	True	True	0.5693378448486328	0.1816670000553131	1.0213347694422399	0.5693378448486328	521.18
hard:430042004	hard	F	none	False	True	False	0.5218913555145264	0.34705933928489685	0.7078352928725458	0.5218913555145264	550.61
hard:254062008	hard	H	H	True	True	False	0.4210541546344757	0.4210541546344757	0.4890803829926826	0.4210541546344757	762.77
hard:725392005	hard	G	A	False	False	True	0.4162808656692505	0.2551378011703491	0.8184926822568842	0.4162808656692505	761.73
easy:229752008	easy	D	D	True	False	True	0.6116723418235779	0.6116723418235779	0.2705519635550089	0.6116723418235779	522.4
easy:14386001	easy	F	F	True	True	False	0.9549212455749512	0.9549212455749512	0.0030358055398286496	0.9549212455749512	548.62
none-narrower:276646003	none-narrower	none	none	True	False		0.595764696598053	0.595764696598053	0.2181966039947537	0.595764696598053	552.54
retrieval-miss:448015002	retrieval-miss	none	none	True	False	True	0.6931466460227966	0.6931466460227966	0.1150228605256551	0.6931466460227966	522.37
none-narrower:188247000	none-narrower	none	B	False	False		0.459340363740921	0.459340363740921	0.5051101974992487	0.459340363740921	522.6
easy:254180002	easy	B	B	True	True	False	0.9169188141822815	0.9169188141822815	0.01148963813480023	0.9169188141822815	761.14
easy:766928004	easy	E	E	True	True	True	0.9001114964485168	0.9001114964485168	0.016156780719001354	0.9001114964485168	763.42
none-narrower:230174006	none-narrower	none	none	True	False		0.849701464176178	0.849701464176178	0.03064659670217835	0.849701464176178	763.32
gold-removed:255184001	gold-removed	none	H	False	False		0.5165276527404785	0.24784259498119354	0.8708880869559023	0.5165276527404785	549.85
retrieval-miss:62628008	retrieval-miss	none	C	False	False	True	0.44506776332855225	0.44506776332855225	0.5087986135298185	0.44506776332855225	762.41
gold-removed:25792000	gold-removed	none	none	True	False		0.9667131304740906	0.9667131304740906	0.0015173591672821053	0.9667131304740906	762.16
easy:127024001	easy	F	F	True	True	False	0.5476803779602051	0.5476803779602051	0.3613617396518769	0.5476803779602051	761.41
hard:13534001	hard	F	F	True	True	False	0.9095571041107178	0.9095571041107178	0.011701700731713451	0.9095571041107178	763.97
gold-removed:70020005	gold-removed	none	none	True	False		0.9098451137542725	0.9098451137542725	0.00989075883601086	0.9098451137542725	551.5
hard:198029003	hard	A	A	True	True	False	0.857708752155304	0.857708752155304	0.03289375993262303	0.857708752155304	759.83
easy:6631009	easy	H	H	True	False	True	0.5197582244873047	0.5197582244873047	0.34261898787784606	0.5197582244873047	762.2
retrieval-miss:403910009	retrieval-miss	none	none	True	False	True	0.35008907318115234	0.35008907318115234	0.5626619694161206	0.35008907318115234	577.59
hard:399072004	hard	E	E	True	True	True	0.8661400675773621	0.8661400675773621	0.026088152377213264	0.8661400675773621	521.76
gold-removed:82323002	gold-removed	none	none	True	False		0.6000633239746094	0.6000633239746094	0.21028676562753276	0.6000633239746094	523.48
hard:254167000	hard	F	F	True	False	True	0.8757116198539734	0.8757116198539734	0.02260158479202162	0.8757116198539734	522.17
hard:72925005	hard	G	G	True	False	True	0.6674854159355164	0.6674854159355164	0.18559056075491498	0.6674854159355164	761.65
hard:703219008	hard	C	C	True	True	True	0.6076231598854065	0.6076231598854065	0.22956415748249004	0.6076231598854065	763.06
easy:254052001	easy	G	G	True	False	True	0.92082279920578	0.92082279920578	0.008829307858057262	0.92082279920578	762.94
none-narrower:403933005	none-narrower	none	F	False	False		0.505023181438446	0.46545323729515076	0.541029437561312	0.505023181438446	550.37
retrieval-miss:239011004	retrieval-miss	none	none	True	False	True	0.7347655892372131	0.7347655892372131	0.10566388020163764	0.7347655892372131	764.85
easy:67782005	easy	G	G	True	False	True	0.4111579358577728	0.4111579358577728	0.5080372474508876	0.4111579358577728	761.92
hard:237946002	hard	H	H	True	False	True	0.8994655013084412	0.8994655013084412	0.014226323876935728	0.8994655013084412	797.94
easy:204036008	easy	F	none	False	True	False	0.46888071298599243	0.39828282594680786	0.5907099707110948	0.46888071298599243	578.13
easy:93870000	easy	C	C	True	True	True	0.807409405708313	0.807409405708313	0.058819646335584945	0.807409405708313	763.55
none-narrower:149941000119100	none-narrower	none	none	True	False		0.6109485030174255	0.6109485030174255	0.19058644458812898	0.6109485030174255	521.82
gold-removed:766815007	gold-removed	none	H	False	False		0.4951417148113251	0.4563456177711487	0.5419015070280431	0.4951417148113251	765.31
none-narrower:402925001	none-narrower	none	none	True	False		0.4725249111652374	0.4725249111652374	0.4471419965913884	0.4725249111652374	526.02
easy:57219006	easy	G	none	False	False	True	0.4272908568382263	0.007227045018225908	1.3101530117838123	0.4272908568382263	551.51
hard:254157005	hard	D	H	False	False	True	0.4985942542552948	0.2595764100551605	0.832737968574245	0.4985942542552948	607.33
none-narrower:403129004	none-narrower	none	none	True	False		0.8075258135795593	0.8075258135795593	0.058584597219303314	0.8075258135795593	525.42
none-narrower:52042003	none-narrower	none	A	False	False		0.6687460541725159	0.27256694436073303	0.9775218921073079	0.6687460541725159	551.89
easy:128333008	easy	A	A	True	True	False	0.5096930265426636	0.5096930265426636	0.401657145113991	0.5096930265426636	525.61
none-narrower:255051004	none-narrower	none	G	False	False		0.4739561676979065	0.4025944471359253	0.5845230057245802	0.4739561676979065	524.96
easy:389272007	easy	E	E	True	True	False	0.9060033559799194	0.9060033559799194	0.014160438049418888	0.9060033559799194	524.42
retrieval-miss:102878001	retrieval-miss	none	none	True	False	True	0.8984405398368835	0.8984405398368835	0.012439580282385834	0.8984405398368835	765.22
hard:717052002	hard	E	E	True	True	False	0.9546681642532349	0.9546681642532349	0.0030482792436242463	0.9546681642532349	764.13
retrieval-miss:237886009	retrieval-miss	none	none	True	False	True	0.5191068053245544	0.5191068053245544	0.3538594450835497	0.5191068053245544	523.79
retrieval-miss:235919008	retrieval-miss	none	none	True	False	True	0.6121659278869629	0.6121659278869629	0.2532242904623201	0.6121659278869629	521.48
hard:254096001	hard	C	C	True	True	False	0.581372082233429	0.581372082233429	0.2523309084283109	0.581372082233429	554.92
easy:59276001	easy	H	H	True	False	True	0.893079400062561	0.893079400062561	0.016725619582270965	0.893079400062561	525.63
gold-removed:88233000	gold-removed	none	none	True	False		0.4717353880405426	0.4717353880405426	0.3947468522637953	0.4717353880405426	526.0
easy:717014003	easy	F	F	True	True	False	0.965236485004425	0.965236485004425	0.0017439652192233405	0.965236485004425	1054.96
retrieval-miss:269476000	retrieval-miss	none	none	True	False	True	0.7232300043106079	0.7232300043106079	0.09769503626249873	0.7232300043106079	763.2
easy:56048001	easy	C	C	True	False	True	0.8763521909713745	0.8763521909713745	0.024797098291466466	0.8763521909713745	551.01
easy:45142002	easy	B	B	True	True	False	0.885458767414093	0.885458767414093	0.019382022357412116	0.885458767414093	763.78
none-narrower:335561000119101	none-narrower	none	F	False	False		0.6036127209663391	0.3699531555175781	0.7614638480370612	0.6036127209663391	551.68
hard:61094002	hard	A	A	True	True	False	0.9418981671333313	0.9418981671333313	0.005216456494909188	0.9418981671333313	767.49
easy:197260007	easy	A	A	True	False	True	0.44861292839050293	0.44861292839050293	0.41331701110809205	0.44861292839050293	524.42
hard:363481002	hard	G	G	True	True	True	0.8879914283752441	0.8879914283752441	0.01730601051954017	0.8879914283752441	766.26
retrieval-miss:230687001	retrieval-miss	none	E	False	False	True	0.4475354552268982	0.4124698340892792	0.5492164273122807	0.4475354552268982	578.47
easy:29227009	easy	G	G	True	True	False	0.92496258020401	0.92496258020401	0.00787329535587538	0.92496258020401	523.08
retrieval-miss:30865009	retrieval-miss	none	F	False	False	True	0.46582576632499695	0.46582576632499695	0.5041320454120726	0.46582576632499695	524.69
hard:128207002	hard	C	D	False	True	False	0.5700008869171143	0.10273893922567368	1.205509865270184	0.5700008869171143	551.71
hard:233858000	hard	A	A	True	True	True	0.6782962083816528	0.6782962083816528	0.15351891196800466	0.6782962083816528	524.38
retrieval-miss:277475006	retrieval-miss	none	none	True	False	True	0.5681527853012085	0.5681527853012085	0.2683592661409724	0.5681527853012085	764.21
hard:363352004	hard	E	E	True	True	False	0.8489765524864197	0.8489765524864197	0.03530252702796735	0.8489765524864197	552.24
hard:65814009	hard	D	D	True	True	False	0.835287868976593	0.835287868976593	0.03975783182505246	0.835287868976593	522.05
none-narrower:426370008	none-narrower	none	none	True	False		0.6132521629333496	0.6132521629333496	0.2383755358916727	0.6132521629333496	765.91
none-narrower:39625001	none-narrower	none	E	False	False		0.6188246011734009	0.3495592474937439	0.8062369024863434	0.6188246011734009	762.5
none-narrower:271386001	none-narrower	none	none	True	False		0.7715914249420166	0.7715914249420166	0.06452196178959231	0.7715914249420166	764.77
easy:63844009	easy	F	none	False	True	False	0.5631645321846008	0.3745060861110687	0.7094439527182153	0.5631645321846008	766.05
easy:254957009	easy	B	B	True	False	True	0.8831323981285095	0.8831323981285095	0.020777552346282327	0.8831323981285095	765.84
hard:397734008	hard	G	G	True	True	False	0.8955509662628174	0.8955509662628174	0.01706935080478022	0.8955509662628174	763.93
gold-removed:80126007	gold-removed	none	none	True	False		0.9350093007087708	0.9350093007087708	0.005392910447639541	0.9350093007087708	763.37
hard:36874002	hard	E	E	True	True	False	0.8762893080711365	0.8762893080711365	0.022480945309095543	0.8762893080711365	522.59
easy:92058007	easy	F	F	True	True	True	0.833064615726471	0.833064615726471	0.04218003181683082	0.833064615726471	525.31
none-narrower:268651002	none-narrower	none	none	True	False		0.6574493646621704	0.6574493646621704	0.1482209177911476	0.6574493646621704	391.66
gold-removed:312491004	gold-removed	none	none	True	False		0.6422628164291382	0.6422628164291382	0.19053814792019225	0.6422628164291382	761.69
easy:110004001	easy	A	A	True	True	False	0.8663449883460999	0.8663449883460999	0.02741101227119637	0.8663449883460999	801.22
hard:398796005	hard	B	B	True	True	False	0.8614575862884521	0.8614575862884521	0.0318852448016335	0.8614575862884521	762.82
hard:302161006	hard	B	B	True	True	False	0.8043854832649231	0.8043854832649231	0.05389726870225936	0.8043854832649231	392.83
hard:191169008	hard	F	C	False	False	True	0.8635469079017639	0.008951832540333271	1.7359279729157413	0.8635469079017639	763.75
gold-removed:608817003	gold-removed	none	E	False	False		0.7455501556396484	0.21925406157970428	1.1656392657155907	0.7455501556396484	763.24
easy:303012000	easy	H	H	True	True	False	0.5083447694778442	0.5083447694778442	0.34862922108054867	0.5083447694778442	603.22
hard:719012009	hard	E	E	True	True	False	0.6134371161460876	0.6134371161460876	0.2123108838780156	0.6134371161460876	762.9
hard:269533000	hard	D	D	True	True	False	0.590748131275177	0.590748131275177	0.23067814123783192	0.590748131275177	522.5
easy:397015000	easy	H	H	True	True	False	0.9408717155456543	0.9408717155456543	0.005343455428026878	0.9408717155456543	764.46
none-narrower:232245002	none-narrower	none	H	False	False		0.35461029410362244	0.30121803283691406	0.7054280216184781	0.35461029410362244	550.38
retrieval-miss:129154003	retrieval-miss	none	C	False	False	True	0.4623481333255768	0.4623481333255768	0.5040417352315042	0.4623481333255768	762.65
gold-removed:359732009	gold-removed	none	none	True	False		0.534851610660553	0.534851610660553	0.2943951876047982	0.534851610660553	766.44
gold-removed:706885006	gold-removed	none	none	True	False		0.6678623557090759	0.6678623557090759	0.13010876916780262	0.6678623557090759	800.61
none-narrower:192051000	none-narrower	none	none	True	False		0.5120803713798523	0.5120803713798523	0.40091398917609133	0.5120803713798523	524.34
gold-removed:716588005	gold-removed	none	H	False	False		0.7343121767044067	0.15581552684307098	1.2553720914767987	0.7343121767044067	798.02
hard:721881008	hard	G	G	True	True	False	0.6035186648368835	0.6035186648368835	0.2440862263400601	0.6035186648368835	767.98
gold-removed:360375007	gold-removed	none	none	True	False		0.7256712913513184	0.7256712913513184	0.09125059805468799	0.7256712913513184	407.12
none-narrower:1258979003	none-narrower	none	none	True	False		0.6051675081253052	0.6051675081253052	0.23109201323688972	0.6051675081253052	766.56
easy:56787009	easy	B	B	True	False	True	0.7989153265953064	0.7989153265953064	0.05561436571741975	0.7989153265953064	527.93
none-narrower:235986006	none-narrower	none	none	True	False		0.5456385612487793	0.5456385612487793	0.2565268528589868	0.5456385612487793	525.42
retrieval-miss:56038003	retrieval-miss	none	none	True	False	True	0.7609397768974304	0.7609397768974304	0.075895811006222	0.7609397768974304	524.89
retrieval-miss:716649003	retrieval-miss	none	E	False	False	True	0.3777804672718048	0.2315409928560257	0.8166125479964921	0.3777804672718048	764.81
hard:723096000	hard	B	B	True	True	True	0.8572312593460083	0.8572312593460083	0.031190219544390246	0.8572312593460083	408.31
none-narrower:337871000119100	none-narrower	none	none	True	False		0.633243978023529	0.633243978023529	0.2047587537225251	0.633243978023529	368.31
retrieval-miss:234477002	retrieval-miss	none	none	True	False	True	0.8550552129745483	0.8550552129745483	0.025378241133191384	0.8550552129745483	766.27
easy:50189006	easy	D	D	True	False	True	0.582675039768219	0.582675039768219	0.25258666906979466	0.582675039768219	535.93
retrieval-miss:403780007	retrieval-miss	none	none	True	False	True	0.42213982343673706	0.42213982343673706	0.5107482580521696	0.42213982343673706	778.18
easy:39912006	easy	F	none	False	True	False	0.529422402381897	0.4144730567932129	0.6236695632899582	0.529422402381897	1072.5
none-narrower:93829002	none-narrower	none	C	False	False		0.4421207308769226	0.34612682461738586	0.6559288969819486	0.4421207308769226	560.73
hard:22451001	hard	C	C	True	True	True	0.5831297636032104	0.5831297636032104	0.25178345486413434	0.5831297636032104	528.73
easy:124275001	easy	E	E	True	True	False	0.5593258738517761	0.5593258738517761	0.3336467219439535	0.5593258738517761	710.79
hard:126833009	hard	C	none	False	True	False	0.5121874809265137	0.4350694715976715	0.5819896708454076	0.5121874809265137	763.3
none-narrower:75548002	none-narrower	none	none	True	False		0.6688805222511292	0.6688805222511292	0.15054601587286276	0.6688805222511292	777.99
hard:717821004	hard	G	G	True	True	False	0.8961564898490906	0.8961564898490906	0.015384667658896768	0.8961564898490906	809.43
gold-removed:254877001	gold-removed	none	none	True	False		0.8275917172431946	0.8275917172431946	0.038427798911354144	0.8275917172431946	761.04
gold-removed:726702005	gold-removed	none	none	True	False		0.3790592551231384	0.3790592551231384	0.4678198068488918	0.3790592551231384	764.38
retrieval-miss:254064009	retrieval-miss	none	none	True	False	True	0.5105748772621155	0.5105748772621155	0.37903673073734173	0.5105748772621155	522.01
easy:39288006	easy	C	B	False	False	True	0.5221736431121826	0.11080142855644226	1.139477890538485	0.5221736431121826	524.83
easy:62311004	easy	C	C	True	True	True	0.6186429858207703	0.6186429858207703	0.22691137800121344	0.6186429858207703	763.15
hard:255084004	hard	F	F	True	True	True	0.5336884260177612	0.5336884260177612	0.290580292872537	0.5336884260177612	762.36
hard:762282007	hard	C	C	True	False	True	0.8625332713127136	0.8625332713127136	0.02726537925878908	0.8625332713127136	765.73
easy:276860003	easy	B	B	True	True	False	0.8750026226043701	0.8750026226043701	0.022886796548094876	0.8750026226043701	764.04
hard:33958003	hard	H	H	True	True	False	0.6520217657089233	0.6520217657089233	0.20491961065171413	0.6520217657089233	522.57
none-narrower:237782001	none-narrower	none	none	True	False		0.8647566437721252	0.8647566437721252	0.023047746859103636	0.8647566437721252	761.88
retrieval-miss:23687008	retrieval-miss	none	none	True	False	True	0.8990392684936523	0.8990392684936523	0.013048852370817142	0.8990392684936523	763.09
easy:720414005	easy	G	G	True	False	True	0.916102945804596	0.916102945804596	0.009629305460632266	0.916102945804596	763.49
hard:195021004	hard	F	none	False	True	False	0.6267125010490417	0.13298369944095612	1.1712029828680943	0.6267125010490417	763.59
hard:363436001	hard	E	E	True	True	True	0.6369762420654297	0.6369762420654297	0.21232196146732882	0.6369762420654297	523.1
easy:92083007	easy	B	B	True	True	True	0.8494392037391663	0.8494392037391663	0.03351516020296187	0.8494392037391663	549.76
retrieval-miss:398768004	retrieval-miss	none	B	False	False	True	0.5006424188613892	0.3612325191497803	0.6720762475447911	0.5006424188613892	767.62
none-narrower:52897009	none-narrower	none	none	True	False		0.4362098276615143	0.4362098276615143	0.42880613293830916	0.4362098276615143	762.42
none-narrower:29340001000004108	none-narrower	none	none	True	False		0.8286319971084595	0.8286319971084595	0.039306969586595845	0.8286319971084595	523.5
easy:404077005	easy	H	H	True	True	False	0.6032848954200745	0.6032848954200745	0.2576812166374529	0.6032848954200745	550.81
easy:51500006	easy	B	B	True	True	False	0.37526392936706543	0.37526392936706543	0.56172657815598	0.37526392936706543	522.34
retrieval-miss:82639001	retrieval-miss	none	G	False	False	True	0.9169101119041443	0.05721737816929817	1.7297200136493829	0.9169101119041443	761.74
hard:4760008	hard	H	H	True	True	False	0.7575826644897461	0.7575826644897461	0.0795827874571961	0.7575826644897461	525.36
gold-removed:91478007	gold-removed	none	none	True	False		0.6133713126182556	0.6133713126182556	0.20605146073711256	0.6133713126182556	523.97
hard:126485001	hard	D	D	True	True	False	0.8128048181533813	0.8128048181533813	0.056855006843793555	0.8128048181533813	552.29
gold-removed:314270008	gold-removed	none	none	True	False		0.48509079217910767	0.48509079217910767	0.3386641875202513	0.48509079217910767	407.48
easy:57917004	easy	C	C	True	True	False	0.6886858344078064	0.6886858344078064	0.1421545717492726	0.6886858344078064	762.97
hard:703403003	hard	B	B	True	False	True	0.9256243109703064	0.9256243109703064	0.008921080033176355	0.9256243109703064	763.27
easy:30496006	easy	C	none	False	False	True	0.5047862529754639	0.4287826120853424	0.5828945198274098	0.5047862529754639	763.95
easy:402525008	easy	C	C	True	True	False	0.7110022902488708	0.7110022902488708	0.12983194592513606	0.7110022902488708	525.34
hard:719209002	hard	B	B	True	True	False	0.9375296235084534	0.9375296235084534	0.006057041439116023	0.9375296235084534	765.18
easy:721094006	easy	H	H	True	True	False	0.8983907103538513	0.8983907103538513	0.016462901227109486	0.8983907103538513	770.95
hard:91612009	hard	E	E	True	True	False	0.5452662110328674	0.5452662110328674	0.34029176921991333	0.5452662110328674	368.65
none-narrower:1187464007	none-narrower	none	E	False	False		0.9171373844146729	0.06737617403268814	1.7109651178358154	0.9171373844146729	764.3
hard:17025000	hard	C	C	True	False	True	0.8678916692733765	0.8678916692733765	0.02383378427392802	0.8678916692733765	764.64
none-narrower:427910000	none-narrower	none	F	False	False		0.4308602511882782	0.33731094002723694	0.646377609055777	0.4308602511882782	524.35
gold-removed:49049000	gold-removed	none	none	True	False		0.8878821730613708	0.8878821730613708	0.014705574428931542	0.8878821730613708	526.36
hard:57863006	hard	E	E	True	True	False	0.8869022727012634	0.8869022727012634	0.02103668947559654	0.8869022727012634	764.35
gold-removed:26899006	gold-removed	none	none	True	False		0.6367314457893372	0.6367314457893372	0.17523427348690088	0.6367314457893372	554.36
none-narrower:15959101000119103	none-narrower	none	C	False	False		0.519163966178894	0.37459614872932434	0.6645239528837154	0.519163966178894	766.58
gold-removed:404064001	gold-removed	none	A	False	False		0.5239265561103821	0.44504061341285706	0.5827812223203601	0.5239265561103821	766.44
hard:254838004	hard	A	none	False	True	False	0.5504967570304871	0.3109624683856964	0.7814575195024613	0.5504967570304871	764.5
easy:363494000	easy	G	none	False	True	True	0.44999948143959045	0.2992510199546814	0.7242529106854904	0.44999948143959045	550.88
none-narrower:368721000119104	none-narrower	none	E	False	False		0.4728964567184448	0.4728964567184448	0.5021490722311697	0.4728964567184448	527.79
hard:31220004	hard	B	B	True	True	False	0.8170562386512756	0.8170562386512756	0.04630136349015185	0.8170562386512756	765.18
none-narrower:190471009	none-narrower	none	none	True	False		0.6617935299873352	0.6617935299873352	0.1638455942368513	0.6617935299873352	424.77
gold-removed:26538006	gold-removed	none	none	True	False		0.46029430627822876	0.46029430627822876	0.42989039837357484	0.46029430627822876	522.95
hard:204431007	hard	B	B	True	True	False	0.8066354990005493	0.8066354990005493	0.058939526153901085	0.8066354990005493	525.96
gold-removed:48500005	gold-removed	none	none	True	False		0.8041752576828003	0.8041752576828003	0.05001852375679472	0.8041752576828003	525.47
easy:734020000	easy	C	C	True	True	False	0.908989429473877	0.908989429473877	0.01286381230114327	0.908989429473877	766.06
retrieval-miss:720410001	retrieval-miss	none	none	True	False	True	0.8132849335670471	0.8132849335670471	0.04155356526090993	0.8132849335670471	770.77
retrieval-miss:389100007	retrieval-miss	none	none	True	False	True	0.8157938718795776	0.8157938718795776	0.04431290623129055	0.8157938718795776	767.95
none-narrower:197606008	none-narrower	none	none	True	False		0.7891321182250977	0.7891321182250977	0.0542210723768223	0.7891321182250977	525.69
hard:626004	hard	H	H	True	True	False	0.9491326212882996	0.9491326212882996	0.0034044997018148723	0.9491326212882996	766.91
easy:52186006	easy	G	G	True	True	False	0.613649845123291	0.613649845123291	0.200647871212009	0.613649845123291	557.37
retrieval-miss:422886007	retrieval-miss	none	D	False	False	True	0.40628090500831604	0.3180682957172394	0.6922647630593379	0.40628090500831604	527.24
hard:609573005	hard	A	A	True	True	False	0.8835543394088745	0.8835543394088745	0.02176503815645717	0.8835543394088745	766.83
hard:72893007	hard	A	B	False	True	True	0.538508951663971	0.20228779315948486	0.974841107633064	0.538508951663971	766.23
gold-removed:254113006	gold-removed	none	none	True	False		0.5947248935699463	0.5947248935699463	0.21585925343992632	0.5947248935699463	554.2
easy:2177002	easy	B	B	True	True	False	0.877971351146698	0.877971351146698	0.020926666937865716	0.877971351146698	555.32
hard:111293003	hard	H	none	False	False	True	0.43273836374282837	0.2652245759963989	0.7876361612764128	0.43273836374282837	527.67
retrieval-miss:54203008	retrieval-miss	none	none	True	False	True	0.9387073516845703	0.9387073516845703	0.0043837166237010805	0.9387073516845703	767.55
easy:239032007	easy	G	G	True	True	False	0.9064714312553406	0.9064714312553406	0.01147163750991811	0.9064714312553406	769.53
hard:398680004	hard	F	C	False	False	True	0.5990740656852722	0.051811110228300095	1.3421416039637792	0.5990740656852722	803.43
easy:733626002	easy	C	C	True	True	False	0.8897734880447388	0.8897734880447388	0.019254349705973	0.8897734880447388	769.74
none-narrower:94505005	none-narrower	none	none	True	False		0.5961568355560303	0.5961568355560303	0.23937697749249665	0.5961568355560303	767.66
hard:724840004	hard	A	A	True	True	False	0.6408735513687134	0.6408735513687134	0.20056755434026335	0.6408735513687134	767.82
easy:303852004	easy	D	D	True	True	False	0.9555643796920776	0.9555643796920776	0.00313178446690291	0.9555643796920776	768.97
none-narrower:890354000	none-narrower	none	none	True	False		0.5213325619697571	0.5213325619697571	0.39740570446201495	0.5213325619697571	528.84
retrieval-miss:725291001	retrieval-miss	none	none	True	False	True	0.7640274167060852	0.7640274167060852	0.07485765232216832	0.7640274167060852	770.94
retrieval-miss:17885001	retrieval-miss	none	none	True	False	True	0.9029613137245178	0.9029613137245178	0.01339807451858092	0.9029613137245178	772.03
gold-removed:120639003	gold-removed	none	none	True	False		0.5487042665481567	0.5487042665481567	0.3398211098977416	0.5487042665481567	771.67
hard:92272009	hard	E	E	True	True	True	0.6583473682403564	0.6583473682403564	0.18158832508891773	0.6583473682403564	767.38
gold-removed:87211000119104	gold-removed	none	A	False	False		0.6656032204627991	0.2943493127822876	0.9413630782926969	0.6656032204627991	771.09
none-narrower:143291000119104	none-narrower	none	none	True	False		0.6720953583717346	0.6720953583717346	0.14676606947674237	0.6720953583717346	770.04
retrieval-miss:10651001	retrieval-miss	none	none	True	False	True	0.6610723733901978	0.6610723733901978	0.15681662941747898	0.6610723733901978	771.31
easy:720636001	easy	G	G	True	True	False	0.8808046579360962	0.8808046579360962	0.022405708470109663	0.8808046579360962	558.37
none-narrower:22935002	none-narrower	none	none	True	False		0.47222283482551575	0.47222283482551575	0.4428333219701991	0.47222283482551575	556.72
easy:716742001	easy	F	F	True	False	True	0.8833795189857483	0.8833795189857483	0.02072982327796432	0.8833795189857483	530.06
hard:398114001	hard	B	B	True	True	False	0.7729737758636475	0.7729737758636475	0.07235867503748883	0.7729737758636475	768.25
gold-removed:27868004	gold-removed	none	none	True	False		0.6530436277389526	0.6530436277389526	0.16492284156803916	0.6530436277389526	531.23
retrieval-miss:238700008	retrieval-miss	none	none	True	False	True	0.5868781805038452	0.5868781805038452	0.23806834171451796	0.5868781805038452	767.66
easy:30281009	easy	D	D	True	True	False	0.4794604778289795	0.4794604778289795	0.4691785015480255	0.4794604778289795	527.97
none-narrower:12181002	none-narrower	none	none	True	False		0.428589791059494	0.428589791059494	0.4990779329352567	0.428589791059494	771.02
easy:78511005	easy	H	H	True	True	False	0.9379038214683533	0.9379038214683533	0.005713380885791609	0.9379038214683533	766.72
easy:26360005	easy	A	A	True	True	True	0.5147508382797241	0.5147508382797241	0.3994164135820558	0.5147508382797241	411.65
none-narrower:403964007	none-narrower	none	H	False	False		0.636101245880127	0.28130266070365906	0.9226758569164135	0.636101245880127	410.52
hard:303098002	hard	A	A	True	True	False	0.3350944221019745	0.3350944221019745	0.5922848081234275	0.3350944221019745	556.87
none-narrower:1343512002	none-narrower	none	none	True	False		0.706609845161438	0.706609845161438	0.11004060103377271	0.706609845161438	529.1
easy:232086000	easy	E	E	True	False	True	0.7563876509666443	0.7563876509666443	0.10162352740546574	0.7563876509666443	529.74
easy:703544004	easy	B	B	True	False	True	0.4590755105018616	0.4590755105018616	0.39926459384659824	0.4590755105018616	1062.93
retrieval-miss:720861000	retrieval-miss	none	C	False	False	True	0.4660101532936096	0.42949700355529785	0.5498743203842871	0.4660101532936096	1058.92
none-narrower:1371100008	none-narrower	none	G	False	False		0.706024169921875	0.24443377554416656	1.0698019767505715	0.706024169921875	555.52
easy:253298003	easy	G	G	True	False	True	0.6083366870880127	0.6083366870880127	0.21699335630309338	0.6083366870880127	553.79
gold-removed:7071007	gold-removed	none	none	True	False		0.8017236590385437	0.8017236590385437	0.05101670808378421	0.8017236590385437	408.94
easy:35111009	easy	D	D	True	True	True	0.9504406452178955	0.9504406452178955	0.004028283737718626	0.9504406452178955	766.31
none-narrower:418054005	none-narrower	none	G	False	False		0.6214786767959595	0.29820066690444946	0.880097727056726	0.6214786767959595	779.91
hard:27916005	hard	B	B	True	True	False	0.8815692067146301	0.8815692067146301	0.021112934727644826	0.8815692067146301	533.47
hard:72124005	hard	H	H	True	True	False	0.8097978830337524	0.8097978830337524	0.0504597293796351	0.8097978830337524	378.48
easy:111354009	easy	D	D	True	False	True	0.7936539649963379	0.7936539649963379	0.07123771214083369	0.7936539649963379	524.73
hard:11218009	hard	B	none	False	False	True	0.6070267558097839	0.24741144478321075	0.9398715338568945	0.6070267558097839	527.28
easy:717734005	easy	E	E	True	True	False	0.6440937519073486	0.6440937519073486	0.22262046203726016	0.6440937519073486	768.4
easy:716277000	easy	D	D	True	True	False	0.9587713479995728	0.9587713479995728	0.002446184587881094	0.9587713479995728	764.7
retrieval-miss:95532008	retrieval-miss	none	none	True	False	True	0.6586322784423828	0.6586322784423828	0.1907407964237526	0.6586322784423828	556.74
hard:67678004	hard	D	D	True	True	True	0.8958770036697388	0.8958770036697388	0.015430019296120194	0.8958770036697388	523.59
none-narrower:235929001	none-narrower	none	none	True	False		0.8781260251998901	0.8781260251998901	0.01863082273997887	0.8781260251998901	766.98
gold-removed:235601001	gold-removed	none	none	True	False		0.8188769221305847	0.8188769221305847	0.04263439930701215	0.8188769221305847	526.12
gold-removed:717332007	gold-removed	none	none	True	False		0.8957135081291199	0.8957135081291199	0.014867460900311321	0.8957135081291199	767.33
easy:766050000	easy	A	A	True	True	False	0.9017991423606873	0.9017991423606873	0.014265542341474301	0.9017991423606873	1057.8
gold-removed:187740000	gold-removed	none	C	False	False		0.6866263747215271	0.27985459566116333	0.9902981309540584	0.6866263747215271	582.66
easy:196133001	easy	E	E	True	False	True	0.8364704251289368	0.8364704251289368	0.04105855512337728	0.8364704251289368	780.7
none-narrower:38731000087104	none-narrower	none	B	False	False		0.8114844560623169	0.14626479148864746	1.3877409767967985	0.8114844560623169	532.94
none-narrower:48352007	none-narrower	none	none	True	False		0.9131550192832947	0.9131550192832947	0.008994289150649806	0.9131550192832947	527.95
retrieval-miss:190773008	retrieval-miss	none	none	True	False	True	0.9147635102272034	0.9147635102272034	0.008777913227257055	0.9147635102272034	526.85
hard:234577004	hard	G	G	True	True	False	0.816164493560791	0.816164493560791	0.05002364485827412	0.816164493560791	525.99
hard:95776004	hard	G	none	False	True	False	0.5195517539978027	0.441324919462204	0.5823514226801619	0.5195517539978027	557.3
easy:124252008	easy	G	G	True	True	False	0.8528643846511841	0.8528643846511841	0.034229190875269294	0.8528643846511841	557.28
easy:402425006	easy	E	E	True	True	False	0.45461609959602356	0.45461609959602356	0.41244604046157773	0.45461609959602356	525.66
hard:722059002	hard	D	D	True	True	False	0.9365554451942444	0.9365554451942444	0.006175878179009503	0.9365554451942444	767.96
easy:193756007	easy	A	A	True	True	False	0.8222728967666626	0.8222728967666626	0.053761432124238694	0.8222728967666626	768.66
easy:57203004	easy	D	none	False	True	True	0.7005670666694641	0.1750050187110901	1.1740700027858555	0.7005670666694641	526.11
easy:308870004	easy	E	E	True	True	False	0.8705594539642334	0.8705594539642334	0.027768868477994795	0.8705594539642334	555.16
gold-removed:205465004	gold-removed	none	none	True	False		0.6585943102836609	0.6585943102836609	0.15000534729413217	0.6585943102836609	767.7
easy:398909004	easy	H	H	True	True	False	0.9327536225318909	0.9327536225318909	0.006092770641540411	0.9327536225318909	527.62
easy:92624000	easy	B	B	True	True	False	0.748425304889679	0.748425304889679	0.09538973874285307	0.748425304889679	525.64
hard:403805009	hard	G	G	True	True	False	0.9281607270240784	0.9281607270240784	0.007398338847383503	0.9281607270240784	765.62
easy:21897009	easy	G	G	True	True	False	0.9242568612098694	0.9242568612098694	0.007933558952793435	0.9242568612098694	527.4
hard:278833002	hard	D	D	True	True	True	0.5450049042701721	0.5450049042701721	0.2976215404832442	0.5450049042701721	555.81
gold-removed:721073008	gold-removed	none	B	False	False		0.6237579584121704	0.32473868131637573	0.8456549860048165	0.6237579584121704	527.48
easy:255003007	easy	A	A	True	True	False	0.8422045111656189	0.8422045111656189	0.044535852920382965	0.8422045111656189	772.25
none-narrower:783705006	none-narrower	none	F	False	False		0.780630350112915	0.16564390063285828	1.30613800649073	0.780630350112915	556.29
easy:726609005	easy	C	C	True	True	False	0.9651395678520203	0.9651395678520203	0.0019388190487046066	0.9651395678520203	1059.89
none-narrower:186679007	none-narrower	none	none	True	False		0.7703518867492676	0.7703518867492676	0.06931157205649037	0.7703518867492676	527.69
none-narrower:27507004	none-narrower	none	H	False	False		0.5874359011650085	0.3600384294986725	0.7553021311848298	0.5874359011650085	557.02
gold-removed:277568007	gold-removed	none	none	True	False		0.6023262739181519	0.6023262739181519	0.21337389368927978	0.6023262739181519	771.18
hard:238676008	hard	B	B	True	False	True	0.9164354801177979	0.9164354801177979	0.01002295703750233	0.9164354801177979	526.72
easy:19905009	easy	G	G	True	True	False	0.8878686428070068	0.8878686428070068	0.017208846860621803	0.8878686428070068	528.76
easy:404120006	easy	E	E	True	True	False	0.9344310164451599	0.9344310164451599	0.00648534512673291	0.9344310164451599	770.06
gold-removed:39390005	gold-removed	none	none	True	False		0.6414690017700195	0.6414690017700195	0.17586517874714297	0.6414690017700195	766.91
hard:722290008	hard	F	F	True	False	True	0.940201461315155	0.940201461315155	0.005416212974636745	0.940201461315155	765.55
retrieval-miss:59399004	retrieval-miss	none	none	True	False	True	0.4276641011238098	0.4276641011238098	0.4222694432673772	0.4276641011238098	526.6
retrieval-miss:4855003	retrieval-miss	none	none	True	False	True	0.623214602470398	0.623214602470398	0.19541899158453496	0.623214602470398	525.39
easy:399463004	easy	H	H	True	True	True	0.5325616598129272	0.5325616598129272	0.31373812444008653	0.5325616598129272	552.76
hard:230595006	hard	C	C	True	True	False	0.8648613095283508	0.8648613095283508	0.02918294057694809	0.8648613095283508	409.67
retrieval-miss:10177005	retrieval-miss	none	H	False	False	True	0.503032386302948	0.42729276418685913	0.5825348949112163	0.503032386302948	556.49
hard:398963001	hard	G	G	True	False	True	0.6287742257118225	0.6287742257118225	0.1984607116065151	0.6287742257118225	526.58
retrieval-miss:717812000	retrieval-miss	none	none	True	False	True	0.6877421140670776	0.6877421140670776	0.12667085794408797	0.6877421140670776	525.93
none-narrower:783558004	none-narrower	none	A	False	False		0.7838571071624756	0.16632874310016632	1.309866699804536	0.7838571071624756	1055.82
none-narrower:721677005	none-narrower	none	none	True	False		0.9225910902023315	0.9225910902023315	0.007407082263194178	0.9225910902023315	554.38
none-narrower:372024009	none-narrower	none	H	False	False		0.7768086791038513	0.14001470804214478	1.3446433813745933	0.7768086791038513	763.46
hard:86203003	hard	B	B	True	True	False	0.8284882307052612	0.8284882307052612	0.041067259906664474	0.8284882307052612	526.62
none-narrower:268654005	none-narrower	none	none	True	False		0.6993385553359985	0.6993385553359985	0.10795520678563181	0.6993385553359985	526.42
none-narrower:66265004	none-narrower	none	none	True	False		0.5672855973243713	0.5672855973243713	0.2611430361014613	0.5672855973243713	554.96
easy:89655007	easy	F	D	False	False	True	0.5193958282470703	0.07329130172729492	1.2186761243146993	0.5193958282470703	766.23
hard:28656008	hard	D	D	True	False	True	0.9056999087333679	0.9056999087333679	0.015077925184926936	0.9056999087333679	525.64
hard:442551007	hard	A	A	True	True	False	0.87727952003479	0.87727952003479	0.023397012359867804	0.87727952003479	393.54
easy:764997000	easy	G	G	True	True	False	0.9755197167396545	0.9755197167396545	0.0008450032317953277	0.9755197167396545	1688.31
retrieval-miss:763669001	retrieval-miss	none	none	True	False	True	0.7842491269111633	0.7842491269111633	0.06619612009960128	0.7842491269111633	767.37
none-narrower:1196912004	none-narrower	none	C	False	False		0.47368553280830383	0.43657100200653076	0.5448663508663358	0.47368553280830383	767.5
none-narrower:1237346001	none-narrower	none	B	False	False		0.6786431670188904	0.15624520182609558	1.1858097417301745	0.6786431670188904	764.78
hard:118600007	hard	F	none	False	True	False	0.6512852907180786	0.20781536400318146	1.055387588935134	0.6512852907180786	555.77
hard:400142003	hard	A	A	True	True	False	0.7736782431602478	0.7736782431602478	0.07957886162848024	0.7736782431602478	554.5
hard:48718006	hard	D	D	True	True	False	0.8949178457260132	0.8949178457260132	0.016420810908136074	0.8949178457260132	766.66
easy:715748006	easy	D	D	True	True	False	0.9606775045394897	0.9606775045394897	0.0023920468691416355	0.9606775045394897	767.15
retrieval-miss:58437007	retrieval-miss	none	none	True	False	True	0.6179452538490295	0.6179452538490295	0.25030970912619205	0.6179452538490295	767.9
hard:449096009	hard	F	F	True	True	True	0.7232703566551208	0.7232703566551208	0.12296665874759452	0.7232703566551208	526.65
easy:718607001	easy	E	E	True	True	False	0.9553004503250122	0.9553004503250122	0.0029947716077889986	0.9553004503250122	1054.81
hard:79830009	hard	E	E	True	True	False	0.8419916033744812	0.8419916033744812	0.03735985025123306	0.8419916033744812	526.66
easy:698290008	easy	H	H	True	True	False	0.913419783115387	0.913419783115387	0.0106331835711811	0.913419783115387	766.42
none-narrower:65528008	none-narrower	none	F	False	False		0.702533483505249	0.24322524666786194	1.067045058777542	0.702533483505249	525.77
easy:721014007	easy	D	D	True	True	False	0.9492153525352478	0.9492153525352478	0.0041527400189526	0.9492153525352478	770.35
gold-removed:253904001	gold-removed	none	none	True	False		0.5444456338882446	0.5444456338882446	0.27530667665927583	0.5444456338882446	711.67
easy:392662004	easy	B	B	True	True	False	0.8236584663391113	0.8236584663391113	0.04202273534473965	0.8236584663391113	766.09
none-narrower:29736007	none-narrower	none	none	True	False		0.5499005317687988	0.5499005317687988	0.2894810439686078	0.5499005317687988	554.43
hard:22784002	hard	B	B	True	True	False	0.8747439384460449	0.8747439384460449	0.02395687226165651	0.8747439384460449	763.94
hard:715397000	hard	E	E	True	True	False	0.876854658126831	0.876854658126831	0.023400087509467753	0.876854658126831	554.9
hard:238874008	hard	A	A	True	True	True	0.926779568195343	0.926779568195343	0.008755328923558514	0.926779568195343	525.79
easy:239069005	easy	H	H	True	True	False	0.9614991545677185	0.9614991545677185	0.001982564262772615	0.9614991545677185	766.64
hard:268240006	hard	H	H	True	True	False	0.7464221715927124	0.7464221715927124	0.10582439430334883	0.7464221715927124	555.7
retrieval-miss:715338007	retrieval-miss	none	none	True	False	True	0.8342364430427551	0.8342364430427551	0.03294402859623782	0.8342364430427551	767.49
easy:32620007	easy	E	E	True	True	False	0.9503846168518066	0.9503846168518066	0.003816955758990994	0.9503846168518066	763.23
gold-removed:238078005	gold-removed	none	none	True	False		0.4173175096511841	0.4173175096511841	0.45236514155628316	0.4173175096511841	763.24
none-narrower:698836007	none-narrower	none	none	True	False		0.8922783732414246	0.8922783732414246	0.017761232644323856	0.8922783732414246	554.27
easy:79674009	easy	H	H	True	True	False	0.9024150967597961	0.9024150967597961	0.014825659316197143	0.9024150967597961	766.24
none-narrower:724784006	none-narrower	none	E	False	False		0.5648958086967468	0.40759336948394775	0.6702024099846344	0.5648958086967468	552.84
hard:128468007	hard	G	B	False	False	True	0.6285281181335449	0.15700934827327728	1.1400327429881196	0.6285281181335449	527.32
retrieval-miss:230499002	retrieval-miss	none	none	True	False	True	0.8248753547668457	0.8248753547668457	0.03790876282344035	0.8248753547668457	526.83
hard:725408001	hard	C	C	True	True	False	0.9162179827690125	0.9162179827690125	0.011594970497039836	0.9162179827690125	552.29
hard:445257004	hard	C	C	True	True	False	0.941145122051239	0.941145122051239	0.005308734790435569	0.941145122051239	527.17
none-narrower:102361000119104	none-narrower	none	none	True	False		0.702768087387085	0.702768087387085	0.11222872285470514	0.702768087387085	764.62
hard:707435002	hard	B	B	True	True	False	0.789208710193634	0.789208710193634	0.0657082398185555	0.789208710193634	763.91
gold-removed:763458005	gold-removed	none	none	True	False		0.6173638701438904	0.6173638701438904	0.1735060378265874	0.6173638701438904	1056.0
hard:715427008	hard	G	G	True	True	True	0.9328757524490356	0.9328757524490356	0.006389260377117491	0.9328757524490356	769.14
hard:187722004	hard	D	D	True	True	False	0.7599653601646423	0.7599653601646423	0.0941099947722805	0.7599653601646423	765.44
retrieval-miss:17234001	retrieval-miss	none	none	True	False	True	0.5278499722480774	0.5278499722480774	0.3715789397505991	0.5278499722480774	555.48
easy:733068001	easy	G	G	True	True	True	0.9129411578178406	0.9129411578178406	0.011510849119410638	0.9129411578178406	553.75
easy:609581006	easy	A	A	True	True	True	0.7815497517585754	0.7815497517585754	0.072069756278246	0.7815497517585754	634.02
retrieval-miss:111395007	retrieval-miss	none	none	True	False	True	0.5733053684234619	0.5733053684234619	0.2554556940805014	0.5733053684234619	526.26
hard:58833000	hard	H	H	True	True	True	0.9544787406921387	0.9544787406921387	0.002942180486604685	0.9544787406921387	768.96
gold-removed:58459009	gold-removed	none	none	True	False		0.7873974442481995	0.7873974442481995	0.05653042874607342	0.7873974442481995	525.81
gold-removed:254102008	gold-removed	none	D	False	False		0.4278717041015625	0.39434680342674255	0.5598501827921264	0.4278717041015625	767.5
hard:720344007	hard	A	A	True	True	True	0.8525278568267822	0.8525278568267822	0.032627499851261996	0.8525278568267822	762.43
easy:416960004	easy	G	none	False	False	True	0.5277507305145264	0.09512362629175186	1.1885546486841023	0.5277507305145264	763.3
hard:428174001	hard	H	H	True	True	False	0.9062395095825195	0.9062395095825195	0.012775187770103176	0.9062395095825195	764.56
hard:92405007	hard	A	A	True	True	True	0.6789225339889526	0.6789225339889526	0.16913364636977135	0.6789225339889526	762.33
hard:715395008	hard	C	C	True	True	True	0.5104891061782837	0.5104891061782837	0.34942313235700984	0.5104891061782837	554.05
gold-removed:95691008	gold-removed	none	none	True	False		0.7957905530929565	0.7957905530929565	0.06672549323477678	0.7957905530929565	523.96
easy:719069008	easy	G	G	True	True	True	0.9147943258285522	0.9147943258285522	0.010213230016320244	0.9147943258285522	766.48
retrieval-miss:471885006	retrieval-miss	none	none	True	False	True	0.7106606364250183	0.7106606364250183	0.1225130886652459	0.7106606364250183	762.83
none-narrower:1260130005	none-narrower	none	E	False	False		0.8526249527931213	0.11088602989912033	1.5177512810441733	0.8526249527931213	767.12
retrieval-miss:302872003	retrieval-miss	none	none	True	False	True	0.8125870227813721	0.8125870227813721	0.04770905908829651	0.8125870227813721	523.76
none-narrower:74202002	none-narrower	none	none	True	False		0.7898818850517273	0.7898818850517273	0.07281104031410773	0.7898818850517273	526.75
none-narrower:82069007	none-narrower	none	none	True	False		0.5370486974716187	0.5370486974716187	0.3662269442856741	0.5370486974716187	523.95
hard:85478004	hard	B	none	False	True	False	0.6314675211906433	0.23720715939998627	0.9855821106588498	0.6314675211906433	522.64
hard:721231007	hard	C	C	True	True	False	0.7408525347709656	0.7408525347709656	0.10839246068267354	0.7408525347709656	762.79
hard:266578003	hard	D	D	True	True	False	0.7589644193649292	0.7589644193649292	0.09458983414487304	0.7589644193649292	523.1
easy:704166007	easy	G	none	False	False	True	0.6493157148361206	0.04770100116729736	1.363667035147699	0.6493157148361206	760.31
hard:205647005	hard	A	none	False	False	True	0.5205469131469727	0.31904226541519165	0.7441551875097872	0.5205469131469727	762.55
gold-removed:707510005	gold-removed	none	none	True	False		0.5564089417457581	0.5564089417457581	0.2872072894237267	0.5564089417457581	762.62
gold-removed:10347006	gold-removed	none	none	True	False		0.8691751956939697	0.8691751956939697	0.02136926764803431	0.8691751956939697	761.8
hard:55379003	hard	E	E	True	True	False	0.853140652179718	0.853140652179718	0.03422058871686551	0.853140652179718	407.01
hard:400166009	hard	A	A	True	True	False	0.7274078130722046	0.7274078130722046	0.12064906596556184	0.7274078130722046	763.01
easy:3135009	easy	C	C	True	True	False	0.7153899669647217	0.7153899669647217	0.11031103430653008	0.7153899669647217	523.51
easy:27201004	easy	B	none	False	True	False	0.4983431398868561	0.2815021574497223	0.7771127764612261	0.4983431398868561	759.38
retrieval-miss:73465006	retrieval-miss	none	none	True	False	True	0.8664819002151489	0.8664819002151489	0.022742859884307312	0.8664819002151489	762.99
easy:238032002	easy	G	G	True	True	False	0.8285422325134277	0.8285422325134277	0.04369696377886685	0.8285422325134277	523.44
hard:16872008	hard	E	E	True	True	True	0.9350109696388245	0.9350109696388245	0.006375834263627361	0.9350109696388245	553.24
easy:403760006	easy	H	H	True	True	False	0.800165057182312	0.800165057182312	0.05624443621916069	0.800165057182312	764.32
hard:762295002	hard	D	D	True	True	True	0.6326399445533752	0.6326399445533752	0.22795703306710577	0.6326399445533752	525.08
easy:68067009	easy	F	F	True	False	True	0.9428297281265259	0.9428297281265259	0.0054091220741046735	0.9428297281265259	766.29
gold-removed:86489003	gold-removed	none	none	True	False		0.8351841568946838	0.8351841568946838	0.03583338932164676	0.8351841568946838	526.08
gold-removed:720565000	gold-removed	none	A	False	False		0.5124040842056274	0.36971864104270935	0.6630576372898214	0.5124040842056274	765.06
retrieval-miss:75875004	retrieval-miss	none	none	True	False	True	0.5897929668426514	0.5897929668426514	0.25210871371803695	0.5897929668426514	762.07
none-narrower:192631000	none-narrower	none	C	False	False		0.7215394973754883	0.24980534613132477	1.0835536247134727	0.7215394973754883	551.92
easy:719981005	easy	E	E	True	True	False	0.969047486782074	0.969047486782074	0.0013534694183552011	0.969047486782074	1055.23
hard:80960004	hard	D	D	True	True	False	0.9143950343132019	0.9143950343132019	0.010764300620235657	0.9143950343132019	525.11
hard:74469006	hard	D	none	False	False	True	0.5028855800628662	0.42716771364212036	0.5833825827688082	0.5028855800628662	523.59
retrieval-miss:66576001	retrieval-miss	none	none	True	False	True	0.859817624092102	0.859817624092102	0.02355718422618805	0.859817624092102	760.93
easy:1271009	easy	B	F	False	True	False	0.5219100713729858	0.271714985370636	0.8355979163150973	0.5219100713729858	763.2
hard:73757007	hard	C	C	True	True	False	0.749086320400238	0.749086320400238	0.09387877231327277	0.749086320400238	521.6
easy:68409003	easy	C	C	True	False	True	0.43857255578041077	0.43857255578041077	0.4598381463639113	0.43857255578041077	761.5
easy:238021002	easy	B	B	True	False	True	0.7503703832626343	0.7503703832626343	0.08954955351046108	0.7503703832626343	523.29
easy:443439001	easy	F	F	True	True	True	0.5882842540740967	0.5882842540740967	0.26694301411182386	0.5882842540740967	762.13
hard:254131007	hard	H	H	True	True	False	0.9376437067985535	0.9376437067985535	0.0060442427293345554	0.9376437067985535	761.72
none-narrower:342291000119102	none-narrower	none	none	True	False		0.7779339551925659	0.7779339551925659	0.06043457573228424	0.7779339551925659	760.05
hard:5217008	hard	E	E	True	True	False	0.6678573489189148	0.6678573489189148	0.14451645856501844	0.6678573489189148	550.74
easy:238007004	easy	F	F	True	False	True	0.826629102230072	0.826629102230072	0.04663219427388323	0.826629102230072	763.83
retrieval-miss:716871006	retrieval-miss	none	none	True	False	True	0.7987869381904602	0.7987869381904602	0.055663175836528654	0.7987869381904602	760.3
gold-removed:419237004	gold-removed	none	none	True	False		0.46579188108444214	0.46579188108444214	0.395472283762571	0.46579188108444214	550.23
hard:716653001	hard	E	E	True	True	False	0.6814144253730774	0.6814144253730774	0.1478256401127066	0.6814144253730774	763.74
gold-removed:609578001	gold-removed	none	none	True	False		0.4974389672279358	0.4974389672279358	0.4330423074672473	0.4974389672279358	760.97
gold-removed:1899006	gold-removed	none	none	True	False		0.8136372566223145	0.8136372566223145	0.040145899992054875	0.8136372566223145	521.59
hard:416769008	hard	D	D	True	True	True	0.6579151749610901	0.6579151749610901	0.18995721516048714	0.6579151749610901	760.98
easy:363468009	easy	A	A	True	False	True	0.7016907930374146	0.7016907930374146	0.14894828235657645	0.7016907930374146	760.6
hard:402601007	hard	C	none	False	False	True	0.3364849090576172	0.22376348078250885	0.8043901123156849	0.3364849090576172	551.05
retrieval-miss:419193008	retrieval-miss	none	none	True	False	True	0.574363112449646	0.574363112449646	0.30712835815114903	0.574363112449646	406.48
gold-removed:722034006	gold-removed	none	none	True	False		0.8406049609184265	0.8406049609184265	0.03118481840226614	0.8406049609184265	551.29
easy:91968002	easy	B	B	True	True	True	0.7508609294891357	0.7508609294891357	0.09384680443193778	0.7508609294891357	522.18
easy:85769006	easy	B	B	True	False	True	0.8884621262550354	0.8884621262550354	0.019573355399306325	0.8884621262550354	522.68
retrieval-miss:359814004	retrieval-miss	none	none	True	False	True	0.9175921082496643	0.9175921082496643	0.008031924821999166	0.9175921082496643	550.78
hard:253020008	hard	G	none	False	False	True	0.45188194513320923	0.10403765738010406	1.105450557729227	0.45188194513320923	550.63
hard:188241004	hard	E	E	True	True	False	0.6273537278175354	0.6273537278175354	0.23066375859596716	0.6273537278175354	476.29
hard:3944006	hard	H	none	False	True	True	0.7219425439834595	0.15319092571735382	1.2444530722723555	0.7219425439834595	759.36
none-narrower:1186858000	none-narrower	none	A	False	False		0.5469433069229126	0.42818978428840637	0.6262907251443136	0.5469433069229126	522.99
easy:72815004	easy	B	B	True	False	True	0.7761596441268921	0.7761596441268921	0.0745060737766361	0.7761596441268921	406.78
none-narrower:55637002	none-narrower	none	none	True	False		0.786335825920105	0.786335825920105	0.054936019079610425	0.786335825920105	549.42
retrieval-miss:239869009	retrieval-miss	none	none	True	False	True	0.648239254951477	0.648239254951477	0.17912162491620193	0.648239254951477	526.09
hard:25044007	hard	A	A	True	True	False	0.6279040575027466	0.6279040575027466	0.18967695651076563	0.6279040575027466	549.76
gold-removed:190745006	gold-removed	none	none	True	False		0.4111989736557007	0.4111989736557007	0.4628395641463733	0.4111989736557007	522.16
gold-removed:126908007	gold-removed	none	none	True	False		0.647404134273529	0.647404134273529	0.20710838963529735	0.647404134273529	759.39
none-narrower:86333008	none-narrower	none	E	False	False		0.7234544157981873	0.2308434545993805	1.1153700654591494	0.7234544157981873	550.19
hard:726341009	hard	A	none	False	True	False	0.5308441519737244	0.3253534436225891	0.7436434718425124	0.5308441519737244	551.55
gold-removed:719827008	gold-removed	none	none	True	False		0.8084378838539124	0.8084378838539124	0.04919922750540116	0.8084378838539124	763.22
easy:9245008	easy	H	H	True	True	False	0.8919745683670044	0.8919745683670044	0.017166748086849117	0.8919745683670044	523.7
easy:237997005	easy	C	C	True	True	False	0.8641434907913208	0.8641434907913208	0.02564657351513407	0.8641434907913208	763.94
easy:253366007	easy	C	C	True	True	True	0.5263670086860657	0.5263670086860657	0.3705233408487476	0.5263670086860657	552.06
easy:302226006	easy	E	E	True	False	True	0.5973407030105591	0.5973407030105591	0.2618257214659713	0.5973407030105591	523.83
hard:95462004	hard	E	E	True	True	True	0.5441306233406067	0.5441306233406067	0.28076993405451844	0.5441306233406067	524.16
gold-removed:733492003	gold-removed	none	B	False	False		0.50129234790802	0.462014764547348	0.5412081801228403	0.50129234790802	764.89
gold-removed:302954008	gold-removed	none	none	True	False		0.9192554950714111	0.9192554950714111	0.008619872113483303	0.9192554950714111	552.23
retrieval-miss:8829008	retrieval-miss	none	none	True	False	True	0.43513137102127075	0.43513137102127075	0.42166684894579365	0.43513137102127075	766.38
none-narrower:193436005	none-narrower	none	none	True	False		0.6970041394233704	0.6970041394233704	0.12813043453591832	0.6970041394233704	436.9
hard:125603006	hard	H	H	True	True	False	0.9486908316612244	0.9486908316612244	0.003436073639130614	0.9486908316612244	418.41
hard:280816001	hard	F	E	False	False	True	0.4714357554912567	0.22620640695095062	0.8819582450383784	0.4714357554912567	773.09
hard:363427000	hard	D	G	False	True	True	0.43112337589263916	0.17571689188480377	0.9521340991164876	0.43112337589263916	552.49
none-narrower:253147000	none-narrower	none	E	False	False		0.47860416769981384	0.1656983196735382	1.0122597419671113	0.47860416769981384	765.61
easy:720750004	easy	G	G	True	True	False	0.9417853951454163	0.9417853951454163	0.004767699415354499	0.9417853951454163	768.4
easy:84706005	easy	C	C	True	False	True	0.6330610513687134	0.6330610513687134	0.24365632441200658	0.6330610513687134	525.59
hard:766705006	hard	D	D	True	False	True	0.9135241508483887	0.9135241508483887	0.010957379551376644	0.9135241508483887	764.1
hard:302820008	hard	D	C	False	False	True	0.8893929719924927	0.004423866979777813	1.787497337469441	0.8893929719924927	764.44
none-narrower:402811003	none-narrower	none	none	True	False		0.5826470255851746	0.5826470255851746	0.2476410574963248	0.5826470255851746	554.96
hard:717943008	hard	D	D	True	True	True	0.9195136427879333	0.9195136427879333	0.009857825615312147	0.9195136427879333	763.67
easy:237913008	easy	A	A	True	True	False	0.843643069267273	0.843643069267273	0.038852804519401526	0.843643069267273	526.5
none-narrower:237622006	none-narrower	none	C	False	False		0.5236351490020752	0.40994271636009216	0.6238457411366138	0.5236351490020752	553.34
none-narrower:1287336004	none-narrower	none	B	False	False		0.7600425481796265	0.20600317418575287	1.208320628956543	0.7600425481796265	763.74
easy:62201009	easy	C	C	True	False	True	0.8728444576263428	0.8728444576263428	0.025662682523571765	0.8728444576263428	766.16
gold-removed:62005008	gold-removed	none	B	False	False		0.6943818926811218	0.2608405649662018	1.028962875124039	0.6943818926811218	525.63
retrieval-miss:15566009	retrieval-miss	none	none	True	False	True	0.8825239539146423	0.8825239539146423	0.01745787684136161	0.8825239539146423	551.79
none-narrower:193185007	none-narrower	none	E	False	False		0.4735136032104492	0.4735136032104492	0.5020158109304902	0.4735136032104492	523.14
retrieval-miss:274102007	retrieval-miss	none	B	False	False	True	0.5111121535301208	0.40013834834098816	0.6229543437677898	0.5111121535301208	523.06
none-narrower:609600000	none-narrower	none	none	True	False		0.4460851550102234	0.4460851550102234	0.47091958646712734	0.4460851550102234	523.23
gold-removed:698250005	gold-removed	none	none	True	False		0.41892048716545105	0.41892048716545105	0.4873730197165137	0.41892048716545105	522.34
hard:702809001	hard	H	H	True	True	False	0.9668375849723816	0.9668375849723816	0.001422183617617841	0.9668375849723816	766.06
hard:77090002	hard	E	E	True	True	False	0.8572866916656494	0.8572866916656494	0.02849631726233251	0.8572866916656494	407.01
retrieval-miss:147101000119108	retrieval-miss	none	D	False	False	True	0.45097240805625916	0.45097240805625916	0.509159649838717	0.45097240805625916	554.04
retrieval-miss:277589003	retrieval-miss	none	none	True	False	True	0.38157862424850464	0.38157862424850464	0.5052554249462474	0.38157862424850464	766.27
none-narrower:43742007	none-narrower	none	none	True	False		0.7001515626907349	0.7001515626907349	0.11456397340562144	0.7001515626907349	529.19
hard:54552008	hard	E	E	True	True	False	0.6489337086677551	0.6489337086677551	0.20628893986876817	0.6489337086677551	526.73
easy:2032001	easy	H	H	True	False	True	0.6282919049263	0.6282919049263	0.2301775570065245	0.6282919049263	764.24
hard:205484001	hard	E	E	True	True	True	0.3557782471179962	0.3557782471179962	0.5727518852421736	0.3557782471179962	765.14
retrieval-miss:238824006	retrieval-miss	none	none	True	False	True	0.8429282903671265	0.8429282903671265	0.03006072566497559	0.8429282903671265	526.49
hard:15628003	hard	D	D	True	True	False	0.9322234392166138	0.9322234392166138	0.007095791555486239	0.9322234392166138	763.95
gold-removed:240453002	gold-removed	none	none	True	False		0.5873035192489624	0.5873035192489624	0.30053743877542893	0.5873035192489624	553.96
none-narrower:342451000119108	none-narrower	none	C	False	False		0.40927377343177795	0.27216827869415283	0.7846037341659144	0.40927377343177795	765.13
none-narrower:298150009	none-narrower	none	none	True	False		0.5709264278411865	0.5709264278411865	0.30809451181956593	0.5709264278411865	765.43
hard:402355000	hard	H	H	True	False	True	0.9486556649208069	0.9486556649208069	0.003992003342620077	0.9486556649208069	556.8
easy:24867002	easy	E	none	False	False	True	0.3716023862361908	0.2099093198776245	0.8082807364674816	0.3716023862361908	556.57
hard:234405009	hard	A	A	True	True	False	0.7934237718582153	0.7934237718582153	0.06725655908567912	0.7934237718582153	769.89
retrieval-miss:58729003	retrieval-miss	none	none	True	False	True	0.7293569445610046	0.7293569445610046	0.10935116485091861	0.7293569445610046	526.15
gold-removed:16059006	gold-removed	none	none	True	False		0.913867175579071	0.913867175579071	0.008767640727165467	0.913867175579071	769.0
retrieval-miss:55711009	retrieval-miss	none	C	False	False	True	0.4887709617614746	0.15595948696136475	1.0420483955156805	0.4887709617614746	766.75
easy:42786005	easy	E	E	True	False	True	0.8234685063362122	0.8234685063362122	0.05028676461189014	0.8234685063362122	765.81
none-narrower:29320008	none-narrower	none	none	True	False		0.5573376417160034	0.5573376417160034	0.2854550563079973	0.5573376417160034	765.88
hard:40272001	hard	H	H	True	False	True	0.5903511643409729	0.5903511643409729	0.23389652383861093	0.5903511643409729	524.77
gold-removed:389214003	gold-removed	none	none	True	False		0.9068794846534729	0.9068794846534729	0.010921429819714917	0.9068794846534729	764.79
retrieval-miss:367649002	retrieval-miss	none	none	True	False	True	0.8555484414100647	0.8555484414100647	0.0252590863247399	0.8555484414100647	527.64
gold-removed:92241005	gold-removed	none	none	True	False		0.5244256854057312	0.5244256854057312	0.33556685611378945	0.5244256854057312	526.81
gold-removed:234440005	gold-removed	none	none	True	False		0.5554083585739136	0.5554083585739136	0.25904835320754527	0.5554083585739136	554.16
easy:1003375005	easy	B	none	False	True	False	0.4733814001083374	0.31480005383491516	0.725536531584939	0.4733814001083374	580.44
none-narrower:323291000119108	none-narrower	none	H	False	False		0.5207448601722717	0.3462972044944763	0.7061066073797475	0.5207448601722717	527.14
none-narrower:126754006	none-narrower	none	none	True	False		0.5544794201850891	0.5544794201850891	0.26957477712016115	0.5544794201850891	764.53
easy:699315005	easy	A	A	True	True	True	0.8828191161155701	0.8828191161155701	0.019898891815582305	0.8828191161155701	528.9
easy:3951002	easy	A	F	False	False	True	0.4500744342803955	0.12198878824710846	1.1201113356131045	0.4500744342803955	409.96
gold-removed:28835009	gold-removed	none	none	True	False		0.8016387224197388	0.8016387224197388	0.04692058195601277	0.8016387224197388	554.68
retrieval-miss:193687000	retrieval-miss	none	D	False	False	True	0.6805217862129211	0.21714408695697784	1.0798545520526517	0.6805217862129211	762.64
easy:233815004	easy	D	D	True	False	True	0.7487288117408752	0.7487288117408752	0.09275652709657653	0.7487288117408752	526.15
none-narrower:370481004	none-narrower	none	none	True	False		0.7573952674865723	0.7573952674865723	0.07384727943947653	0.7573952674865723	551.6
none-narrower:109630002	none-narrower	none	none	True	False		0.5131445527076721	0.5131445527076721	0.3555711016886367	0.5131445527076721	551.2
gold-removed:238926009	gold-removed	none	none	True	False		0.5203041434288025	0.5203041434288025	0.3444814605458685	0.5203041434288025	802.11
hard:418763003	hard	B	B	True	True	False	0.9026186466217041	0.9026186466217041	0.015644020775231644	0.9026186466217041	762.87
hard:254771006	hard	H	H	True	True	False	0.9262828230857849	0.9262828230857849	0.0069202231232169086	0.9262828230857849	759.48
easy:254831005	easy	B	B	True	True	False	0.4734635651111603	0.4734635651111603	0.44665228310006067	0.4734635651111603	761.66
hard:371979001	hard	G	G	True	True	True	0.5209846496582031	0.5209846496582031	0.35656570547064975	0.5209846496582031	523.02
hard:60232001	hard	E	E	True	True	False	0.822845995426178	0.822845995426178	0.047736981053034755	0.822845995426178	760.37
none-narrower:94695009	none-narrower	none	G	False	False		0.5299111008644104	0.3823505640029907	0.6635737929922345	0.5299111008644104	372.3
none-narrower:422061002	none-narrower	none	none	True	False		0.51975417137146	0.51975417137146	0.2990093432501971	0.51975417137146	390.11
retrieval-miss:65038009	retrieval-miss	none	G	False	False	True	0.5212470889091492	0.3760995864868164	0.6640799087187057	0.5212470889091492	391.83
hard:724072002	hard	H	H	True	False	True	0.9010685086250305	0.9010685086250305	0.015088153443642428	0.9010685086250305	761.93
retrieval-miss:253031000	retrieval-miss	none	A	False	False	True	0.5429078936576843	0.30667540431022644	0.7834734417321308	0.5429078936576843	764.21
easy:711164003	easy	A	A	True	True	False	0.9548032283782959	0.9548032283782959	0.003388737258318872	0.9548032283782959	763.8
easy:367542003	easy	E	E	True	True	False	0.8606179356575012	0.8606179356575012	0.0320979019902473	0.8606179356575012	764.19
easy:419645003	easy	A	A	True	True	True	0.6875235438346863	0.6875235438346863	0.14964805470028075	0.6875235438346863	762.75
none-narrower:232402006	none-narrower	none	none	True	False		0.5172197818756104	0.5172197818756104	0.33932129003781264	0.5172197818756104	552.87
retrieval-miss:58263000	retrieval-miss	none	none	True	False	True	0.41787174344062805	0.41787174344062805	0.44743453325324095	0.41787174344062805	764.54
hard:230655004	hard	H	H	True	True	False	0.8518902063369751	0.8518902063369751	0.03277470296018395	0.8518902063369751	393.26
easy:721311006	easy	F	F	True	True	False	0.8960737586021423	0.8960737586021423	0.016950947905128445	0.8960737586021423	763.21
hard:766756002	hard	B	B	True	True	False	0.9329158067703247	0.9329158067703247	0.006703460405752365	0.9329158067703247	764.47
gold-removed:29248006	gold-removed	none	none	True	False		0.7839678525924683	0.7839678525924683	0.0605648471008695	0.7839678525924683	763.79
easy:82661006	easy	B	B	True	True	False	0.868392825126648	0.868392825126648	0.03013669357337672	0.868392825126648	525.63
easy:10890000	easy	G	G	True	True	False	0.5134920477867126	0.5134920477867126	0.4274146432278778	0.5134920477867126	762.48
gold-removed:715442006	gold-removed	none	H	False	False		0.503803014755249	0.3350304961204529	0.7083274429195178	0.503803014755249	765.78
none-narrower:109347009	none-narrower	none	A	False	False		0.5681084394454956	0.2957666516304016	0.8251156667675069	0.5681084394454956	554.09
easy:92169007	easy	B	B	True	True	True	0.8389118909835815	0.8389118909835815	0.03742153867705505	0.8389118909835815	553.53
gold-removed:719660008	gold-removed	none	none	True	False		0.8291051983833313	0.8291051983833313	0.03774247747100072	0.8291051983833313	765.82
hard:118615008	hard	C	C	True	False	True	0.603894054889679	0.603894054889679	0.22815943487151374	0.603894054889679	528.71
easy:95211004	easy	A	A	True	False	True	0.6688544750213623	0.6688544750213623	0.1758066650490807	0.6688544750213623	526.7
hard:404065000	hard	E	E	True	True	False	0.911371648311615	0.911371648311615	0.013179181145711549	0.911371648311615	553.46
retrieval-miss:126550004	retrieval-miss	none	none	True	False	True	0.5913347601890564	0.5913347601890564	0.23094983314044593	0.5913347601890564	764.53
easy:29731002	easy	A	A	True	True	False	0.9097895622253418	0.9097895622253418	0.013463057811490596	0.9097895622253418	555.34
none-narrower:127104002	none-narrower	none	none	True	False		0.4521431028842926	0.4521431028842926	0.4036288842738556	0.4521431028842926	764.6
hard:363425008	hard	B	B	True	True	True	0.5222686529159546	0.5222686529159546	0.33567515477699006	0.5222686529159546	766.94
hard:398670003	hard	D	D	True	True	True	0.90165114402771	0.90165114402771	0.01583354185576774	0.90165114402771	763.2
none-narrower:12011009	none-narrower	none	none	True	False		0.798956036567688	0.798956036567688	0.057063502332413925	0.798956036567688	526.13
easy:274142002	easy	G	F	False	False	True	0.4668334126472473	0.1372881680727005	1.07739937373373	0.4668334126472473	526.95
hard:763279007	hard	F	F	True	True	True	0.9625552892684937	0.9625552892684937	0.0020385367672190223	0.9625552892684937	766.46
retrieval-miss:254782003	retrieval-miss	none	D	False	False	True	0.5071915984153748	0.4308253824710846	0.5823299687865997	0.5071915984153748	768.11
hard:76976005	hard	G	G	True	True	False	0.7605398297309875	0.7605398297309875	0.08530749741492971	0.7605398297309875	527.0
none-narrower:60023006	none-narrower	none	A	False	False		0.5937667489051819	0.36391860246658325	0.7577306429757307	0.5937667489051819	554.63
hard:254976006	hard	B	B	True	True	False	0.5188422203063965	0.5188422203063965	0.3223742273909913	0.5188422203063965	763.97
none-narrower:126726004	none-narrower	none	none	True	False		0.5917991399765015	0.5917991399765015	0.24258370670983992	0.5917991399765015	764.55
gold-removed:25906001	gold-removed	none	none	True	False		0.5937327146530151	0.5937327146530151	0.24581621897916256	0.5937327146530151	538.03
none-narrower:78974003	none-narrower	none	none	True	False		0.870449423789978	0.870449423789978	0.022847710693284305	0.870449423789978	564.39
