item_id	tier	truth	pred	hit	lex_hit	ambiguous	p_top	p_truth	brier	confidence	latency_ms
hard:238898001	hard	H	H	True	True	False	0.9842	0.9842	0.0004961400000000011	0.9822	535.8
hard:191201002	hard	F	F	True	True	False	0.9761	0.9761	0.0010396800000000016	0.9732	366.6
hard:722006004	hard	A	A	True	True	False	0.9827	0.9827	0.0004972199999999994	0.9806	329.1
hard:76642003	hard	F	F	True	True	True	0.8108	0.8108	0.054593240000000015	0.7872	242.0
gold-removed:402815007	gold-removed	none	none	True	False		1.0	1.0	0.0	1.0	256.4
easy:403980002	easy	E	E	True	True	False	0.9909	0.9909	0.00015682999999999995	0.9898	248.5
gold-removed:373420004	gold-removed	none	none	True	False		1.0	1.0	0.0	1.0	367.4
easy:718610008	easy	G	G	True	True	False	0.9768	0.9768	0.0010492	0.9738	341.9
hard:766759009	hard	F	none	False	False	True	0.998	0.0018	1.99240726	0.9978	173.9
easy:80281008	easy	G	G	True	True	False	0.9908	0.9908	0.00014317999999999975	0.9897	168.3
easy:42601008	easy	H	H	True	True	True	0.9812	0.9812	0.0006957100000000014	0.9788	179.4
retrieval-miss:238836000	retrieval-miss	none	none	True	False	True	0.999	0.999	2.000000000000002e-06	0.9989	350.2
easy:55647004	easy	F	none	False	False	True	0.7869	0.2112	1.24141855	0.7603	174.0
hard:124138004	hard	E	E	True	True	False	0.9792	0.9792	0.0007801800000000016	0.9766	247.9
retrieval-miss:66379009	retrieval-miss	none	none	True	False	True	0.6446	0.6446	0.25212151000000005	0.6002	150.9
hard:373168002	hard	A	A	True	True	False	0.9786	0.9786	0.0009074099999999989	0.976	171.6
none-narrower:846579005	none-narrower	none	none	True	False		1.0	1.0	0.0	1.0	186.9
retrieval-miss:95637005	retrieval-miss	none	none	True	False	True	0.9999	0.9999	1.9999999999997797e-08	0.9999	156.3
gold-removed:702440000	gold-removed	none	none	True	False		1.0	1.0	0.0	1.0	262.9
gold-removed:71253000	gold-removed	none	none	True	False		0.9993	0.9993	6.400000000000474e-07	0.9992	153.4
hard:609221008	hard	A	E	False	False	True	0.9699	0.0005	1.9404010500000002	0.9661	180.9
gold-removed:719689005	gold-removed	none	none	True	False		0.9745	0.9745	0.0012506999999999985	0.9713	247.2
hard:702377007	hard	C	C	True	True	False	0.7433	0.7433	0.13107384000000002	0.7112	150.5
hard:721845005	hard	A	A	True	True	False	0.9874	0.9874	0.00030289999999999863	0.9859	259.5
easy:128105004	easy	F	F	True	True	False	0.9623	0.9623	0.0021668499999999966	0.9576	193.1
hard:231472009	hard	E	E	True	True	False	0.9948	0.9948	5.305999999999982e-05	0.9942	352.6
none-narrower:95795006	none-narrower	none	none	True	False		0.9977	0.9977	9.339999999999856e-06	0.9974	328.9
easy:254918001	easy	C	C	True	True	False	0.9947	0.9947	5.51299999999997e-05	0.994	151.7
none-narrower:91951001	none-narrower	none	none	True	False		1.0	1.0	0.0	1.0	175.9
none-narrower:307680001	none-narrower	none	none	True	False		0.9999	0.9999	1.9999999999997797e-08	0.9999	178.4
gold-removed:38494008	gold-removed	none	none	True	False		0.9998	0.9998	5.99999999999912e-08	0.9998	193.9
easy:128200000	easy	A	A	True	True	True	0.9182	0.9182	0.010044509999999998	0.908	158.0
none-narrower:370484007	none-narrower	none	none	True	False		0.6121	0.6121	0.29445595	0.5636	133.3
easy:761958009	easy	C	C	True	True	False	0.9867	0.9867	0.0003459299999999994	0.9851	166.2
easy:127004000	easy	F	C	False	False	True	0.9964	0.0	1.9928252099999997	0.996	155.3
none-narrower:1209168005	none-narrower	none	none	True	False		0.9955	0.9955	3.2659999999999535e-05	0.9949	156.3
hard:253000007	hard	B	B	True	True	True	0.9949	0.9949	4.8169999999999934e-05	0.9942	182.9
retrieval-miss:234961008	retrieval-miss	none	none	True	False	True	0.9855	0.9855	0.0003586199999999988	0.9836	176.5
none-narrower:34485008	none-narrower	none	none	True	False		0.9994	0.9994	4.6000000000005394e-07	0.9994	178.0
hard:403986008	hard	G	G	True	True	False	0.991	0.991	0.00015165000000000014	0.9899	168.4
none-narrower:1177179002	none-narrower	none	A	False	False		0.9739	0.0254	1.8983264800000001	0.9706	190.8
none-narrower:1222677008	none-narrower	none	A	False	False		0.5801	0.0319	1.4242000499999998	0.5276	169.6
hard:95268002	hard	B	B	True	True	True	0.9724	0.9724	0.0013048799999999976	0.9689	164.8
none-narrower:1306747001	none-narrower	none	B	False	False		0.9743	0.024	1.90183783	0.9711	260.4
easy:702359002	easy	A	A	True	True	True	0.9861	0.9861	0.00038367000000000067	0.9843	160.7
hard:715817007	hard	A	A	True	True	False	0.9927	0.9927	0.00010231999999999962	0.9918	171.6
none-narrower:198336007	none-narrower	none	none	True	False		0.9999	0.9999	1.9999999999997797e-08	0.9999	150.9
hard:254916002	hard	C	none	False	False	True	0.9998	0.0	1.99960008	0.9997	197.1
easy:237249000	easy	G	G	True	True	False	0.9812	0.9812	0.0006705500000000015	0.9789	168.1
retrieval-miss:19968009	retrieval-miss	none	none	True	False	True	0.9999	0.9999	1.9999999999997797e-08	0.9999	317.1
gold-removed:48245008	gold-removed	none	none	True	False		1.0	1.0	0.0	1.0	134.1
hard:458422009	hard	B	none	False	True	False	0.9351	0.0605	1.7570907500000001	0.927	145.2
easy:21848000	easy	C	C	True	True	False	0.9875	0.9875	0.0002587999999999989	0.986	160.0
retrieval-miss:73856006	retrieval-miss	none	E	False	False	True	0.9246	0.0736	1.71310414	0.9151	171.4
hard:724015007	hard	H	H	True	True	False	0.9734	0.9734	0.0013685499999999977	0.9701	150.3
none-narrower:733598001	none-narrower	none	H	False	False		0.8126	0.0478	1.58646386	0.7892	324.0
hard:449730005	hard	H	H	True	True	False	0.9931	0.9931	9.385000000000023e-05	0.9923	151.5
hard:88037009	hard	D	D	True	True	False	0.913	0.913	0.011545469999999993	0.9022	150.7
gold-removed:44917000	gold-removed	none	none	True	False		1.0	1.0	0.0	1.0	159.7
none-narrower:688931000119106	none-narrower	none	none	True	False		0.9991	0.9991	1.4600000000000216e-06	0.999	182.4
hard:87074006	hard	C	C	True	True	False	0.9821	0.9821	0.000606600000000001	0.9798	167.0
retrieval-miss:105668007	retrieval-miss	none	none	True	False	True	0.9998	0.9998	4.999999999999118e-08	0.9998	160.3
easy:277571004	easy	C	C	True	True	True	0.9218	0.9218	0.010326000000000007	0.912	190.8
hard:239144007	hard	G	G	True	False	True	0.8612	0.8612	0.03747715000000001	0.8439	201.3
easy:10301003	easy	C	C	True	True	False	0.9956	0.9956	3.4659999999999644e-05	0.9951	168.5
retrieval-miss:400022009	retrieval-miss	none	none	True	False	True	0.9765	0.9765	0.0008303599999999983	0.9735	166.8
easy:406506008	easy	B	G	False	False	True	0.9127	0.005	1.8294021699999998	0.9018	150.0
none-narrower:196853004	none-narrower	none	none	True	False		0.9995	0.9995	4.499999999999449e-07	0.9994	152.9
none-narrower:1197308005	none-narrower	none	none	True	False		0.9998	0.9998	5.99999999999912e-08	0.9997	179.1
retrieval-miss:7231009	retrieval-miss	none	none	True	False	True	0.9994	0.9994	7.200000000000539e-07	0.9993	149.4
hard:238772004	hard	D	D	True	True	False	0.9947	0.9947	5.121999999999969e-05	0.994	166.8
hard:241774007	hard	D	D	True	True	False	0.9913	0.9913	0.00014965000000000074	0.9903	189.4
easy:60750009	easy	A	A	True	False	True	0.9898	0.9898	0.00018232999999999975	0.9885	159.5
none-narrower:700289000	none-narrower	none	none	True	False		0.9997	0.9997	1.7999999999998017e-07	0.9997	146.6
none-narrower:20833001	none-narrower	none	none	True	False		0.9626	0.9626	0.002133419999999999	0.9579	171.8
hard:254693008	hard	E	E	True	True	False	0.9942	0.9942	6.285000000000032e-05	0.9935	162.7
gold-removed:22607003	gold-removed	none	none	True	False		1.0	1.0	0.0	1.0	169.3
easy:111227009	easy	F	none	False	False	True	0.7449	0.2485	1.11964122	0.7131	161.3
hard:699256006	hard	A	B	False	False	True	0.4355	0.412	0.5561313800000001	0.3649	168.6
none-narrower:89764009	none-narrower	none	none	True	False		0.9999	0.9999	1.9999999999997797e-08	0.9999	144.4
hard:93827000	hard	H	none	False	True	True	0.9962	0.0034	1.98562606	0.9958	154.6
none-narrower:448372003	none-narrower	none	D	False	False		0.9843	0.0142	1.9406501	0.9823	193.6
easy:733096007	easy	A	A	True	True	False	0.9898	0.9898	0.00020405999999999972	0.9886	190.9
easy:254099008	easy	B	B	True	True	False	0.982	0.982	0.0006303500000000007	0.9797	191.0
hard:763375003	hard	E	E	True	True	False	0.9923	0.9923	0.00011261000000000062	0.9913	197.3
gold-removed:238719003	gold-removed	none	none	True	False		0.9999	0.9999	9.999999999997797e-09	0.9999	164.6
easy:238049009	easy	F	F	True	True	False	0.9803	0.9803	0.000772260000000002	0.9778	219.5
easy:439143004	easy	B	B	True	True	True	0.9728	0.9728	0.00139108	0.9694	201.8
hard:722004001	hard	E	E	True	True	True	0.977	0.977	0.001044310000000001	0.9742	192.2
retrieval-miss:58112007	retrieval-miss	none	none	True	False	True	0.9988	0.9988	2.3399999999999492e-06	0.9986	170.8
easy:765190005	easy	D	D	True	False	True	0.9656	0.9656	0.001889519999999999	0.9613	186.4
retrieval-miss:34000006	retrieval-miss	none	H	False	False	True	0.9903	0.0096	1.9615862499999999	0.9891	160.7
hard:28783002	hard	B	B	True	False	True	0.9896	0.9896	0.00020273999999999927	0.9883	147.9
hard:711482008	hard	D	D	True	True	True	0.981	0.981	0.0006499500000000006	0.9786	171.0
easy:92021007	easy	F	F	True	True	True	0.9671	0.9671	0.0016411300000000026	0.963	170.0
gold-removed:239066003	gold-removed	none	none	True	False		0.9977	0.9977	9.309999999999855e-06	0.9974	203.9
retrieval-miss:720830009	retrieval-miss	none	E	False	False	True	0.9438	0.0521	1.7892834899999999	0.9368	184.0
easy:203468000	easy	E	E	True	True	False	0.992	0.992	0.00012800000000000013	0.991	178.3
none-narrower:340671000119102	none-narrower	none	none	True	False		0.9996	0.9996	3.1999999999996475e-07	0.9995	165.8
easy:95656000	easy	G	G	True	True	True	0.964	0.964	0.0023273500000000023	0.9595	170.7
none-narrower:723610009	none-narrower	none	F	False	False		0.9465	0.0523	1.79399799	0.9399	173.1
hard:707427000	hard	B	B	True	True	False	0.9915	0.9915	0.00013050999999999918	0.9905	202.0
hard:41720003	hard	F	F	True	True	False	0.9855	0.9855	0.0004119899999999988	0.9836	172.0
retrieval-miss:44086001	retrieval-miss	none	none	True	False	True	0.9998	0.9998	5.99999999999912e-08	0.9998	160.4
easy:58258004	easy	H	H	True	True	True	0.9844	0.9844	0.00045717999999999833	0.9824	194.0
retrieval-miss:45894003	retrieval-miss	none	none	True	False	True	1.0	1.0	0.0	0.9999	168.8
hard:720987001	hard	E	E	True	True	False	0.968	0.968	0.0019552600000000016	0.964	178.1
hard:23414001	hard	F	F	True	False	True	0.9541	0.9541	0.003974950000000005	0.9484	175.8
hard:12546009	hard	A	A	True	False	True	0.9031	0.9031	0.01598572	0.891	184.7
none-narrower:1142319002	none-narrower	none	none	True	False		1.0	1.0	0.0	1.0	171.9
easy:77252004	easy	H	H	True	True	False	0.9945	0.9945	5.9409999999999446e-05	0.9939	150.7
hard:254146000	hard	G	B	False	False	True	0.7583	0.0064	1.6174380200000003	0.728	172.2
easy:193683001	easy	F	F	True	True	False	0.9755	0.9755	0.0011346899999999983	0.9724	174.8
retrieval-miss:715369006	retrieval-miss	none	none	True	False	True	0.9931	0.9931	7.426000000000023e-05	0.9923	199.7
easy:733521003	easy	D	D	True	True	False	0.9822	0.9822	0.0005588400000000013	0.98	256.2
hard:723444009	hard	D	D	True	True	True	0.9645	0.9645	0.0022205799999999985	0.9601	198.7
retrieval-miss:187741001	retrieval-miss	none	none	True	False	True	0.9996	0.9996	2.5999999999996474e-07	0.9995	152.4
easy:715727009	easy	G	G	True	True	False	0.9864	0.9864	0.0003645599999999986	0.9846	182.2
easy:724349009	easy	F	F	True	True	False	0.9392	0.9392	0.007132819999999996	0.9316	190.4
hard:68528007	hard	E	none	False	False	True	0.9998	0.0001	1.9994000500000002	0.9998	186.9
retrieval-miss:265377002	retrieval-miss	none	none	True	False	True	0.9996	0.9996	2.5999999999996474e-07	0.9995	165.6
none-narrower:770728003	none-narrower	none	A	False	False		0.9809	0.0184	1.9257035	0.9786	174.3
hard:43647007	hard	E	E	True	False	True	0.9467	0.9467	0.005061500000000002	0.94	162.5
easy:763867001	easy	E	E	True	True	False	0.9498	0.9498	0.004709510000000002	0.9436	210.3
hard:93255008	hard	H	H	True	True	True	0.9894	0.9894	0.0002205400000000011	0.9881	169.7
gold-removed:725286002	gold-removed	none	none	True	False		0.9998	0.9998	7.999999999999119e-08	0.9998	218.1
none-narrower:406571004	none-narrower	none	none	True	False		0.9997	0.9997	1.7999999999998017e-07	0.9997	165.2
retrieval-miss:445918001	retrieval-miss	none	none	True	False	True	1.0	1.0	0.0	1.0	156.6
none-narrower:241897004	none-narrower	none	none	True	False		0.9999	0.9999	1.9999999999997797e-08	0.9999	180.8
none-narrower:197819009	none-narrower	none	none	True	False		1.0	1.0	0.0	1.0	163.1
gold-removed:764958008	gold-removed	none	none	True	False		0.973	0.973	0.0009619600000000013	0.9697	220.3
easy:186807008	easy	H	H	True	True	False	0.9897	0.9897	0.0002101399999999995	0.9884	195.4
easy:56625005	easy	F	F	True	True	True	0.9734	0.9734	0.0014151199999999976	0.9701	152.2
hard:254124008	hard	F	F	True	True	False	0.9344	0.9344	0.007860459999999998	0.9262	154.1
gold-removed:410052008	gold-removed	none	none	True	False		1.0	1.0	0.0	1.0	199.7
hard:719455002	hard	E	E	True	True	False	0.9698	0.9698	0.0016761900000000001	0.966	175.6
hard:37373007	hard	H	H	True	True	False	0.9956	0.9956	3.7849999999999646e-05	0.9951	157.9
easy:92464009	easy	A	A	True	True	False	0.9917	0.9917	0.00013612999999999958	0.9907	172.8
easy:712750007	easy	E	E	True	False	True	0.996	0.996	3.122000000000003e-05	0.9955	166.7
gold-removed:271532008	gold-removed	none	none	True	False		1.0	1.0	0.0	1.0	158.9
none-narrower:1156772007	none-narrower	none	none	True	False		0.9648	0.9648	0.00243638	0.9604	171.9
gold-removed:193177003	gold-removed	none	none	True	False		0.9999	0.9999	1.9999999999997797e-08	0.9998	143.3
hard:719972004	hard	H	H	True	True	False	0.9884	0.9884	0.0002668100000000012	0.9869	170.4
hard:239065004	hard	C	C	True	False	True	0.844	0.844	0.042992340000000004	0.8245	201.5
hard:720816004	hard	H	H	True	False	True	0.9425	0.9425	0.00657813	0.9353	187.6
gold-removed:68216000	gold-removed	none	none	True	False		0.9998	0.9998	5.99999999999912e-08	0.9998	168.8
easy:111323005	easy	G	G	True	True	False	0.9775	0.9775	0.0009534199999999984	0.9747	195.1
easy:363428005	easy	G	G	True	True	True	0.9898	0.9898	0.00019264999999999972	0.9886	186.0
easy:733599009	easy	B	B	True	False	True	0.9524	0.9524	0.003898199999999998	0.9465	232.5
easy:360525006	easy	D	none	False	True	True	0.6712	0.3134	0.9220421599999999	0.6301	153.1
easy:126865007	easy	H	H	True	True	False	0.9959	0.9959	2.993999999999994e-05	0.9954	170.8
easy:50749006	easy	B	B	True	True	False	0.9881	0.9881	0.0002808500000000005	0.9867	202.6
easy:13468005	easy	G	G	True	True	False	0.9691	0.9691	0.0019034500000000023	0.9653	160.4
gold-removed:724274009	gold-removed	none	none	True	False		0.5813	0.5813	0.34647067	0.529	208.2
none-narrower:1269177007	none-narrower	none	C	False	False		0.9934	0.0065	1.97388581	0.9926	172.0
hard:715735007	hard	B	B	True	True	False	0.9856	0.9856	0.0004034199999999991	0.9838	205.9
hard:720812002	hard	B	B	True	False	True	0.969	0.969	0.0018913500000000017	0.9652	163.7
none-narrower:1258980000	none-narrower	none	none	True	False		0.9998	0.9998	4.999999999999118e-08	0.9998	157.3
hard:38528001	hard	H	H	True	True	False	0.9831	0.9831	0.0005712200000000008	0.981	160.3
easy:237941007	easy	F	F	True	True	False	0.9849	0.9849	0.0004413300000000001	0.983	204.0
hard:15084002	hard	B	B	True	True	False	0.9885	0.9885	0.00025770999999999894	0.9871	198.0
easy:6118003	easy	F	F	True	True	False	0.9879	0.9879	0.0002857	0.9863	169.1
none-narrower:240775001	none-narrower	none	none	True	False		0.9994	0.9994	6.20000000000054e-07	0.9993	165.5
hard:231996009	hard	H	H	True	True	False	0.9824	0.9824	0.0005734299999999983	0.9802	168.7
easy:255037004	easy	G	G	True	True	False	0.9907	0.9907	0.00016400999999999954	0.9895	185.2
retrieval-miss:111865007	retrieval-miss	none	none	True	False	True	1.0	1.0	0.0	1.0	154.7
none-narrower:722692009	none-narrower	none	none	True	False		0.9997	0.9997	1.3999999999998018e-07	0.9997	170.9
easy:42399005	easy	E	E	True	True	False	0.9929	0.9929	8.949999999999993e-05	0.992	169.9
retrieval-miss:86422009	retrieval-miss	none	none	True	False	True	0.9923	0.9923	0.00011858000000000062	0.9913	180.1
retrieval-miss:249491000119100	retrieval-miss	none	none	True	False	True	0.9997	0.9997	1.3999999999998018e-07	0.9997	174.0
hard:404014008	hard	F	F	True	True	True	0.8112	0.8112	0.07065338999999998	0.7876	184.9
easy:83586000	easy	A	A	True	False	True	0.9438	0.9438	0.006250160000000003	0.9367	167.5
none-narrower:200968006	none-narrower	none	none	True	False		0.9999	0.9999	1.9999999999997797e-08	0.9998	154.3
none-narrower:699700006	none-narrower	none	none	True	False		0.6268	0.6268	0.27059592	0.5802	168.2
hard:78494001	hard	A	A	True	True	False	0.9854	0.9854	0.00033925999999999846	0.9836	174.5
hard:716648006	hard	D	D	True	True	True	0.9695	0.9695	0.0016561399999999982	0.9657	197.7
gold-removed:127027008	gold-removed	none	none	True	False		1.0	1.0	0.0	1.0	175.9
hard:111806005	hard	D	D	True	True	True	0.9913	0.9913	0.00014005000000000072	0.9902	155.3
retrieval-miss:69015003	retrieval-miss	none	none	True	False	True	1.0	1.0	0.0	1.0	167.9
hard:441574008	hard	B	B	True	True	False	0.9971	0.9971	1.5210000000000078e-05	0.9967	149.0
gold-removed:400006008	gold-removed	none	none	True	False		0.9995	0.9995	2.899999999999449e-07	0.9995	171.0
easy:371486001	easy	D	B	False	False	True	0.9317	0.0076	1.8564404399999999	0.9232	164.3
none-narrower:271700006	none-narrower	none	none	True	False		0.997	0.997	1.4060000000000014e-05	0.9966	189.4
hard:277508009	hard	E	none	False	True	True	0.9781	0.0189	1.91923955	0.9753	169.8
easy:187059008	easy	F	none	False	False	True	0.9114	0.0872	1.6638555000000002	0.9003	157.6
retrieval-miss:763616002	retrieval-miss	none	none	True	False	True	1.0	1.0	0.0	1.0	213.6
hard:205306000	hard	G	none	False	False	True	0.8296	0.1644	1.38648134	0.8083	147.7
gold-removed:48241004	gold-removed	none	none	True	False		0.9994	0.9994	5.600000000000539e-07	0.9993	161.8
gold-removed:707379000	gold-removed	none	none	True	False		1.0	1.0	0.0	1.0	189.6
easy:192976002	easy	G	G	True	True	False	0.8764	0.8764	0.025211320000000013	0.8609	171.9
gold-removed:15250008	gold-removed	none	none	True	False		1.0	1.0	0.0	0.9999	157.3
none-narrower:1167373005	none-narrower	none	B	False	False		0.9677	0.0319	1.87366096	0.9636	171.6
none-narrower:16320831000119100	none-narrower	none	none	True	False		0.9998	0.9998	4.999999999999118e-08	0.9998	180.0
hard:371965009	hard	B	B	True	True	True	0.9571	0.9571	0.0033747200000000042	0.9518	167.9
retrieval-miss:82077006	retrieval-miss	none	none	True	False	True	0.9675	0.9675	0.0020487799999999983	0.9634	177.6
retrieval-miss:723821002	retrieval-miss	none	none	True	False	True	1.0	1.0	0.0	1.0	239.5
none-narrower:195680000	none-narrower	none	none	True	False		0.9978	0.9978	7.109999999999911e-06	0.9975	168.3
none-narrower:239721001	none-narrower	none	none	True	False		1.0	1.0	0.0	1.0	157.8
easy:269469005	easy	H	H	True	True	True	0.996	0.996	3.122000000000003e-05	0.9955	196.5
easy:126881002	easy	G	G	True	True	False	0.9634	0.9634	0.0025861299999999973	0.9588	171.7
easy:363385007	easy	F	F	True	True	True	0.912	0.912	0.014609919999999995	0.901	167.9
hard:89142007	hard	B	B	True	True	False	0.9836	0.9836	0.000525019999999999	0.9815	168.8
none-narrower:1157157006	none-narrower	none	E	False	False		0.9642	0.0356	1.85974905	0.9597	216.3
hard:95797003	hard	A	A	True	True	False	0.993	0.993	9.39200000000001e-05	0.9921	143.9
easy:449790007	easy	F	F	True	True	False	0.9946	0.9946	5.7249999999999576e-05	0.9939	172.8
none-narrower:402387002	none-narrower	none	none	True	False		1.0	1.0	0.0	1.0	174.4
easy:45170000	easy	E	E	True	True	True	0.9923	0.9923	0.00011406000000000063	0.9914	192.7
easy:60555002	easy	E	E	True	False	True	0.9829	0.9829	0.0005218300000000001	0.9808	202.3
easy:26029002	easy	A	A	True	True	True	0.9666	0.9666	0.002185139999999999	0.9625	182.4
easy:44729001	easy	C	C	True	False	True	0.9884	0.9884	0.0002622900000000013	0.987	147.3
easy:109492001	easy	D	D	True	True	False	0.9933	0.9933	8.845000000000052e-05	0.9925	163.6
easy:66071002	easy	E	E	True	False	True	0.9914	0.9914	0.00014455000000000088	0.9903	156.4
easy:5602001	easy	A	A	True	True	True	0.975	0.975	0.0011538200000000011	0.9719	156.9
easy:720603002	easy	C	C	True	True	False	0.981	0.981	0.0006566700000000007	0.9786	202.6
retrieval-miss:263225007	retrieval-miss	none	none	True	False	True	0.9998	0.9998	7.999999999999119e-08	0.9997	172.0
easy:68272006	easy	H	H	True	True	True	0.9945	0.9945	5.941999999999945e-05	0.9938	153.6
retrieval-miss:124646004	retrieval-miss	none	none	True	False	True	0.9998	0.9998	5.99999999999912e-08	0.9997	185.3
easy:766992008	easy	D	D	True	False	True	0.8915	0.8915	0.02205856000000001	0.8779	176.4
retrieval-miss:118601006	retrieval-miss	none	A	False	False	True	0.987	0.012	1.9503138199999999	0.9854	207.2
easy:126736007	easy	G	G	True	True	False	0.9919	0.9919	0.00012049999999999995	0.9909	176.5
hard:414029004	hard	C	C	True	False	True	0.9953	0.9953	4.418000000000035e-05	0.9947	161.6
gold-removed:720639008	gold-removed	none	none	True	False		1.0	1.0	0.0	1.0	181.8
easy:68633000	easy	H	H	True	False	True	0.9949	0.9949	5.005999999999993e-05	0.9943	136.8
easy:92559007	easy	H	H	True	True	False	0.9957	0.9957	3.6129999999999744e-05	0.9952	162.6
none-narrower:1179296003	none-narrower	none	B	False	False		0.9417	0.0551	1.7796428	0.9344	185.3
none-narrower:1003324007	none-narrower	none	none	True	False		0.9997	0.9997	1.7999999999998017e-07	0.9997	159.9
hard:84438001	hard	H	H	True	True	False	0.9761	0.9761	0.0010011600000000016	0.9731	194.9
hard:718850008	hard	G	G	True	True	False	0.9641	0.9641	0.002528060000000003	0.9596	227.1
easy:400171002	easy	B	B	True	False	True	0.988	0.988	0.0002809800000000002	0.9865	170.6
none-narrower:312157006	none-narrower	none	none	True	False		0.9998	0.9998	7.999999999999119e-08	0.9998	162.3
hard:880065001	hard	D	D	True	True	True	0.9668	0.9668	0.0021329900000000004	0.9627	203.4
none-narrower:298591003	none-narrower	none	none	True	False		0.9987	0.9987	3.1299999999999162e-06	0.9985	158.8
easy:425657001	easy	C	F	False	False	True	0.518	0.4103	0.62108354	0.4578	211.1
easy:303063000	easy	D	D	True	False	True	0.8242	0.8242	0.059202379999999985	0.8022	179.6
easy:195889001	easy	B	B	True	True	False	0.9938	0.9938	7.447999999999979e-05	0.9931	166.2
hard:93929003	hard	C	none	False	True	False	0.8359	0.1612	1.4023185100000002	0.8154	169.7
easy:34736002	easy	H	H	True	True	False	0.9899	0.9899	0.00020401999999999996	0.9886	169.9
none-narrower:433891000124100	none-narrower	none	none	True	False		0.9985	0.9985	3.5499999999998373e-06	0.9983	148.7
none-narrower:8442000	none-narrower	none	none	True	False		0.9998	0.9998	5.99999999999912e-08	0.9998	154.3
none-narrower:722529000	none-narrower	none	none	True	False		0.9999	0.9999	1.9999999999997797e-08	0.9998	193.8
gold-removed:763713000	gold-removed	none	C	False	False		0.9027	0.097	1.63027634	0.8905	171.0
retrieval-miss:74333002	retrieval-miss	none	none	True	False	True	0.9995	0.9995	4.999999999999449e-07	0.9994	199.1
gold-removed:14756005	gold-removed	none	none	True	False		0.9984	0.9984	4.020000000000146e-06	0.9982	147.8
none-narrower:866097000	none-narrower	none	none	True	False		0.9991	0.9991	1.4500000000000215e-06	0.999	177.8
hard:61758007	hard	E	E	True	True	True	0.9609	0.9609	0.002566190000000002	0.956	188.9
none-narrower:124141008	none-narrower	none	none	True	False		0.8847	0.8847	0.023361929999999993	0.8703	204.6
none-narrower:823019007	none-narrower	none	none	True	False		0.9999	0.9999	9.999999999997797e-09	0.9999	192.1
hard:733454004	hard	B	B	True	True	False	0.9551	0.9551	0.0038106400000000045	0.9495	223.5
retrieval-miss:128060009	retrieval-miss	none	none	True	False	True	0.9999	0.9999	1.9999999999997797e-08	0.9999	147.2
hard:31993003	hard	A	A	True	True	False	0.9929	0.9929	9.535999999999994e-05	0.992	170.7
none-narrower:767031008	none-narrower	none	none	True	False		0.9996	0.9996	2.4999999999996473e-07	0.9996	187.1
hard:442917000	hard	A	A	True	True	True	0.9376	0.9376	0.0060895900000000015	0.9298	170.5
hard:238031009	hard	A	A	True	True	False	0.953	0.953	0.004236420000000004	0.9472	173.6
easy:238014002	easy	F	F	True	True	False	0.9531	0.9531	0.004316010000000005	0.9473	196.7
none-narrower:1196829000	none-narrower	none	none	True	False		0.9989	0.9989	2.219999999999978e-06	0.9988	172.8
hard:232049001	hard	B	B	True	False	True	0.9751	0.9751	0.0011685500000000017	0.972	196.8
easy:363380002	easy	F	F	True	False	True	0.9777	0.9777	0.0008653399999999994	0.9749	179.9
hard:78975002	hard	E	E	True	True	True	0.9926	0.9926	0.00010261999999999945	0.9916	162.9
gold-removed:254631008	gold-removed	none	none	True	False		0.9993	0.9993	9.800000000000474e-07	0.9992	178.0
hard:92047003	hard	D	D	True	False	True	0.9911	0.9911	0.00014531000000000033	0.9899	168.1
easy:240104008	easy	D	G	False	False	True	0.6636	0.0001	1.51592851	0.6215	165.1
easy:230552007	easy	E	E	True	True	True	0.9639	0.9639	0.001989150000000001	0.9594	205.0
easy:9824006	easy	H	H	True	True	False	0.9843	0.9843	0.00048674000000000146	0.9824	165.1
hard:718189004	hard	E	E	True	True	False	0.9798	0.9798	0.0008080599999999998	0.9773	169.2
retrieval-miss:26715006	retrieval-miss	none	none	True	False	True	1.0	1.0	0.0	1.0	158.9
hard:402792003	hard	F	F	True	True	False	0.9576	0.9576	0.0027502399999999993	0.9523	168.6
retrieval-miss:123953004	retrieval-miss	none	none	True	False	True	0.9918	0.9918	0.00013284999999999973	0.9908	190.4
hard:22841008	hard	G	G	True	True	False	0.9444	0.9444	0.0060836899999999975	0.9375	181.4
easy:91521000119104	easy	H	H	True	True	False	0.9919	0.9919	0.00012961999999999994	0.9908	171.8
easy:720408003	easy	H	H	True	True	False	0.9854	0.9854	0.0003693699999999984	0.9836	190.5
easy:85828009	easy	E	E	True	True	False	0.9972	0.9972	1.5680000000000138e-05	0.9968	163.1
easy:718609003	easy	A	A	True	True	False	0.9793	0.9793	0.0008487500000000022	0.9767	220.8
hard:406446000	hard	B	B	True	True	False	0.4873	0.4873	0.5004366699999999	0.4232	176.9
gold-removed:404663008	gold-removed	none	none	True	False		1.0	1.0	0.0	1.0	164.7
easy:39452003	easy	G	G	True	True	False	0.9773	0.9773	0.0009224400000000025	0.9744	162.7
hard:187716008	hard	C	C	True	False	True	0.9738	0.9738	0.00128414	0.9706	178.2
easy:93390002	easy	E	E	True	True	True	0.9833	0.9833	0.0004528900000000016	0.9812	166.9
easy:41309000	easy	F	F	True	True	True	0.9863	0.9863	0.0003404400000000012	0.9846	167.1
none-narrower:1306315009	none-narrower	none	none	True	False		0.9894	0.9894	0.00020510000000000114	0.988	161.4
gold-removed:237714006	gold-removed	none	none	True	False		0.9999	0.9999	9.999999999997797e-09	0.9999	162.0
easy:721221000	easy	G	G	True	False	True	0.9579	0.9579	0.003494760000000002	0.9526	196.1
none-narrower:16039791000119101	none-narrower	none	none	True	False		1.0	1.0	0.0	1.0	158.7
gold-removed:718909001	gold-removed	none	none	True	False		0.9998	0.9998	8.999999999999118e-08	0.9997	195.6
hard:79586000	hard	B	B	True	True	False	0.992	0.992	0.00012642000000000013	0.991	170.7
retrieval-miss:722429003	retrieval-miss	none	none	True	False	True	0.9998	0.9998	5.99999999999912e-08	0.9998	230.7
easy:205346006	easy	A	none	False	False	True	0.9971	0.0024	1.98941435	0.9967	152.4
hard:363393007	hard	D	D	True	True	True	0.9896	0.9896	0.00019376999999999925	0.9883	171.4
none-narrower:234376007	none-narrower	none	none	True	False		0.8261	0.8261	0.04768484000000002	0.8043	164.2
easy:609580007	easy	H	H	True	True	True	0.9877	0.9877	0.00027107999999999944	0.9861	177.5
easy:725904009	easy	H	H	True	True	False	0.9856	0.9856	0.00040903999999999913	0.9838	207.1
hard:702417004	hard	H	H	True	True	False	0.9741	0.9741	0.0013364600000000018	0.9708	181.6
retrieval-miss:412787009	retrieval-miss	none	none	True	False	True	0.9999	0.9999	9.999999999997797e-09	0.9999	198.1
hard:29504002	hard	D	E	False	False	True	0.9861	0.0005	1.9715703500000004	0.9844	186.1
hard:45781009	hard	D	D	True	False	True	0.9758	0.9758	0.00113801	0.9728	175.3
none-narrower:698947004	none-narrower	none	none	True	False		0.9997	0.9997	1.2999999999998017e-07	0.9997	157.8
easy:716660007	easy	A	A	True	False	True	0.9845	0.9845	0.00043740999999999875	0.9826	261.4
hard:711499009	hard	C	C	True	True	False	0.9921	0.9921	0.00010189000000000029	0.9911	157.0
none-narrower:230538005	none-narrower	none	none	True	False		0.9998	0.9998	7.999999999999119e-08	0.9997	178.4
none-narrower:1231182008	none-narrower	none	E	False	False		0.9789	0.0197	1.9192347799999998	0.9763	192.0
none-narrower:200964008	none-narrower	none	none	True	False		0.9994	0.9994	6.20000000000054e-07	0.9993	185.9
none-narrower:81557008	none-narrower	none	none	True	False		0.9992	0.9992	1.0100000000000365e-06	0.9991	151.6
hard:403938001	hard	E	E	True	False	True	0.9876	0.9876	0.00029548999999999916	0.986	198.1
hard:254164007	hard	E	E	True	True	True	0.8098	0.8098	0.07159750000000002	0.786	194.0
easy:95588004	easy	D	D	True	True	True	0.9895	0.9895	0.00021033999999999902	0.9882	166.6
none-narrower:238991008	none-narrower	none	none	True	False		0.8666	0.8666	0.03503854999999999	0.8499	157.8
easy:699649006	easy	F	none	False	False	True	0.9615	0.0384	1.8491568100000002	0.9567	168.0
hard:438583008	hard	H	C	False	False	True	0.5018	0.0226	1.4207085400000001	0.4395	250.1
hard:128272009	hard	H	H	True	True	True	0.6273	0.6273	0.27420163000000003	0.5807	137.4
hard:37246009	hard	G	none	False	False	True	0.5142	0.4233	0.60036888	0.4534	147.0
hard:724384008	hard	C	C	True	True	False	0.9773	0.9773	0.0009787600000000023	0.9745	187.8
gold-removed:715428003	gold-removed	none	none	True	False		0.9999	0.9999	1.9999999999997797e-08	0.9999	164.8
easy:719210007	easy	F	F	True	True	False	0.9901	0.9901	0.0001940500000000004	0.9889	189.1
easy:402700001	easy	G	G	True	True	False	0.991	0.991	0.00016022000000000014	0.9898	148.2
gold-removed:416707008	gold-removed	none	none	True	False		0.9999	0.9999	1.9999999999997797e-08	0.9999	188.9
easy:240450004	easy	E	E	True	True	True	0.9867	0.9867	0.0003241099999999994	0.985	188.8
retrieval-miss:78868004	retrieval-miss	none	none	True	False	True	0.8345	0.8345	0.046029139999999996	0.8138	155.2
retrieval-miss:237983002	retrieval-miss	none	none	True	False	True	0.9998	0.9998	5.99999999999912e-08	0.9998	200.3
none-narrower:1373027001	none-narrower	none	none	True	False		0.9999	0.9999	1.9999999999997797e-08	0.9999	165.4
hard:122811000119101	hard	A	A	True	True	True	0.9828	0.9828	0.0005442899999999998	0.9807	172.7
easy:237822008	easy	C	C	True	True	True	0.8449	0.8449	0.0478034	0.8255	161.4
easy:16026008	easy	D	none	False	True	False	0.8852	0.113	1.57034895	0.8708	205.0
gold-removed:763366000	gold-removed	none	none	True	False		0.9917	0.9917	0.00013612999999999958	0.9907	192.3
hard:126872008	hard	F	none	False	False	True	0.9996	0.0003	1.9986002500000002	0.9996	180.0
hard:82275008	hard	B	B	True	True	False	0.9813	0.9813	0.0006919600000000019	0.979	196.0
hard:40178009	hard	E	E	True	True	False	0.9937	0.9937	7.691999999999966e-05	0.9929	162.6
hard:442348004	hard	G	G	True	True	False	0.9861	0.9861	0.0003836600000000006	0.9844	171.1
retrieval-miss:57436000	retrieval-miss	none	none	True	False	True	1.0	1.0	0.0	1.0	159.1
easy:230381009	easy	E	E	True	True	False	0.9503	0.9503	0.0046455599999999965	0.9441	193.3
retrieval-miss:254923001	retrieval-miss	none	none	True	False	True	1.0	1.0	0.0	0.9999	180.0
hard:229706001	hard	H	H	True	False	True	0.9176	0.9176	0.013225820000000003	0.9073	208.2
hard:765748009	hard	D	D	True	True	True	0.9817	0.9817	0.0005607499999999994	0.9795	175.1
none-narrower:237663000	none-narrower	none	none	True	False		1.0	1.0	0.0	1.0	177.3
gold-removed:9014002	gold-removed	none	none	True	False		0.9999	0.9999	9.999999999997797e-09	0.9999	166.6
hard:722859001	hard	H	H	True	True	False	0.9794	0.9794	0.000832449999999998	0.9769	181.5
hard:190502001	hard	G	E	False	False	True	0.5896	0.2892	0.86709965	0.5383	193.0
hard:56905009	hard	B	B	True	True	False	0.9959	0.9959	3.281999999999994e-05	0.9954	157.8
easy:23205009	easy	C	C	True	True	False	0.9919	0.9919	0.00012961999999999994	0.9908	159.4
hard:13600006	hard	B	B	True	True	False	0.9966	0.9966	2.1199999999999716e-05	0.9962	178.7
none-narrower:399044006	none-narrower	none	none	True	False		0.9998	0.9998	7.999999999999119e-08	0.9998	182.4
hard:707234001	hard	G	G	True	True	False	0.933	0.933	0.008924609999999993	0.9247	178.3
retrieval-miss:124343001	retrieval-miss	none	none	True	False	True	0.9999	0.9999	9.999999999997797e-09	0.9999	179.9
hard:129104009	hard	C	C	True	False	True	0.7543	0.7543	0.11985704000000003	0.7236	137.2
easy:230500006	easy	F	F	True	True	True	0.9612	0.9612	0.002995409999999996	0.9563	179.6
none-narrower:10752601000119104	none-narrower	none	none	True	False		0.9988	0.9988	2.659999999999949e-06	0.9987	184.2
easy:763069002	easy	G	G	True	True	False	0.9867	0.9867	0.00033333999999999946	0.985	220.4
hard:240062007	hard	E	E	True	True	True	0.9354	0.9354	0.0077528799999999985	0.9273	157.2
none-narrower:202674000	none-narrower	none	none	True	False		1.0	1.0	0.0	1.0	145.1
retrieval-miss:45414006	retrieval-miss	none	none	True	False	True	0.9989	0.9989	1.4999999999999778e-06	0.9988	179.9
hard:702344008	hard	D	D	True	True	True	0.9775	0.9775	0.0009290099999999985	0.9747	180.9
easy:764100007	easy	A	A	True	True	False	0.9889	0.9889	0.00023994	0.9875	180.5
easy:386810004	easy	A	A	True	True	False	0.9955	0.9955	3.961999999999954e-05	0.9949	158.5
retrieval-miss:57119000	retrieval-miss	none	none	True	False	True	1.0	1.0	0.0	1.0	200.4
easy:254666005	easy	B	B	True	True	True	0.9857	0.9857	0.00039226999999999947	0.9839	161.2
hard:398102009	hard	A	A	True	True	False	0.9832	0.9832	0.00044838000000000126	0.9811	186.7
retrieval-miss:275498002	retrieval-miss	none	none	True	False	True	1.0	1.0	0.0	1.0	155.9
gold-removed:445014002	gold-removed	none	none	True	False		0.8376	0.8376	0.05057352	0.8173	229.9
none-narrower:703279003	none-narrower	none	none	True	False		0.9999	0.9999	9.999999999997797e-09	0.9999	145.7
easy:87696004	easy	B	B	True	True	False	0.997	0.997	1.6330000000000015e-05	0.9966	151.2
easy:268232000	easy	H	H	True	True	False	0.9943	0.9943	6.068000000000044e-05	0.9936	157.9
hard:48723006	hard	E	E	True	True	True	0.7235	0.7235	0.15060544999999997	0.6889	157.6
easy:41565005	easy	G	G	True	True	False	0.9936	0.9936	7.359999999999951e-05	0.9928	157.0
hard:702380008	hard	F	F	True	True	False	0.4848	0.4848	0.46641991000000005	0.4204	163.5
none-narrower:34126003	none-narrower	none	none	True	False		0.9935	0.9935	8.070999999999935e-05	0.9927	175.4
easy:723508002	easy	A	A	True	True	False	0.9677	0.9677	0.0020737199999999994	0.9636	194.5
retrieval-miss:193523008	retrieval-miss	none	none	True	False	True	1.0	1.0	0.0	1.0	167.4
retrieval-miss:59531002	retrieval-miss	none	none	True	False	True	1.0	1.0	0.0	1.0	167.2
none-narrower:707351006	none-narrower	none	none	True	False		0.9944	0.9944	5.949000000000056e-05	0.9937	169.1
easy:26460006	easy	F	F	True	True	False	0.9667	0.9667	0.00219794	0.9625	179.5
retrieval-miss:34730008	retrieval-miss	none	none	True	False	True	1.0	1.0	0.0	1.0	176.2
easy:73415002	easy	B	B	True	True	False	0.9954	0.9954	4.053000000000045e-05	0.9948	156.4
retrieval-miss:414667000	retrieval-miss	none	F	False	False	True	0.9625	0.0328	1.86190238	0.9578	155.8
hard:307496006	hard	F	F	True	True	False	0.9895	0.9895	0.00019273999999999903	0.9882	162.7
hard:404041003	hard	C	C	True	True	True	0.9888	0.9888	0.00023594999999999975	0.9874	196.9
easy:720459002	easy	G	G	True	False	True	0.9111	0.9111	0.014159919999999996	0.8999	211.4
easy:79291003	easy	H	H	True	True	False	0.976	0.976	0.001123920000000001	0.973	198.6
easy:254825007	easy	E	E	True	False	True	0.995	0.995	4.626000000000005e-05	0.9943	190.2
none-narrower:1197357008	none-narrower	none	H	False	False		0.9728	0.027	1.89306888	0.9694	187.0
easy:92197001	easy	C	C	True	True	True	0.9974	0.9974	1.2560000000000242e-05	0.9971	161.2
hard:722454003	hard	E	none	False	True	True	0.508	0.4896	0.51857625	0.4465	203.5
easy:722451006	easy	A	A	True	True	False	0.9786	0.9786	0.0008989799999999989	0.976	198.8
easy:722282008	easy	H	H	True	True	False	0.9741	0.9741	0.0013063400000000018	0.9709	197.1
none-narrower:1340188003	none-narrower	none	none	True	False		0.9895	0.9895	0.00021637999999999904	0.9882	162.6
retrieval-miss:398049005	retrieval-miss	none	none	True	False	True	0.9999	0.9999	9.999999999997797e-09	0.9999	163.2
gold-removed:231536004	gold-removed	none	none	True	False		0.9995	0.9995	4.999999999999449e-07	0.9994	193.5
hard:233728004	hard	C	C	True	False	True	0.6672	0.6672	0.20696989999999998	0.6256	166.3
retrieval-miss:128598002	retrieval-miss	none	none	True	False	True	1.0	1.0	0.0	1.0	158.3
easy:703267003	easy	D	D	True	True	True	0.983	0.983	0.0005484400000000005	0.9809	178.1
retrieval-miss:234541006	retrieval-miss	none	none	True	False	True	0.9998	0.9998	7.999999999999119e-08	0.9997	198.1
easy:13920009	easy	F	F	True	True	False	0.9872	0.9872	0.00031044000000000086	0.9856	157.7
easy:92109005	easy	D	D	True	True	True	0.9896	0.9896	0.00020831999999999925	0.9883	174.5
easy:17322007	easy	D	D	True	True	False	0.9917	0.9917	0.00013451999999999955	0.9906	164.7
hard:407476002	hard	H	H	True	True	True	0.9861	0.9861	0.0003864200000000006	0.9843	163.8
none-narrower:737209002	none-narrower	none	none	True	False		0.9998	0.9998	5.99999999999912e-08	0.9998	160.2
easy:254915003	easy	A	A	True	True	False	0.9747	0.9747	0.0011548299999999995	0.9716	197.1
easy:307576001	easy	C	C	True	True	False	0.9941	0.9941	6.515000000000019e-05	0.9934	176.4
hard:7573000	hard	D	H	False	True	False	0.9618	0.0001	1.92630325	0.957	184.5
none-narrower:737220002	none-narrower	none	none	True	False		0.9994	0.9994	5.000000000000539e-07	0.9993	162.1
gold-removed:240119009	gold-removed	none	none	True	False		1.0	1.0	0.0	1.0	153.1
retrieval-miss:74969002	retrieval-miss	none	none	True	False	True	1.0	1.0	0.0	1.0	187.5
retrieval-miss:87872006	retrieval-miss	none	none	True	False	True	0.9202	0.9202	0.012578289999999997	0.9102	137.4
none-narrower:277643003	none-narrower	none	none	True	False		0.9988	0.9988	1.9399999999999492e-06	0.9986	189.2
gold-removed:24526004	gold-removed	none	none	True	False		0.9999	0.9999	9.999999999997797e-09	0.9999	168.9
easy:419039007	easy	H	H	True	True	False	0.9555	0.9555	0.0038733199999999982	0.95	196.4
hard:76802005	hard	G	G	True	False	True	0.5115	0.5115	0.46764355	0.4504	165.0
none-narrower:735549008	none-narrower	none	none	True	False		0.9993	0.9993	9.800000000000474e-07	0.9992	172.6
hard:109041000119107	hard	A	A	True	True	False	0.9914	0.9914	0.0001429400000000009	0.9903	162.5
easy:26111005	easy	G	G	True	True	False	0.992	0.992	0.00012641000000000014	0.991	169.7
easy:42930003	easy	G	G	True	True	False	0.9902	0.9902	0.00017102000000000062	0.989	176.0
hard:91662004	hard	D	D	True	True	False	0.9932	0.9932	8.981000000000039e-05	0.9923	159.0
hard:446995005	hard	C	C	True	True	False	0.9601	0.9601	0.0030759600000000034	0.9551	170.9
none-narrower:428172002	none-narrower	none	none	True	False		0.9997	0.9997	1.2999999999998017e-07	0.9997	170.2
hard:363469001	hard	D	D	True	False	True	0.9932	0.9932	8.853000000000037e-05	0.9924	178.5
easy:266257000	easy	G	G	True	False	True	0.9761	0.9761	0.0011099400000000015	0.9731	171.3
easy:27536004	easy	A	A	True	True	False	0.9957	0.9957	3.6139999999999745e-05	0.9951	152.3
easy:77157004	easy	C	C	True	True	False	0.627	0.627	0.27647502999999995	0.5804	174.0
hard:189130001	hard	C	C	True	False	True	0.9119	0.9119	0.013266789999999994	0.9009	182.3
gold-removed:126958000	gold-removed	none	none	True	False		0.9994	0.9994	5.000000000000539e-07	0.9993	169.5
easy:253737007	easy	F	F	True	True	False	0.9915	0.9915	0.00014449999999999918	0.9904	169.8
retrieval-miss:234411007	retrieval-miss	none	none	True	False	True	0.9999	0.9999	9.999999999997797e-09	0.9999	197.0
hard:763348005	hard	C	C	True	True	False	0.9762	0.9762	0.0010913500000000022	0.9732	225.9
none-narrower:109272006	none-narrower	none	none	True	False		0.9999	0.9999	1.9999999999997797e-08	0.9999	154.7
hard:235828008	hard	B	B	True	False	True	0.6082	0.6082	0.26942427	0.5592	183.2
none-narrower:18040001	none-narrower	none	none	True	False		0.9869	0.9869	0.00030066	0.9853	172.2
easy:87694001	easy	C	C	True	True	True	0.9671	0.9671	0.0021323400000000025	0.963	195.1
hard:699297004	hard	G	G	True	True	False	0.9126	0.9126	0.013135160000000005	0.9017	216.3
none-narrower:871745001	none-narrower	none	none	True	False		1.0	1.0	0.0	1.0	172.4
gold-removed:193411004	gold-removed	none	none	True	False		0.9974	0.9974	1.2530000000000241e-05	0.9971	197.0
hard:72000004	hard	E	E	True	True	False	0.9807	0.9807	0.0007298599999999994	0.9783	167.2
retrieval-miss:77323000	retrieval-miss	none	none	True	False	True	0.9989	0.9989	2.4199999999999777e-06	0.9987	187.3
retrieval-miss:370999003	retrieval-miss	none	none	True	False	True	0.9952	0.9952	3.829000000000026e-05	0.9946	180.5
retrieval-miss:254588001	retrieval-miss	none	none	True	False	True	0.9998	0.9998	7.999999999999119e-08	0.9997	134.2
easy:192782005	easy	E	E	True	False	True	0.9772	0.9772	0.001021660000000002	0.9744	190.7
retrieval-miss:717917007	retrieval-miss	none	none	True	False	True	1.0	1.0	0.0	1.0	208.0
none-narrower:1237225007	none-narrower	none	A	False	False		0.9724	0.026	1.89423859	0.9689	190.0
easy:718720007	easy	D	D	True	True	False	0.9332	0.9332	0.008435209999999997	0.9248	172.2
easy:373436002	easy	H	none	False	False	True	0.9978	0.0022	1.99120968	0.9976	178.1
retrieval-miss:789657008	retrieval-miss	none	none	True	False	True	0.9844	0.9844	0.0003384799999999983	0.9824	167.7
hard:363402007	hard	G	G	True	True	True	0.9827	0.9827	0.0005883399999999994	0.9806	164.7
easy:127230005	easy	D	B	False	False	True	0.9947	0.0007	1.98804799	0.994	165.1
easy:124322002	easy	B	B	True	True	False	0.7543	0.7543	0.09273780000000004	0.7236	176.0
easy:446079007	easy	G	G	True	True	False	0.9792	0.9792	0.0008611400000000018	0.9766	200.4
hard:718717004	hard	C	C	True	True	False	0.9896	0.9896	0.00021220999999999927	0.9883	180.3
easy:58213005	easy	C	C	True	True	False	0.9959	0.9959	3.280999999999994e-05	0.9954	204.3
retrieval-miss:271807003	retrieval-miss	none	none	True	False	True	1.0	1.0	0.0	1.0	166.9
easy:17024001	easy	C	C	True	True	False	0.9759	0.9759	0.0009222300000000006	0.9728	182.7
hard:17226007	hard	D	D	True	True	False	0.9868	0.9868	0.0003458599999999997	0.9852	150.6
hard:90935002	hard	G	G	True	True	False	0.9903	0.9903	0.00017347000000000082	0.9891	159.8
retrieval-miss:56975005	retrieval-miss	none	none	True	False	True	1.0	1.0	0.0	1.0	221.1
retrieval-miss:765216006	retrieval-miss	none	none	True	False	True	0.9999	0.9999	9.999999999997797e-09	0.9999	196.5
hard:711403001	hard	E	B	False	False	True	0.9134	0.0256	1.78646665	0.9026	172.7
easy:8635005	easy	A	A	True	True	False	0.9191	0.9191	0.012771669999999995	0.909	157.0
easy:36948007	easy	B	B	True	True	False	0.9955	0.9955	3.874999999999954e-05	0.995	197.4
hard:732252005	hard	F	F	True	False	True	0.9499	0.9499	0.004873130000000003	0.9437	255.8
none-narrower:1306326003	none-narrower	none	none	True	False		0.9995	0.9995	4.299999999999449e-07	0.9994	151.7
hard:79886009	hard	H	H	True	True	False	0.993	0.993	9.662000000000009e-05	0.9921	154.2
hard:203045001	hard	G	G	True	True	True	0.9696	0.9696	0.0018182199999999989	0.9658	181.7
retrieval-miss:82800008	retrieval-miss	none	D	False	False	True	0.9872	0.0123	1.9501153000000002	0.9856	161.0
gold-removed:33168009	gold-removed	none	none	True	False		1.0	1.0	0.0	1.0	175.0
none-narrower:723363009	none-narrower	none	C	False	False		0.823	0.127	1.44113611	0.8009	155.1
none-narrower:1163472000	none-narrower	none	none	True	False		0.9997	0.9997	1.0999999999998018e-07	0.9997	188.9
gold-removed:7522008	gold-removed	none	none	True	False		0.9997	0.9997	1.1999999999998016e-07	0.9997	165.3
retrieval-miss:230572002	retrieval-miss	none	none	True	False	True	1.0	1.0	0.0	1.0	155.4
gold-removed:720604008	gold-removed	none	none	True	False		1.0	1.0	0.0	0.9999	166.0
none-narrower:50927007	none-narrower	none	none	True	False		0.9998	0.9998	5.99999999999912e-08	0.9998	171.8
hard:718608006	hard	A	A	True	True	False	0.9745	0.9745	0.0012954199999999985	0.9713	222.1
easy:363379000	easy	B	B	True	True	True	0.9831	0.9831	0.000554750000000001	0.981	176.2
gold-removed:254627002	gold-removed	none	none	True	False		0.9995	0.9995	4.0999999999994493e-07	0.9995	206.8
hard:232006002	hard	C	C	True	True	False	0.9923	0.9923	0.00010298000000000062	0.9914	155.8
hard:129639005	hard	D	D	True	True	False	0.9927	0.9927	0.0001051399999999996	0.9918	168.2
hard:126980002	hard	F	F	True	True	False	0.7944	0.7944	0.08316081	0.7688	178.2
retrieval-miss:718691008	retrieval-miss	none	none	True	False	True	0.9929	0.9929	9.533999999999994e-05	0.9921	179.9
retrieval-miss:234110002	retrieval-miss	none	none	True	False	True	1.0	1.0	0.0	1.0	158.6
none-narrower:472699005	none-narrower	none	none	True	False		0.9977	0.9977	1.0579999999999856e-05	0.9974	175.3
gold-removed:726708009	gold-removed	none	none	True	False		1.0	1.0	0.0	1.0	175.5
easy:83482000	easy	F	F	True	True	False	0.9887	0.9887	0.0002509099999999995	0.9873	185.5
hard:254837009	hard	F	F	True	True	False	0.9814	0.9814	0.0006630999999999981	0.979	167.6
retrieval-miss:4945003	retrieval-miss	none	none	True	False	True	0.9995	0.9995	4.999999999999449e-07	0.9994	205.7
easy:718210003	easy	D	D	True	True	False	0.9709	0.9709	0.0015032300000000008	0.9673	203.8
gold-removed:719253007	gold-removed	none	none	True	False		0.9999	0.9999	1.9999999999997797e-08	0.9999	191.4
retrieval-miss:722055008	retrieval-miss	none	none	True	False	True	1.0	1.0	0.0	0.9999	213.4
easy:763127004	easy	A	A	True	True	False	0.9811	0.9811	0.0007069400000000011	0.9787	198.2
retrieval-miss:312912001	retrieval-miss	none	none	True	False	True	0.9999	0.9999	1.9999999999997797e-08	0.9999	172.4
hard:41799005	hard	A	A	True	True	False	0.993	0.993	9.525000000000009e-05	0.9922	158.5
hard:764999002	hard	H	H	True	False	True	0.9896	0.9896	0.00020825999999999928	0.9883	200.4
easy:66695004	easy	H	H	True	False	True	0.5469	0.5469	0.40933394999999995	0.4903	216.9
easy:404056007	easy	F	F	True	True	False	0.968	0.968	0.002016340000000002	0.964	173.9
retrieval-miss:388980004	retrieval-miss	none	none	True	False	True	0.995	0.995	3.6650000000000044e-05	0.9943	183.3
none-narrower:1162558000	none-narrower	none	none	True	False		0.9999	0.9999	9.999999999997797e-09	0.9999	160.5
easy:4887000	easy	A	A	True	False	True	0.9723	0.9723	0.001518099999999997	0.9689	220.3
retrieval-miss:234619000	retrieval-miss	none	none	True	False	True	0.9	0.9	0.019920319999999995	0.8875	162.4
retrieval-miss:715771008	retrieval-miss	none	D	False	False	True	0.9713	0.0283	1.8876246200000002	0.9677	176.4
retrieval-miss:186217006	retrieval-miss	none	none	True	False	True	1.0	1.0	0.0	1.0	156.0
hard:715755008	hard	E	E	True	True	False	0.991	0.991	0.00016200000000000014	0.9898	201.4
hard:126703006	hard	E	B	False	False	True	0.9925	0.0	1.98511102	0.9915	179.8
none-narrower:48309007	none-narrower	none	none	True	False		0.9953	0.9953	4.418000000000035e-05	0.9947	191.5
easy:37272000	easy	G	G	True	True	False	0.9913	0.9913	0.0001513800000000007	0.9902	195.6
none-narrower:763312008	none-narrower	none	B	False	False		0.9426	0.0277	1.8345521599999999	0.9354	260.7
easy:88092000	easy	F	F	True	False	True	0.9741	0.9741	0.0013262200000000017	0.9709	169.3
none-narrower:1340174002	none-narrower	none	G	False	False		0.6893	0.2509	1.03958151	0.6504	167.7
hard:92336000	hard	H	H	True	True	False	0.997	0.997	1.7410000000000015e-05	0.9966	145.9
retrieval-miss:16140007	retrieval-miss	none	none	True	False	True	0.5929	0.5929	0.32798754	0.542	164.2
none-narrower:403632002	none-narrower	none	none	True	False		0.9997	0.9997	1.7999999999998017e-07	0.9996	193.7
retrieval-miss:363398003	retrieval-miss	none	none	True	False	True	0.9939	0.9939	6.201999999999992e-05	0.9931	174.5
hard:426055002	hard	A	A	True	True	False	0.9963	0.9963	2.598000000000027e-05	0.9958	149.3
none-narrower:716194005	none-narrower	none	H	False	False		0.9762	0.0236	1.90632342	0.9732	199.4
none-narrower:94660006	none-narrower	none	none	True	False		0.9998	0.9998	4.999999999999118e-08	0.9998	171.1
hard:190785000	hard	D	D	True	True	False	0.9931	0.9931	8.501000000000024e-05	0.9923	160.9
hard:92385005	hard	B	B	True	True	True	0.9942	0.9942	6.286000000000032e-05	0.9935	175.1
none-narrower:289474006	none-narrower	none	none	True	False		0.9997	0.9997	1.8999999999998015e-07	0.9996	163.1
easy:238763007	easy	E	E	True	True	False	0.9793	0.9793	0.0008326900000000021	0.9767	167.8
retrieval-miss:363009005	retrieval-miss	none	none	True	False	True	0.9999	0.9999	9.999999999997797e-09	0.9999	192.5
none-narrower:133091000119105	none-narrower	none	none	True	False		0.9999	0.9999	9.999999999997797e-09	0.9999	134.7
gold-removed:92697000	gold-removed	none	none	True	False		0.9997	0.9997	1.2999999999998017e-07	0.9997	174.9
hard:192781003	hard	H	H	True	True	False	0.9906	0.9906	0.00017671999999999932	0.9894	186.5
easy:711480000	easy	H	H	True	True	False	0.7805	0.7805	0.07856323000000001	0.7531	218.7
hard:254709009	hard	F	D	False	False	True	0.944	0.0147	1.8634989599999996	0.937	190.1
retrieval-miss:716338001	retrieval-miss	none	B	False	False	True	0.6335	0.3659	0.80340523	0.5877	177.8
easy:14535005	easy	F	F	True	True	False	0.9801	0.9801	0.0007764200000000012	0.9776	177.2
easy:734029004	easy	E	E	True	True	True	0.9689	0.9689	0.001897630000000001	0.9651	252.8
none-narrower:707750005	none-narrower	none	none	True	False		0.9997	0.9997	1.1999999999998016e-07	0.9997	174.7
none-narrower:12240951000119107	none-narrower	none	none	True	False		0.9997	0.9997	1.3999999999998018e-07	0.9997	196.0
easy:715801001	easy	F	F	True	True	False	0.9869	0.9869	0.00033805	0.9852	221.9
hard:94140004	hard	G	none	False	True	True	0.9955	0.0035	1.9840330300000004	0.9949	180.3
none-narrower:276682008	none-narrower	none	none	True	False		0.9988	0.9988	2.049999999999949e-06	0.9987	167.7
retrieval-miss:726672000	retrieval-miss	none	none	True	False	True	1.0	1.0	0.0	1.0	178.5
easy:717254007	easy	B	B	True	True	False	0.975	0.975	0.001220720000000001	0.9719	198.9
retrieval-miss:105597003	retrieval-miss	none	none	True	False	True	0.9972	0.9972	1.4620000000000138e-05	0.9968	156.9
easy:68779003	easy	E	E	True	True	False	0.9059	0.9059	0.017541369999999994	0.8941	162.7
none-narrower:1144544008	none-narrower	none	none	True	False		0.9999	0.9999	1.9999999999997797e-08	0.9999	166.7
hard:28189009	hard	C	C	True	True	False	0.9868	0.9868	0.0003332599999999997	0.9852	178.7
easy:237091009	easy	C	C	True	True	False	0.9953	0.9953	4.0680000000000356e-05	0.9947	157.9
easy:45116002	easy	E	none	False	True	False	0.9759	0.0235	1.9059332	0.9729	212.3
hard:29928006	hard	H	H	True	False	True	0.9883	0.9883	0.00025398000000000103	0.9868	164.9
gold-removed:51254007	gold-removed	none	none	True	False		1.0	1.0	0.0	1.0	172.8
gold-removed:235825006	gold-removed	none	none	True	False		0.9931	0.9931	8.042000000000024e-05	0.9923	161.5
hard:47277009	hard	H	H	True	True	False	0.9867	0.9867	0.0003511399999999994	0.985	178.0
gold-removed:766818009	gold-removed	none	none	True	False		0.9989	0.9989	2.209999999999978e-06	0.9988	192.9
hard:408643008	hard	A	A	True	False	True	0.9633	0.9633	0.0022158799999999965	0.9587	208.8
easy:254219004	easy	G	G	True	True	False	0.9197	0.9197	0.012042390000000007	0.9096	167.7
hard:702397002	hard	G	G	True	True	False	0.9842	0.9842	0.0004838200000000011	0.9822	170.8
retrieval-miss:240820001	retrieval-miss	none	none	True	False	True	0.9761	0.9761	0.0011282200000000016	0.9731	176.2
gold-removed:720495005	gold-removed	none	none	True	False		0.9999	0.9999	9.999999999997797e-09	0.9999	181.8
none-narrower:145501000119108	none-narrower	none	none	True	False		0.9997	0.9997	1.3999999999998018e-07	0.9997	194.3
hard:715530004	hard	E	E	True	False	True	0.9746	0.9746	0.001199619999999999	0.9714	204.8
hard:102449007	hard	G	G	True	True	False	0.9846	0.9846	0.00047125999999999906	0.9826	170.9
easy:363373004	easy	A	none	False	False	True	0.9993	0.0005	1.9976007500000001	0.9993	157.8
hard:205473008	hard	C	C	True	True	False	0.9914	0.9914	0.0001429000000000009	0.9903	173.5
easy:312104005	easy	C	C	True	False	True	0.9625	0.9625	0.0024792999999999985	0.9579	181.5
easy:63175003	easy	A	A	True	False	True	0.9118	0.9118	0.01545312999999999	0.9008	176.5
hard:363493006	hard	C	C	True	True	True	0.9952	0.9952	3.800000000000025e-05	0.9946	172.1
retrieval-miss:399955009	retrieval-miss	none	none	True	False	True	0.9827	0.9827	0.0005093599999999994	0.9805	222.4
retrieval-miss:27240009	retrieval-miss	none	none	True	False	True	1.0	1.0	0.0	1.0	192.1
none-narrower:1343511009	none-narrower	none	none	True	False		0.9997	0.9997	1.1999999999998016e-07	0.9997	179.4
hard:1489008	hard	E	E	True	False	True	0.949	0.949	0.004742000000000005	0.9426	155.8
easy:234576008	easy	C	C	True	True	False	0.9332	0.9332	0.008572989999999996	0.9249	165.9
easy:124267007	easy	C	C	True	False	True	0.9695	0.9695	0.0018070599999999984	0.9657	205.9
hard:724142005	hard	A	A	True	False	True	0.9582	0.9582	0.0034368099999999954	0.953	234.9
easy:717632002	easy	E	E	True	True	False	0.9603	0.9603	0.0029624399999999963	0.9554	259.1
easy:733447005	easy	H	H	True	True	False	0.954	0.954	0.004213680000000004	0.9483	184.1
gold-removed:719172003	gold-removed	none	none	True	False		0.9999	0.9999	1.9999999999997797e-08	0.9999	238.2
none-narrower:705128004	none-narrower	none	none	True	False		0.999	0.999	1.8100000000000017e-06	0.9989	147.1
gold-removed:126804008	gold-removed	none	none	True	False		0.9936	0.9936	7.825999999999951e-05	0.9928	166.7
gold-removed:50923006	gold-removed	none	none	True	False		1.0	1.0	0.0	0.9999	189.1
gold-removed:95413004	gold-removed	none	none	True	False		1.0	1.0	0.0	1.0	161.7
easy:6729006	easy	A	A	True	True	True	0.9781	0.9781	0.0009462200000000013	0.9753	194.9
easy:763793004	easy	H	H	True	False	True	0.9575	0.9575	0.003587139999999998	0.9522	215.3
easy:715342005	easy	F	F	True	True	False	0.9644	0.9644	0.0023992599999999977	0.9599	191.4
retrieval-miss:403901001	retrieval-miss	none	none	True	False	True	0.6183	0.6183	0.28011464	0.5706	193.5
hard:187151009	hard	D	D	True	True	False	0.9868	0.9868	0.00031729999999999974	0.9852	199.0
gold-removed:155441006	gold-removed	none	none	True	False		0.8004	0.8004	0.06992311999999999	0.7754	176.9
easy:50869007	easy	B	B	True	False	True	0.9703	0.9703	0.001645909999999997	0.9666	173.6
hard:73237007	hard	G	G	True	True	False	0.9854	0.9854	0.0004122199999999984	0.9836	160.5
hard:763529005	hard	G	G	True	True	False	0.9714	0.9714	0.0015965099999999978	0.9678	230.2
gold-removed:128869009	gold-removed	none	none	True	False		0.9998	0.9998	7.999999999999119e-08	0.9998	175.1
gold-removed:22199006	gold-removed	none	none	True	False		1.0	1.0	0.0	1.0	195.1
easy:254790003	easy	D	D	True	True	False	0.9763	0.9763	0.0011046800000000026	0.9734	161.5
hard:126677000	hard	B	B	True	True	False	0.9818	0.9818	0.0006342899999999997	0.9795	178.2
retrieval-miss:56688005	retrieval-miss	none	none	True	False	True	1.0	1.0	0.0	1.0	161.1
easy:202882003	easy	C	C	True	True	False	0.9954	0.9954	4.142000000000044e-05	0.9949	193.7
hard:29271008	hard	A	none	False	True	True	0.6524	0.342	0.8586105299999999	0.609	175.8
hard:36233006	hard	E	E	True	False	True	0.9857	0.9857	0.00039500999999999946	0.9839	194.0
easy:719949001	easy	C	C	True	True	False	0.967	0.967	0.002145300000000002	0.9629	213.8
easy:61071003	easy	B	B	True	False	True	0.977	0.977	0.001053420000000001	0.9741	219.4
retrieval-miss:218728005	retrieval-miss	none	C	False	False	True	0.8991	0.0997	1.61892163	0.8864	162.3
retrieval-miss:725028009	retrieval-miss	none	none	True	False	True	1.0	1.0	0.0	1.0	224.5
hard:28314004	hard	D	D	True	True	True	0.9436	0.9436	0.00624007	0.9365	175.2
hard:24269006	hard	C	C	True	True	True	0.8438	0.8438	0.04530931	0.8243	167.5
easy:722376008	easy	G	G	True	True	True	0.9605	0.9605	0.0028267799999999984	0.9555	214.4
hard:715406003	hard	E	E	True	True	False	0.9743	0.9743	0.0012204399999999971	0.9711	202.4
easy:126680004	easy	D	D	True	True	False	0.9691	0.9691	0.0018492100000000024	0.9653	179.7
none-narrower:93846004	none-narrower	none	none	True	False		0.9996	0.9996	3.1999999999996475e-07	0.9995	158.4
gold-removed:763213001	gold-removed	none	none	True	False		1.0	1.0	0.0	1.0	183.4
gold-removed:71912000	gold-removed	none	none	True	False		0.9307	0.9307	0.008261830000000005	0.922	160.2
easy:428281000	easy	G	G	True	True	False	0.8466	0.8466	0.04538978999999999	0.8275	162.5
hard:722391005	hard	B	B	True	True	False	0.9937	0.9937	7.454999999999964e-05	0.993	197.6
easy:231829006	easy	B	B	True	True	True	0.9709	0.9709	0.0015832500000000009	0.9672	169.5
none-narrower:232023006	none-narrower	none	none	True	False		1.0	1.0	0.0	0.9999	171.1
none-narrower:1382212005	none-narrower	none	none	True	False		0.999	0.999	1.8200000000000018e-06	0.9989	193.6
hard:708536001	hard	B	B	True	True	False	0.9854	0.9854	0.00032558999999999843	0.9835	179.4
none-narrower:314207007	none-narrower	none	none	True	False		0.9996	0.9996	2.699999999999647e-07	0.9996	158.5
easy:398723007	easy	D	D	True	False	True	0.9529	0.9529	0.003980440000000003	0.947	175.0
retrieval-miss:236803007	retrieval-miss	none	none	True	False	True	0.9996	0.9996	2.1999999999996475e-07	0.9995	134.6
hard:721756002	hard	C	C	True	False	True	0.9124	0.9124	0.015105660000000002	0.9015	163.3
none-narrower:418072004	none-narrower	none	none	True	False		0.9997	0.9997	1.8999999999998015e-07	0.9996	170.7
retrieval-miss:87065009	retrieval-miss	none	none	True	False	True	1.0	1.0	0.0	1.0	200.6
gold-removed:33655002	gold-removed	none	none	True	False		0.9982	0.9982	5.830000000000086e-06	0.9979	137.8
easy:254895003	easy	A	A	True	True	False	0.9147	0.9147	0.013340190000000009	0.904	215.8
easy:255072001	easy	E	E	True	True	True	0.983	0.983	0.0005362200000000004	0.9808	194.4
none-narrower:423471004	none-narrower	none	A	False	False		0.9796	0.0202	1.9196242100000003	0.9771	180.5
hard:25147002	hard	C	C	True	True	False	0.9891	0.9891	0.00023545000000000046	0.9878	170.0
retrieval-miss:2109003	retrieval-miss	none	none	True	False	True	1.0	1.0	0.0	1.0	193.0
easy:254846003	easy	G	G	True	True	False	0.9735	0.9735	0.0013835499999999986	0.9702	190.0
hard:3323003	hard	E	E	True	True	False	0.9903	0.9903	0.00018068000000000077	0.989	172.3
hard:41446000	hard	E	E	True	True	False	0.9784	0.9784	0.000895259999999998	0.9757	131.5
easy:41572006	easy	B	B	True	False	True	0.9721	0.9721	0.001448470000000002	0.9686	195.0
hard:276645004	hard	F	F	True	True	False	0.9714	0.9714	0.0013893299999999977	0.9678	160.9
gold-removed:27215002	gold-removed	none	none	True	False		1.0	1.0	0.0	1.0	173.8
gold-removed:433068007	gold-removed	none	none	True	False		0.999	0.999	1.660000000000002e-06	0.9988	161.2
easy:35031005	easy	E	E	True	True	False	0.98	0.98	0.0007656200000000007	0.9775	204.4
easy:85375000	easy	E	E	True	True	False	0.9921	0.9921	0.00012326000000000028	0.9911	160.9
none-narrower:198448006	none-narrower	none	none	True	False		0.9994	0.9994	5.500000000000539e-07	0.9993	184.4
retrieval-miss:725910009	retrieval-miss	none	none	True	False	True	1.0	1.0	0.0	1.0	168.4
hard:719659003	hard	G	G	True	False	True	0.9299	0.9299	0.009488660000000006	0.9211	203.2
hard:81564005	hard	C	C	True	True	True	0.9547	0.9547	0.003039510000000001	0.9491	158.8
none-narrower:723829000	none-narrower	none	G	False	False		0.9255	0.0734	1.71513834	0.9162	166.3
easy:22125009	easy	E	E	True	True	True	0.9923	0.9923	0.00011261000000000062	0.9913	177.4
retrieval-miss:440350001	retrieval-miss	none	none	True	False	True	0.9987	0.9987	3.139999999999916e-06	0.9985	196.6
gold-removed:10082001	gold-removed	none	none	True	False		0.9993	0.9993	9.800000000000474e-07	0.9992	177.9
easy:28183005	easy	E	E	True	True	False	0.915	0.915	0.013957419999999995	0.9044	204.7
hard:53597009	hard	D	D	True	True	False	0.9617	0.9617	0.0026409699999999994	0.9569	157.7
hard:25010000	hard	H	H	True	False	True	0.6937	0.6937	0.18739460000000002	0.6554	200.7
easy:22949006	easy	C	C	True	False	True	0.9765	0.9765	0.0010951599999999985	0.9735	159.5
retrieval-miss:230410004	retrieval-miss	none	A	False	False	True	0.9013	0.0571	1.7025284900000002	0.8889	220.1
gold-removed:239892009	gold-removed	none	none	True	False		0.9983	0.9983	4.2600000000001185e-06	0.9981	174.7
easy:91051003	easy	D	D	True	True	False	0.9848	0.9848	0.0004560899999999997	0.9828	168.1
retrieval-miss:124224004	retrieval-miss	none	none	True	False	True	1.0	1.0	0.0	1.0	167.2
easy:725027004	easy	G	G	True	False	True	0.9521	0.9521	0.004569740000000005	0.9461	240.4
easy:25690000	easy	E	E	True	True	False	0.9747	0.9747	0.0012406399999999995	0.9716	174.2
easy:67895005	easy	G	G	True	True	False	0.9745	0.9745	0.0012903799999999983	0.9713	166.5
hard:237751000	hard	G	G	True	True	False	0.9851	0.9851	0.00041345000000000075	0.9833	176.9
retrieval-miss:54266002	retrieval-miss	none	none	True	False	True	0.9997	0.9997	1.7999999999998017e-07	0.9996	193.8
easy:445436005	easy	C	C	True	True	True	0.7252	0.7252	0.13791457000000001	0.6908	207.8
hard:438476003	hard	C	C	True	True	True	0.9722	0.9722	0.0013927000000000026	0.9687	191.9
easy:191382009	easy	G	G	True	True	True	0.9854	0.9854	0.0003991199999999984	0.9836	173.5
hard:255154009	hard	C	C	True	True	True	0.9951	0.9951	4.3540000000000156e-05	0.9945	174.8
gold-removed:2284002	gold-removed	none	none	True	False		0.9994	0.9994	5.100000000000539e-07	0.9993	143.8
easy:363378008	easy	H	H	True	False	True	0.9488	0.9488	0.005131880000000002	0.9424	176.1
hard:126686005	hard	B	B	True	True	False	0.9906	0.9906	0.00016431999999999932	0.9894	173.7
easy:43152001	easy	G	G	True	True	False	0.9841	0.9841	0.0004993100000000009	0.9822	156.5
hard:723411003	hard	B	B	True	True	False	0.7465	0.7465	0.12641905999999997	0.7148	185.8
gold-removed:234584007	gold-removed	none	none	True	False		1.0	1.0	0.0	1.0	204.5
hard:725591002	hard	E	E	True	True	False	0.973	0.973	0.0014419300000000014	0.9696	189.9
retrieval-miss:243321006	retrieval-miss	none	none	True	False	True	0.9996	0.9996	2.5999999999996474e-07	0.9996	157.2
hard:5262007	hard	G	G	True	True	True	0.9452	0.9452	0.004778619999999996	0.9383	177.5
gold-removed:77489003	gold-removed	none	none	True	False		0.9508	0.9508	0.004811880000000002	0.9447	133.1
none-narrower:371074009	none-narrower	none	none	True	False		0.9999	0.9999	1.9999999999997797e-08	0.9999	164.2
gold-removed:74460005	gold-removed	none	none	True	False		0.9999	0.9999	2.9999999999997794e-08	0.9998	167.8
gold-removed:75544000	gold-removed	none	none	True	False		0.9984	0.9984	4.820000000000147e-06	0.9982	154.9
hard:28244003	hard	G	G	True	True	False	0.986	0.986	0.00038922000000000034	0.9842	141.1
retrieval-miss:390834004	retrieval-miss	none	none	True	False	True	1.0	1.0	0.0	1.0	170.1
easy:128082002	easy	H	H	True	True	True	0.9888	0.9888	0.0002464799999999997	0.9874	211.1
easy:720749004	easy	H	H	True	False	True	0.9346	0.9346	0.00846345	0.9265	191.6
none-narrower:56871000	none-narrower	none	C	False	False		0.7368	0.2566	1.0955386100000002	0.7039	197.7
retrieval-miss:70534000	retrieval-miss	none	none	True	False	True	0.9984	0.9984	4.540000000000146e-06	0.9982	161.7
easy:31659000	easy	H	H	True	False	True	0.9695	0.9695	0.0018544099999999982	0.9657	177.7
easy:10623005	easy	F	F	True	True	False	0.9828	0.9828	0.0004801099999999997	0.9806	161.0
hard:78622004	hard	C	none	False	True	True	0.9783	0.0207	1.9160997899999996	0.9756	159.5
gold-removed:32893002	gold-removed	none	none	True	False		0.9999	0.9999	1.9999999999997797e-08	0.9999	173.6
gold-removed:33666009	gold-removed	none	none	True	False		0.9888	0.9888	0.0002508799999999997	0.9874	167.1
none-narrower:772225005	none-narrower	none	D	False	False		0.9733	0.0267	1.8946257800000001	0.9699	229.9
easy:45377007	easy	H	H	True	True	True	0.9949	0.9949	4.909999999999993e-05	0.9942	164.9
hard:254067002	hard	E	E	True	True	False	0.9807	0.9807	0.0006324099999999994	0.9783	169.0
none-narrower:403114001	none-narrower	none	none	True	False		0.9998	0.9998	5.99999999999912e-08	0.9997	162.5
gold-removed:231826004	gold-removed	none	none	True	False		0.9999	0.9999	1.9999999999997797e-08	0.9999	180.2
easy:715415005	easy	H	H	True	True	False	0.9858	0.9858	0.00040044999999999973	0.9841	178.5
easy:429233001	easy	E	E	True	True	True	0.9741	0.9741	0.0012918200000000017	0.9708	157.2
easy:15350006	easy	G	G	True	True	False	0.9412	0.9412	0.0067989399999999955	0.9339	172.0
gold-removed:59282003	gold-removed	none	none	True	False		0.9972	0.9972	1.5680000000000138e-05	0.9968	172.1
hard:238091006	hard	A	C	False	True	True	0.976	0.0138	1.9252684599999998	0.973	196.1
easy:37350004	easy	F	F	True	False	True	0.9293	0.9293	0.009525889999999997	0.9205	157.1
gold-removed:722207000	gold-removed	none	none	True	False		0.9988	0.9988	2.659999999999949e-06	0.9986	175.4
hard:372140005	hard	E	E	True	True	False	0.9261	0.9261	0.008667159999999995	0.9169	171.9
hard:733518000	hard	C	C	True	True	False	0.9867	0.9867	0.0003137399999999994	0.9851	239.7
none-narrower:109858008	none-narrower	none	none	True	False		0.9994	0.9994	4.7000000000005395e-07	0.9993	177.2
hard:360481003	hard	F	F	True	True	True	0.8489	0.8489	0.038622260000000005	0.83	169.8
easy:111565003	easy	F	F	True	True	False	0.9852	0.9852	0.00042645000000000107	0.9834	141.5
retrieval-miss:238020001	retrieval-miss	none	none	True	False	True	0.9084	0.9084	0.016385180000000003	0.8969	164.7
hard:423425006	hard	G	none	False	True	True	0.6403	0.3095	0.88863268	0.5953	167.5
retrieval-miss:67915005	retrieval-miss	none	none	True	False	True	0.9901	0.9901	0.00019602000000000042	0.9889	170.6
easy:763067000	easy	C	C	True	True	True	0.9309	0.9309	0.007566000000000007	0.9223	209.3
hard:82458004	hard	A	A	True	False	True	0.98	0.98	0.0007764800000000007	0.9775	194.8
easy:24868007	easy	E	E	True	True	True	0.9935	0.9935	7.625999999999935e-05	0.9927	165.9
none-narrower:1186810009	none-narrower	none	none	True	False		0.5905	0.5905	0.31385686	0.5394	206.7
easy:27621000119100	easy	C	C	True	False	True	0.8632	0.8632	0.037401130000000005	0.8461	175.8
hard:92040001	hard	A	A	True	True	True	0.9899	0.9899	0.00017733999999999995	0.9887	176.4
easy:764944006	easy	C	C	True	True	False	0.9888	0.9888	0.0002055699999999997	0.9874	207.2
gold-removed:443095000	gold-removed	none	none	True	False		1.0	1.0	0.0	1.0	156.5
hard:707341005	hard	E	E	True	False	True	0.9715	0.9715	0.0016075399999999984	0.9679	157.2
hard:27059002	hard	H	H	True	False	True	0.983	0.983	0.0005712900000000004	0.9808	148.0
none-narrower:773774000	none-narrower	none	C	False	False		0.9854	0.0144	1.9424205400000003	0.9836	234.9
hard:128128003	hard	F	F	True	True	False	0.9933	0.9933	8.350000000000053e-05	0.9925	151.2
retrieval-miss:20376005	retrieval-miss	none	none	True	False	True	0.9561	0.9561	0.0037347200000000047	0.9506	160.2
none-narrower:1293071007	none-narrower	none	G	False	False		0.9885	0.0111	1.9550555200000002	0.9871	167.9
retrieval-miss:722390006	retrieval-miss	none	none	True	False	True	1.0	1.0	0.0	1.0	200.3
easy:71325002	easy	E	E	True	True	False	0.9933	0.9933	8.716000000000053e-05	0.9925	174.7
gold-removed:448315008	gold-removed	none	none	True	False		0.9999	0.9999	1.9999999999997797e-08	0.9999	169.2
hard:709075008	hard	B	B	True	True	False	0.9929	0.9929	9.805999999999994e-05	0.992	215.8
hard:236644005	hard	A	A	True	True	False	0.9723	0.9723	0.0015235499999999972	0.9689	152.6
gold-removed:720983002	gold-removed	none	none	True	False		1.0	1.0	0.0	1.0	195.4
easy:109983007	easy	H	H	True	True	False	0.9925	0.9925	0.00011101999999999927	0.9916	218.4
hard:92039003	hard	H	H	True	True	True	0.9914	0.9914	0.0001462200000000009	0.9903	194.3
easy:92617001	easy	D	D	True	True	True	0.99	0.99	0.0001941300000000002	0.9888	170.4
easy:76916001	easy	D	D	True	True	False	0.9848	0.9848	0.00043026999999999974	0.9829	161.2
hard:19034001	hard	A	A	True	False	True	0.9507	0.9507	0.004668780000000001	0.9446	147.1
easy:93235007	easy	F	A	False	False	True	0.7164	0.0083	1.5676360599999999	0.681	174.7
easy:70931000	easy	F	F	True	False	True	0.7257	0.7257	0.1462352	0.6914	155.9
easy:233915000	easy	B	E	False	False	True	0.9886	0.0008	1.97583674	0.9872	174.0
hard:253187005	hard	E	C	False	False	True	0.6109	0.2975	0.8750226	0.5622	168.5
hard:270516002	hard	D	D	True	True	True	0.9844	0.9844	0.0004490999999999984	0.9824	194.8
retrieval-miss:105706003	retrieval-miss	none	none	True	False	True	0.9999	0.9999	1.9999999999997797e-08	0.9999	169.3
none-narrower:2061000	none-narrower	none	none	True	False		0.9982	0.9982	4.940000000000086e-06	0.9979	164.1
hard:232442001	hard	H	H	True	False	True	0.6474	0.6474	0.22002514	0.6033	167.7
none-narrower:302958006	none-narrower	none	none	True	False		0.9813	0.9813	0.0006153000000000019	0.979	178.2
none-narrower:686991000119106	none-narrower	none	none	True	False		0.9998	0.9998	4.999999999999118e-08	0.9998	148.6
none-narrower:12181000119103	none-narrower	none	none	True	False		0.9996	0.9996	2.4999999999996473e-07	0.9996	149.2
gold-removed:60380001	gold-removed	none	none	True	False		0.6992	0.6992	0.17875559999999996	0.6616	158.6
none-narrower:1344682008	none-narrower	none	none	True	False		0.9996	0.9996	3.1999999999996475e-07	0.9996	158.6
retrieval-miss:13445001	retrieval-miss	none	none	True	False	True	0.9999	0.9999	1.9999999999997797e-08	0.9999	174.6
hard:86500004	hard	G	G	True	True	False	0.9946	0.9946	5.6219999999999574e-05	0.9939	166.8
hard:707756004	hard	A	A	True	True	False	0.9918	0.9918	0.00013285999999999973	0.9908	164.0
none-narrower:11045000	none-narrower	none	none	True	False		0.9982	0.9982	6.140000000000085e-06	0.998	159.1
retrieval-miss:67795000	retrieval-miss	none	none	True	False	True	0.9999	0.9999	1.9999999999997797e-08	0.9999	166.5
hard:254711000	hard	B	B	True	True	True	0.9736	0.9736	0.0013038499999999988	0.9703	195.6
hard:54470008	hard	F	F	True	False	True	0.8675	0.8675	0.034358829999999986	0.8509	233.6
none-narrower:301191003	none-narrower	none	none	True	False		0.9999	0.9999	1.9999999999997797e-08	0.9998	159.1
hard:19138001	hard	G	G	True	True	False	0.9876	0.9876	0.00030260999999999916	0.9861	164.0
none-narrower:782754006	none-narrower	none	B	False	False		0.965	0.0338	1.8647677799999998	0.9606	187.2
retrieval-miss:37548006	retrieval-miss	none	none	True	False	True	0.9908	0.9908	0.00016039999999999972	0.9897	191.5
easy:716723000	easy	G	E	False	False	True	0.974	0.0046	1.9399424199999997	0.9707	193.3
gold-removed:29740003	gold-removed	none	none	True	False		0.9998	0.9998	4.999999999999118e-08	0.9998	156.2
easy:408751001	easy	D	D	True	True	False	0.9831	0.9831	0.0005645400000000009	0.981	198.2
hard:92087008	hard	H	H	True	True	True	0.9932	0.9932	8.604000000000039e-05	0.9924	166.0
hard:7259005	hard	C	C	True	False	True	0.9715	0.9715	0.0014992199999999986	0.9679	198.1
easy:721882001	easy	C	C	True	False	True	0.9575	0.9575	0.002754099999999998	0.9522	223.6
none-narrower:340461000119106	none-narrower	none	none	True	False		0.9999	0.9999	1.9999999999997797e-08	0.9999	160.5
none-narrower:125628003	none-narrower	none	none	True	False		0.9999	0.9999	9.999999999997797e-09	0.9999	168.9
hard:237610008	hard	C	C	True	False	True	0.9176	0.9176	0.013416030000000006	0.9073	194.3
none-narrower:43634002	none-narrower	none	none	True	False		0.999	0.999	1.8200000000000018e-06	0.9989	156.0
retrieval-miss:279611005	retrieval-miss	none	none	True	False	True	0.9999	0.9999	9.999999999997797e-09	0.9999	188.2
hard:118611004	hard	D	D	True	True	False	0.9818	0.9818	0.0006243399999999997	0.9795	190.5
gold-removed:397012002	gold-removed	none	none	True	False		0.9956	0.9956	2.4689999999999643e-05	0.9951	176.6
none-narrower:203260009	none-narrower	none	none	True	False		1.0	1.0	0.0	0.9999	170.0
hard:237963003	hard	C	C	True	True	False	0.9844	0.9844	0.00038904999999999837	0.9825	171.7
hard:4754008	hard	H	none	False	False	True	0.7898	0.2067	1.25311432	0.7635	178.4
easy:49584005	easy	A	A	True	True	True	0.9941	0.9941	6.131000000000018e-05	0.9934	167.1
hard:732928005	hard	F	F	True	True	False	0.9868	0.9868	0.0003484799999999997	0.9851	157.3
retrieval-miss:110997000	retrieval-miss	none	none	True	False	True	1.0	1.0	0.0	1.0	183.3
easy:86638007	easy	E	E	True	True	False	0.9906	0.9906	0.0001748499999999993	0.9895	169.1
easy:725463007	easy	B	B	True	True	False	0.9724	0.9724	0.0014801799999999978	0.9689	213.6
retrieval-miss:183342005	retrieval-miss	none	none	True	False	True	1.0	1.0	0.0	1.0	168.7
none-narrower:424289008	none-narrower	none	none	True	False		1.0	1.0	0.0	1.0	174.8
easy:205468002	easy	H	H	True	True	False	0.9928	0.9928	0.00010367999999999977	0.9919	212.4
none-narrower:240716009	none-narrower	none	none	True	False		0.996	0.996	2.191000000000003e-05	0.9955	170.6
hard:721617001	hard	E	none	False	False	True	0.6449	0.23	1.02437109	0.6005	211.2
gold-removed:109477002	gold-removed	none	none	True	False		1.0	1.0	0.0	1.0	156.7
gold-removed:715822007	gold-removed	none	none	True	False		0.9992	0.9992	8.200000000000366e-07	0.9991	196.5
hard:722457005	hard	C	C	True	True	False	0.9579	0.9579	0.0033443800000000027	0.9526	191.0
hard:237683004	hard	G	G	True	True	False	0.9535	0.9535	0.004250939999999998	0.9477	173.9
hard:713060000	hard	B	B	True	True	False	0.9933	0.9933	7.677000000000053e-05	0.9925	179.5
none-narrower:109972003	none-narrower	none	none	True	False		0.9989	0.9989	2.0599999999999777e-06	0.9988	210.1
easy:3978000	easy	F	F	True	True	False	0.9627	0.9627	0.00263395	0.9581	173.7
easy:417607009	easy	E	E	True	True	False	0.993	0.993	9.663000000000008e-05	0.9921	196.8
hard:44274007	hard	F	F	True	True	True	0.9668	0.9668	0.0018031700000000002	0.9627	175.0
hard:724066002	hard	C	C	True	True	False	0.9669	0.9669	0.002152030000000001	0.9628	213.0
hard:702437000	hard	D	D	True	True	False	0.9845	0.9845	0.00045091999999999875	0.9826	169.7
hard:58976002	hard	E	E	True	True	True	0.9684	0.9684	0.0019845399999999973	0.9644	221.1
retrieval-miss:397758007	retrieval-miss	none	H	False	False	True	0.9881	0.0117	1.95307851	0.9866	174.5
easy:726051002	easy	A	A	True	True	False	0.9655	0.9655	0.002223039999999998	0.9612	159.0
gold-removed:50715003	gold-removed	none	none	True	False		0.8913	0.8913	0.019228840000000004	0.8777	170.3
retrieval-miss:710572000	retrieval-miss	none	none	True	False	True	0.9546	0.9546	0.00355383	0.9489	178.8
easy:92205005	easy	G	G	True	True	True	0.9868	0.9868	0.0003406999999999997	0.9852	176.5
hard:363495004	hard	F	F	True	True	True	0.9582	0.9582	0.0027660599999999955	0.953	163.0
hard:363458004	hard	F	F	True	True	True	0.9885	0.9885	0.0002534499999999989	0.987	175.4
easy:723552005	easy	F	F	True	False	True	0.9596	0.9596	0.002978869999999999	0.9545	216.6
none-narrower:16060551000119103	none-narrower	none	none	True	False		0.9999	0.9999	1.9999999999997797e-08	0.9999	160.5
none-narrower:443971004	none-narrower	none	none	True	False		0.9982	0.9982	4.820000000000086e-06	0.9979	158.7
hard:726610000	hard	G	G	True	True	True	0.9603	0.9603	0.0030895599999999964	0.9553	241.7
hard:230450001	hard	A	A	True	False	True	0.9887	0.9887	0.00025312999999999947	0.9873	168.7
none-narrower:11780521000119105	none-narrower	none	none	True	False		0.9999	0.9999	1.9999999999997797e-08	0.9999	160.0
retrieval-miss:4416007	retrieval-miss	none	none	True	False	True	1.0	1.0	0.0	1.0	192.3
hard:718053009	hard	C	C	True	False	True	0.9753	0.9753	0.0010340800000000028	0.9722	159.8
hard:8634009	hard	D	D	True	True	False	0.8511	0.8511	0.043115340000000016	0.8325	165.6
none-narrower:703163006	none-narrower	none	none	True	False		0.9996	0.9996	2.0999999999996474e-07	0.9996	169.1
hard:719456001	hard	E	E	True	False	True	0.9408	0.9408	0.005773910000000004	0.9334	199.6
hard:57993004	hard	A	A	True	True	True	0.9927	0.9927	8.774999999999961e-05	0.9918	143.7
retrieval-miss:233692000	retrieval-miss	none	none	True	False	True	0.9912	0.9912	0.00013886000000000052	0.9901	192.1
gold-removed:56882008	gold-removed	none	none	True	False		1.0	1.0	0.0	1.0	176.3
easy:111396008	easy	F	F	True	True	True	0.9776	0.9776	0.000968519999999999	0.9748	175.0
retrieval-miss:399029005	retrieval-miss	none	none	True	False	True	1.0	1.0	0.0	1.0	156.8
hard:237611007	hard	B	B	True	False	True	0.9573	0.9573	0.0036042899999999965	0.952	172.6
easy:187736009	easy	F	F	True	True	True	0.9591	0.9591	0.0026405300000000038	0.954	158.9
none-narrower:1186834004	none-narrower	none	none	True	False		0.9998	0.9998	7.999999999999119e-08	0.9997	165.7
hard:230496009	hard	B	B	True	True	False	0.984	0.984	0.0004994600000000004	0.982	175.7
easy:80328002	easy	B	G	False	False	True	0.8709	0.0009	1.77237027	0.8548	177.2
easy:195469007	easy	B	B	True	False	True	0.9707	0.9707	0.0016335799999999995	0.9671	168.5
gold-removed:700107006	gold-removed	none	none	True	False		0.9977	0.9977	8.229999999999855e-06	0.9974	199.5
none-narrower:1264565005	none-narrower	none	D	False	False		0.907	0.0675	1.6928555	0.8954	211.5
gold-removed:92068002	gold-removed	none	none	True	False		0.9993	0.9993	7.400000000000475e-07	0.9992	174.7
hard:448664009	hard	H	H	True	True	False	0.996	0.996	3.048000000000003e-05	0.9955	176.6
hard:240613006	hard	G	G	True	False	True	0.9812	0.9812	0.0005913200000000015	0.9789	171.2
none-narrower:50279003	none-narrower	none	H	False	False		0.7351	0.2636	1.0826577099999999	0.702	152.0
hard:127217009	hard	G	G	True	True	False	0.9814	0.9814	0.0006882099999999981	0.9791	182.6
easy:188264002	easy	E	E	True	True	True	0.9844	0.9844	0.0004380299999999983	0.9825	160.8
retrieval-miss:79883001	retrieval-miss	none	none	True	False	True	1.0	1.0	0.0	1.0	190.1
gold-removed:734173003	gold-removed	none	none	True	False		1.0	1.0	0.0	1.0	207.5
easy:230571009	easy	G	G	True	False	True	0.9068	0.9068	0.01724263999999999	0.8952	163.0
hard:425940002	hard	E	E	True	True	False	0.9904	0.9904	0.000176890000000001	0.9892	145.6
easy:95280005	easy	E	E	True	True	False	0.9919	0.9919	0.00012649999999999993	0.9909	167.1
easy:722690001	easy	A	A	True	True	True	0.9908	0.9908	0.00016057999999999974	0.9896	180.5
gold-removed:399340005	gold-removed	none	none	True	False		0.9839	0.9839	0.0005026700000000001	0.9819	162.9
hard:85102008	hard	H	H	True	True	False	0.9962	0.9962	2.7420000000000195e-05	0.9957	165.9
easy:390936003	easy	B	B	True	False	True	0.5611	0.5611	0.31524524	0.5063	226.0
retrieval-miss:105600002	retrieval-miss	none	none	True	False	True	1.0	1.0	0.0	1.0	150.1
none-narrower:721267000	none-narrower	none	none	True	False		0.9832	0.9832	0.0004940500000000013	0.9811	163.5
easy:86406008	easy	D	D	True	False	True	0.9905	0.9905	0.0001786199999999991	0.9893	175.4
retrieval-miss:205550003	retrieval-miss	none	E	False	False	True	0.9492	0.0473	1.80862759	0.9428	160.4
easy:192727001	easy	E	E	True	False	True	0.9213	0.9213	0.01207773	0.9114	189.4
hard:403970001	hard	G	G	True	True	False	0.9838	0.9838	0.0004821399999999997	0.9818	170.9
gold-removed:235494005	gold-removed	none	none	True	False		0.9998	0.9998	5.99999999999912e-08	0.9997	142.1
easy:62009002	easy	G	G	True	True	True	0.9724	0.9724	0.001474859999999998	0.9689	193.9
hard:8691004	hard	H	H	True	True	False	0.9957	0.9957	3.5309999999999755e-05	0.9952	172.7
easy:127232002	easy	D	E	False	False	True	0.9952	0.0001	1.99024421	0.9946	155.1
easy:27614006	easy	G	G	True	True	False	0.9949	0.9949	5.201999999999994e-05	0.9942	137.0
hard:267607008	hard	E	E	True	True	True	0.9923	0.9923	0.00011266000000000062	0.9914	164.3
easy:232262007	easy	H	none	False	False	True	0.9549	0.0328	1.84738605	0.9493	158.7
hard:75238000	hard	E	E	True	False	True	0.9766	0.9766	0.0010460599999999988	0.9737	178.8
gold-removed:88905005	gold-removed	none	none	True	False		1.0	1.0	0.0	1.0	207.7
hard:764625002	hard	F	F	True	True	True	0.9572	0.9572	0.0033973099999999954	0.9519	241.4
hard:40149008	hard	G	G	True	True	False	0.9856	0.9856	0.0004007299999999991	0.9838	161.1
gold-removed:109978004	gold-removed	none	none	True	False		0.9995	0.9995	4.999999999999449e-07	0.9994	196.7
gold-removed:53165003	gold-removed	none	none	True	False		0.9994	0.9994	4.6000000000005394e-07	0.9993	197.5
gold-removed:763274002	gold-removed	none	none	True	False		1.0	1.0	0.0	1.0	244.6
easy:70090004	easy	F	F	True	True	False	0.9941	0.9941	6.962000000000019e-05	0.9934	159.2
gold-removed:716097001	gold-removed	none	none	True	False		0.9998	0.9998	7.999999999999119e-08	0.9997	180.6
gold-removed:111489007	gold-removed	none	none	True	False		0.9974	0.9974	1.1340000000000242e-05	0.997	161.8
retrieval-miss:43116000	retrieval-miss	none	none	True	False	True	0.997	0.997	1.3720000000000014e-05	0.9966	170.7
retrieval-miss:307406004	retrieval-miss	none	D	False	False	True	0.9933	0.0067	1.9732897799999998	0.9925	157.9
hard:92080005	hard	G	G	True	True	False	0.9918	0.9918	0.00012812999999999974	0.9908	167.4
hard:25898005	hard	H	H	True	True	True	0.982	0.982	0.0006101300000000005	0.9797	159.4
hard:363404008	hard	A	A	True	True	True	0.9888	0.9888	0.00021268999999999973	0.9873	168.4
easy:26479009	easy	B	B	True	False	True	0.8134	0.8134	0.06879089	0.7901	159.4
easy:234633000	easy	C	C	True	True	True	0.9421	0.9421	0.006207499999999994	0.9349	215.3
none-narrower:1231185005	none-narrower	none	none	True	False		0.9946	0.9946	5.7249999999999576e-05	0.994	179.2
easy:720813007	easy	E	E	True	False	True	0.9579	0.9579	0.0034865500000000023	0.9527	186.5
easy:442696006	easy	H	H	True	True	False	0.9525	0.9525	0.004503019999999998	0.9466	174.9
easy:426336007	easy	C	C	True	False	True	0.9217	0.9217	0.011910220000000006	0.9119	179.2
hard:403975006	hard	D	D	True	True	False	0.9834	0.9834	0.0005350199999999982	0.9814	164.8
easy:232364006	easy	B	B	True	True	False	0.9939	0.9939	7.321999999999993e-05	0.9931	176.5
none-narrower:239813000	none-narrower	none	none	True	False		1.0	1.0	0.0	1.0	167.9
hard:448794008	hard	B	B	True	True	False	0.9718	0.9718	0.00141506	0.9683	179.9
none-narrower:254255007	none-narrower	none	none	True	False		1.0	1.0	0.0	1.0	169.0
easy:724642009	easy	F	F	True	False	True	0.9686	0.9686	0.0019165899999999988	0.9647	241.9
none-narrower:278043000	none-narrower	none	D	False	False		0.835	0.1582	1.40587646	0.8144	176.8
none-narrower:37369009	none-narrower	none	none	True	False		1.0	1.0	0.0	1.0	172.1
hard:720635002	hard	E	E	True	False	True	0.9744	0.9744	0.0012322599999999976	0.9712	175.6
none-narrower:237155000	none-narrower	none	none	True	False		0.9991	0.9991	1.2200000000000214e-06	0.999	156.7
easy:715952000	easy	D	F	False	False	True	0.9589	0.0002	1.9206580199999999	0.9538	193.8
retrieval-miss:443416007	retrieval-miss	none	none	True	False	True	0.9993	0.9993	8.500000000000474e-07	0.9993	177.3
easy:32139003	easy	F	F	True	True	False	0.9583	0.9583	0.0026054699999999965	0.9531	160.2
easy:204370002	easy	D	D	True	True	True	0.9565	0.9565	0.0032358399999999985	0.9511	166.4
gold-removed:312514006	gold-removed	none	none	True	False		1.0	1.0	0.0	1.0	175.8
retrieval-miss:725034002	retrieval-miss	none	B	False	False	True	0.9504	0.0487	1.80823225	0.9442	200.8
gold-removed:192958009	gold-removed	none	none	True	False		1.0	1.0	0.0	1.0	155.5
hard:721974000	hard	A	A	True	True	False	0.9878	0.9878	0.0002448699999999997	0.9863	200.6
easy:400948003	easy	A	A	True	True	False	0.9941	0.9941	6.962000000000019e-05	0.9934	189.9
easy:31742004	easy	B	B	True	True	False	0.9894	0.9894	0.00019794000000000116	0.9881	194.0
hard:127055007	hard	B	B	True	True	False	0.9908	0.9908	0.00015007999999999976	0.9896	175.7
retrieval-miss:32599008	retrieval-miss	none	none	True	False	True	1.0	1.0	0.0	1.0	195.9
hard:398623004	hard	H	H	True	True	False	0.9876	0.9876	0.00029791999999999915	0.986	226.8
retrieval-miss:192877007	retrieval-miss	none	H	False	False	True	0.9878	0.0114	1.9530794400000002	0.9862	158.4
gold-removed:118940003	gold-removed	none	none	True	False		1.0	1.0	0.0	1.0	156.8
easy:268163008	easy	F	F	True	False	True	0.9797	0.9797	0.0007073799999999994	0.9772	156.1
hard:193413001	hard	H	H	True	True	False	0.9228	0.9228	0.011766640000000007	0.9131	194.4
gold-removed:716239006	gold-removed	none	none	True	False		1.0	1.0	0.0	1.0	191.6
easy:715504003	easy	G	G	True	True	True	0.9585	0.9585	0.0034197099999999985	0.9534	209.1
easy:367434002	easy	H	H	True	True	False	0.987	0.987	0.0003230200000000003	0.9854	177.6
none-narrower:1197741006	none-narrower	none	none	True	False		0.9998	0.9998	7.999999999999119e-08	0.9997	162.3
none-narrower:371045000	none-narrower	none	D	False	False		0.9691	0.0259	1.8880344199999999	0.9652	167.0
easy:51744007	easy	H	H	True	True	False	0.997	0.997	1.7410000000000015e-05	0.9967	156.2
easy:715736008	easy	B	B	True	True	False	0.9929	0.9929	9.940999999999994e-05	0.992	205.5
hard:51387008	hard	B	B	True	True	False	0.9926	0.9926	0.00010660999999999944	0.9916	146.1
easy:48528004	easy	F	F	True	True	False	0.6547	0.6547	0.23137588000000003	0.6115	208.0
none-narrower:1259102000	none-narrower	none	none	True	False		0.9997	0.9997	1.3999999999998018e-07	0.9996	162.5
hard:82236004	hard	G	G	True	False	True	0.7213	0.7213	0.11450300999999997	0.6865	182.9
retrieval-miss:399992009	retrieval-miss	none	none	True	False	True	0.9993	0.9993	6.700000000000476e-07	0.9992	158.4
retrieval-miss:403886007	retrieval-miss	none	none	True	False	True	0.9865	0.9865	0.0002637199999999988	0.9848	180.9
easy:10934005	easy	B	B	True	True	False	0.9914	0.9914	0.0001413600000000009	0.9903	160.3
none-narrower:446771003	none-narrower	none	none	True	False		0.996	0.996	3.200000000000003e-05	0.9954	159.9
retrieval-miss:758664007	retrieval-miss	none	none	True	False	True	0.9999	0.9999	1.9999999999997797e-08	0.9999	195.7
hard:733112007	hard	F	F	True	True	False	0.9708	0.9708	0.0016114500000000002	0.9672	217.8
easy:237965005	easy	E	none	False	True	False	1.0	0.0	2.0	1.0	167.7
hard:70737009	hard	C	C	True	False	True	0.9825	0.9825	0.0005988299999999985	0.9803	196.2
easy:718897009	easy	A	A	True	True	False	0.9893	0.9893	0.00021863000000000093	0.988	186.6
easy:11296007	easy	G	G	True	False	True	0.992	0.992	0.00012641000000000014	0.991	167.8
none-narrower:44939003	none-narrower	none	none	True	False		0.9946	0.9946	5.725999999999957e-05	0.9939	180.0
hard:726707004	hard	C	C	True	True	True	0.9865	0.9865	0.00031525999999999885	0.9849	227.7
hard:63684002	hard	D	D	True	True	False	0.9725	0.9725	0.0013870099999999984	0.9691	150.2
easy:236811002	easy	E	E	True	True	False	0.9924	0.9924	0.00010970000000000077	0.9914	147.1
none-narrower:246762009	none-narrower	none	none	True	False		0.9998	0.9998	4.999999999999118e-08	0.9998	155.8
easy:72900001	easy	F	F	True	False	True	0.95	0.95	0.004835150000000005	0.9438	173.4
hard:230421008	hard	D	D	True	True	False	0.9739	0.9739	0.0013418100000000006	0.9706	172.0
hard:92788005	hard	B	B	True	True	False	0.9853	0.9853	0.00032718000000000135	0.9835	184.7
easy:126799003	easy	A	A	True	True	False	0.9922	0.9922	0.00011562000000000047	0.9912	173.8
easy:33982008	easy	A	A	True	False	True	0.9699	0.9699	0.001671880000000001	0.9661	178.1
none-narrower:93646002	none-narrower	none	none	True	False		0.999	0.999	2.000000000000002e-06	0.9989	188.9
gold-removed:431034009	gold-removed	none	none	True	False		0.9426	0.9426	0.004950610000000001	0.9354	164.2
easy:721843003	easy	C	C	True	True	False	0.9831	0.9831	0.0005678700000000008	0.9809	162.2
none-narrower:451981000124108	none-narrower	none	none	True	False		1.0	1.0	0.0	1.0	181.3
gold-removed:95333004	gold-removed	none	D	False	False		0.7249	0.2739	1.05270178	0.6905	171.8
none-narrower:1259079006	none-narrower	none	none	True	False		0.9998	0.9998	5.99999999999912e-08	0.9997	174.4
none-narrower:236631000	none-narrower	none	none	True	False		1.0	1.0	0.0	0.9999	160.4
hard:89242004	hard	G	G	True	True	True	0.9815	0.9815	0.0006322499999999985	0.9792	126.8
easy:432261003	easy	F	F	True	True	False	0.9936	0.9936	8.064999999999951e-05	0.9929	178.2
retrieval-miss:2689001	retrieval-miss	none	none	True	False	True	0.9999	0.9999	1.9999999999997797e-08	0.9999	222.0
retrieval-miss:717736007	retrieval-miss	none	none	True	False	True	0.9968	0.9968	1.585999999999988e-05	0.9964	207.2
hard:716859000	hard	D	D	True	False	True	0.9475	0.9475	0.004707459999999999	0.9409	210.8
hard:763376002	hard	G	G	True	True	False	0.9867	0.9867	0.0003408899999999994	0.985	228.7
hard:83799000	hard	F	F	True	False	True	0.9607	0.9607	0.00275787	0.9557	177.5
easy:18927009	easy	D	none	False	True	True	0.9999	0.0	1.99980002	0.9999	194.1
retrieval-miss:67256000	retrieval-miss	none	none	True	False	True	1.0	1.0	0.0	1.0	178.0
easy:715192004	easy	B	B	True	True	False	0.985	0.985	0.0003895200000000004	0.9831	194.5
none-narrower:1335794000	none-narrower	none	none	True	False		0.9997	0.9997	1.3999999999998018e-07	0.9996	190.8
none-narrower:336911000119104	none-narrower	none	none	True	False		1.0	1.0	0.0	1.0	177.8
gold-removed:116020001	gold-removed	none	none	True	False		0.9994	0.9994	4.400000000000539e-07	0.9993	160.7
easy:1654001	easy	F	F	True	False	True	0.9484	0.9484	0.0052535399999999975	0.942	169.5
hard:367489004	hard	E	E	True	True	False	0.9764	0.9764	0.001005539999999998	0.9734	194.3
none-narrower:334491000119108	none-narrower	none	none	True	False		0.9995	0.9995	4.999999999999449e-07	0.9995	158.1
gold-removed:766874001	gold-removed	none	none	True	False		0.9988	0.9988	2.0899999999999495e-06	0.9987	196.9
retrieval-miss:253042009	retrieval-miss	none	none	True	False	True	1.0	1.0	0.0	1.0	180.9
easy:725908007	easy	E	E	True	True	False	0.9849	0.9849	0.00045003	0.9831	209.6
hard:19092004	hard	B	B	True	True	False	0.9809	0.9809	0.0007146100000000003	0.9785	196.5
easy:44553005	easy	E	E	True	True	False	0.9834	0.9834	0.0005478199999999983	0.9813	194.1
none-narrower:285191000119103	none-narrower	none	none	True	False		0.9981	0.9981	5.8200000000000485e-06	0.9979	187.5
none-narrower:430969000	none-narrower	none	none	True	False		0.9995	0.9995	3.599999999999449e-07	0.9995	165.3
easy:187752007	easy	A	A	True	False	True	0.9681	0.9681	0.0018823600000000024	0.9641	167.7
hard:92428008	hard	G	G	True	True	False	0.9914	0.9914	0.0001445400000000009	0.9903	182.6
gold-removed:34417008	gold-removed	none	none	True	False		0.9998	0.9998	7.999999999999119e-08	0.9997	196.7
gold-removed:21061004	gold-removed	none	none	True	False		0.9999	0.9999	1.9999999999997797e-08	0.9999	176.1
hard:402356004	hard	H	H	True	False	True	0.995	0.995	4.808000000000004e-05	0.9944	167.3
none-narrower:416658003	none-narrower	none	none	True	False		1.0	1.0	0.0	1.0	161.1
none-narrower:11810261000119103	none-narrower	none	none	True	False		1.0	1.0	0.0	1.0	159.4
hard:763403007	hard	F	F	True	True	False	0.9502	0.9502	0.004861939999999995	0.9439	185.2
gold-removed:28826002	gold-removed	none	none	True	False		1.0	1.0	0.0	1.0	184.2
retrieval-miss:55852007	retrieval-miss	none	none	True	False	True	0.9976	0.9976	8.539999999999798e-06	0.9973	169.8
hard:254851009	hard	H	H	True	True	False	0.9882	0.9882	0.00020565000000000077	0.9868	193.6
gold-removed:276876007	gold-removed	none	none	True	False		0.9999	0.9999	1.9999999999997797e-08	0.9999	171.1
none-narrower:2851000119101	none-narrower	none	none	True	False		0.9977	0.9977	6.5899999999998564e-06	0.9974	173.3
hard:62151007	hard	A	A	True	True	True	0.9362	0.9362	0.007964939999999995	0.9282	183.1
none-narrower:187857006	none-narrower	none	none	True	False		0.9998	0.9998	5.99999999999912e-08	0.9997	177.9
easy:30369007	easy	A	A	True	True	False	0.9614	0.9614	0.0029722099999999977	0.9566	179.7
retrieval-miss:361115000	retrieval-miss	none	B	False	False	True	0.9915	0.0085	1.9661445000000002	0.9904	159.3
retrieval-miss:418279001	retrieval-miss	none	none	True	False	True	1.0	1.0	0.0	1.0	194.3
gold-removed:262461007	gold-removed	none	none	True	False		0.9999	0.9999	9.999999999997797e-09	0.9999	179.5
gold-removed:363466008	gold-removed	none	none	True	False		0.9967	0.9967	1.4149999999999798e-05	0.9963	177.7
retrieval-miss:95208000	retrieval-miss	none	none	True	False	True	0.9998	0.9998	4.999999999999118e-08	0.9998	171.2
hard:284449005	hard	A	A	True	True	True	0.5117	0.5117	0.41297953	0.4507	194.4
easy:253149002	easy	B	B	True	True	True	0.9525	0.9525	0.003505359999999998	0.9466	189.8
retrieval-miss:52542005	retrieval-miss	none	none	True	False	True	1.0	1.0	0.0	1.0	168.7
retrieval-miss:69550000	retrieval-miss	none	none	True	False	True	0.9991	0.9991	1.6200000000000213e-06	0.999	177.5
retrieval-miss:83652003	retrieval-miss	none	none	True	False	True	0.9997	0.9997	1.3999999999998018e-07	0.9996	198.0
gold-removed:128862000	gold-removed	none	none	True	False		0.9999	0.9999	1.9999999999997797e-08	0.9999	188.2
retrieval-miss:67988000	retrieval-miss	none	none	True	False	True	1.0	1.0	0.0	1.0	166.5
none-narrower:45062007	none-narrower	none	none	True	False		0.9997	0.9997	1.7999999999998017e-07	0.9996	143.6
none-narrower:339331000119102	none-narrower	none	none	True	False		0.9996	0.9996	3.2999999999996476e-07	0.9995	133.8
retrieval-miss:17653001	retrieval-miss	none	none	True	False	True	0.9999	0.9999	1.9999999999997797e-08	0.9998	174.3
easy:111524003	easy	A	A	True	False	True	0.8526	0.8526	0.042840939999999994	0.8341	138.8
retrieval-miss:44250009	retrieval-miss	none	none	True	False	True	1.0	1.0	0.0	1.0	171.7
easy:722476007	easy	D	D	True	False	True	0.9735	0.9735	0.0012438799999999982	0.9702	177.5
hard:363422006	hard	H	H	True	True	True	0.9867	0.9867	0.00034604999999999944	0.985	167.1
hard:83886009	hard	D	D	True	True	False	0.9812	0.9812	0.0007068800000000015	0.9788	192.6
gold-removed:763767006	gold-removed	none	none	True	False		1.0	1.0	0.0	1.0	207.5
retrieval-miss:95670000	retrieval-miss	none	none	True	False	True	0.9974	0.9974	1.3520000000000243e-05	0.9971	157.1
gold-removed:719136005	gold-removed	none	none	True	False		1.0	1.0	0.0	1.0	204.2
easy:45639009	easy	H	none	False	False	True	0.9993	0.0002	1.99820079	0.9992	177.2
hard:7699004	hard	C	C	True	True	False	0.9947	0.9947	5.4119999999999705e-05	0.994	162.8
easy:716091000	easy	D	D	True	True	False	0.959	0.959	0.0033375100000000027	0.9539	174.3
easy:237960000	easy	A	A	True	False	True	0.9756	0.9756	0.001052249999999999	0.9726	211.1
retrieval-miss:234638009	retrieval-miss	none	none	True	False	True	0.9992	0.9992	8.800000000000367e-07	0.9991	195.5
none-narrower:236382007	none-narrower	none	none	True	False		0.9563	0.9563	0.0028909299999999964	0.9509	156.7
hard:703199001	hard	G	G	True	False	True	0.9313	0.9313	0.009303789999999998	0.9227	150.8
gold-removed:52845002	gold-removed	none	none	True	False		0.9989	0.9989	1.8899999999999779e-06	0.9988	159.5
easy:78200003	easy	E	E	True	True	False	0.996	0.996	2.906000000000003e-05	0.9955	167.3
none-narrower:85461008	none-narrower	none	none	True	False		1.0	1.0	0.0	1.0	171.7
easy:76520005	easy	H	E	False	False	True	0.9903	0.0011	1.9785547799999998	0.9891	195.6
retrieval-miss:64233004	retrieval-miss	none	none	True	False	True	0.9971	0.9971	1.682000000000008e-05	0.9967	163.4
easy:68092007	easy	D	D	True	False	True	0.9527	0.9527	0.003627600000000001	0.9468	170.2
none-narrower:410484008	none-narrower	none	none	True	False		0.9999	0.9999	1.9999999999997797e-08	0.9999	148.9
none-narrower:198241002	none-narrower	none	none	True	False		0.9996	0.9996	2.5999999999996474e-07	0.9995	168.8
easy:12381000132107	easy	A	none	False	False	True	0.8792	0.1152	1.55588246	0.8641	174.7
hard:709018004	hard	A	A	True	False	True	0.977	0.977	0.000808190000000001	0.9741	178.1
gold-removed:68116008	gold-removed	none	none	True	False		1.0	1.0	0.0	1.0	150.4
easy:254986007	easy	G	E	False	True	True	0.7487	0.0552	1.48977035	0.7173	179.3
hard:83942000	hard	B	B	True	True	False	0.987	0.987	0.0003156700000000003	0.9853	175.1
gold-removed:719251009	gold-removed	none	none	True	False		1.0	1.0	0.0	1.0	181.1
none-narrower:94654006	none-narrower	none	none	True	False		0.9997	0.9997	1.2999999999998017e-07	0.9997	179.0
easy:763716008	easy	F	F	True	True	True	0.9872	0.9872	0.0003059800000000009	0.9856	165.6
hard:734031008	hard	A	A	True	True	False	0.9921	0.9921	0.00012326000000000028	0.9911	203.3
hard:17585008	hard	E	E	True	True	False	0.9866	0.9866	0.00034364999999999916	0.985	151.0
none-narrower:707607008	none-narrower	none	none	True	False		0.9911	0.9911	0.00015151000000000034	0.99	193.1
gold-removed:700467001	gold-removed	none	none	True	False		0.9999	0.9999	9.999999999997797e-09	0.9999	176.3
none-narrower:713299003	none-narrower	none	none	True	False		0.9998	0.9998	7.999999999999119e-08	0.9998	170.2
hard:25897000	hard	H	H	True	True	False	0.9912	0.9912	0.00015488000000000052	0.9901	177.8
retrieval-miss:16459000	retrieval-miss	none	none	True	False	True	1.0	1.0	0.0	1.0	169.9
easy:702447002	easy	G	G	True	True	False	0.9348	0.9348	0.008476050000000006	0.9267	197.9
none-narrower:27358001	none-narrower	none	none	True	False		0.9997	0.9997	1.2999999999998017e-07	0.9997	173.7
hard:267592003	hard	D	none	False	False	True	0.9351	0.0623	1.75369864	0.927	170.3
hard:768927001	hard	F	F	True	True	False	0.9752	0.9752	0.0010672400000000023	0.9721	213.4
none-narrower:1269531007	none-narrower	none	none	True	False		0.999	0.999	1.8200000000000018e-06	0.9989	169.8
hard:443719001	hard	G	G	True	True	True	0.9885	0.9885	0.00025550999999999894	0.987	180.6
none-narrower:66893008	none-narrower	none	none	True	False		0.7093	0.7093	0.16411942	0.6729	192.8
easy:23849003	easy	G	G	True	True	False	0.9916	0.9916	0.00013460999999999936	0.9906	158.9
hard:233913007	hard	G	G	True	True	True	0.9885	0.9885	0.00023719999999999896	0.987	166.9
hard:238080004	hard	A	A	True	True	False	0.93	0.93	0.007116779999999993	0.9212	198.8
none-narrower:43658003	none-narrower	none	E	False	False		0.73	0.2654	1.0725437299999996	0.6962	148.7
retrieval-miss:277921008	retrieval-miss	none	F	False	False	True	0.9897	0.0102	1.9592101400000002	0.9884	168.4
hard:363444001	hard	G	G	True	True	True	0.9656	0.9656	0.002198399999999999	0.9613	192.7
none-narrower:128211000119102	none-narrower	none	none	True	False		0.9959	0.9959	2.454999999999994e-05	0.9954	173.8
easy:56692003	easy	H	H	True	True	False	0.9841	0.9841	0.0004931300000000008	0.9821	221.4
none-narrower:246943004	none-narrower	none	none	True	False		0.9998	0.9998	4.999999999999118e-08	0.9998	150.4
easy:722375007	easy	H	H	True	True	False	0.9793	0.9793	0.0008569800000000022	0.9767	191.7
easy:699251001	easy	C	C	True	True	True	0.9758	0.9758	0.00113345	0.9728	176.5
easy:92415001	easy	D	D	True	False	True	0.9915	0.9915	0.00013957999999999918	0.9905	181.2
retrieval-miss:726543008	retrieval-miss	none	none	True	False	True	0.9999	0.9999	1.9999999999997797e-08	0.9999	157.3
easy:14070001000004105	easy	D	D	True	True	False	0.9827	0.9827	0.0005917099999999994	0.9805	198.6
easy:404160007	easy	B	B	True	False	True	0.9845	0.9845	0.0004594699999999987	0.9826	189.1
hard:200999007	hard	H	H	True	True	False	0.992	0.992	0.00012641000000000014	0.991	174.5
none-narrower:81531005	none-narrower	none	none	True	False		0.9991	0.9991	1.4500000000000215e-06	0.999	173.8
easy:1155842003	easy	H	H	True	True	False	0.9927	0.9927	0.0001065799999999996	0.9918	161.1
hard:253781004	hard	D	D	True	False	True	0.9554	0.9554	0.003067739999999997	0.9498	156.4
gold-removed:193570009	gold-removed	none	none	True	False		1.0	1.0	0.0	1.0	179.0
none-narrower:126682007	none-narrower	none	none	True	False		0.9998	0.9998	8.999999999999118e-08	0.9997	193.8
easy:707530009	easy	G	G	True	True	False	0.9621	0.9621	0.0028205000000000027	0.9573	173.6
hard:70405009	hard	G	G	True	True	False	0.9845	0.9845	0.00047740999999999875	0.9826	162.4
gold-removed:32595002	gold-removed	none	none	True	False		0.9998	0.9998	4.999999999999118e-08	0.9997	177.5
retrieval-miss:239873007	retrieval-miss	none	F	False	False	True	0.9584	0.0381	1.8437937300000002	0.9532	168.3
retrieval-miss:721887007	retrieval-miss	none	none	True	False	True	1.0	1.0	0.0	1.0	199.6
hard:255055008	hard	H	H	True	True	False	0.9535	0.9535	0.004049799999999998	0.9477	188.9
hard:194785008	hard	E	E	True	True	True	0.9917	0.9917	0.00011421999999999957	0.9906	132.9
gold-removed:40291001	gold-removed	none	none	True	False		0.9997	0.9997	1.3999999999998018e-07	0.9997	202.8
gold-removed:232064001	gold-removed	none	none	True	False		0.9978	0.9978	8.489999999999912e-06	0.9976	194.4
hard:93559003	hard	F	F	True	True	True	0.9701	0.9701	0.001729690000000002	0.9664	193.0
gold-removed:63480004	gold-removed	none	none	True	False		0.9998	0.9998	7.999999999999119e-08	0.9998	157.4
retrieval-miss:715414009	retrieval-miss	none	none	True	False	True	0.9995	0.9995	4.0999999999994493e-07	0.9995	195.2
retrieval-miss:64969001	retrieval-miss	none	none	True	False	True	0.9997	0.9997	1.7999999999998017e-07	0.9997	158.8
easy:237059008	easy	C	C	True	True	False	0.9872	0.9872	0.00031765000000000086	0.9856	210.8
none-narrower:410063006	none-narrower	none	A	False	False		0.9575	0.0415	1.8355288200000002	0.9522	143.0
hard:56453003	hard	C	C	True	False	True	0.45	0.45	0.49068763	0.3812	208.8
easy:44018007	easy	C	none	False	False	True	0.9989	0.0004	1.9970014700000003	0.9987	158.4
retrieval-miss:52674009	retrieval-miss	none	none	True	False	True	0.9999	0.9999	9.999999999997797e-09	0.9999	161.6
none-narrower:722922001	none-narrower	none	none	True	False		1.0	1.0	0.0	1.0	170.0
none-narrower:1259038005	none-narrower	none	E	False	False		0.9879	0.0097	1.95664219	0.9864	186.9
hard:403889000	hard	E	E	True	True	False	0.9822	0.9822	0.0005467100000000014	0.9799	197.7
easy:703524005	easy	E	E	True	True	True	0.9739	0.9739	0.0013366500000000006	0.9707	177.7
easy:447351004	easy	F	F	True	False	True	0.9634	0.9634	0.0020353299999999975	0.9588	202.0
retrieval-miss:719663005	retrieval-miss	none	none	True	False	True	0.9866	0.9866	0.00035121999999999915	0.9849	176.6
easy:192965001	easy	F	F	True	False	True	0.952	0.952	0.004513380000000004	0.946	168.2
none-narrower:300312006	none-narrower	none	none	True	False		0.9999	0.9999	1.9999999999997797e-08	0.9998	163.6
none-narrower:724608000	none-narrower	none	none	True	False		0.9999	0.9999	9.999999999997797e-09	0.9999	163.8
gold-removed:91038008	gold-removed	none	none	True	False		0.9995	0.9995	4.999999999999449e-07	0.9994	139.4
easy:716077006	easy	D	D	True	True	False	0.9929	0.9929	9.667999999999993e-05	0.992	190.0
hard:77478005	hard	E	E	True	False	True	0.9643	0.9643	0.0019833899999999963	0.9599	162.4
easy:28790007	easy	D	D	True	False	True	0.6959	0.6959	0.16184590000000001	0.6579	152.3
gold-removed:234478007	gold-removed	none	none	True	False		0.6121	0.6121	0.28676769	0.5636	209.3
hard:429033009	hard	G	none	False	True	True	0.5697	0.3925	0.6948706799999999	0.5159	181.5
easy:195136004	easy	E	none	False	False	True	0.9946	0.0053	1.9786572600000003	0.994	161.4
easy:95435007	easy	A	G	False	False	True	0.9268	0.0034	1.8570278999999998	0.9176	196.0
hard:17111003	hard	H	H	True	True	False	0.9944	0.9944	6.053000000000056e-05	0.9937	202.0
hard:55912009	hard	F	F	True	True	True	0.9813	0.9813	0.0006883000000000019	0.979	203.7
hard:720634003	hard	B	B	True	True	False	0.9624	0.9624	0.002613899999999997	0.9577	209.1
easy:126790004	easy	F	F	True	True	False	0.9911	0.9911	0.00015322000000000035	0.99	185.3
easy:25766007	easy	H	H	True	True	False	0.9916	0.9916	0.0001378099999999994	0.9906	150.5
easy:66758006	easy	B	B	True	True	True	0.9914	0.9914	0.0001254800000000009	0.9903	205.4
none-narrower:123977005	none-narrower	none	none	True	False		1.0	1.0	0.0	1.0	165.7
easy:717003001	easy	H	H	True	True	True	0.5508	0.5508	0.30200863000000006	0.4947	174.0
none-narrower:870285004	none-narrower	none	none	True	False		0.9995	0.9995	3.0999999999994494e-07	0.9995	163.9
hard:725167001	hard	B	G	False	False	True	0.9822	0.0021	1.96076153	0.98	200.3
hard:297278001	hard	E	none	False	True	True	0.9971	0.001	1.99221183	0.9967	197.4
easy:2251002	easy	G	G	True	True	True	0.9922	0.9922	0.00012014000000000046	0.9912	153.6
gold-removed:190808009	gold-removed	none	none	True	False		0.9998	0.9998	4.999999999999118e-08	0.9998	169.2
easy:372105009	easy	E	E	True	True	False	0.9943	0.9943	5.139000000000043e-05	0.9936	175.7
hard:197585004	hard	B	B	True	False	True	0.7664	0.7664	0.10482969000000002	0.7372	159.1
easy:126859007	easy	H	H	True	True	False	0.9948	0.9948	5.305999999999982e-05	0.9942	180.2
easy:723362004	easy	C	C	True	True	False	0.9649	0.9649	0.0017689900000000015	0.9605	168.6
easy:230422001	easy	B	B	True	True	True	0.869	0.869	0.03147318	0.8526	177.5
hard:403824007	hard	F	F	True	True	False	0.9741	0.9741	0.0012768600000000016	0.9708	197.7
none-narrower:61301000119102	none-narrower	none	none	True	False		0.9943	0.9943	6.0640000000000436e-05	0.9936	175.9
easy:189197001	easy	G	G	True	True	False	0.9885	0.9885	0.0002578499999999989	0.987	163.6
easy:49455004	easy	E	E	True	False	True	0.9798	0.9798	0.0008160799999999998	0.9773	159.3
hard:34566007	hard	D	D	True	True	True	0.7997	0.7997	0.07862616000000001	0.7747	192.3
hard:13394002	hard	H	H	True	True	False	0.9869	0.9869	0.00034061	0.9853	181.3
retrieval-miss:414173003	retrieval-miss	none	none	True	False	True	0.9992	0.9992	1.1300000000000366e-06	0.9991	192.4
gold-removed:90505000	gold-removed	none	none	True	False		0.9604	0.9604	0.0020944899999999975	0.9555	190.5
retrieval-miss:22542007	retrieval-miss	none	none	True	False	True	0.9945	0.9945	4.8549999999999445e-05	0.9938	197.4
easy:363353009	easy	D	D	True	True	True	0.9672	0.9672	0.0019557200000000032	0.9631	176.0
easy:441456002	easy	G	G	True	True	False	0.9971	0.9971	1.6250000000000077e-05	0.9967	160.1
easy:18241005	easy	B	B	True	True	False	0.9934	0.9934	8.094000000000067e-05	0.9926	147.7
easy:233621003	easy	G	G	True	True	False	0.982	0.982	0.0005949300000000007	0.9798	173.0
easy:240063002	easy	A	A	True	True	False	0.7606	0.7606	0.10028943999999998	0.7307	223.9
easy:92413008	easy	F	F	True	True	True	0.9881	0.9881	0.00027391000000000047	0.9866	176.7
easy:764694005	easy	B	B	True	True	False	0.986	0.986	0.00036826000000000035	0.9842	207.6
gold-removed:15170009	gold-removed	none	none	True	False		0.9999	0.9999	1.9999999999997797e-08	0.9999	161.9
easy:83911000119104	easy	E	E	True	False	True	0.5626	0.5626	0.37601861000000003	0.508	127.8
none-narrower:866045007	none-narrower	none	none	True	False		0.9999	0.9999	1.9999999999997797e-08	0.9998	158.0
hard:417093003	hard	E	E	True	True	True	0.9556	0.9556	0.0038642599999999996	0.95	177.0
none-narrower:431855005	none-narrower	none	none	True	False		0.9999	0.9999	1.9999999999997797e-08	0.9999	155.1
easy:235073000	easy	G	none	False	False	True	0.8423	0.0745	1.57183369	0.8226	172.6
hard:716663009	hard	B	B	True	True	False	0.9748	0.9748	0.00120194	0.9717	176.5
easy:719378009	easy	E	E	True	True	False	0.9518	0.9518	0.004636850000000001	0.9458	211.3
none-narrower:92571001	none-narrower	none	none	True	False		0.9999	0.9999	1.9999999999997797e-08	0.9999	169.9
retrieval-miss:67854007	retrieval-miss	none	none	True	False	True	0.9942	0.9942	4.6820000000000314e-05	0.9935	195.4
hard:87730004	hard	F	F	True	True	False	0.9873	0.9873	0.00030565000000000117	0.9858	166.2
easy:716249009	easy	E	E	True	True	True	0.9575	0.9575	0.003456729999999998	0.9522	176.9
hard:267532001	hard	H	H	True	False	True	0.7382	0.7382	0.13588232	0.7054	135.6
hard:254069004	hard	C	C	True	True	False	0.9622	0.9622	0.002769059999999996	0.9575	171.8
none-narrower:56090007	none-narrower	none	E	False	False		0.983	0.0157	1.93513615	0.9809	213.0
hard:410041002	hard	G	G	True	True	False	0.9917	0.9917	0.00012998999999999956	0.9906	178.1
easy:40956001	easy	C	C	True	True	False	0.9861	0.9861	0.00038092000000000063	0.9844	194.5
retrieval-miss:711265009	retrieval-miss	none	none	True	False	True	0.9997	0.9997	1.3999999999998018e-07	0.9996	177.8
none-narrower:53284008	none-narrower	none	none	True	False		0.9997	0.9997	1.7999999999998017e-07	0.9997	167.1
easy:715374003	easy	G	G	True	True	True	0.9365	0.9365	0.00686824	0.9286	182.1
retrieval-miss:59252009	retrieval-miss	none	C	False	False	True	0.932	0.0597	1.75285533	0.9235	200.3
retrieval-miss:197352008	retrieval-miss	none	none	True	False	True	1.0	1.0	0.0	1.0	159.2
none-narrower:68361004	none-narrower	none	none	True	False		0.9998	0.9998	4.999999999999118e-08	0.9998	195.2
gold-removed:726349006	gold-removed	none	none	True	False		0.9948	0.9948	4.616999999999982e-05	0.9941	146.5
easy:711163009	easy	B	B	True	True	False	0.9933	0.9933	8.978000000000054e-05	0.9925	190.6
none-narrower:425756000	none-narrower	none	none	True	False		0.9367	0.9367	0.0065186700000000024	0.9288	162.4
easy:398036000	easy	G	H	False	False	True	0.9703	0.0146	1.9127057900000002	0.9666	170.9
easy:69134001	easy	G	G	True	True	False	0.9404	0.9404	0.0070332999999999975	0.933	153.7
none-narrower:85209005	none-narrower	none	none	True	False		1.0	1.0	0.0	1.0	167.1
gold-removed:67873006	gold-removed	none	none	True	False		1.0	1.0	0.0	1.0	203.7
hard:7393007	hard	B	B	True	False	True	0.9728	0.9728	0.00137688	0.9694	152.7
none-narrower:1254886004	none-narrower	none	none	True	False		0.9968	0.9968	1.6079999999999877e-05	0.9964	147.4
hard:61738006	hard	D	D	True	True	False	0.9808	0.9808	0.0007185799999999998	0.9784	179.7
easy:236740006	easy	C	C	True	False	True	0.9922	0.9922	0.00012014000000000046	0.9912	169.3
hard:403426003	hard	H	H	True	True	False	0.9938	0.9938	7.56499999999998e-05	0.993	149.6
none-narrower:720979002	none-narrower	none	D	False	False		0.9448	0.0517	1.7919275	0.9379	189.5
hard:186437007	hard	G	G	True	False	True	0.9545	0.9545	0.003913839999999998	0.9488	156.1
hard:134031000119108	hard	B	B	True	True	True	0.9812	0.9812	0.0006745000000000015	0.9788	177.0
easy:95643007	easy	G	G	True	True	False	0.9891	0.9891	0.00022922000000000047	0.9878	173.4
gold-removed:717183001	gold-removed	none	none	True	False		0.7941	0.7941	0.08446094999999999	0.7684	189.3
easy:72991005	easy	B	B	True	True	True	0.9875	0.9875	0.0003075799999999989	0.9859	142.5
retrieval-miss:71444005	retrieval-miss	none	none	True	False	True	0.9901	0.9901	0.0001884200000000004	0.9888	169.7
easy:400178008	easy	G	G	True	True	False	0.9921	0.9921	0.0001104300000000003	0.9911	160.2
none-narrower:688271000119100	none-narrower	none	none	True	False		0.9974	0.9974	1.0460000000000242e-05	0.9971	194.6
hard:698251009	hard	C	C	True	True	True	0.9788	0.9788	0.0008662499999999998	0.9761	167.6
retrieval-miss:445507008	retrieval-miss	none	none	True	False	True	0.9997	0.9997	1.7999999999998017e-07	0.9997	170.2
hard:363478007	hard	H	H	True	True	True	0.9909	0.9909	0.00015057999999999998	0.9897	185.8
hard:297232009	hard	G	G	True	True	False	0.9809	0.9809	0.0007182600000000003	0.9785	191.1
none-narrower:1177049006	none-narrower	none	none	True	False		0.9986	0.9986	3.929999999999879e-06	0.9984	179.0
easy:50967008	easy	A	A	True	True	False	0.9944	0.9944	6.053000000000056e-05	0.9937	162.2
hard:302162004	hard	E	E	True	True	False	0.9848	0.9848	0.0004415799999999998	0.9829	149.3
easy:45339001	easy	A	A	True	True	False	0.975	0.975	0.001173850000000001	0.9719	169.8
easy:419097006	easy	A	A	True	True	False	0.9917	0.9917	0.00013613999999999957	0.9907	190.2
none-narrower:64634000	none-narrower	none	none	True	False		0.9997	0.9997	1.3999999999998018e-07	0.9997	161.8
easy:92175003	easy	G	G	True	True	False	0.9806	0.9806	0.0007338299999999989	0.9782	193.6
none-narrower:21420006	none-narrower	none	none	True	False		0.9999	0.9999	9.999999999997797e-09	0.9999	168.0
retrieval-miss:36803009	retrieval-miss	none	F	False	False	True	0.9782	0.0212	1.9149247699999998	0.9755	183.1
hard:2576002	hard	G	G	True	False	True	0.7822	0.7822	0.08413673999999999	0.755	179.2
easy:458432002	easy	E	E	True	True	False	0.9917	0.9917	0.00012577999999999954	0.9907	180.7
none-narrower:609464004	none-narrower	none	none	True	False		0.9997	0.9997	1.3999999999998018e-07	0.9997	163.5
easy:1059007	easy	E	E	True	True	False	0.985	0.985	0.0004470100000000004	0.9832	196.9
retrieval-miss:717182006	retrieval-miss	none	none	True	False	True	0.9999	0.9999	1.9999999999997797e-08	0.9999	214.2
easy:26037005	easy	D	D	True	False	True	0.6668	0.6668	0.22118107	0.6252	148.6
hard:47125007	hard	E	E	True	True	False	0.9969	0.9969	1.860999999999995e-05	0.9965	170.9
none-narrower:449782007	none-narrower	none	none	True	False		1.0	1.0	0.0	1.0	179.0
easy:719838008	easy	B	B	True	False	True	0.9207	0.9207	0.010775850000000005	0.9108	176.7
hard:128870005	hard	E	E	True	False	True	0.9554	0.9554	0.003775759999999998	0.9499	167.1
easy:186312003	easy	C	none	False	True	False	0.9998	0.0002	1.99920008	0.9997	190.9
gold-removed:715391004	gold-removed	none	none	True	False		0.9896	0.9896	0.00016888999999999926	0.9883	176.0
hard:2946003	hard	D	D	True	False	True	0.9825	0.9825	0.0005953599999999986	0.9803	159.4
hard:274864009	hard	G	G	True	True	True	0.9511	0.9511	0.0046577700000000055	0.945	216.6
easy:54280009	easy	G	G	True	True	False	0.9689	0.9689	0.0019220400000000012	0.965	170.4
none-narrower:81704009	none-narrower	none	none	True	False		0.8995	0.8995	0.019573370000000007	0.8869	187.5
retrieval-miss:702949005	retrieval-miss	none	none	True	False	True	1.0	1.0	0.0	1.0	217.9
hard:373905003	hard	B	B	True	True	True	0.9779	0.9779	0.0008490900000000005	0.9752	176.3
retrieval-miss:277574007	retrieval-miss	none	none	True	False	True	0.9989	0.9989	1.8999999999999778e-06	0.9987	180.1
hard:92668003	hard	H	H	True	True	False	0.9947	0.9947	5.31799999999997e-05	0.9941	176.4
hard:88687001	hard	E	E	True	False	True	0.7755	0.7755	0.09687664000000001	0.7474	172.0
easy:190794006	easy	C	C	True	False	True	0.9888	0.9888	0.0002400399999999997	0.9874	194.6
easy:16784003	easy	C	none	False	False	True	0.9503	0.0481	1.8091845599999998	0.9441	157.3
hard:18504008	hard	D	D	True	True	False	0.978	0.978	0.0009172600000000009	0.9753	207.6
gold-removed:234500001	gold-removed	none	none	True	False		0.9993	0.9993	7.500000000000475e-07	0.9992	175.5
easy:265798000	easy	G	G	True	False	True	0.9537	0.9537	0.00385994	0.9479	161.1
none-narrower:202918005	none-narrower	none	none	True	False		0.9993	0.9993	9.800000000000474e-07	0.9992	166.6
gold-removed:765141005	gold-removed	none	none	True	False		0.9999	0.9999	9.999999999997797e-09	0.9999	196.2
none-narrower:233696002	none-narrower	none	none	True	False		1.0	1.0	0.0	1.0	198.4
hard:403818001	hard	F	F	True	True	False	0.9876	0.9876	0.0002955299999999992	0.9861	177.5
none-narrower:285251000119101	none-narrower	none	B	False	False		0.8742	0.1072	1.56142472	0.8585	170.7
easy:36989005	easy	H	H	True	True	False	0.5083	0.5083	0.48294846	0.4468	190.9
hard:763632004	hard	G	G	True	False	True	0.9721	0.9721	0.001448060000000002	0.9686	169.8
hard:92059004	hard	G	G	True	True	False	0.9872	0.9872	0.00030362000000000086	0.9856	157.2
easy:389203001	easy	B	B	True	True	False	0.9415	0.9415	0.00515454	0.9342	193.1
retrieval-miss:18718003	retrieval-miss	none	none	True	False	True	1.0	1.0	0.0	1.0	158.5
none-narrower:710360007	none-narrower	none	none	True	False		0.9999	0.9999	1.9999999999997797e-08	0.9999	150.9
gold-removed:47014000	gold-removed	none	none	True	False		0.9996	0.9996	3.1999999999996475e-07	0.9996	158.2
hard:37785001	hard	E	E	True	True	False	0.9822	0.9822	0.0006301400000000014	0.9799	171.1
hard:237877004	hard	G	G	True	True	False	0.9763	0.9763	0.0011093400000000025	0.9733	192.0
easy:304603007	easy	H	H	True	True	False	0.9875	0.9875	0.00030273999999999893	0.986	191.8
hard:93948004	hard	E	none	False	True	True	0.9929	0.0059	1.97408666	0.992	167.1
hard:430042004	hard	F	none	False	True	False	0.9488	0.0498	1.80310296	0.9424	173.1
hard:254062008	hard	H	H	True	True	False	0.9746	0.9746	0.001270219999999999	0.9714	202.6
hard:725392005	hard	G	A	False	False	True	0.9487	0.0137	1.8742033999999999	0.9423	184.0
easy:229752008	easy	D	none	False	False	True	0.9092	0.0895	1.65565561	0.8979	164.0
easy:14386001	easy	F	F	True	True	False	0.9692	0.9692	0.0018789000000000032	0.9654	179.5
none-narrower:276646003	none-narrower	none	none	True	False		0.9915	0.9915	0.00011343999999999918	0.9904	168.6
retrieval-miss:448015002	retrieval-miss	none	none	True	False	True	0.9999	0.9999	9.999999999997797e-09	0.9999	160.6
none-narrower:188247000	none-narrower	none	none	True	False		0.9999	0.9999	1.9999999999997797e-08	0.9999	157.1
easy:254180002	easy	B	B	True	True	False	0.9828	0.9828	0.0005848599999999998	0.9806	212.5
easy:766928004	easy	E	E	True	True	True	0.9808	0.9808	0.0007184299999999998	0.9784	195.6
none-narrower:230174006	none-narrower	none	none	True	False		0.9998	0.9998	7.999999999999119e-08	0.9998	178.1
gold-removed:255184001	gold-removed	none	none	True	False		0.9997	0.9997	1.3999999999998018e-07	0.9996	171.3
retrieval-miss:62628008	retrieval-miss	none	C	False	False	True	0.9848	0.0136	1.9428167500000002	0.9829	177.4
gold-removed:25792000	gold-removed	none	none	True	False		1.0	1.0	0.0	1.0	191.5
easy:127024001	easy	F	F	True	True	False	0.9824	0.9824	0.0006056499999999982	0.9802	191.6
hard:13534001	hard	F	none	False	True	False	0.963	0.0366	1.85550872	0.9583	176.0
gold-removed:70020005	gold-removed	none	none	True	False		1.0	1.0	0.0	1.0	177.8
hard:198029003	hard	A	A	True	True	False	0.993	0.993	9.02200000000001e-05	0.9921	166.7
easy:6631009	easy	H	H	True	False	True	0.9215	0.9215	0.012199800000000004	0.9117	190.1
retrieval-miss:403910009	retrieval-miss	none	none	True	False	True	0.9998	0.9998	7.999999999999119e-08	0.9997	175.6
hard:399072004	hard	E	E	True	True	True	0.9834	0.9834	0.0005318099999999982	0.9814	148.5
gold-removed:82323002	gold-removed	none	none	True	False		0.9983	0.9983	4.740000000000118e-06	0.9981	155.3
hard:254167000	hard	F	F	True	False	True	0.9462	0.9462	0.005746099999999995	0.9394	161.4
hard:72925005	hard	G	none	False	False	True	0.8716	0.127	1.52181665	0.8556	191.5
hard:703219008	hard	C	C	True	True	True	0.9626	0.9626	0.0022511699999999994	0.9579	212.1
easy:254052001	easy	G	G	True	False	True	0.9241	0.9241	0.010829559999999995	0.9146	180.4
none-narrower:403933005	none-narrower	none	none	True	False		0.9996	0.9996	3.1999999999996475e-07	0.9996	170.6
retrieval-miss:239011004	retrieval-miss	none	none	True	False	True	0.9999	0.9999	9.999999999997797e-09	0.9999	193.9
easy:67782005	easy	G	F	False	False	True	0.8696	0.0526	1.65942784	0.8533	176.0
hard:237946002	hard	H	H	True	False	True	0.9702	0.9702	0.001685840000000003	0.9665	223.4
easy:204036008	easy	F	F	True	True	False	0.9612	0.9612	0.0028678199999999958	0.9564	178.2
easy:93870000	easy	C	C	True	True	True	0.9961	0.9961	2.762000000000011e-05	0.9956	185.5
none-narrower:149941000119100	none-narrower	none	none	True	False		0.9946	0.9946	4.6389999999999574e-05	0.994	152.8
gold-removed:766815007	gold-removed	none	none	True	False		0.9992	0.9992	1.2800000000000367e-06	0.9991	190.7
none-narrower:402925001	none-narrower	none	none	True	False		0.9999	0.9999	1.9999999999997797e-08	0.9999	157.9
easy:57219006	easy	G	B	False	False	True	0.9783	0.0	1.95743866	0.9755	176.3
hard:254157005	hard	D	H	False	False	True	0.9939	0.0018	1.98425894	0.9932	179.3
none-narrower:403129004	none-narrower	none	none	True	False		1.0	1.0	0.0	1.0	152.3
none-narrower:52042003	none-narrower	none	none	True	False		0.9976	0.9976	1.1519999999999797e-05	0.9973	175.2
easy:128333008	easy	A	A	True	True	False	0.988	0.988	0.00026101000000000027	0.9865	152.7
none-narrower:255051004	none-narrower	none	none	True	False		0.9908	0.9908	0.00015418999999999974	0.9896	170.5
easy:389272007	easy	E	E	True	True	False	0.9853	0.9853	0.0004263600000000014	0.9835	161.5
retrieval-miss:102878001	retrieval-miss	none	none	True	False	True	1.0	1.0	0.0	1.0	194.1
hard:717052002	hard	E	E	True	True	False	0.9838	0.9838	0.0005090199999999998	0.9818	179.1
retrieval-miss:237886009	retrieval-miss	none	none	True	False	True	0.999	0.999	2.000000000000002e-06	0.9988	156.2
retrieval-miss:235919008	retrieval-miss	none	none	True	False	True	1.0	1.0	0.0	1.0	158.9
hard:254096001	hard	C	C	True	True	False	0.996	0.996	3.122000000000003e-05	0.9954	177.5
easy:59276001	easy	H	H	True	False	True	0.9485	0.9485	0.0053044999999999985	0.9421	158.8
gold-removed:88233000	gold-removed	none	none	True	False		1.0	1.0	0.0	1.0	167.1
easy:717014003	easy	F	F	True	True	False	0.9726	0.9726	0.001432349999999999	0.9691	235.4
retrieval-miss:269476000	retrieval-miss	none	none	True	False	True	0.999	0.999	1.5000000000000017e-06	0.9988	174.7
easy:56048001	easy	C	C	True	False	True	0.9964	0.9964	2.5210000000000343e-05	0.996	174.7
easy:45142002	easy	B	B	True	True	False	0.986	0.986	0.00039200000000000037	0.9842	181.0
none-narrower:335561000119101	none-narrower	none	none	True	False		0.9999	0.9999	1.9999999999997797e-08	0.9999	165.1
hard:61094002	hard	A	A	True	True	False	0.9946	0.9946	5.831999999999958e-05	0.9939	208.8
easy:197260007	easy	A	A	True	False	True	0.982	0.982	0.0005585800000000006	0.9798	165.1
hard:363481002	hard	G	G	True	True	True	0.9719	0.9719	0.0015515300000000008	0.9684	195.9
retrieval-miss:230687001	retrieval-miss	none	none	True	False	True	0.9996	0.9996	2.399999999999648e-07	0.9996	177.9
easy:29227009	easy	G	G	True	True	False	0.9951	0.9951	4.611000000000015e-05	0.9945	165.0
retrieval-miss:30865009	retrieval-miss	none	none	True	False	True	0.9999	0.9999	1.9999999999997797e-08	0.9999	168.5
hard:128207002	hard	C	D	False	True	False	0.5722	0.3612	0.7398739900000001	0.5187	168.0
hard:233858000	hard	A	A	True	True	True	0.9842	0.9842	0.00040816000000000116	0.9823	172.0
retrieval-miss:277475006	retrieval-miss	none	none	True	False	True	1.0	1.0	0.0	1.0	186.5
hard:363352004	hard	E	E	True	True	False	0.9887	0.9887	0.0002487899999999995	0.9873	165.5
hard:65814009	hard	D	D	True	True	False	0.9923	0.9923	0.00011557000000000063	0.9913	158.5
none-narrower:426370008	none-narrower	none	none	True	False		0.9997	0.9997	1.3999999999998018e-07	0.9997	198.7
none-narrower:39625001	none-narrower	none	none	True	False		0.9999	0.9999	1.9999999999997797e-08	0.9999	181.4
none-narrower:271386001	none-narrower	none	none	True	False		0.9997	0.9997	1.3999999999998018e-07	0.9997	190.9
easy:63844009	easy	F	F	True	True	False	0.9274	0.9274	0.010469239999999998	0.9183	205.4
easy:254957009	easy	B	B	True	False	True	0.9504	0.9504	0.0042151299999999975	0.9442	210.3
hard:397734008	hard	G	G	True	True	False	0.8251	0.8251	0.06052038000000001	0.8033	186.2
gold-removed:80126007	gold-removed	none	none	True	False		1.0	1.0	0.0	1.0	188.9
hard:36874002	hard	E	E	True	True	False	0.9784	0.9784	0.000887259999999998	0.9757	157.6
easy:92058007	easy	F	F	True	True	True	0.9946	0.9946	5.425999999999957e-05	0.9939	169.2
none-narrower:268651002	none-narrower	none	none	True	False		0.9996	0.9996	2.5999999999996474e-07	0.9996	133.5
gold-removed:312491004	gold-removed	none	none	True	False		0.9999	0.9999	1.9999999999997797e-08	0.9999	179.6
easy:110004001	easy	A	A	True	True	False	0.9773	0.9773	0.0009784400000000023	0.9745	222.0
hard:398796005	hard	B	B	True	True	False	0.9003	0.9003	0.018696130000000002	0.8879	180.2
hard:302161006	hard	B	B	True	True	False	0.9951	0.9951	4.3620000000000155e-05	0.9945	136.5
hard:191169008	hard	F	C	False	False	True	0.9628	0.0003	1.9269616400000003	0.9581	195.0
gold-removed:608817003	gold-removed	none	none	True	False		0.9869	0.9869	0.00034322000000000004	0.9853	180.4
easy:303012000	easy	H	none	False	True	False	0.9929	0.0004	1.98509681	0.992	176.2
hard:719012009	hard	E	E	True	True	False	0.855	0.855	0.04061031	0.8368	180.6
hard:269533000	hard	D	D	True	True	False	0.9944	0.9944	5.745000000000056e-05	0.9936	152.2
easy:397015000	easy	H	H	True	True	False	0.9589	0.9589	0.003305780000000002	0.9537	193.6
none-narrower:232245002	none-narrower	none	none	True	False		0.9999	0.9999	1.9999999999997797e-08	0.9999	167.5
retrieval-miss:129154003	retrieval-miss	none	C	False	False	True	0.9896	0.0101	1.9592102200000001	0.9883	191.9
gold-removed:359732009	gold-removed	none	none	True	False		0.9999	0.9999	9.999999999997797e-09	0.9999	209.0
gold-removed:706885006	gold-removed	none	none	True	False		0.9938	0.9938	5.237999999999979e-05	0.993	219.4
none-narrower:192051000	none-narrower	none	none	True	False		0.9999	0.9999	1.9999999999997797e-08	0.9999	158.3
gold-removed:716588005	gold-removed	none	H	False	False		0.9136	0.0803	1.6805270599999997	0.9028	219.2
hard:721881008	hard	G	none	False	True	False	0.9814	0.0183	1.9268808800000001	0.9791	218.0
gold-removed:360375007	gold-removed	none	none	True	False		1.0	1.0	0.0	1.0	136.9
none-narrower:1258979003	none-narrower	none	none	True	False		0.9988	0.9988	2.2399999999999493e-06	0.9986	212.5
easy:56787009	easy	B	B	True	False	True	0.9829	0.9829	0.0005647900000000001	0.9807	169.0
none-narrower:235986006	none-narrower	none	none	True	False		0.9998	0.9998	5.99999999999912e-08	0.9998	155.4
retrieval-miss:56038003	retrieval-miss	none	none	True	False	True	0.9999	0.9999	1.9999999999997797e-08	0.9998	149.6
retrieval-miss:716649003	retrieval-miss	none	A	False	False	True	0.949	0.0318	1.8382673999999999	0.9427	197.1
hard:723096000	hard	B	B	True	True	True	0.9935	0.9935	8.449999999999934e-05	0.9926	147.4
none-narrower:337871000119100	none-narrower	none	none	True	False		0.9998	0.9998	7.999999999999119e-08	0.9997	125.3
retrieval-miss:234477002	retrieval-miss	none	none	True	False	True	1.0	1.0	0.0	1.0	196.1
easy:50189006	easy	D	none	False	False	True	0.7956	0.1371	1.3803815799999999	0.77	148.7
retrieval-miss:403780007	retrieval-miss	none	none	True	False	True	0.9599	0.9599	0.003061760000000002	0.9548	183.7
easy:39912006	easy	F	F	True	True	False	0.9885	0.9885	0.00025770999999999894	0.9871	217.8
none-narrower:93829002	none-narrower	none	none	True	False		0.995	0.995	4.805000000000004e-05	0.9944	177.9
hard:22451001	hard	C	C	True	True	True	0.9864	0.9864	0.0003618899999999985	0.9847	162.3
easy:124275001	easy	E	E	True	True	False	0.9568	0.9568	0.003541870000000001	0.9514	191.7
hard:126833009	hard	C	C	True	True	False	0.9839	0.9839	0.0004966200000000001	0.9819	156.8
none-narrower:75548002	none-narrower	none	none	True	False		0.9998	0.9998	7.999999999999119e-08	0.9997	170.9
hard:717821004	hard	G	G	True	True	False	0.969	0.969	0.0017925600000000016	0.9651	202.4
gold-removed:254877001	gold-removed	none	none	True	False		0.9998	0.9998	4.999999999999118e-08	0.9998	172.7
gold-removed:726702005	gold-removed	none	none	True	False		0.9823	0.9823	0.0004019500000000017	0.9801	194.4
retrieval-miss:254064009	retrieval-miss	none	none	True	False	True	0.9977	0.9977	7.1999999999998565e-06	0.9974	168.8
easy:39288006	easy	C	C	True	False	True	0.9629	0.9629	0.0021590900000000015	0.9583	162.6
easy:62311004	easy	C	C	True	True	True	0.4963	0.4963	0.49106087000000004	0.4333	188.8
hard:255084004	hard	F	F	True	True	True	0.5232	0.5232	0.37747526000000003	0.4636	174.1
hard:762282007	hard	C	C	True	False	True	0.9665	0.9665	0.002224529999999998	0.9624	188.6
easy:276860003	easy	B	B	True	True	False	0.9929	0.9929	9.172999999999994e-05	0.992	179.5
hard:33958003	hard	H	H	True	True	False	0.996	0.996	3.200000000000003e-05	0.9955	162.6
none-narrower:237782001	none-narrower	none	none	True	False		1.0	1.0	0.0	1.0	177.2
retrieval-miss:23687008	retrieval-miss	none	none	True	False	True	0.9999	0.9999	1.9999999999997797e-08	0.9999	180.1
easy:720414005	easy	G	G	True	False	True	0.9466	0.9466	0.00528265	0.9399	189.4
hard:195021004	hard	F	none	False	True	False	0.9902	0.0067	1.9671460799999998	0.9889	176.3
hard:363436001	hard	E	E	True	True	True	0.9683	0.9683	0.0018624599999999968	0.9644	170.9
easy:92083007	easy	B	B	True	True	True	0.996	0.996	3.122000000000003e-05	0.9955	170.7
retrieval-miss:398768004	retrieval-miss	none	B	False	False	True	0.9457	0.0515	1.7940085799999999	0.9389	203.0
none-narrower:52897009	none-narrower	none	none	True	False		0.9999	0.9999	1.9999999999997797e-08	0.9999	194.5
none-narrower:29340001000004108	none-narrower	none	none	True	False		0.9998	0.9998	7.999999999999119e-08	0.9998	159.3
easy:404077005	easy	H	H	True	True	False	0.9615	0.9615	0.0028962699999999985	0.9567	170.4
easy:51500006	easy	B	B	True	True	False	0.9004	0.9004	0.015779120000000004	0.8879	159.8
retrieval-miss:82639001	retrieval-miss	none	G	False	False	True	0.9857	0.0141	1.94360339	0.9839	174.8
hard:4760008	hard	H	H	True	True	False	0.9931	0.9931	8.096000000000024e-05	0.9923	170.2
gold-removed:91478007	gold-removed	none	none	True	False		0.9986	0.9986	2.749999999999879e-06	0.9984	163.0
hard:126485001	hard	D	D	True	True	False	0.9949	0.9949	5.1009999999999933e-05	0.9942	164.2
gold-removed:314270008	gold-removed	none	none	True	False		0.999	0.999	1.3800000000000018e-06	0.9989	168.4
easy:57917004	easy	C	C	True	True	False	0.9938	0.9938	6.630999999999979e-05	0.993	194.0
hard:703403003	hard	B	B	True	False	True	0.9753	0.9753	0.0012103600000000028	0.9722	186.2
easy:30496006	easy	C	none	False	False	True	0.9458	0.0526	1.79210666	0.9391	179.0
easy:402525008	easy	C	C	True	True	False	0.896	0.896	0.021180939999999995	0.883	168.4
hard:719209002	hard	B	B	True	True	False	0.9926	0.9926	0.00010804999999999944	0.9917	209.9
easy:721094006	easy	H	H	True	True	False	0.9681	0.9681	0.0020225100000000025	0.9642	215.4
hard:91612009	hard	E	E	True	True	False	0.9712	0.9712	0.001636070000000003	0.9676	126.9
none-narrower:1187464007	none-narrower	none	E	False	False		0.9733	0.0252	1.8975494200000003	0.97	174.7
hard:17025000	hard	C	C	True	False	True	0.9701	0.9701	0.0017071600000000023	0.9664	197.7
none-narrower:427910000	none-narrower	none	none	True	False		0.9998	0.9998	4.999999999999118e-08	0.9998	148.4
gold-removed:49049000	gold-removed	none	none	True	False		1.0	1.0	0.0	1.0	169.6
hard:57863006	hard	E	E	True	True	False	0.985	0.985	0.0004411100000000004	0.9832	179.2
gold-removed:26899006	gold-removed	none	none	True	False		0.9998	0.9998	4.999999999999118e-08	0.9998	169.2
none-narrower:15959101000119103	none-narrower	none	none	True	False		0.9998	0.9998	5.99999999999912e-08	0.9998	193.9
gold-removed:404064001	gold-removed	none	none	True	False		1.0	1.0	0.0	1.0	187.7
hard:254838004	hard	A	A	True	True	False	0.9891	0.9891	0.00021380000000000045	0.9877	167.0
easy:363494000	easy	G	G	True	True	True	0.9852	0.9852	0.00042363000000000107	0.9833	164.3
none-narrower:368721000119104	none-narrower	none	none	True	False		0.9991	0.9991	1.6200000000000213e-06	0.9989	161.9
hard:31220004	hard	B	B	True	True	False	0.9722	0.9722	0.0014861900000000027	0.9688	192.7
none-narrower:190471009	none-narrower	none	none	True	False		1.0	1.0	0.0	1.0	150.1
gold-removed:26538006	gold-removed	none	none	True	False		0.9996	0.9996	2.5999999999996474e-07	0.9996	159.8
hard:204431007	hard	B	B	True	True	False	0.9793	0.9793	0.0008569800000000022	0.9767	165.2
gold-removed:48500005	gold-removed	none	none	True	False		1.0	1.0	0.0	1.0	155.6
easy:734020000	easy	C	C	True	True	False	0.9942	0.9942	6.728000000000032e-05	0.9934	176.1
retrieval-miss:720410001	retrieval-miss	none	none	True	False	True	0.9998	0.9998	5.99999999999912e-08	0.9998	208.9
retrieval-miss:389100007	retrieval-miss	none	none	True	False	True	1.0	1.0	0.0	1.0	209.2
none-narrower:197606008	none-narrower	none	none	True	False		0.9999	0.9999	1.9999999999997797e-08	0.9999	155.4
hard:626004	hard	H	H	True	True	False	0.9897	0.9897	0.0002101299999999995	0.9885	203.6
easy:52186006	easy	G	G	True	True	False	0.9505	0.9505	0.004262059999999999	0.9443	176.3
retrieval-miss:422886007	retrieval-miss	none	D	False	False	True	0.9895	0.0089	1.96139172	0.9881	171.1
hard:609573005	hard	A	A	True	True	False	0.9908	0.9908	0.00016388999999999976	0.9896	191.0
hard:72893007	hard	A	A	True	True	True	0.508	0.508	0.35954708999999996	0.4465	175.7
gold-removed:254113006	gold-removed	none	none	True	False		0.7516	0.7516	0.12077219999999997	0.7205	173.8
easy:2177002	easy	B	B	True	True	False	0.9949	0.9949	5.005999999999993e-05	0.9943	159.5
hard:111293003	hard	H	none	False	False	True	0.9984	0.0015	1.99380482	0.9982	165.2
retrieval-miss:54203008	retrieval-miss	none	none	True	False	True	1.0	1.0	0.0	1.0	186.1
easy:239032007	easy	G	G	True	True	False	0.9594	0.9594	0.0031566999999999975	0.9543	221.2
hard:398680004	hard	F	C	False	False	True	0.9947	0.0003	1.9888512200000001	0.9941	218.2
easy:733626002	easy	C	C	True	True	False	0.975	0.975	0.001151790000000001	0.9719	199.8
none-narrower:94505005	none-narrower	none	none	True	False		1.0	1.0	0.0	1.0	188.4
hard:724840004	hard	A	A	True	True	False	0.9895	0.9895	0.00018945999999999904	0.9881	208.9
easy:303852004	easy	D	D	True	True	False	0.9713	0.9713	0.001641659999999997	0.9677	195.6
none-narrower:890354000	none-narrower	none	none	True	False		1.0	1.0	0.0	1.0	168.0
retrieval-miss:725291001	retrieval-miss	none	none	True	False	True	1.0	1.0	0.0	1.0	195.4
retrieval-miss:17885001	retrieval-miss	none	none	True	False	True	1.0	1.0	0.0	1.0	204.8
gold-removed:120639003	gold-removed	none	none	True	False		1.0	1.0	0.0	1.0	190.4
hard:92272009	hard	E	E	True	True	True	0.9913	0.9913	0.0001446800000000007	0.9902	181.5
gold-removed:87211000119104	gold-removed	none	none	True	False		0.987	0.987	0.00031833000000000035	0.9854	213.9
none-narrower:143291000119104	none-narrower	none	none	True	False		0.9999	0.9999	1.9999999999997797e-08	0.9998	195.2
retrieval-miss:10651001	retrieval-miss	none	none	True	False	True	1.0	1.0	0.0	1.0	175.3
easy:720636001	easy	G	G	True	True	False	0.9462	0.9462	0.005756709999999995	0.9395	177.3
none-narrower:22935002	none-narrower	none	E	False	False		0.801	0.1974	1.28576838	0.7762	179.9
easy:716742001	easy	F	F	True	False	True	0.9324	0.9324	0.00912601	0.924	169.4
hard:398114001	hard	B	B	True	True	False	0.9859	0.9859	0.00038384	0.9841	192.5
gold-removed:27868004	gold-removed	none	none	True	False		0.9997	0.9997	1.1999999999998016e-07	0.9996	157.4
retrieval-miss:238700008	retrieval-miss	none	none	True	False	True	0.993	0.993	7.34200000000001e-05	0.9921	173.8
easy:30281009	easy	D	D	True	True	False	0.9936	0.9936	8.191999999999951e-05	0.9928	161.3
none-narrower:12181002	none-narrower	none	none	True	False		0.9998	0.9998	7.999999999999119e-08	0.9998	187.4
easy:78511005	easy	H	H	True	True	False	0.966	0.966	0.002265380000000002	0.9618	176.7
easy:26360005	easy	A	A	True	True	True	0.988	0.988	0.00022484000000000024	0.9865	161.9
none-narrower:403964007	none-narrower	none	H	False	False		0.972	0.0275	1.89054038	0.9685	154.8
hard:303098002	hard	A	A	True	True	False	0.6472	0.6472	0.19490843	0.6031	173.0
none-narrower:1343512002	none-narrower	none	none	True	False		0.9999	0.9999	9.999999999997797e-09	0.9999	160.9
easy:232086000	easy	E	none	False	False	True	0.9387	0.0611	1.7626909099999999	0.9311	167.4
easy:703544004	easy	B	B	True	False	True	0.9534	0.9534	0.0037050699999999982	0.9475	242.5
retrieval-miss:720861000	retrieval-miss	none	none	True	False	True	0.614	0.614	0.27698921	0.5657	238.4
none-narrower:1371100008	none-narrower	none	none	True	False		0.9452	0.9452	0.006006079999999995	0.9384	151.7
easy:253298003	easy	G	none	False	False	True	0.6614	0.1947	1.10319279	0.6191	169.6
gold-removed:7071007	gold-removed	none	none	True	False		1.0	1.0	0.0	1.0	150.3
easy:35111009	easy	D	D	True	True	True	0.9862	0.9862	0.00037813000000000093	0.9845	179.2
none-narrower:418054005	none-narrower	none	none	True	False		0.9996	0.9996	2.4999999999996473e-07	0.9996	194.4
hard:27916005	hard	B	B	True	True	False	0.9961	0.9961	2.9650000000000114e-05	0.9956	157.0
hard:72124005	hard	H	H	True	True	False	0.9715	0.9715	0.0015486199999999982	0.9679	129.1
easy:111354009	easy	D	D	True	False	True	0.9307	0.9307	0.009577310000000002	0.9221	150.3
hard:11218009	hard	B	B	True	False	True	0.9845	0.9845	0.00044826999999999866	0.9826	173.7
easy:717734005	easy	E	none	False	True	False	0.9849	0.0141	1.94202724	0.9831	200.2
easy:716277000	easy	D	D	True	True	False	0.9612	0.9612	0.002942269999999996	0.9563	178.7
retrieval-miss:95532008	retrieval-miss	none	none	True	False	True	0.9999	0.9999	1.9999999999997797e-08	0.9999	170.5
hard:67678004	hard	D	D	True	True	True	0.9669	0.9669	0.0020466100000000012	0.9628	159.8
none-narrower:235929001	none-narrower	none	none	True	False		0.9999	0.9999	9.999999999997797e-09	0.9999	178.0
gold-removed:235601001	gold-removed	none	none	True	False		1.0	1.0	0.0	1.0	173.4
gold-removed:717332007	gold-removed	none	none	True	False		1.0	1.0	0.0	1.0	199.4
easy:766050000	easy	A	A	True	True	False	0.9765	0.9765	0.0010998099999999984	0.9736	236.5
gold-removed:187740000	gold-removed	none	none	True	False		0.8942	0.8942	0.02236613	0.881	168.9
easy:196133001	easy	E	E	True	False	True	0.9839	0.9839	0.0005057500000000001	0.9819	172.6
none-narrower:38731000087104	none-narrower	none	B	False	False		0.979	0.0209	1.91707783	0.9763	165.7
none-narrower:48352007	none-narrower	none	none	True	False		1.0	1.0	0.0	1.0	159.2
retrieval-miss:190773008	retrieval-miss	none	none	True	False	True	1.0	1.0	0.0	1.0	160.6
hard:234577004	hard	G	G	True	True	False	0.9707	0.9707	0.0016995499999999998	0.967	160.0
hard:95776004	hard	G	G	True	True	False	0.97	0.97	0.0017821400000000017	0.9662	164.6
easy:124252008	easy	G	G	True	True	False	0.9316	0.9316	0.009302620000000003	0.923	172.1
easy:402425006	easy	E	E	True	True	False	0.8597	0.8597	0.03859356	0.8421	165.7
hard:722059002	hard	D	D	True	True	False	0.9099	0.9099	0.014807199999999994	0.8986	188.7
easy:193756007	easy	A	A	True	True	False	0.9951	0.9951	4.442000000000015e-05	0.9945	197.0
easy:57203004	easy	D	D	True	True	True	0.8444	0.8444	0.04765547999999999	0.8249	149.3
easy:308870004	easy	E	E	True	True	False	0.9966	0.9966	2.3119999999999718e-05	0.9961	156.2
gold-removed:205465004	gold-removed	none	none	True	False		0.9997	0.9997	1.3999999999998018e-07	0.9996	202.8
easy:398909004	easy	H	H	True	True	False	0.993	0.993	9.800000000000009e-05	0.9921	159.0
easy:92624000	easy	B	B	True	True	False	0.9969	0.9969	1.864999999999995e-05	0.9965	151.5
hard:403805009	hard	G	G	True	True	False	0.9791	0.9791	0.0007864700000000011	0.9765	182.3
easy:21897009	easy	G	G	True	True	False	0.9863	0.9863	0.00035460000000000125	0.9845	146.0
hard:278833002	hard	D	none	False	True	True	0.9237	0.0152	1.8252323	0.9142	163.7
gold-removed:721073008	gold-removed	none	none	True	False		0.9961	0.9961	2.6460000000000113e-05	0.9956	170.9
easy:255003007	easy	A	A	True	True	False	0.9855	0.9855	0.0004204999999999988	0.9837	219.1
none-narrower:783705006	none-narrower	none	F	False	False		0.9588	0.037	1.8466737199999999	0.9537	164.5
easy:726609005	easy	C	C	True	True	False	0.991	0.991	0.00016021000000000015	0.9899	240.3
none-narrower:186679007	none-narrower	none	none	True	False		1.0	1.0	0.0	0.9999	155.4
none-narrower:27507004	none-narrower	none	none	True	False		0.9999	0.9999	1.9999999999997797e-08	0.9999	171.4
gold-removed:277568007	gold-removed	none	none	True	False		0.9988	0.9988	2.6499999999999492e-06	0.9987	187.8
hard:238676008	hard	B	B	True	False	True	0.9884	0.9884	0.00026454000000000126	0.987	166.0
easy:19905009	easy	G	G	True	True	False	0.9953	0.9953	4.418000000000035e-05	0.9947	159.0
easy:404120006	easy	E	E	True	True	False	0.9518	0.9518	0.004570490000000002	0.9458	207.8
gold-removed:39390005	gold-removed	none	none	True	False		0.9998	0.9998	5.99999999999912e-08	0.9998	187.0
hard:722290008	hard	F	F	True	False	True	0.9428	0.9428	0.0062891900000000035	0.9357	176.1
retrieval-miss:59399004	retrieval-miss	none	none	True	False	True	0.9948	0.9948	5.017999999999981e-05	0.9941	169.1
retrieval-miss:4855003	retrieval-miss	none	none	True	False	True	1.0	1.0	0.0	1.0	161.0
easy:399463004	easy	H	H	True	True	True	0.9965	0.9965	2.3149999999999634e-05	0.9961	170.3
hard:230595006	hard	C	C	True	True	False	0.9957	0.9957	3.6139999999999745e-05	0.9952	147.5
retrieval-miss:10177005	retrieval-miss	none	none	True	False	True	0.9958	0.9958	3.365999999999985e-05	0.9953	158.4
hard:398963001	hard	G	none	False	False	True	0.9926	0.0068	1.9717012600000001	0.9917	163.2
retrieval-miss:717812000	retrieval-miss	none	none	True	False	True	1.0	1.0	0.0	1.0	169.6
none-narrower:783558004	none-narrower	none	A	False	False		0.9491	0.0499	1.80348112	0.9427	228.1
none-narrower:721677005	none-narrower	none	none	True	False		1.0	1.0	0.0	1.0	169.6
none-narrower:372024009	none-narrower	none	none	True	False		0.9774	0.9774	0.0009260999999999978	0.9745	176.9
hard:86203003	hard	B	B	True	True	False	0.9888	0.9888	0.00021694999999999972	0.9875	159.6
none-narrower:268654005	none-narrower	none	none	True	False		0.9997	0.9997	1.1999999999998016e-07	0.9997	171.0
none-narrower:66265004	none-narrower	none	none	True	False		0.9999	0.9999	1.9999999999997797e-08	0.9999	169.9
easy:89655007	easy	F	D	False	False	True	0.8937	0.0617	1.6809060000000002	0.8804	182.1
hard:28656008	hard	D	D	True	False	True	0.9834	0.9834	0.0005349299999999983	0.9814	156.8
hard:442551007	hard	A	A	True	True	False	0.994	0.994	6.965000000000007e-05	0.9933	139.4
easy:764997000	easy	G	G	True	True	False	0.9895	0.9895	0.00021634999999999905	0.9882	265.7
retrieval-miss:763669001	retrieval-miss	none	none	True	False	True	0.9999	0.9999	9.999999999997797e-09	0.9999	190.2
none-narrower:1196912004	none-narrower	none	none	True	False		0.9999	0.9999	1.9999999999997797e-08	0.9999	189.0
none-narrower:1237346001	none-narrower	none	B	False	False		0.9729	0.013	1.9208994099999999	0.9695	163.8
hard:118600007	hard	F	F	True	True	False	0.9817	0.9817	0.0006554599999999994	0.9794	180.9
hard:400142003	hard	A	A	True	True	False	0.9831	0.9831	0.0005579400000000009	0.981	179.2
hard:48718006	hard	D	D	True	True	False	0.7609	0.7609	0.11203170999999999	0.731	199.2
easy:715748006	easy	D	D	True	True	False	0.9906	0.9906	0.00017671999999999932	0.9894	204.4
retrieval-miss:58437007	retrieval-miss	none	none	True	False	True	0.9999	0.9999	1.9999999999997797e-08	0.9999	187.9
hard:449096009	hard	F	F	True	True	True	0.9851	0.9851	0.00042669000000000073	0.9832	154.8
easy:718607001	easy	E	E	True	True	False	0.987	0.987	0.00033542000000000034	0.9853	208.6
hard:79830009	hard	E	E	True	True	False	0.9917	0.9917	0.00012540999999999957	0.9907	161.1
easy:698290008	easy	H	H	True	True	False	0.9627	0.9627	0.00269594	0.958	178.8
none-narrower:65528008	none-narrower	none	none	True	False		0.9999	0.9999	1.9999999999997797e-08	0.9999	157.0
easy:721014007	easy	D	D	True	True	False	0.9641	0.9641	0.002440110000000003	0.9597	207.5
gold-removed:253904001	gold-removed	none	none	True	False		0.9993	0.9993	6.700000000000475e-07	0.9993	177.4
easy:392662004	easy	B	B	True	True	False	0.9779	0.9779	0.0008616400000000005	0.9751	191.2
none-narrower:29736007	none-narrower	none	none	True	False		0.9974	0.9974	8.630000000000243e-06	0.9971	162.0
hard:22784002	hard	B	B	True	True	False	0.9777	0.9777	0.0009813799999999994	0.9749	172.1
hard:715397000	hard	E	E	True	True	False	0.5949	0.5949	0.32349918	0.5442	157.8
hard:238874008	hard	A	A	True	True	True	0.9752	0.9752	0.0012008100000000022	0.9721	162.5
easy:239069005	easy	H	H	True	True	False	0.9714	0.9714	0.0016359199999999977	0.9678	197.1
hard:268240006	hard	H	H	True	True	False	0.9807	0.9807	0.0007411399999999993	0.9783	176.6
retrieval-miss:715338007	retrieval-miss	none	none	True	False	True	0.9998	0.9998	5.99999999999912e-08	0.9998	197.3
easy:32620007	easy	E	E	True	True	False	0.9938	0.9938	7.56499999999998e-05	0.9931	174.6
gold-removed:238078005	gold-removed	none	none	True	False		0.9986	0.9986	2.549999999999879e-06	0.9985	178.9
none-narrower:698836007	none-narrower	none	none	True	False		1.0	1.0	0.0	1.0	166.2
easy:79674009	easy	H	H	True	True	False	0.9882	0.9882	0.00027848000000000076	0.9867	190.1
none-narrower:724784006	none-narrower	none	none	True	False		0.9995	0.9995	3.4999999999994493e-07	0.9995	170.1
hard:128468007	hard	G	none	False	False	True	0.6406	0.2248	1.0284708999999999	0.5956	158.0
retrieval-miss:230499002	retrieval-miss	none	none	True	False	True	0.9996	0.9996	2.4999999999996473e-07	0.9996	169.6
hard:725408001	hard	C	C	True	True	False	0.9578	0.9578	0.003536490000000001	0.9525	180.0
hard:445257004	hard	C	C	True	True	False	0.9916	0.9916	0.00013464999999999937	0.9906	165.1
none-narrower:102361000119104	none-narrower	none	none	True	False		0.9997	0.9997	1.3999999999998018e-07	0.9997	173.9
hard:707435002	hard	B	B	True	True	False	0.9923	0.9923	0.00011126000000000061	0.9913	179.5
gold-removed:763458005	gold-removed	none	none	True	False		0.9897	0.9897	0.00019125999999999952	0.9884	235.7
hard:715427008	hard	G	G	True	True	True	0.9521	0.9521	0.004541330000000005	0.9461	213.0
hard:187722004	hard	D	D	True	True	False	0.986	0.986	0.00038374000000000036	0.9842	190.7
retrieval-miss:17234001	retrieval-miss	none	none	True	False	True	1.0	1.0	0.0	1.0	158.9
easy:733068001	easy	G	G	True	True	True	0.952	0.952	0.004270650000000004	0.946	167.8
easy:609581006	easy	A	A	True	True	True	0.9873	0.9873	0.00031268000000000116	0.9857	178.5
retrieval-miss:111395007	retrieval-miss	none	none	True	False	True	0.9999	0.9999	1.9999999999997797e-08	0.9999	159.1
hard:58833000	hard	H	H	True	True	True	0.981	0.981	0.0007070600000000006	0.9786	200.8
gold-removed:58459009	gold-removed	none	none	True	False		0.9996	0.9996	2.0999999999996474e-07	0.9996	162.7
gold-removed:254102008	gold-removed	none	none	True	False		0.9979	0.9979	6.5999999999999605e-06	0.9976	189.4
hard:720344007	hard	A	A	True	True	True	0.9868	0.9868	0.0003147299999999997	0.9852	179.9
easy:416960004	easy	G	none	False	False	True	0.7293	0.1742	1.2183817399999999	0.6955	175.7
hard:428174001	hard	H	H	True	True	False	0.9106	0.9106	0.015966870000000008	0.8994	177.5
hard:92405007	hard	A	A	True	True	True	0.9892	0.9892	0.00021879000000000066	0.9879	174.3
hard:715395008	hard	C	C	True	True	True	0.9647	0.9647	0.0022252599999999997	0.9602	172.5
gold-removed:95691008	gold-removed	none	none	True	False		1.0	1.0	0.0	1.0	158.7
easy:719069008	easy	G	G	True	True	True	0.9677	0.9677	0.0016070699999999995	0.9637	212.9
retrieval-miss:471885006	retrieval-miss	none	none	True	False	True	0.9442	0.9442	0.004095719999999995	0.9373	175.6
none-narrower:1260130005	none-narrower	none	E	False	False		0.9357	0.0627	1.7540664000000001	0.9277	178.6
retrieval-miss:302872003	retrieval-miss	none	none	True	False	True	1.0	1.0	0.0	1.0	149.9
none-narrower:74202002	none-narrower	none	none	True	False		1.0	1.0	0.0	1.0	163.7
none-narrower:82069007	none-narrower	none	none	True	False		0.9997	0.9997	1.7999999999998017e-07	0.9996	167.1
hard:85478004	hard	B	B	True	True	False	0.9969	0.9969	1.7469999999999946e-05	0.9965	160.1
hard:721231007	hard	C	C	True	True	False	0.9705	0.9705	0.0016890199999999983	0.9668	196.5
hard:266578003	hard	D	D	True	True	False	0.9895	0.9895	0.00021433999999999906	0.9881	155.0
easy:704166007	easy	G	none	False	False	True	0.9997	0.0	1.9994001300000002	0.9997	178.8
hard:205647005	hard	A	none	False	False	True	0.9997	0.0001	1.9992001300000002	0.9997	194.7
gold-removed:707510005	gold-removed	none	none	True	False		0.9947	0.9947	3.949999999999969e-05	0.9941	195.3
gold-removed:10347006	gold-removed	none	none	True	False		1.0	1.0	0.0	1.0	171.6
hard:55379003	hard	E	E	True	True	False	0.9937	0.9937	7.690999999999965e-05	0.993	160.0
hard:400166009	hard	A	A	True	True	False	0.9906	0.9906	0.00017121999999999933	0.9895	203.2
easy:3135009	easy	C	C	True	True	False	0.9933	0.9933	8.104000000000054e-05	0.9925	171.0
easy:27201004	easy	B	B	True	True	False	0.9949	0.9949	4.632999999999993e-05	0.9943	175.8
retrieval-miss:73465006	retrieval-miss	none	none	True	False	True	1.0	1.0	0.0	1.0	191.4
easy:238032002	easy	G	G	True	True	False	0.9216	0.9216	0.011956630000000005	0.9118	160.2
hard:16872008	hard	E	E	True	True	True	0.9762	0.9762	0.001123440000000002	0.9732	175.7
easy:403760006	easy	H	H	True	True	False	0.9499	0.9499	0.0049900900000000034	0.9436	176.4
hard:762295002	hard	D	D	True	True	True	0.9882	0.9882	0.00027380000000000075	0.9867	164.8
easy:68067009	easy	F	F	True	False	True	0.9663	0.9663	0.002193149999999997	0.9621	208.8
gold-removed:86489003	gold-removed	none	none	True	False		1.0	1.0	0.0	1.0	159.2
gold-removed:720565000	gold-removed	none	none	True	False		0.9909	0.9909	0.00012955999999999995	0.9898	204.5
retrieval-miss:75875004	retrieval-miss	none	none	True	False	True	0.9999	0.9999	9.999999999997797e-09	0.9999	170.2
none-narrower:192631000	none-narrower	none	none	True	False		0.9976	0.9976	1.1519999999999797e-05	0.9972	163.2
easy:719981005	easy	E	E	True	True	False	0.9888	0.9888	0.0002379099999999997	0.9874	236.2
hard:80960004	hard	D	D	True	True	False	0.9906	0.9906	0.00016597999999999933	0.9894	161.0
hard:74469006	hard	D	D	True	False	True	0.947	0.947	0.005392090000000006	0.9404	167.4
retrieval-miss:66576001	retrieval-miss	none	none	True	False	True	1.0	1.0	0.0	0.9999	175.4
easy:1271009	easy	B	B	True	True	False	0.9548	0.9548	0.0030820500000000015	0.9491	201.9
hard:73757007	hard	C	C	True	True	False	0.9939	0.9939	6.458999999999992e-05	0.9931	156.8
easy:68409003	easy	C	F	False	False	True	0.9065	0.011	1.8066037099999999	0.8949	168.9
easy:238021002	easy	B	B	True	False	True	0.6162	0.6162	0.28265696	0.5683	168.6
easy:443439001	easy	F	F	True	True	True	0.9675	0.9675	0.001903279999999998	0.9634	202.1
hard:254131007	hard	H	H	True	True	False	0.8545	0.8545	0.04228235999999999	0.8363	176.8
none-narrower:342291000119102	none-narrower	none	none	True	False		0.9992	0.9992	7.800000000000366e-07	0.9991	175.6
hard:5217008	hard	E	E	True	True	False	0.9775	0.9775	0.0008837899999999984	0.9747	167.5
easy:238007004	easy	F	F	True	False	True	0.9378	0.9378	0.007519570000000004	0.93	215.8
retrieval-miss:716871006	retrieval-miss	none	none	True	False	True	1.0	1.0	0.0	0.9999	177.3
gold-removed:419237004	gold-removed	none	none	True	False		0.9904	0.9904	0.00013231000000000102	0.9892	176.5
hard:716653001	hard	E	E	True	True	False	0.9883	0.9883	0.00022824000000000103	0.9868	192.9
gold-removed:609578001	gold-removed	none	none	True	False		0.9998	0.9998	4.999999999999118e-08	0.9998	190.2
gold-removed:1899006	gold-removed	none	none	True	False		0.9998	0.9998	4.999999999999118e-08	0.9998	154.9
hard:416769008	hard	D	D	True	True	True	0.979	0.979	0.0008454200000000008	0.9764	180.7
easy:363468009	easy	A	A	True	False	True	0.9831	0.9831	0.0005142200000000008	0.981	177.5
hard:402601007	hard	C	C	True	False	True	0.9934	0.9934	7.082000000000067e-05	0.9925	178.2
retrieval-miss:419193008	retrieval-miss	none	none	True	False	True	1.0	1.0	0.0	1.0	145.6
gold-removed:722034006	gold-removed	none	none	True	False		0.9997	0.9997	1.3999999999998018e-07	0.9996	171.1
easy:91968002	easy	B	B	True	True	True	0.9946	0.9946	4.783999999999957e-05	0.9939	162.0
easy:85769006	easy	B	B	True	False	True	0.9903	0.9903	0.00018435000000000082	0.9891	160.2
retrieval-miss:359814004	retrieval-miss	none	none	True	False	True	1.0	1.0	0.0	1.0	167.7
hard:253020008	hard	G	A	False	False	True	0.9551	0.0167	1.8798515099999997	0.9495	170.7
hard:188241004	hard	E	E	True	True	False	0.9914	0.9914	0.00013673000000000092	0.9903	148.7
hard:3944006	hard	H	none	False	True	True	1.0	0.0	2.0	0.9999	174.7
none-narrower:1186858000	none-narrower	none	none	True	False		0.9996	0.9996	3.1999999999996475e-07	0.9995	168.3
easy:72815004	easy	B	B	True	False	True	0.9773	0.9773	0.0010260600000000025	0.9745	136.9
none-narrower:55637002	none-narrower	none	none	True	False		0.9998	0.9998	4.999999999999118e-08	0.9998	173.7
retrieval-miss:239869009	retrieval-miss	none	none	True	False	True	0.9999	0.9999	1.9999999999997797e-08	0.9999	170.6
hard:25044007	hard	A	A	True	True	False	0.9725	0.9725	0.0014387199999999984	0.9691	165.1
gold-removed:190745006	gold-removed	none	none	True	False		0.9962	0.9962	2.1000000000000192e-05	0.9957	169.2
gold-removed:126908007	gold-removed	none	none	True	False		0.9983	0.9983	4.890000000000118e-06	0.9981	179.6
none-narrower:86333008	none-narrower	none	none	True	False		0.9998	0.9998	7.999999999999119e-08	0.9997	164.6
hard:726341009	hard	A	A	True	True	False	0.9721	0.9721	0.001367330000000002	0.9687	178.3
gold-removed:719827008	gold-removed	none	none	True	False		1.0	1.0	0.0	1.0	194.0
easy:9245008	easy	H	H	True	True	False	0.9928	0.9928	0.00010085999999999979	0.9919	160.1
easy:237997005	easy	C	C	True	True	False	0.9762	0.9762	0.0009305000000000021	0.9732	197.9
easy:253366007	easy	C	none	False	True	True	0.9972	0.0022	1.99001289	0.9968	170.8
easy:302226006	easy	E	E	True	False	True	0.9636	0.9636	0.002413759999999999	0.959	151.3
hard:95462004	hard	E	E	True	True	True	0.9198	0.9198	0.010065360000000008	0.9098	148.7
gold-removed:733492003	gold-removed	none	none	True	False		0.9943	0.9943	6.386000000000044e-05	0.9936	189.8
gold-removed:302954008	gold-removed	none	none	True	False		1.0	1.0	0.0	1.0	167.4
retrieval-miss:8829008	retrieval-miss	none	none	True	False	True	0.9975	0.9975	1.2499999999999735e-05	0.9972	175.3
none-narrower:193436005	none-narrower	none	none	True	False		0.9999	0.9999	9.999999999997797e-09	0.9999	156.6
hard:125603006	hard	H	H	True	True	False	0.9967	0.9967	2.1779999999999798e-05	0.9963	147.9
hard:280816001	hard	F	F	True	False	True	0.516	0.516	0.42069151000000005	0.4555	186.1
hard:363427000	hard	D	D	True	True	True	0.9839	0.9839	0.00047307000000000013	0.9819	176.2
none-narrower:253147000	none-narrower	none	E	False	False		0.9601	0.0351	1.85284112	0.9551	187.0
easy:720750004	easy	G	G	True	True	False	0.9642	0.9642	0.0025561400000000036	0.9597	207.0
easy:84706005	easy	C	C	True	False	True	0.7067	0.7067	0.17199113000000002	0.6701	165.5
hard:766705006	hard	D	D	True	False	True	0.9742	0.9742	0.0011698400000000023	0.971	180.3
hard:302820008	hard	D	C	False	False	True	0.9914	0.0011	1.98072994	0.9903	170.2
none-narrower:402811003	none-narrower	none	none	True	False		0.9995	0.9995	4.0999999999994493e-07	0.9994	174.0
hard:717943008	hard	D	D	True	True	True	0.9591	0.9591	0.003136600000000004	0.954	178.7
easy:237913008	easy	A	A	True	True	False	0.9806	0.9806	0.000748849999999999	0.9782	157.7
none-narrower:237622006	none-narrower	none	none	True	False		0.9998	0.9998	7.999999999999119e-08	0.9997	167.2
none-narrower:1287336004	none-narrower	none	none	True	False		0.9998	0.9998	7.999999999999119e-08	0.9998	169.3
easy:62201009	easy	C	C	True	False	True	0.9741	0.9741	0.0013161400000000017	0.9709	192.3
gold-removed:62005008	gold-removed	none	none	True	False		0.9994	0.9994	7.200000000000539e-07	0.9993	170.3
retrieval-miss:15566009	retrieval-miss	none	none	True	False	True	1.0	1.0	0.0	1.0	179.9
none-narrower:193185007	none-narrower	none	none	True	False		0.9991	0.9991	1.6200000000000213e-06	0.999	158.1
retrieval-miss:274102007	retrieval-miss	none	none	True	False	True	0.9989	0.9989	1.6399999999999777e-06	0.9987	161.5
none-narrower:609600000	none-narrower	none	none	True	False		0.9981	0.9981	6.510000000000048e-06	0.9979	153.9
gold-removed:698250005	gold-removed	none	none	True	False		0.9999	0.9999	1.9999999999997797e-08	0.9999	157.1
hard:702809001	hard	H	H	True	True	False	0.9588	0.9588	0.003394880000000001	0.9537	196.7
hard:77090002	hard	E	E	True	True	False	0.9929	0.9929	9.666999999999993e-05	0.9921	144.0
retrieval-miss:147101000119108	retrieval-miss	none	none	True	False	True	0.9996	0.9996	2.4999999999996473e-07	0.9996	169.0
retrieval-miss:277589003	retrieval-miss	none	none	True	False	True	0.9946	0.9946	4.5629999999999575e-05	0.994	208.8
none-narrower:43742007	none-narrower	none	none	True	False		0.9997	0.9997	1.3999999999998018e-07	0.9997	170.1
hard:54552008	hard	E	E	True	True	False	0.9938	0.9938	7.21399999999998e-05	0.993	155.6
easy:2032001	easy	H	H	True	False	True	0.974	0.974	0.0013468100000000012	0.9708	170.5
hard:205484001	hard	E	E	True	True	True	0.9464	0.9464	0.004623689999999998	0.9396	179.4
retrieval-miss:238824006	retrieval-miss	none	none	True	False	True	1.0	1.0	0.0	1.0	160.8
hard:15628003	hard	D	D	True	True	False	0.9915	0.9915	0.00014114999999999918	0.9904	173.1
gold-removed:240453002	gold-removed	none	none	True	False		1.0	1.0	0.0	0.9999	159.6
none-narrower:342451000119108	none-narrower	none	none	True	False		0.989	0.989	0.0002100600000000002	0.9877	175.5
none-narrower:298150009	none-narrower	none	none	True	False		0.9998	0.9998	7.999999999999119e-08	0.9998	175.9
hard:402355000	hard	H	H	True	False	True	0.9896	0.9896	0.00020633999999999927	0.9883	174.9
easy:24867002	easy	E	none	False	False	True	0.9951	0.0017	1.9868309199999998	0.9945	178.4
hard:234405009	hard	A	A	True	True	False	0.9702	0.9702	0.0017408700000000029	0.9664	202.9
retrieval-miss:58729003	retrieval-miss	none	none	True	False	True	1.0	1.0	0.0	1.0	150.9
gold-removed:16059006	gold-removed	none	none	True	False		1.0	1.0	0.0	1.0	198.6
retrieval-miss:55711009	retrieval-miss	none	C	False	False	True	0.9735	0.0249	1.8985234000000002	0.9702	201.6
easy:42786005	easy	E	E	True	False	True	0.6937	0.6937	0.18727233000000004	0.6554	204.5
none-narrower:29320008	none-narrower	none	none	True	False		0.9998	0.9998	5.99999999999912e-08	0.9997	174.2
hard:40272001	hard	H	none	False	False	True	0.6632	0.045	1.43659894	0.621	161.6
gold-removed:389214003	gold-removed	none	none	True	False		1.0	1.0	0.0	1.0	203.7
retrieval-miss:367649002	retrieval-miss	none	none	True	False	True	1.0	1.0	0.0	1.0	159.0
gold-removed:92241005	gold-removed	none	none	True	False		0.9994	0.9994	5.000000000000539e-07	0.9993	169.2
gold-removed:234440005	gold-removed	none	none	True	False		0.9943	0.9943	4.8000000000000435e-05	0.9936	172.1
easy:1003375005	easy	B	none	False	True	False	0.9998	0.0001	1.9994000600000001	0.9998	181.7
none-narrower:323291000119108	none-narrower	none	none	True	False		0.9987	0.9987	3.3899999999999163e-06	0.9985	169.5
none-narrower:126754006	none-narrower	none	none	True	False		0.9974	0.9974	9.620000000000243e-06	0.9971	178.3
easy:699315005	easy	A	A	True	True	True	0.9596	0.9596	0.003102319999999999	0.9546	170.1
easy:3951002	easy	A	A	True	False	True	0.9867	0.9867	0.00028909999999999944	0.9851	143.4
gold-removed:28835009	gold-removed	none	none	True	False		1.0	1.0	0.0	1.0	178.1
retrieval-miss:193687000	retrieval-miss	none	D	False	False	True	0.9855	0.0135	1.94439332	0.9837	165.1
easy:233815004	easy	D	D	True	False	True	0.8111	0.8111	0.05938925999999999	0.7874	160.0
none-narrower:370481004	none-narrower	none	none	True	False		1.0	1.0	0.0	1.0	171.7
none-narrower:109630002	none-narrower	none	none	True	False		0.9998	0.9998	4.999999999999118e-08	0.9998	171.1
gold-removed:238926009	gold-removed	none	none	True	False		0.9997	0.9997	1.0999999999998018e-07	0.9997	222.3
hard:418763003	hard	B	B	True	True	False	0.9953	0.9953	4.236000000000035e-05	0.9947	166.7
hard:254771006	hard	H	H	True	True	False	0.9948	0.9948	4.9379999999999815e-05	0.9942	174.3
easy:254831005	easy	B	B	True	True	False	0.9879	0.9879	0.00027652000000000004	0.9864	167.1
hard:371979001	hard	G	G	True	True	True	0.9841	0.9841	0.0004465100000000008	0.9821	152.1
hard:60232001	hard	E	E	True	True	False	0.9764	0.9764	0.001086069999999998	0.9735	175.3
none-narrower:94695009	none-narrower	none	none	True	False		0.9997	0.9997	1.7999999999998017e-07	0.9997	142.8
none-narrower:422061002	none-narrower	none	none	True	False		0.9997	0.9997	1.0999999999998018e-07	0.9997	142.9
retrieval-miss:65038009	retrieval-miss	none	none	True	False	True	0.9998	0.9998	4.999999999999118e-08	0.9998	138.8
hard:724072002	hard	H	H	True	False	True	0.9117	0.9117	0.015367110000000007	0.9007	176.4
retrieval-miss:253031000	retrieval-miss	none	none	True	False	True	0.9909	0.9909	0.00015385999999999994	0.9897	192.6
easy:711164003	easy	A	A	True	True	False	0.9957	0.9957	3.6129999999999744e-05	0.9952	196.1
easy:367542003	easy	E	E	True	True	False	0.9839	0.9839	0.0005120300000000001	0.9819	195.2
easy:419645003	easy	A	A	True	True	True	0.9916	0.9916	0.00013620999999999938	0.9906	178.4
none-narrower:232402006	none-narrower	none	none	True	False		0.9999	0.9999	1.9999999999997797e-08	0.9998	174.5
retrieval-miss:58263000	retrieval-miss	none	none	True	False	True	0.9802	0.9802	0.0005115300000000016	0.9777	188.9
hard:230655004	hard	H	H	True	True	False	0.9548	0.9548	0.004068050000000002	0.9491	141.3
easy:721311006	easy	F	F	True	True	False	0.9541	0.9541	0.003587170000000005	0.9484	191.5
hard:766756002	hard	B	B	True	True	False	0.9872	0.9872	0.00031525000000000086	0.9856	203.6
gold-removed:29248006	gold-removed	none	none	True	False		0.9998	0.9998	5.99999999999912e-08	0.9997	190.3
easy:82661006	easy	B	B	True	True	False	0.9935	0.9935	8.320999999999936e-05	0.9927	165.2
easy:10890000	easy	G	G	True	True	False	0.9774	0.9774	0.001012539999999998	0.9746	178.2
gold-removed:715442006	gold-removed	none	none	True	False		0.9997	0.9997	1.3999999999998018e-07	0.9996	209.9
none-narrower:109347009	none-narrower	none	none	True	False		0.9998	0.9998	4.999999999999118e-08	0.9998	166.4
easy:92169007	easy	B	B	True	True	True	0.9943	0.9943	5.9780000000000434e-05	0.9936	164.4
gold-removed:719660008	gold-removed	none	none	True	False		1.0	1.0	0.0	1.0	181.5
hard:118615008	hard	C	C	True	False	True	0.9501	0.9501	0.004805040000000005	0.9439	168.5
easy:95211004	easy	A	A	True	False	True	0.984	0.984	0.0004935200000000004	0.982	161.7
hard:404065000	hard	E	E	True	True	False	0.9947	0.9947	5.513999999999969e-05	0.9941	169.5
retrieval-miss:126550004	retrieval-miss	none	none	True	False	True	1.0	1.0	0.0	1.0	194.0
easy:29731002	easy	A	A	True	True	False	0.9966	0.9966	2.3119999999999718e-05	0.9962	170.4
none-narrower:127104002	none-narrower	none	none	True	False		0.9999	0.9999	1.9999999999997797e-08	0.9998	193.6
hard:363425008	hard	B	B	True	True	True	0.773	0.773	0.09971585999999999	0.7447	177.5
hard:398670003	hard	D	D	True	True	True	0.981	0.981	0.0006961000000000007	0.9786	177.0
none-narrower:12011009	none-narrower	none	none	True	False		1.0	1.0	0.0	1.0	148.8
easy:274142002	easy	G	none	False	False	True	0.9639	0.0012	1.9279157000000002	0.9594	169.7
hard:763279007	hard	F	F	True	True	True	0.7853	0.7853	0.09142385	0.7585	176.9
retrieval-miss:254782003	retrieval-miss	none	none	True	False	True	0.9999	0.9999	1.9999999999997797e-08	0.9999	190.4
hard:76976005	hard	G	G	True	True	False	0.9689	0.9689	0.0017671500000000012	0.965	155.0
none-narrower:60023006	none-narrower	none	none	True	False		0.9998	0.9998	7.999999999999119e-08	0.9998	171.1
hard:254976006	hard	B	B	True	True	False	0.994	0.994	5.236000000000006e-05	0.9933	178.6
none-narrower:126726004	none-narrower	none	none	True	False		0.9998	0.9998	5.99999999999912e-08	0.9998	189.9
gold-removed:25906001	gold-removed	none	none	True	False		0.9997	0.9997	1.3999999999998018e-07	0.9996	158.2
none-narrower:78974003	none-narrower	none	none	True	False		1.0	1.0	0.0	1.0	175.6
