item_id	tier	truth	pred	hit	lex_hit	ambiguous	p_top	p_truth	brier	confidence	latency_ms
hard:253006001	hard	A	A	True	True		0.6474	0.6474	0.15320345000000005	0.6033	706.9
hard:363477002	hard	B	B	True	False		0.471	0.471	0.38483901000000004	0.4048	597.7
hard:445187004	hard	A	A	True	True		0.7024	0.7024	0.11186443999999998	0.6652	561.6
easy:274947007	easy	A	A	True	True		0.5684	0.5684	0.24443194999999995	0.5144	729.1
hard:268262006	hard	A	A	True	True		0.3824	0.3824	0.50250195	0.3052	849.7
none-narrower:308123002	none-narrower	none	H	False	False		0.2506	0.174	0.8087722700000001	0.1569	938.5
easy:415238003	easy	A	A	True	True		0.7566	0.7566	0.07271722999999997	0.7262	1364.7
easy:70272006	easy	A	A	True	True		0.4883	0.4883	0.32820984000000003	0.4243	772.1
easy:422437002	easy	A	A	True	True		0.7945	0.7945	0.053162870000000015	0.7688	1005.3
easy:722117000	easy	A	A	True	True		0.649	0.649	0.15317886	0.6051	951.9
hard:254146000	hard	C	A	False	False		0.6538	0.0644	1.3400093800000001	0.6105	913.1
easy:397868007	easy	A	none	False	True		0.4825	0.2932	0.74061484	0.4178	1122.6
easy:238735005	easy	A	A	True	True		0.5472	0.5472	0.25439165	0.4906	907.1
easy:722294004	easy	A	B	False	True		0.3476	0.2754	0.6758192700000001	0.2661	1323.9
easy:303852004	easy	A	A	True	True		0.8088	0.8088	0.047824520000000016	0.7848	840.0
easy:154283005	easy	A	A	True	True		0.5316	0.5316	0.31595515	0.473	636.6
none-narrower:1259580000	none-narrower	none	A	False	False		0.4856	0.2076	0.8911213	0.4213	787.7
none-narrower:53933002	none-narrower	none	none	True	False		0.3403	0.3403	0.54182245	0.2579	675.4
hard:237613005	hard	A	A	True	True		0.6326	0.6326	0.17457568999999998	0.5867	813.8
retrieval-miss:26715006	retrieval-miss	none	A	False	False		0.505	0.2029	0.91468558	0.4432	648.2
easy:717772000	easy	A	A	True	True		0.8512	0.8512	0.02932438000000001	0.8326	920.7
hard:232016005	hard	A	A	True	True		0.7942	0.7942	0.058448799999999995	0.7684	802.1
none-narrower:1268955002	none-narrower	none	A	False	False		0.6514	0.1441	1.1670544999999999	0.6078	819.2
hard:448227009	hard	A	B	False	True		0.3303	0.2197	0.75963487	0.2466	977.8
hard:698851003	hard	D	D	True	False		0.3049	0.3049	0.5906501700000001	0.218	1259.7
hard:703388005	hard	A	A	True	True		0.78	0.78	0.06384720999999999	0.7525	1119.6
easy:720401009	easy	A	A	True	True		0.6388	0.6388	0.15746620999999997	0.5937	1140.4
easy:15228007	easy	A	A	True	True		0.4396	0.4396	0.43833151	0.3696	965.5
easy:297232009	easy	A	A	True	True		0.4948	0.4948	0.31128646	0.4316	1031.8
easy:230782004	easy	A	A	True	True		0.5257	0.5257	0.27822951000000007	0.4664	1017.6
easy:92439006	easy	A	A	True	True		0.7689	0.7689	0.06861812999999999	0.74	745.7
easy:193839007	easy	A	A	True	True		0.614	0.614	0.19462710000000003	0.5657	903.5
easy:197601003	easy	A	A	True	True		0.5088	0.5088	0.28255121	0.4474	728.3
none-narrower:203245006	none-narrower	none	none	True	False		0.2742	0.2742	0.6036104900000001	0.1835	771.1
easy:764854006	easy	A	A	True	True		0.7634	0.7634	0.07205199000000001	0.7338	833.0
none-narrower:1142265002	none-narrower	none	none	True	False		0.3064	0.3064	0.5588783900000001	0.2197	816.1
easy:717360009	easy	A	A	True	True		0.6165	0.6165	0.17927468999999996	0.5686	1008.9
hard:190808009	hard	A	A	True	True		0.6015	0.6015	0.20308685999999998	0.5517	988.3
none-narrower:1177030007	none-narrower	none	A	False	False		0.4912	0.2854	0.7821579600000002	0.4276	755.7
retrieval-miss:82639001	retrieval-miss	none	A	False	False		0.7345	0.1871	1.2021823500000002	0.7013	795.6
hard:86489003	hard	A	A	True	True		0.6465	0.6465	0.16576965000000005	0.6023	773.5
hard:448045004	hard	A	A	True	True		0.7859	0.7859	0.06176639999999998	0.7591	790.6
hard:719017003	hard	A	A	True	True		0.4206	0.4206	0.45467561	0.3482	943.8
easy:722201004	easy	A	A	True	True		0.8331	0.8331	0.03887614000000002	0.8122	1129.0
easy:78267003	easy	A	none	False	True		0.3737	0.3383	0.6075872	0.2955	806.8
easy:119422004	easy	A	A	True	True		0.4158	0.4158	0.41767111000000007	0.3428	893.0
easy:297238008	easy	A	A	True	True		0.5367	0.5367	0.28142332	0.4788	960.2
none-narrower:1162315003	none-narrower	none	none	True	False		0.3389	0.3389	0.58790443	0.2562	729.0
easy:439732004	easy	A	none	False	True		0.2575	0.2542	0.6609639600000001	0.1647	758.0
hard:275437005	hard	B	B	True	False		0.3513	0.3513	0.5065750300000001	0.2702	663.9
none-narrower:280967004	none-narrower	none	none	True	False		0.2621	0.2621	0.64371889	0.1699	710.7
easy:89141000	easy	A	A	True	True		0.5921	0.5921	0.19678374000000004	0.5412	812.6
none-narrower:26681001	none-narrower	none	B	False	False		0.4379	0.244	0.7817269600000001	0.3676	739.7
retrieval-miss:265377002	retrieval-miss	none	B	False	False		0.3959	0.2365	0.7667065200000001	0.3204	882.5
easy:82275008	easy	A	A	True	True		0.4068	0.4068	0.48688363999999995	0.3327	1138.6
hard:46683007	hard	A	A	True	True		0.7581	0.7581	0.07698808	0.7279	1222.1
none-narrower:323321000119100	none-narrower	none	A	False	False		0.4249	0.1874	0.93836853	0.353	793.0
none-narrower:190979003	none-narrower	none	A	False	False		0.4769	0.2468	0.8127770299999999	0.4115	863.7
easy:738527001	easy	D	D	True	False		0.3909	0.3909	0.46284366999999993	0.3147	1315.4
easy:724095006	easy	A	A	True	True		0.7936	0.7936	0.05974785000000001	0.7678	836.9
easy:719009006	easy	A	B	False	True		0.3954	0.1974	0.83888705	0.3198	879.0
none-narrower:71799002	none-narrower	none	none	True	False		0.202	0.202	0.72813375	0.1022	867.0
none-narrower:17960009	none-narrower	none	none	True	False		0.3507	0.3507	0.51633793	0.2696	960.6
easy:448709005	easy	A	A	True	True		0.5584	0.5584	0.24147180000000001	0.5032	1080.9
easy:2593002	easy	A	A	True	True		0.7353	0.7353	0.09665622000000001	0.7023	1065.2
none-narrower:197342009	none-narrower	none	A	False	False		0.2399	0.2159	0.72942224	0.1448	944.8
hard:725464001	hard	A	A	True	True		0.7717	0.7717	0.06831813999999997	0.7431	1284.1
easy:63302006	easy	A	A	True	True		0.506	0.506	0.3405372	0.4443	882.3
hard:52868006	hard	A	A	True	True		0.5093	0.5093	0.29705335000000005	0.4479	999.5
easy:448668007	easy	A	A	True	True		0.8052	0.8052	0.060090429999999986	0.7808	823.7
retrieval-miss:254185007	retrieval-miss	none	A	False	False		0.1931	0.1886	0.76016432	0.0923	1281.7
hard:70422006	hard	A	A	True	True		0.6202	0.6202	0.17929083000000004	0.5727	979.4
easy:399956005	easy	A	A	True	True		0.5209	0.5209	0.27837226000000004	0.4611	1065.8
hard:26132002	hard	A	A	True	True		0.6605	0.6605	0.14705826000000005	0.618	1155.8
none-narrower:234503004	none-narrower	none	H	False	False		0.4473	0.2988	0.7131244900000001	0.3782	890.1
easy:109558001	easy	D	none	False	False		0.2806	0.2196	0.7868012	0.1906	875.7
retrieval-miss:59252009	retrieval-miss	none	A	False	False		0.7704	0.1208	1.36924087	0.7417	1118.7
easy:30800001	easy	A	A	True	True		0.5651	0.5651	0.24915501999999995	0.5107	1087.2
retrieval-miss:195029002	retrieval-miss	none	A	False	False		0.6021	0.1789	1.0530744399999998	0.5523	1070.8
none-narrower:196754001	none-narrower	none	none	True	False		0.3679	0.3679	0.47359197	0.2889	755.1
easy:238001003	easy	A	D	False	True		0.4779	0.2468	0.8192907999999999	0.4126	1191.2
easy:200973000	easy	A	A	True	True		0.3753	0.3753	0.45071510000000004	0.2972	980.0
easy:403946000	easy	A	A	True	True		0.5466	0.5466	0.25566903	0.4899	1097.9
easy:91514001	easy	A	A	True	True		0.6112	0.6112	0.19885828000000005	0.5626	827.6
none-narrower:95039009	none-narrower	none	none	True	False		0.2896	0.2896	0.5946751699999999	0.2008	858.2
none-narrower:1148523003	none-narrower	none	none	True	False		0.2707	0.2707	0.63178471	0.1796	956.5
easy:720514008	easy	A	A	True	True		0.7921	0.7921	0.058418139999999986	0.7661	1230.1
none-narrower:1254852008	none-narrower	none	A	False	False		0.535	0.0833	1.17893527	0.4769	1122.1
easy:719817002	easy	A	A	True	True		0.5154	0.5154	0.29745798	0.4548	1313.3
hard:47903000	hard	A	A	True	True		0.3597	0.3597	0.5026996899999999	0.2796	1009.0
hard:24069003	hard	A	A	True	True		0.5891	0.5891	0.20924900000000002	0.5377	838.2
hard:742876007	hard	A	A	True	True		0.6403	0.6403	0.16567572	0.5953	1247.0
easy:363495004	easy	A	none	False	True		0.3281	0.2292	0.7570844300000001	0.2441	851.3
easy:55031000	easy	A	A	True	True		0.5323	0.5323	0.26873345000000004	0.4738	855.2
easy:11380006	easy	A	A	True	True		0.5382	0.5382	0.25862716	0.4805	1109.2
hard:126835002	hard	A	A	True	True		0.4768	0.4768	0.34091531	0.4114	942.6
hard:86133004	hard	A	A	True	True		0.3478	0.3478	0.51425097	0.2662	986.2
easy:61565001	easy	A	A	True	True		0.4221	0.4221	0.4137361400000001	0.3499	917.9
easy:271432005	easy	A	A	True	True		0.5992	0.5992	0.2087969	0.5491	876.4
hard:699866005	hard	A	A	True	True		0.3034	0.3034	0.60239958	0.2163	957.4
hard:363391009	hard	A	A	True	True		0.4367	0.4367	0.38923151	0.3662	829.8
none-narrower:431856006	none-narrower	none	none	True	False		0.3549	0.3549	0.50108388	0.2743	785.6
hard:230724001	hard	A	A	True	True		0.6834	0.6834	0.13110119999999997	0.6438	935.2
easy:5217008	easy	A	A	True	True		0.5379	0.5379	0.27562435999999996	0.4801	988.0
none-narrower:240499000	none-narrower	none	G	False	False		0.3107	0.257	0.69755934	0.2245	825.0
hard:72925005	hard	D	A	False	False		0.3447	0.0715	1.11340557	0.2628	1008.6
hard:110979008	hard	A	A	True	True		0.4545	0.4545	0.36458035999999994	0.3863	774.3
none-narrower:311000119101	none-narrower	none	A	False	False		0.4415	0.1934	0.87257926	0.3717	789.7
none-narrower:773774000	none-narrower	none	A	False	False		0.7499	0.1185	1.34389876	0.7186	1280.9
none-narrower:302909007	none-narrower	none	A	False	False		0.3387	0.2568	0.7028258100000001	0.256	921.9
easy:230228004	easy	A	A	True	True		0.698	0.698	0.11064554000000003	0.6602	1047.1
hard:700056005	hard	A	A	True	True		0.6343	0.6343	0.16449899	0.5886	962.6
hard:414783007	hard	A	A	True	True		0.612	0.612	0.18459273000000004	0.5635	928.0
hard:724282009	hard	A	A	True	True		0.7736	0.7736	0.06872066000000002	0.7453	900.8
easy:363394001	easy	A	C	False	True		0.3502	0.2528	0.7195001	0.269	893.1
none-narrower:95753002	none-narrower	none	A	False	False		0.6597	0.1612	1.1437953299999999	0.6171	647.2
none-narrower:43100002	none-narrower	none	none	True	False		0.2594	0.2594	0.6307736099999999	0.1668	921.3
easy:72621003	easy	A	A	True	True		0.4909	0.4909	0.36716997	0.4273	821.6
easy:302226006	easy	F	F	True	False		0.5296	0.5296	0.28029074000000004	0.4708	804.3
hard:236740006	hard	B	B	True	False		0.2741	0.2741	0.64551373	0.1833	949.3
none-narrower:12203991000119100	none-narrower	none	A	False	False		0.3522	0.2474	0.7216732399999999	0.2712	908.9
hard:48718006	hard	A	A	True	True		0.5866	0.5866	0.20623924999999999	0.5349	1066.7
hard:414545008	hard	A	none	False	True		0.4078	0.0808	1.0754326399999998	0.3338	907.9
retrieval-miss:312912001	retrieval-miss	none	none	True	False		0.5196	0.5196	0.27157370000000003	0.4596	898.2
easy:177504007	easy	A	A	True	True		0.5938	0.5938	0.23777121	0.543	1328.8
none-narrower:32130001000004108	none-narrower	none	H	False	False		0.2955	0.2901	0.67808034	0.2075	827.8
hard:698247007	hard	A	A	True	True		0.3237	0.3237	0.5502477899999999	0.2392	1011.0
easy:7847004	easy	A	A	True	True		0.5105	0.5105	0.30312578	0.4493	969.1
hard:725591002	hard	A	A	True	True		0.6415	0.6415	0.17340765000000002	0.5967	934.2
none-narrower:312601003	none-narrower	none	A	False	False		0.2989	0.2173	0.7444997199999999	0.2113	852.3
none-narrower:682421000119104	none-narrower	none	A	False	False		0.7387	0.112	1.33771255	0.7061	946.5
hard:186499007	hard	A	A	True	True		0.7105	0.7105	0.10994092	0.6743	1108.9
hard:699189004	hard	A	A	True	True		0.643	0.643	0.15741982999999996	0.5984	1270.7
hard:3577000	hard	A	A	True	True		0.4121	0.4121	0.41255957	0.3386	795.5
none-narrower:700346002	none-narrower	none	A	False	False		0.332	0.1755	0.84715348	0.2485	824.8
none-narrower:92901000087104	none-narrower	none	C	False	False		0.3652	0.2846	0.6732483500000002	0.2858	727.3
hard:91978004	hard	A	A	True	True		0.5576	0.5576	0.23236045000000005	0.5023	904.8
none-narrower:1255207005	none-narrower	none	A	False	False		0.7597	0.1341	1.3295623600000002	0.7297	1044.4
easy:703267003	easy	A	A	True	True		0.5075	0.5075	0.32367445000000006	0.446	1047.5
hard:765487008	hard	A	A	True	True		0.6441	0.6441	0.16177782	0.5996	1261.4
retrieval-miss:445918001	retrieval-miss	none	none	True	False		0.3206	0.3206	0.54517855	0.2356	861.0
none-narrower:235608007	none-narrower	none	A	False	False		0.3936	0.1908	0.84431281	0.3178	951.9
hard:68566005	hard	D	D	True	False		0.3449	0.3449	0.5500117600000001	0.263	856.3
easy:239065004	easy	C	A	False	False		0.5136	0.1979	0.9457125000000001	0.4528	1219.5
retrieval-miss:238020001	retrieval-miss	none	B	False	False		0.3718	0.2175	0.81500738	0.2932	944.4
none-narrower:15735161000119106	none-narrower	none	A	False	False		0.26	0.2039	0.76728362	0.1675	832.4
easy:702448007	easy	A	A	True	True		0.5342	0.5342	0.26473631999999997	0.476	887.1
none-narrower:704059008	none-narrower	none	A	False	False		0.5276	0.1972	0.94844188	0.4685	705.8
easy:87211000119104	easy	A	A	True	True		0.7687	0.7687	0.06757399999999997	0.7398	1210.3
hard:371582002	hard	D	none	False	False		0.3036	0.1147	0.9437793099999999	0.2166	760.2
none-narrower:8445003	none-narrower	none	none	True	False		0.4131	0.4131	0.43708399	0.3398	842.7
hard:48868008	hard	A	A	True	True		0.5899	0.5899	0.21742809000000002	0.5386	790.1
easy:403803002	easy	A	A	True	True		0.7813	0.7813	0.06607715	0.7539	1083.1
easy:254950006	easy	A	A	True	True		0.5366	0.5366	0.26439362000000005	0.4787	893.6
easy:302829009	easy	A	A	True	True		0.4641	0.4641	0.37304744	0.3971	936.3
hard:35728003	hard	A	A	True	True		0.5802	0.5802	0.21145722999999994	0.5277	1078.0
easy:93468003	easy	A	A	True	True		0.4995	0.4995	0.3416213299999999	0.4369	907.1
hard:33793000	hard	A	A	True	True		0.6433	0.6433	0.18729178000000002	0.5987	836.4
easy:76047005	easy	A	A	True	True		0.3296	0.3296	0.54817961	0.2459	1047.1
none-narrower:188289008	none-narrower	none	none	True	False		0.3693	0.3693	0.49157693	0.2905	845.0
hard:720501007	hard	A	A	True	True		0.7294	0.7294	0.09012291999999998	0.6956	999.7
easy:197480006	easy	A	A	True	True		0.4361	0.4361	0.38703220000000005	0.3656	671.0
hard:237965005	hard	A	A	True	True		0.5797	0.5797	0.22832546999999997	0.5271	870.4
hard:11010461000119101	hard	A	A	True	True		0.4153	0.4153	0.41240534	0.3422	991.1
hard:50658006	hard	A	A	True	True		0.5206	0.5206	0.3112920800000001	0.4607	1239.3
hard:717632002	hard	A	A	True	True		0.7187	0.7187	0.09891297	0.6835	1435.1
hard:237706000	hard	A	A	True	True		0.4045	0.4045	0.4496488299999999	0.33	968.5
easy:716647001	easy	A	A	True	True		0.4399	0.4399	0.42366833000000004	0.3699	920.9
none-narrower:121131000119109	none-narrower	none	C	False	False		0.5483	0.1048	1.14094502	0.4919	874.5
easy:204552001	easy	A	A	True	True		0.6613	0.6613	0.14432358	0.619	880.0
easy:197442005	easy	A	A	True	True		0.4081	0.4081	0.46311412999999996	0.3341	891.3
easy:186973005	easy	A	A	True	True		0.3313	0.3313	0.5629732200000002	0.2478	759.3
hard:73843004	hard	A	H	False	True		0.3164	0.2028	0.7760437000000001	0.2309	1265.9
none-narrower:16026631000119103	none-narrower	none	none	True	False		0.2548	0.2548	0.66530692	0.1617	961.7
hard:721629005	hard	A	A	True	True		0.4858	0.4858	0.34833542999999995	0.4215	987.7
hard:720954000	hard	A	A	True	True		0.7329	0.7329	0.0901928	0.6995	1167.0
easy:45650007	easy	A	A	True	True		0.4671	0.4671	0.33553763999999986	0.4005	914.3
none-narrower:309760004	none-narrower	none	none	True	False		0.2565	0.2565	0.6400668100000001	0.1635	852.1
none-narrower:551621000124109	none-narrower	none	A	False	False		0.4553	0.1657	0.94276372	0.3872	876.5
hard:3752003	hard	A	A	True	True		0.7764	0.7764	0.06885736	0.7485	1160.5
easy:718717004	easy	A	A	True	True		0.6808	0.6808	0.12662497000000003	0.6409	1058.2
easy:420120006	easy	A	A	True	True		0.8104	0.8104	0.04780958	0.7867	1059.3
hard:716008002	hard	A	A	True	True		0.759	0.759	0.07519851999999999	0.7289	1181.5
hard:92060009	hard	A	A	True	True		0.4829	0.4829	0.35610813	0.4182	917.2
none-narrower:353921000119103	none-narrower	none	A	False	False		0.7225	0.0843	1.3710140599999998	0.6879	1039.1
none-narrower:719860006	none-narrower	none	A	False	False		0.3096	0.1295	0.96115277	0.2234	787.4
hard:725390002	hard	A	C	False	True		0.4743	0.372	0.63101797	0.4086	1614.5
retrieval-miss:73123008	retrieval-miss	none	none	True	False		0.2779	0.2779	0.61752038	0.1877	1022.0
none-narrower:61048000	none-narrower	none	A	False	False		0.3413	0.1848	0.8336833300000001	0.2589	883.8
easy:68409003	easy	C	none	False	False		0.2884	0.1836	0.80666353	0.1995	851.0
hard:719574007	hard	A	A	True	True		0.6766	0.6766	0.13111015	0.6361	1174.0
easy:230500006	easy	A	A	True	True		0.4697	0.4697	0.35467521999999996	0.4034	884.0
hard:23412002	hard	A	A	True	True		0.572	0.572	0.23183957000000005	0.5185	1053.9
none-narrower:191692007	none-narrower	none	none	True	False		0.4689	0.4689	0.35843525	0.4025	840.0
easy:763739002	easy	A	A	True	True		0.7739	0.7739	0.07786544999999999	0.7457	1067.1
none-narrower:721166000	none-narrower	none	G	False	False		0.3577	0.3514	0.5709018900000001	0.2774	845.9
easy:17585008	easy	A	A	True	True		0.4911	0.4911	0.31885458	0.4275	857.6
easy:92039003	easy	A	A	True	True		0.3968	0.3968	0.5341624799999999	0.3214	969.8
hard:709416009	hard	A	A	True	True		0.5357	0.5357	0.27049735	0.4777	938.4
easy:715752006	easy	A	A	True	True		0.558	0.558	0.23023472999999994	0.5028	1201.5
hard:702442008	hard	A	A	True	True		0.6851	0.6851	0.14736104999999997	0.6458	1088.8
none-narrower:1231727005	none-narrower	none	none	True	False		0.228	0.228	0.6971110800000001	0.1315	880.6
easy:48553001	easy	A	A	True	True		0.6913	0.6913	0.12991314999999998	0.6528	812.5
hard:763774001	hard	A	A	True	True		0.6574	0.6574	0.14913982	0.6146	1082.9
easy:765485000	easy	A	A	True	True		0.6496	0.6496	0.15690465	0.6057	1187.3
hard:28987007	hard	A	A	True	True		0.4713	0.4713	0.3410394199999999	0.4052	932.1
hard:233858000	hard	A	A	True	True		0.5405	0.5405	0.3070810300000001	0.4831	803.5
easy:702375004	easy	A	A	True	True		0.5216	0.5216	0.2886835300000001	0.4618	847.1
hard:194350005	hard	A	A	True	True		0.4121	0.4121	0.41261483	0.3386	705.4
easy:91955005	easy	A	A	True	True		0.5806	0.5806	0.21925566	0.5281	988.4
hard:126971002	hard	A	A	True	True		0.5393	0.5393	0.2617962	0.4817	969.8
none-narrower:773700005	none-narrower	none	A	False	False		0.7011	0.1251	1.2632697099999999	0.6638	1030.9
easy:126834003	easy	A	A	True	True		0.5632	0.5632	0.23898428	0.5086	1015.8
easy:766937004	easy	A	A	True	True		0.87	0.87	0.02492325	0.8537	1306.1
hard:719268008	hard	A	A	True	True		0.7209	0.7209	0.11620565	0.6861	961.2
easy:6121001	easy	A	B	False	True		0.6648	0.1438	1.1923251499999998	0.623	877.7
easy:13706005	easy	A	A	True	True		0.6522	0.6522	0.15025928	0.6087	733.3
hard:109475005	hard	A	B	False	True		0.176	0.1531	0.82451996	0.073	961.1
hard:190953007	hard	A	A	True	True		0.6906	0.6906	0.13231297	0.652	853.9
hard:126880001	hard	A	A	True	True		0.6486	0.6486	0.17346529000000002	0.6047	860.8
easy:271569006	easy	A	A	True	True		0.4489	0.4489	0.3732052899999999	0.38	748.0
easy:92756002	easy	A	A	True	True		0.6983	0.6983	0.11937191999999998	0.6606	891.9
none-narrower:191508007	none-narrower	none	H	False	False		0.7109	0.2302	1.09893398	0.6748	889.4
hard:57406009	hard	A	A	True	True		0.6195	0.6195	0.18552008999999994	0.5719	900.4
none-narrower:1351962002	none-narrower	none	A	False	False		0.7443	0.1394	1.2967595600000001	0.7123	913.5
easy:47673003	easy	A	A	True	True		0.6576	0.6576	0.17012215000000003	0.6148	945.8
easy:279081001	easy	A	B	False	True		0.7133	0.1123	1.30768676	0.6775	905.7
retrieval-miss:91390005	retrieval-miss	none	none	True	False		0.2826	0.2826	0.63064355	0.1929	768.2
hard:85478004	hard	A	A	True	True		0.3534	0.3534	0.5044731500000001	0.2725	720.2
hard:723622007	hard	A	A	True	True		0.6962	0.6962	0.11611178999999999	0.6582	1238.7
none-narrower:251160002	none-narrower	none	B	False	False		0.2958	0.1252	0.93029469	0.2078	1147.4
easy:71638002	easy	A	A	True	True		0.357	0.357	0.52171145	0.2766	699.1
easy:715866009	easy	A	A	True	True		0.5157	0.5157	0.3079746799999999	0.4551	1009.5
easy:236302005	easy	A	A	True	True		0.6111	0.6111	0.19249002	0.5624	866.1
none-narrower:191519005	none-narrower	none	none	True	False		0.2943	0.2943	0.58625067	0.2061	914.6
none-narrower:770679002	none-narrower	none	B	False	False		0.8478	0.0805	1.5654001499999999	0.8288	927.3
hard:254666005	hard	A	A	True	True		0.38	0.38	0.49126239999999993	0.3025	802.9
hard:724064004	hard	A	A	True	True		0.7704	0.7704	0.07554389000000002	0.7417	1077.9
easy:254627002	easy	A	A	True	True		0.4441	0.4441	0.3911765500000001	0.3746	1069.6
hard:717044000	hard	A	A	True	True		0.2899	0.2899	0.5841112999999999	0.2012	1150.5
none-narrower:253204009	none-narrower	none	none	True	False		0.3213	0.3213	0.5334288	0.2364	783.2
easy:72262000	easy	A	A	True	True		0.4749	0.4749	0.3473565	0.4092	875.4
hard:378007	hard	A	none	False	True		0.364	0.1676	0.8985093099999999	0.2845	802.9
hard:445738007	hard	B	A	False	False		0.4022	0.3555	0.5993745700000002	0.3274	971.0
hard:43339004	hard	A	none	False	True		0.2716	0.1685	0.8508037300000001	0.1805	927.4
easy:428850001	easy	A	A	True	True		0.8493	0.8493	0.03226492999999998	0.8305	742.1
hard:363414004	hard	B	B	True	False		0.2308	0.2308	0.71996579	0.1347	822.0
easy:71912000	easy	A	A	True	True		0.3725	0.3725	0.47913939999999994	0.2941	678.2
none-narrower:700458001	none-narrower	none	A	False	False		0.57	0.2522	0.88960646	0.5162	841.4
hard:19943007	hard	A	A	True	True		0.7208	0.7208	0.10640165999999998	0.6859	760.7
hard:717941005	hard	A	A	True	True		0.654	0.654	0.15765310000000002	0.6108	868.4
easy:70572005	easy	A	A	True	True		0.4862	0.4862	0.32739486000000007	0.4219	818.6
easy:57203004	easy	A	A	True	True		0.3813	0.3813	0.4663112	0.304	709.9
none-narrower:448776002	none-narrower	none	none	True	False		0.3645	0.3645	0.47649713999999993	0.2851	776.6
hard:719836007	hard	A	B	False	True		0.2785	0.247	0.72305651	0.1883	1084.0
easy:275481002	easy	A	A	True	True		0.4601	0.4601	0.35611095	0.3926	797.3
easy:766981007	easy	A	A	True	True		0.5723	0.5723	0.23975644	0.5189	987.4
easy:126790004	easy	A	A	True	True		0.5801	0.5801	0.21098810000000007	0.5276	890.9
none-narrower:202941002	none-narrower	none	C	False	False		0.4359	0.246	0.78014682	0.3653	774.5
hard:91273001	hard	A	A	True	True		0.5347	0.5347	0.26585929	0.4765	797.0
none-narrower:771515001	none-narrower	none	A	False	False		0.6799	0.1401	1.20702325	0.6399	982.0
hard:726345000	hard	A	A	True	True		0.5075	0.5075	0.30161419000000006	0.4459	900.5
hard:26111005	hard	A	A	True	True		0.3742	0.3742	0.46835840000000006	0.296	773.1
none-narrower:703223000	none-narrower	none	A	False	False		0.4233	0.1699	0.9200150500000002	0.3512	821.2
easy:254778000	easy	A	A	True	True		0.8022	0.8022	0.055228519999999996	0.7775	938.4
easy:9740002	easy	A	A	True	True		0.3929	0.3929	0.48670469999999993	0.317	1097.4
easy:59655002	easy	A	A	True	True		0.4373	0.4373	0.40674058999999996	0.367	1166.1
easy:405501007	easy	A	A	True	True		0.4155	0.4155	0.41762657000000003	0.3424	891.2
hard:763128009	hard	A	A	True	True		0.8117	0.8117	0.04952093000000001	0.7882	871.8
hard:363443007	hard	A	A	True	True		0.3307	0.3307	0.5312633	0.247	903.2
hard:28488007	hard	A	A	True	True		0.6786	0.6786	0.13085522	0.6384	924.4
easy:764994007	easy	A	A	True	True		0.728	0.728	0.09506164000000002	0.694	1037.7
easy:733518000	easy	A	A	True	True		0.6205	0.6205	0.17400072999999996	0.5731	1263.9
easy:720955004	easy	A	A	True	True		0.7271	0.7271	0.09374001000000001	0.693	866.3
easy:44697002	easy	A	A	True	True		0.4979	0.4979	0.32378126	0.4351	1031.2
hard:278991002	hard	B	A	False	False		0.3809	0.2297	0.7922657900000001	0.3035	820.7
none-narrower:203343001	none-narrower	none	A	False	False		0.5574	0.1285	1.0903568399999999	0.5021	934.7
easy:10082001	easy	A	A	True	True		0.6265	0.6265	0.17852802000000004	0.5798	856.8
easy:63246000	easy	A	A	True	True		0.5638	0.5638	0.24006415000000003	0.5093	940.0
hard:404055006	hard	A	C	False	True		0.4662	0.1778	0.9247748100000001	0.3995	956.0
hard:156410002	hard	A	A	True	True		0.6971	0.6971	0.12941518	0.6593	697.4
hard:267534000	hard	A	A	True	True		0.3559	0.3559	0.49059890000000006	0.2753	835.6
easy:24326000	easy	A	B	False	True		0.3942	0.3573	0.58698416	0.3185	852.9
easy:71464000	easy	A	A	True	True		0.457	0.457	0.35098251999999996	0.3892	1027.2
hard:404808000	hard	A	A	True	True		0.5774	0.5774	0.21986656	0.5246	629.5
hard:423673009	hard	A	A	True	True		0.6488	0.6488	0.15837326	0.6049	728.7
hard:402296004	hard	A	A	True	True		0.5907	0.5907	0.21727269	0.5396	684.3
hard:84759007	hard	A	A	True	True		0.4707	0.4707	0.35366109	0.4045	741.3
none-narrower:10754961000119101	none-narrower	none	B	False	False		0.3045	0.2836	0.6465034099999998	0.2176	731.4
easy:89454001	easy	A	A	True	True		0.7146	0.7146	0.10365743	0.6789	841.0
hard:721883006	hard	A	A	True	True		0.6544	0.6544	0.14741296	0.6112	991.8
hard:7522008	hard	A	none	False	True		0.456	0.2298	0.8171429400000001	0.388	738.8
none-narrower:235659008	none-narrower	none	A	False	False		0.2668	0.2435	0.68576766	0.1752	669.0
hard:722375007	hard	A	A	True	True		0.8185	0.8185	0.053766089999999996	0.7958	989.9
hard:124220008	hard	C	C	True	False		0.5372	0.5372	0.27799677	0.4794	1069.5
easy:237705001	easy	A	A	True	True		0.563	0.563	0.23112171000000006	0.5084	819.3
hard:234584007	hard	A	A	True	True		0.6346	0.6346	0.18151163999999997	0.5889	752.1
none-narrower:57185003	none-narrower	none	A	False	False		0.3759	0.2345	0.7629571400000001	0.2979	700.9
none-narrower:389160009	none-narrower	none	A	False	False		0.2913	0.137	0.89224551	0.2027	1049.9
hard:233919006	hard	A	A	True	True		0.513	0.513	0.31053588	0.4521	731.7
easy:197660000	easy	A	A	True	True		0.5312	0.5312	0.28503781	0.4726	808.2
none-narrower:764092008	none-narrower	none	A	False	False		0.4853	0.1885	0.92222166	0.4209	674.2
hard:707310009	hard	A	A	True	True		0.6834	0.6834	0.13488076	0.6439	944.4
easy:447292006	easy	A	A	True	True		0.359	0.359	0.47146178999999994	0.2788	877.3
none-narrower:127045008	none-narrower	none	E	False	False		0.2363	0.1691	0.8128417399999999	0.1409	949.3
easy:764989007	easy	A	A	True	True		0.6243	0.6243	0.17801232000000003	0.5774	1070.6
hard:723406000	hard	A	A	True	True		0.7637	0.7637	0.07409261999999998	0.7341	962.3
hard:111196000	hard	A	A	True	True		0.7946	0.7946	0.053947360000000014	0.7689	804.3
easy:763794005	easy	A	A	True	True		0.3856	0.3856	0.44188672000000007	0.3087	942.9
retrieval-miss:64852002	retrieval-miss	none	none	True	False		0.3272	0.3272	0.5348483800000001	0.2431	970.5
easy:717761005	easy	A	A	True	True		0.8456	0.8456	0.031645389999999995	0.8263	892.1
easy:448670003	easy	A	A	True	True		0.2686	0.2686	0.6638300500000001	0.1772	742.3
hard:25904003	hard	A	A	True	True		0.5167	0.5167	0.27970503999999996	0.4563	784.5
hard:45369008	hard	A	A	True	True		0.5273	0.5273	0.32043124000000006	0.4682	890.1
easy:189099001	easy	A	A	True	True		0.5278	0.5278	0.2805306999999999	0.4688	892.8
hard:1779005	hard	A	A	True	True		0.5597	0.5597	0.24893225	0.5046	871.4
hard:870313002	hard	A	A	True	True		0.7439	0.7439	0.0824197	0.7119	813.6
easy:363378008	easy	B	B	True	False		0.266	0.266	0.64706529	0.1742	756.6
easy:399903008	easy	A	A	True	True		0.6201	0.6201	0.17240489000000003	0.5726	710.3
none-narrower:699785004	none-narrower	none	H	False	False		0.3728	0.3282	0.61061484	0.2944	685.2
easy:253231007	easy	A	A	True	True		0.5361	0.5361	0.26917833999999996	0.4781	636.0
easy:719171005	easy	A	A	True	True		0.4617	0.4617	0.37380003	0.3945	928.3
hard:442292004	hard	A	A	True	True		0.3754	0.3754	0.54595382	0.2973	599.8
none-narrower:1373832001	none-narrower	none	none	True	False		0.4921	0.4921	0.3178594	0.4287	607.4
easy:36188001	easy	A	A	True	True		0.7161	0.7161	0.13052928000000003	0.6806	878.2
easy:206292002	easy	A	A	True	True		0.7322	0.7322	0.09355328000000002	0.6988	584.3
easy:238627002	easy	A	A	True	True		0.5582	0.5582	0.23192315	0.5029	685.9
easy:27059002	easy	H	H	True	False		0.6545	0.6545	0.16032824000000004	0.6113	642.0
none-narrower:783155007	none-narrower	none	B	False	False		0.5773	0.1506	1.07070473	0.5245	811.9
retrieval-miss:28724005	retrieval-miss	none	none	True	False		0.2888	0.2888	0.5819137400000001	0.2	801.6
easy:725078006	easy	A	A	True	True		0.5556	0.5556	0.23460593000000002	0.5	997.2
easy:718574003	easy	A	A	True	True		0.8227	0.8227	0.045165500000000004	0.8006	793.2
none-narrower:240657005	none-narrower	none	B	False	False		0.266	0.2635	0.65162351	0.1742	638.2
hard:11282001	hard	A	A	True	True		0.5048	0.5048	0.28791869000000003	0.4429	812.1
hard:7379000	hard	A	A	True	True		0.5244	0.5244	0.27098694	0.4649	600.1
hard:84193000	hard	A	A	True	True		0.6382	0.6382	0.18486538	0.5929	754.8
hard:126963001	hard	A	A	True	True		0.5129	0.5129	0.28197305	0.452	713.4
hard:373604002	hard	A	A	True	True		0.6329	0.6329	0.16639329	0.587	696.1
easy:363473003	easy	A	B	False	True		0.2988	0.2103	0.7781035600000001	0.2112	636.6
none-narrower:87181002	none-narrower	none	none	True	False		0.4223	0.4223	0.41507264	0.3501	804.7
none-narrower:414927004	none-narrower	none	none	True	False		0.3713	0.3713	0.45150150000000006	0.2927	572.1
easy:231527003	easy	B	A	False	False		0.4769	0.149	1.02032504	0.4115	584.7
hard:722955006	hard	A	A	True	True		0.6866	0.6866	0.11558111000000001	0.6474	792.7
hard:63137003	hard	A	A	True	True		0.478	0.478	0.3754211400000001	0.4128	534.8
hard:764958008	hard	A	A	True	True		0.5785	0.5785	0.21049233	0.5258	939.9
none-narrower:413356003	none-narrower	none	A	False	False		0.5521	0.1389	1.10163552	0.4961	781.6
hard:83414005	hard	A	A	True	True		0.5207	0.5207	0.28763462	0.4608	580.2
none-narrower:720952001	none-narrower	none	A	False	False		0.6327	0.1033	1.2216975100000003	0.5868	851.6
hard:5299007	hard	A	A	True	True		0.3181	0.3181	0.5408106500000001	0.2329	515.2
easy:105632002	easy	A	A	True	True		0.4862	0.4862	0.33105225000000005	0.422	601.9
hard:204431007	hard	A	A	True	True		0.4925	0.4925	0.3462864200000001	0.429	647.2
hard:711543008	hard	A	A	True	True		0.638	0.638	0.15821092	0.5928	773.8
easy:716238003	easy	B	B	True	False		0.6891	0.6891	0.11753571999999998	0.6502	751.2
easy:445338005	easy	A	A	True	True		0.5389	0.5389	0.26121859999999997	0.4812	672.8
hard:38606009	hard	A	A	True	True		0.408	0.408	0.45515561000000015	0.334	664.0
easy:54385001	easy	A	A	True	True		0.6973	0.6973	0.12723706999999998	0.6595	806.3
easy:72789009	easy	A	A	True	True		0.4749	0.4749	0.35867284	0.4092	763.2
easy:371965009	easy	A	B	False	True		0.4133	0.2144	0.8276229099999999	0.3399	598.1
none-narrower:237620003	none-narrower	none	A	False	False		0.3177	0.2446	0.72822395	0.2324	619.9
easy:18377001	easy	A	A	True	True		0.344	0.344	0.51524809	0.262	603.8
easy:129623003	easy	A	A	True	True		0.7413	0.7413	0.08398785000000003	0.7089	697.2
hard:715726000	hard	A	A	True	True		0.4334	0.4334	0.38291146	0.3625	710.1
hard:52994003	hard	A	A	True	True		0.6111	0.6111	0.19968742	0.5625	595.1
easy:128139000	easy	A	none	False	True		0.1893	0.1791	0.7702708200000001	0.088	579.3
hard:402917003	hard	A	A	True	True		0.8091	0.8091	0.05070915999999999	0.7852	620.3
hard:81678004	hard	A	A	True	True		0.7057	0.7057	0.11507697	0.6689	746.7
easy:89870006	easy	A	A	True	True		0.5937	0.5937	0.20047548999999998	0.5429	783.3
easy:56805008	easy	A	A	True	True		0.6254	0.6254	0.18579949	0.5786	595.9
hard:307649006	hard	A	A	True	True		0.7258	0.7258	0.09699381	0.6915	746.6
hard:31658008	hard	A	B	False	True		0.2872	0.1968	0.80559495	0.1981	553.4
hard:80375002	hard	B	B	True	False		0.7945	0.7945	0.05678453	0.7689	550.8
hard:66351003	hard	A	A	True	True		0.691	0.691	0.12977692000000002	0.6524	830.2
easy:64235006	easy	A	A	True	True		0.5675	0.5675	0.2449753	0.5134	823.6
easy:92531006	easy	A	A	True	True		0.4785	0.4785	0.3235728500000001	0.4134	601.5
hard:14785004	hard	A	A	True	True		0.5827	0.5827	0.21811128999999999	0.5305	589.4
hard:72052003	hard	A	A	True	True		0.4888	0.4888	0.32657129	0.4249	532.6
hard:80258006	hard	A	A	True	True		0.6371	0.6371	0.15565530000000002	0.5918	786.4
hard:715562001	hard	A	A	True	True		0.5286	0.5286	0.25974150000000007	0.4697	887.8
none-narrower:722517009	none-narrower	none	A	False	False		0.617	0.1001	1.20688609	0.5691	1009.8
easy:722033000	easy	A	A	True	True		0.6043	0.6043	0.20462020000000006	0.5548	940.8
hard:277569004	hard	A	A	True	True		0.5624	0.5624	0.23877940999999997	0.5077	817.4
retrieval-miss:80321008	retrieval-miss	none	A	False	False		0.2833	0.2245	0.74016045	0.1937	813.8
easy:57534004	easy	A	A	True	True		0.4993	0.4993	0.3473141699999999	0.4367	552.6
hard:419893006	hard	A	A	True	True		0.5196	0.5196	0.30979615000000005	0.4595	630.7
easy:254943007	easy	A	A	True	True		0.4597	0.4597	0.36186176000000003	0.3921	645.0
easy:2992000	easy	A	none	False	True		0.3451	0.0998	1.02102774	0.2632	548.2
easy:5050001	easy	A	A	True	True		0.3122	0.3122	0.6080715499999999	0.2262	509.8
easy:764435003	easy	A	A	True	True		0.7684	0.7684	0.07425788000000001	0.7394	779.0
retrieval-miss:448015002	retrieval-miss	none	A	False	False		0.4778	0.2067	0.87472567	0.4126	570.6
none-narrower:890286007	none-narrower	none	A	False	False		0.5469	0.1371	1.06188181	0.4903	748.5
none-narrower:702715008	none-narrower	none	B	False	False		0.3352	0.2261	0.7556524100000002	0.2521	584.2
hard:42385006	hard	A	A	True	True		0.7389	0.7389	0.08698134	0.7063	679.9
retrieval-miss:403901001	retrieval-miss	none	A	False	False		0.3645	0.1215	0.9944077600000001	0.2851	834.4
none-narrower:55366007	none-narrower	none	A	False	False		0.4155	0.2364	0.7773021000000001	0.3424	691.1
hard:3855007	hard	A	A	True	True		0.421	0.421	0.4205437799999999	0.3486	684.0
hard:27194006	hard	A	A	True	True		0.5557	0.5557	0.24255906	0.5001	567.3
easy:254654004	easy	A	A	True	True		0.6487	0.6487	0.15564519999999996	0.6048	678.1
none-narrower:92375009	none-narrower	none	A	False	False		0.3798	0.1466	0.9105702699999999	0.3023	647.2
hard:8326008	hard	A	C	False	True		0.3636	0.1858	0.8343445800000001	0.284	526.8
easy:764105002	easy	A	A	True	True		0.6871	0.6871	0.12418202999999996	0.648	746.8
hard:766824003	hard	A	A	True	True		0.6931	0.6931	0.12807246999999997	0.6547	737.6
hard:230310003	hard	A	A	True	True		0.5637	0.5637	0.23177343000000003	0.5092	690.0
none-narrower:127213008	none-narrower	none	A	False	False		0.5022	0.1841	0.9383894999999999	0.44	611.0
none-narrower:415652006	none-narrower	none	A	False	False		0.3486	0.2903	0.65138523	0.2672	721.5
hard:716233007	hard	A	A	True	True		0.6765	0.6765	0.13238225	0.6361	754.6
easy:127232002	easy	C	A	False	False		0.5338	0.1136	1.10564636	0.4755	625.3
none-narrower:94129007	none-narrower	none	A	False	False		0.6851	0.1376	1.2218454900000002	0.6457	634.5
hard:234422006	hard	A	A	True	True		0.6697	0.6697	0.14799850000000003	0.6284	679.6
easy:42982001	easy	A	A	True	True		0.7179	0.7179	0.12007893	0.6827	881.1
easy:716662004	easy	A	A	True	True		0.342	0.342	0.5095559699999999	0.2597	677.6
hard:241774007	hard	A	A	True	True		0.7864	0.7864	0.06552504	0.7597	616.0
hard:237816004	hard	A	A	True	True		0.3777	0.3777	0.54493588	0.2999	609.4
easy:715710001	easy	A	A	True	True		0.5353	0.5353	0.27705769	0.4772	752.8
easy:95279007	easy	A	A	True	True		0.6369	0.6369	0.16710809000000001	0.5915	632.9
hard:193683001	hard	A	A	True	True		0.505	0.505	0.29991028999999997	0.4431	574.2
easy:39998009	easy	B	B	True	False		0.7	0.7	0.11756957000000001	0.6625	735.3
hard:725463007	hard	A	A	True	True		0.5858	0.5858	0.20878769000000003	0.534	843.1
hard:280483007	hard	A	A	True	True		0.4979	0.4979	0.37037002999999996	0.4351	780.7
hard:718182008	hard	A	A	True	True		0.5113	0.5113	0.28327699	0.4502	876.3
easy:722450007	easy	A	A	True	True		0.5505	0.5505	0.25944052	0.4943	779.6
easy:19885005	easy	A	A	True	True		0.634	0.634	0.16941234999999996	0.5882	517.1
easy:196609006	easy	A	none	False	True		0.3169	0.1001	1.01483521	0.2315	649.5
easy:37283009	easy	A	A	True	True		0.5168	0.5168	0.2981542299999999	0.4564	493.4
easy:424952003	easy	A	A	True	True		0.4525	0.4525	0.37416200000000005	0.384	587.2
hard:191382009	hard	A	B	False	True		0.4235	0.3122	0.6912269999999998	0.3514	569.9
none-narrower:446076000	none-narrower	none	none	True	False		0.2912	0.2912	0.63367288	0.2026	702.0
none-narrower:1290237009	none-narrower	none	none	True	False		0.2634	0.2634	0.6391133199999999	0.1713	620.1
none-narrower:128219005	none-narrower	none	none	True	False		0.3247	0.3247	0.5259291500000001	0.2403	550.0
retrieval-miss:233954004	retrieval-miss	none	none	True	False		0.4269	0.4269	0.4658468499999999	0.3553	615.5
hard:1156813002	hard	A	A	True	True		0.566	0.566	0.24329939000000003	0.5117	647.4
none-narrower:461098000	none-narrower	none	A	False	False		0.3753	0.214	0.80577664	0.2972	594.8
none-narrower:1177031006	none-narrower	none	A	False	False		0.4209	0.1967	0.8850405200000001	0.3486	613.6
easy:402824003	easy	A	A	True	True		0.4301	0.4301	0.43435855000000007	0.3589	489.3
easy:698021005	easy	A	A	True	True		0.5991	0.5991	0.21875198000000004	0.5489	798.8
none-narrower:1263652003	none-narrower	none	A	False	False		0.6237	0.1097	1.19791225	0.5767	743.2
hard:723826007	hard	A	A	True	True		0.8203	0.8203	0.04484157999999999	0.7979	893.0
none-narrower:763714006	none-narrower	none	A	False	False		0.6526	0.1874	1.09455136	0.6092	672.8
none-narrower:233762004	none-narrower	none	A	False	False		0.8118	0.1614	1.3623934	0.7883	584.7
hard:363478007	hard	A	A	True	True		0.4738	0.4738	0.40266944	0.408	585.4
hard:720855003	hard	A	A	True	True		0.6886	0.6886	0.12568551	0.6497	720.5
none-narrower:389237009	none-narrower	none	A	False	False		0.4414	0.1888	0.90855752	0.3716	698.1
easy:23150001	easy	A	A	True	True		0.8013	0.8013	0.05415401999999999	0.7765	650.7
easy:302870006	easy	A	A	True	True		0.6001	0.6001	0.21138152000000004	0.5501	609.8
none-narrower:89248000	none-narrower	none	A	False	False		0.4785	0.2136	0.86562842	0.4133	749.2
hard:254738007	hard	A	A	True	True		0.3964	0.3964	0.4580286600000001	0.3209	708.8
hard:73237007	hard	A	A	True	True		0.4058	0.4058	0.45880813000000015	0.3315	558.0
none-narrower:109805003	none-narrower	none	none	True	False		0.3071	0.3071	0.5826273000000001	0.2205	616.8
retrieval-miss:193466003	retrieval-miss	none	G	False	False		0.4096	0.2079	0.8272253200000002	0.3358	634.8
hard:234118009	hard	A	A	True	True		0.4175	0.4175	0.41347507000000006	0.3447	626.0
none-narrower:399959003	none-narrower	none	A	False	False		0.5277	0.1327	1.05045515	0.4687	626.2
hard:722449007	hard	A	A	True	True		0.7995	0.7995	0.05404115	0.7745	809.6
retrieval-miss:124646004	retrieval-miss	none	A	False	False		0.464	0.2436	0.8077133099999999	0.397	648.1
none-narrower:48780006	none-narrower	none	A	False	False		0.2631	0.1934	0.77202469	0.171	560.7
easy:109393007	easy	B	C	False	False		0.256	0.0996	0.9496419099999999	0.163	622.0
none-narrower:2129002	none-narrower	none	none	True	False		0.3126	0.3126	0.56685227	0.2267	631.1
easy:30915001	easy	A	A	True	True		0.6776	0.6776	0.13863799000000002	0.6373	655.0
easy:409671005	easy	A	A	True	True		0.6359	0.6359	0.16489971999999997	0.5904	672.0
none-narrower:860828007	none-narrower	none	E	False	False		0.2553	0.2254	0.7206698899999999	0.1622	674.5
hard:765046002	hard	A	A	True	True		0.6832	0.6832	0.12414168999999999	0.6436	958.1
hard:253170008	hard	A	A	True	True		0.5698	0.5698	0.22836887000000003	0.516	940.8
hard:124309005	hard	A	A	True	True		0.4555	0.4555	0.39365081	0.3874	700.4
none-narrower:896820003	none-narrower	none	none	True	False		0.3709	0.3709	0.5024898099999999	0.2923	601.1
easy:702447002	easy	A	A	True	True		0.6345	0.6345	0.17612545000000004	0.5888	718.0
none-narrower:1231278004	none-narrower	none	none	True	False		0.4169	0.4169	0.47590914999999995	0.344	562.2
hard:428041004	hard	A	A	True	True		0.7633	0.7633	0.07458711000000001	0.7337	608.9
none-narrower:341361000119108	none-narrower	none	A	False	False		0.2687	0.2687	0.6565683200000001	0.1773	602.1
retrieval-miss:49013001	retrieval-miss	none	A	False	False		0.6161	0.108	1.19325068	0.5682	849.1
hard:7111000119109	hard	B	B	True	False		0.6445	0.6445	0.1548044	0.6001	544.8
hard:600009	hard	A	A	True	True		0.6761	0.6761	0.15556518999999996	0.6356	719.1
none-narrower:1259031004	none-narrower	none	A	False	False		0.7305	0.1396	1.2774048500000004	0.6968	602.6
hard:44808001	hard	A	A	True	True		0.4032	0.4032	0.44109913	0.3286	593.5
easy:262521009	easy	A	A	True	True		0.3941	0.3941	0.47007989	0.3183	489.7
hard:363515000	hard	A	A	True	True		0.4035	0.4035	0.43713665000000007	0.3289	575.3
hard:28882002	hard	D	A	False	False		0.2805	0.1385	0.92278593	0.1905	639.0
hard:17709002	hard	A	A	True	True		0.6959	0.6959	0.12782946000000003	0.6579	576.8
hard:233763009	hard	A	A	True	True		0.5279	0.5279	0.30767247999999997	0.4689	652.7
none-narrower:186289000	none-narrower	none	A	False	False		0.602	0.1058	1.1896212099999999	0.5523	544.8
easy:16784003	easy	B	A	False	False		0.2286	0.2159	0.7375207100000001	0.1322	560.7
hard:402601007	hard	B	B	True	False		0.4994	0.4994	0.3235121799999999	0.4368	603.7
hard:765100000	hard	B	B	True	False		0.4193	0.4193	0.4366523199999999	0.3467	794.4
easy:733094005	easy	A	A	True	True		0.7198	0.7198	0.10027306999999999	0.6848	720.7
none-narrower:212953005	none-narrower	none	A	False	False		0.7216	0.1747	1.2036432400000003	0.6867	641.7
easy:21098003	easy	A	A	True	True		0.5481	0.5481	0.26509153999999996	0.4916	502.2
easy:724349009	easy	A	A	True	True		0.5309	0.5309	0.30621005999999995	0.4723	724.8
none-narrower:42746002	none-narrower	none	A	False	False		0.4223	0.2804	0.71550738	0.35	608.1
none-narrower:1259796004	none-narrower	none	A	False	False		0.3338	0.1808	0.8427899	0.2505	597.1
hard:72124005	hard	A	A	True	True		0.4712	0.4712	0.38532354999999996	0.4051	474.7
hard:699812002	hard	A	C	False	True		0.2648	0.2527	0.6729524200000001	0.1729	629.9
hard:717049005	hard	A	A	True	True		0.6833	0.6833	0.12276345999999999	0.6437	812.3
hard:424802006	hard	A	A	True	True		0.5153	0.5153	0.29470651000000003	0.4547	563.7
retrieval-miss:233982006	retrieval-miss	none	none	True	False		0.2453	0.2453	0.6616816300000001	0.1509	610.5
hard:699268002	hard	A	A	True	True		0.5663	0.5663	0.23669728	0.512	724.8
easy:400140006	easy	A	A	True	True		0.7017	0.7017	0.1066558	0.6645	855.5
hard:723307008	hard	A	A	True	True		0.7805	0.7805	0.06407492000000001	0.753	695.9
easy:719652007	easy	A	A	True	True		0.6552	0.6552	0.14300467	0.6121	817.3
none-narrower:123766008	none-narrower	none	none	True	False		0.3058	0.3058	0.5845437499999999	0.2191	564.8
easy:4996001	easy	A	none	False	True		0.3148	0.1264	0.9558709599999999	0.2292	799.3
hard:109298000	hard	A	A	True	True		0.511	0.511	0.32289029999999996	0.4499	622.5
easy:70995007	easy	A	A	True	True		0.3892	0.3892	0.52378445	0.3128	616.0
hard:201091002	hard	A	A	True	True		0.5979	0.5979	0.20519519	0.5477	687.4
easy:54470008	easy	C	C	True	False		0.6057	0.6057	0.19495769999999996	0.5565	884.0
retrieval-miss:37102008	retrieval-miss	none	none	True	False		0.2673	0.2673	0.6341300000000001	0.1757	579.0
hard:722206009	hard	A	A	True	True		0.8192	0.8192	0.04643693999999998	0.7965	609.0
easy:200936003	easy	A	A	True	True		0.565	0.565	0.22938325000000004	0.5106	740.8
hard:230293003	hard	A	A	True	True		0.6641	0.6641	0.14069815	0.6221	661.6
hard:314757003	hard	A	A	True	True		0.7554	0.7554	0.07464923000000001	0.7248	594.6
none-narrower:1187048006	none-narrower	none	B	False	False		0.3502	0.2142	0.81394367	0.269	692.2
none-narrower:87816000	none-narrower	none	C	False	False		0.2783	0.2349	0.71237498	0.1881	582.9
easy:65976001	easy	A	A	True	True		0.3491	0.3491	0.53274361	0.2678	659.7
hard:231858009	hard	A	A	True	True		0.4097	0.4097	0.45009718000000004	0.3359	602.4
none-narrower:15978511000119100	none-narrower	none	none	True	False		0.4142	0.4142	0.43791588	0.3409	610.0
easy:93145002	easy	A	A	True	True		0.2903	0.2903	0.59430007	0.2016	615.1
easy:702617007	easy	A	A	True	True		0.7137	0.7137	0.12161515999999999	0.6779	768.1
hard:720565000	hard	A	A	True	True		0.7492	0.7492	0.0820641	0.7178	696.0
easy:715487005	easy	A	A	True	True		0.7739	0.7739	0.06576959999999998	0.7456	723.4
easy:232254004	easy	A	A	True	True		0.4404	0.4404	0.42004518999999996	0.3705	602.6
easy:187732006	easy	A	D	False	True		0.4141	0.1268	0.9957814	0.3408	561.5
easy:41345002	easy	A	A	True	True		0.709	0.709	0.10499715000000003	0.6726	577.2
none-narrower:15699121000119104	none-narrower	none	A	False	False		0.3563	0.1828	0.8513878100000001	0.2758	524.0
none-narrower:249446000	none-narrower	none	A	False	False		0.3549	0.1118	1.00307701	0.2742	688.3
easy:718222000	easy	A	B	False	True		0.4184	0.4001	0.5450443700000001	0.3457	704.0
easy:52404001	easy	A	A	True	True		0.6626	0.6626	0.16907119000000004	0.6204	826.2
hard:725033008	hard	B	B	True	False		0.3897	0.3897	0.54171939	0.3134	794.1
none-narrower:1193650002	none-narrower	none	D	False	False		0.436	0.2106	0.843274	0.3655	623.3
easy:83799000	easy	B	B	True	False		0.5984	0.5984	0.19322523999999996	0.5482	712.8
hard:44882003	hard	A	A	True	True		0.5899	0.5899	0.22177391000000002	0.5387	571.7
easy:424413001	easy	A	A	True	True		0.7278	0.7278	0.09327165	0.6938	570.4
easy:68982002	easy	A	A	True	True		0.7289	0.7289	0.09673747	0.695	566.0
hard:3218000	hard	A	A	True	True		0.4122	0.4122	0.43908157999999997	0.3388	524.7
easy:43363007	easy	A	A	True	True		0.5629	0.5629	0.23383788000000005	0.5082	512.3
easy:76069003	easy	A	A	True	True		0.3624	0.3624	0.4870863899999999	0.2827	497.1
easy:421529006	easy	F	none	False	False		0.4128	0.1723	0.9074756799999999	0.3394	660.2
hard:371197005	hard	A	none	False	True		0.2913	0.0937	0.97674458	0.2028	552.0
hard:255015006	hard	A	A	True	True		0.5362	0.5362	0.27131450999999995	0.4783	579.2
easy:254620000	easy	A	A	True	True		0.6274	0.6274	0.17010824000000002	0.5809	659.2
retrieval-miss:1259003	retrieval-miss	none	A	False	False		0.2594	0.2561	0.6678006000000001	0.1669	768.4
hard:254794007	hard	A	A	True	True		0.6785	0.6785	0.13499337	0.6383	636.7
retrieval-miss:720830009	retrieval-miss	none	B	False	False		0.4513	0.0846	1.10854013	0.3827	763.9
hard:446096008	hard	A	A	True	True		0.6637	0.6637	0.14266754	0.6216	531.4
none-narrower:321131000119100	none-narrower	none	B	False	False		0.3488	0.1705	0.86101183	0.2674	590.1
hard:733045005	hard	A	A	True	True		0.6426	0.6426	0.15784268	0.5979	840.7
hard:713060000	hard	A	A	True	True		0.294	0.294	0.6541916499999999	0.2057	651.0
easy:1493002	easy	A	A	True	True		0.4767	0.4767	0.37038765999999995	0.4113	555.4
hard:22451001	hard	A	A	True	True		0.5314	0.5314	0.2938797700000001	0.4728	614.4
easy:267395000	easy	A	A	True	True		0.55	0.55	0.27879328999999997	0.4938	520.9
easy:768935003	easy	A	A	True	True		0.5765	0.5765	0.21080111	0.5236	903.5
none-narrower:413808003	none-narrower	none	H	False	False		0.2874	0.2538	0.6768923199999999	0.1983	695.9
hard:726350006	hard	A	A	True	True		0.4573	0.4573	0.37097364	0.3895	639.0
hard:715564000	hard	B	none	False	False		0.3159	0.2506	0.7445183900000001	0.2304	708.8
none-narrower:21071000119101	none-narrower	none	A	False	False		0.4344	0.2618	0.76754773	0.3636	545.5
none-narrower:126780007	none-narrower	none	A	False	False		0.4303	0.1784	0.92354072	0.359	512.3
hard:254084008	hard	A	A	True	True		0.3382	0.3382	0.50868396	0.2555	626.7
hard:312917007	hard	A	A	True	True		0.658	0.658	0.13807708	0.6152	595.6
easy:36485005	easy	A	A	True	True		0.6321	0.6321	0.18048812000000003	0.5861	551.2
hard:14783006	hard	A	H	False	True		0.2425	0.1652	0.8317913400000001	0.1479	530.1
hard:4340003	hard	A	A	True	True		0.5141	0.5141	0.27798405000000004	0.4533	618.0
none-narrower:276675009	none-narrower	none	A	False	False		0.2311	0.2289	0.7044036	0.135	518.4
hard:125666000	hard	A	A	True	True		0.4673	0.4673	0.3704228499999999	0.4007	569.0
hard:64009001	hard	A	A	True	True		0.6202	0.6202	0.19247731	0.5727	604.8
easy:62110005	easy	A	A	True	True		0.7146	0.7146	0.11065408999999998	0.6789	745.2
retrieval-miss:238700008	retrieval-miss	none	A	False	False		0.3755	0.1819	0.8867949	0.2975	653.0
easy:92413008	easy	A	A	True	True		0.4428	0.4428	0.38874351999999984	0.3731	637.6
easy:723360007	easy	C	A	False	False		0.4723	0.3328	0.67748581	0.4063	574.8
hard:34225008	hard	A	A	True	True		0.7103	0.7103	0.11565874999999998	0.6741	627.9
hard:9631008	hard	A	A	True	True		0.7197	0.7197	0.10057538999999999	0.6846	536.5
hard:372100004	hard	A	A	True	True		0.6599	0.6599	0.15008248999999999	0.6174	627.2
none-narrower:187662005	none-narrower	none	none	True	False		0.3529	0.3529	0.53778974	0.272	569.8
easy:36753006	easy	A	A	True	True		0.3438	0.3438	0.55824458	0.2618	794.8
easy:719256004	easy	A	A	True	True		0.7493	0.7493	0.08039768000000003	0.718	589.3
none-narrower:1076881000119103	none-narrower	none	A	False	False		0.6579	0.2384	1.01537224	0.6151	564.1
none-narrower:403903003	none-narrower	none	A	False	False		0.5228	0.1683	0.98167824	0.4632	633.3
hard:719518004	hard	A	A	True	True		0.7693	0.7693	0.06460384000000001	0.7404	740.2
hard:716006003	hard	A	A	True	True		0.7599	0.7599	0.07429039	0.7299	776.9
none-narrower:769219006	none-narrower	none	H	False	False		0.3972	0.2484	0.75684317	0.3218	604.5
easy:238626006	easy	A	A	True	True		0.4499	0.4499	0.36095174	0.3811	632.7
retrieval-miss:230410004	retrieval-miss	none	A	False	False		0.307	0.0783	1.02317303	0.2204	774.4
hard:126853008	hard	A	A	True	True		0.498	0.498	0.32956221	0.4352	537.7
hard:765057007	hard	A	A	True	True		0.8667	0.8667	0.02544357999999999	0.8501	761.5
hard:104431000119107	hard	A	A	True	True		0.6262	0.6262	0.17792351	0.5795	707.4
easy:87074006	easy	A	A	True	True		0.5931	0.5931	0.22954253000000002	0.5423	600.0
hard:699676006	hard	A	A	True	True		0.5413	0.5413	0.25569511	0.484	544.3
none-narrower:405539004	none-narrower	none	C	False	False		0.3279	0.2715	0.67911956	0.2439	620.3
none-narrower:296561000119108	none-narrower	none	A	False	False		0.7224	0.1072	1.32830176	0.6877	645.7
hard:717055000	hard	A	A	True	True		0.7603	0.7603	0.07136378000000002	0.7303	552.7
hard:724066002	hard	A	A	True	True		0.7085	0.7085	0.11154202	0.6721	767.6
hard:404041003	hard	A	none	False	True		0.3069	0.2042	0.7908330100000001	0.2202	643.5
hard:409658007	hard	A	A	True	True		0.6789	0.6789	0.13566366000000002	0.6387	526.8
hard:720010009	hard	A	A	True	True		0.7652	0.7652	0.06993338	0.7359	775.6
none-narrower:71003000	none-narrower	none	H	False	False		0.2827	0.2513	0.6922685	0.193	633.4
easy:204319006	easy	A	A	True	True		0.8015	0.8015	0.05907883	0.7767	610.3
hard:768556005	hard	A	A	True	True		0.7477	0.7477	0.07666549999999998	0.7162	736.8
none-narrower:399723004	none-narrower	none	none	True	False		0.2295	0.2295	0.6861670599999999	0.1331	629.6
easy:205649008	easy	C	D	False	False		0.2195	0.1795	0.7889501800000001	0.122	625.7
hard:30496006	hard	B	A	False	False		0.4058	0.3568	0.59971172	0.3315	712.3
easy:360378009	easy	A	A	True	True		0.6456	0.6456	0.16439543000000004	0.6013	689.0
hard:254637007	hard	A	A	True	True		0.6066	0.6066	0.19126987999999995	0.5575	643.7
hard:423607006	hard	A	A	True	True		0.6841	0.6841	0.12613811999999996	0.6446	643.1
easy:85901000	easy	A	A	True	True		0.6429	0.6429	0.16854546999999998	0.5983	647.6
hard:274718005	hard	A	A	True	True		0.7253	0.7253	0.10447070000000006	0.691	509.3
easy:81285006	easy	A	A	True	True		0.3171	0.3171	0.5739112600000001	0.2318	569.4
none-narrower:765481009	none-narrower	none	A	False	False		0.5019	0.2459	0.83168832	0.4396	551.6
none-narrower:430348006	none-narrower	none	A	False	False		0.2801	0.273	0.6427830199999999	0.1901	556.2
easy:719576009	easy	A	A	True	True		0.4828	0.4828	0.33009984000000003	0.4182	864.3
easy:763130006	easy	A	A	True	True		0.6827	0.6827	0.12910465000000002	0.6431	646.5
none-narrower:22721008	none-narrower	none	H	False	False		0.5861	0.1939	1.00567346	0.5344	652.8
easy:29352008	easy	A	A	True	True		0.4446	0.4446	0.38570452	0.3752	654.8
easy:719646006	easy	A	A	True	True		0.7419	0.7419	0.08253753999999999	0.7096	758.2
hard:15188001	hard	A	A	True	True		0.5939	0.5939	0.20385027000000003	0.5431	539.8
easy:79674009	easy	A	A	True	True		0.2713	0.2713	0.65894744	0.1802	759.8
retrieval-miss:45894003	retrieval-miss	none	none	True	False		0.3809	0.3809	0.45024047	0.3036	598.5
hard:726341009	hard	A	A	True	True		0.3528	0.3528	0.5353654	0.2719	649.9
none-narrower:266571009	none-narrower	none	A	False	False		0.5884	0.2311	0.9450410400000002	0.537	505.7
retrieval-miss:254150007	retrieval-miss	none	A	False	False		0.365	0.3477	0.57984207	0.2856	673.7
hard:40159009	hard	A	D	False	True		0.3783	0.0932	1.03834933	0.3006	589.4
none-narrower:735522008	none-narrower	none	none	True	False		0.338	0.338	0.55758654	0.2552	565.7
easy:718632004	easy	A	A	True	True		0.5979	0.5979	0.22207269999999996	0.5477	662.1
hard:80544005	hard	A	A	True	True		0.617	0.617	0.19957693	0.5691	623.0
none-narrower:447139008	none-narrower	none	A	False	False		0.4875	0.1643	1.01112911	0.4235	464.1
none-narrower:127321000	none-narrower	none	A	False	False		0.3441	0.1971	0.80859945	0.2621	585.0
easy:716092007	easy	A	A	True	True		0.7285	0.7285	0.10257166999999998	0.6945	740.4
hard:716775009	hard	A	A	True	True		0.7718	0.7718	0.06833930999999997	0.7433	686.4
easy:733110004	easy	A	A	True	True		0.6174	0.6174	0.20490259000000002	0.5695	785.4
hard:721221000	hard	C	C	True	False		0.5625	0.5625	0.25250898	0.5078	730.6
easy:105261000119101	easy	A	A	True	True		0.5277	0.5277	0.2822409500000001	0.4686	599.8
easy:84241008	easy	A	B	False	True		0.463	0.1985	0.8984985999999999	0.3959	597.2
easy:398831006	easy	A	A	True	True		0.2721	0.2721	0.6435887	0.1811	618.5
hard:367601000119103	hard	A	A	True	True		0.63	0.63	0.17589083	0.5838	640.9
easy:716007007	easy	A	A	True	True		0.7225	0.7225	0.09480699999999999	0.6878	715.8
hard:46168003	hard	A	none	False	True		0.2985	0.1486	0.8886656499999999	0.2108	568.8
easy:16059006	easy	A	A	True	True		0.5621	0.5621	0.23544531999999996	0.5074	764.2
hard:37075008	hard	E	none	False	False		0.2746	0.1459	0.8901728199999999	0.184	497.6
easy:46206005	easy	A	A	True	True		0.5219	0.5219	0.29864278999999994	0.4621	475.2
hard:717827000	hard	A	A	True	True		0.696	0.696	0.11463787000000003	0.658	705.1
hard:1475003	hard	A	A	True	True		0.4153	0.4153	0.42995564000000003	0.3422	582.4
none-narrower:86100009	none-narrower	none	A	False	False		0.2974	0.1651	0.87342144	0.2096	626.3
easy:234500001	easy	A	A	True	True		0.6342	0.6342	0.16473673	0.5884	633.4
easy:715673002	easy	A	A	True	True		0.7238	0.7238	0.09709181	0.6893	860.9
retrieval-miss:2109003	retrieval-miss	none	none	True	False		0.2856	0.2856	0.62476011	0.1963	665.2
hard:277602003	hard	A	A	True	True		0.6903	0.6903	0.12262837999999998	0.6515	633.7
hard:363425008	hard	A	A	True	True		0.4714	0.4714	0.34649881	0.4054	640.9
retrieval-miss:188274004	retrieval-miss	none	none	True	False		0.4191	0.4191	0.41154754	0.3465	528.4
easy:198297004	easy	A	A	True	True		0.2966	0.2966	0.6104219700000002	0.2086	563.4
hard:718200007	hard	A	A	True	True		0.7304	0.7304	0.09395348999999996	0.6967	610.1
none-narrower:48352007	none-narrower	none	E	False	False		0.217	0.2108	0.72317666	0.1192	470.0
easy:716279002	easy	A	A	True	True		0.7442	0.7442	0.09387763000000002	0.7122	778.5
easy:720950009	easy	A	A	True	True		0.7424	0.7424	0.08117169000000003	0.7102	664.7
none-narrower:1332388003	none-narrower	none	A	False	False		0.7326	0.1148	1.33102368	0.6992	630.9
hard:33979003	hard	A	A	True	True		0.6462	0.6462	0.15767151999999998	0.602	635.5
easy:45281005	easy	A	D	False	True		0.2836	0.2037	0.7923842400000001	0.194	497.9
none-narrower:1237368006	none-narrower	none	A	False	False		0.6707	0.1309	1.22394714	0.6295	788.9
none-narrower:94166001	none-narrower	none	A	False	False		0.3422	0.3402	0.5729401599999999	0.26	628.2
hard:254066006	hard	A	A	True	True		0.7908	0.7908	0.06249835000000002	0.7647	649.5
none-narrower:191668004	none-narrower	none	none	True	False		0.3028	0.3028	0.63791896	0.2156	514.7
hard:764711007	hard	A	A	True	True		0.7651	0.7651	0.06880076	0.7357	765.1
hard:254712007	hard	A	A	True	True		0.538	0.538	0.25497351999999995	0.4803	582.8
easy:70041004	easy	A	B	False	True		0.4067	0.1933	0.8604013599999999	0.3326	658.7
none-narrower:24285001	none-narrower	none	A	False	False		0.3052	0.1982	0.7976508800000001	0.2184	668.5
easy:389214003	easy	A	A	True	True		0.8203	0.8203	0.04261169999999999	0.7979	794.3
hard:79037006	hard	A	A	True	True		0.771	0.771	0.07620489	0.7423	554.6
easy:69195002	easy	A	B	False	True		0.4003	0.1746	0.90372883	0.3253	551.9
easy:9014002	easy	A	A	True	True		0.7788	0.7788	0.06854732999999998	0.7512	529.2
hard:410016009	hard	A	A	True	True		0.7713	0.7713	0.08603194000000002	0.7427	717.7
hard:69278003	hard	A	A	True	True		0.8307	0.8307	0.040082080000000006	0.8096	593.5
none-narrower:399899001	none-narrower	none	A	False	False		0.3933	0.185	0.86066554	0.3174	642.3
none-narrower:1237571004	none-narrower	none	D	False	False		0.4469	0.0822	1.1562953599999999	0.3778	716.2
hard:91521000119104	hard	A	A	True	True		0.4683	0.4683	0.36781814000000007	0.4018	545.2
easy:267431006	easy	A	A	True	True		0.2915	0.2915	0.59038789	0.2029	489.4
none-narrower:307762000	none-narrower	none	none	True	False		0.3706	0.3706	0.51032296	0.292	487.9
easy:231824001	easy	A	A	True	True		0.3574	0.3574	0.4971806900000001	0.2771	558.1
hard:128606002	hard	A	none	False	True		0.3314	0.3209	0.59650645	0.2478	544.8
easy:16872008	easy	A	A	True	True		0.5282	0.5282	0.34372885000000003	0.4692	565.3
hard:52179003	hard	A	E	False	True		0.399	0.1393	0.95450996	0.3239	628.1
none-narrower:38725001	none-narrower	none	A	False	False		0.4914	0.252	0.8250988100000001	0.4278	540.7
easy:60676002	easy	A	A	True	True		0.5141	0.5141	0.27363677999999997	0.4534	568.3
easy:239020008	easy	A	A	True	True		0.515	0.515	0.28570073	0.4544	598.4
hard:66207005	hard	D	D	True	False		0.784	0.784	0.07460193999999999	0.7569	635.5
none-narrower:44549008	none-narrower	none	A	False	False		0.5804	0.1566	1.0617036100000001	0.528	543.9
none-narrower:1373821001	none-narrower	none	none	True	False		0.6478	0.6478	0.16303753999999998	0.6037	619.2
hard:187777008	hard	A	A	True	True		0.5272	0.5272	0.28427294	0.4681	622.0
easy:406506008	easy	E	A	False	False		0.7663	0.0225	1.5675362900000003	0.7371	591.1
easy:444645005	easy	A	A	True	True		0.6602	0.6602	0.15912045	0.6177	568.2
hard:92470003	hard	A	A	True	True		0.4583	0.4583	0.34856030000000005	0.3905	608.6
hard:30188007	hard	A	A	True	True		0.8213	0.8213	0.04613618999999999	0.7989	666.1
easy:11934000	easy	A	A	True	True		0.7517	0.7517	0.09161682999999998	0.7207	501.8
none-narrower:702399004	none-narrower	none	B	False	False		0.4886	0.1211	1.09933956	0.4247	516.5
none-narrower:75803007	none-narrower	none	none	True	False		0.3825	0.3825	0.5224911799999999	0.3054	545.3
retrieval-miss:205550003	retrieval-miss	none	A	False	False		0.4218	0.0986	1.0420977200000001	0.3495	525.5
hard:230284004	hard	A	A	True	True		0.3826	0.3826	0.46636537999999994	0.3054	655.3
hard:363354003	hard	A	B	False	True		0.3336	0.2213	0.7830375299999999	0.2503	587.9
none-narrower:197599000	none-narrower	none	A	False	False		0.276	0.2333	0.7334479599999999	0.1855	554.4
easy:734024009	easy	A	A	True	True		0.6651	0.6651	0.14744706999999996	0.6233	689.7
easy:716195006	easy	A	A	True	True		0.6941	0.6941	0.11220139999999998	0.6558	771.1
retrieval-miss:275498002	retrieval-miss	none	A	False	False		0.5712	0.1764	1.0214654300000001	0.5176	554.4
easy:716741008	easy	A	A	True	True		0.2064	0.2064	0.7225233799999999	0.1072	744.1
easy:6631009	easy	A	A	True	True		0.5243	0.5243	0.27462834999999997	0.4648	640.6
easy:76902006	easy	A	A	True	True		0.4486	0.4486	0.43809237	0.3797	729.9
easy:723308003	easy	A	A	True	True		0.6254	0.6254	0.19021239	0.5785	768.1
none-narrower:86333008	none-narrower	none	none	True	False		0.3322	0.3322	0.5930017599999999	0.2487	567.4
hard:21848000	hard	A	A	True	True		0.3358	0.3358	0.53106317	0.2528	562.3
none-narrower:74142004	none-narrower	none	none	True	False		0.4102	0.4102	0.3994799	0.3365	561.5
hard:24867002	hard	B	A	False	False		0.3751	0.2046	0.8505592799999999	0.297	558.0
easy:20639004	easy	A	A	True	True		0.7298	0.7298	0.09443361	0.696	595.1
easy:45913009	easy	A	A	True	True		0.5416	0.5416	0.27116859000000004	0.4843	580.3
easy:63122002	easy	A	none	False	True		0.5677	0.1813	1.00983425	0.5136	684.9
easy:277155005	easy	A	A	True	True		0.4276	0.4276	0.38481073000000005	0.3561	516.6
easy:64479007	easy	A	none	False	True		0.2354	0.1836	0.82502335	0.1398	599.2
none-narrower:4477007	none-narrower	none	C	False	False		0.484	0.1662	0.9496057499999999	0.4195	681.7
easy:448315008	easy	A	A	True	True		0.3586	0.3586	0.5299588699999999	0.2784	568.3
hard:707354003	hard	A	A	True	True		0.4997	0.4997	0.3036202	0.4372	642.6
hard:64250002	hard	A	A	True	True		0.3771	0.3771	0.47220037000000004	0.2992	586.3
easy:716169009	easy	A	A	True	True		0.6022	0.6022	0.22565682000000004	0.5525	716.2
easy:18910001	easy	A	A	True	True		0.4232	0.4232	0.39941263999999993	0.3511	533.9
easy:111405003	easy	A	A	True	True		0.538	0.538	0.31122836	0.4803	729.5
easy:75116005	easy	A	A	True	True		0.6189	0.6189	0.22184109999999999	0.5713	718.1
none-narrower:201988000	none-narrower	none	A	False	False		0.5371	0.2036	0.93435237	0.4792	543.4
hard:405810005	hard	A	A	True	True		0.7667	0.7667	0.07505647999999998	0.7376	665.8
easy:733085004	easy	A	A	True	True		0.3898	0.3898	0.46815045000000005	0.3136	907.1
none-narrower:195812001	none-narrower	none	A	False	False		0.3933	0.1774	0.88084362	0.3175	535.7
none-narrower:399207003	none-narrower	none	none	True	False		0.313	0.313	0.58292138	0.2271	523.0
hard:84777002	hard	A	A	True	True		0.2224	0.2224	0.7068868600000001	0.1252	540.8
hard:733599009	hard	B	B	True	False		0.3609	0.3609	0.51194575	0.281	814.6
hard:720520009	hard	A	A	True	True		0.699	0.699	0.11563212000000003	0.6614	699.3
easy:33595009	easy	A	A	True	True		0.453	0.453	0.37998824	0.3846	576.9
easy:11666007	easy	A	A	True	True		0.6015	0.6015	0.21727767999999997	0.5517	692.6
hard:55444004	hard	A	A	True	True		0.5731	0.5731	0.22264356999999999	0.5197	584.4
easy:10741005	easy	A	A	True	True		0.434	0.434	0.3921082400000001	0.3632	589.2
hard:190919008	hard	A	A	True	True		0.6141	0.6141	0.21640457000000002	0.5659	515.1
easy:233621003	easy	A	A	True	True		0.5399	0.5399	0.25848182	0.4823	551.9
hard:443937008	hard	A	A	True	True		0.7185	0.7185	0.10303002999999998	0.6833	559.6
hard:707405009	hard	A	A	True	True		0.3665	0.3665	0.4714286999999999	0.2873	565.0
easy:109041000119107	easy	A	A	True	True		0.4551	0.4551	0.3780973899999999	0.387	616.9
hard:7620006	hard	A	A	True	True		0.541	0.541	0.28956522999999995	0.4836	562.0
hard:45853006	hard	A	A	True	True		0.8352	0.8352	0.04107977999999998	0.8146	699.7
easy:721187005	easy	A	B	False	True		0.4059	0.2272	0.7971450400000001	0.3316	731.6
easy:71325002	easy	A	A	True	True		0.5878	0.5878	0.20128523	0.5363	564.6
hard:192727001	hard	D	D	True	False		0.7284	0.7284	0.09005449999999998	0.6944	574.1
hard:235603003	hard	A	A	True	True		0.5383	0.5383	0.26543873	0.4806	547.9
hard:83275001	hard	A	A	True	True		0.5676	0.5676	0.24164307000000002	0.5136	444.4
retrieval-miss:49562005	retrieval-miss	none	B	False	False		0.2314	0.1125	0.9244473	0.1353	595.9
none-narrower:16466741000119102	none-narrower	none	A	False	False		0.5927	0.1724	1.04806593	0.5418	587.4
hard:39462005	hard	A	A	True	True		0.8399	0.8399	0.03765225000000001	0.8199	555.7
hard:74728003	hard	A	A	True	True		0.7365	0.7365	0.08843218999999997	0.7036	585.5
hard:73397007	hard	A	A	True	True		0.8061	0.8061	0.056608619999999985	0.7819	558.6
easy:86095007	easy	A	A	True	True		0.4848	0.4848	0.31773432	0.4204	572.2
hard:448254007	hard	A	A	True	True		0.5858	0.5858	0.20400163000000004	0.5341	600.1
easy:109378008	easy	A	A	True	True		0.6092	0.6092	0.19928248000000004	0.5604	699.0
hard:715415005	hard	A	A	True	True		0.7264	0.7264	0.09179808999999997	0.6922	662.7
easy:85149007	easy	A	A	True	True		0.6768	0.6768	0.15171528	0.6364	791.5
hard:763455008	hard	A	C	False	True		0.3022	0.0704	1.06070843	0.215	926.1
none-narrower:1197333008	none-narrower	none	none	True	False		0.3087	0.3087	0.5602152600000001	0.2222	507.5
hard:92246000	hard	A	A	True	True		0.4604	0.4604	0.36557402000000006	0.3929	580.1
none-narrower:61458006	none-narrower	none	A	False	False		0.5283	0.1534	1.0149740299999999	0.4693	689.5
hard:715626008	hard	A	A	True	True		0.696	0.696	0.11861341000000002	0.658	627.7
hard:717181004	hard	A	A	True	True		0.728	0.728	0.10225919000000001	0.6941	718.1
hard:40283005	hard	A	A	True	True		0.5276	0.5276	0.27916468000000005	0.4686	509.8
easy:363505006	easy	A	A	True	True		0.4474	0.4474	0.38068045999999994	0.3783	578.8
none-narrower:90974009	none-narrower	none	C	False	False		0.3806	0.2238	0.8117375499999999	0.3032	516.5
hard:722947004	hard	A	A	True	True		0.5082	0.5082	0.28014341	0.4467	547.9
hard:715987000	hard	A	A	True	True		0.4084	0.4084	0.41976864999999997	0.3344	706.6
none-narrower:1172901009	none-narrower	none	A	False	False		0.6546	0.1502	1.15836201	0.6114	638.4
hard:237957007	hard	A	A	True	True		0.5209	0.5209	0.27659858	0.461	713.7
hard:237964009	hard	A	A	True	True		0.6791	0.6791	0.13380205999999997	0.639	850.8
easy:33225004	easy	A	A	True	True		0.6932	0.6932	0.12485828999999998	0.6548	524.0
hard:719305006	hard	A	A	True	True		0.5209	0.5209	0.27263576999999994	0.4611	661.5
easy:722675000	easy	A	A	True	True		0.6869	0.6869	0.13294549000000003	0.6477	690.9
easy:723441001	easy	A	none	False	True		0.3085	0.0524	1.0805626000000002	0.2221	719.1
hard:93471006	hard	A	A	True	True		0.6209	0.6209	0.17643132000000003	0.5735	536.3
easy:237603002	easy	A	A	True	True		0.573	0.573	0.21727272000000009	0.5196	609.9
none-narrower:95525004	none-narrower	none	none	True	False		0.3065	0.3065	0.57732312	0.2198	494.0
hard:417967008	hard	A	A	True	True		0.4468	0.4468	0.39620894000000006	0.3776	570.0
easy:718720007	easy	A	A	True	True		0.6634	0.6634	0.143784	0.6214	565.1
none-narrower:1366243009	none-narrower	none	none	True	False		0.3479	0.3479	0.52040608	0.2664	492.1
none-narrower:427435004	none-narrower	none	B	False	False		0.4827	0.1579	0.97479538	0.418	519.7
easy:404109006	easy	A	A	True	True		0.5679	0.5679	0.23247202	0.5139	564.5
hard:717041008	hard	A	A	True	True		0.5683	0.5683	0.23801901	0.5143	569.0
none-narrower:61823004	none-narrower	none	none	True	False		0.2734	0.2734	0.61625562	0.1826	580.2
easy:70070008	easy	A	none	False	True		0.3977	0.1168	0.9859857100000001	0.3224	797.7
hard:129000002	hard	A	A	True	True		0.5672	0.5672	0.24432350999999994	0.5131	651.8
hard:56478004	hard	A	A	True	True		0.7355	0.7355	0.09794345999999997	0.7025	531.9
retrieval-miss:402736003	retrieval-miss	none	none	True	False		0.3682	0.3682	0.46112926999999987	0.2892	555.5
none-narrower:238778000	none-narrower	none	none	True	False		0.2534	0.2534	0.6488349499999999	0.1601	760.2
easy:254956000	easy	A	A	True	True		0.7093	0.7093	0.10348848999999997	0.673	629.4
easy:84828003	easy	A	A	True	True		0.49	0.49	0.3341582	0.4262	728.9
hard:49607006	hard	A	E	False	True		0.4535	0.1608	0.9522904999999999	0.3852	539.4
easy:239112008	easy	A	A	True	True		0.6462	0.6462	0.15204298	0.602	700.5
hard:10934005	hard	A	A	True	True		0.4485	0.4485	0.37461638	0.3796	733.5
hard:34528009	hard	A	B	False	True		0.5606	0.061	1.2365386500000004	0.5057	510.8
easy:88518009	easy	A	A	True	True		0.7718	0.7718	0.07834391999999998	0.7433	499.8
none-narrower:438628005	none-narrower	none	A	False	False		0.2927	0.1204	0.9632005000000001	0.2043	539.3
easy:722062004	easy	A	A	True	True		0.5584	0.5584	0.25407597	0.5032	761.8
easy:82523003	easy	A	A	True	True		0.5096	0.5096	0.31484534	0.4483	505.4
hard:72836002	hard	A	H	False	True		0.5989	0.1422	1.14111225	0.5488	597.2
easy:74351001	easy	A	A	True	True		0.7769	0.7769	0.07560725999999998	0.749	558.5
hard:4445009	hard	A	A	True	True		0.4504	0.4504	0.42570154	0.3817	534.9
hard:75316000	hard	A	A	True	True		0.7853	0.7853	0.05576645	0.7585	664.1
hard:38959009	hard	A	A	True	True		0.6077	0.6077	0.18017267	0.5587	510.6
easy:408663001	easy	A	A	True	True		0.3991	0.3991	0.43607827	0.324	761.9
none-narrower:427921009	none-narrower	none	none	True	False		0.3111	0.3111	0.5713688200000001	0.225	471.4
hard:205681004	hard	A	A	True	True		0.4166	0.4166	0.4163558099999999	0.3437	617.5
easy:66038001	easy	A	A	True	True		0.6488	0.6488	0.15932376999999998	0.6049	718.5
hard:71941009	hard	A	A	True	True		0.313	0.313	0.6122790900000001	0.2271	510.2
easy:715625007	easy	A	A	True	True		0.7107	0.7107	0.13402894	0.6745	669.2
none-narrower:15977008	none-narrower	none	A	False	False		0.4649	0.3199	0.6861976899999999	0.398	545.3
easy:10649000	easy	A	A	True	True		0.663	0.663	0.17257675999999997	0.6209	742.9
hard:26609002	hard	B	A	False	False		0.7173	0.0532	1.4365713899999997	0.682	620.3
hard:712922002	hard	A	A	True	True		0.521	0.521	0.33119722	0.4612	661.0
easy:254664008	easy	A	A	True	True		0.7143	0.7143	0.10464596999999999	0.6786	617.3
hard:723096000	hard	A	A	True	True		0.7356	0.7356	0.09151124	0.7026	482.1
hard:719300001	hard	A	A	True	True		0.5549	0.5549	0.23699388000000005	0.4993	794.2
easy:46785007	easy	A	A	True	True		0.7733	0.7733	0.06462938	0.745	656.4
hard:58648008	hard	A	A	True	True		0.5011	0.5011	0.31721472	0.4387	750.9
none-narrower:719042007	none-narrower	none	B	False	False		0.7416	0.1516	1.27174391	0.7093	627.8
easy:68210006	easy	A	A	True	True		0.54	0.54	0.27536175999999996	0.4825	541.1
easy:276799004	easy	A	A	True	True		0.6609	0.6609	0.15513472999999997	0.6185	837.9
hard:231896005	hard	A	A	True	True		0.4709	0.4709	0.36391853	0.4047	587.7
hard:63103006	hard	A	A	True	True		0.3997	0.3997	0.43012606000000014	0.3247	659.8
easy:187842004	easy	A	A	True	True		0.3667	0.3667	0.5023853199999999	0.2875	733.0
hard:128117002	hard	A	C	False	True		0.4326	0.2015	0.86714801	0.3617	665.3
hard:78769001	hard	A	A	True	True		0.7304	0.7304	0.09290534999999997	0.6967	578.5
easy:22841008	easy	A	E	False	True		0.3145	0.0895	1.0020893199999998	0.2288	785.5
hard:254701007	hard	A	A	True	True		0.7351	0.7351	0.08948363	0.702	637.2
none-narrower:521000146105	none-narrower	none	A	False	False		0.4871	0.2129	0.8715668400000001	0.423	631.5
hard:239940004	hard	A	A	True	True		0.6929	0.6929	0.13203028000000003	0.6545	634.2
easy:763622006	easy	B	B	True	False		0.6379	0.6379	0.17152308999999996	0.5926	567.1
none-narrower:871655005	none-narrower	none	A	False	False		0.6977	0.1849	1.1544778599999999	0.66	584.2
none-narrower:25668000	none-narrower	none	none	True	False		0.3121	0.3121	0.5734381199999999	0.2262	533.9
hard:719599008	hard	A	A	True	True		0.79	0.79	0.057546869999999986	0.7638	717.3
hard:52824009	hard	A	F	False	True		0.497	0.1038	1.09998394	0.4341	475.5
hard:715827001	hard	A	A	True	True		0.5444	0.5444	0.27658869	0.4875	689.5
easy:307343001	easy	A	none	False	True		0.3555	0.1973	0.88211502	0.275	552.9
none-narrower:95795006	none-narrower	none	A	False	False		0.3631	0.2403	0.7323465300000002	0.2835	445.4
none-narrower:762379000	none-narrower	none	A	False	False		0.3774	0.1278	0.97198976	0.2996	523.5
none-narrower:26284000	none-narrower	none	none	True	False		0.3572	0.3572	0.49277355	0.2769	579.1
easy:240877000	easy	A	B	False	True		0.4445	0.3114	0.69572417	0.375	554.6
easy:717332007	easy	A	A	True	True		0.5619	0.5619	0.23324273	0.5071	705.2
easy:75544000	easy	A	A	True	True		0.4482	0.4482	0.36726902000000006	0.3792	438.9
easy:126956001	easy	A	A	True	True		0.5425	0.5425	0.26920385	0.4853	582.1
hard:444921008	hard	D	A	False	False		0.3984	0.1156	1.03796255	0.3232	619.9
none-narrower:403151007	none-narrower	none	A	False	False		0.3218	0.2771	0.6529893499999999	0.2371	544.5
easy:104081000119103	easy	A	A	True	True		0.3708	0.3708	0.47523608999999994	0.2922	597.1
easy:25277000	easy	A	A	True	True		0.6447	0.6447	0.16040632999999996	0.6003	559.2
none-narrower:26884006	none-narrower	none	none	True	False		0.3876	0.3876	0.4717928500000001	0.311	659.3
retrieval-miss:51689003	retrieval-miss	none	A	False	False		0.3433	0.2439	0.73426254	0.2613	562.3
hard:399107008	hard	A	A	True	True		0.6554	0.6554	0.15050478000000003	0.6123	526.7
hard:13596001	hard	A	A	True	True		0.374	0.374	0.46544869	0.2957	594.4
hard:722455002	hard	A	A	True	True		0.7424	0.7424	0.08148448000000003	0.7102	902.9
hard:10890000	hard	A	A	True	True		0.3579	0.3579	0.50731671	0.2776	620.3
easy:328611000119105	easy	A	B	False	True		0.4027	0.3401	0.6132234199999999	0.328	655.7
retrieval-miss:32599008	retrieval-miss	none	none	True	False		0.3472	0.3472	0.4966922100000001	0.2656	617.5
none-narrower:1296880000	none-narrower	none	A	False	False		0.6152	0.1854	1.05156779	0.5671	607.0
hard:49292002	hard	A	A	True	True		0.5634	0.5634	0.22914306999999998	0.5089	664.8
none-narrower:201240005	none-narrower	none	A	False	False		0.476	0.2392	0.8333614199999999	0.4105	606.9
none-narrower:74372003	none-narrower	none	A	False	False		0.3642	0.2863	0.6649153600000001	0.2847	586.9
easy:372244006	easy	A	A	True	True		0.5328	0.5328	0.29558993	0.4744	536.6
none-narrower:243410003	none-narrower	none	B	False	False		0.3627	0.2733	0.68476636	0.283	613.0
hard:715829003	hard	A	A	True	True		0.6584	0.6584	0.15596631000000002	0.6157	609.8
easy:37471005	easy	A	A	True	True		0.7011	0.7011	0.10699212000000004	0.6638	605.7
none-narrower:1177035002	none-narrower	none	A	False	False		0.5989	0.2267	0.9623828999999999	0.5488	612.8
none-narrower:201996005	none-narrower	none	A	False	False		0.4649	0.1915	0.88786093	0.398	452.6
none-narrower:277481003	none-narrower	none	A	False	False		0.4893	0.1747	0.95026268	0.4255	539.5
easy:715796006	easy	A	A	True	True		0.6276	0.6276	0.17137880999999994	0.581	875.6
easy:413656006	easy	A	B	False	True		0.2349	0.2258	0.72071584	0.1392	729.1
easy:189167009	easy	A	A	True	True		0.4346	0.4346	0.46209736000000007	0.364	643.6
easy:78590007	easy	A	A	True	True		0.6198	0.6198	0.20363633999999997	0.5723	520.4
retrieval-miss:43116000	retrieval-miss	none	A	False	False		0.5875	0.193	1.01259832	0.5359	540.6
easy:238036004	easy	A	A	True	True		0.3059	0.3059	0.5939067199999999	0.2192	494.1
none-narrower:301824001	none-narrower	none	B	False	False		0.6042	0.1618	1.0904575	0.5548	485.8
easy:716200002	easy	A	A	True	True		0.6549	0.6549	0.15630267999999997	0.6117	703.0
hard:768926005	hard	A	A	True	True		0.6224	0.6224	0.18602469000000005	0.5752	653.5
hard:59032001	hard	A	A	True	True		0.7849	0.7849	0.06757927999999999	0.758	479.8
easy:198142001	easy	A	A	True	True		0.5932	0.5932	0.20770335000000004	0.5423	575.9
retrieval-miss:361115000	retrieval-miss	none	none	True	False		0.4056	0.4056	0.5020026500000001	0.3313	536.1
easy:363464006	easy	A	A	True	True		0.3726	0.3726	0.55200461	0.2941	519.6
easy:429998004	easy	A	A	True	True		0.5793	0.5793	0.22092419	0.5268	575.4
hard:37109004	hard	A	A	True	True		0.6648	0.6648	0.15233096000000004	0.6229	554.2
hard:231472009	hard	A	A	True	True		0.4114	0.4114	0.41696583000000004	0.3379	451.6
hard:270491006	hard	A	A	True	True		0.5956	0.5956	0.19686648	0.5451	536.1
none-narrower:723905008	none-narrower	none	A	False	False		0.5346	0.2087	0.94094699	0.4764	543.8
hard:12313004	hard	A	A	True	True		0.7052	0.7052	0.12322228999999997	0.6684	609.9
hard:127030001	hard	A	A	True	True		0.4989	0.4989	0.31247961999999996	0.4363	623.0
easy:92093000	easy	A	A	True	True		0.6051	0.6051	0.20111342000000001	0.5557	608.6
easy:25362006	easy	A	A	True	True		0.2863	0.2863	0.6255887299999999	0.1971	661.9
none-narrower:312085005	none-narrower	none	A	False	False		0.4149	0.2352	0.7891925500000001	0.3417	558.6
hard:53913001	hard	A	A	True	True		0.6642	0.6642	0.1387615	0.6222	556.4
none-narrower:232121005	none-narrower	none	none	True	False		0.2786	0.2786	0.6555581500000001	0.1885	662.9
easy:16631009	easy	A	A	True	True		0.3451	0.3451	0.52813721	0.2632	497.7
none-narrower:448478000	none-narrower	none	A	False	False		0.3245	0.1721	0.88738632	0.2401	644.9
retrieval-miss:80328002	retrieval-miss	none	A	False	False		0.5739	0.1663	1.0378622100000001	0.5206	623.2
hard:410042009	hard	A	none	False	True		0.4729	0.302	0.7317241499999998	0.407	679.7
easy:91954009	easy	A	A	True	True		0.5458	0.5458	0.25012904	0.4891	697.7
none-narrower:187701005	none-narrower	none	B	False	False		0.3015	0.2191	0.7470204800000001	0.2142	700.2
hard:448542008	hard	A	A	True	True		0.691	0.691	0.12124599000000004	0.6524	644.0
none-narrower:40370006	none-narrower	none	A	False	False		0.423	0.1889	0.8737163899999999	0.3509	551.7
hard:725138002	hard	A	A	True	True		0.6884	0.6884	0.1446132	0.6494	702.6
hard:254767008	hard	A	A	True	True		0.4952	0.4952	0.34348597000000003	0.4321	593.6
easy:126926005	easy	A	A	True	True		0.5634	0.5634	0.23030165999999996	0.5089	598.9
hard:403913006	hard	A	A	True	True		0.6435	0.6435	0.16221737000000003	0.5989	575.8
hard:399432003	hard	A	A	True	True		0.5926	0.5926	0.20352763000000001	0.5417	604.1
retrieval-miss:75474006	retrieval-miss	none	none	True	False		0.3758	0.3758	0.47791563	0.2978	513.2
none-narrower:238951005	none-narrower	none	none	True	False		0.3694	0.3694	0.46235191000000003	0.2906	689.2
none-narrower:447146004	none-narrower	none	A	False	False		0.4569	0.2932	0.72001146	0.389	507.4
easy:37344009	easy	B	none	False	False		0.4805	0.4569	0.52679453	0.4155	495.9
easy:392662004	easy	A	A	True	True		0.6171	0.6171	0.17657028000000002	0.5692	598.5
none-narrower:1196861001	none-narrower	none	B	False	False		0.5462	0.2243	0.9156048100000002	0.4895	565.3
easy:15682004	easy	A	A	True	True		0.4026	0.4026	0.44242353999999995	0.3279	542.3
easy:55475008	easy	A	A	True	True		0.7671	0.7671	0.06865222	0.738	743.3
easy:423709000	easy	A	A	True	True		0.3531	0.3531	0.5201888800000001	0.2722	557.2
hard:27420004	hard	A	A	True	True		0.5728	0.5728	0.21484823000000003	0.5194	604.8
easy:733601006	easy	A	A	True	True		0.5788	0.5788	0.21142637000000003	0.5262	869.3
none-narrower:371012000	none-narrower	none	A	False	False		0.4287	0.0648	1.1393613900000001	0.3572	654.3
easy:715504003	easy	A	A	True	True		0.5438	0.5438	0.26792827	0.4868	709.7
easy:36742000	easy	A	A	True	True		0.5274	0.5274	0.27494605	0.4684	538.5
easy:239062001	easy	A	A	True	True		0.653	0.653	0.15198919	0.6097	728.9
none-narrower:685031000119100	none-narrower	none	H	False	False		0.3138	0.2	0.7738649600000002	0.228	496.7
none-narrower:371962007	none-narrower	none	A	False	False		0.2952	0.1492	0.94245962	0.2071	594.8
hard:722205008	hard	A	A	True	True		0.4566	0.4566	0.34304454000000006	0.3886	816.3
hard:38907003	hard	A	A	True	True		0.4509	0.4509	0.4139455799999999	0.3823	564.0
easy:237950009	easy	A	A	True	True		0.5024	0.5024	0.28925847000000005	0.4402	785.1
retrieval-miss:93132001	retrieval-miss	none	A	False	False		0.5514	0.2376	0.8956010299999999	0.4953	730.8
none-narrower:87666009	none-narrower	none	none	True	False		0.3982	0.3982	0.43625761	0.323	483.0
easy:235966007	easy	A	A	True	True		0.5058	0.5058	0.31566648999999997	0.444	647.9
hard:254851009	hard	A	A	True	True		0.339	0.339	0.57420243	0.2564	657.6
easy:190303007	easy	A	A	True	True		0.6281	0.6281	0.17398550000000002	0.5816	501.6
none-narrower:1254906000	none-narrower	none	A	False	False		0.3105	0.1827	0.82798784	0.2244	560.7
easy:13507004	easy	A	A	True	True		0.6485	0.6485	0.17208225000000005	0.6045	530.5
hard:363408006	hard	A	A	True	True		0.4303	0.4303	0.4223814899999999	0.359	513.4
hard:230282000	hard	A	A	True	True		0.6807	0.6807	0.14773203000000001	0.6407	548.7
easy:195180004	easy	A	A	True	True		0.6444	0.6444	0.15950754	0.5999	472.7
easy:230425004	easy	A	A	True	True		0.6001	0.6001	0.21857291000000004	0.5501	603.7
hard:95315005	hard	A	B	False	True		0.4568	0.1757	0.9374313599999999	0.3889	623.2
easy:59393003	easy	A	A	True	True		0.6629	0.6629	0.14127474999999998	0.6207	683.3
easy:77121009	easy	A	A	True	True		0.603	0.603	0.18449978000000006	0.5534	755.7
hard:699305004	hard	A	A	True	True		0.7415	0.7415	0.08539784999999997	0.7092	766.6
hard:71961003	hard	A	A	True	True		0.6873	0.6873	0.14359897	0.6482	557.1
hard:254230001	hard	A	A	True	True		0.5743	0.5743	0.22248998999999997	0.5211	532.9
easy:45339001	easy	A	A	True	True		0.6001	0.6001	0.19995046	0.5502	560.6
hard:193411004	hard	A	A	True	True		0.5714	0.5714	0.22926143	0.5178	616.0
easy:402792003	easy	A	A	True	True		0.2875	0.2875	0.6004108300000001	0.1985	514.7
hard:42574005	hard	A	A	True	True		0.5712	0.5712	0.23682499999999998	0.5176	481.1
easy:7916009	easy	A	A	True	True		0.6844	0.6844	0.12695073999999998	0.645	479.6
hard:702361006	hard	A	A	True	True		0.5482	0.5482	0.26755726999999996	0.4917	671.0
easy:92083007	easy	A	A	True	True		0.5573	0.5573	0.27313458999999995	0.502	545.9
hard:90708001	hard	A	A	True	True		0.4662	0.4662	0.3411584100000001	0.3995	501.5
none-narrower:429724002	none-narrower	none	H	False	False		0.2737	0.2553	0.6753549699999999	0.183	502.4
easy:9491003	easy	A	A	True	True		0.3998	0.3998	0.43762038000000014	0.3248	464.8
easy:450005	easy	A	A	True	True		0.5442	0.5442	0.25632805	0.4873	490.2
hard:75006000	hard	A	A	True	True		0.2728	0.2728	0.6519579100000001	0.1819	581.0
hard:719250005	hard	A	A	True	True		0.8216	0.8216	0.038832660000000005	0.7993	725.2
easy:764096006	easy	A	A	True	True		0.4984	0.4984	0.30861032000000005	0.4357	724.3
hard:69134001	hard	A	A	True	True		0.6818	0.6818	0.12761394000000004	0.642	490.9
easy:45170000	easy	A	A	True	True		0.4115	0.4115	0.42826654000000003	0.3379	644.3
none-narrower:427419006	none-narrower	none	A	False	False		0.519	0.1562	1.00041616	0.4588	544.6
hard:86103006	hard	A	A	True	True		0.4899	0.4899	0.32399595999999997	0.4262	502.1
easy:44795003	easy	A	none	False	True		0.3456	0.1481	0.91233319	0.2638	486.8
none-narrower:13457005	none-narrower	none	A	False	False		0.2714	0.2115	0.7628890399999999	0.1803	504.6
hard:725148000	hard	A	A	True	True		0.7032	0.7032	0.10790478999999999	0.6661	696.4
retrieval-miss:22542007	retrieval-miss	none	none	True	False		0.2745	0.2745	0.61366548	0.1838	630.3
easy:253283000	easy	A	B	False	True		0.2874	0.0829	1.0397152	0.1983	621.9
easy:21009004	easy	A	A	True	True		0.5123	0.5123	0.30837380000000003	0.4514	584.9
retrieval-miss:124593001	retrieval-miss	none	A	False	False		0.4134	0.1894	0.85548159	0.34	702.4
easy:400946004	easy	F	F	True	False		0.6713	0.6713	0.14710246	0.6303	641.0
easy:201191004	easy	A	A	True	True		0.3591	0.3591	0.54851028	0.279	453.2
retrieval-miss:58437007	retrieval-miss	none	none	True	False		0.4077	0.4077	0.41227157000000003	0.3337	623.7
easy:722381004	easy	A	A	True	True		0.6084	0.6084	0.20239011999999998	0.5594	698.7
easy:703406006	easy	A	A	True	True		0.5806	0.5806	0.22252637	0.5282	699.2
none-narrower:302920007	none-narrower	none	A	False	False		0.4502	0.1903	0.8839921	0.3814	548.3
hard:410429000	hard	A	B	False	True		0.4701	0.2516	0.8100475399999999	0.4039	456.0
hard:444830001	hard	A	B	False	True		0.5194	0.1574	1.01115763	0.4593	671.9
easy:717042001	easy	A	A	True	True		0.6052	0.6052	0.18415792	0.5558	637.7
easy:29159009	easy	A	none	False	True		0.2869	0.2545	0.6845669100000001	0.1978	519.4
none-narrower:767448007	none-narrower	none	A	False	False		0.6974	0.1417	1.2319351900000002	0.6596	663.2
hard:766704005	hard	A	A	True	True		0.8489	0.8489	0.03602728000000001	0.83	607.7
hard:229733002	hard	A	A	True	True		0.3375	0.3375	0.5238445	0.2547	457.5
none-narrower:332461000119106	none-narrower	none	none	True	False		0.2918	0.2918	0.58056349	0.2032	487.4
none-narrower:1300178001	none-narrower	none	A	False	False		0.4823	0.1173	1.04887014	0.4176	481.4
hard:397825006	hard	A	A	True	True		0.4851	0.4851	0.34496686000000004	0.4208	554.6
easy:60318001	easy	A	A	True	True		0.7887	0.7887	0.05756709000000002	0.7623	711.5
none-narrower:348681000119101	none-narrower	none	A	False	False		0.2448	0.2389	0.70088073	0.1504	488.0
hard:720414005	hard	B	B	True	False		0.855	0.855	0.029405910000000004	0.8368	723.4
easy:238011005	easy	A	A	True	True		0.7183	0.7183	0.10203044999999998	0.683	664.8
easy:95280005	easy	A	A	True	True		0.6064	0.6064	0.19460677999999995	0.5571	570.9
none-narrower:789399002	none-narrower	none	A	False	False		0.5111	0.2488	0.8408222399999999	0.45	574.7
hard:28593007	hard	A	A	True	True		0.5104	0.5104	0.32685528	0.4492	477.8
easy:186668002	easy	A	A	True	True		0.6399	0.6399	0.17815846999999999	0.5949	746.8
easy:20392000	easy	A	A	True	True		0.4184	0.4184	0.4321794	0.3458	442.5
hard:442416002	hard	A	A	True	True		0.3734	0.3734	0.54911989	0.295	562.7
retrieval-miss:234110002	retrieval-miss	none	none	True	False		0.2823	0.2823	0.6013597	0.1926	490.3
easy:404086000	easy	A	A	True	True		0.5338	0.5338	0.27148346999999995	0.4756	741.8
easy:367542003	easy	A	A	True	True		0.7617	0.7617	0.07585148999999998	0.7319	689.2
easy:123596001	easy	A	none	False	True		0.3644	0.2578	0.72139656	0.2849	541.6
easy:49723003	easy	A	A	True	True		0.6415	0.6415	0.17161049	0.5967	521.7
none-narrower:1231379009	none-narrower	none	A	False	False		0.3132	0.2861	0.6432200499999999	0.2273	612.0
hard:719454003	hard	A	A	True	True		0.5957	0.5957	0.20425035999999996	0.5451	706.9
hard:764997000	hard	A	A	True	True		0.6622	0.6622	0.16678342	0.6199	941.7
easy:201192006	easy	A	A	True	True		0.5034	0.5034	0.29941638000000004	0.4413	453.0
hard:718848000	hard	A	A	True	True		0.4887	0.4887	0.31758385	0.4248	605.1
none-narrower:16932000	none-narrower	none	none	True	False		0.3177	0.3177	0.5964899800000001	0.2324	567.2
hard:82852009	hard	A	A	True	True		0.5047	0.5047	0.33490135000000004	0.4428	598.4
easy:92040001	easy	A	A	True	True		0.7176	0.7176	0.11322979999999999	0.6823	557.6
hard:36667009	hard	A	A	True	True		0.7733	0.7733	0.07087253	0.7449	608.6
hard:254068007	hard	A	A	True	True		0.4065	0.4065	0.41290555	0.3323	724.1
hard:31323000	hard	A	A	True	True		0.6935	0.6935	0.11191221999999999	0.6551	610.7
easy:60168000	easy	A	A	True	True		0.5379	0.5379	0.2687652399999999	0.4802	611.3
easy:764859001	easy	A	none	False	True		0.2534	0.2047	0.7458546699999999	0.1601	611.1
none-narrower:1052239007	none-narrower	none	none	True	False		0.2849	0.2849	0.5872776000000001	0.1955	590.8
hard:237889002	hard	A	A	True	True		0.7601	0.7601	0.07386756	0.7302	703.5
none-narrower:105710000	none-narrower	none	B	False	False		0.2841	0.2527	0.71303928	0.1946	551.2
easy:1092381000119100	easy	A	none	False	True		0.5164	0.2207	0.8916888	0.456	597.6
easy:719514002	easy	A	A	True	True		0.5939	0.5939	0.19727833	0.5431	852.0
hard:126907002	hard	D	D	True	False		0.3964	0.3964	0.48231803000000006	0.3209	575.9
hard:764440006	hard	B	B	True	False		0.7227	0.7227	0.10170283999999999	0.688	765.5
easy:766870005	easy	B	B	True	False		0.8564	0.8564	0.02649324999999999	0.8385	802.8
hard:720495005	hard	A	A	True	True		0.7168	0.7168	0.10975142	0.6814	627.5
hard:711483003	hard	A	A	True	True		0.5422	0.5422	0.2646539	0.4849	766.0
hard:254774003	hard	A	A	True	True		0.7663	0.7663	0.07813357000000001	0.7371	685.2
retrieval-miss:719663005	retrieval-miss	none	A	False	False		0.2332	0.2171	0.7414438000000001	0.1373	644.4
easy:28366008	easy	A	A	True	True		0.4393	0.4393	0.37645892999999997	0.3692	562.5
none-narrower:240704003	none-narrower	none	A	False	False		0.3837	0.1691	0.8800274499999998	0.3066	542.1
easy:707374005	easy	A	A	True	True		0.6808	0.6808	0.13292383000000005	0.6409	578.6
retrieval-miss:238019007	retrieval-miss	none	A	False	False		0.3538	0.1756	0.8444358200000001	0.273	524.9
hard:402425006	hard	A	A	True	True		0.5931	0.5931	0.20928885000000005	0.5422	509.0
none-narrower:724647003	none-narrower	none	A	False	False		0.348	0.1265	0.9776528199999999	0.2665	772.2
easy:26029002	easy	A	A	True	True		0.6721	0.6721	0.14581321	0.6311	567.2
easy:300988009	easy	A	A	True	True		0.4728	0.4728	0.33256324000000004	0.4069	548.7
easy:371160000	easy	A	A	True	True		0.3496	0.3496	0.5043383	0.2684	544.3
easy:2589008	easy	A	A	True	True		0.3968	0.3968	0.46773293999999993	0.3214	535.2
hard:83172007	hard	A	A	True	True		0.4623	0.4623	0.3532680400000001	0.3951	505.1
hard:266254007	hard	A	A	True	True		0.5462	0.5462	0.25361136999999995	0.4895	493.8
hard:128123007	hard	A	A	True	True		0.3338	0.3338	0.5951082200000001	0.2505	542.4
easy:399906000	easy	A	A	True	True		0.6318	0.6318	0.16719798	0.5858	529.9
hard:62005008	hard	A	A	True	True		0.6	0.6	0.21739571000000002	0.55	622.3
retrieval-miss:197284004	retrieval-miss	none	none	True	False		0.2993	0.2993	0.58339114	0.2117	498.7
easy:60389000	easy	A	A	True	True		0.2586	0.2586	0.6410301300000002	0.1659	673.1
easy:55850004	easy	A	A	True	True		0.5165	0.5165	0.29436343000000004	0.4561	706.2
hard:763209008	hard	A	A	True	True		0.6289	0.6289	0.16918675999999996	0.5826	802.8
easy:123948009	easy	B	B	True	False		0.5201	0.5201	0.30733719000000004	0.4601	486.8
none-narrower:197853008	none-narrower	none	none	True	False		0.2951	0.2951	0.6055186200000001	0.2069	457.3
hard:53783003	hard	A	A	True	True		0.4328	0.4328	0.48475179999999995	0.3619	626.0
hard:722389002	hard	A	A	True	True		0.747	0.747	0.08174953	0.7154	621.3
hard:9078005	hard	A	A	True	True		0.7925	0.7925	0.06253803	0.7666	525.9
hard:234349007	hard	A	A	True	True		0.3605	0.3605	0.5093388	0.2806	496.7
easy:63042009	easy	A	A	True	True		0.702	0.702	0.12132662000000001	0.6648	583.9
easy:404077005	easy	A	A	True	True		0.5632	0.5632	0.22805467999999998	0.5086	573.9
hard:93559003	hard	A	A	True	True		0.8726	0.8726	0.022718459999999992	0.8566	727.6
easy:92660005	easy	A	A	True	True		0.6349	0.6349	0.16275676999999997	0.5892	530.5
hard:187675005	hard	A	A	True	True		0.5208	0.5208	0.29917654	0.4609	552.7
hard:34713006	hard	A	A	True	True		0.3058	0.3058	0.58044895	0.219	609.7
none-narrower:1090651000119103	none-narrower	none	G	False	False		0.2821	0.2095	0.79122966	0.1923	549.5
hard:253353007	hard	A	A	True	True		0.6968	0.6968	0.11923525000000001	0.6589	658.6
easy:239918008	easy	A	A	True	True		0.3731	0.3731	0.47018973999999997	0.2947	552.5
none-narrower:30390004	none-narrower	none	C	False	False		0.4359	0.1308	0.9954292299999999	0.3654	485.4
hard:63144007	hard	A	A	True	True		0.7035	0.7035	0.13756115	0.6664	627.6
easy:230350000	easy	A	A	True	True		0.7122	0.7122	0.10062895999999998	0.6762	663.9
easy:255037004	easy	A	C	False	True		0.378	0.3569	0.5829017200000001	0.3003	597.1
hard:128333008	hard	A	A	True	True		0.5018	0.5018	0.32803683999999994	0.4395	497.0
easy:254589009	easy	A	A	True	True		0.3873	0.3873	0.43403332000000006	0.3107	549.4
easy:399995006	easy	A	A	True	True		0.7218	0.7218	0.09655511	0.687	549.5
hard:444150000	hard	A	A	True	True		0.4282	0.4282	0.41847029	0.3568	499.6
easy:427232004	easy	A	B	False	True		0.2861	0.2692	0.68771892	0.1969	696.3
easy:253098009	easy	A	A	True	True		0.7067	0.7067	0.1053947	0.67	681.7
easy:65295003	easy	A	A	True	True		0.5209	0.5209	0.28087312999999997	0.461	569.8
hard:204950001	hard	A	A	True	True		0.3023	0.3023	0.5922367	0.2151	562.7
easy:63398001	easy	A	A	True	True		0.3511	0.3511	0.49617517	0.27	556.1
easy:13468005	easy	A	A	True	True		0.3916	0.3916	0.44607588000000004	0.3156	545.2
easy:86299006	easy	A	A	True	True		0.8251	0.8251	0.043693780000000015	0.8032	556.1
hard:55822004	hard	A	A	True	True		0.6832	0.6832	0.12772541999999998	0.6436	515.8
hard:20957000	hard	A	A	True	True		0.4187	0.4187	0.4251473099999999	0.3461	475.1
none-narrower:70783003	none-narrower	none	none	True	False		0.3269	0.3269	0.56565547	0.2427	492.5
easy:40122008	easy	A	A	True	True		0.5884	0.5884	0.20363968999999998	0.537	502.6
easy:27885002	easy	A	A	True	True		0.6609	0.6609	0.15183007999999998	0.6186	623.7
easy:371089000	easy	A	A	True	True		0.7294	0.7294	0.09303067999999998	0.6956	689.8
hard:255072001	hard	A	A	True	True		0.4727	0.4727	0.33723975	0.4068	613.6
hard:127231009	hard	A	A	True	True		0.6655	0.6655	0.14248233000000002	0.6237	673.6
none-narrower:428592003	none-narrower	none	none	True	False		0.3598	0.3598	0.5193139499999999	0.2798	608.6
none-narrower:406570003	none-narrower	none	H	False	False		0.3761	0.1741	0.89854784	0.2981	573.0
hard:65049003	hard	A	B	False	True		0.4816	0.2488	0.8372600599999999	0.4168	546.9
easy:765096001	easy	A	A	True	True		0.5368	0.5368	0.26301022999999996	0.4789	711.2
easy:763536006	easy	A	A	True	True		0.7135	0.7135	0.10013248999999996	0.6776	589.8
easy:429735007	easy	A	A	True	True		0.6348	0.6348	0.17880265999999997	0.5892	708.0
hard:90584004	hard	A	A	True	True		0.311	0.311	0.5945107800000001	0.2249	479.6
easy:58868000	easy	A	A	True	True		0.5939	0.5939	0.19513378	0.5431	552.3
none-narrower:20239009	none-narrower	none	C	False	False		0.2506	0.2034	0.76124443	0.1569	471.7
easy:722006004	easy	A	A	True	True		0.5672	0.5672	0.2341512	0.5131	732.7
hard:236746000	hard	A	A	True	True		0.4671	0.4671	0.34758007999999996	0.4004	474.7
hard:271532008	hard	A	H	False	True		0.2786	0.2134	0.7492899	0.1884	490.0
hard:198130006	hard	A	A	True	True		0.8026	0.8026	0.055947390000000013	0.778	508.2
retrieval-miss:716996008	retrieval-miss	none	A	False	False		0.7839	0.1147	1.40098381	0.7569	697.9
hard:231861005	hard	A	none	False	True		0.287	0.1654	0.83410242	0.1979	517.6
easy:367520004	easy	A	A	True	True		0.6362	0.6362	0.16841979	0.5907	626.0
hard:724575009	hard	A	A	True	True		0.7068	0.7068	0.10712164000000002	0.6701	663.2
easy:22298006	easy	A	A	True	True		0.6988	0.6988	0.11562658000000002	0.6612	530.8
easy:709282004	easy	A	A	True	True		0.6331	0.6331	0.18279533000000003	0.5872	673.8
hard:763309005	hard	A	A	True	True		0.5284	0.5284	0.32635578000000004	0.4694	834.4
retrieval-miss:16459000	retrieval-miss	none	A	False	False		0.2399	0.2335	0.7048854499999999	0.1449	721.3
easy:63119004	easy	A	A	True	True		0.6309	0.6309	0.16853717000000001	0.5848	685.2
hard:254114000	hard	A	A	True	True		0.5978	0.5978	0.20079784	0.5475	589.1
hard:763658004	hard	A	A	True	True		0.7107	0.7107	0.10356312999999999	0.6745	791.5
easy:81211007	easy	A	A	True	True		0.239	0.239	0.68375898	0.1439	580.8
hard:26745009	hard	A	none	False	True		0.3596	0.2499	0.7495089	0.2795	557.8
easy:432328008	easy	A	A	True	True		0.8091	0.8091	0.048243489999999986	0.7852	571.0
easy:68116008	easy	A	A	True	True		0.671	0.671	0.16027151999999997	0.6299	517.8
hard:18260003	hard	A	A	True	True		0.7975	0.7975	0.06341307000000002	0.7722	501.1
hard:25569003	hard	A	A	True	True		0.7143	0.7143	0.10072572999999996	0.6786	562.3
none-narrower:724612006	none-narrower	none	none	True	False		0.3174	0.3174	0.60130569	0.2321	628.8
easy:254898001	easy	A	A	True	True		0.4419	0.4419	0.41497551000000005	0.3721	667.0
none-narrower:126999006	none-narrower	none	none	True	False		0.3498	0.3498	0.52453622	0.2685	567.3
hard:75614007	hard	A	A	True	True		0.7008	0.7008	0.11422419	0.6633	519.2
easy:74100001	easy	A	none	False	True		0.2653	0.2379	0.70662645	0.1734	557.2
easy:192644005	easy	A	A	True	True		0.5764	0.5764	0.21684001	0.5235	584.2
none-narrower:370494002	none-narrower	none	H	False	False		0.268	0.2157	0.72780784	0.1765	518.8
none-narrower:94514000	none-narrower	none	A	False	False		0.3762	0.1701	0.8885654799999999	0.2982	577.1
easy:717789008	easy	A	A	True	True		0.4718	0.4718	0.34774681	0.4058	586.5
hard:715825009	hard	A	A	True	True		0.7019	0.7019	0.10460109000000002	0.6647	729.8
retrieval-miss:408642003	retrieval-miss	none	B	False	False		0.3087	0.1856	0.8193817900000001	0.2223	591.8
hard:30292005	hard	A	A	True	True		0.5633	0.5633	0.2506931	0.5088	525.8
easy:196102003	easy	A	A	True	True		0.5355	0.5355	0.30214782999999995	0.4775	562.8
easy:722034006	easy	A	A	True	True		0.5295	0.5295	0.28126184000000004	0.4707	549.8
hard:11314008	hard	A	A	True	True		0.7649	0.7649	0.07481996999999999	0.7355	545.7
none-narrower:831000119103	none-narrower	none	A	False	False		0.4798	0.2275	0.8486573	0.4147	483.8
hard:725141006	hard	A	A	True	True		0.483	0.483	0.32977669000000004	0.4184	544.8
retrieval-miss:238534006	retrieval-miss	none	none	True	False		0.5026	0.5026	0.28678100999999995	0.4404	525.7
hard:724384008	hard	A	A	True	True		0.7149	0.7149	0.10448552	0.6793	577.2
hard:723823004	hard	A	A	True	True		0.8538	0.8538	0.027801939999999997	0.8355	864.4
none-narrower:721781004	none-narrower	none	A	False	False		0.5195	0.2581	0.83016665	0.4595	612.8
retrieval-miss:69646003	retrieval-miss	none	none	True	False		0.284	0.284	0.59603352	0.1945	825.4
retrieval-miss:431396003	retrieval-miss	none	B	False	False		0.2933	0.292	0.6390008399999999	0.2049	548.6
hard:42908004	hard	A	none	False	True		0.4394	0.2778	0.7298357799999999	0.3694	517.4
easy:74469006	easy	B	B	True	False		0.315	0.315	0.58438366	0.2294	572.6
retrieval-miss:10170007	retrieval-miss	none	C	False	False		0.4926	0.1636	0.96232809	0.4292	651.7
hard:18756002	hard	A	A	True	True		0.4573	0.4573	0.35080009999999995	0.3894	611.6
none-narrower:1217382002	none-narrower	none	G	False	False		0.2428	0.1897	0.76539775	0.1481	774.1
retrieval-miss:234062003	retrieval-miss	none	C	False	False		0.3118	0.1152	0.9759496500000001	0.2258	495.8
hard:765141005	hard	A	A	True	True		0.7202	0.7202	0.09804079000000003	0.6852	705.9
hard:715462003	hard	A	A	True	True		0.7445	0.7445	0.08713143999999998	0.7125	683.3
easy:88232005	easy	A	A	True	True		0.378	0.378	0.45727144999999997	0.3003	506.1
none-narrower:272006008	none-narrower	none	H	False	False		0.4532	0.2404	0.8044759600000001	0.3849	503.8
easy:400179000	easy	A	A	True	True		0.699	0.699	0.11156908000000004	0.6614	534.7
easy:81854007	easy	A	A	True	True		0.5844	0.5844	0.24238157999999999	0.5325	495.5
retrieval-miss:237692001	retrieval-miss	none	E	False	False		0.2283	0.1777	0.80469957	0.1318	664.1
none-narrower:1145446000	none-narrower	none	A	False	False		0.4532	0.388	0.5844423999999999	0.3849	548.6
easy:89723004	easy	A	A	True	True		0.5646	0.5646	0.25620213000000003	0.5101	465.1
hard:719825000	hard	A	A	True	True		0.6092	0.6092	0.18416688000000003	0.5603	683.2
hard:74400008	hard	A	A	True	True		0.4933	0.4933	0.33215160999999993	0.43	482.1
hard:41910004	hard	A	A	True	True		0.415	0.415	0.44711954	0.3418	563.8
easy:253103006	easy	A	A	True	True		0.5221	0.5221	0.26953198	0.4624	497.3
easy:92437008	easy	A	A	True	True		0.6666	0.6666	0.13858676000000003	0.6249	596.6
easy:38371006	easy	A	A	True	True		0.7944	0.7944	0.059924809999999995	0.7687	513.4
easy:715770009	easy	A	A	True	True		0.7479	0.7479	0.08455056999999999	0.7163	604.1
hard:196027008	hard	A	A	True	True		0.5082	0.5082	0.28994601000000003	0.4467	561.2
hard:719164000	hard	A	A	True	True		0.6494	0.6494	0.17455946000000003	0.6055	539.9
none-narrower:403373008	none-narrower	none	H	False	False		0.4002	0.2496	0.74411063	0.3252	475.8
hard:416481006	hard	A	A	True	True		0.3412	0.3412	0.5379762400000001	0.2588	570.7
none-narrower:94973007	none-narrower	none	A	False	False		0.3211	0.2056	0.7930863699999999	0.2363	622.7
hard:237604008	hard	A	A	True	True		0.5536	0.5536	0.25602297000000007	0.4978	705.9
hard:86341008	hard	A	A	True	True		0.3544	0.3544	0.49590864	0.2737	535.5
hard:171131006	hard	A	A	True	True		0.5576	0.5576	0.24937706000000004	0.5023	591.9
none-narrower:95255005	none-narrower	none	A	False	False		0.279	0.2504	0.6843721200000001	0.1889	535.7
none-narrower:1156852009	none-narrower	none	A	False	False		0.3035	0.1331	0.90106234	0.2165	719.5
easy:56604005	easy	A	A	True	True		0.6836	0.6836	0.12079408	0.6441	544.4
retrieval-miss:17406005	retrieval-miss	none	none	True	False		0.2377	0.2377	0.67262482	0.1425	537.4
retrieval-miss:720635002	retrieval-miss	none	A	False	False		0.4537	0.2375	0.80217948	0.3855	678.7
hard:116381000119105	hard	A	A	True	True		0.7138	0.7138	0.09892856	0.678	587.5
easy:69163003	easy	A	A	True	True		0.4991	0.4991	0.3644752600000001	0.4365	542.2
easy:719140001	easy	A	A	True	True		0.4141	0.4141	0.46584559999999997	0.3409	636.5
retrieval-miss:425740005	retrieval-miss	none	none	True	False		0.3611	0.3611	0.50946	0.2812	695.2
none-narrower:2858002	none-narrower	none	H	False	False		0.2642	0.1597	0.88079819	0.1722	511.8
none-narrower:94682004	none-narrower	none	A	False	False		0.3355	0.2023	0.78320549	0.2524	612.4
hard:403900000	hard	A	C	False	True		0.3459	0.1528	0.9035870599999999	0.2641	592.6
hard:197866008	hard	A	A	True	True		0.7715	0.7715	0.08479237	0.7429	471.8
retrieval-miss:16814004	retrieval-miss	none	A	False	False		0.3347	0.2254	0.7629647199999999	0.2516	502.5
easy:111798006	easy	A	A	True	True		0.4374	0.4374	0.42436403	0.367	506.4
hard:234451005	hard	A	A	True	True		0.7984	0.7984	0.05883478	0.7732	568.3
easy:58718002	easy	A	A	True	True		0.6724	0.6724	0.14728041	0.6315	507.6
easy:720612000	easy	A	A	True	True		0.677	0.677	0.13584426999999996	0.6367	693.2
easy:363358000	easy	A	A	True	True		0.4719	0.4719	0.35821617	0.4059	545.4
easy:53974002	easy	A	A	True	True		0.6798	0.6798	0.13712453000000005	0.6398	591.2
hard:85559002	hard	B	B	True	False		0.7752	0.7752	0.07093607	0.7471	544.8
hard:187681002	hard	A	A	True	True		0.6404	0.6404	0.17516733999999998	0.5955	558.0
easy:254129003	easy	A	A	True	True		0.6563	0.6563	0.16733405	0.6134	567.4
hard:62377009	hard	A	A	True	True		0.8422	0.8422	0.03849235000000002	0.8225	535.6
hard:76976005	hard	A	A	True	True		0.6252	0.6252	0.17177212000000003	0.5784	498.8
hard:19138001	hard	A	A	True	True		0.7489	0.7489	0.07821651000000002	0.7175	674.6
easy:18842008	easy	A	A	True	True		0.35	0.35	0.5494020900000001	0.2687	515.5
retrieval-miss:10087007	retrieval-miss	none	none	True	False		0.3491	0.3491	0.5114407500000001	0.2677	578.8
hard:190724004	hard	A	A	True	True		0.3157	0.3157	0.55578251	0.2302	527.4
easy:404057003	easy	A	A	True	True		0.4718	0.4718	0.3497751499999999	0.4058	680.3
easy:264443002	easy	A	A	True	True		0.7685	0.7685	0.06690348000000002	0.7396	538.8
easy:363433009	easy	A	A	True	True		0.2839	0.2839	0.6354516299999998	0.1944	606.7
hard:28670008	hard	A	A	True	True		0.7563	0.7563	0.08168614000000002	0.7259	535.1
hard:92386006	hard	A	A	True	True		0.6509	0.6509	0.15136737999999997	0.6072	544.5
none-narrower:472783006	none-narrower	none	H	False	False		0.3038	0.2123	0.7967845400000002	0.2167	523.4
easy:405822008	easy	A	A	True	True		0.451	0.451	0.3789081099999999	0.3824	724.8
hard:59229005	hard	A	B	False	True		0.4217	0.3763	0.5792184399999999	0.3495	581.3
none-narrower:771177009	none-narrower	none	A	False	False		0.6792	0.1234	1.2369064	0.6391	625.2
hard:19620000	hard	A	A	True	True		0.4715	0.4715	0.35785607999999997	0.4054	507.6
none-narrower:441530006	none-narrower	none	A	False	False		0.4255	0.2481	0.77381155	0.3537	458.5
hard:36989005	hard	A	A	True	True		0.7766	0.7766	0.06918018000000002	0.7487	570.8
none-narrower:276866009	none-narrower	none	none	True	False		0.3344	0.3344	0.5366219799999999	0.2512	597.9
none-narrower:403785002	none-narrower	none	A	False	False		0.7122	0.1693	1.20124052	0.6762	590.5
hard:721836009	hard	A	A	True	True		0.7605	0.7605	0.07534250000000003	0.7306	701.2
none-narrower:373405005	none-narrower	none	A	False	False		0.367	0.2575	0.7387585899999999	0.2879	486.0
hard:24629003	hard	A	A	True	True		0.7638	0.7638	0.07093988999999999	0.7343	679.2
hard:404659001	hard	A	A	True	True		0.7873	0.7873	0.05721362000000001	0.7607	616.1
hard:719800009	hard	A	A	True	True		0.8419	0.8419	0.03620849	0.8222	588.8
easy:720603002	easy	A	A	True	True		0.5253	0.5253	0.33301794000000007	0.466	748.9
hard:56267009	hard	A	A	True	True		0.5591	0.5591	0.23824847999999996	0.504	615.9
none-narrower:47378001	none-narrower	none	A	False	False		0.3153	0.17	0.8619625999999999	0.2297	564.8
hard:196305005	hard	A	none	False	True		0.3427	0.2332	0.73863435	0.2605	602.7
hard:290653008	hard	A	A	True	True		0.6606	0.6606	0.16148190000000004	0.6182	653.0
retrieval-miss:21893008	retrieval-miss	none	none	True	False		0.3269	0.3269	0.5266533600000001	0.2427	740.3
easy:720344007	easy	A	A	True	True		0.4266	0.4266	0.43883703	0.3549	628.6
easy:95210003	easy	A	A	True	True		0.5777	0.5777	0.22389356000000002	0.525	588.4
none-narrower:724749007	none-narrower	none	A	False	False		0.6091	0.1736	1.0687652	0.5603	514.9
hard:12676007	hard	A	A	True	True		0.5324	0.5324	0.27336636000000003	0.4739	429.9
easy:89392001	easy	A	A	True	True		0.5501	0.5501	0.24245878999999998	0.4939	648.7
easy:37754005	easy	A	A	True	True		0.3766	0.3766	0.5168503499999999	0.2987	555.9
easy:721015008	easy	B	B	True	False		0.8667	0.8667	0.026272139999999992	0.85	600.7
hard:443439001	hard	A	A	True	True		0.3715	0.3715	0.5101287400000001	0.2929	648.4
hard:716683005	hard	A	A	True	True		0.696	0.696	0.11997142000000004	0.6581	743.9
none-narrower:231929005	none-narrower	none	B	False	False		0.5165	0.1952	0.9449961699999998	0.4561	521.0
easy:8635005	easy	A	A	True	True		0.5322	0.5322	0.26118693000000004	0.4738	519.2
hard:93390002	hard	A	D	False	True		0.3975	0.2748	0.7256831600000001	0.3222	539.4
hard:371199008	hard	A	none	False	True		0.2732	0.2573	0.67734897	0.1824	490.5
easy:239085000	easy	B	B	True	False		0.4816	0.4816	0.33849556000000003	0.4168	576.1
easy:69080001	easy	A	A	True	True		0.7154	0.7154	0.10070855999999997	0.6798	533.7
hard:768843007	hard	A	A	True	True		0.6026	0.6026	0.18819141	0.5529	684.3
easy:89420002	easy	A	A	True	True		0.5885	0.5885	0.20314965	0.537	583.4
easy:763215008	easy	A	A	True	True		0.7565	0.7565	0.07938431000000001	0.7261	669.4
easy:717749002	easy	A	B	False	True		0.312	0.2221	0.7564955600000001	0.226	596.9
easy:47709007	easy	A	A	True	True		0.6553	0.6553	0.15630449	0.6122	627.2
hard:720984008	hard	A	A	True	True		0.7844	0.7844	0.06404624	0.7575	715.3
none-narrower:255169005	none-narrower	none	B	False	False		0.5872	0.2263	0.9541745700000002	0.5356	570.3
hard:234628004	hard	A	A	True	True		0.6447	0.6447	0.16297327999999994	0.6002	540.2
hard:722456001	hard	A	A	True	True		0.678	0.678	0.13038180999999996	0.6378	652.2
hard:24752008	hard	A	A	True	True		0.566	0.566	0.22989771000000006	0.5117	547.2
hard:733520002	hard	A	A	True	True		0.6464	0.6464	0.14992700000000003	0.6022	795.8
retrieval-miss:88887003	retrieval-miss	none	none	True	False		0.2754	0.2754	0.63024966	0.1848	529.6
easy:716091000	easy	A	A	True	True		0.6128	0.6128	0.18157460999999997	0.5644	693.1
none-narrower:271570007	none-narrower	none	none	True	False		0.2403	0.2403	0.6687407400000001	0.1454	485.9
hard:55735004	hard	A	A	True	True		0.4148	0.4148	0.43855306	0.3416	558.5
hard:13920009	hard	A	A	True	True		0.7231	0.7231	0.11568479000000002	0.6885	587.6
easy:1279844009	easy	A	A	True	True		0.4895	0.4895	0.36396450999999996	0.4257	551.5
none-narrower:312224002	none-narrower	none	A	False	False		0.7755	0.1393	1.34388279	0.7474	489.4
easy:764996009	easy	A	A	True	True		0.6704	0.6704	0.14623251	0.6292	904.6
none-narrower:254196004	none-narrower	none	A	False	False		0.4137	0.1424	0.9517819200000002	0.3404	782.1
easy:703266007	easy	A	A	True	True		0.5708	0.5708	0.21676612000000006	0.5172	594.8
none-narrower:773610007	none-narrower	none	A	False	False		0.6245	0.1804	1.0736477500000001	0.5775	666.3
none-narrower:447706001	none-narrower	none	B	False	False		0.3639	0.2578	0.7220456099999999	0.2844	614.0
hard:763528002	hard	A	A	True	True		0.385	0.385	0.47233400999999997	0.3081	685.3
hard:70737009	hard	C	none	False	False		0.2703	0.1205	0.9668448799999999	0.1791	636.2
hard:25374005	hard	A	A	True	True		0.6495	0.6495	0.17913289	0.6057	487.2
retrieval-miss:237687003	retrieval-miss	none	none	True	False		0.4053	0.4053	0.41428409	0.3309	675.7
retrieval-miss:703403003	retrieval-miss	none	none	True	False		0.3002	0.3002	0.57294569	0.2127	718.7
hard:1271009	hard	A	A	True	True		0.6253	0.6253	0.17055246000000004	0.5785	658.5
hard:85708001	hard	A	A	True	True		0.5581	0.5581	0.26211418	0.5029	537.9
none-narrower:111850006	none-narrower	none	C	False	False		0.4917	0.2627	0.8038257900000001	0.4282	457.9
easy:725413002	easy	A	A	True	True		0.6872	0.6872	0.12069571999999998	0.6481	537.6
hard:238047006	hard	A	A	True	True		0.7786	0.7786	0.06811827000000002	0.7509	589.1
easy:230655004	easy	A	A	True	True		0.4844	0.4844	0.3549278300000001	0.42	531.8
easy:25476006	easy	A	A	True	True		0.4196	0.4196	0.48712211999999994	0.3471	554.3
hard:719209002	hard	A	A	True	True		0.6789	0.6789	0.12727190000000002	0.6387	710.1
hard:443520009	hard	A	A	True	True		0.721	0.721	0.10468733000000002	0.6862	543.0
none-narrower:1259592000	none-narrower	none	A	False	False		0.685	0.0996	1.29191119	0.6457	615.9
none-narrower:373422007	none-narrower	none	A	False	False		0.3333	0.2346	0.7482611499999999	0.25	561.5
easy:721835008	easy	A	A	True	True		0.4006	0.4006	0.45218682999999993	0.3257	684.7
hard:31097004	hard	D	D	True	False		0.7585	0.7585	0.08285433	0.7283	603.2
easy:60136008	easy	A	A	True	True		0.682	0.682	0.12736370999999996	0.6422	481.0
easy:721075001	easy	A	A	True	True		0.748	0.748	0.09042836000000001	0.7165	608.4
easy:28783002	easy	G	G	True	False		0.4447	0.4447	0.3749735	0.3753	501.0
retrieval-miss:1648002	retrieval-miss	none	none	True	False		0.4786	0.4786	0.32405955999999997	0.4134	625.6
hard:719650004	hard	A	A	True	True		0.6718	0.6718	0.12850971000000003	0.6308	701.2
easy:297237003	easy	A	A	True	True		0.4207	0.4207	0.4670079499999999	0.3483	663.5
retrieval-miss:4945003	retrieval-miss	none	A	False	False		0.2772	0.2315	0.71699022	0.1868	718.8
retrieval-miss:34042008	retrieval-miss	none	none	True	False		0.2747	0.2747	0.6013099500000001	0.1841	623.2
easy:126792007	easy	A	A	True	True		0.2972	0.2972	0.62589018	0.2093	522.9
easy:722059002	easy	A	A	True	True		0.6912	0.6912	0.11982587999999998	0.6526	697.3
easy:109995007	easy	A	A	True	True		0.6973	0.6973	0.11219971999999998	0.6595	710.1
easy:48500005	easy	A	A	True	True		0.6163	0.6163	0.20949753000000002	0.5683	496.1
none-narrower:49481000	none-narrower	none	none	True	False		0.4219	0.4219	0.4095912700000001	0.3496	658.2
none-narrower:191820008	none-narrower	none	A	False	False		0.4031	0.2194	0.8002900499999999	0.3285	427.7
hard:43878008	hard	A	A	True	True		0.434	0.434	0.43083296000000004	0.3633	543.0
easy:45781009	easy	E	none	False	False		0.3321	0.2636	0.6860178499999998	0.2487	556.8
easy:722690001	easy	A	A	True	True		0.5751	0.5751	0.2162073200000001	0.522	579.2
none-narrower:1259443009	none-narrower	none	A	False	False		0.5412	0.198	0.9574714100000001	0.4839	650.3
hard:41799005	hard	A	A	True	True		0.5808	0.5808	0.22481053000000004	0.5284	564.5
hard:38804009	hard	A	A	True	True		0.846	0.846	0.03332839000000001	0.8267	603.7
easy:276954004	easy	A	A	True	True		0.3446	0.3446	0.509366	0.2627	596.0
retrieval-miss:719848005	retrieval-miss	none	G	False	False		0.2694	0.2009	0.7942817600000001	0.1781	439.6
easy:24790002	easy	A	A	True	True		0.6935	0.6935	0.11253635999999999	0.6552	678.2
easy:717008005	easy	A	A	True	True		0.715	0.715	0.10073785	0.6794	901.3
none-narrower:4702003	none-narrower	none	A	False	False		0.2977	0.1924	0.83064212	0.2099	505.2
none-narrower:262933008	none-narrower	none	A	False	False		0.3174	0.2881	0.6565301100000001	0.2321	527.9
retrieval-miss:61750000	retrieval-miss	none	none	True	False		0.3496	0.3496	0.48606528	0.2683	541.0
hard:81577001	hard	A	A	True	True		0.562	0.562	0.23966287999999997	0.5072	576.1
hard:44730006	hard	A	A	True	True		0.4013	0.4013	0.44775768000000005	0.3265	608.7
none-narrower:722664004	none-narrower	none	none	True	False		0.2514	0.2514	0.6576319599999998	0.1579	535.5
hard:715907003	hard	A	A	True	True		0.8473	0.8473	0.03361078999999999	0.8283	659.0
hard:51523009	hard	A	A	True	True		0.6714	0.6714	0.14756595	0.6304	554.9
retrieval-miss:445448008	retrieval-miss	none	A	False	False		0.5566	0.1875	0.98846681	0.5011	660.8
retrieval-miss:37610005	retrieval-miss	none	none	True	False		0.62	0.62	0.18177965000000001	0.5725	438.3
hard:718602007	hard	A	A	True	True		0.7658	0.7658	0.07984860999999999	0.7365	666.9
hard:49428008	hard	A	A	True	True		0.7504	0.7504	0.07967752000000002	0.7192	625.8
hard:42265009	hard	A	A	True	True		0.6714	0.6714	0.14014632	0.6303	487.7
hard:33064008	hard	A	A	True	True		0.6932	0.6932	0.12912933999999998	0.6548	603.0
easy:42386007	easy	A	A	True	True		0.6627	0.6627	0.1647626	0.6205	738.6
easy:254812004	easy	A	B	False	True		0.4325	0.2319	0.8115163400000001	0.3616	513.0
easy:722439009	easy	A	A	True	True		0.8492	0.8492	0.033868240000000015	0.8304	683.4
easy:44018007	easy	B	none	False	False		0.3217	0.1448	0.8881623799999999	0.2369	507.0
retrieval-miss:279611005	retrieval-miss	none	D	False	False		0.2737	0.2395	0.7057092899999999	0.1829	608.8
hard:80813006	hard	A	A	True	True		0.7262	0.7262	0.10087137000000002	0.6919	516.4
easy:715776003	easy	A	A	True	True		0.782	0.782	0.06053333999999999	0.7548	753.9
none-narrower:59136001	none-narrower	none	none	True	False		0.2548	0.2548	0.69652503	0.1616	497.0
easy:402700001	easy	A	A	True	True		0.509	0.509	0.2994166	0.4477	509.3
easy:17608003	easy	A	A	True	True		0.7416	0.7416	0.08268548999999999	0.7093	591.0
none-narrower:1255194004	none-narrower	none	A	False	False		0.326	0.1891	0.8124259199999999	0.2417	644.4
none-narrower:818967003	none-narrower	none	A	False	False		0.5255	0.243	0.8642873799999999	0.4662	581.6
hard:240849009	hard	A	A	True	True		0.7287	0.7287	0.09209546999999998	0.6948	653.5
hard:389145006	hard	A	A	True	True		0.6426	0.6426	0.16395069000000004	0.5979	484.4
hard:35600002	hard	A	A	True	True		0.3298	0.3298	0.56579039	0.246	573.8
hard:197270009	hard	A	A	True	True		0.7935	0.7935	0.06308803000000002	0.7677	479.6
easy:85898001	easy	A	A	True	True		0.281	0.281	0.61980299	0.1911	523.4
easy:764512003	easy	A	A	True	True		0.6795	0.6795	0.12747	0.6395	937.7
none-narrower:403369005	none-narrower	none	none	True	False		0.2934	0.2934	0.61439099	0.2051	546.2
hard:124596009	hard	A	A	True	True		0.6169	0.6169	0.18489503999999998	0.569	570.8
hard:75315001	hard	A	A	True	True		0.5041	0.5041	0.29394234	0.4421	532.9
hard:18735004	hard	A	A	True	True		0.8079	0.8079	0.051203690000000024	0.7839	484.4
hard:237941007	hard	A	A	True	True		0.5129	0.5129	0.3173401599999999	0.452	648.4
easy:70647001	easy	A	A	True	True		0.6807	0.6807	0.14341768000000005	0.6408	608.3
easy:35091000119101	easy	A	A	True	True		0.4775	0.4775	0.32443935999999995	0.4122	637.2
none-narrower:10184002	none-narrower	none	A	False	False		0.2873	0.2436	0.6978327299999999	0.1982	463.7
hard:35520007	hard	A	A	True	True		0.7843	0.7843	0.06541577000000001	0.7573	540.0
hard:18805001	hard	C	D	False	False		0.2123	0.1058	0.9357943899999999	0.1138	546.2
hard:126583006	hard	A	A	True	True		0.6114	0.6114	0.19919933999999995	0.5629	576.9
easy:715736008	easy	A	A	True	True		0.7906	0.7906	0.06322751	0.7645	749.7
hard:359007	hard	A	A	True	True		0.6472	0.6472	0.16784155999999997	0.6031	575.6
none-narrower:95005005	none-narrower	none	none	True	False		0.3325	0.3325	0.5701585899999999	0.2491	555.4
none-narrower:15966341000119102	none-narrower	none	A	False	False		0.5815	0.1652	1.05470174	0.5292	515.4
easy:233667003	easy	C	none	False	False		0.3325	0.1991	0.8005728999999998	0.249	512.7
easy:724275005	easy	A	A	True	True		0.5446	0.5446	0.2542547	0.4876	637.2
easy:723453002	easy	A	A	True	True		0.7959	0.7959	0.05672183999999998	0.7704	639.4
easy:190293001	easy	A	A	True	True		0.5502	0.5502	0.26749279	0.4939	542.6
none-narrower:94080006	none-narrower	none	A	False	False		0.414	0.1409	1.00864682	0.3407	529.3
easy:449824004	easy	A	A	True	True		0.6368	0.6368	0.16627555	0.5914	552.5
none-narrower:1263522001	none-narrower	none	none	True	False		0.497	0.497	0.30882776	0.4341	587.4
hard:720458005	hard	A	A	True	True		0.6447	0.6447	0.15699757999999997	0.6003	649.7
hard:62067003	hard	A	A	True	True		0.8028	0.8028	0.05561189000000002	0.7781	623.6
none-narrower:66944004	none-narrower	none	A	False	False		0.352	0.1922	0.8131360899999999	0.271	542.9
easy:90623003	easy	A	A	True	True		0.5484	0.5484	0.27854559	0.492	537.2
easy:49130001	easy	A	A	True	True		0.3419	0.3419	0.51050111	0.2597	489.3
easy:230321007	easy	A	C	False	True		0.3844	0.1246	0.9723823099999999	0.3074	532.3
easy:36971009	easy	A	A	True	True		0.5925	0.5925	0.20976581	0.5416	447.4
none-narrower:300457003	none-narrower	none	none	True	False		0.2756	0.2756	0.6262053199999998	0.1851	477.5
hard:87343002	hard	A	A	True	True		0.6638	0.6638	0.15960147000000005	0.6218	679.5
hard:415105001	hard	A	A	True	True		0.7145	0.7145	0.11404179999999998	0.6788	532.8
hard:254582000	hard	A	A	True	True		0.462	0.462	0.35840595999999997	0.3947	628.2
easy:192004002	easy	A	A	True	True		0.4475	0.4475	0.40471255	0.3785	462.0
easy:446989009	easy	A	A	True	True		0.4362	0.4362	0.40046088000000013	0.3657	601.8
none-narrower:204985001	none-narrower	none	none	True	False		0.2614	0.2614	0.6423898599999999	0.1691	464.3
easy:402723003	easy	A	A	True	True		0.6754	0.6754	0.12978402	0.6348	594.6
none-narrower:265569002	none-narrower	none	A	False	False		0.318	0.1013	0.9882356800000001	0.2328	547.6
easy:65194006	easy	A	A	True	True		0.4494	0.4494	0.36740980999999995	0.3806	538.3
easy:255084004	easy	A	A	True	True		0.4784	0.4784	0.33978332000000006	0.4131	558.5
none-narrower:276873004	none-narrower	none	A	False	False		0.5958	0.148	1.11396183	0.5452	640.1
hard:92059004	hard	A	A	True	True		0.3025	0.3025	0.61096075	0.2153	559.3
hard:237083000	hard	A	A	True	True		0.4521	0.4521	0.36677158000000004	0.3837	515.7
none-narrower:54116000	none-narrower	none	A	False	False		0.5431	0.1748	0.9907925499999999	0.486	589.2
retrieval-miss:105706003	retrieval-miss	none	A	False	False		0.3552	0.2345	0.8015793200000001	0.2746	523.8
easy:695751021000132104	easy	A	A	True	True		0.5384	0.5384	0.27876734	0.4807	542.4
easy:28244003	easy	A	A	True	True		0.5014	0.5014	0.30210956000000005	0.4391	516.8
hard:121951000119101	hard	A	A	True	True		0.6547	0.6547	0.15078152000000006	0.6116	497.7
none-narrower:771013004	none-narrower	none	A	False	False		0.6023	0.1376	1.11878473	0.5526	644.6
none-narrower:387681000	none-narrower	none	A	False	False		0.3767	0.3104	0.63579926	0.2988	528.3
easy:277617004	easy	A	A	True	True		0.5028	0.5028	0.30044857999999997	0.4407	627.1
hard:722378009	hard	A	A	True	True		0.7343	0.7343	0.09125700000000003	0.701	680.4
hard:61253004	hard	A	A	True	True		0.4429	0.4429	0.39475439999999995	0.3733	484.9
retrieval-miss:238694002	retrieval-miss	none	A	False	False		0.2819	0.1255	0.9083944100000001	0.1922	617.0
easy:200722003	easy	A	A	True	True		0.7509	0.7509	0.08349266	0.7198	487.0
hard:231931001	hard	A	A	True	True		0.3988	0.3988	0.43255663999999994	0.3237	590.2
none-narrower:402126004	none-narrower	none	H	False	False		0.3342	0.1473	0.9237412	0.251	535.1
none-narrower:359711001	none-narrower	none	A	False	False		0.5492	0.141	1.06052437	0.4928	674.9
easy:194119004	easy	C	C	True	False		0.3092	0.3092	0.5912145100000001	0.2228	495.5
hard:41659003	hard	C	A	False	False		0.2537	0.1703	0.8367264299999999	0.1604	563.1
hard:14921002	hard	D	none	False	False		0.2676	0.1544	0.8577403499999999	0.176	646.5
retrieval-miss:69488000	retrieval-miss	none	none	True	False		0.1969	0.1969	0.74165442	0.0966	503.3
none-narrower:385006	none-narrower	none	A	False	False		0.5766	0.1131	1.13655427	0.5236	474.6
none-narrower:186861006	none-narrower	none	A	False	False		0.4306	0.2038	0.86007545	0.3594	528.5
easy:403889000	easy	A	A	True	True		0.4964	0.4964	0.29710376000000005	0.4334	591.2
retrieval-miss:78305006	retrieval-miss	none	none	True	False		0.3563	0.3563	0.4772322499999999	0.2759	651.2
easy:77098009	easy	A	A	True	True		0.6343	0.6343	0.16104831	0.5885	635.4
hard:12546009	hard	B	B	True	False		0.441	0.441	0.43522510999999997	0.3711	575.5
none-narrower:1177005009	none-narrower	none	A	False	False		0.2866	0.2347	0.70242072	0.1975	512.6
easy:37925008	easy	A	B	False	True		0.5459	0.1302	1.0799479200000002	0.4891	479.3
easy:36517007	easy	A	A	True	True		0.7135	0.7135	0.10090988	0.6777	541.0
easy:34742003	easy	A	A	True	True		0.6452	0.6452	0.15911884999999998	0.6009	474.2
easy:763833006	easy	A	A	True	True		0.6275	0.6275	0.17301597000000007	0.5809	776.4
hard:613003	hard	A	A	True	True		0.7921	0.7921	0.06197643999999999	0.7661	538.1
hard:716108004	hard	A	A	True	True		0.8014	0.8014	0.051181420000000005	0.7765	732.8
easy:92272009	easy	A	A	True	True		0.5565	0.5565	0.24722737	0.501	624.5
easy:238612002	easy	A	A	True	True		0.4873	0.4873	0.31527392	0.4232	600.5
hard:15033003	hard	A	A	True	True		0.7246	0.7246	0.10375836	0.6902	493.5
easy:718174008	easy	A	A	True	True		0.4473	0.4473	0.3555537	0.3782	606.6
hard:193093009	hard	A	A	True	True		0.713	0.713	0.10243467000000002	0.6771	519.8
easy:92298003	easy	A	A	True	True		0.7266	0.7266	0.09564786999999998	0.6925	564.7
easy:447781009	easy	A	A	True	True		0.4278	0.4278	0.41618120000000003	0.3562	593.4
easy:267592003	easy	B	B	True	False		0.4819	0.4819	0.38406533000000004	0.4172	589.8
easy:763070001	easy	A	A	True	True		0.7455	0.7455	0.08163081999999997	0.7137	764.4
hard:715482004	hard	A	A	True	True		0.7458	0.7458	0.08922787999999998	0.714	629.7
hard:39479004	hard	A	A	True	True		0.7814	0.7814	0.06911228000000001	0.7541	647.2
retrieval-miss:277475006	retrieval-miss	none	F	False	False		0.5815	0.2127	0.96603856	0.5292	596.3
hard:719404009	hard	A	A	True	True		0.7129	0.7129	0.10986125000000002	0.677	582.1
easy:255039001	easy	A	A	True	True		0.7773	0.7773	0.06675001	0.7495	595.7
none-narrower:712527004	none-narrower	none	A	False	False		0.412	0.1816	0.88191644	0.3385	540.6
hard:763211004	hard	A	A	True	True		0.7413	0.7413	0.08249798000000003	0.709	690.1
hard:76880004	hard	A	A	True	True		0.7111	0.7111	0.10371308000000003	0.675	536.8
easy:92109005	easy	A	B	False	True		0.3754	0.2613	0.71673466	0.2974	565.9
easy:21794005	easy	A	A	True	True		0.7051	0.7051	0.10819212000000002	0.6682	576.2
easy:720976009	easy	A	A	True	True		0.5155	0.5155	0.29250771000000003	0.4549	887.5
easy:274902006	easy	A	A	True	True		0.7108	0.7108	0.11159204	0.6746	656.5
hard:230672006	hard	A	A	True	True		0.7491	0.7491	0.08369183000000001	0.7177	636.2
easy:94292003	easy	A	A	True	True		0.5119	0.5119	0.29314592	0.4509	592.9
hard:254609000	hard	A	A	True	True		0.5471	0.5471	0.2551852	0.4905	600.0
easy:716653001	easy	A	A	True	True		0.6339	0.6339	0.16055316999999997	0.5882	616.4
hard:231479000	hard	A	C	False	True		0.4354	0.3041	0.6948483999999999	0.3649	413.0
easy:363465007	easy	A	none	False	True		0.2996	0.244	0.7162484800000001	0.2121	479.3
none-narrower:92609009	none-narrower	none	B	False	False		0.3404	0.1484	0.9231110100000001	0.2579	483.7
hard:92412003	hard	A	A	True	True		0.6222	0.6222	0.17738503000000003	0.575	595.6
easy:277950001	easy	A	A	True	True		0.371	0.371	0.47343741	0.2924	706.4
retrieval-miss:444755001	retrieval-miss	none	none	True	False		0.2793	0.2793	0.61226565	0.1892	499.6
hard:126677000	hard	A	A	True	True		0.7223	0.7223	0.10246335999999998	0.6876	579.4
hard:398680004	hard	B	A	False	False		0.487	0.0331	1.25614984	0.4229	715.6
retrieval-miss:129565002	retrieval-miss	none	none	True	False		0.2823	0.2823	0.61913962	0.1926	483.6
easy:266257000	easy	B	B	True	False		0.5476	0.5476	0.27224978000000005	0.4911	524.6
easy:276975007	easy	A	A	True	True		0.6755	0.6755	0.14261784	0.6349	641.6
easy:715984007	easy	A	A	True	True		0.8321	0.8321	0.042474230000000016	0.8111	692.9
easy:1963002	easy	A	A	True	True		0.738	0.738	0.09925	0.7053	640.0
hard:363451005	hard	A	A	True	True		0.3846	0.3846	0.47992322	0.3077	513.6
hard:718679004	hard	A	A	True	True		0.7938	0.7938	0.06451586000000002	0.7681	565.0
none-narrower:1351328007	none-narrower	none	A	False	False		0.5366	0.1448	1.03780685	0.4787	630.3
easy:609565001	easy	A	A	True	True		0.5508	0.5508	0.24709078000000004	0.4947	566.2
easy:713577007	easy	A	A	True	True		0.747	0.747	0.07731519999999999	0.7154	658.6
hard:402524007	hard	A	B	False	True		0.4742	0.1207	1.0454101699999998	0.4085	521.7
hard:403986008	hard	A	A	True	True		0.6904	0.6904	0.12365620999999999	0.6517	538.9
hard:126824007	hard	A	A	True	True		0.4589	0.4589	0.37247135	0.3912	516.6
hard:702368000	hard	A	B	False	True		0.3381	0.3358	0.58919564	0.2554	583.7
hard:61663001	hard	A	A	True	True		0.5026	0.5026	0.31223151999999993	0.4404	598.4
easy:26597004	easy	A	A	True	True		0.7333	0.7333	0.09848738000000001	0.7	536.5
hard:763531001	hard	A	A	True	True		0.5834	0.5834	0.20499634	0.5314	598.7
none-narrower:403552007	none-narrower	none	A	False	False		0.427	0.2163	0.8242362900000001	0.3553	599.5
easy:195021004	easy	A	A	True	True		0.5741	0.5741	0.21213968999999994	0.5208	613.5
easy:32117000	easy	A	A	True	True		0.5499	0.5499	0.27491355999999995	0.4936	695.8
easy:717224002	easy	A	A	True	True		0.6618	0.6618	0.13573860999999998	0.6195	662.4
hard:419503008	hard	A	A	True	True		0.3047	0.3047	0.5839535200000001	0.2178	625.2
easy:766982000	easy	A	A	True	True		0.4936	0.4936	0.30043260999999993	0.4303	868.3
hard:235796008	hard	A	A	True	True		0.7645	0.7645	0.07576095000000002	0.7351	497.7
none-narrower:84097002	none-narrower	none	A	False	False		0.5208	0.2362	0.86729663	0.4609	543.5
easy:11442006	easy	A	A	True	True		0.4072	0.4072	0.40160505	0.333	644.0
hard:197260007	hard	C	C	True	False		0.6229	0.6229	0.17825908000000001	0.5758	509.4
easy:765747004	easy	A	B	False	True		0.4748	0.2581	0.7909560400000002	0.4092	831.5
easy:700057001	easy	A	A	True	True		0.8374	0.8374	0.035451709999999984	0.8171	630.6
none-narrower:1087891000119107	none-narrower	none	A	False	False		0.4119	0.2594	0.7442922299999999	0.3384	512.6
hard:25044007	hard	A	A	True	True		0.6257	0.6257	0.19773241999999996	0.579	552.8
easy:416510003	easy	A	A	True	True		0.3278	0.3278	0.60586026	0.2438	517.7
retrieval-miss:105668007	retrieval-miss	none	A	False	False		0.3755	0.2893	0.67651847	0.2975	511.0
easy:274944000	easy	A	A	True	True		0.7354	0.7354	0.09601391999999997	0.7023	632.8
none-narrower:84753008	none-narrower	none	none	True	False		0.2573	0.2573	0.6475661300000001	0.1645	482.7
none-narrower:1208841001	none-narrower	none	none	True	False		0.2995	0.2995	0.57290363	0.212	500.9
hard:19092004	hard	A	A	True	True		0.7737	0.7737	0.07169819999999998	0.7454	644.7
easy:22240003	easy	A	A	True	True		0.5495	0.5495	0.28209836	0.4932	662.4
easy:429040005	easy	B	B	True	False		0.3205	0.3205	0.5720337799999999	0.2356	457.7
hard:424114000	hard	A	A	True	True		0.8411	0.8411	0.03962638000000001	0.8212	581.7
retrieval-miss:15566009	retrieval-miss	none	D	False	False		0.2612	0.2473	0.6921426900000001	0.1689	570.4
retrieval-miss:65038009	retrieval-miss	none	none	True	False		0.2859	0.2859	0.62164697	0.1967	443.9
hard:85039006	hard	A	A	True	True		0.5672	0.5672	0.24192036999999994	0.5131	523.4
easy:763748007	easy	A	A	True	True		0.8326	0.8326	0.04266463	0.8117	626.5
retrieval-miss:39288006	retrieval-miss	none	C	False	False		0.2119	0.204	0.76210076	0.1134	505.5
none-narrower:1263575002	none-narrower	none	A	False	False		0.6575	0.1571	1.15003576	0.6147	450.6
hard:18899000	hard	A	A	True	True		0.6081	0.6081	0.19842517	0.5591	619.2
none-narrower:1299151005	none-narrower	none	A	False	False		0.7962	0.1129	1.4230171600000001	0.7707	601.5
easy:397923000	easy	A	A	True	True		0.4098	0.4098	0.4737886800000001	0.336	496.0
hard:126859007	hard	A	A	True	True		0.4351	0.4351	0.38314515999999993	0.3645	558.2
easy:8808004	easy	A	A	True	True		0.8061	0.8061	0.05346358999999999	0.7819	662.3
none-narrower:403856000	none-narrower	none	D	False	False		0.3379	0.3046	0.62495978	0.2552	570.0
easy:724171006	easy	A	B	False	True		0.5698	0.1697	1.03591304	0.516	534.5
hard:50390006	hard	A	A	True	True		0.6886	0.6886	0.12322916	0.6496	471.5
easy:70410008	easy	A	A	True	True		0.5804	0.5804	0.21254166999999996	0.5279	640.3
easy:8634009	easy	A	A	True	True		0.6252	0.6252	0.17291698000000005	0.5784	641.4
hard:237770005	hard	A	A	True	True		0.6272	0.6272	0.18024205000000004	0.5806	677.9
hard:79830009	hard	A	A	True	True		0.6222	0.6222	0.18800061000000004	0.575	484.4
none-narrower:783182004	none-narrower	none	A	False	False		0.539	0.1701	1.00290295	0.4814	574.2
easy:51239001	easy	A	A	True	True		0.4056	0.4056	0.45940815	0.3312	492.1
none-narrower:236711008	none-narrower	none	none	True	False		0.2586	0.2586	0.6617324600000001	0.1659	470.7
hard:58349009	hard	A	A	True	True		0.29	0.29	0.60214699	0.2013	576.2
easy:68241007	easy	B	B	True	False		0.8394	0.8394	0.03885943999999999	0.8194	481.1
easy:767713001	easy	A	A	True	True		0.46	0.46	0.41010126	0.3925	478.6
hard:404078000	hard	A	A	True	True		0.478	0.478	0.35206236	0.4127	546.4
hard:770406002	hard	A	A	True	True		0.5425	0.5425	0.29828160000000004	0.4853	694.4
none-narrower:237819006	none-narrower	none	H	False	False		0.3732	0.2436	0.7708345399999998	0.2949	595.6
none-narrower:77746001	none-narrower	none	H	False	False		0.4752	0.3243	0.68864896	0.4095	681.3
hard:80690008	hard	B	B	True	False		0.3568	0.3568	0.54983327	0.2764	555.9
none-narrower:10701000087104	none-narrower	none	none	True	False		0.3144	0.3144	0.55525509	0.2287	547.5
