item_id	tier	truth	pred	hit	lex_hit	ambiguous	p_top	p_truth	brier	confidence	latency_ms
hard:253006001	hard	A	A	True	True		0.9211	0.9211	0.007811929999999995	0.9112	599.9
hard:363477002	hard	B	B	True	False		0.9603	0.9603	0.0018411699999999966	0.9553	411.5
hard:445187004	hard	A	A	True	True		0.9713	0.9713	0.0009676699999999971	0.9677	413.1
easy:274947007	easy	A	A	True	True		0.9635	0.9635	0.0015539099999999982	0.9589	411.4
hard:268262006	hard	A	A	True	True		0.9369	0.9369	0.004765350000000007	0.929	419.8
none-narrower:308123002	none-narrower	none	none	True	False		0.5544	0.5544	0.24242184	0.4987	312.2
easy:415238003	easy	A	A	True	True		0.9404	0.9404	0.004131149999999998	0.9329	224.0
easy:70272006	easy	A	A	True	True		0.9363	0.9363	0.004783169999999997	0.9283	309.4
easy:422437002	easy	A	A	True	True		0.9492	0.9492	0.0030445499999999957	0.9428	333.0
easy:722117000	easy	A	A	True	True		0.962	0.962	0.0017392000000000026	0.9572	217.7
hard:254146000	hard	C	A	False	False		0.9074	0.0336	1.7580390700000001	0.8958	190.0
easy:397868007	easy	A	A	True	True		0.9162	0.9162	0.00851651	0.9057	415.8
easy:238735005	easy	A	A	True	True		0.9371	0.9371	0.004657389999999995	0.9292	245.2
easy:722294004	easy	A	A	True	True		0.9372	0.9372	0.004544189999999996	0.9294	308.0
easy:303852004	easy	A	A	True	True		0.9788	0.9788	0.0005248099999999998	0.9761	212.0
easy:154283005	easy	A	A	True	True		0.9619	0.9619	0.0017087400000000018	0.9571	173.9
none-narrower:1259580000	none-narrower	none	A	False	False		0.9216	0.0212	1.80816135	0.9118	207.8
none-narrower:53933002	none-narrower	none	none	True	False		0.7133	0.7133	0.09428161999999998	0.6775	181.1
hard:237613005	hard	A	A	True	True		0.9682	0.9682	0.0012159900000000036	0.9643	183.3
retrieval-miss:26715006	retrieval-miss	none	none	True	False		0.3513	0.3513	0.49237622000000003	0.2702	272.1
easy:717772000	easy	A	A	True	True		0.9715	0.9715	0.0010090299999999982	0.968	217.3
hard:232016005	hard	A	A	True	True		0.9682	0.9682	0.001175820000000003	0.9643	181.4
none-narrower:1268955002	none-narrower	none	A	False	False		0.556	0.1736	1.0080153200000002	0.5005	182.7
hard:448227009	hard	A	A	True	True		0.8259	0.8259	0.03590270000000002	0.8041	175.7
hard:698851003	hard	D	none	False	False		0.3138	0.26	0.67830505	0.228	236.1
hard:703388005	hard	A	A	True	True		0.9645	0.9645	0.0014802399999999983	0.9601	223.5
easy:720401009	easy	A	A	True	True		0.97	0.97	0.0010445900000000015	0.9663	226.1
easy:15228007	easy	A	A	True	True		0.946	0.946	0.0036473700000000057	0.9393	188.7
easy:297232009	easy	A	A	True	True		0.9448	0.9448	0.003648390000000003	0.938	182.9
easy:230782004	easy	A	A	True	True		0.8882	0.8882	0.014426960000000003	0.8742	232.7
easy:92439006	easy	A	A	True	True		0.9502	0.9502	0.0032409299999999956	0.944	188.4
easy:193839007	easy	A	A	True	True		0.9261	0.9261	0.006317549999999995	0.9169	202.7
easy:197601003	easy	A	A	True	True		0.9435	0.9435	0.004001729999999999	0.9364	180.6
none-narrower:203245006	none-narrower	none	none	True	False		0.5076	0.5076	0.27674682999999994	0.4461	180.9
easy:764854006	easy	A	A	True	True		0.9672	0.9672	0.0014058300000000035	0.9631	180.6
none-narrower:1142265002	none-narrower	none	none	True	False		0.7542	0.7542	0.07023619	0.7234	174.4
easy:717360009	easy	A	A	True	True		0.969	0.969	0.0010978700000000017	0.9651	197.3
hard:190808009	hard	A	A	True	True		0.9713	0.9713	0.000960339999999997	0.9677	190.9
none-narrower:1177030007	none-narrower	none	A	False	False		0.4192	0.205	0.8484169000000001	0.3466	182.5
retrieval-miss:82639001	retrieval-miss	none	A	False	False		0.9555	0.0118	1.88981091	0.9499	189.5
hard:86489003	hard	A	A	True	True		0.9791	0.9791	0.0005190400000000012	0.9765	189.1
hard:448045004	hard	A	A	True	True		0.9383	0.9383	0.004685769999999997	0.9305	189.0
hard:719017003	hard	A	A	True	True		0.9495	0.9495	0.0029485799999999993	0.9431	197.6
easy:722201004	easy	A	A	True	True		0.9786	0.9786	0.0005570599999999989	0.9759	227.2
easy:78267003	easy	A	A	True	True		0.9061	0.9061	0.010769859999999997	0.8944	190.1
easy:119422004	easy	A	A	True	True		0.9044	0.9044	0.010747890000000005	0.8925	189.1
easy:297238008	easy	A	A	True	True		0.9524	0.9524	0.0028103599999999974	0.9465	194.6
none-narrower:1162315003	none-narrower	none	none	True	False		0.6746	0.6746	0.12169692000000001	0.6339	183.7
easy:439732004	easy	A	A	True	True		0.9001	0.9001	0.011369939999999999	0.8876	188.1
hard:275437005	hard	B	B	True	False		0.7459	0.7459	0.07623217	0.7141	175.1
none-narrower:280967004	none-narrower	none	none	True	False		0.5605	0.5605	0.23336688	0.5055	180.9
easy:89141000	easy	A	A	True	True		0.9723	0.9723	0.000885249999999997	0.9689	182.9
none-narrower:26681001	none-narrower	none	none	True	False		0.2499	0.2499	0.6565684700000001	0.1561	197.9
retrieval-miss:265377002	retrieval-miss	none	none	True	False		0.6059	0.6059	0.19142277	0.5566	180.7
easy:82275008	easy	A	A	True	True		0.9701	0.9701	0.001090640000000002	0.9663	227.0
hard:46683007	hard	A	A	True	True		0.9434	0.9434	0.003770299999999998	0.9364	221.7
none-narrower:323321000119100	none-narrower	none	A	False	False		0.8607	0.0415	1.6615388500000001	0.8432	180.3
none-narrower:190979003	none-narrower	none	A	False	False		0.9461	0.0082	1.87915	0.9394	196.0
easy:738527001	easy	D	D	True	False		0.9452	0.9452	0.0037443099999999955	0.9384	285.2
easy:724095006	easy	A	A	True	True		0.9593	0.9593	0.0020582899999999965	0.9542	191.2
easy:719009006	easy	A	A	True	True		0.9304	0.9304	0.005745379999999999	0.9217	196.6
none-narrower:71799002	none-narrower	none	none	True	False		0.6627	0.6627	0.13157387000000004	0.6206	198.0
none-narrower:17960009	none-narrower	none	none	True	False		0.6335	0.6335	0.16908446000000005	0.5877	221.4
easy:448709005	easy	A	A	True	True		0.8583	0.8583	0.03083771000000001	0.8406	222.1
easy:2593002	easy	A	A	True	True		0.9768	0.9768	0.0006871999999999999	0.9738	191.7
none-narrower:197342009	none-narrower	none	A	False	False		0.329	0.272	0.6928883299999999	0.2452	183.0
hard:725464001	hard	A	A	True	True		0.9715	0.9715	0.0009669799999999984	0.968	223.2
easy:63302006	easy	A	A	True	True		0.9678	0.9678	0.0012289300000000003	0.9638	186.4
hard:52868006	hard	A	A	True	True		0.9156	0.9156	0.008226660000000004	0.905	188.4
easy:448668007	easy	A	A	True	True		0.971	0.971	0.0010017400000000016	0.9673	174.1
retrieval-miss:254185007	retrieval-miss	none	none	True	False		0.7836	0.7836	0.05380578000000002	0.7565	224.8
hard:70422006	hard	A	A	True	True		0.9636	0.9636	0.0015277499999999994	0.9591	180.4
easy:399956005	easy	A	A	True	True		0.9678	0.9678	0.0012172800000000003	0.9638	189.9
hard:26132002	hard	A	A	True	True		0.8395	0.8395	0.035304289999999995	0.8195	193.6
none-narrower:234503004	none-narrower	none	none	True	False		0.4441	0.4441	0.46198139000000016	0.3746	174.6
easy:109558001	easy	D	D	True	False		0.9204	0.9204	0.00792259	0.9104	174.9
retrieval-miss:59252009	retrieval-miss	none	A	False	False		0.9257	0.0116	1.8347881	0.9165	223.8
easy:30800001	easy	A	A	True	True		0.9522	0.9522	0.0026480799999999954	0.9463	197.7
retrieval-miss:195029002	retrieval-miss	none	none	True	False		0.5771	0.5771	0.20601855000000002	0.5243	197.7
none-narrower:196754001	none-narrower	none	none	True	False		0.8076	0.8076	0.04235072	0.7836	278.9
easy:238001003	easy	A	A	True	True		0.7957	0.7957	0.05049115000000002	0.7701	193.3
easy:200973000	easy	A	A	True	True		0.8949	0.8949	0.012608359999999994	0.8818	188.7
easy:403946000	easy	A	A	True	True		0.9486	0.9486	0.0032934400000000003	0.9421	227.3
easy:91514001	easy	A	A	True	True		0.971	0.971	0.0009597900000000014	0.9673	283.2
none-narrower:95039009	none-narrower	none	none	True	False		0.3572	0.3572	0.54045434	0.2768	180.1
none-narrower:1148523003	none-narrower	none	B	False	False		0.5833	0.1009	1.1660016300000002	0.5312	189.6
easy:720514008	easy	A	A	True	True		0.96	0.96	0.002049310000000003	0.955	238.7
none-narrower:1254852008	none-narrower	none	A	False	False		0.2596	0.2008	0.7737073000000001	0.167	223.7
easy:719817002	easy	A	A	True	True		0.9618	0.9618	0.001685000000000001	0.957	222.1
hard:47903000	hard	A	A	True	True		0.9561	0.9561	0.0023074900000000045	0.9506	192.3
hard:24069003	hard	A	A	True	True		0.9207	0.9207	0.007806250000000007	0.9108	170.8
hard:742876007	hard	A	A	True	True		0.9242	0.9242	0.006748239999999997	0.9147	224.0
easy:363495004	easy	A	A	True	True		0.9056	0.9056	0.010505880000000006	0.8938	174.4
easy:55031000	easy	A	A	True	True		0.9655	0.9655	0.0013665299999999984	0.9612	170.0
easy:11380006	easy	A	A	True	True		0.973	0.973	0.0008451500000000012	0.9696	178.3
hard:126835002	hard	A	A	True	True		0.9694	0.9694	0.0010953199999999977	0.9656	181.1
hard:86133004	hard	A	A	True	True		0.9566	0.9566	0.002217759999999999	0.9512	191.6
easy:61565001	easy	A	A	True	True		0.9652	0.9652	0.0014341300000000037	0.9608	180.8
easy:271432005	easy	A	A	True	True		0.9683	0.9683	0.001189749999999997	0.9644	180.8
hard:699866005	hard	A	A	True	True		0.7709	0.7709	0.06197925999999999	0.7422	189.5
hard:363391009	hard	A	A	True	True		0.9595	0.9595	0.0019506999999999984	0.9544	174.8
none-narrower:431856006	none-narrower	none	none	True	False		0.5809	0.5809	0.20808375	0.5285	164.2
hard:230724001	hard	A	A	True	True		0.3783	0.3783	0.4629351299999999	0.3006	181.2
easy:5217008	easy	A	A	True	True		0.8255	0.8255	0.03878468999999999	0.8037	198.4
none-narrower:240499000	none-narrower	none	none	True	False		0.6942	0.6942	0.11354362999999998	0.656	174.4
hard:72925005	hard	D	none	False	False		0.3582	0.314	0.6284704699999999	0.278	197.9
hard:110979008	hard	A	A	True	True		0.9435	0.9435	0.003710679999999999	0.9364	164.3
none-narrower:311000119101	none-narrower	none	none	True	False		0.8281	0.8281	0.03441667000000002	0.8066	170.5
none-narrower:773774000	none-narrower	none	A	False	False		0.9745	0.0036	1.9425740799999998	0.9714	248.0
none-narrower:302909007	none-narrower	none	A	False	False		0.5837	0.1632	1.05145008	0.5317	181.1
easy:230228004	easy	A	A	True	True		0.9577	0.9577	0.0021189700000000004	0.9525	191.4
hard:700056005	hard	A	A	True	True		0.9425	0.9425	0.00393378	0.9353	166.3
hard:414783007	hard	A	A	True	True		0.9679	0.9679	0.0011807700000000011	0.9639	188.5
hard:724282009	hard	A	A	True	True		0.9504	0.9504	0.0029053299999999976	0.9442	181.2
easy:363394001	easy	A	A	True	True		0.9406	0.9406	0.004057640000000001	0.9331	188.4
none-narrower:95753002	none-narrower	none	none	True	False		0.3919	0.3919	0.43221832	0.3159	188.2
none-narrower:43100002	none-narrower	none	none	True	False		0.3985	0.3985	0.42040498999999987	0.3233	183.7
easy:72621003	easy	A	A	True	True		0.9614	0.9614	0.0018253899999999973	0.9566	163.9
easy:302226006	easy	F	F	True	False		0.9239	0.9239	0.007155089999999992	0.9144	164.2
hard:236740006	hard	B	B	True	False		0.9666	0.9666	0.0012998799999999991	0.9625	188.7
none-narrower:12203991000119100	none-narrower	none	none	True	False		0.6604	0.6604	0.13950616000000002	0.6179	181.5
hard:48718006	hard	A	A	True	True		0.9562	0.9562	0.002260629999999996	0.9507	185.2
hard:414545008	hard	A	A	True	True		0.8475	0.8475	0.02735044999999999	0.8284	184.3
retrieval-miss:312912001	retrieval-miss	none	none	True	False		0.6428	0.6428	0.15045765	0.5982	182.8
easy:177504007	easy	A	A	True	True		0.9696	0.9696	0.0011172199999999988	0.9658	217.5
none-narrower:32130001000004108	none-narrower	none	H	False	False		0.4607	0.3424	0.65387341	0.3933	174.4
hard:698247007	hard	A	A	True	True		0.9485	0.9485	0.003049279999999999	0.942	190.5
easy:7847004	easy	A	A	True	True		0.96	0.96	0.0018289000000000029	0.955	181.9
hard:725591002	hard	A	A	True	True		0.9695	0.9695	0.0010754499999999982	0.9657	182.7
none-narrower:312601003	none-narrower	none	A	False	False		0.8182	0.07	1.53657326	0.7955	175.4
none-narrower:682421000119104	none-narrower	none	none	True	False		0.6326	0.6326	0.16177134999999995	0.5867	189.1
hard:186499007	hard	A	A	True	True		0.9689	0.9689	0.001203270000000001	0.965	199.4
hard:699189004	hard	A	A	True	True		0.9703	0.9703	0.001041669999999997	0.9666	220.0
hard:3577000	hard	A	A	True	True		0.9467	0.9467	0.0032925600000000012	0.9401	193.0
none-narrower:700346002	none-narrower	none	A	False	False		0.6295	0.1522	1.1245088399999998	0.5832	171.0
none-narrower:92901000087104	none-narrower	none	none	True	False		0.4892	0.4892	0.3044229299999999	0.4254	152.2
hard:91978004	hard	A	A	True	True		0.972	0.972	0.0009035300000000013	0.9684	186.9
none-narrower:1255207005	none-narrower	none	A	False	False		0.9474	0.0192	1.8598224	0.9408	198.5
easy:703267003	easy	A	A	True	True		0.9777	0.9777	0.0005940599999999993	0.9749	191.0
hard:765487008	hard	A	A	True	True		0.9585	0.9585	0.0020906799999999984	0.9534	241.5
retrieval-miss:445918001	retrieval-miss	none	none	True	False		0.8807	0.8807	0.01633703999999999	0.8657	170.5
none-narrower:235608007	none-narrower	none	none	True	False		0.3071	0.3071	0.61772457	0.2204	189.4
hard:68566005	hard	D	none	False	False		0.5394	0.1146	1.0937123	0.4818	176.0
easy:239065004	easy	C	C	True	False		0.9311	0.9311	0.0057479799999999946	0.9225	232.1
retrieval-miss:238020001	retrieval-miss	none	B	False	False		0.8916	0.0356	1.72592217	0.8781	181.0
none-narrower:15735161000119106	none-narrower	none	none	True	False		0.4706	0.4706	0.32649973	0.4045	175.1
easy:702448007	easy	A	A	True	True		0.9702	0.9702	0.001045230000000003	0.9665	184.7
none-narrower:704059008	none-narrower	none	none	True	False		0.6032	0.6032	0.18812325000000005	0.5536	147.3
easy:87211000119104	easy	A	A	True	True		0.9646	0.9646	0.0014347799999999992	0.9602	227.7
hard:371582002	hard	D	D	True	False		0.9694	0.9694	0.0011516899999999978	0.9656	192.4
none-narrower:8445003	none-narrower	none	A	False	False		0.2697	0.231	0.71205958	0.1785	175.1
hard:48868008	hard	A	A	True	True		0.9736	0.9736	0.0008151699999999989	0.9703	165.0
easy:403803002	easy	A	A	True	True		0.9738	0.9738	0.0008468900000000001	0.9705	221.6
easy:254950006	easy	A	A	True	True		0.9745	0.9745	0.0007669699999999983	0.9713	175.7
easy:302829009	easy	A	A	True	True		0.9506	0.9506	0.0027706799999999998	0.9444	182.5
hard:35728003	hard	A	A	True	True		0.9478	0.9478	0.0032145300000000028	0.9412	200.9
easy:93468003	easy	A	A	True	True		0.9353	0.9353	0.004860379999999997	0.9272	182.2
hard:33793000	hard	A	A	True	True		0.9713	0.9713	0.000968849999999997	0.9677	173.3
easy:76047005	easy	A	A	True	True		0.9592	0.9592	0.0019152199999999957	0.9541	200.4
none-narrower:188289008	none-narrower	none	none	True	False		0.7672	0.7672	0.07415617	0.7381	182.6
hard:720501007	hard	A	A	True	True		0.9464	0.9464	0.0036630799999999974	0.9397	177.0
easy:197480006	easy	A	A	True	True		0.9491	0.9491	0.0029451699999999944	0.9427	144.4
hard:237965005	hard	A	none	False	True		0.5787	0.0957	1.17046402	0.5261	182.2
hard:11010461000119101	hard	A	A	True	True		0.6501	0.6501	0.1475088	0.6064	198.8
hard:50658006	hard	A	A	True	True		0.6274	0.6274	0.17251053000000002	0.5808	223.7
hard:717632002	hard	A	A	True	True		0.9598	0.9598	0.001878150000000001	0.9548	255.0
hard:237706000	hard	A	A	True	True		0.9486	0.9486	0.00311841	0.9422	190.2
easy:716647001	easy	A	A	True	True		0.6459	0.6459	0.15309957	0.6016	189.5
none-narrower:121131000119109	none-narrower	none	C	False	False		0.9092	0.0197	1.78878227	0.8978	184.6
easy:204552001	easy	A	A	True	True		0.967	0.967	0.0013066900000000016	0.9629	181.4
easy:197442005	easy	A	A	True	True		0.9694	0.9694	0.0010663999999999975	0.9656	171.7
easy:186973005	easy	A	A	True	True		0.9683	0.9683	0.0011536799999999968	0.9644	165.0
hard:73843004	hard	A	A	True	True		0.9519	0.9519	0.0029226500000000028	0.9459	280.1
none-narrower:16026631000119103	none-narrower	none	none	True	False		0.4226	0.4226	0.39099336	0.3505	196.4
hard:721629005	hard	A	A	True	True		0.851	0.851	0.03350452	0.8324	199.0
hard:720954000	hard	A	A	True	True		0.9611	0.9611	0.0018323300000000035	0.9563	231.6
easy:45650007	easy	A	A	True	True		0.9696	0.9696	0.0011009999999999991	0.9658	183.0
none-narrower:309760004	none-narrower	none	none	True	False		0.3343	0.3343	0.5476723299999999	0.2511	171.3
none-narrower:551621000124109	none-narrower	none	A	False	False		0.47	0.162	0.94658463	0.4038	183.8
hard:3752003	hard	A	A	True	True		0.9708	0.9708	0.0010650300000000002	0.9671	232.3
easy:718717004	easy	A	A	True	True		0.9702	0.9702	0.001052120000000003	0.9664	199.7
easy:420120006	easy	A	A	True	True		0.9625	0.9625	0.0016238399999999986	0.9579	200.2
hard:716008002	hard	A	A	True	True		0.948	0.948	0.003308870000000005	0.9415	218.2
hard:92060009	hard	A	A	True	True		0.9686	0.9686	0.0011307999999999989	0.9647	178.8
none-narrower:353921000119103	none-narrower	none	A	False	False		0.9333	0.0138	1.84416914	0.9249	216.7
none-narrower:719860006	none-narrower	none	C	False	False		0.3376	0.1963	0.79627185	0.2548	165.4
hard:725390002	hard	A	A	True	True		0.8954	0.8954	0.014943360000000006	0.8823	237.1
retrieval-miss:73123008	retrieval-miss	none	none	True	False		0.3355	0.3355	0.54428143	0.2524	187.4
none-narrower:61048000	none-narrower	none	none	True	False		0.3608	0.3608	0.48086237	0.2809	189.6
easy:68409003	easy	C	A	False	False		0.4593	0.4011	0.57435504	0.3917	183.8
hard:719574007	hard	A	A	True	True		0.9664	0.9664	0.0013467499999999973	0.9622	223.3
easy:230500006	easy	A	A	True	True		0.9169	0.9169	0.008164079999999992	0.9065	182.2
hard:23412002	hard	A	A	True	True		0.9682	0.9682	0.0011953100000000035	0.9643	190.7
none-narrower:191692007	none-narrower	none	none	True	False		0.3449	0.3449	0.5638129300000001	0.2631	170.7
easy:763739002	easy	A	A	True	True		0.9671	0.9671	0.0012841500000000026	0.963	224.7
none-narrower:721166000	none-narrower	none	none	True	False		0.5563	0.5563	0.22730888	0.5009	180.5
easy:17585008	easy	A	A	True	True		0.9711	0.9711	0.001016850000000002	0.9675	182.3
easy:92039003	easy	A	A	True	True		0.9671	0.9671	0.0012405000000000027	0.963	190.3
hard:709416009	hard	A	A	True	True		0.9604	0.9604	0.0018338699999999974	0.9555	190.1
easy:715752006	easy	A	A	True	True		0.9617	0.9617	0.00167789	0.9569	225.0
hard:702442008	hard	A	A	True	True		0.9689	0.9689	0.001138540000000001	0.965	218.4
none-narrower:1231727005	none-narrower	none	none	True	False		0.8062	0.8062	0.04314475999999999	0.782	181.6
easy:48553001	easy	A	A	True	True		0.9541	0.9541	0.0025414100000000052	0.9484	171.4
hard:763774001	hard	A	A	True	True		0.9626	0.9626	0.0016422899999999992	0.9579	194.7
easy:765485000	easy	A	A	True	True		0.9513	0.9513	0.0028809699999999966	0.9452	241.0
hard:28987007	hard	A	A	True	True		0.9432	0.9432	0.0037784599999999956	0.9361	189.8
hard:233858000	hard	A	A	True	True		0.9612	0.9612	0.0017435799999999957	0.9563	171.4
easy:702375004	easy	A	A	True	True		0.9665	0.9665	0.0013709999999999983	0.9623	181.9
hard:194350005	hard	A	A	True	True		0.9033	0.9033	0.011117600000000004	0.8912	158.5
easy:91955005	easy	A	A	True	True		0.9545	0.9545	0.0024969999999999992	0.9488	194.5
hard:126971002	hard	A	A	True	True		0.9613	0.9613	0.0017778199999999966	0.9565	199.4
none-narrower:773700005	none-narrower	none	A	False	False		0.9724	0.0037	1.93827019	0.9689	198.5
easy:126834003	easy	A	A	True	True		0.9771	0.9771	0.0006182700000000014	0.9742	198.7
easy:766937004	easy	A	A	True	True		0.968	0.968	0.001258910000000002	0.964	213.7
hard:719268008	hard	A	A	True	True		0.9643	0.9643	0.0015160299999999963	0.9598	183.7
easy:6121001	easy	A	B	False	True		0.8467	0.0848	1.5556028400000002	0.8275	183.3
easy:13706005	easy	A	A	True	True		0.9635	0.9635	0.001668359999999998	0.9589	166.1
hard:109475005	hard	A	A	True	True		0.846	0.846	0.02766275000000001	0.8268	191.6
hard:190953007	hard	A	A	True	True		0.9667	0.9667	0.0014172099999999997	0.9625	172.0
hard:126880001	hard	A	A	True	True		0.9672	0.9672	0.0012550100000000037	0.9631	183.7
easy:271569006	easy	A	A	True	True		0.9376	0.9376	0.004540170000000001	0.9298	156.4
easy:92756002	easy	A	A	True	True		0.9735	0.9735	0.0008244999999999983	0.9702	182.4
none-narrower:191508007	none-narrower	none	none	True	False		0.7798	0.7798	0.05750304999999997	0.7523	184.3
hard:57406009	hard	A	A	True	True		0.9367	0.9367	0.004726820000000002	0.9288	190.0
none-narrower:1351962002	none-narrower	none	A	False	False		0.8055	0.0068	1.6618484999999998	0.7811	190.7
easy:47673003	easy	A	A	True	True		0.9049	0.9049	0.011076799999999994	0.893	200.1
easy:279081001	easy	A	A	True	True		0.8024	0.8024	0.04665706	0.7777	191.4
retrieval-miss:91390005	retrieval-miss	none	F	False	False		0.6936	0.1452	1.2180096800000002	0.6553	172.0
hard:85478004	hard	A	A	True	True		0.9482	0.9482	0.0030652899999999957	0.9418	165.1
hard:723622007	hard	A	A	True	True		0.9639	0.9639	0.0014975800000000018	0.9594	242.7
none-narrower:251160002	none-narrower	none	none	True	False		0.6692	0.6692	0.12772066999999998	0.6278	185.6
easy:71638002	easy	A	A	True	True		0.9501	0.9501	0.0030665200000000057	0.9439	150.6
easy:715866009	easy	A	A	True	True		0.8543	0.8543	0.024153050000000016	0.8361	186.2
easy:236302005	easy	A	A	True	True		0.9513	0.9513	0.002764019999999997	0.9452	190.0
none-narrower:191519005	none-narrower	none	none	True	False		0.5506	0.5506	0.23597167000000002	0.4944	191.5
none-narrower:770679002	none-narrower	none	B	False	False		0.9597	0.0043	1.9127939600000001	0.9547	200.7
hard:254666005	hard	A	A	True	True		0.9281	0.9281	0.0062141699999999946	0.9191	183.8
hard:724064004	hard	A	A	True	True		0.9638	0.9638	0.001645210000000001	0.9593	219.5
easy:254627002	easy	A	A	True	True		0.9573	0.9573	0.0021591599999999968	0.9519	232.6
hard:717044000	hard	A	A	True	True		0.9604	0.9604	0.0018487599999999977	0.9555	223.6
none-narrower:253204009	none-narrower	none	none	True	False		0.7061	0.7061	0.09789757000000002	0.6694	172.5
easy:72262000	easy	A	A	True	True		0.917	0.917	0.008188689999999993	0.9066	182.9
hard:378007	hard	A	A	True	True		0.4938	0.4938	0.3057685099999999	0.4305	173.3
hard:445738007	hard	B	B	True	False		0.6605	0.6605	0.17005440000000005	0.6181	201.1
hard:43339004	hard	A	A	True	True		0.9249	0.9249	0.0067502599999999914	0.9155	200.6
easy:428850001	easy	A	A	True	True		0.9549	0.9549	0.0024229300000000024	0.9493	160.4
hard:363414004	hard	B	B	True	False		0.8577	0.8577	0.029069049999999992	0.8399	189.9
easy:71912000	easy	A	A	True	True		0.9664	0.9664	0.0013179999999999976	0.9622	165.2
none-narrower:700458001	none-narrower	none	none	True	False		0.6509	0.6509	0.13948720999999997	0.6072	190.4
hard:19943007	hard	A	A	True	True		0.96	0.96	0.0018445600000000031	0.955	171.9
hard:717941005	hard	A	A	True	True		0.9604	0.9604	0.0018923699999999976	0.9554	182.4
easy:70572005	easy	A	A	True	True		0.9329	0.9329	0.006014900000000006	0.9245	181.7
easy:57203004	easy	A	A	True	True		0.9146	0.9146	0.008471430000000004	0.904	165.3
none-narrower:448776002	none-narrower	none	none	True	False		0.5032	0.5032	0.35858536	0.4411	175.3
hard:719836007	hard	A	A	True	True		0.8595	0.8595	0.02877934999999999	0.8419	223.7
easy:275481002	easy	A	A	True	True		0.9347	0.9347	0.005034030000000004	0.9265	172.3
easy:766981007	easy	A	A	True	True		0.973	0.973	0.0008694100000000013	0.9697	226.3
easy:126790004	easy	A	A	True	True		0.9692	0.9692	0.001099360000000003	0.9654	191.0
none-narrower:202941002	none-narrower	none	C	False	False		0.944	0.0179	1.8563020099999998	0.937	181.1
hard:91273001	hard	A	A	True	True		0.9511	0.9511	0.002767380000000005	0.945	182.0
none-narrower:771515001	none-narrower	none	A	False	False		0.9634	0.0045	1.91932925	0.9588	195.0
hard:726345000	hard	A	A	True	True		0.9516	0.9516	0.0026714100000000004	0.9455	191.2
hard:26111005	hard	A	A	True	True		0.9603	0.9603	0.0018112599999999966	0.9553	171.7
none-narrower:703223000	none-narrower	none	none	True	False		0.525	0.525	0.26017288	0.4656	183.5
easy:254778000	easy	A	A	True	True		0.9771	0.9771	0.0006047800000000015	0.9742	193.2
easy:9740002	easy	A	A	True	True		0.9636	0.9636	0.0015601599999999992	0.9591	206.0
easy:59655002	easy	A	A	True	True		0.9566	0.9566	0.0022892699999999995	0.9512	239.0
easy:405501007	easy	A	A	True	True		0.7248	0.7248	0.08669792000000001	0.6904	168.3
hard:763128009	hard	A	A	True	True		0.9629	0.9629	0.0016498800000000016	0.9582	182.1
hard:363443007	hard	A	A	True	True		0.9423	0.9423	0.0037837999999999965	0.9351	199.8
hard:28488007	hard	A	A	True	True		0.9728	0.9728	0.0009027400000000001	0.9694	199.9
easy:764994007	easy	A	A	True	True		0.9741	0.9741	0.0008191400000000016	0.9709	230.0
easy:733518000	easy	A	A	True	True		0.9637	0.9637	0.0016225099999999998	0.9591	258.0
easy:720955004	easy	A	A	True	True		0.9473	0.9473	0.0031982599999999966	0.9407	200.4
easy:44697002	easy	A	A	True	True		0.9639	0.9639	0.0015576400000000014	0.9594	209.4
hard:278991002	hard	B	A	False	False		0.6483	0.1548	1.14307512	0.6044	190.4
none-narrower:203343001	none-narrower	none	none	True	False		0.4264	0.4264	0.39866485	0.3547	223.9
easy:10082001	easy	A	A	True	True		0.9711	0.9711	0.001000720000000002	0.9675	190.3
easy:63246000	easy	A	A	True	True		0.9654	0.9654	0.0014346199999999973	0.9611	200.5
hard:404055006	hard	A	A	True	True		0.9674	0.9674	0.0012335299999999974	0.9633	191.6
hard:156410002	hard	A	A	True	True		0.959	0.959	0.002023550000000003	0.9539	158.8
hard:267534000	hard	A	A	True	True		0.9297	0.9297	0.005817910000000004	0.9209	190.3
easy:24326000	easy	A	A	True	True		0.9672	0.9672	0.0012446500000000034	0.963	176.9
easy:71464000	easy	A	A	True	True		0.9565	0.9565	0.0022575499999999984	0.9511	221.1
hard:404808000	hard	A	A	True	True		0.974	0.974	0.0008139900000000011	0.9707	149.6
hard:423673009	hard	A	A	True	True		0.8868	0.8868	0.01697497999999999	0.8726	176.8
hard:402296004	hard	A	A	True	True		0.9669	0.9669	0.001294230000000001	0.9628	171.2
hard:84759007	hard	A	A	True	True		0.962	0.962	0.0016877100000000026	0.9573	183.6
none-narrower:10754961000119101	none-narrower	none	none	True	False		0.5953	0.5953	0.19163264999999996	0.5447	182.0
easy:89454001	easy	A	A	True	True		0.832	0.832	0.03315270000000002	0.8111	199.4
hard:721883006	hard	A	A	True	True		0.9645	0.9645	0.0015124599999999985	0.9601	219.1
hard:7522008	hard	A	A	True	True		0.9367	0.9367	0.005099720000000003	0.9287	182.5
none-narrower:235659008	none-narrower	none	none	True	False		0.7846	0.7846	0.05392589000000001	0.7577	166.8
hard:722375007	hard	A	A	True	True		0.9684	0.9684	0.0012142799999999973	0.9644	225.6
hard:124220008	hard	C	C	True	False		0.9729	0.9729	0.0009091000000000007	0.9695	221.7
easy:237705001	easy	A	A	True	True		0.9718	0.9718	0.0009509800000000001	0.9683	182.4
hard:234584007	hard	A	A	True	True		0.9717	0.9717	0.0009988199999999997	0.9681	172.5
none-narrower:57185003	none-narrower	none	none	True	False		0.2498	0.2498	0.6624112	0.156	172.7
none-narrower:389160009	none-narrower	none	A	False	False		0.5245	0.1475	1.01885256	0.4651	188.6
hard:233919006	hard	A	A	True	True		0.9715	0.9715	0.0009801799999999982	0.968	182.4
easy:197660000	easy	A	A	True	True		0.975	0.975	0.0007424200000000012	0.9719	199.9
none-narrower:764092008	none-narrower	none	none	True	False		0.2394	0.2394	0.67700595	0.1443	159.4
hard:707310009	hard	A	A	True	True		0.9628	0.9628	0.0016026300000000007	0.9582	233.1
easy:447292006	easy	A	A	True	True		0.9179	0.9179	0.007644429999999992	0.9077	194.6
none-narrower:127045008	none-narrower	none	none	True	False		0.6242	0.6242	0.16050353	0.5772	227.7
easy:764989007	easy	A	A	True	True		0.9691	0.9691	0.0012529200000000024	0.9653	255.8
hard:723406000	hard	A	A	True	True		0.977	0.977	0.0006410400000000009	0.9742	233.8
hard:111196000	hard	A	A	True	True		0.9409	0.9409	0.0040058300000000045	0.9335	198.5
easy:763794005	easy	A	A	True	True		0.9722	0.9722	0.0008880000000000026	0.9687	227.4
retrieval-miss:64852002	retrieval-miss	none	none	True	False		0.4783	0.4783	0.38365831000000006	0.413	233.0
easy:717761005	easy	A	A	True	True		0.9635	0.9635	0.0017136999999999983	0.959	226.1
easy:448670003	easy	A	A	True	True		0.9619	0.9619	0.0016748600000000018	0.9572	182.6
hard:25904003	hard	A	A	True	True		0.9656	0.9656	0.001373199999999999	0.9613	191.9
hard:45369008	hard	A	A	True	True		0.9111	0.9111	0.012083219999999995	0.9	200.4
easy:189099001	easy	A	A	True	True		0.9412	0.9412	0.004011689999999996	0.9339	199.9
hard:1779005	hard	A	A	True	True		0.9634	0.9634	0.0015287699999999972	0.9588	200.5
hard:870313002	hard	A	A	True	True		0.9565	0.9565	0.0023075199999999987	0.951	198.6
easy:363378008	easy	B	B	True	False		0.7844	0.7844	0.06340789000000001	0.7575	191.7
easy:399903008	easy	A	A	True	True		0.9724	0.9724	0.0009036799999999977	0.969	191.8
none-narrower:699785004	none-narrower	none	none	True	False		0.7779	0.7779	0.05743665999999999	0.7501	182.7
easy:253231007	easy	A	A	True	True		0.9621	0.9621	0.0016835500000000037	0.9574	173.6
easy:719171005	easy	A	A	True	True		0.9683	0.9683	0.0011842499999999965	0.9643	216.4
hard:442292004	hard	A	A	True	True		0.9748	0.9748	0.0007360200000000001	0.9716	175.9
none-narrower:1373832001	none-narrower	none	none	True	False		0.71	0.71	0.10293843000000003	0.6737	174.8
easy:36188001	easy	A	A	True	True		0.9743	0.9743	0.0007837199999999971	0.9711	227.3
easy:206292002	easy	A	A	True	True		0.9283	0.9283	0.005850179999999997	0.9194	165.2
easy:238627002	easy	A	A	True	True		0.9338	0.9338	0.005448010000000006	0.9255	182.8
easy:27059002	easy	H	H	True	False		0.9922	0.9922	8.093000000000046e-05	0.9912	172.4
none-narrower:783155007	none-narrower	none	B	False	False		0.8941	0.0255	1.7501494100000001	0.8808	226.7
retrieval-miss:28724005	retrieval-miss	none	none	True	False		0.8669	0.8669	0.0202838	0.8503	198.9
easy:725078006	easy	A	A	True	True		0.9733	0.9733	0.0008292899999999972	0.97	227.2
easy:718574003	easy	A	A	True	True		0.9668	0.9668	0.0013476600000000005	0.9626	225.3
none-narrower:240657005	none-narrower	none	none	True	False		0.3801	0.3801	0.45175878999999997	0.3027	180.1
hard:11282001	hard	A	A	True	True		0.8887	0.8887	0.01471701999999999	0.8747	225.8
hard:7379000	hard	A	A	True	True		0.9456	0.9456	0.0036143600000000005	0.9388	171.9
hard:84193000	hard	A	none	False	True		0.5505	0.2494	0.8751823499999999	0.4943	203.5
hard:126963001	hard	A	A	True	True		0.9494	0.9494	0.0029186099999999977	0.9431	191.9
hard:373604002	hard	A	A	True	True		0.9506	0.9506	0.00294272	0.9444	191.2
easy:363473003	easy	A	A	True	True		0.9476	0.9476	0.0031440300000000003	0.941	182.3
none-narrower:87181002	none-narrower	none	A	False	False		0.893	0.0441	1.71198124	0.8796	224.7
none-narrower:414927004	none-narrower	none	none	True	False		0.6013	0.6013	0.19354507000000004	0.5515	157.9
easy:231527003	easy	B	none	False	False		0.5754	0.0996	1.16428737	0.5224	175.9
hard:722955006	hard	A	A	True	True		0.9643	0.9643	0.0014646599999999968	0.9599	193.8
hard:63137003	hard	A	A	True	True		0.9634	0.9634	0.0016186699999999974	0.9588	152.7
hard:764958008	hard	A	A	True	True		0.9632	0.9632	0.0015575600000000038	0.9586	236.6
none-narrower:413356003	none-narrower	none	B	False	False		0.7212	0.0139	1.5454982899999998	0.6863	225.2
hard:83414005	hard	A	A	True	True		0.9719	0.9719	0.0009190400000000007	0.9684	166.4
none-narrower:720952001	none-narrower	none	A	False	False		0.9602	0.0082	1.9058190700000002	0.9552	233.6
hard:5299007	hard	A	A	True	True		0.9567	0.9567	0.00216801	0.9513	190.6
easy:105632002	easy	A	A	True	True		0.9541	0.9541	0.0025071400000000045	0.9483	171.8
hard:204431007	hard	A	A	True	True		0.7568	0.7568	0.06831272999999999	0.7263	182.5
hard:711543008	hard	A	A	True	True		0.9594	0.9594	0.0019283599999999977	0.9544	195.5
easy:716238003	easy	B	B	True	False		0.9263	0.9263	0.006370619999999999	0.917	202.0
easy:445338005	easy	A	A	True	True		0.9745	0.9745	0.0008029699999999986	0.9713	190.9
hard:38606009	hard	A	A	True	True		0.9591	0.9591	0.001986950000000004	0.954	184.1
easy:54385001	easy	A	A	True	True		0.9569	0.9569	0.0022418500000000023	0.9515	227.3
easy:72789009	easy	A	A	True	True		0.9398	0.9398	0.004225430000000003	0.9323	201.2
easy:371965009	easy	A	A	True	True		0.8937	0.8937	0.014231929999999988	0.8804	174.2
none-narrower:237620003	none-narrower	none	none	True	False		0.5363	0.5363	0.24533452	0.4783	182.2
easy:18377001	easy	A	A	True	True		0.9717	0.9717	0.0009131899999999995	0.9682	182.8
easy:129623003	easy	A	A	True	True		0.9662	0.9662	0.0013745100000000035	0.962	201.5
hard:715726000	hard	A	A	True	True		0.9521	0.9521	0.002827050000000005	0.9461	164.4
hard:52994003	hard	A	A	True	True		0.9426	0.9426	0.003928330000000001	0.9354	181.3
easy:128139000	easy	A	A	True	True		0.9512	0.9512	0.0027440999999999954	0.9451	183.0
hard:402917003	hard	A	A	True	True		0.9795	0.9795	0.0005025599999999985	0.9769	186.5
hard:81678004	hard	A	A	True	True		0.9594	0.9594	0.002008389999999998	0.9543	223.3
easy:89870006	easy	A	A	True	True		0.9621	0.9621	0.0017282500000000037	0.9574	228.7
easy:56805008	easy	A	A	True	True		0.9492	0.9492	0.0029918499999999956	0.9428	175.6
hard:307649006	hard	A	A	True	True		0.953	0.953	0.0026090100000000036	0.9471	200.1
hard:31658008	hard	A	none	False	True		0.528	0.1086	1.0999599	0.469	165.9
hard:80375002	hard	B	B	True	False		0.9805	0.9805	0.0004485599999999985	0.9781	157.4
hard:66351003	hard	A	A	True	True		0.9762	0.9762	0.0007177400000000019	0.9733	242.8
easy:64235006	easy	A	A	True	True		0.972	0.972	0.0009642900000000014	0.9685	212.5
easy:92531006	easy	A	A	True	True		0.9713	0.9713	0.000956579999999997	0.9677	184.2
hard:14785004	hard	A	A	True	True		0.9571	0.9571	0.0024564000000000044	0.9517	176.6
hard:72052003	hard	A	A	True	True		0.9779	0.9779	0.0005782000000000005	0.9751	158.9
hard:80258006	hard	A	A	True	True		0.9757	0.9757	0.0006886299999999994	0.9726	224.0
hard:715562001	hard	A	A	True	True		0.9735	0.9735	0.0009074599999999983	0.9702	198.5
none-narrower:722517009	none-narrower	none	A	False	False		0.5665	0.0354	1.32605404	0.5123	183.7
easy:722033000	easy	A	A	True	True		0.9445	0.9445	0.0037255499999999993	0.9375	192.0
hard:277569004	hard	A	A	True	True		0.8482	0.8482	0.026967470000000014	0.8293	201.0
retrieval-miss:80321008	retrieval-miss	none	A	False	False		0.7211	0.0471	1.4411633300000002	0.6862	202.7
easy:57534004	easy	A	A	True	True		0.9369	0.9369	0.005097890000000007	0.9291	176.0
hard:419893006	hard	A	A	True	True		0.9496	0.9496	0.00303002	0.9433	179.1
easy:254943007	easy	A	A	True	True		0.9665	0.9665	0.0012940999999999983	0.9623	191.6
easy:2992000	easy	A	A	True	True		0.7859	0.7859	0.057495579999999984	0.7591	173.8
easy:5050001	easy	A	A	True	True		0.8923	0.8923	0.015276600000000003	0.8788	168.5
easy:764435003	easy	A	A	True	True		0.9672	0.9672	0.0013339200000000036	0.9631	230.5
retrieval-miss:448015002	retrieval-miss	none	none	True	False		0.5892	0.5892	0.19769469000000003	0.5379	177.3
none-narrower:890286007	none-narrower	none	A	False	False		0.9546	0.0053	1.9009689	0.9489	201.9
none-narrower:702715008	none-narrower	none	none	True	False		0.6619	0.6619	0.13154446999999997	0.6197	172.3
hard:42385006	hard	A	A	True	True		0.9426	0.9426	0.004335970000000001	0.9354	190.9
retrieval-miss:403901001	retrieval-miss	none	A	False	False		0.9416	0.0127	1.8617945999999999	0.9343	230.7
none-narrower:55366007	none-narrower	none	none	True	False		0.5938	0.5938	0.19029234	0.543	185.2
hard:3855007	hard	A	A	True	True		0.959	0.959	0.001954970000000003	0.9539	184.4
hard:27194006	hard	A	A	True	True		0.9597	0.9597	0.0018573000000000003	0.9547	159.2
easy:254654004	easy	A	A	True	True		0.9719	0.9719	0.0009353400000000008	0.9684	191.8
none-narrower:92375009	none-narrower	none	none	True	False		0.3372	0.3372	0.55599496	0.2543	192.7
hard:8326008	hard	A	A	True	True		0.9505	0.9505	0.0028650599999999987	0.9443	172.0
easy:764105002	easy	A	A	True	True		0.9605	0.9605	0.0017838999999999984	0.9556	196.8
hard:766824003	hard	A	A	True	True		0.9248	0.9248	0.007199370000000006	0.9154	202.2
hard:230310003	hard	A	A	True	True		0.9328	0.9328	0.005458600000000004	0.9244	192.8
none-narrower:127213008	none-narrower	none	H	False	False		0.7441	0.1215	1.32961251	0.7121	176.6
none-narrower:415652006	none-narrower	none	A	False	False		0.3879	0.2946	0.6677803600000001	0.3114	193.1
hard:716233007	hard	A	A	True	True		0.9548	0.9548	0.0025042000000000016	0.9492	192.7
easy:127232002	easy	C	A	False	False		0.9631	0.0052	1.91737212	0.9585	173.0
none-narrower:94129007	none-narrower	none	A	False	False		0.966	0.0087	1.9160507399999998	0.9617	184.1
hard:234422006	hard	A	A	True	True		0.9139	0.9139	0.00903447999999999	0.9032	192.0
easy:42982001	easy	A	A	True	True		0.9605	0.9605	0.0018898599999999984	0.9555	230.2
easy:716662004	easy	A	none	False	True		0.3575	0.1193	0.9518430700000001	0.2772	200.2
hard:241774007	hard	A	A	True	True		0.9477	0.9477	0.0032505400000000014	0.9412	192.9
hard:237816004	hard	A	A	True	True		0.9654	0.9654	0.0014063699999999977	0.961	192.8
easy:715710001	easy	A	A	True	True		0.9387	0.9387	0.004332960000000003	0.9311	179.2
easy:95279007	easy	A	A	True	True		0.9648	0.9648	0.0014265000000000007	0.9603	184.3
hard:193683001	hard	A	A	True	True		0.8212	0.8212	0.03710184999999999	0.7989	177.1
easy:39998009	easy	B	B	True	False		0.847	0.847	0.029714540000000008	0.8278	226.5
hard:725463007	hard	A	A	True	True		0.9656	0.9656	0.001363879999999999	0.9613	228.8
hard:280483007	hard	A	A	True	True		0.9742	0.9742	0.0007982700000000023	0.971	225.9
hard:718182008	hard	A	A	True	True		0.9486	0.9486	0.00327704	0.9422	231.4
easy:722450007	easy	A	A	True	True		0.9452	0.9452	0.003652669999999996	0.9383	231.5
easy:19885005	easy	A	A	True	True		0.9446	0.9446	0.0040993	0.9377	157.1
easy:196609006	easy	A	none	False	True		0.3024	0.0868	1.01256382	0.2152	200.5
easy:37283009	easy	A	A	True	True		0.97	0.97	0.0010573900000000016	0.9663	195.1
easy:424952003	easy	A	A	True	True		0.8953	0.8953	0.013270560000000004	0.8823	183.7
hard:191382009	hard	A	A	True	True		0.9617	0.9617	0.0017878699999999998	0.9569	183.3
none-narrower:446076000	none-narrower	none	none	True	False		0.4242	0.4242	0.38102579	0.3522	224.3
none-narrower:1290237009	none-narrower	none	none	True	False		0.4931	0.4931	0.36573626	0.4297	192.4
none-narrower:128219005	none-narrower	none	none	True	False		0.4934	0.4934	0.31665556999999994	0.4301	176.6
retrieval-miss:233954004	retrieval-miss	none	none	True	False		0.4951	0.4951	0.29423492000000007	0.432	186.0
hard:1156813002	hard	A	A	True	True		0.955	0.955	0.002445400000000004	0.9494	193.2
none-narrower:461098000	none-narrower	none	none	True	False		0.5067	0.5067	0.2977803499999999	0.445	176.2
none-narrower:1177031006	none-narrower	none	none	True	False		0.4183	0.4183	0.39850956	0.3455	184.6
easy:402824003	easy	A	A	True	True		0.9574	0.9574	0.0021573299999999977	0.9521	151.4
easy:698021005	easy	A	A	True	True		0.9719	0.9719	0.0009528700000000007	0.9684	239.5
none-narrower:1263652003	none-narrower	none	none	True	False		0.5273	0.5273	0.25869554	0.4682	201.4
hard:723826007	hard	A	A	True	True		0.9612	0.9612	0.0017628799999999958	0.9563	232.4
none-narrower:763714006	none-narrower	none	A	False	False		0.9597	0.0058	1.90990628	0.9547	192.4
none-narrower:233762004	none-narrower	none	A	False	False		0.8739	0.0498	1.66801383	0.8581	185.1
hard:363478007	hard	A	A	True	True		0.7335	0.7335	0.11522455999999998	0.7002	184.6
hard:720855003	hard	A	A	True	True		0.9684	0.9684	0.0011877499999999974	0.9644	224.6
none-narrower:389237009	none-narrower	none	A	False	False		0.9177	0.0156	1.8128626900000002	0.9074	201.5
easy:23150001	easy	A	A	True	True		0.9668	0.9668	0.0012833000000000005	0.9626	192.6
easy:302870006	easy	A	A	True	True		0.8541	0.8541	0.024510620000000014	0.8359	173.6
none-narrower:89248000	none-narrower	none	A	False	False		0.5608	0.1654	1.03488695	0.5059	226.9
hard:254738007	hard	A	A	True	True		0.9625	0.9625	0.0016064199999999986	0.9579	224.2
hard:73237007	hard	A	A	True	True		0.9561	0.9561	0.002262370000000005	0.9506	177.3
none-narrower:109805003	none-narrower	none	none	True	False		0.6612	0.6612	0.13390043999999998	0.6188	179.1
retrieval-miss:193466003	retrieval-miss	none	none	True	False		0.493	0.493	0.31924832000000003	0.4296	183.5
hard:234118009	hard	A	A	True	True		0.9568	0.9568	0.0021338800000000016	0.9514	184.1
none-narrower:399959003	none-narrower	none	A	False	False		0.8242	0.0321	1.6194534699999998	0.8023	192.4
hard:722449007	hard	A	A	True	True		0.9631	0.9631	0.0016240900000000034	0.9585	224.0
retrieval-miss:124646004	retrieval-miss	none	none	True	False		0.6436	0.6436	0.15129760000000003	0.5991	192.3
none-narrower:48780006	none-narrower	none	A	False	False		0.3839	0.2262	0.7783461800000001	0.3069	176.9
easy:109393007	easy	B	C	False	False		0.4913	0.163	0.9689126200000001	0.4277	183.7
none-narrower:2129002	none-narrower	none	none	True	False		0.6747	0.6747	0.12387608000000003	0.6341	192.6
easy:30915001	easy	A	A	True	True		0.8987	0.8987	0.01197320999999999	0.8861	192.4
easy:409671005	easy	A	A	True	True		0.9652	0.9652	0.0014020400000000037	0.9609	201.1
none-narrower:860828007	none-narrower	none	E	False	False		0.651	0.0964	1.25509963	0.6074	201.9
hard:765046002	hard	A	A	True	True		0.9601	0.9601	0.002019870000000004	0.9551	232.8
hard:253170008	hard	A	A	True	True		0.9756	0.9756	0.0007036199999999989	0.9725	235.8
hard:124309005	hard	A	A	True	True		0.9663	0.9663	0.0013640799999999965	0.9621	201.7
none-narrower:896820003	none-narrower	none	none	True	False		0.737	0.737	0.08076495	0.7041	185.3
easy:702447002	easy	A	A	True	True		0.9612	0.9612	0.0018877899999999957	0.9564	225.0
none-narrower:1231278004	none-narrower	none	none	True	False		0.8128	0.8128	0.045921200000000016	0.7894	176.4
hard:428041004	hard	A	A	True	True		0.8293	0.8293	0.03449639999999998	0.8079	185.3
none-narrower:341361000119108	none-narrower	none	A	False	False		0.794	0.048	1.5419357900000001	0.7683	191.8
retrieval-miss:49013001	retrieval-miss	none	E	False	False		0.3799	0.1036	1.0319904	0.3023	190.2
hard:7111000119109	hard	B	B	True	False		0.9761	0.9761	0.0006754700000000015	0.9731	176.0
hard:600009	hard	A	A	True	True		0.9632	0.9632	0.001637560000000004	0.9586	228.7
none-narrower:1259031004	none-narrower	none	A	False	False		0.9839	0.0027	1.9627034599999997	0.9819	185.7
hard:44808001	hard	A	A	True	True		0.5919	0.5919	0.26150614	0.5409	185.2
easy:262521009	easy	A	A	True	True		0.924	0.924	0.006846329999999993	0.9145	151.7
hard:363515000	hard	A	A	True	True		0.8759	0.8759	0.018464389999999997	0.8604	176.9
hard:28882002	hard	D	D	True	False		0.8535	0.8535	0.024909599999999987	0.8352	178.7
hard:17709002	hard	A	A	True	True		0.9694	0.9694	0.0011329699999999977	0.9656	184.0
hard:233763009	hard	A	A	True	True		0.9707	0.9707	0.0010800099999999995	0.967	191.7
none-narrower:186289000	none-narrower	none	A	False	False		0.9635	0.0045	1.9195728200000002	0.959	177.1
easy:16784003	easy	B	B	True	False		0.6047	0.6047	0.18877372999999997	0.5553	172.6
hard:402601007	hard	B	B	True	False		0.8907	0.8907	0.013541649999999988	0.8771	192.9
hard:765100000	hard	B	B	True	False		0.9235	0.9235	0.006933670000000001	0.9139	225.2
easy:733094005	easy	A	A	True	True		0.9657	0.9657	0.0013407199999999999	0.9614	188.6
none-narrower:212953005	none-narrower	none	A	False	False		0.829	0.0648	1.56462153	0.8076	193.4
easy:21098003	easy	A	A	True	True		0.9595	0.9595	0.002098459999999998	0.9544	152.8
easy:724349009	easy	A	A	True	True		0.958	0.958	0.002023890000000003	0.9528	223.2
none-narrower:42746002	none-narrower	none	none	True	False		0.2644	0.2644	0.65043801	0.1725	186.6
none-narrower:1259796004	none-narrower	none	A	False	False		0.5727	0.0403	1.30898268	0.5193	185.8
hard:72124005	hard	A	A	True	True		0.9648	0.9648	0.001447190000000001	0.9605	151.0
hard:699812002	hard	A	A	True	True		0.9656	0.9656	0.0013865799999999992	0.9613	154.2
hard:717049005	hard	A	A	True	True		0.9372	0.9372	0.004736859999999996	0.9293	228.4
hard:424802006	hard	A	A	True	True		0.9618	0.9618	0.001706400000000001	0.9571	174.9
retrieval-miss:233982006	retrieval-miss	none	none	True	False		0.6241	0.6241	0.16257665999999998	0.5771	183.9
hard:699268002	hard	A	A	True	True		0.9748	0.9748	0.0007827499999999999	0.9716	230.2
easy:400140006	easy	A	A	True	True		0.9442	0.9442	0.0035800499999999956	0.9372	229.9
hard:723307008	hard	A	A	True	True		0.9711	0.9711	0.0009661200000000021	0.9675	188.6
easy:719652007	easy	A	A	True	True		0.9614	0.9614	0.0017635799999999972	0.9565	226.6
none-narrower:123766008	none-narrower	none	C	False	False		0.415	0.2564	0.74440068	0.3418	174.8
easy:4996001	easy	A	A	True	True		0.9651	0.9651	0.001460260000000003	0.9607	228.5
hard:109298000	hard	A	A	True	True		0.9778	0.9778	0.0005849399999999998	0.9751	195.2
easy:70995007	easy	A	A	True	True		0.9418	0.9418	0.0039637800000000036	0.9345	192.3
hard:201091002	hard	A	A	True	True		0.9268	0.9268	0.007736580000000006	0.9177	202.1
easy:54470008	easy	C	C	True	False		0.9856	0.9856	0.0002476899999999991	0.9838	235.0
retrieval-miss:37102008	retrieval-miss	none	C	False	False		0.4218	0.2007	0.84140559	0.3496	183.9
hard:722206009	hard	A	A	True	True		0.9564	0.9564	0.0022922199999999976	0.951	169.3
easy:200936003	easy	A	A	True	True		0.7759	0.7759	0.06811844	0.7478	226.1
hard:230293003	hard	A	A	True	True		0.9708	0.9708	0.0010142100000000002	0.9671	193.1
hard:314757003	hard	A	A	True	True		0.9674	0.9674	0.0012623099999999976	0.9633	184.3
none-narrower:1187048006	none-narrower	none	A	False	False		0.9438	0.007	1.8773690799999998	0.9368	202.5
none-narrower:87816000	none-narrower	none	none	True	False		0.9214	0.9214	0.007204780000000001	0.9116	186.5
easy:65976001	easy	A	A	True	True		0.9142	0.9142	0.008468429999999999	0.9035	193.6
hard:231858009	hard	A	A	True	True		0.9077	0.9077	0.01007238000000001	0.8962	184.7
none-narrower:15978511000119100	none-narrower	none	none	True	False		0.6421	0.6421	0.16214245	0.5974	191.8
easy:93145002	easy	A	A	True	True		0.9104	0.9104	0.009912060000000002	0.8992	185.3
easy:702617007	easy	A	A	True	True		0.9749	0.9749	0.0007582500000000006	0.9718	231.9
hard:720565000	hard	A	A	True	True		0.932	0.932	0.005410719999999993	0.9235	201.1
easy:715487005	easy	A	A	True	True		0.9639	0.9639	0.0015241600000000014	0.9594	202.4
easy:232254004	easy	A	A	True	True		0.9275	0.9275	0.005999990000000001	0.9185	183.8
easy:187732006	easy	A	A	True	True		0.5719	0.5719	0.2921236300000001	0.5183	177.0
easy:41345002	easy	A	A	True	True		0.9559	0.9559	0.002211620000000003	0.9504	184.0
none-narrower:15699121000119104	none-narrower	none	none	True	False		0.4986	0.4986	0.28781812000000007	0.4359	172.7
none-narrower:249446000	none-narrower	none	none	True	False		0.571	0.571	0.21651881000000003	0.5174	226.4
easy:718222000	easy	A	A	True	True		0.9248	0.9248	0.007148210000000007	0.9154	202.7
easy:52404001	easy	A	A	True	True		0.9722	0.9722	0.0009633200000000025	0.9688	220.9
hard:725033008	hard	B	B	True	False		0.9554	0.9554	0.0023181599999999975	0.9498	244.7
none-narrower:1193650002	none-narrower	none	none	True	False		0.4861	0.4861	0.3139869	0.4218	194.8
easy:83799000	easy	B	B	True	False		0.9561	0.9561	0.0022279700000000045	0.9506	188.2
hard:44882003	hard	A	A	True	True		0.9519	0.9519	0.0027192400000000025	0.9459	183.8
easy:424413001	easy	A	A	True	True		0.9701	0.9701	0.001041720000000002	0.9663	185.7
easy:68982002	easy	A	A	True	True		0.9526	0.9526	0.0026740199999999996	0.9466	183.6
hard:3218000	hard	A	A	True	True		0.9224	0.9224	0.0069545499999999994	0.9127	168.8
easy:43363007	easy	A	A	True	True		0.948	0.948	0.003073360000000005	0.9415	166.8
easy:76069003	easy	A	A	True	True		0.9497	0.9497	0.0029617700000000016	0.9434	167.9
easy:421529006	easy	F	F	True	False		0.9664	0.9664	0.0013715699999999975	0.9622	201.2
hard:371197005	hard	A	A	True	True		0.7682	0.7682	0.06263032	0.7392	173.2
hard:255015006	hard	A	A	True	True		0.9403	0.9403	0.004196659999999998	0.9328	184.8
easy:254620000	easy	A	A	True	True		0.9657	0.9657	0.00142848	0.9614	201.4
retrieval-miss:1259003	retrieval-miss	none	none	True	False		0.8852	0.8852	0.015296460000000003	0.8708	205.6
hard:254794007	hard	A	A	True	True		0.9469	0.9469	0.0032659000000000034	0.9403	191.7
retrieval-miss:720830009	retrieval-miss	none	B	False	False		0.7376	0.0269	1.5140748199999998	0.7048	197.5
hard:446096008	hard	A	A	True	True		0.9611	0.9611	0.0017522600000000035	0.9562	168.9
none-narrower:321131000119100	none-narrower	none	E	False	False		0.4276	0.1043	1.0282229799999998	0.356	184.4
hard:733045005	hard	A	A	True	True		0.971	0.971	0.0010262100000000014	0.9674	253.1
hard:713060000	hard	A	A	True	True		0.9698	0.9698	0.0010408500000000003	0.966	193.8
easy:1493002	easy	A	A	True	True		0.9719	0.9719	0.0009021600000000008	0.9684	175.4
hard:22451001	hard	A	A	True	True		0.9456	0.9456	0.00352176	0.9388	192.4
easy:267395000	easy	A	A	True	True		0.953	0.953	0.002684830000000004	0.9472	177.1
easy:768935003	easy	A	A	True	True		0.9693	0.9693	0.001089049999999997	0.9655	248.7
none-narrower:413808003	none-narrower	none	none	True	False		0.4126	0.4126	0.4047335099999999	0.3392	188.6
hard:726350006	hard	A	A	True	True		0.9158	0.9158	0.00825402000000001	0.9053	185.2
hard:715564000	hard	B	B	True	False		0.8943	0.8943	0.013333570000000005	0.8811	197.2
none-narrower:21071000119101	none-narrower	none	B	False	False		0.7711	0.1399	1.3358833099999998	0.7425	174.5
none-narrower:126780007	none-narrower	none	A	False	False		0.6659	0.1162	1.23257605	0.6241	167.2
hard:254084008	hard	A	A	True	True		0.9757	0.9757	0.0006798699999999994	0.9727	178.7
hard:312917007	hard	A	A	True	True		0.9284	0.9284	0.00586242	0.9194	192.8
easy:36485005	easy	A	A	True	True		0.9539	0.9539	0.0024830400000000028	0.9481	177.8
hard:14783006	hard	A	A	True	True		0.9612	0.9612	0.0017221799999999957	0.9564	174.3
hard:4340003	hard	A	A	True	True		0.9603	0.9603	0.0018145299999999963	0.9553	163.4
none-narrower:276675009	none-narrower	none	A	False	False		0.4129	0.2018	0.8310632099999999	0.3395	177.3
hard:125666000	hard	A	A	True	True		0.9677	0.9677	0.0012243499999999997	0.9636	185.2
hard:64009001	hard	A	A	True	True		0.4568	0.4568	0.47597648	0.3889	192.1
easy:62110005	easy	A	A	True	True		0.9715	0.9715	0.0009602099999999983	0.9679	243.4
retrieval-miss:238700008	retrieval-miss	none	none	True	False		0.5936	0.5936	0.19178011	0.5428	194.2
easy:92413008	easy	A	A	True	True		0.9574	0.9574	0.0021300199999999977	0.9521	193.1
easy:723360007	easy	C	C	True	False		0.9345	0.9345	0.006004010000000001	0.9263	174.7
hard:34225008	hard	A	none	False	True		0.6012	0.1564	1.0856749099999998	0.5513	192.8
hard:9631008	hard	A	A	True	True		0.9562	0.9562	0.0022358699999999953	0.9507	173.1
hard:372100004	hard	A	A	True	True		0.9629	0.9629	0.0016084400000000016	0.9583	200.7
none-narrower:187662005	none-narrower	none	none	True	False		0.4904	0.4904	0.3118454300000001	0.4267	185.6
easy:36753006	easy	A	A	True	True		0.955	0.955	0.0024457100000000037	0.9494	233.2
easy:719256004	easy	A	A	True	True		0.9685	0.9685	0.0011870899999999985	0.9646	184.4
none-narrower:1076881000119103	none-narrower	none	A	False	False		0.8174	0.0571	1.5600994899999998	0.7945	183.5
none-narrower:403903003	none-narrower	none	none	True	False		0.5869	0.5869	0.19587488	0.5352	194.6
hard:719518004	hard	A	A	True	True		0.9585	0.9585	0.0020580099999999986	0.9533	197.3
hard:716006003	hard	A	A	True	True		0.9581	0.9581	0.002067770000000004	0.9529	221.0
none-narrower:769219006	none-narrower	none	H	False	False		0.7503	0.1309	1.3206878499999999	0.7191	185.2
easy:238626006	easy	A	A	True	True		0.9055	0.9055	0.011101590000000007	0.8937	184.8
retrieval-miss:230410004	retrieval-miss	none	A	False	False		0.8911	0.0081	1.7805903	0.8775	240.8
hard:126853008	hard	A	A	True	True		0.9511	0.9511	0.002821200000000005	0.9449	176.8
hard:765057007	hard	A	A	True	True		0.972	0.972	0.0009134000000000014	0.9685	235.7
hard:104431000119107	hard	A	A	True	True		0.9719	0.9719	0.0009348200000000008	0.9684	224.5
easy:87074006	easy	A	A	True	True		0.97	0.97	0.0010809400000000016	0.9662	194.9
hard:699676006	hard	A	A	True	True		0.9531	0.9531	0.002561180000000005	0.9473	177.1
none-narrower:405539004	none-narrower	none	none	True	False		0.7489	0.7489	0.07367167999999999	0.7175	194.1
none-narrower:296561000119108	none-narrower	none	A	False	False		0.581	0.1031	1.16107281	0.5286	202.3
hard:717055000	hard	A	A	True	True		0.9763	0.9763	0.0006623300000000026	0.9734	172.7
hard:724066002	hard	A	A	True	True		0.8853	0.8853	0.015902240000000005	0.8709	220.2
hard:404041003	hard	A	A	True	True		0.8878	0.8878	0.014536799999999992	0.8738	201.6
hard:409658007	hard	A	A	True	True		0.9738	0.9738	0.0008014700000000001	0.9705	177.7
hard:720010009	hard	A	A	True	True		0.9523	0.9523	0.0027026899999999967	0.9463	198.1
none-narrower:71003000	none-narrower	none	none	True	False		0.3933	0.3933	0.45187198	0.3175	193.8
easy:204319006	easy	A	A	True	True		0.9771	0.9771	0.0006497400000000014	0.9743	195.2
hard:768556005	hard	A	A	True	True		0.9651	0.9651	0.0015032000000000027	0.9608	231.4
none-narrower:399723004	none-narrower	none	none	True	False		0.6832	0.6832	0.11733468999999998	0.6435	202.7
easy:205649008	easy	C	C	True	False		0.899	0.899	0.011830709999999996	0.8863	193.6
hard:30496006	hard	B	B	True	False		0.9417	0.9417	0.004071240000000003	0.9345	232.0
easy:360378009	easy	A	A	True	True		0.9685	0.9685	0.0012255599999999984	0.9646	227.3
hard:254637007	hard	A	A	True	True		0.9626	0.9626	0.0015951199999999991	0.9579	202.2
hard:423607006	hard	A	A	True	True		0.956	0.956	0.0023378500000000033	0.9505	201.9
easy:85901000	easy	A	none	False	True		0.278	0.2228	0.7384667500000001	0.1877	193.0
hard:274718005	hard	A	A	True	True		0.9605	0.9605	0.0018129299999999986	0.9555	167.8
easy:81285006	easy	A	A	True	True		0.9762	0.9762	0.000653130000000002	0.9733	184.0
none-narrower:765481009	none-narrower	none	none	True	False		0.5642	0.5642	0.22908996999999998	0.5097	178.7
none-narrower:430348006	none-narrower	none	A	False	False		0.3307	0.296	0.6267177799999999	0.247	183.7
easy:719576009	easy	A	A	True	True		0.9652	0.9652	0.0013851600000000038	0.9609	245.7
easy:763130006	easy	A	A	True	True		0.9694	0.9694	0.0010907999999999977	0.9656	193.6
none-narrower:22721008	none-narrower	none	none	True	False		0.4314	0.4314	0.47675033999999994	0.3603	201.9
easy:29352008	easy	A	A	True	True		0.9493	0.9493	0.003024739999999997	0.943	193.9
easy:719646006	easy	A	A	True	True		0.9703	0.9703	0.0010708599999999968	0.9665	223.2
hard:15188001	hard	A	A	True	True		0.9541	0.9541	0.0023975400000000053	0.9483	173.7
easy:79674009	easy	A	A	True	True		0.9657	0.9657	0.0014894199999999998	0.9614	208.9
retrieval-miss:45894003	retrieval-miss	none	none	True	False		0.722	0.722	0.09170144000000002	0.6872	192.0
hard:726341009	hard	A	A	True	True		0.9491	0.9491	0.0030618999999999946	0.9427	187.3
none-narrower:266571009	none-narrower	none	none	True	False		0.3337	0.3337	0.56495703	0.2504	167.3
retrieval-miss:254150007	retrieval-miss	none	B	False	False		0.3809	0.2915	0.67227979	0.3036	225.2
hard:40159009	hard	A	A	True	True		0.8596	0.8596	0.02305680999999999	0.842	191.3
none-narrower:735522008	none-narrower	none	none	True	False		0.6562	0.6562	0.13715077	0.6133	184.4
easy:718632004	easy	A	A	True	True		0.9689	0.9689	0.001125080000000001	0.965	194.0
hard:80544005	hard	A	A	True	True		0.8458	0.8458	0.029429	0.8265	179.9
none-narrower:447139008	none-narrower	none	A	False	False		0.831	0.0379	1.62074042	0.8098	151.6
none-narrower:127321000	none-narrower	none	none	True	False		0.5706	0.5706	0.22936067	0.517	186.4
easy:716092007	easy	A	A	True	True		0.9642	0.9642	0.0016325900000000036	0.9598	231.1
hard:716775009	hard	A	A	True	True		0.9708	0.9708	0.0010165700000000003	0.9671	203.3
easy:733110004	easy	A	A	True	True		0.9772	0.9772	0.000628260000000002	0.9743	228.5
hard:721221000	hard	C	C	True	False		0.9753	0.9753	0.0007501100000000027	0.9722	224.3
easy:105261000119101	easy	A	A	True	True		0.9668	0.9668	0.0012654400000000007	0.9626	191.9
easy:84241008	easy	A	A	True	True		0.894	0.894	0.016879069999999996	0.8807	192.4
easy:398831006	easy	A	A	True	True		0.8292	0.8292	0.03547773999999999	0.8078	202.7
hard:367601000119103	hard	A	A	True	True		0.9623	0.9623	0.001666869999999997	0.9576	203.0
easy:716007007	easy	A	A	True	True		0.9584	0.9584	0.0020469799999999973	0.9532	229.2
hard:46168003	hard	A	none	False	True		0.2933	0.242	0.69586363	0.2049	185.3
easy:16059006	easy	A	A	True	True		0.9788	0.9788	0.0005273999999999999	0.9762	217.0
hard:37075008	hard	E	E	True	False		0.8228	0.8228	0.03843603	0.8006	160.4
easy:46206005	easy	A	A	True	True		0.9649	0.9649	0.0014796100000000014	0.9605	151.4
hard:717827000	hard	A	A	True	True		0.9607	0.9607	0.0017978600000000003	0.9557	188.6
hard:1475003	hard	A	A	True	True		0.9456	0.9456	0.0034864500000000003	0.9388	184.7
none-narrower:86100009	none-narrower	none	none	True	False		0.2957	0.2957	0.5672555299999998	0.2076	202.4
easy:234500001	easy	A	A	True	True		0.9612	0.9612	0.0017249599999999957	0.9564	192.4
easy:715673002	easy	A	A	True	True		0.9502	0.9502	0.0030178999999999952	0.944	239.7
retrieval-miss:2109003	retrieval-miss	none	none	True	False		0.7664	0.7664	0.06459119	0.7372	202.5
hard:277602003	hard	A	A	True	True		0.942	0.942	0.003824640000000006	0.9348	192.9
hard:363425008	hard	A	A	True	True		0.9059	0.9059	0.010143159999999991	0.8942	201.6
retrieval-miss:188274004	retrieval-miss	none	none	True	False		0.9303	0.9303	0.005708229999999998	0.9216	159.9
easy:198297004	easy	A	A	True	True		0.4156	0.4156	0.45198864000000005	0.3426	185.6
hard:718200007	hard	A	A	True	True		0.8889	0.8889	0.017659319999999996	0.875	195.7
none-narrower:48352007	none-narrower	none	none	True	False		0.8608	0.8608	0.02247966	0.8434	151.6
easy:716279002	easy	A	A	True	True		0.9687	0.9687	0.0011824499999999998	0.9647	220.3
easy:720950009	easy	A	A	True	True		0.9571	0.9571	0.002100480000000004	0.9518	201.3
none-narrower:1332388003	none-narrower	none	A	False	False		0.9728	0.0041	1.9383245599999999	0.9694	202.0
hard:33979003	hard	A	A	True	True		0.97	0.97	0.0011344800000000015	0.9662	192.5
easy:45281005	easy	A	A	True	True		0.9195	0.9195	0.007598370000000002	0.9095	166.4
none-narrower:1237368006	none-narrower	none	A	False	False		0.9715	0.0051	1.93376233	0.9679	239.4
none-narrower:94166001	none-narrower	none	none	True	False		0.5314	0.5314	0.25362568	0.4728	192.4
hard:254066006	hard	A	A	True	True		0.9775	0.9775	0.0005905099999999984	0.9747	179.0
none-narrower:191668004	none-narrower	none	none	True	False		0.5	0.5	0.31471087	0.4375	176.7
hard:764711007	hard	A	A	True	True		0.9651	0.9651	0.0014924000000000029	0.9608	222.4
hard:254712007	hard	A	A	True	True		0.7529	0.7529	0.08045996	0.7221	186.7
easy:70041004	easy	A	A	True	True		0.8093	0.8093	0.04405247	0.7855	162.7
none-narrower:24285001	none-narrower	none	none	True	False		0.6861	0.6861	0.11395895999999997	0.6468	201.5
easy:389214003	easy	A	A	True	True		0.9755	0.9755	0.0007711899999999983	0.9724	228.4
hard:79037006	hard	A	A	True	True		0.9683	0.9683	0.0011827799999999968	0.9644	183.3
easy:69195002	easy	A	A	True	True		0.9195	0.9195	0.008084190000000003	0.9094	183.7
easy:9014002	easy	A	A	True	True		0.9659	0.9659	0.0013216200000000012	0.9616	174.0
hard:410016009	hard	A	A	True	True		0.9674	0.9674	0.0013555499999999977	0.9633	231.0
hard:69278003	hard	A	A	True	True		0.8841	0.8841	0.01575968	0.8696	191.5
none-narrower:399899001	none-narrower	none	B	False	False		0.4477	0.1186	1.0194927999999999	0.3786	192.9
none-narrower:1237571004	none-narrower	none	D	False	False		0.4399	0.0286	1.3173207800000002	0.3699	231.5
hard:91521000119104	hard	A	A	True	True		0.964	0.964	0.0015354300000000023	0.9594	183.6
easy:267431006	easy	A	none	False	True		0.6565	0.0593	1.33216869	0.6136	159.2
none-narrower:307762000	none-narrower	none	none	True	False		0.5116	0.5116	0.28147359999999993	0.4505	167.2
easy:231824001	easy	A	A	True	True		0.9492	0.9492	0.0029940899999999957	0.9429	184.6
hard:128606002	hard	A	A	True	True		0.931	0.931	0.005475659999999993	0.9224	184.1
easy:16872008	easy	A	A	True	True		0.9414	0.9414	0.004111819999999999	0.934	186.6
hard:52179003	hard	A	A	True	True		0.9632	0.9632	0.001560690000000004	0.9586	199.8
none-narrower:38725001	none-narrower	none	A	False	False		0.5455	0.1927	0.96429732	0.4886	174.8
easy:60676002	easy	A	A	True	True		0.9623	0.9623	0.0016283599999999969	0.9576	174.5
easy:239020008	easy	A	A	True	True		0.9493	0.9493	0.003271899999999997	0.943	192.7
hard:66207005	hard	D	D	True	False		0.9612	0.9612	0.0018523999999999956	0.9563	201.2
none-narrower:44549008	none-narrower	none	none	True	False		0.3272	0.3272	0.5371827600000001	0.2431	177.9
none-narrower:1373821001	none-narrower	none	none	True	False		0.8837	0.8837	0.01620644999999999	0.8692	192.4
hard:187777008	hard	A	A	True	True		0.934	0.934	0.005296019999999993	0.9258	192.1
easy:406506008	easy	E	A	False	False		0.9257	0.0102	1.83730397	0.9165	169.1
easy:444645005	easy	A	A	True	True		0.8959	0.8959	0.014482129999999996	0.8829	186.7
hard:92470003	hard	A	A	True	True		0.9372	0.9372	0.004621839999999996	0.9294	191.9
hard:30188007	hard	A	A	True	True		0.9728	0.9728	0.0009157700000000001	0.9694	202.5
easy:11934000	easy	A	A	True	True		0.9602	0.9602	0.001889709999999996	0.9553	167.5
none-narrower:702399004	none-narrower	none	none	True	False		0.5393	0.5393	0.24571115000000002	0.4817	177.0
none-narrower:75803007	none-narrower	none	none	True	False		0.7352	0.7352	0.08623609000000002	0.7021	183.3
retrieval-miss:205550003	retrieval-miss	none	A	False	False		0.8963	0.0122	1.7810618900000001	0.8833	174.2
hard:230284004	hard	A	none	False	True		0.2823	0.0953	0.9717066700000002	0.1926	225.7
hard:363354003	hard	A	A	True	True		0.8895	0.8895	0.015003770000000008	0.8757	192.7
none-narrower:197599000	none-narrower	none	A	False	False		0.8488	0.0778	1.57315489	0.8298	183.8
easy:734024009	easy	A	A	True	True		0.9715	0.9715	0.0009374699999999983	0.9679	197.3
easy:716195006	easy	A	A	True	True		0.9451	0.9451	0.003821119999999994	0.9382	223.9
retrieval-miss:275498002	retrieval-miss	none	none	True	False		0.8667	0.8667	0.02053207999999999	0.8501	177.1
easy:716741008	easy	A	A	True	True		0.9121	0.9121	0.009123369999999995	0.9011	197.1
easy:6631009	easy	A	A	True	True		0.9326	0.9326	0.005206280000000002	0.9242	192.7
easy:76902006	easy	A	A	True	True		0.9604	0.9604	0.0018771499999999974	0.9554	229.0
easy:723308003	easy	A	A	True	True		0.9528	0.9528	0.002818150000000002	0.9469	226.1
none-narrower:86333008	none-narrower	none	A	False	False		0.836	0.0378	1.62756277	0.8155	183.9
hard:21848000	hard	A	A	True	True		0.9755	0.9755	0.0006874799999999983	0.9725	184.3
none-narrower:74142004	none-narrower	none	none	True	False		0.5256	0.5256	0.27205942000000005	0.4663	183.5
hard:24867002	hard	B	none	False	False		0.2821	0.1817	0.8224554500000002	0.1924	184.8
easy:20639004	easy	A	A	True	True		0.9712	0.9712	0.0009721800000000027	0.9676	193.2
easy:45913009	easy	A	A	True	True		0.9514	0.9514	0.0026890399999999976	0.9453	192.1
easy:63122002	easy	A	A	True	True		0.9616	0.9616	0.0017671999999999992	0.9568	228.7
easy:277155005	easy	A	A	True	True		0.964	0.964	0.0014890500000000022	0.9596	177.1
easy:64479007	easy	A	A	True	True		0.9373	0.9373	0.004653259999999998	0.9295	191.5
none-narrower:4477007	none-narrower	none	none	True	False		0.2988	0.2988	0.5735758800000001	0.2112	197.8
easy:448315008	easy	A	A	True	True		0.9531	0.9531	0.002535250000000005	0.9473	185.9
hard:707354003	hard	A	A	True	True		0.9363	0.9363	0.005327329999999997	0.9284	201.6
hard:64250002	hard	A	A	True	True		0.9628	0.9628	0.0016144700000000007	0.9582	195.2
easy:716169009	easy	A	A	True	True		0.9659	0.9659	0.0014683700000000014	0.9616	232.5
easy:18910001	easy	A	A	True	True		0.8025	0.8025	0.049526350000000004	0.7778	177.4
easy:111405003	easy	A	A	True	True		0.9713	0.9713	0.000980049999999997	0.9677	227.2
easy:75116005	easy	A	A	True	True		0.9632	0.9632	0.0016097100000000038	0.9586	228.7
none-narrower:201988000	none-narrower	none	none	True	False		0.3334	0.3334	0.5581178800000001	0.2501	177.3
hard:405810005	hard	A	A	True	True		0.9708	0.9708	0.0010422500000000002	0.9672	201.7
easy:733085004	easy	A	A	True	True		0.972	0.972	0.0009431800000000014	0.9685	257.8
none-narrower:195812001	none-narrower	none	B	False	False		0.5875	0.1583	1.06432616	0.5359	177.5
none-narrower:399207003	none-narrower	none	none	True	False		0.4636	0.4636	0.33818524	0.3965	160.8
hard:84777002	hard	A	A	True	True		0.9517	0.9517	0.002694360000000001	0.9457	184.2
hard:733599009	hard	B	B	True	False		0.9357	0.9357	0.005719040000000003	0.9277	230.2
hard:720520009	hard	A	A	True	True		0.9632	0.9632	0.0016190200000000038	0.9586	197.3
easy:33595009	easy	A	A	True	True		0.8562	0.8562	0.02498093000000001	0.8382	185.4
easy:11666007	easy	A	A	True	True		0.9753	0.9753	0.0007263500000000028	0.9722	226.1
hard:55444004	hard	A	A	True	True		0.9745	0.9745	0.0007540099999999984	0.9713	183.6
easy:10741005	easy	A	A	True	True		0.8505	0.8505	0.02595752999999999	0.8318	192.1
hard:190919008	hard	A	A	True	True		0.8525	0.8525	0.028897809999999993	0.834	173.8
easy:233621003	easy	A	A	True	True		0.9639	0.9639	0.0015463800000000015	0.9594	186.9
hard:443937008	hard	A	A	True	True		0.9465	0.9465	0.0032952899999999993	0.9398	184.0
hard:707405009	hard	A	A	True	True		0.9562	0.9562	0.002305469999999996	0.9507	184.7
easy:109041000119107	easy	A	A	True	True		0.9333	0.9333	0.005386559999999998	0.9249	202.8
hard:7620006	hard	A	A	True	True		0.7419	0.7419	0.07786061999999998	0.7097	184.2
hard:45853006	hard	A	A	True	True		0.9762	0.9762	0.0006686400000000019	0.9732	197.5
easy:721187005	easy	A	A	True	True		0.9698	0.9698	0.0010642700000000002	0.966	232.3
easy:71325002	easy	A	A	True	True		0.9461	0.9461	0.0034911499999999945	0.9394	184.7
hard:192727001	hard	D	D	True	False		0.9776	0.9776	0.0005957899999999988	0.9748	193.4
hard:235603003	hard	A	A	True	True		0.9725	0.9725	0.0008897899999999983	0.9691	185.8
hard:83275001	hard	A	A	True	True		0.948	0.948	0.003137400000000005	0.9415	153.1
retrieval-miss:49562005	retrieval-miss	none	B	False	False		0.6251	0.1106	1.19569901	0.5783	192.5
none-narrower:16466741000119102	none-narrower	none	A	False	False		0.9079	0.0278	1.77027944	0.8964	192.9
hard:39462005	hard	A	A	True	True		0.9636	0.9636	0.001584579999999999	0.9591	185.2
hard:74728003	hard	A	A	True	True		0.9633	0.9633	0.0015515099999999966	0.9587	193.5
hard:73397007	hard	A	A	True	True		0.9707	0.9707	0.0010187799999999997	0.967	183.6
easy:86095007	easy	A	A	True	True		0.9663	0.9663	0.0013369199999999967	0.962	184.7
hard:448254007	hard	A	A	True	True		0.8444	0.8444	0.033716099999999985	0.8249	184.3
easy:109378008	easy	A	A	True	True		0.9118	0.9118	0.00905096999999999	0.9008	230.0
hard:715415005	hard	A	A	True	True		0.9698	0.9698	0.0010747500000000004	0.9661	203.4
easy:85149007	easy	A	A	True	True		0.975	0.975	0.0007568900000000011	0.9718	223.5
hard:763455008	hard	A	A	True	True		0.8517	0.8517	0.028615539999999995	0.8332	242.3
none-narrower:1197333008	none-narrower	none	A	False	False		0.653	0.084	1.27791896	0.6096	169.9
hard:92246000	hard	A	A	True	True		0.9624	0.9624	0.0016146199999999974	0.9577	191.8
none-narrower:61458006	none-narrower	none	A	False	False		0.3607	0.2301	0.75094817	0.2808	227.9
hard:715626008	hard	A	A	True	True		0.9643	0.9643	0.0015080499999999967	0.9598	202.6
hard:717181004	hard	A	A	True	True		0.9667	0.9667	0.0013543499999999996	0.9626	233.7
hard:40283005	hard	A	none	False	True		0.3049	0.2116	0.7566913	0.218	175.0
easy:363505006	easy	A	A	True	True		0.8517	0.8517	0.028386329999999998	0.8332	195.2
none-narrower:90974009	none-narrower	none	C	False	False		0.3422	0.1908	0.81065031	0.26	174.7
hard:722947004	hard	A	A	True	True		0.9501	0.9501	0.0031622600000000053	0.9439	183.7
hard:715987000	hard	A	A	True	True		0.964	0.964	0.0016150400000000023	0.9594	229.8
none-narrower:1172901009	none-narrower	none	A	False	False		0.975	0.0041	1.94254095	0.9719	201.9
hard:237957007	hard	A	A	True	True		0.974	0.974	0.0007907300000000011	0.9707	222.5
hard:237964009	hard	A	A	True	True		0.9633	0.9633	0.001757059999999997	0.9587	250.1
easy:33225004	easy	A	A	True	True		0.9439	0.9439	0.0037016300000000044	0.9369	178.3
hard:719305006	hard	A	A	True	True		0.8874	0.8874	0.01571317000000001	0.8733	202.6
easy:722675000	easy	A	A	True	True		0.9769	0.9769	0.0006394200000000004	0.974	203.6
easy:723441001	easy	A	A	True	True		0.912	0.912	0.009049659999999994	0.901	198.2
hard:93471006	hard	A	A	True	True		0.956	0.956	0.0022533500000000034	0.9505	183.7
easy:237603002	easy	A	A	True	True		0.9312	0.9312	0.005444459999999996	0.9226	192.8
none-narrower:95525004	none-narrower	none	none	True	False		0.7812	0.7812	0.05583001	0.7539	169.0
hard:417967008	hard	A	A	True	True		0.954	0.954	0.0024708200000000038	0.9482	183.8
easy:718720007	easy	A	A	True	True		0.9678	0.9678	0.0012282200000000006	0.9638	184.0
none-narrower:1366243009	none-narrower	none	A	False	False		0.318	0.2304	0.72857497	0.2327	172.8
none-narrower:427435004	none-narrower	none	none	True	False		0.5959	0.5959	0.18856929	0.5454	175.1
easy:404109006	easy	A	A	True	True		0.9003	0.9003	0.012042670000000002	0.8878	183.7
hard:717041008	hard	A	A	True	True		0.9381	0.9381	0.004686509999999994	0.9304	192.2
none-narrower:61823004	none-narrower	none	none	True	False		0.7016	0.7016	0.1110593	0.6642	192.1
easy:70070008	easy	A	none	False	True		0.4107	0.1647	0.8997402099999998	0.337	232.5
hard:129000002	hard	A	A	True	True		0.943	0.943	0.003738680000000006	0.9359	202.2
hard:56478004	hard	A	A	True	True		0.963	0.963	0.0017348200000000026	0.9584	174.4
retrieval-miss:402736003	retrieval-miss	none	A	False	False		0.4855	0.2762	0.76973242	0.4212	186.6
none-narrower:238778000	none-narrower	none	H	False	False		0.5409	0.2887	0.8029123000000001	0.4836	215.0
easy:254956000	easy	A	A	True	True		0.96	0.96	0.0018263000000000027	0.955	194.5
easy:84828003	easy	A	A	True	True		0.934	0.934	0.005209319999999992	0.9258	235.2
hard:49607006	hard	A	A	True	True		0.5757	0.5757	0.30043515000000004	0.5227	186.4
easy:239112008	easy	A	A	True	True		0.967	0.967	0.001260770000000002	0.9629	230.3
hard:10934005	hard	A	A	True	True		0.961	0.961	0.0019009600000000023	0.9561	233.6
hard:34528009	hard	A	A	True	True		0.9566	0.9566	0.0021960699999999996	0.9511	159.4
easy:88518009	easy	A	A	True	True		0.9602	0.9602	0.0018589099999999957	0.9552	176.9
none-narrower:438628005	none-narrower	none	none	True	False		0.5285	0.5285	0.26072404000000005	0.4696	183.6
easy:722062004	easy	A	A	True	True		0.9713	0.9713	0.001020769999999997	0.9677	229.5
easy:82523003	easy	A	A	True	True		0.9577	0.9577	0.00207694	0.9524	177.2
hard:72836002	hard	A	A	True	True		0.9802	0.9802	0.0004794300000000016	0.9778	195.3
easy:74351001	easy	A	A	True	True		0.9729	0.9729	0.0008725600000000007	0.9696	186.8
hard:4445009	hard	A	A	True	True		0.5624	0.5624	0.30512512999999997	0.5077	184.7
hard:75316000	hard	A	A	True	True		0.9775	0.9775	0.0005902199999999984	0.9746	202.9
hard:38959009	hard	A	A	True	True		0.9434	0.9434	0.003629629999999998	0.9364	167.4
easy:408663001	easy	A	A	True	True		0.9765	0.9765	0.0006611399999999983	0.9736	231.3
none-narrower:427921009	none-narrower	none	none	True	False		0.3277	0.3277	0.53417527	0.2436	151.6
hard:205681004	hard	A	A	True	True		0.9443	0.9443	0.0035901399999999964	0.9373	192.9
easy:66038001	easy	A	A	True	True		0.9678	0.9678	0.0012016100000000005	0.9638	230.6
hard:71941009	hard	A	A	True	True		0.5072	0.5072	0.29110811000000003	0.4456	177.3
easy:715625007	easy	A	A	True	True		0.9726	0.9726	0.0008938399999999988	0.9692	228.9
none-narrower:15977008	none-narrower	none	none	True	False		0.5399	0.5399	0.28719251999999995	0.4824	185.3
easy:10649000	easy	A	A	True	True		0.9743	0.9743	0.0007589499999999972	0.9711	212.8
hard:26609002	hard	B	A	False	False		0.9553	0.0132	1.8866114899999997	0.9497	202.3
hard:712922002	hard	A	A	True	True		0.9723	0.9723	0.000958299999999997	0.9689	204.2
easy:254664008	easy	A	A	True	True		0.9518	0.9518	0.002703370000000002	0.9458	193.8
hard:723096000	hard	A	A	True	True		0.971	0.971	0.0009790700000000016	0.9673	166.7
hard:719300001	hard	A	A	True	True		0.9656	0.9656	0.0014571399999999991	0.9613	233.5
easy:46785007	easy	A	A	True	True		0.9434	0.9434	0.0037119699999999985	0.9363	188.6
hard:58648008	hard	A	A	True	True		0.9175	0.9175	0.008399960000000003	0.9072	226.2
none-narrower:719042007	none-narrower	none	B	False	False		0.9701	0.0056	1.9300219199999997	0.9664	192.6
easy:68210006	easy	A	A	True	True		0.9691	0.9691	0.0011269000000000023	0.9652	174.2
easy:276799004	easy	A	A	True	True		0.9646	0.9646	0.001508409999999999	0.9602	222.6
hard:231896005	hard	A	A	True	True		0.9667	0.9667	0.0012983699999999999	0.9626	172.9
hard:63103006	hard	A	A	True	True		0.9404	0.9404	0.004091939999999998	0.933	183.8
easy:187842004	easy	A	A	True	True		0.8873	0.8873	0.015914830000000005	0.8732	202.8
hard:128117002	hard	A	A	True	True		0.8381	0.8381	0.040476530000000024	0.8179	191.5
hard:78769001	hard	A	A	True	True		0.9729	0.9729	0.0008416000000000007	0.9696	172.3
easy:22841008	easy	A	A	True	True		0.912	0.912	0.008857369999999993	0.901	223.8
hard:254701007	hard	A	A	True	True		0.962	0.962	0.0016944800000000025	0.9573	202.3
none-narrower:521000146105	none-narrower	none	none	True	False		0.4052	0.4052	0.41784482	0.3309	193.6
hard:239940004	hard	A	A	True	True		0.9636	0.9636	0.001553689999999999	0.959	202.2
easy:763622006	easy	B	B	True	False		0.9499	0.9499	0.003060420000000004	0.9436	195.5
none-narrower:871655005	none-narrower	none	none	True	False		0.3205	0.3205	0.57950861	0.2355	193.5
none-narrower:25668000	none-narrower	none	A	False	False		0.9412	0.0119	1.8625536500000002	0.9339	185.1
hard:719599008	hard	A	A	True	True		0.9649	0.9649	0.0014560000000000016	0.9605	225.0
hard:52824009	hard	A	A	True	True		0.7309	0.7309	0.08799569000000002	0.6973	152.5
hard:715827001	hard	A	A	True	True		0.9561	0.9561	0.0023006500000000043	0.9506	202.4
easy:307343001	easy	A	A	True	True		0.8118	0.8118	0.04338196000000001	0.7883	173.8
none-narrower:95795006	none-narrower	none	none	True	False		0.5048	0.5048	0.27932472999999997	0.4429	184.2
none-narrower:762379000	none-narrower	none	none	True	False		0.7503	0.7503	0.07249114000000002	0.7191	167.6
none-narrower:26284000	none-narrower	none	none	True	False		0.5097	0.5097	0.27534360999999996	0.4485	185.9
easy:240877000	easy	A	A	True	True		0.9486	0.9486	0.00307194	0.9421	184.6
easy:717332007	easy	A	A	True	True		0.9579	0.9579	0.0021234400000000025	0.9526	181.9
easy:75544000	easy	A	A	True	True		0.8862	0.8862	0.015361000000000001	0.872	138.2
easy:126956001	easy	A	A	True	True		0.9755	0.9755	0.0006995399999999984	0.9724	184.6
hard:444921008	hard	D	none	False	False		0.5223	0.1997	0.92956987	0.4626	202.5
none-narrower:403151007	none-narrower	none	none	True	False		0.494	0.494	0.30326074	0.4307	184.0
easy:104081000119103	easy	A	A	True	True		0.6244	0.6244	0.16551692000000004	0.5774	192.5
easy:25277000	easy	A	A	True	True		0.9617	0.9617	0.00168689	0.9569	186.0
none-narrower:26884006	none-narrower	none	none	True	False		0.4647	0.4647	0.35514756	0.3978	195.0
retrieval-miss:51689003	retrieval-miss	none	none	True	False		0.6949	0.6949	0.11145142000000002	0.6568	184.4
hard:399107008	hard	A	A	True	True		0.9627	0.9627	0.0016160900000000001	0.958	173.7
hard:13596001	hard	A	A	True	True		0.9636	0.9636	0.001530359999999999	0.9591	192.5
hard:722455002	hard	A	A	True	True		0.9668	0.9668	0.0013018600000000004	0.9626	231.7
hard:10890000	hard	A	A	True	True		0.9717	0.9717	0.0009563099999999995	0.9682	193.7
easy:328611000119105	easy	A	A	True	True		0.8787	0.8787	0.01998176999999999	0.8636	189.1
retrieval-miss:32599008	retrieval-miss	none	none	True	False		0.7692	0.7692	0.06171164	0.7404	201.8
none-narrower:1296880000	none-narrower	none	A	False	False		0.8841	0.0348	1.71452896	0.8696	192.8
hard:49292002	hard	A	A	True	True		0.9205	0.9205	0.007426010000000001	0.9106	202.3
none-narrower:201240005	none-narrower	none	none	True	False		0.3833	0.3833	0.45563370000000003	0.3063	192.9
none-narrower:74372003	none-narrower	none	none	True	False		0.3153	0.3153	0.54305637	0.2297	192.1
easy:372244006	easy	A	A	True	True		0.8416	0.8416	0.029119909999999995	0.8218	178.0
none-narrower:243410003	none-narrower	none	none	True	False		0.5326	0.5326	0.26255162000000004	0.4741	201.6
hard:715829003	hard	A	A	True	True		0.7903	0.7903	0.05215059	0.7641	193.7
easy:37471005	easy	A	A	True	True		0.9444	0.9444	0.003505659999999998	0.9374	193.8
none-narrower:1177035002	none-narrower	none	none	True	False		0.4693	0.4693	0.32326581	0.4029	194.1
none-narrower:201996005	none-narrower	none	A	False	False		0.5924	0.1356	1.1109089600000002	0.5415	153.6
none-narrower:277481003	none-narrower	none	none	True	False		0.4666	0.4666	0.35011726	0.3999	185.1
easy:715796006	easy	A	A	True	True		0.9722	0.9722	0.0009048600000000027	0.9687	263.4
easy:413656006	easy	A	A	True	True		0.9517	0.9517	0.002765170000000001	0.9456	241.4
easy:189167009	easy	A	A	True	True		0.9469	0.9469	0.003289020000000003	0.9403	202.5
easy:78590007	easy	A	A	True	True		0.9747	0.9747	0.0007404499999999994	0.9716	178.7
retrieval-miss:43116000	retrieval-miss	none	none	True	False		0.6818	0.6818	0.11716008000000003	0.642	184.0
easy:238036004	easy	A	A	True	True		0.9335	0.9335	0.00528863	0.9252	159.9
none-narrower:301824001	none-narrower	none	A	False	False		0.4567	0.2944	0.72479322	0.3888	167.3
easy:716200002	easy	A	A	True	True		0.9594	0.9594	0.0020353799999999977	0.9544	234.5
hard:768926005	hard	A	A	True	True		0.9655	0.9655	0.0013931299999999985	0.9612	203.1
hard:59032001	hard	A	A	True	True		0.9593	0.9593	0.002147019999999997	0.9542	167.5
easy:198142001	easy	A	A	True	True		0.9671	0.9671	0.0012379400000000025	0.963	192.9
retrieval-miss:361115000	retrieval-miss	none	A	False	False		0.9441	0.0092	1.8735588	0.9372	175.0
easy:363464006	easy	A	A	True	True		0.9494	0.9494	0.0029663999999999975	0.9431	178.2
easy:429998004	easy	A	A	True	True		0.9683	0.9683	0.0011617599999999967	0.9643	195.6
hard:37109004	hard	A	A	True	True		0.9663	0.9663	0.0013383199999999968	0.9621	186.3
hard:231472009	hard	A	A	True	True		0.9687	0.9687	0.0011601799999999998	0.9648	153.7
hard:270491006	hard	A	A	True	True		0.9086	0.9086	0.009699530000000007	0.8972	185.0
none-narrower:723905008	none-narrower	none	A	False	False		0.5342	0.2073	0.92828578	0.476	184.0
hard:12313004	hard	A	A	True	True		0.938	0.938	0.004683840000000007	0.9303	193.0
hard:127030001	hard	A	A	True	True		0.884	0.884	0.016047869999999995	0.8695	194.0
easy:92093000	easy	A	A	True	True		0.9677	0.9677	0.0011938999999999995	0.9636	193.0
easy:25362006	easy	A	A	True	True		0.9339	0.9339	0.005370620000000006	0.9257	203.2
none-narrower:312085005	none-narrower	none	none	True	False		0.5246	0.5246	0.26281076000000003	0.4651	184.5
hard:53913001	hard	A	A	True	True		0.9691	0.9691	0.0011118900000000023	0.9652	184.5
none-narrower:232121005	none-narrower	none	none	True	False		0.4478	0.4478	0.36784759	0.3788	188.9
easy:16631009	easy	A	A	True	True		0.9447	0.9447	0.0036242500000000016	0.9378	159.0
none-narrower:448478000	none-narrower	none	none	True	False		0.4177	0.4177	0.40117400000000003	0.3449	201.6
retrieval-miss:80328002	retrieval-miss	none	A	False	False		0.5689	0.1594	1.04283153	0.515	193.1
hard:410042009	hard	A	A	True	True		0.4504	0.4504	0.4318033399999999	0.3817	220.1
easy:91954009	easy	A	A	True	True		0.9583	0.9583	0.0021126999999999964	0.9531	202.5
none-narrower:187701005	none-narrower	none	none	True	False		0.2796	0.2796	0.61203919	0.1896	202.0
hard:448542008	hard	A	A	True	True		0.9701	0.9701	0.0010383800000000022	0.9664	194.1
none-narrower:40370006	none-narrower	none	E	False	False		0.9079	0.0319	1.7623032699999999	0.8964	178.1
hard:725138002	hard	A	A	True	True		0.9598	0.9598	0.001962090000000001	0.9548	230.2
hard:254767008	hard	A	A	True	True		0.9571	0.9571	0.0021327200000000037	0.9518	203.0
easy:126926005	easy	A	A	True	True		0.9731	0.9731	0.0008417400000000018	0.9698	203.2
hard:403913006	hard	A	A	True	True		0.9474	0.9474	0.003322229999999998	0.9408	193.4
hard:399432003	hard	A	A	True	True		0.8444	0.8444	0.02961064999999999	0.825	219.4
retrieval-miss:75474006	retrieval-miss	none	none	True	False		0.6703	0.6703	0.12663404	0.6291	178.2
none-narrower:238951005	none-narrower	none	none	True	False		0.6401	0.6401	0.18083495	0.5951	207.0
none-narrower:447146004	none-narrower	none	A	False	False		0.955	0.012	1.88833904	0.9493	178.1
easy:37344009	easy	B	B	True	False		0.7738	0.7738	0.06924007999999998	0.7455	159.8
easy:392662004	easy	A	A	True	True		0.96	0.96	0.0018928900000000028	0.955	201.8
none-narrower:1196861001	none-narrower	none	none	True	False		0.4623	0.4623	0.3501208500000001	0.3951	184.7
easy:15682004	easy	A	A	True	True		0.9712	0.9712	0.0009622900000000028	0.9676	173.5
easy:55475008	easy	A	A	True	True		0.9748	0.9748	0.00080221	0.9717	235.7
easy:423709000	easy	A	A	True	True		0.9481	0.9481	0.0032745099999999944	0.9416	186.5
hard:27420004	hard	A	A	True	True		0.9732	0.9732	0.0008501900000000025	0.9698	192.6
easy:733601006	easy	A	A	True	True		0.9622	0.9622	0.001730929999999996	0.9575	250.1
none-narrower:371012000	none-narrower	none	C	False	False		0.4252	0.099	1.04226283	0.3534	204.2
easy:715504003	easy	A	A	True	True		0.9634	0.9634	0.0015287699999999974	0.9588	230.0
easy:36742000	easy	A	A	True	True		0.9669	0.9669	0.0012948900000000014	0.9627	184.3
easy:239062001	easy	A	A	True	True		0.9658	0.9658	0.0014045100000000005	0.9615	210.0
none-narrower:685031000119100	none-narrower	none	none	True	False		0.8301	0.8301	0.03320466000000002	0.8088	168.2
none-narrower:371962007	none-narrower	none	A	False	False		0.6967	0.0748	1.35392218	0.6588	193.1
hard:722205008	hard	A	A	True	True		0.968	0.968	0.0012146800000000018	0.964	238.5
hard:38907003	hard	A	A	True	True		0.7219	0.7219	0.11241961	0.6871	178.8
easy:237950009	easy	A	A	True	True		0.9203	0.9203	0.007304479999999999	0.9104	212.9
retrieval-miss:93132001	retrieval-miss	none	A	False	False		0.9707	0.0076	1.92721108	0.9671	203.1
none-narrower:87666009	none-narrower	none	A	False	False		0.5459	0.2426	0.88108891	0.4891	167.0
easy:235966007	easy	A	A	True	True		0.9449	0.9449	0.0034880000000000046	0.938	203.5
hard:254851009	hard	A	A	True	True		0.876	0.876	0.01892011	0.8604	203.5
easy:190303007	easy	A	A	True	True		0.9511	0.9511	0.0027975800000000052	0.9449	176.0
none-narrower:1254906000	none-narrower	none	none	True	False		0.3432	0.3432	0.51323722	0.2611	193.5
easy:13507004	easy	A	A	True	True		0.7141	0.7141	0.11649574000000003	0.6784	183.9
hard:363408006	hard	A	A	True	True		0.9592	0.9592	0.0019446999999999956	0.9541	178.6
hard:230282000	hard	A	A	True	True		0.957	0.957	0.0021875400000000034	0.9516	185.3
easy:195180004	easy	A	A	True	True		0.9477	0.9477	0.0032347100000000013	0.9412	159.9
easy:230425004	easy	A	A	True	True		0.9356	0.9356	0.004831460000000002	0.9275	202.5
hard:95315005	hard	A	A	True	True		0.8949	0.8949	0.013309639999999992	0.8817	193.5
easy:59393003	easy	A	A	True	True		0.9498	0.9498	0.002921570000000002	0.9435	188.7
easy:77121009	easy	A	A	True	True		0.8886	0.8886	0.015797150000000013	0.8747	226.4
hard:699305004	hard	A	A	True	True		0.9687	0.9687	0.0011568499999999996	0.9648	236.7
hard:71961003	hard	A	A	True	True		0.9753	0.9753	0.0007311000000000026	0.9722	186.1
hard:254230001	hard	A	A	True	True		0.8433	0.8433	0.03175559999999999	0.8237	184.8
easy:45339001	easy	A	A	True	True		0.8465	0.8465	0.027208779999999985	0.8273	184.4
hard:193411004	hard	A	A	True	True		0.9277	0.9277	0.0061513100000000044	0.9186	202.7
easy:402792003	easy	A	A	True	True		0.8639	0.8639	0.02209265	0.8468	175.0
hard:42574005	hard	A	A	True	True		0.974	0.974	0.0007926200000000013	0.9708	160.0
easy:7916009	easy	A	A	True	True		0.9626	0.9626	0.0016791499999999993	0.9579	160.0
hard:702361006	hard	A	A	True	True		0.958	0.958	0.002051210000000003	0.9527	226.8
easy:92083007	easy	A	A	True	True		0.9625	0.9625	0.0016190599999999986	0.9578	184.5
hard:90708001	hard	A	A	True	True		0.9494	0.9494	0.0029601599999999977	0.9431	177.8
none-narrower:429724002	none-narrower	none	none	True	False		0.4084	0.4084	0.46159764000000003	0.3344	177.7
easy:9491003	easy	A	A	True	True		0.9504	0.9504	0.0029094899999999977	0.9443	153.6
easy:450005	easy	A	A	True	True		0.9599	0.9599	0.001896700000000002	0.9549	167.3
hard:75006000	hard	A	A	True	True		0.8627	0.8627	0.024872609999999993	0.8455	192.7
hard:719250005	hard	A	A	True	True		0.9595	0.9595	0.0021029499999999984	0.9544	207.1
easy:764096006	easy	A	A	True	True		0.9755	0.9755	0.0007022199999999984	0.9724	223.1
hard:69134001	hard	A	A	True	True		0.9404	0.9404	0.004289049999999998	0.933	159.7
easy:45170000	easy	A	A	True	True		0.947	0.947	0.003255230000000005	0.9404	227.4
none-narrower:427419006	none-narrower	none	none	True	False		0.493	0.493	0.29577068000000006	0.4296	185.2
hard:86103006	hard	A	A	True	True		0.597	0.597	0.23119517000000003	0.5466	174.3
easy:44795003	easy	A	A	True	True		0.6769	0.6769	0.12224961000000004	0.6365	177.5
none-narrower:13457005	none-narrower	none	none	True	False		0.9152	0.9152	0.008556799999999998	0.9046	178.3
hard:725148000	hard	A	A	True	True		0.9625	0.9625	0.0016533999999999984	0.9578	226.1
retrieval-miss:22542007	retrieval-miss	none	A	False	False		0.3465	0.3349	0.57936305	0.2648	203.2
easy:253283000	easy	A	A	True	True		0.7353	0.7353	0.08822880000000002	0.7022	188.4
easy:21009004	easy	A	A	True	True		0.9588	0.9588	0.0020080400000000013	0.9536	193.8
retrieval-miss:124593001	retrieval-miss	none	A	False	False		0.7596	0.1071	1.3775534400000002	0.7296	226.8
easy:400946004	easy	F	F	True	False		0.9631	0.9631	0.0018490000000000032	0.9584	218.6
easy:201191004	easy	A	A	True	True		0.9734	0.9734	0.0008121699999999977	0.9701	152.1
retrieval-miss:58437007	retrieval-miss	none	none	True	False		0.6513	0.6513	0.14444721	0.6077	202.7
easy:722381004	easy	A	A	True	True		0.9569	0.9569	0.0023882200000000025	0.9515	232.0
easy:703406006	easy	A	A	True	True		0.8844	0.8844	0.017418190000000007	0.8699	234.5
none-narrower:302920007	none-narrower	none	none	True	False		0.4436	0.4436	0.35976794	0.3741	184.7
hard:410429000	hard	A	A	True	True		0.9244	0.9244	0.00690234	0.915	154.0
hard:444830001	hard	A	A	True	True		0.8202	0.8202	0.039939199999999994	0.7977	225.8
easy:717042001	easy	A	A	True	True		0.9315	0.9315	0.005927590000000001	0.9229	189.1
easy:29159009	easy	A	A	True	True		0.9569	0.9569	0.002166900000000002	0.9515	184.0
none-narrower:767448007	none-narrower	none	A	False	False		0.9613	0.007	1.9104577900000002	0.9564	228.5
hard:766704005	hard	A	A	True	True		0.9678	0.9678	0.0012604800000000005	0.9638	193.6
hard:229733002	hard	A	A	True	True		0.9206	0.9206	0.0074479300000000045	0.9107	166.6
none-narrower:332461000119106	none-narrower	none	none	True	False		0.5216	0.5216	0.2613452700000001	0.4618	159.9
none-narrower:1300178001	none-narrower	none	A	False	False		0.44	0.1582	0.9277947799999999	0.37	168.0
hard:397825006	hard	A	A	True	True		0.9358	0.9358	0.004901140000000004	0.9278	187.4
easy:60318001	easy	A	A	True	True		0.9102	0.9102	0.0096438	0.899	235.5
none-narrower:348681000119101	none-narrower	none	A	False	False		0.8048	0.055	1.54433051	0.7804	166.4
hard:720414005	hard	B	B	True	False		0.9667	0.9667	0.0013341499999999997	0.9626	233.6
easy:238011005	easy	A	A	True	True		0.9686	0.9686	0.001198869999999999	0.9646	203.0
easy:95280005	easy	A	A	True	True		0.9686	0.9686	0.0011393599999999992	0.9646	184.2
none-narrower:789399002	none-narrower	none	none	True	False		0.4659	0.4659	0.34242196	0.3991	192.4
hard:28593007	hard	A	none	False	True		0.3704	0.2989	0.64949593	0.2917	166.9
easy:186668002	easy	A	A	True	True		0.9341	0.9341	0.005249809999999994	0.9258	215.3
easy:20392000	easy	A	A	True	True		0.9003	0.9003	0.012428940000000001	0.8879	154.4
hard:442416002	hard	A	A	True	True		0.9618	0.9618	0.001694420000000001	0.957	193.5
retrieval-miss:234110002	retrieval-miss	none	none	True	False		0.8982	0.8982	0.012001930000000001	0.8854	177.8
easy:404086000	easy	A	A	True	True		0.9563	0.9563	0.0023253699999999967	0.9508	231.5
easy:367542003	easy	A	A	True	True		0.9585	0.9585	0.0019759399999999985	0.9533	203.8
easy:123596001	easy	A	A	True	True		0.9514	0.9514	0.0027007699999999977	0.9453	177.3
easy:49723003	easy	A	A	True	True		0.9696	0.9696	0.001092979999999999	0.9658	169.4
none-narrower:1231379009	none-narrower	none	none	True	False		0.4543	0.4543	0.3551586500000001	0.3861	192.2
hard:719454003	hard	A	A	True	True		0.9283	0.9283	0.006989449999999999	0.9193	203.0
hard:764997000	hard	A	A	True	True		0.9611	0.9611	0.0017864000000000037	0.9562	279.1
easy:201192006	easy	A	A	True	True		0.9258	0.9258	0.006474630000000007	0.9166	153.9
hard:718848000	hard	A	A	True	True		0.9581	0.9581	0.0020303300000000042	0.9529	202.4
none-narrower:16932000	none-narrower	none	none	True	False		0.6875	0.6875	0.11568532000000001	0.6484	193.9
hard:82852009	hard	A	A	True	True		0.9132	0.9132	0.010094919999999997	0.9023	194.9
easy:92040001	easy	A	A	True	True		0.9662	0.9662	0.0013814100000000035	0.9619	192.8
hard:36667009	hard	A	A	True	True		0.9794	0.9794	0.000496979999999998	0.9769	201.9
hard:254068007	hard	A	A	True	True		0.9748	0.9748	0.00073359	0.9717	224.0
hard:31323000	hard	A	A	True	True		0.9494	0.9494	0.0029750499999999973	0.943	193.5
easy:60168000	easy	A	A	True	True		0.9449	0.9449	0.003440530000000004	0.938	193.2
easy:764859001	easy	A	A	True	True		0.9157	0.9157	0.008194550000000007	0.9051	184.0
none-narrower:1052239007	none-narrower	none	none	True	False		0.4887	0.4887	0.29778882	0.4248	184.7
hard:237889002	hard	A	A	True	True		0.9668	0.9668	0.0013200000000000004	0.9627	197.9
none-narrower:105710000	none-narrower	none	none	True	False		0.4163	0.4163	0.43736061	0.3433	185.5
easy:1092381000119100	easy	A	A	True	True		0.5869	0.5869	0.22339256000000002	0.5352	192.6
easy:719514002	easy	A	A	True	True		0.9671	0.9671	0.0014119300000000026	0.9629	237.3
hard:126907002	hard	D	B	False	False		0.9442	0.014	1.8640979199999999	0.9372	194.0
hard:764440006	hard	B	B	True	False		0.9519	0.9519	0.0027453300000000024	0.9459	219.2
easy:766870005	easy	B	B	True	False		0.963	0.963	0.0017368800000000025	0.9584	247.0
hard:720495005	hard	A	A	True	True		0.9589	0.9589	0.002101750000000002	0.9538	202.2
hard:711483003	hard	A	A	True	True		0.9245	0.9245	0.006628090000000001	0.9151	231.7
hard:254774003	hard	A	A	True	True		0.9745	0.9745	0.0007903599999999984	0.9714	229.4
retrieval-miss:719663005	retrieval-miss	none	none	True	False		0.4512	0.4512	0.35546658999999997	0.3825	185.3
easy:28366008	easy	A	A	True	True		0.9621	0.9621	0.0016484200000000035	0.9574	186.3
none-narrower:240704003	none-narrower	none	none	True	False		0.5759	0.5759	0.21220064000000005	0.5229	184.2
easy:707374005	easy	A	A	True	True		0.9599	0.9599	0.0019443300000000017	0.9549	194.0
retrieval-miss:238019007	retrieval-miss	none	none	True	False		0.3902	0.3902	0.43841984	0.314	175.3
hard:402425006	hard	A	A	True	True		0.9474	0.9474	0.0032579999999999983	0.9408	175.9
none-narrower:724647003	none-narrower	none	A	False	False		0.8338	0.0505	1.59922878	0.813	258.0
easy:26029002	easy	A	A	True	True		0.9461	0.9461	0.003394239999999995	0.9393	194.9
easy:300988009	easy	A	A	True	True		0.9192	0.9192	0.007520359999999998	0.9091	184.7
easy:371160000	easy	A	A	True	True		0.9453	0.9453	0.0034050399999999968	0.9384	184.8
easy:2589008	easy	A	A	True	True		0.9706	0.9706	0.001009879999999999	0.9669	183.4
hard:83172007	hard	A	A	True	True		0.9414	0.9414	0.003970509999999999	0.9341	175.0
hard:266254007	hard	A	A	True	True		0.9474	0.9474	0.0032078599999999977	0.9408	161.0
hard:128123007	hard	A	none	False	True		0.2956	0.2098	0.7806373400000001	0.2076	186.0
easy:399906000	easy	A	A	True	True		0.9558	0.9558	0.002221410000000002	0.9502	185.2
hard:62005008	hard	A	A	True	True		0.8885	0.8885	0.015520360000000009	0.8746	201.4
retrieval-miss:197284004	retrieval-miss	none	none	True	False		0.3824	0.3824	0.43975715999999987	0.3052	167.5
easy:60389000	easy	A	A	True	True		0.9562	0.9562	0.0023293799999999955	0.9507	182.5
easy:55850004	easy	A	A	True	True		0.9679	0.9679	0.0012601100000000011	0.9639	229.7
hard:763209008	hard	A	A	True	True		0.9675	0.9675	0.001248149999999998	0.9635	238.0
easy:123948009	easy	B	B	True	False		0.9573	0.9573	0.0021300899999999964	0.952	159.9
none-narrower:197853008	none-narrower	none	C	False	False		0.5278	0.2096	0.9169261200000001	0.4688	166.3
hard:53783003	hard	A	A	True	True		0.94	0.94	0.004566840000000006	0.9325	186.1
hard:722389002	hard	A	A	True	True		0.9636	0.9636	0.001590759999999999	0.9591	202.8
hard:9078005	hard	A	A	True	True		0.9614	0.9614	0.0017454499999999976	0.9566	184.1
hard:234349007	hard	A	A	True	True		0.9766	0.9766	0.0006386599999999989	0.9737	177.5
easy:63042009	easy	A	A	True	True		0.8951	0.8951	0.013168409999999998	0.8819	192.3
easy:404077005	easy	A	A	True	True		0.953	0.953	0.002539050000000004	0.9471	185.5
hard:93559003	hard	A	A	True	True		0.9267	0.9267	0.006661170000000004	0.9175	225.7
easy:92660005	easy	A	A	True	True		0.9687	0.9687	0.0011514699999999995	0.9648	184.5
hard:187675005	hard	A	A	True	True		0.9301	0.9301	0.006238529999999995	0.9214	184.3
hard:34713006	hard	A	A	True	True		0.9668	0.9668	0.0012610100000000003	0.9627	202.0
none-narrower:1090651000119103	none-narrower	none	A	False	False		0.8669	0.043	1.6695424399999998	0.8503	184.0
hard:253353007	hard	A	A	True	True		0.9266	0.9266	0.006785250000000003	0.9174	203.8
easy:239918008	easy	A	A	True	True		0.9594	0.9594	0.0019349499999999976	0.9543	184.3
none-narrower:30390004	none-narrower	none	none	True	False		0.397	0.397	0.48235089	0.3216	167.9
hard:63144007	hard	A	A	True	True		0.9752	0.9752	0.0007199100000000022	0.9721	203.0
easy:230350000	easy	A	A	True	True		0.9767	0.9767	0.0006358199999999994	0.9738	204.0
easy:255037004	easy	A	A	True	True		0.6837	0.6837	0.16443230000000003	0.6442	194.2
hard:128333008	hard	A	A	True	True		0.9547	0.9547	0.002371170000000001	0.949	177.0
easy:254589009	easy	A	A	True	True		0.9615	0.9615	0.001682559999999998	0.9567	185.3
easy:399995006	easy	A	A	True	True		0.9552	0.9552	0.0023657799999999953	0.9496	185.2
hard:444150000	hard	A	A	True	True		0.9338	0.9338	0.005349280000000004	0.9255	177.7
easy:427232004	easy	A	A	True	True		0.9474	0.9474	0.003377369999999998	0.9409	208.5
easy:253098009	easy	A	A	True	True		0.9583	0.9583	0.0020370899999999966	0.9531	197.4
easy:65295003	easy	A	A	True	True		0.9671	0.9671	0.0013060900000000026	0.963	184.7
hard:204950001	hard	A	A	True	True		0.9595	0.9595	0.0019027799999999984	0.9545	185.3
easy:63398001	easy	A	A	True	True		0.9586	0.9586	0.0019497999999999994	0.9534	184.1
easy:13468005	easy	A	A	True	True		0.9506	0.9506	0.0030166999999999998	0.9444	185.2
easy:86299006	easy	A	A	True	True		0.9643	0.9643	0.0014902499999999966	0.9598	173.3
hard:55822004	hard	A	A	True	True		0.9722	0.9722	0.0009174600000000025	0.9687	178.4
hard:20957000	hard	A	A	True	True		0.9367	0.9367	0.004714010000000003	0.9287	167.1
none-narrower:70783003	none-narrower	none	none	True	False		0.849	0.849	0.026182560000000004	0.8301	159.9
easy:40122008	easy	A	A	True	True		0.9567	0.9567	0.00229704	0.9512	173.7
easy:27885002	easy	A	A	True	True		0.9559	0.9559	0.0022741900000000023	0.9504	193.4
easy:371089000	easy	A	A	True	True		0.9644	0.9644	0.0015335899999999974	0.96	229.6
hard:255072001	hard	A	A	True	True		0.9354	0.9354	0.004914999999999999	0.9273	192.8
hard:127231009	hard	A	A	True	True		0.9666	0.9666	0.0012907199999999989	0.9624	202.5
none-narrower:428592003	none-narrower	none	none	True	False		0.633	0.633	0.17918606	0.5872	192.5
none-narrower:406570003	none-narrower	none	none	True	False		0.4969	0.4969	0.32138425	0.434	185.1
hard:65049003	hard	A	A	True	True		0.9575	0.9575	0.0022224899999999984	0.9521	184.0
easy:765096001	easy	A	A	True	True		0.9552	0.9552	0.0022981199999999955	0.9496	231.9
easy:763536006	easy	A	A	True	True		0.9603	0.9603	0.0018589499999999968	0.9553	202.8
easy:429735007	easy	A	A	True	True		0.968	0.968	0.001271370000000002	0.964	226.9
hard:90584004	hard	A	A	True	True		0.9657	0.9657	0.0014071199999999998	0.9614	177.4
easy:58868000	easy	A	A	True	True		0.9601	0.9601	0.0019621600000000036	0.9551	195.3
none-narrower:20239009	none-narrower	none	none	True	False		0.7335	0.7335	0.08198967999999998	0.7002	167.1
easy:722006004	easy	A	A	True	True		0.9742	0.9742	0.0008010700000000022	0.971	242.2
hard:236746000	hard	A	A	True	True		0.9628	0.9628	0.001752220000000001	0.9581	160.3
hard:271532008	hard	A	A	True	True		0.9633	0.9633	0.0015769899999999966	0.9587	166.9
hard:198130006	hard	A	A	True	True		0.8468	0.8468	0.027858169999999998	0.8276	178.8
retrieval-miss:716996008	retrieval-miss	none	A	False	False		0.9647	0.005	1.92096329	0.9603	233.6
hard:231861005	hard	A	A	True	True		0.8614	0.8614	0.023472049999999984	0.8441	174.7
easy:367520004	easy	A	A	True	True		0.9512	0.9512	0.0027391599999999953	0.9451	203.3
hard:724575009	hard	A	A	True	True		0.9306	0.9306	0.005543120000000002	0.9219	189.9
easy:22298006	easy	A	A	True	True		0.9445	0.9445	0.003673059999999999	0.9375	175.7
easy:709282004	easy	A	A	True	True		0.9513	0.9513	0.0029990299999999967	0.9452	203.8
hard:763309005	hard	A	A	True	True		0.6209	0.6209	0.23712266999999998	0.5736	246.7
retrieval-miss:16459000	retrieval-miss	none	none	True	False		0.9107	0.9107	0.009295090000000008	0.8995	208.9
easy:63119004	easy	A	A	True	True		0.9746	0.9746	0.0007465799999999989	0.9714	232.8
hard:254114000	hard	A	A	True	True		0.8364	0.8364	0.03176439999999999	0.816	185.9
hard:763658004	hard	A	A	True	True		0.9645	0.9645	0.0015422999999999984	0.9601	247.9
easy:81211007	easy	A	A	True	True		0.5899	0.5899	0.25933879	0.5387	185.2
hard:26745009	hard	A	A	True	True		0.9445	0.9445	0.003874309999999999	0.9376	174.5
easy:432328008	easy	A	A	True	True		0.9695	0.9695	0.0010618699999999982	0.9657	192.7
easy:68116008	easy	A	A	True	True		0.9631	0.9631	0.0016388100000000033	0.9585	184.1
hard:18260003	hard	A	A	True	True		0.974	0.974	0.0007959100000000012	0.9707	178.2
hard:25569003	hard	A	A	True	True		0.962	0.962	0.0016418400000000025	0.9573	185.3
none-narrower:724612006	none-narrower	none	H	False	False		0.4561	0.3466	0.64455585	0.3881	203.2
easy:254898001	easy	A	A	True	True		0.9427	0.9427	0.004053720000000002	0.9355	230.0
none-narrower:126999006	none-narrower	none	none	True	False		0.5694	0.5694	0.23059206	0.5155	192.9
hard:75614007	hard	A	A	True	True		0.9513	0.9513	0.002723159999999996	0.9452	178.5
easy:74100001	easy	A	A	True	True		0.7283	0.7283	0.08607283000000004	0.6943	192.6
easy:192644005	easy	A	A	True	True		0.9744	0.9744	0.0007875299999999977	0.9712	195.8
none-narrower:370494002	none-narrower	none	F	False	False		0.2515	0.2039	0.75180594	0.1579	173.4
none-narrower:94514000	none-narrower	none	A	False	False		0.2568	0.1577	0.84708123	0.1639	193.5
easy:717789008	easy	A	A	True	True		0.9739	0.9739	0.0008434200000000006	0.9706	193.5
hard:715825009	hard	A	A	True	True		0.9662	0.9662	0.0013202300000000036	0.9619	227.7
retrieval-miss:408642003	retrieval-miss	none	none	True	False		0.3016	0.3016	0.58219031	0.2143	202.9
hard:30292005	hard	A	A	True	True		0.9663	0.9663	0.0013012399999999967	0.9621	183.9
easy:196102003	easy	A	A	True	True		0.9701	0.9701	0.001038440000000002	0.9664	192.4
easy:722034006	easy	A	A	True	True		0.9705	0.9705	0.0009937699999999982	0.9668	185.4
hard:11314008	hard	A	A	True	True		0.9216	0.9216	0.007055110000000004	0.9118	184.1
none-narrower:831000119103	none-narrower	none	A	False	False		0.9591	0.0089	1.9023419499999998	0.954	167.8
hard:725141006	hard	A	A	True	True		0.9429	0.9429	0.004012930000000004	0.9358	184.8
retrieval-miss:238534006	retrieval-miss	none	none	True	False		0.9031	0.9031	0.010899199999999998	0.891	174.3
hard:724384008	hard	A	A	True	True		0.9689	0.9689	0.0011408600000000007	0.9651	186.3
hard:723823004	hard	A	A	True	True		0.9586	0.9586	0.0020355599999999996	0.9534	255.3
none-narrower:721781004	none-narrower	none	A	False	False		0.9314	0.0233	1.8220725500000001	0.9228	193.7
retrieval-miss:69646003	retrieval-miss	none	none	True	False		0.9363	0.9363	0.004782559999999997	0.9283	231.2
retrieval-miss:431396003	retrieval-miss	none	none	True	False		0.4264	0.4264	0.38017829000000003	0.3547	186.7
hard:42908004	hard	A	A	True	True		0.9423	0.9423	0.004125649999999997	0.9351	174.0
easy:74469006	easy	B	B	True	False		0.9462	0.9462	0.003318629999999996	0.9395	184.5
retrieval-miss:10170007	retrieval-miss	none	C	False	False		0.9771	0.004	1.94684524	0.9742	194.6
hard:18756002	hard	A	A	True	True		0.9578	0.9578	0.0020878100000000007	0.9525	194.4
none-narrower:1217382002	none-narrower	none	none	True	False		0.4533	0.4533	0.34343961999999995	0.385	238.6
retrieval-miss:234062003	retrieval-miss	none	A	False	False		0.8543	0.0594	1.61579137	0.8361	175.0
hard:765141005	hard	A	A	True	True		0.9628	0.9628	0.0016476700000000006	0.9581	234.0
hard:715462003	hard	A	A	True	True		0.9634	0.9634	0.0016956899999999975	0.9589	221.8
easy:88232005	easy	A	A	True	True		0.9644	0.9644	0.0014698399999999974	0.96	178.4
none-narrower:272006008	none-narrower	none	H	False	False		0.7435	0.1307	1.3131955	0.7114	177.2
easy:400179000	easy	A	A	True	True		0.9654	0.9654	0.0013701799999999975	0.961	184.0
easy:81854007	easy	A	A	True	True		0.9554	0.9554	0.002275269999999997	0.9498	177.5
retrieval-miss:237692001	retrieval-miss	none	A	False	False		0.4424	0.2515	0.7702123999999999	0.3727	227.8
none-narrower:1145446000	none-narrower	none	none	True	False		0.4544	0.4544	0.36730983999999994	0.3862	176.4
easy:89723004	easy	A	A	True	True		0.9684	0.9684	0.0012120699999999976	0.9644	167.8
hard:719825000	hard	A	A	True	True		0.9627	0.9627	0.0016554999999999999	0.9581	197.4
hard:74400008	hard	A	A	True	True		0.9634	0.9634	0.0015408199999999977	0.9588	167.8
hard:41910004	hard	A	A	True	True		0.9586	0.9586	0.0019716099999999995	0.9534	193.0
easy:253103006	easy	A	A	True	True		0.9652	0.9652	0.0014069100000000038	0.9609	173.8
easy:92437008	easy	A	A	True	True		0.9689	0.9689	0.0011275700000000011	0.965	195.4
easy:38371006	easy	A	A	True	True		0.9508	0.9508	0.0029639200000000023	0.9446	180.0
easy:715770009	easy	A	A	True	True		0.9668	0.9668	0.0013026100000000003	0.9626	195.1
hard:196027008	hard	A	A	True	True		0.9109	0.9109	0.00957773999999999	0.8997	185.0
hard:719164000	hard	A	A	True	True		0.9697	0.9697	0.0010726799999999995	0.966	186.8
none-narrower:403373008	none-narrower	none	H	False	False		0.9316	0.0291	1.8107555899999999	0.9231	168.7
hard:416481006	hard	A	A	True	True		0.9587	0.9587	0.0021522700000000004	0.9535	193.7
none-narrower:94973007	none-narrower	none	none	True	False		0.6886	0.6886	0.11401565000000001	0.6497	203.1
hard:237604008	hard	A	A	True	True		0.9688	0.9688	0.0011653200000000003	0.9648	221.0
hard:86341008	hard	A	A	True	True		0.9492	0.9492	0.0029573999999999954	0.9428	185.2
hard:171131006	hard	A	A	True	True		0.9597	0.9597	0.00191252	0.9546	194.3
none-narrower:95255005	none-narrower	none	A	False	False		0.3762	0.2662	0.70506527	0.2982	185.1
none-narrower:1156852009	none-narrower	none	none	True	False		0.4707	0.4707	0.34016101	0.4046	226.4
easy:56604005	easy	A	A	True	True		0.9485	0.9485	0.003129009999999999	0.942	176.2
retrieval-miss:17406005	retrieval-miss	none	none	True	False		0.7603	0.7603	0.06738473	0.7304	185.2
retrieval-miss:720635002	retrieval-miss	none	none	True	False		0.6552	0.6552	0.13512492	0.6121	189.2
hard:116381000119105	hard	A	A	True	True		0.8981	0.8981	0.012868099999999997	0.8854	194.2
easy:69163003	easy	A	A	True	True		0.9219	0.9219	0.007619589999999991	0.9122	186.8
easy:719140001	easy	A	A	True	True		0.9549	0.9549	0.0024986800000000027	0.9493	230.3
retrieval-miss:425740005	retrieval-miss	none	none	True	False		0.8942	0.8942	0.013487740000000002	0.881	234.8
none-narrower:2858002	none-narrower	none	none	True	False		0.2849	0.2849	0.62277391	0.1956	175.9
none-narrower:94682004	none-narrower	none	none	True	False		0.473	0.473	0.3216411	0.4072	194.0
hard:403900000	hard	A	B	False	True		0.8241	0.069	1.5481658000000003	0.8021	192.6
hard:197866008	hard	A	A	True	True		0.9638	0.9638	0.001562470000000001	0.9593	158.4
retrieval-miss:16814004	retrieval-miss	none	none	True	False		0.6991	0.6991	0.10800795999999997	0.6615	178.7
easy:111798006	easy	A	A	True	True		0.9547	0.9547	0.002506580000000001	0.9491	178.9
hard:234451005	hard	A	A	True	True		0.9569	0.9569	0.002221730000000002	0.9515	194.3
easy:58718002	easy	A	A	True	True		0.9557	0.9557	0.0023061600000000002	0.9502	178.5
easy:720612000	easy	A	A	True	True		0.9711	0.9711	0.001002800000000002	0.9675	236.2
easy:363358000	easy	A	A	True	True		0.9218	0.9218	0.0070048900000000075	0.912	186.7
easy:53974002	easy	A	A	True	True		0.975	0.975	0.0007433900000000011	0.9719	193.4
hard:85559002	hard	B	B	True	False		0.9709	0.9709	0.001005960000000001	0.9673	174.9
hard:187681002	hard	A	A	True	True		0.9209	0.9209	0.007315639999999992	0.911	186.3
easy:254129003	easy	A	A	True	True		0.9754	0.9754	0.0007148199999999978	0.9724	193.3
hard:62377009	hard	A	A	True	True		0.9496	0.9496	0.0030960600000000003	0.9433	184.3
hard:76976005	hard	A	A	True	True		0.907	0.907	0.010202499999999995	0.8954	174.1
hard:19138001	hard	A	A	True	True		0.8954	0.8954	0.013744230000000007	0.8824	189.0
easy:18842008	easy	A	A	True	True		0.9393	0.9393	0.004408849999999996	0.9317	174.7
retrieval-miss:10087007	retrieval-miss	none	none	True	False		0.6226	0.6226	0.16434500999999996	0.5754	186.1
hard:190724004	hard	A	A	True	True		0.969	0.969	0.0011339400000000017	0.9652	173.9
easy:404057003	easy	A	A	True	True		0.943	0.943	0.003934870000000006	0.9359	228.0
easy:264443002	easy	A	A	True	True		0.9551	0.9551	0.0027277700000000044	0.9495	185.1
easy:363433009	easy	A	A	True	True		0.9229	0.9229	0.006759529999999992	0.9133	200.7
hard:28670008	hard	A	A	True	True		0.9496	0.9496	0.00323084	0.9433	184.8
hard:92386006	hard	A	A	True	True		0.9505	0.9505	0.002949529999999999	0.9443	184.8
none-narrower:472783006	none-narrower	none	H	False	False		0.7203	0.131	1.27789763	0.6854	174.8
easy:405822008	easy	A	A	True	True		0.9637	0.9637	0.0016036099999999999	0.9591	239.8
hard:59229005	hard	A	A	True	True		0.9413	0.9413	0.004382469999999997	0.9339	184.3
none-narrower:771177009	none-narrower	none	A	False	False		0.9653	0.0051	1.9217853800000002	0.961	189.1
hard:19620000	hard	A	A	True	True		0.9677	0.9677	0.0012175299999999994	0.9636	175.6
none-narrower:441530006	none-narrower	none	none	True	False		0.4673	0.4673	0.33287117999999993	0.4007	168.5
hard:36989005	hard	A	A	True	True		0.963	0.963	0.0015984500000000023	0.9584	194.3
none-narrower:276866009	none-narrower	none	none	True	False		0.805	0.805	0.04851656999999998	0.7806	194.9
none-narrower:403785002	none-narrower	none	none	True	False		0.3661	0.3661	0.4912695100000001	0.2869	200.3
hard:721836009	hard	A	A	True	True		0.9659	0.9659	0.0014228400000000014	0.9617	231.8
none-narrower:373405005	none-narrower	none	A	False	False		0.7795	0.0866	1.44493934	0.7519	169.3
hard:24629003	hard	A	A	True	True		0.9667	0.9667	0.0013132699999999994	0.9625	198.9
hard:404659001	hard	A	A	True	True		0.9688	0.9688	0.0011773700000000005	0.9648	203.2
hard:719800009	hard	A	A	True	True		0.9625	0.9625	0.0017003099999999983	0.9578	194.0
easy:720603002	easy	A	A	True	True		0.9616	0.9616	0.0017587199999999992	0.9568	226.1
hard:56267009	hard	A	A	True	True		0.9621	0.9621	0.0017406800000000033	0.9573	194.1
none-narrower:47378001	none-narrower	none	none	True	False		0.4774	0.4774	0.31458627999999994	0.4121	187.1
hard:196305005	hard	A	A	True	True		0.9515	0.9515	0.002791569999999999	0.9454	194.2
hard:290653008	hard	A	A	True	True		0.94	0.94	0.004502140000000006	0.9325	229.3
retrieval-miss:21893008	retrieval-miss	none	none	True	False		0.8177	0.8177	0.03844169000000001	0.7949	237.7
easy:720344007	easy	A	A	True	True		0.779	0.779	0.06635626	0.7514	228.0
easy:95210003	easy	A	A	True	True		0.9689	0.9689	0.001159620000000001	0.9651	197.3
none-narrower:724749007	none-narrower	none	none	True	False		0.6111	0.6111	0.18003336000000003	0.5625	184.3
hard:12676007	hard	A	A	True	True		0.9627	0.9627	0.0016214899999999997	0.9581	153.8
easy:89392001	easy	A	A	True	True		0.951	0.951	0.0027795600000000043	0.9449	182.0
easy:37754005	easy	A	A	True	True		0.9587	0.9587	0.002080200000000001	0.9535	185.2
easy:721015008	easy	B	B	True	False		0.9614	0.9614	0.0018506099999999973	0.9565	194.0
hard:443439001	hard	A	A	True	True		0.8976	0.8976	0.01241766000000001	0.8848	225.7
hard:716683005	hard	A	A	True	True		0.9686	0.9686	0.0011299199999999989	0.9647	233.1
none-narrower:231929005	none-narrower	none	none	True	False		0.5616	0.5616	0.22348260000000003	0.5068	173.6
easy:8635005	easy	A	A	True	True		0.9597	0.9597	0.00188816	0.9547	178.5
hard:93390002	hard	A	A	True	True		0.9178	0.9178	0.008015180000000009	0.9075	184.4
hard:371199008	hard	A	A	True	True		0.8125	0.8125	0.04172319000000001	0.7891	174.7
easy:239085000	easy	B	B	True	False		0.9473	0.9473	0.0033388199999999976	0.9407	171.8
easy:69080001	easy	A	A	True	True		0.9346	0.9346	0.0050262100000000014	0.9264	185.2
hard:768843007	hard	A	A	True	True		0.9511	0.9511	0.0028277700000000046	0.9449	231.5
easy:89420002	easy	A	A	True	True		0.6869	0.6869	0.12759337	0.6478	185.6
easy:763215008	easy	A	A	True	True		0.9698	0.9698	0.0010537300000000001	0.966	229.6
easy:717749002	easy	A	A	True	True		0.9423	0.9423	0.0038129699999999967	0.9351	193.6
easy:47709007	easy	A	A	True	True		0.9631	0.9631	0.0015738800000000034	0.9584	203.5
hard:720984008	hard	A	A	True	True		0.9637	0.9637	0.0016957899999999998	0.9592	225.0
none-narrower:255169005	none-narrower	none	B	False	False		0.3913	0.2135	0.8049917	0.3152	192.9
hard:234628004	hard	A	A	True	True		0.969	0.969	0.0011612700000000016	0.9651	185.4
hard:722456001	hard	A	A	True	True		0.955	0.955	0.0024577900000000035	0.9493	198.0
hard:24752008	hard	A	A	True	True		0.9334	0.9334	0.005507079999999999	0.9251	185.9
hard:733520002	hard	A	A	True	True		0.9475	0.9475	0.003183089999999999	0.941	232.3
retrieval-miss:88887003	retrieval-miss	none	none	True	False		0.5904	0.5904	0.19308410999999998	0.5392	184.0
easy:716091000	easy	A	A	True	True		0.9688	0.9688	0.00112121	0.9649	198.9
none-narrower:271570007	none-narrower	none	none	True	False		0.6041	0.6041	0.19333802000000003	0.5546	168.1
hard:55735004	hard	A	A	True	True		0.9663	0.9663	0.0013428999999999967	0.9621	192.7
hard:13920009	hard	A	A	True	True		0.9664	0.9664	0.0013183499999999972	0.9622	193.4
easy:1279844009	easy	A	A	True	True		0.9334	0.9334	0.005188619999999999	0.925	185.0
none-narrower:312224002	none-narrower	none	none	True	False		0.303	0.303	0.5749671100000001	0.2159	173.8
easy:764996009	easy	A	A	True	True		0.9633	0.9633	0.0016042699999999968	0.9587	262.4
none-narrower:254196004	none-narrower	none	A	False	False		0.911	0.0293	1.7729122300000002	0.8998	232.9
easy:703266007	easy	A	A	True	True		0.8545	0.8545	0.02459429999999999	0.8363	186.4
none-narrower:773610007	none-narrower	none	A	False	False		0.9775	0.0038	1.94799882	0.9747	204.8
none-narrower:447706001	none-narrower	none	B	False	False		0.8682	0.0608	1.63725392	0.8517	202.5
hard:763528002	hard	A	A	True	True		0.8767	0.8767	0.01885808999999999	0.8613	228.1
hard:70737009	hard	C	C	True	False		0.9659	0.9659	0.0014529300000000016	0.9617	203.3
hard:25374005	hard	A	A	True	True		0.9519	0.9519	0.0027260100000000027	0.9459	167.3
retrieval-miss:237687003	retrieval-miss	none	none	True	False		0.7254	0.7254	0.08673176999999997	0.6911	200.0
retrieval-miss:703403003	retrieval-miss	none	none	True	False		0.7132	0.7132	0.09538496000000003	0.6773	231.8
hard:1271009	hard	A	A	True	True		0.9633	0.9633	0.0015682699999999966	0.9587	189.8
hard:85708001	hard	A	A	True	True		0.9476	0.9476	0.0033256100000000005	0.9411	184.8
none-narrower:111850006	none-narrower	none	C	False	False		0.3144	0.1931	0.81472927	0.2287	167.3
easy:725413002	easy	A	A	True	True		0.969	0.969	0.0011315000000000016	0.9651	186.1
hard:238047006	hard	A	A	True	True		0.9399	0.9399	0.004147950000000005	0.9324	180.2
easy:230655004	easy	A	A	True	True		0.9423	0.9423	0.004130259999999998	0.9351	185.7
easy:25476006	easy	A	A	True	True		0.8963	0.8963	0.013088630000000002	0.8833	194.1
hard:719209002	hard	A	A	True	True		0.9663	0.9663	0.0013353599999999968	0.9621	209.9
hard:443520009	hard	A	A	True	True		0.9282	0.9282	0.0061223999999999975	0.9192	176.7
none-narrower:1259592000	none-narrower	none	A	False	False		0.6699	0.072	1.3228814400000002	0.6287	202.9
none-narrower:373422007	none-narrower	none	C	False	False		0.316	0.2452	0.7130512000000001	0.2305	175.5
easy:721835008	easy	A	A	True	True		0.9573	0.9573	0.0021203399999999966	0.952	183.4
hard:31097004	hard	D	D	True	False		0.9474	0.9474	0.003487519999999998	0.9408	203.2
easy:60136008	easy	A	A	True	True		0.9554	0.9554	0.0023328699999999977	0.9499	161.8
easy:721075001	easy	A	A	True	True		0.9684	0.9684	0.0011631599999999973	0.9644	194.6
easy:28783002	easy	G	G	True	False		0.9708	0.9708	0.0012504700000000003	0.9672	178.9
retrieval-miss:1648002	retrieval-miss	none	none	True	False		0.7546	0.7546	0.07113469999999998	0.724	203.2
hard:719650004	hard	A	A	True	True		0.9575	0.9575	0.0021597999999999986	0.9522	198.4
easy:297237003	easy	A	A	True	True		0.9342	0.9342	0.005404689999999996	0.926	204.7
retrieval-miss:4945003	retrieval-miss	none	none	True	False		0.9218	0.9218	0.007128620000000007	0.912	210.2
retrieval-miss:34042008	retrieval-miss	none	none	True	False		0.469	0.469	0.33207472000000005	0.4027	202.7
easy:126792007	easy	A	A	True	True		0.9602	0.9602	0.0018361699999999957	0.9552	179.0
easy:722059002	easy	A	A	True	True		0.9624	0.9624	0.0016372099999999977	0.9577	206.6
easy:109995007	easy	A	A	True	True		0.9608	0.9608	0.001778670000000001	0.9559	225.2
easy:48500005	easy	A	A	True	True		0.9718	0.9718	0.0009631500000000001	0.9682	178.0
none-narrower:49481000	none-narrower	none	none	True	False		0.3584	0.3584	0.48533872999999994	0.2783	224.2
none-narrower:191820008	none-narrower	none	none	True	False		0.2429	0.2429	0.66965623	0.1482	154.0
hard:43878008	hard	A	A	True	True		0.9698	0.9698	0.0010863400000000003	0.966	183.9
easy:45781009	easy	E	E	True	False		0.6366	0.6366	0.15792893999999996	0.5912	193.8
easy:722690001	easy	A	A	True	True		0.9541	0.9541	0.002540440000000005	0.9484	194.1
none-narrower:1259443009	none-narrower	none	A	False	False		0.755	0.0452	1.49198509	0.7244	231.1
hard:41799005	hard	A	A	True	True		0.9237	0.9237	0.007061740000000005	0.9141	185.5
hard:38804009	hard	A	A	True	True		0.9573	0.9573	0.0021588599999999964	0.952	194.6
easy:276954004	easy	A	A	True	True		0.94	0.94	0.004472530000000007	0.9325	194.7
retrieval-miss:719848005	retrieval-miss	none	none	True	False		0.4616	0.4616	0.35772338000000004	0.3943	153.8
easy:24790002	easy	A	A	True	True		0.9573	0.9573	0.002081239999999997	0.952	230.1
easy:717008005	easy	A	A	True	True		0.9538	0.9538	0.0026365000000000017	0.948	242.5
none-narrower:4702003	none-narrower	none	B	False	False		0.9315	0.0325	1.80399473	0.9229	174.4
none-narrower:262933008	none-narrower	none	none	True	False		0.5425	0.5425	0.26023587000000004	0.4853	185.7
retrieval-miss:61750000	retrieval-miss	none	none	True	False		0.8352	0.8352	0.032041359999999984	0.8146	185.6
hard:81577001	hard	A	A	True	True		0.9613	0.9613	0.0017423999999999968	0.9564	194.2
hard:44730006	hard	A	A	True	True		0.9713	0.9713	0.0009588399999999969	0.9677	203.6
none-narrower:722664004	none-narrower	none	none	True	False		0.669	0.669	0.12916008999999998	0.6277	185.1
hard:715907003	hard	A	A	True	True		0.9684	0.9684	0.0011980699999999977	0.9645	205.1
hard:51523009	hard	A	A	True	True		0.7536	0.7536	0.07501604999999997	0.7228	193.0
retrieval-miss:445448008	retrieval-miss	none	none	True	False		0.6835	0.6835	0.11747885	0.644	230.1
retrieval-miss:37610005	retrieval-miss	none	none	True	False		0.8918	0.8918	0.014327969999999992	0.8783	152.9
hard:718602007	hard	A	A	True	True		0.9706	0.9706	0.0010212699999999988	0.9669	189.9
hard:49428008	hard	A	A	True	True		0.9751	0.9751	0.0007283800000000017	0.972	203.8
hard:42265009	hard	A	A	True	True		0.9492	0.9492	0.003057389999999995	0.9429	175.5
hard:33064008	hard	A	A	True	True		0.9761	0.9761	0.0006793600000000015	0.9731	194.2
easy:42386007	easy	A	A	True	True		0.9468	0.9468	0.0034589700000000026	0.9402	214.1
easy:254812004	easy	A	A	True	True		0.9288	0.9288	0.006065390000000006	0.9199	175.6
easy:722439009	easy	A	A	True	True		0.9665	0.9665	0.0014309799999999984	0.9623	237.7
easy:44018007	easy	B	B	True	False		0.4602	0.4602	0.34277245000000006	0.3927	173.4
retrieval-miss:279611005	retrieval-miss	none	none	True	False		0.7131	0.7131	0.09387658000000002	0.6772	204.1
hard:80813006	hard	A	A	True	True		0.9732	0.9732	0.0008478700000000024	0.9698	186.9
easy:715776003	easy	A	A	True	True		0.9352	0.9352	0.005946259999999996	0.9271	221.4
none-narrower:59136001	none-narrower	none	none	True	False		0.6274	0.6274	0.15995936000000002	0.5809	178.0
easy:402700001	easy	A	A	True	True		0.9691	0.9691	0.0010987200000000022	0.9652	175.0
easy:17608003	easy	A	A	True	True		0.9704	0.9704	0.0010400799999999975	0.9667	203.2
none-narrower:1255194004	none-narrower	none	none	True	False		0.3809	0.3809	0.45142755	0.3036	204.2
none-narrower:818967003	none-narrower	none	A	False	False		0.9263	0.014	1.83121322	0.9171	194.5
hard:240849009	hard	A	A	True	True		0.969	0.969	0.0011848900000000018	0.9652	229.9
hard:389145006	hard	A	A	True	True		0.9672	0.9672	0.0012371900000000035	0.9631	169.3
hard:35600002	hard	A	A	True	True		0.9386	0.9386	0.004294870000000002	0.9309	193.8
hard:197270009	hard	A	A	True	True		0.9477	0.9477	0.003354680000000001	0.9412	167.6
easy:85898001	easy	A	A	True	True		0.9739	0.9739	0.0007930000000000007	0.9707	185.6
easy:764512003	easy	A	A	True	True		0.971	0.971	0.0010597700000000013	0.9674	311.9
none-narrower:403369005	none-narrower	none	none	True	False		0.5408	0.5408	0.25118227000000004	0.4834	184.8
hard:124596009	hard	A	A	True	True		0.9589	0.9589	0.002032680000000002	0.9538	193.5
hard:75315001	hard	A	A	True	True		0.9635	0.9635	0.0015608499999999982	0.9589	185.6
hard:18735004	hard	A	A	True	True		0.8948	0.8948	0.012595389999999993	0.8816	173.7
hard:237941007	hard	A	A	True	True		0.9662	0.9662	0.0014078900000000034	0.962	229.1
easy:70647001	easy	A	A	True	True		0.9473	0.9473	0.003227209999999997	0.9407	203.3
easy:35091000119101	easy	A	A	True	True		0.9541	0.9541	0.002434120000000005	0.9484	203.6
none-narrower:10184002	none-narrower	none	none	True	False		0.5871	0.5871	0.19390959000000002	0.5355	168.0
hard:35520007	hard	A	A	True	True		0.9554	0.9554	0.002375059999999998	0.9498	185.7
hard:18805001	hard	C	C	True	False		0.5518	0.5518	0.23375132000000007	0.4958	186.3
hard:126583006	hard	A	A	True	True		0.9729	0.9729	0.0008836300000000006	0.9695	195.7
easy:715736008	easy	A	A	True	True		0.9608	0.9608	0.001835810000000001	0.9558	221.0
hard:359007	hard	A	A	True	True		0.9635	0.9635	0.0015812599999999984	0.9589	195.5
none-narrower:95005005	none-narrower	none	none	True	False		0.444	0.444	0.42468457000000004	0.3745	194.1
none-narrower:15966341000119102	none-narrower	none	A	False	False		0.919	0.0202	1.8052986300000002	0.9089	178.9
easy:233667003	easy	C	C	True	False		0.8299	0.8299	0.04070220000000001	0.8086	176.1
easy:724275005	easy	A	A	True	True		0.9727	0.9727	0.0009000399999999995	0.9693	232.5
easy:723453002	easy	A	A	True	True		0.9681	0.9681	0.0012704700000000027	0.9641	232.7
easy:190293001	easy	A	A	True	True		0.9645	0.9645	0.0014920999999999984	0.9601	188.0
none-narrower:94080006	none-narrower	none	A	False	False		0.8199	0.0192	1.64572121	0.7974	187.5
easy:449824004	easy	A	A	True	True		0.9496	0.9496	0.0029865100000000004	0.9433	186.2
none-narrower:1263522001	none-narrower	none	none	True	False		0.6754	0.6754	0.14382457999999998	0.6348	195.3
hard:720458005	hard	A	A	True	True		0.9503	0.9503	0.002965909999999997	0.9441	234.8
hard:62067003	hard	A	A	True	True		0.9569	0.9569	0.002151110000000002	0.9515	204.1
none-narrower:66944004	none-narrower	none	none	True	False		0.3037	0.3037	0.5769234499999999	0.2166	185.3
easy:90623003	easy	A	A	True	True		0.9561	0.9561	0.0023339600000000047	0.9506	186.6
easy:49130001	easy	A	A	True	True		0.9741	0.9741	0.0007854900000000019	0.9709	168.2
easy:230321007	easy	A	A	True	True		0.5673	0.5673	0.22785777999999998	0.5132	185.3
easy:36971009	easy	A	A	True	True		0.954	0.954	0.0024481200000000037	0.9483	153.7
none-narrower:300457003	none-narrower	none	none	True	False		0.7581	0.7581	0.07012805	0.7279	167.8
hard:87343002	hard	A	A	True	True		0.9482	0.9482	0.003694789999999996	0.9418	235.7
hard:415105001	hard	A	A	True	True		0.9641	0.9641	0.001630980000000003	0.9597	188.0
hard:254582000	hard	A	A	True	True		0.9558	0.9558	0.002395860000000002	0.9503	232.3
easy:192004002	easy	A	A	True	True		0.9177	0.9177	0.007928390000000007	0.9075	167.6
easy:446989009	easy	A	A	True	True		0.9614	0.9614	0.0019298799999999978	0.9566	204.0
none-narrower:204985001	none-narrower	none	none	True	False		0.4032	0.4032	0.45307331999999995	0.3286	168.6
easy:402723003	easy	A	A	True	True		0.9766	0.9766	0.000651879999999999	0.9737	194.8
none-narrower:265569002	none-narrower	none	B	False	False		0.4936	0.2021	0.8940325800000001	0.4303	193.1
easy:65194006	easy	A	A	True	True		0.949	0.949	0.003069620000000005	0.9427	185.6
easy:255084004	easy	A	A	True	True		0.5281	0.5281	0.29142113	0.4691	193.1
none-narrower:276873004	none-narrower	none	B	False	False		0.9541	0.0104	1.8898671200000001	0.9484	204.8
hard:92059004	hard	A	A	True	True		0.9727	0.9727	0.0008683199999999995	0.9692	185.8
hard:237083000	hard	A	A	True	True		0.9675	0.9675	0.001251319999999998	0.9634	179.0
none-narrower:54116000	none-narrower	none	A	False	False		0.5356	0.1544	1.01950657	0.4775	194.6
retrieval-miss:105706003	retrieval-miss	none	none	True	False		0.5238	0.5238	0.29980117999999994	0.4643	184.8
easy:695751021000132104	easy	A	A	True	True		0.9784	0.9784	0.000546049999999998	0.9757	186.7
easy:28244003	easy	A	A	True	True		0.9773	0.9773	0.0006120600000000025	0.9745	174.8
hard:121951000119101	hard	A	A	True	True		0.9717	0.9717	0.0009528099999999996	0.9681	177.5
none-narrower:771013004	none-narrower	none	A	False	False		0.9821	0.0032	1.9581883000000002	0.9799	234.1
none-narrower:387681000	none-narrower	none	none	True	False		0.366	0.366	0.48060479	0.2868	185.2
easy:277617004	easy	A	A	True	True		0.8482	0.8482	0.02737255000000001	0.8292	190.5
hard:722378009	hard	A	A	True	True		0.9494	0.9494	0.003116249999999997	0.9431	199.3
hard:61253004	hard	A	A	True	True		0.9661	0.9661	0.0013341100000000027	0.9619	169.3
retrieval-miss:238694002	retrieval-miss	none	A	False	False		0.9791	0.0034	1.95190509	0.9765	202.8
easy:200722003	easy	A	A	True	True		0.966	0.966	0.001344640000000002	0.9617	169.7
hard:231931001	hard	A	A	True	True		0.9453	0.9453	0.003573499999999997	0.9385	194.7
none-narrower:402126004	none-narrower	none	A	False	False		0.4127	0.1536	0.9347295000000001	0.3393	187.4
none-narrower:359711001	none-narrower	none	A	False	False		0.9696	0.0067	1.92688454	0.9658	234.0
easy:194119004	easy	C	C	True	False		0.9457	0.9457	0.003584380000000002	0.9389	175.5
hard:41659003	hard	C	C	True	False		0.9652	0.9652	0.0014152800000000038	0.9609	197.7
hard:14921002	hard	D	D	True	False		0.8035	0.8035	0.04859729000000001	0.7789	202.6
retrieval-miss:69488000	retrieval-miss	none	B	False	False		0.4143	0.1922	0.8523249599999999	0.3411	179.3
none-narrower:385006	none-narrower	none	F	False	False		0.4742	0.185	0.90984277	0.4084	167.7
none-narrower:186861006	none-narrower	none	none	True	False		0.5279	0.5279	0.26064673	0.4689	186.5
easy:403889000	easy	A	A	True	True		0.958	0.958	0.002198190000000003	0.9528	202.6
retrieval-miss:78305006	retrieval-miss	none	none	True	False		0.7217	0.7217	0.09017068	0.6869	203.5
easy:77098009	easy	A	A	True	True		0.8871	0.8871	0.0149152	0.873	189.9
hard:12546009	hard	B	B	True	False		0.5471	0.5471	0.33178915	0.4904	197.0
none-narrower:1177005009	none-narrower	none	F	False	False		0.5347	0.2504	0.85580872	0.4766	175.5
easy:37925008	easy	A	A	True	True		0.9725	0.9725	0.0008790599999999981	0.969	177.5
easy:36517007	easy	A	A	True	True		0.951	0.951	0.002772950000000004	0.9449	184.7
easy:34742003	easy	A	A	True	True		0.9654	0.9654	0.0013830799999999975	0.9611	158.4
easy:763833006	easy	A	A	True	True		0.9549	0.9549	0.0024078500000000026	0.9492	254.0
hard:613003	hard	A	A	True	True		0.9366	0.9366	0.004681980000000002	0.9287	174.7
hard:716108004	hard	A	A	True	True		0.9637	0.9637	0.0015475899999999997	0.9592	230.1
easy:92272009	easy	A	A	True	True		0.9196	0.9196	0.008452940000000004	0.9095	203.8
easy:238612002	easy	A	A	True	True		0.9616	0.9616	0.001748819999999999	0.9568	202.1
hard:15033003	hard	A	A	True	True		0.9738	0.9738	0.0008104900000000001	0.9706	168.5
easy:718174008	easy	A	A	True	True		0.9179	0.9179	0.007703569999999992	0.9077	194.4
hard:193093009	hard	A	A	True	True		0.9595	0.9595	0.0018853799999999984	0.9545	184.5
easy:92298003	easy	A	A	True	True		0.9655	0.9655	0.0013943399999999983	0.9612	193.9
easy:447781009	easy	A	A	True	True		0.4675	0.4675	0.47639810999999993	0.4009	203.4
easy:267592003	easy	B	B	True	False		0.7698	0.7698	0.062188529999999985	0.741	203.8
easy:763070001	easy	A	A	True	True		0.9593	0.9593	0.0019871599999999965	0.9542	225.3
hard:715482004	hard	A	A	True	True		0.9667	0.9667	0.0013314	0.9626	189.6
hard:39479004	hard	A	A	True	True		0.9759	0.9759	0.0006696600000000004	0.9729	202.8
retrieval-miss:277475006	retrieval-miss	none	none	True	False		0.6435	0.6435	0.15381697000000003	0.5989	203.1
hard:719404009	hard	A	A	True	True		0.9584	0.9584	0.0020998499999999977	0.9532	184.8
easy:255039001	easy	A	A	True	True		0.9499	0.9499	0.0029414000000000037	0.9436	203.4
none-narrower:712527004	none-narrower	none	none	True	False		0.3851	0.3851	0.44499168	0.3082	185.1
hard:763211004	hard	A	A	True	True		0.974	0.974	0.0007655200000000013	0.9708	233.5
hard:76880004	hard	A	A	True	True		0.9269	0.9269	0.006255000000000008	0.9177	174.1
easy:92109005	easy	A	A	True	True		0.9698	0.9698	0.0010643300000000003	0.966	185.8
easy:21794005	easy	A	A	True	True		0.9551	0.9551	0.002408360000000005	0.9495	184.5
easy:720976009	easy	A	A	True	True		0.972	0.972	0.0009573100000000014	0.9685	270.4
easy:274902006	easy	A	A	True	True		0.9762	0.9762	0.000669250000000002	0.9732	234.4
hard:230672006	hard	A	A	True	True		0.9646	0.9646	0.0015156099999999988	0.9601	203.9
easy:94292003	easy	A	A	True	True		0.9607	0.9607	0.0017787900000000001	0.9557	194.6
hard:254609000	hard	A	A	True	True		0.8934	0.8934	0.014082060000000006	0.8801	193.5
easy:716653001	easy	A	A	True	True		0.9255	0.9255	0.006917050000000002	0.9162	203.1
hard:231479000	hard	A	A	True	True		0.9565	0.9565	0.0022853799999999983	0.9511	139.3
easy:363465007	easy	A	A	True	True		0.9553	0.9553	0.0022855599999999964	0.9498	169.4
none-narrower:92609009	none-narrower	none	none	True	False		0.3101	0.3101	0.56882714	0.2239	169.8
hard:92412003	hard	A	A	True	True		0.9699	0.9699	0.001069440000000001	0.9661	195.7
easy:277950001	easy	A	A	True	True		0.838	0.838	0.033844550000000015	0.8178	193.2
retrieval-miss:444755001	retrieval-miss	none	none	True	False		0.7203	0.7203	0.09116783999999997	0.6854	174.0
hard:126677000	hard	A	A	True	True		0.9642	0.9642	0.0014599700000000038	0.9597	194.1
hard:398680004	hard	B	A	False	False		0.9516	0.0064	1.89310437	0.9455	239.3
retrieval-miss:129565002	retrieval-miss	none	A	False	False		0.8886	0.0265	1.73871358	0.8746	168.3
easy:266257000	easy	B	B	True	False		0.9309	0.9309	0.0057259600000000065	0.9223	187.8
easy:276975007	easy	A	A	True	True		0.9673	0.9673	0.0012440999999999967	0.9633	233.8
easy:715984007	easy	A	A	True	True		0.9561	0.9561	0.0024508200000000046	0.9506	237.0
easy:1963002	easy	A	A	True	True		0.9395	0.9395	0.00427438	0.9319	189.7
hard:363451005	hard	A	A	True	True		0.9519	0.9519	0.002763610000000003	0.9459	179.2
hard:718679004	hard	A	A	True	True		0.9626	0.9626	0.0017746499999999994	0.9579	184.1
none-narrower:1351328007	none-narrower	none	A	False	False		0.9748	0.0041	1.94212784	0.9716	181.3
easy:609565001	easy	A	A	True	True		0.9479	0.9479	0.003087330000000003	0.9414	185.7
easy:713577007	easy	A	A	True	True		0.9434	0.9434	0.0036820299999999985	0.9363	203.3
hard:402524007	hard	A	A	True	True		0.9718	0.9718	0.0009358500000000002	0.9683	184.4
hard:403986008	hard	A	A	True	True		0.9345	0.9345	0.00508791	0.9264	184.5
hard:126824007	hard	A	A	True	True		0.9568	0.9568	0.0021450200000000014	0.9514	185.0
hard:702368000	hard	A	A	True	True		0.9493	0.9493	0.003102599999999997	0.943	202.8
hard:61663001	hard	A	A	True	True		0.9571	0.9571	0.0021551300000000042	0.9517	194.4
easy:26597004	easy	A	A	True	True		0.9237	0.9237	0.0066275600000000046	0.9142	204.6
hard:763531001	hard	A	A	True	True		0.9701	0.9701	0.0010229000000000021	0.9664	194.3
none-narrower:403552007	none-narrower	none	A	False	False		0.4083	0.2225	0.7928677899999999	0.3344	194.2
easy:195021004	easy	A	A	True	True		0.6915	0.6915	0.1197889	0.653	193.8
easy:32117000	easy	A	A	True	True		0.9464	0.9464	0.0034895899999999977	0.9398	233.5
easy:717224002	easy	A	A	True	True		0.9305	0.9305	0.006055060000000001	0.9218	231.1
hard:419503008	hard	A	A	True	True		0.9515	0.9515	0.0027193999999999986	0.9455	180.1
easy:766982000	easy	A	A	True	True		0.9735	0.9735	0.0008329499999999983	0.9702	278.9
hard:235796008	hard	A	A	True	True		0.9736	0.9736	0.0008236499999999989	0.9703	178.0
none-narrower:84097002	none-narrower	none	none	True	False		0.4465	0.4465	0.37722357	0.3774	184.9
easy:11442006	easy	A	none	False	True		0.343	0.1194	0.93842985	0.2608	198.3
hard:197260007	hard	C	C	True	False		0.9686	0.9686	0.0011847599999999991	0.9647	184.8
easy:765747004	easy	A	A	True	True		0.9419	0.9419	0.004075770000000004	0.9347	258.8
easy:700057001	easy	A	A	True	True		0.9589	0.9589	0.002108640000000002	0.9538	230.9
none-narrower:1087891000119107	none-narrower	none	A	False	False		0.8272	0.101	1.4934768	0.8056	183.3
hard:25044007	hard	A	A	True	True		0.8716	0.8716	0.019664549999999996	0.8556	170.1
easy:416510003	easy	A	A	True	True		0.9423	0.9423	0.0038474999999999968	0.9351	185.2
retrieval-miss:105668007	retrieval-miss	none	none	True	False		0.6977	0.6977	0.10834575	0.66	183.6
easy:274944000	easy	A	A	True	True		0.9608	0.9608	0.001823280000000001	0.9559	234.1
none-narrower:84753008	none-narrower	none	none	True	False		0.4631	0.4631	0.3340391999999999	0.396	173.7
none-narrower:1208841001	none-narrower	none	none	True	False		0.35	0.35	0.48269631	0.2687	173.1
hard:19092004	hard	A	A	True	True		0.9674	0.9674	0.0013180199999999974	0.9633	233.3
easy:22240003	easy	A	A	True	True		0.9618	0.9618	0.001764140000000001	0.9571	232.7
easy:429040005	easy	B	B	True	False		0.8118	0.8118	0.04138375000000001	0.7883	169.0
hard:424114000	hard	A	A	True	True		0.9785	0.9785	0.0005576899999999984	0.9758	202.2
retrieval-miss:15566009	retrieval-miss	none	none	True	False		0.8111	0.8111	0.04169883999999999	0.7875	192.8
retrieval-miss:65038009	retrieval-miss	none	none	True	False		0.2836	0.2836	0.5891557199999998	0.1941	154.6
hard:85039006	hard	A	A	True	True		0.9465	0.9465	0.0034988899999999993	0.9399	176.4
easy:763748007	easy	A	A	True	True		0.9652	0.9652	0.001619400000000004	0.9608	203.2
retrieval-miss:39288006	retrieval-miss	none	A	False	False		0.2681	0.1673	0.8153651500000001	0.1767	178.3
none-narrower:1263575002	none-narrower	none	none	True	False		0.7103	0.7103	0.09516386999999998	0.6741	168.8
hard:18899000	hard	A	A	True	True		0.9681	0.9681	0.0011961600000000028	0.9641	188.7
none-narrower:1299151005	none-narrower	none	A	False	False		0.9776	0.0045	1.94679795	0.9748	202.2
easy:397923000	easy	A	A	True	True		0.9665	0.9665	0.0014026199999999983	0.9623	178.5
hard:126859007	hard	A	A	True	True		0.9666	0.9666	0.001289169999999999	0.9624	193.5
easy:8808004	easy	A	A	True	True		0.9762	0.9762	0.0007581300000000019	0.9733	234.2
none-narrower:403856000	none-narrower	none	none	True	False		0.4013	0.4013	0.41106795	0.3265	185.4
easy:724171006	easy	A	A	True	True		0.967	0.967	0.0012770600000000017	0.9629	178.3
hard:50390006	hard	A	A	True	True		0.9776	0.9776	0.0005938599999999989	0.9748	167.3
easy:70410008	easy	A	A	True	True		0.951	0.951	0.002943910000000004	0.9449	203.9
easy:8634009	easy	A	A	True	True		0.9686	0.9686	0.0011405599999999992	0.9647	189.3
hard:237770005	hard	A	A	True	True		0.9648	0.9648	0.0014772800000000007	0.9604	233.6
hard:79830009	hard	A	A	True	True		0.9724	0.9724	0.0008872099999999978	0.9689	172.8
none-narrower:783182004	none-narrower	none	A	False	False		0.9213	0.0175	1.8151044500000002	0.9115	194.1
easy:51239001	easy	A	A	True	True		0.9454	0.9454	0.0035124299999999982	0.9386	178.8
none-narrower:236711008	none-narrower	none	none	True	False		0.2979	0.2979	0.6184852299999999	0.2101	167.4
hard:58349009	hard	A	A	True	True		0.9465	0.9465	0.004248599999999999	0.9398	201.9
easy:68241007	easy	B	B	True	False		0.9551	0.9551	0.0025486000000000055	0.9494	177.9
easy:767713001	easy	A	A	True	True		0.7758	0.7758	0.05993922999999998	0.7478	166.9
hard:404078000	hard	A	A	True	True		0.9363	0.9363	0.004884759999999998	0.9284	192.8
hard:770406002	hard	A	A	True	True		0.9628	0.9628	0.0017078000000000009	0.9582	214.9
none-narrower:237819006	none-narrower	none	H	False	False		0.9155	0.0423	1.7557191699999999	0.9049	202.5
none-narrower:77746001	none-narrower	none	H	False	False		0.6548	0.1766	1.1112143600000002	0.6117	231.7
hard:80690008	hard	B	B	True	False		0.7955	0.7955	0.05217186000000001	0.77	192.6
none-narrower:10701000087104	none-narrower	none	none	True	False		0.4606	0.4606	0.35990596999999996	0.3931	169.6
