item_id	tier	truth	pred	hit	lex_hit	ambiguous	p_top	p_truth	brier	confidence	latency_ms
hard:238898001	hard	H	H	True	True	False	0.901072690718902	0.901072690718902	0.01206319244409515	0.8887067770587647	0.0
hard:191201002	hard	F	F	True	True	False	0.9594398485930341	0.9594398485930341	0.0019024685942288786	0.9543698296671634	0.0
hard:722006004	hard	A	A	True	True	False	0.9371523725076175	0.9371523725076175	0.004835276905007589	0.9292964190710699	0.0
hard:76642003	hard	F	H	False	True	True	0.5849402504818245	0.3638481145723081	0.7476863988440908	0.5330577817920527	0.0
gold-removed:402815007	gold-removed	none	none	True	False		0.889261820391899	0.889261820391899	0.014902919770697323	0.8754195479408865	0.0
easy:403980002	easy	E	E	True	True	False	0.9403889261082359	0.9403889261082359	0.004078365557280862	0.9329375418717654	0.0
gold-removed:373420004	gold-removed	none	none	True	False		0.9191417211037345	0.9191417211037345	0.008461333939788424	0.9090344362417013	0.0
easy:718610008	easy	G	G	True	True	False	0.9329811849111481	0.9329811849111481	0.005337150052035204	0.9246038330250418	0.0
hard:766759009	hard	F	D	False	False	True	0.49340625118857406	0.2236414371481079	0.8979733807864873	0.43008203258714583	0.0
easy:80281008	easy	G	G	True	True	False	0.901123777014689	0.901123777014689	0.012226023845956354	0.8887642491415253	0.0
easy:42601008	easy	H	H	True	True	True	0.8920520531873213	0.8920520531873213	0.014428639715402569	0.8785585598357364	0.0
retrieval-miss:238836000	retrieval-miss	none	D	False	False	True	0.46323813292513366	0.46323813292513366	0.5048855962675113	0.3961428995407754	0.0
easy:55647004	easy	F	F	True	False	True	0.9187079031774666	0.9187079031774666	0.008125033187264374	0.9085463910746501	0.0
hard:124138004	hard	E	E	True	True	False	0.9442356927116645	0.9442356927116645	0.003756794849828126	0.9372651543006227	0.0
retrieval-miss:66379009	retrieval-miss	none	B	False	False	True	0.9517911304628702	0.015543516666683719	1.875275270315889	0.9457650217707291	0.0
hard:373168002	hard	A	A	True	True	False	0.9297436420872888	0.9297436420872888	0.006315869367606239	0.9209615973481999	0.0
none-narrower:846579005	none-narrower	none	E	False	False		0.4996082752202716	0.4264804283245185	0.5802203616140378	0.4370593096228056	0.0
retrieval-miss:95637005	retrieval-miss	none	F	False	False	True	0.5265186704384097	0.44945194894690094	0.5805075911607988	0.46733350424321096	0.0
gold-removed:702440000	gold-removed	none	none	True	False		0.9307769070870129	0.9307769070870129	0.005661574083562502	0.9221240204728894	0.0
gold-removed:71253000	gold-removed	none	none	True	False		0.7997462616711594	0.7997462616711594	0.0608361672361875	0.7747145443800544	0.0
hard:609221008	hard	A	E	False	False	True	0.8398710279938585	0.030260248229126166	1.6504510401034722	0.8198549064930909	0.0
gold-removed:719689005	gold-removed	none	none	True	False		0.7063212214456295	0.7063212214456295	0.12758528325519428	0.6696113741263333	0.0
hard:702377007	hard	C	C	True	True	False	0.9293516472444481	0.9293516472444481	0.006443309090548672	0.9205206031500041	0.0
hard:721845005	hard	A	A	True	True	False	0.9536540846647645	0.9536540846647645	0.0024954886719931284	0.9478608452478601	0.0
easy:128105004	easy	F	F	True	True	False	0.9356536162957758	0.9356536162957758	0.005114672698095033	0.9276103183327478	0.0
hard:231472009	hard	E	E	True	True	False	0.945886967932788	0.945886967932788	0.003486584235988516	0.9391228389243866	0.0
none-narrower:95795006	none-narrower	none	none	True	False		0.5312363766182173	0.5312363766182173	0.3709157078310794	0.47264092369549454	0.0
easy:254918001	easy	C	C	True	True	False	0.6028306287908198	0.6028306287908198	0.26278749809952584	0.5531844573896724	0.0
none-narrower:91951001	none-narrower	none	none	True	False		0.589139680197711	0.589139680197711	0.3036706248504939	0.5377821402224249	0.0
none-narrower:307680001	none-narrower	none	none	True	False		0.4787912215279135	0.4787912215279135	0.443350251925702	0.41364012421890267	0.0
gold-removed:38494008	gold-removed	none	none	True	False		0.8773821931641002	0.8773821931641002	0.01761308613369284	0.8620549673096126	0.0
easy:128200000	easy	A	A	True	True	True	0.9027646113514204	0.9027646113514204	0.013524216520194553	0.8906101877703481	0.0
none-narrower:370484007	none-narrower	none	D	False	False		0.8427345041995302	0.07847541918824671	1.5609351081786114	0.8230763172244715	0.0
easy:761958009	easy	C	C	True	True	False	0.9252318086244921	0.9252318086244921	0.007219582203180106	0.9158857847025537	0.0
easy:127004000	easy	F	C	False	False	True	0.7915309858085959	0.015142792050549523	1.6231163333272383	0.7654723590346704	0.0
none-narrower:1209168005	none-narrower	none	none	True	False		0.7657759345829397	0.7657759345829397	0.0817858362036855	0.7364979264058072	0.0
hard:253000007	hard	B	B	True	True	True	0.9299887959913646	0.9299887959913646	0.005875277576980744	0.9212373954902852	0.0
retrieval-miss:234961008	retrieval-miss	none	A	False	False	True	0.45713128274628184	0.28434751194446245	0.76512850850097	0.3892726930895671	0.0
none-narrower:34485008	none-narrower	none	none	True	False		0.5924020356931461	0.5924020356931461	0.21702381508847976	0.5414522901547894	0.0
hard:403986008	hard	G	G	True	True	False	0.8688640562664629	0.8688640562664629	0.02119905088028414	0.8524720632997708	0.0
none-narrower:1177179002	none-narrower	none	A	False	False		0.9484100236650167	0.0154882962478717	1.8689605405178036	0.9419612766231439	0.0
none-narrower:1222677008	none-narrower	none	A	False	False		0.8904138714464696	0.009044986754016255	1.7817746092962996	0.8767156053772782	0.0
hard:95268002	hard	B	B	True	True	True	0.9598721115315425	0.9598721115315425	0.0018914985435766454	0.9548561254729853	0.0
none-narrower:1306747001	none-narrower	none	B	False	False		0.9546318672625468	0.009697327391454557	1.8922992259638427	0.9489608506703653	0.0
easy:702359002	easy	A	A	True	True	True	0.9169305664025712	0.9169305664025712	0.009209402510134508	0.9065468872028927	0.0
hard:715817007	hard	A	A	True	True	False	0.9210473291025952	0.9210473291025952	0.007338314621518999	0.9111782452404198	0.0
none-narrower:198336007	none-narrower	none	none	True	False		0.5139817626469695	0.5139817626469695	0.4292116488667993	0.4532294829778407	0.0
hard:254916002	hard	C	none	False	False	True	0.7339907165336547	0.006364675279445256	1.5483789093758968	0.7007395561003616	0.0
easy:237249000	easy	G	G	True	True	False	0.9277997401581776	0.9277997401581776	0.006119322318162176	0.9187747076779499	0.0
retrieval-miss:19968009	retrieval-miss	none	none	True	False	True	0.7221958676340311	0.7221958676340311	0.1107060772235292	0.6874703510882851	0.0
gold-removed:48245008	gold-removed	none	none	True	False		0.5088642789658661	0.5088642789658661	0.4305726793303504	0.44747231383659936	0.0
hard:458422009	hard	B	B	True	True	False	0.5241623591568467	0.5241623591568467	0.37860562304368356	0.4646826540514526	0.0
easy:21848000	easy	C	C	True	True	False	0.9280262813366955	0.9280262813366955	0.006136111466048935	0.9190295665037824	0.0
retrieval-miss:73856006	retrieval-miss	none	E	False	False	True	0.9185864230632321	0.02825201836125794	1.7887070721200748	0.9084097259461361	0.0
hard:724015007	hard	H	H	True	True	False	0.9447222828566291	0.9447222828566291	0.0035434912971693175	0.9378125682137077	0.0
none-narrower:733598001	none-narrower	none	H	False	False		0.928262890827972	0.008049272225024101	1.847336626528931	0.9192957521814684	0.0
hard:449730005	hard	H	H	True	True	False	0.9467862214397376	0.9467862214397376	0.0032437580413555074	0.9401344991197047	0.0
hard:88037009	hard	D	D	True	True	False	0.5282461306859246	0.5282461306859246	0.3161686510912691	0.46927689702166525	0.0
gold-removed:44917000	gold-removed	none	none	True	False		0.9330468569023337	0.9330468569023337	0.006169981841312164	0.9246777140151256	0.0
none-narrower:688931000119106	none-narrower	none	H	False	False		0.8893342590031318	0.01452354151433067	1.7649189381540826	0.8755010413785234	0.0
hard:87074006	hard	C	C	True	True	False	0.9540857599135972	0.9540857599135972	0.0024769464165114176	0.9483464799027969	0.0
retrieval-miss:105668007	retrieval-miss	none	B	False	False	True	0.7308268618688419	0.24137991402997763	1.1098917824880268	0.6971802196024472	0.0
easy:277571004	easy	C	C	True	True	True	0.758713460086358	0.758713460086358	0.08427556861854488	0.7285526425971528	0.0
hard:239144007	hard	G	G	True	False	True	0.9447795668814458	0.9447795668814458	0.003518410051099781	0.9378770127416265	0.0
easy:10301003	easy	C	C	True	True	False	0.9672435386792522	0.9672435386792522	0.0012308890672432838	0.9631489810141587	0.0
retrieval-miss:400022009	retrieval-miss	none	B	False	False	True	0.376989522260324	0.23449728977529616	0.834106208688181	0.29911321254286455	0.0
easy:406506008	easy	B	G	False	False	True	0.9150908376485705	0.02050844238112951	1.7977519280072514	0.9044771923546417	0.0
none-narrower:196853004	none-narrower	none	D	False	False		0.760600446623142	0.1333893889033527	1.3349632715390556	0.7306755024510347	0.0
none-narrower:1197308005	none-narrower	none	D	False	False		0.4950609903246752	0.3607428287138756	0.6649865872326377	0.43194361411525967	0.0
retrieval-miss:7231009	retrieval-miss	none	none	True	False	True	0.5427661430629068	0.5427661430629068	0.3666952575755318	0.4856119109457702	0.0
hard:238772004	hard	D	D	True	True	False	0.9614796092096753	0.9614796092096753	0.0017063406100720996	0.9566645603608848	0.0
hard:241774007	hard	D	D	True	True	False	0.9629421363561339	0.9629421363561339	0.00158837314257009	0.9583099034006506	0.0
easy:60750009	easy	A	A	True	False	True	0.9482356394728713	0.9482356394728713	0.0031652396572283705	0.9417650944069802	0.0
none-narrower:700289000	none-narrower	none	A	False	False		0.8984779469820126	0.052042574406905205	1.706611461240719	0.8857876903547641	0.0
none-narrower:20833001	none-narrower	none	E	False	False		0.479737762178829	0.15844938525311864	1.0606045268667466	0.4147049824511827	0.0
hard:254693008	hard	E	E	True	True	False	0.9374547661856922	0.9374547661856922	0.0046351626497793275	0.9296366119589038	0.0
gold-removed:22607003	gold-removed	none	none	True	False		0.9469145809833214	0.9469145809833214	0.003295547388109289	0.9402789036062367	0.0
easy:111227009	easy	F	F	True	False	True	0.7803244531553597	0.7803244531553597	0.07500821326625175	0.7528650097997797	0.0
hard:699256006	hard	A	B	False	False	True	0.7130836164214998	0.23551961817861852	1.0939425002052772	0.6772190684741872	0.0
none-narrower:89764009	none-narrower	none	none	True	False		0.4837894753033018	0.4837894753033018	0.4032062818558511	0.41926315971621453	0.0
hard:93827000	hard	H	H	True	True	True	0.8868187375446359	0.8868187375446359	0.016238346402473586	0.8726710797377154	0.0
none-narrower:448372003	none-narrower	none	D	False	False		0.9572246412436826	0.008300409642738031	1.8999805633313729	0.951877721399143	0.0
easy:733096007	easy	A	A	True	True	False	0.9408881972490831	0.9408881972490831	0.004214077187965236	0.9334992219052186	0.0
easy:254099008	easy	B	B	True	True	False	0.9532276658866948	0.9532276658866948	0.0025273196026702476	0.9473811241225318	0.0
hard:763375003	hard	E	E	True	True	False	0.9563955873965166	0.9563955873965166	0.002225537225566634	0.9509450358210813	0.0
gold-removed:238719003	gold-removed	none	none	True	False		0.7967063686038138	0.7967063686038138	0.05325088855070899	0.7712946646792905	0.0
easy:238049009	easy	F	F	True	True	False	0.46969828880020437	0.46969828880020437	0.5033572084476067	0.40341057490022997	0.0
easy:439143004	easy	B	B	True	True	True	0.9370434272139467	0.9370434272139467	0.004731815155417179	0.9291738556156901	0.0
hard:722004001	hard	E	E	True	True	True	0.9556820674021973	0.9556820674021973	0.0022722211536941573	0.9501423258274719	0.0
retrieval-miss:58112007	retrieval-miss	none	none	True	False	True	0.7486169351513293	0.7486169351513293	0.08979562911885255	0.7171940520452456	0.0
easy:765190005	easy	D	D	True	False	True	0.950675479385248	0.950675479385248	0.002931670079157097	0.9445099143084041	0.0
retrieval-miss:34000006	retrieval-miss	none	H	False	False	True	0.9295248760474828	0.017782754050107184	1.829269157833906	0.9207154855534181	0.0
hard:28783002	hard	B	B	True	False	True	0.9379386041851575	0.9379386041851575	0.004740897445383432	0.9301809297083024	0.0
hard:711482008	hard	D	D	True	True	True	0.814477984656796	0.814477984656796	0.05527836551612944	0.7912877327388955	0.0
easy:92021007	easy	F	F	True	True	True	0.9485670951839387	0.9485670951839387	0.003270222114528302	0.942137982081931	0.0
gold-removed:239066003	gold-removed	none	C	False	False		0.49052071397455155	0.41872302296361236	0.5797644169314702	0.42683580322137055	0.0
retrieval-miss:720830009	retrieval-miss	none	E	False	False	True	0.9100219557020234	0.012686121831037246	1.805868155748222	0.8987747001647765	0.0
easy:203468000	easy	E	E	True	True	False	0.9578883934218155	0.9578883934218155	0.0020335158563421505	0.9526244425995426	0.0
none-narrower:340671000119102	none-narrower	none	G	False	False		0.8944301499359789	0.04422493914052451	1.7142797887612256	0.8812339186779764	0.0
easy:95656000	easy	G	G	True	True	True	0.8903341370019903	0.8903341370019903	0.014648846414058	0.8766259041272392	0.0
none-narrower:723610009	none-narrower	none	F	False	False		0.9677095956743342	0.007163087645827568	1.9222871478329466	0.963673295133626	0.0
hard:707427000	hard	B	B	True	True	False	0.9180182073968562	0.9180182073968562	0.008064588543136011	0.9077704833214634	0.0
hard:41720003	hard	F	F	True	True	False	0.9521215272410736	0.9521215272410736	0.0027133020219100384	0.9461367181462079	0.0
retrieval-miss:44086001	retrieval-miss	none	none	True	False	True	0.9177777702232096	0.9177777702232096	0.009070631291651969	0.9074999915011109	0.0
easy:58258004	easy	H	H	True	True	True	0.9316382343185501	0.9316382343185501	0.0054052415040789685	0.9230930136083688	0.0
retrieval-miss:45894003	retrieval-miss	none	none	True	False	True	0.6215838995407663	0.6215838995407663	0.2527152050754977	0.5742818869833621	0.0
hard:720987001	hard	E	E	True	True	False	0.9567278583890751	0.9567278583890751	0.002210422958185028	0.9513188406877097	0.0
hard:23414001	hard	F	F	True	False	True	0.8263701333492478	0.8263701333492478	0.04063716899934772	0.8046664000179039	0.0
hard:12546009	hard	A	F	False	False	True	0.6394530109078165	0.3395367162111929	0.8452572658425885	0.5943846372712935	0.0
none-narrower:1142319002	none-narrower	none	none	True	False		0.5452322453681288	0.5452322453681288	0.3662458886650556	0.48838627603914486	0.0
easy:77252004	easy	H	H	True	True	False	0.9434886389461805	0.9434886389461805	0.003700752762866739	0.9364247188144531	0.0
hard:254146000	hard	G	B	False	False	True	0.9441729886993347	0.006988864745902671	1.878142713237271	0.9371946122867517	0.0
easy:193683001	easy	F	F	True	True	False	0.8391992648792542	0.8391992648792542	0.03533909707039498	0.8190991729891611	0.0
retrieval-miss:715369006	retrieval-miss	none	none	True	False	True	0.6419854148461189	0.6419854148461189	0.21385735399048117	0.597233591701884	0.0
easy:733521003	easy	D	D	True	True	False	0.9640826807359537	0.9640826807359537	0.0015074287235352453	0.9595930158279479	0.0
hard:723444009	hard	D	D	True	True	True	0.9315200278393856	0.9315200278393856	0.005723205666800766	0.9229600313193088	0.0
retrieval-miss:187741001	retrieval-miss	none	F	False	False	True	0.8986214157530095	0.05205088313112095	1.7067093762263008	0.8859490927221356	0.0
easy:715727009	easy	G	G	True	True	False	0.9536138835140985	0.9536138835140985	0.002471759440558865	0.9478156189533609	0.0
easy:724349009	easy	F	F	True	True	False	0.970525470506755	0.970525470506755	0.000988744122036648	0.9668411543200993	0.0
hard:68528007	hard	E	none	False	False	True	0.7023052744431758	0.029642598572962534	1.475994933933298	0.6650934337485729	0.0
retrieval-miss:265377002	retrieval-miss	none	none	True	False	True	0.8650707535481079	0.8650707535481079	0.022227940783825003	0.8482045977416214	0.0
none-narrower:770728003	none-narrower	none	A	False	False		0.9509057657669119	0.01819178820648818	1.8683399850914935	0.944768986487776	0.0
hard:43647007	hard	E	E	True	False	True	0.9311319386846364	0.9311319386846364	0.005887583294797817	0.922523431020216	0.0
easy:763867001	easy	E	E	True	True	False	0.961749847292513	0.961749847292513	0.0017421693282581778	0.9569685782040771	0.0
hard:93255008	hard	H	H	True	True	True	0.8814787565315501	0.8814787565315501	0.017898369042310014	0.8666636010979938	0.0
gold-removed:725286002	gold-removed	none	none	True	False		0.8390460193899868	0.8390460193899868	0.04198707061398374	0.8189267718137353	0.0
none-narrower:406571004	none-narrower	none	D	False	False		0.6043517593324481	0.17039070861063138	1.0936929567748273	0.5548957292490042	0.0
retrieval-miss:445918001	retrieval-miss	none	none	True	False	True	0.924699426949386	0.924699426949386	0.0065756145582452335	0.9152868553180592	0.0
none-narrower:241897004	none-narrower	none	none	True	False		0.7678973959851628	0.7678973959851628	0.06792214124681067	0.7388845704833082	0.0
none-narrower:197819009	none-narrower	none	none	True	False		0.8601318032491468	0.8601318032491468	0.028984719756756604	0.8426482786552904	0.0
gold-removed:764958008	gold-removed	none	H	False	False		0.6573968513575731	0.21712723081647126	1.0491950102946674	0.6145714577772698	0.0
easy:186807008	easy	H	H	True	True	False	0.6967568038091553	0.6967568038091553	0.14689705493108057	0.6588514042852998	0.0
easy:56625005	easy	F	F	True	True	True	0.9713545435237396	0.9713545435237396	0.0009421157116469516	0.9677738614642071	0.0
hard:254124008	hard	F	F	True	True	False	0.9226242731204636	0.9226242731204636	0.007508268284161841	0.9129523072605217	0.0
gold-removed:410052008	gold-removed	none	none	True	False		0.9210135843023748	0.9210135843023748	0.0071721554746312964	0.9111402823401716	0.0
hard:719455002	hard	E	E	True	True	False	0.9587240529501313	0.9587240529501313	0.001957353606682156	0.9535645595688977	0.0
hard:37373007	hard	H	H	True	True	False	0.9499209296396384	0.9499209296396384	0.002887300026586934	0.9436610458445933	0.0
easy:92464009	easy	A	A	True	True	False	0.944731636655802	0.944731636655802	0.0037107599574943274	0.9378230912377773	0.0
easy:712750007	easy	E	E	True	False	True	0.8332957468685305	0.8332957468685305	0.03809549426442567	0.8124577152270968	0.0
gold-removed:271532008	gold-removed	none	none	True	False		0.5609073193011568	0.5609073193011568	0.36008632279100283	0.5060207342138014	0.0
none-narrower:1156772007	none-narrower	none	E	False	False		0.8151262012554589	0.088919734013125	1.4989030523256281	0.7920169764123913	0.0
gold-removed:193177003	gold-removed	none	none	True	False		0.6508111282724457	0.6508111282724457	0.17800903530675583	0.6071625193065016	0.0
hard:719972004	hard	H	H	True	True	False	0.9481817629483261	0.9481817629483261	0.0031467850990203826	0.941704483316867	0.0
hard:239065004	hard	C	C	True	False	True	0.8111226208017683	0.8111226208017683	0.04648803613727774	0.7875129484019894	0.0
hard:720816004	hard	H	H	True	False	True	0.9485988084787188	0.9485988084787188	0.0031071733657081716	0.9421736595385588	0.0
gold-removed:68216000	gold-removed	none	none	True	False		0.9047532819851438	0.9047532819851438	0.010913209589316816	0.8928474422332868	0.0
easy:111323005	easy	G	G	True	True	False	0.9420141761060206	0.9420141761060206	0.004045463170650478	0.9347659481192732	0.0
easy:363428005	easy	G	G	True	True	True	0.8954170463654272	0.8954170463654272	0.013333928987833447	0.8823441771611056	0.0
easy:733599009	easy	B	B	True	False	True	0.951912705652081	0.951912705652081	0.002679279698792838	0.9459017938585912	0.0
easy:360525006	easy	D	D	True	True	True	0.5755510623758304	0.5755510623758304	0.24917336856829822	0.5224949451728093	0.0
easy:126865007	easy	H	H	True	True	False	0.8714443578244548	0.8714443578244548	0.01972495729855053	0.8553749025525117	0.0
easy:50749006	easy	B	B	True	True	False	0.9616405159718059	0.9616405159718059	0.001682757397475089	0.9568455804682817	0.0
easy:13468005	easy	G	G	True	True	False	0.9490084898528703	0.9490084898528703	0.003047052882513664	0.9426345510844791	0.0
gold-removed:724274009	gold-removed	none	B	False	False		0.9471194764715792	0.018119354047524017	1.8613910016220778	0.9405094110305268	0.0
none-narrower:1269177007	none-narrower	none	C	False	False		0.9632807063367372	0.008352925449294394	1.911423903954932	0.9586907946288293	0.0
hard:715735007	hard	B	B	True	True	False	0.9568072342835928	0.9568072342835928	0.002165749710121282	0.951408138569042	0.0
hard:720812002	hard	B	B	True	False	True	0.9485759629231699	0.9485759629231699	0.0030841383429443805	0.9421479582885662	0.0
none-narrower:1258980000	none-narrower	none	C	False	False		0.5512416702653242	0.4016808132799628	0.6625512390065036	0.4951468790484898	0.0
hard:38528001	hard	H	H	True	True	False	0.9543987634403401	0.9543987634403401	0.0023930081619838936	0.9486986088703826	0.0
easy:237941007	easy	F	F	True	True	False	0.9677032232449841	0.9677032232449841	0.0012048851413458178	0.9636661261506073	0.0
hard:15084002	hard	B	B	True	True	False	0.9335332934626848	0.9335332934626848	0.005244990728673198	0.9252249551455204	0.0
easy:6118003	easy	F	F	True	True	False	0.9634650557178825	0.9634650557178825	0.001548753884455896	0.9588981876826178	0.0
none-narrower:240775001	none-narrower	none	E	False	False		0.3859035618396545	0.3294187416705687	0.6572296894852779	0.30914150706961135	0.0
hard:231996009	hard	H	H	True	True	False	0.9342623078919717	0.9342623078919717	0.005010803411307596	0.9260450963784683	0.0
easy:255037004	easy	G	G	True	True	False	0.9345738974189495	0.9345738974189495	0.004940021276242702	0.9263956345963181	0.0
retrieval-miss:111865007	retrieval-miss	none	none	True	False	True	0.8573756194106571	0.8573756194106571	0.02560721830414222	0.8395475718369894	0.0
none-narrower:722692009	none-narrower	none	none	True	False		0.5736641573241476	0.5736641573241476	0.2514452404130583	0.520372176989666	0.0
easy:42399005	easy	E	E	True	True	False	0.8498545917411738	0.8498545917411738	0.02799635542785056	0.8310864157088207	0.0
retrieval-miss:86422009	retrieval-miss	none	C	False	False	True	0.9448179000377545	0.029058789869266785	1.8355339378746747	0.9379201375424738	0.0
retrieval-miss:249491000119100	retrieval-miss	none	C	False	False	True	0.8051815336096803	0.16542035712158393	1.3450761279407206	0.7808292253108904	0.0
hard:404014008	hard	F	F	True	True	True	0.6919263339764573	0.6919263339764573	0.1671405332613839	0.6534171257235146	0.0
easy:83586000	easy	A	A	True	False	True	0.778049341088389	0.778049341088389	0.08460889582150471	0.7503055087244377	0.0
none-narrower:200968006	none-narrower	none	A	False	False		0.6028061837548	0.374961134688721	0.7541636308007673	0.55315695672415	0.0
none-narrower:699700006	none-narrower	none	E	False	False		0.9312122645043769	0.012981527182702977	1.8419666180540162	0.9226137975674241	0.0
hard:78494001	hard	A	A	True	True	False	0.9387041157965215	0.9387041157965215	0.004564366456568718	0.9310421302710866	0.0
hard:716648006	hard	D	D	True	True	True	0.9410033305058555	0.9410033305058555	0.0044949740108441	0.9336287468190876	0.0
gold-removed:127027008	gold-removed	none	none	True	False		0.8790947650693349	0.8790947650693349	0.01886796356204133	0.863981610703002	0.0
hard:111806005	hard	D	D	True	True	True	0.957667093223462	0.957667093223462	0.002112503450887304	0.9523754798763948	0.0
retrieval-miss:69015003	retrieval-miss	none	none	True	False	True	0.6495302197672292	0.6495302197672292	0.1901624592247825	0.6057214972381328	0.0
hard:441574008	hard	B	B	True	True	False	0.8054926309724945	0.8054926309724945	0.05381733198458883	0.7811792098440564	0.0
gold-removed:400006008	gold-removed	none	E	False	False		0.5985703141875061	0.317828780200473	0.825383568576862	0.5483916034609444	0.0
easy:371486001	easy	D	B	False	False	True	0.5415381300578239	0.09497158834100201	1.1968199148747545	0.48423039631505194	0.0
none-narrower:271700006	none-narrower	none	C	False	False		0.49908984970837805	0.42603792833377624	0.5796662105846062	0.43647608092192536	0.0
hard:277508009	hard	E	E	True	True	True	0.8310670188503209	0.8310670188503209	0.03635347211249282	0.8099503962066109	0.0
easy:187059008	easy	F	F	True	False	True	0.9414406700105336	0.9414406700105336	0.004348585866129188	0.9341207537618502	0.0
retrieval-miss:763616002	retrieval-miss	none	none	True	False	True	0.7513352807616093	0.7513352807616093	0.10698966435028245	0.7202521908568106	0.0
hard:205306000	hard	G	G	True	False	True	0.5160941568433115	0.5160941568433115	0.3804808517309771	0.4556059264487255	0.0
gold-removed:48241004	gold-removed	none	none	True	False		0.4873991449208968	0.4873991449208968	0.4078976088308541	0.42332403803600893	0.0
gold-removed:707379000	gold-removed	none	none	True	False		0.750230947313698	0.750230947313698	0.08921842970100907	0.7190098157279103	0.0
easy:192976002	easy	G	G	True	True	False	0.9070779901771482	0.9070779901771482	0.010475916691647944	0.8954627389492917	0.0
gold-removed:15250008	gold-removed	none	none	True	False		0.7709526757054028	0.7709526757054028	0.06632490247864523	0.7423217601685782	0.0
none-narrower:1167373005	none-narrower	none	B	False	False		0.9515912671699964	0.015540249594422458	1.8748887241208136	0.9455401755662459	0.0
none-narrower:16320831000119100	none-narrower	none	G	False	False		0.903967721730203	0.03815428434419183	1.742933854495952	0.8919636869464785	0.0
hard:371965009	hard	B	B	True	True	True	0.8461731695737595	0.8461731695737595	0.030065779338049037	0.8269448157704795	0.0
retrieval-miss:82077006	retrieval-miss	none	C	False	False	True	0.502067385130506	0.3658482977031276	0.6608527906926505	0.4398258082718193	0.0
retrieval-miss:723821002	retrieval-miss	none	none	True	False	True	0.9447958614110595	0.9447958614110595	0.0036516624424395103	0.9378953440874421	0.0
none-narrower:195680000	none-narrower	none	none	True	False		0.47021447722294263	0.47021447722294263	0.4470911735912078	0.4039912868758105	0.0
none-narrower:239721001	none-narrower	none	none	True	False		0.8860860355747907	0.8860860355747907	0.016333736438744376	0.8718467900216397	0.0
easy:269469005	easy	H	H	True	True	True	0.93740819035022	0.93740819035022	0.004519410976236786	0.9295842141439975	0.0
easy:126881002	easy	G	none	False	True	False	0.5120579022848264	0.373128220222876	0.6584456553901814	0.45106514007042975	0.0
easy:363385007	easy	F	F	True	True	True	0.6326506890656196	0.6326506890656196	0.17240900877521004	0.5867320251988221	0.0
hard:89142007	hard	B	B	True	True	False	0.925420456179922	0.925420456179922	0.0065241739037886475	0.9160980132024122	0.0
none-narrower:1157157006	none-narrower	none	E	False	False		0.6983819607056516	0.27021538272329165	1.0205769839066916	0.660679705793858	0.0
hard:95797003	hard	A	A	True	True	False	0.9425337024515644	0.9425337024515644	0.003911417879096639	0.9353504152580101	0.0
easy:449790007	easy	F	F	True	True	False	0.811772312411799	0.811772312411799	0.05609096360345983	0.7882438514632739	0.0
none-narrower:402387002	none-narrower	none	none	True	False		0.7696196607425067	0.7696196607425067	0.07922567181095859	0.7408221183353201	0.0
easy:45170000	easy	E	E	True	True	True	0.9250677352345685	0.9250677352345685	0.0067735281724882	0.9157012021388897	0.0
easy:60555002	easy	E	E	True	False	True	0.8969366152236571	0.8969366152236571	0.013804393542222381	0.8840536921266142	0.0
easy:26029002	easy	A	A	True	True	True	0.9397555313454107	0.9397555313454107	0.004349771379825357	0.932224972763587	0.0
easy:44729001	easy	C	C	True	False	True	0.9367177427088944	0.9367177427088944	0.004859997986233234	0.9288074605475062	0.0
easy:109492001	easy	D	D	True	True	False	0.8882159644545983	0.8882159644545983	0.016662630663997997	0.8742429600114232	0.0
easy:66071002	easy	E	E	True	False	True	0.9285263580889873	0.9285263580889873	0.006180129881465027	0.9195921528501108	0.0
easy:5602001	easy	A	A	True	True	True	0.9337674118446526	0.9337674118446526	0.005316425515580182	0.9254883383252341	0.0
easy:720603002	easy	C	C	True	True	False	0.964112485493238	0.964112485493238	0.0014656109474738357	0.9596265461798928	0.0
retrieval-miss:263225007	retrieval-miss	none	none	True	False	True	0.6330138604737037	0.6330138604737037	0.2197499670811811	0.5871405930329167	0.0
easy:68272006	easy	H	H	True	True	True	0.9500035881922686	0.9500035881922686	0.0029307166127215626	0.9437540367163022	0.0
retrieval-miss:124646004	retrieval-miss	none	none	True	False	True	0.6392103680400703	0.6392103680400703	0.1864853541037611	0.594111664045079	0.0
easy:766992008	easy	D	D	True	False	True	0.9276757889525088	0.9276757889525088	0.006480431103075746	0.9186352625715725	0.0
retrieval-miss:118601006	retrieval-miss	none	A	False	False	True	0.9407403878090872	0.017997315603109264	1.8496617741701997	0.9333329362852231	0.0
easy:126736007	easy	G	G	True	True	False	0.90643545105076	0.90643545105076	0.010290311461518726	0.8947398824321049	0.0
hard:414029004	hard	C	C	True	False	True	0.9363522128466079	0.9363522128466079	0.005113831769467826	0.928396239452434	0.0
gold-removed:720639008	gold-removed	none	none	True	False		0.9280282639953136	0.9280282639953136	0.0059157741428536165	0.9190317969947279	0.0
easy:68633000	easy	H	H	True	False	True	0.798018016645553	0.798018016645553	0.05644735208277204	0.7727702687262472	0.0
easy:92559007	easy	H	H	True	True	False	0.9331409738371964	0.9331409738371964	0.005297186098228255	0.9247835955668461	0.0
none-narrower:1179296003	none-narrower	none	B	False	False		0.9438335836986926	0.018056495027238082	1.855332678167247	0.9368127816610292	0.0
none-narrower:1003324007	none-narrower	none	G	False	False		0.720954203169364	0.23811915973803863	1.1005655830755199	0.6860734785655346	0.0
hard:84438001	hard	H	H	True	True	False	0.9318539454701017	0.9318539454701017	0.005739435694448176	0.9233356886538645	0.0
hard:718850008	hard	G	G	True	True	False	0.9532627328982691	0.9532627328982691	0.0025115114041618183	0.9474205745105528	0.0
easy:400171002	easy	B	B	True	False	True	0.9601368974153351	0.9601368974153351	0.0019080279087048172	0.9551540095922522	0.0
none-narrower:312157006	none-narrower	none	H	False	False		0.4491478784999393	0.4491478784999393	0.5114741400278793	0.38029136331243174	0.0
hard:880065001	hard	D	D	True	True	True	0.9656168093100911	0.9656168093100911	0.0013692163776724347	0.9613189104738525	0.0
none-narrower:298591003	none-narrower	none	B	False	False		0.9372343144147464	0.024606349255199157	1.8300615203275385	0.9293886037165896	0.0
easy:425657001	easy	C	C	True	False	True	0.8978227070941421	0.8978227070941421	0.013141546762915558	0.88505054548091	0.0
easy:303063000	easy	D	D	True	False	True	0.7888738970931645	0.7888738970931645	0.05784181719154886	0.7624831342298102	0.0
easy:195889001	easy	B	B	True	True	False	0.9478191993893657	0.9478191993893657	0.0032103364834949705	0.9412965993130363	0.0
hard:93929003	hard	C	C	True	True	False	0.9315957360328487	0.9315957360328487	0.005536632147312955	0.9230452030369549	0.0
easy:34736002	easy	H	H	True	True	False	0.9494732580663893	0.9494732580663893	0.002920572211105487	0.943157415324688	0.0
none-narrower:433891000124100	none-narrower	none	none	True	False		0.5179303980799146	0.5179303980799146	0.32474479678490886	0.45767169783990397	0.0
none-narrower:8442000	none-narrower	none	none	True	False		0.44762917474558517	0.44762917474558517	0.456945070735424	0.37858282158878337	0.0
none-narrower:722529000	none-narrower	none	G	False	False		0.6327923525728177	0.28681956775259304	0.9108588873265566	0.58689139664442	0.0
gold-removed:763713000	gold-removed	none	C	False	False		0.9617186589405443	0.01144444147437694	1.9022540093807931	0.9569334913081124	0.0
retrieval-miss:74333002	retrieval-miss	none	none	True	False	True	0.7552041979865902	0.7552041979865902	0.09408253906910469	0.7246047227349139	0.0
gold-removed:14756005	gold-removed	none	E	False	False		0.4011750452979429	0.29232968195785747	0.7472553203199783	0.3263219259601858	0.0
none-narrower:866097000	none-narrower	none	G	False	False		0.6341394323507548	0.17878905084816887	1.094443128059031	0.5884068613945991	0.0
hard:61758007	hard	E	E	True	True	True	0.9316507646283656	0.9316507646283656	0.005569001280317502	0.9231071102069113	0.0
none-narrower:124141008	none-narrower	none	B	False	False		0.4502657816521559	0.4502657816521559	0.5085774765896045	0.38154900435867545	0.0
none-narrower:823019007	none-narrower	none	none	True	False		0.8175000706479864	0.8175000706479864	0.04405174937636934	0.7946875794789847	0.0
hard:733454004	hard	B	B	True	True	False	0.9512276097824613	0.9512276097824613	0.002860937732053498	0.9451310610052691	0.0
retrieval-miss:128060009	retrieval-miss	none	none	True	False	True	0.7887928442669564	0.7887928442669564	0.0650436215150603	0.7623919498003261	0.0
hard:31993003	hard	A	A	True	True	False	0.9481566441487294	0.9481566441487294	0.003205042387248917	0.9416762246673206	0.0
none-narrower:767031008	none-narrower	none	A	False	False		0.7871320746679111	0.1617122110511635	1.3234931159189345	0.7605235840014	0.0
hard:442917000	hard	A	A	True	True	True	0.9295347373162364	0.9295347373162364	0.006131168672020439	0.9207265794807659	0.0
hard:238031009	hard	A	A	True	True	False	0.6492580554500055	0.6492580554500055	0.1902364860459758	0.6054153123812562	0.0
easy:238014002	easy	F	F	True	True	False	0.8787575537996716	0.8787575537996716	0.02019086262889617	0.8636022480246306	0.0
none-narrower:1196829000	none-narrower	none	D	False	False		0.5807288350101125	0.30835530693978563	0.8207044674298343	0.5283199393863767	0.0
hard:232049001	hard	B	B	True	False	True	0.951058612139703	0.951058612139703	0.0028406651965490553	0.944940938657166	0.0
easy:363380002	easy	F	F	True	False	True	0.9587195111730349	0.9587195111730349	0.001962753645816042	0.9535594500696642	0.0
hard:78975002	hard	E	E	True	True	True	0.9514848853997836	0.9514848853997836	0.0027992820427615384	0.9454204960747566	0.0
gold-removed:254631008	gold-removed	none	G	False	False		0.5065822361635901	0.43243367737243305	0.5797176316903083	0.4449050156840389	0.0
hard:92047003	hard	D	D	True	False	True	0.9396769652683696	0.9396769652683696	0.004331935864159098	0.9321365859269158	0.0
easy:240104008	easy	D	G	False	False	True	0.7070234771324986	0.003255349418114675	1.5367049987161872	0.6704014117740609	0.0
easy:230552007	easy	E	E	True	True	True	0.9371373369371048	0.9371373369371048	0.004651296255579082	0.9292795040542429	0.0
easy:9824006	easy	H	H	True	True	False	0.9371264679639136	0.9371264679639136	0.0045519114167521125	0.929267276459403	0.0
hard:718189004	hard	E	E	True	True	False	0.9614861739412105	0.9614861739412105	0.0017443153551640579	0.9566719456838619	0.0
retrieval-miss:26715006	retrieval-miss	none	none	True	False	True	0.656729328709431	0.656729328709431	0.2069570605751394	0.61382049479811	0.0
hard:402792003	hard	F	F	True	True	False	0.3935979661384327	0.3935979661384327	0.5325561185934842	0.3177977119057368	0.0
retrieval-miss:123953004	retrieval-miss	none	A	False	False	True	0.7392021019060894	0.24414610830706587	1.11782419994607	0.7066023646443507	0.0
hard:22841008	hard	G	G	True	True	False	0.9183250014795574	0.9183250014795574	0.007838693511545626	0.9081156266645021	0.0
easy:91521000119104	easy	H	H	True	True	False	0.9416569426231841	0.9416569426231841	0.003909697824252278	0.9343640604510822	0.0
easy:720408003	easy	H	H	True	True	False	0.9183951264500153	0.9183951264500153	0.00823016802322006	0.9081945172562673	0.0
easy:85828009	easy	E	E	True	True	False	0.9105279113625483	0.9105279113625483	0.011058724426121123	0.8993439002828669	0.0
easy:718609003	easy	A	A	True	True	False	0.9224801656026874	0.9224801656026874	0.007793817383307081	0.9127901863030234	0.0
hard:406446000	hard	B	C	False	True	False	0.6003059286176043	0.12332972449290674	1.16503476199183	0.5503441696948049	0.0
gold-removed:404663008	gold-removed	none	none	True	False		0.8825395441127294	0.8825395441127294	0.017472724489429492	0.8678569871268207	0.0
easy:39452003	easy	G	G	True	True	False	0.9272510612725858	0.9272510612725858	0.006192694440337693	0.9181574439316592	0.0
hard:187716008	hard	C	C	True	False	True	0.9021113519681468	0.9021113519681468	0.012890483371421988	0.8898752709641653	0.0
easy:93390002	easy	E	E	True	True	True	0.4685427974103864	0.4685427974103864	0.42333808028005343	0.40211064708668476	0.0
easy:41309000	easy	F	F	True	True	True	0.933663634374187	0.933663634374187	0.005256504221904571	0.9253715886709605	0.0
none-narrower:1306315009	none-narrower	none	E	False	False		0.7154393333832649	0.09142744857259662	1.3563803821596598	0.679869250056173	0.0
gold-removed:237714006	gold-removed	none	none	True	False		0.6453519804726656	0.6453519804726656	0.17787410273441795	0.6010209780317489	0.0
easy:721221000	easy	G	G	True	False	True	0.9512690373858322	0.9512690373858322	0.0027370337274365787	0.9451776670590614	0.0
none-narrower:16039791000119101	none-narrower	none	none	True	False		0.7479690421129154	0.7479690421129154	0.08472163318777534	0.7164651723770299	0.0
gold-removed:718909001	gold-removed	none	none	True	False		0.7878006727011	0.7878006727011	0.07211577804970064	0.7612757567887375	0.0
hard:79586000	hard	B	B	True	True	False	0.9566754513328165	0.9566754513328165	0.002189403734794322	0.9512598827494186	0.0
retrieval-miss:722429003	retrieval-miss	none	none	True	False	True	0.7689584081335671	0.7689584081335671	0.074707737429636	0.7400782091502631	0.0
easy:205346006	easy	A	A	True	False	True	0.4839440238375825	0.4839440238375825	0.40512589658360965	0.41943702681728035	0.0
hard:363393007	hard	D	D	True	True	True	0.8467179501536527	0.8467179501536527	0.033422219560170295	0.8275576939228594	0.0
none-narrower:234376007	none-narrower	none	C	False	False		0.5781005330014257	0.08654413976735684	1.2392673237152483	0.525363099626604	0.0
easy:609580007	easy	H	H	True	True	True	0.917971093767057	0.917971093767057	0.00808109065925242	0.9077174804879392	0.0
easy:725904009	easy	H	H	True	True	False	0.9474944522444944	0.9474944522444944	0.0031624148017936043	0.9409312587750561	0.0
hard:702417004	hard	H	H	True	True	False	0.9496769669735138	0.9496769669735138	0.002924952509843133	0.9433865878452031	0.0
retrieval-miss:412787009	retrieval-miss	none	none	True	False	True	0.8718457105637479	0.8718457105637479	0.02031083439840099	0.8558264243842165	0.0
hard:29504002	hard	D	E	False	False	True	0.8951569586821403	0.02753142321166334	1.7488785083528617	0.8820515785174079	0.0
hard:45781009	hard	D	D	True	False	True	0.7677525392954746	0.7677525392954746	0.080129944932475	0.738721606707409	0.0
none-narrower:698947004	none-narrower	none	G	False	False		0.7005675744162722	0.23138577281528502	1.0830990601698736	0.6631385212183063	0.0
easy:716660007	easy	A	A	True	False	True	0.9332795254633559	0.9332795254633559	0.005422871265083538	0.9249394661462754	0.0
hard:711499009	hard	C	C	True	True	False	0.943997305285558	0.943997305285558	0.0036432417221020884	0.9369969684462529	0.0
none-narrower:230538005	none-narrower	none	F	False	False		0.3958381147289896	0.3958381147289896	0.5411542710132788	0.32031787907011333	0.0
none-narrower:1231182008	none-narrower	none	E	False	False		0.9474069839523045	0.01320728618405063	1.8717596044022349	0.9408328569463426	0.0
none-narrower:200964008	none-narrower	none	A	False	False		0.6873678086589863	0.265953839363411	1.0120454733018271	0.6482887847413595	0.0
none-narrower:81557008	none-narrower	none	none	True	False		0.5180556576501977	0.5180556576501977	0.34599011936249274	0.4578126148564724	0.0
hard:403938001	hard	E	E	True	False	True	0.8977716258308801	0.8977716258308801	0.013600974392065463	0.8849930790597401	0.0
hard:254164007	hard	E	E	True	True	True	0.9211357079996724	0.9211357079996724	0.007999195153152899	0.9112776714996316	0.0
easy:95588004	easy	D	D	True	True	True	0.9395781858329985	0.9395781858329985	0.00426042387453348	0.9320254590621234	0.0
none-narrower:238991008	none-narrower	none	H	False	False		0.9022330349334565	0.04461075324303867	1.7274533837163508	0.8900121643001387	0.0
easy:699649006	easy	F	F	True	False	True	0.9442094442480593	0.9442094442480593	0.0037772452222403505	0.9372356247790667	0.0
hard:438583008	hard	H	C	False	False	True	0.41110682140331434	0.07209737540619127	1.2063438369624357	0.33749517407872864	0.0
hard:128272009	hard	H	H	True	True	True	0.9216794581577091	0.9216794581577091	0.007491506452328263	0.9118893904274229	0.0
hard:37246009	hard	G	none	False	False	True	0.4076112147838859	0.2535447876348901	0.7667048963745227	0.33356261663187164	0.0
hard:724384008	hard	C	C	True	True	False	0.9640015857799333	0.9640015857799333	0.0015471073186578413	0.959501784002425	0.0
gold-removed:715428003	gold-removed	none	none	True	False		0.8524683616049824	0.8524683616049824	0.02893340155347929	0.8340269068056052	0.0
easy:719210007	easy	F	F	True	True	False	0.9685592293224206	0.9685592293224206	0.0011271462993479294	0.9646291329877231	0.0
easy:402700001	easy	G	G	True	True	False	0.9028911967690512	0.9028911967690512	0.011494633457626777	0.8907525963651826	0.0
gold-removed:416707008	gold-removed	none	none	True	False		0.8730260874290244	0.8730260874290244	0.02322250978927201	0.8571543483576526	0.0
easy:240450004	easy	E	E	True	True	True	0.9406433584548706	0.9406433584548706	0.0041627193652900496	0.9332237782617294	0.0
retrieval-miss:78868004	retrieval-miss	none	H	False	False	True	0.6407966755424698	0.05967096714379007	1.357096802732436	0.5958962599852786	0.0
retrieval-miss:237983002	retrieval-miss	none	none	True	False	True	0.9116311619927111	0.9116311619927111	0.009353670691612671	0.9005850572417999	0.0
none-narrower:1373027001	none-narrower	none	none	True	False		0.8791756527039358	0.8791756527039358	0.01999946979364902	0.8640726092919278	0.0
hard:122811000119101	hard	A	A	True	True	True	0.9481381452157023	0.9481381452157023	0.003163937064660923	0.941655413367665	0.0
easy:237822008	easy	C	C	True	True	True	0.8618474302058878	0.8618474302058878	0.02839307968116234	0.8445783589816238	0.0
easy:16026008	easy	D	D	True	True	False	0.4636623026282658	0.4636623026282658	0.5037039081689962	0.3966200904567991	0.0
gold-removed:763366000	gold-removed	none	none	True	False		0.7983350913048549	0.7983350913048549	0.06782558232022232	0.7731269777179619	0.0
hard:126872008	hard	F	none	False	False	True	0.5811373061388051	0.36148249333502797	0.7470428757106802	0.5287794694061557	0.0
hard:82275008	hard	B	B	True	True	False	0.9502743317798439	0.9502743317798439	0.002882035373994171	0.9440586232523244	0.0
hard:40178009	hard	E	E	True	True	False	0.9484027502965074	0.9484027502965074	0.0030993394791860745	0.941953094083571	0.0
hard:442348004	hard	G	G	True	True	False	0.9186295951220254	0.9186295951220254	0.007979060211712059	0.9084582945122786	0.0
retrieval-miss:57436000	retrieval-miss	none	none	True	False	True	0.8579715447562738	0.8579715447562738	0.02748386831026217	0.8402179878508081	0.0
easy:230381009	easy	E	E	True	True	False	0.9230785817245698	0.9230785817245698	0.00709972854022111	0.9134634044401412	0.0
retrieval-miss:254923001	retrieval-miss	none	none	True	False	True	0.7575264945303928	0.7575264945303928	0.08178053793810817	0.7272173063466919	0.0
hard:229706001	hard	H	H	True	False	True	0.8547875404923277	0.8547875404923277	0.02845006821316017	0.8366359830538687	0.0
hard:765748009	hard	D	D	True	True	True	0.9587824131158987	0.9587824131158987	0.002027008591157413	0.9536302147553862	0.0
none-narrower:237663000	none-narrower	none	none	True	False		0.7116394028852038	0.7116394028852038	0.1262875405063513	0.6755943282458542	0.0
gold-removed:9014002	gold-removed	none	none	True	False		0.7277999721196518	0.7277999721196518	0.10321746524236548	0.6937749686346082	0.0
hard:722859001	hard	H	H	True	True	False	0.9445706254587707	0.9445706254587707	0.0035713352510116187	0.937641953641117	0.0
hard:190502001	hard	G	E	False	False	True	0.8973898541871699	0.032332630886324105	1.7430328584051615	0.8845635859605661	0.0
hard:56905009	hard	B	B	True	True	False	0.9321090535804878	0.9321090535804878	0.0057842819457719465	0.9236226852780489	0.0
easy:23205009	easy	C	C	True	True	False	0.9451126840355136	0.9451126840355136	0.003690347308038798	0.9382517695399529	0.0
hard:13600006	hard	B	B	True	True	False	0.9162927430058184	0.9162927430058184	0.008323935003823892	0.9058293358815458	0.0
none-narrower:399044006	none-narrower	none	E	False	False		0.9062862931890039	0.04481116905327448	1.7342487825386907	0.8945720798376293	0.0
hard:707234001	hard	G	G	True	True	False	0.9444717820332253	0.9444717820332253	0.003579925711310029	0.9375307547873785	0.0
retrieval-miss:124343001	retrieval-miss	none	none	True	False	True	0.8331388454407861	0.8331388454407861	0.03989509418729303	0.8122812011208844	0.0
hard:129104009	hard	C	C	True	False	True	0.7967747956601595	0.7967747956601595	0.05799289324355065	0.7713716451176795	0.0
easy:230500006	easy	F	F	True	True	True	0.9455510806631666	0.9455510806631666	0.003928312685519547	0.9387449657460625	0.0
none-narrower:10752601000119104	none-narrower	none	D	False	False		0.6674830182917201	0.30254351477277347	0.9322586244873936	0.6259183955781852	0.0
easy:763069002	easy	G	G	True	True	False	0.9451579740367121	0.9451579740367121	0.0034069611196575465	0.9383027207913012	0.0
hard:240062007	hard	E	E	True	True	True	0.9175218082749043	0.9175218082749043	0.008314398746711209	0.9072120343092674	0.0
none-narrower:202674000	none-narrower	none	none	True	False		0.5570598312351734	0.5570598312351734	0.3612159129122513	0.5016923101395702	0.0
retrieval-miss:45414006	retrieval-miss	none	none	True	False	True	0.7600792639439398	0.7600792639439398	0.07031674733948631	0.7300891719369322	0.0
hard:702344008	hard	D	D	True	True	True	0.9506698161613839	0.9506698161613839	0.0029272204533033583	0.944503543181557	0.0
easy:764100007	easy	A	A	True	True	False	0.9430153147135402	0.9430153147135402	0.003876613302670014	0.9358922290527328	0.0
easy:386810004	easy	A	A	True	True	False	0.9461505501676266	0.9461505501676266	0.0037037626111114832	0.9394193689385799	0.0
retrieval-miss:57119000	retrieval-miss	none	none	True	False	True	0.6272552984649924	0.6272552984649924	0.2502984465179654	0.5806622107731164	0.0
easy:254666005	easy	B	B	True	True	True	0.7766616178420153	0.7766616178420153	0.08508485726031181	0.7487443200722673	0.0
hard:398102009	hard	A	A	True	True	False	0.669999850370154	0.669999850370154	0.20131092674349244	0.6287498316664233	0.0
retrieval-miss:275498002	retrieval-miss	none	H	False	False	True	0.8032375271297433	0.1408668176124581	1.3843679539463407	0.7786422180209613	0.0
gold-removed:445014002	gold-removed	none	E	False	False		0.8583565398376755	0.0799301248448984	1.584335457480007	0.840651107317385	0.0
none-narrower:703279003	none-narrower	none	none	True	False		0.8299658842305776	0.8299658842305776	0.03623738336209918	0.8087116197593999	0.0
easy:87696004	easy	B	B	True	True	False	0.9592600335808844	0.9592600335808844	0.0019416284243177072	0.9541675377784951	0.0
easy:268232000	easy	H	H	True	True	False	0.9261503784868343	0.9261503784868343	0.006479634488011887	0.9169191757976887	0.0
hard:48723006	hard	E	E	True	True	True	0.9101784198909193	0.9101784198909193	0.010113010092699798	0.8989507223772842	0.0
easy:41565005	easy	G	G	True	True	False	0.8639147965916026	0.8639147965916026	0.021916878969581596	0.8469041461655531	0.0
hard:702380008	hard	F	F	True	True	False	0.8811714230614341	0.8811714230614341	0.019516574824522882	0.8663178509441135	0.0
none-narrower:34126003	none-narrower	none	G	False	False		0.7756465110659524	0.09912145958010979	1.420902893619671	0.7476023249491965	0.0
easy:723508002	easy	A	A	True	True	False	0.9589853420954407	0.9589853420954407	0.002021201742163708	0.953858509857371	0.0
retrieval-miss:193523008	retrieval-miss	none	D	False	False	True	0.6527386434377109	0.2958604624210887	0.9224772724568149	0.6093309738674247	0.0
retrieval-miss:59531002	retrieval-miss	none	none	True	False	True	0.7265971137052479	0.7265971137052479	0.09826307515265896	0.692421752918404	0.0
none-narrower:707351006	none-narrower	none	C	False	False		0.7887636711413396	0.16204742524487611	1.3250489051066783	0.7623591300340071	0.0
easy:26460006	easy	F	F	True	True	False	0.9489989840814228	0.9489989840814228	0.0033408156779035814	0.9426238570916007	0.0
retrieval-miss:34730008	retrieval-miss	none	none	True	False	True	0.6240748416638203	0.6240748416638203	0.2065228116071628	0.577084196871798	0.0
easy:73415002	easy	B	B	True	True	False	0.9528212949192539	0.9528212949192539	0.002643585404598025	0.9469239567841607	0.0
retrieval-miss:414667000	retrieval-miss	none	F	False	False	True	0.9597629797374657	0.009749448373441673	1.9019097225871708	0.954733352204649	0.0
hard:307496006	hard	F	F	True	True	False	0.7465783418664205	0.7465783418664205	0.09919784591290362	0.714900634599723	0.0
hard:404041003	hard	C	C	True	True	True	0.8738173025458152	0.8738173025458152	0.019892367653262754	0.8580444653640422	0.0
easy:720459002	easy	G	G	True	False	True	0.9271865195228757	0.9271865195228757	0.006121745499749044	0.9180848344632351	0.0
easy:79291003	easy	H	H	True	True	False	0.9113065914874916	0.9113065914874916	0.009598593405211528	0.900219915423428	0.0
easy:254825007	easy	E	E	True	False	True	0.9246794315179908	0.9246794315179908	0.007062569183627505	0.9152643604577397	0.0
none-narrower:1197357008	none-narrower	none	H	False	False		0.9500527478097459	0.013244170576471518	1.876516561420598	0.9438093412859643	0.0
easy:92197001	easy	C	C	True	True	True	0.9541274751136497	0.9541274751136497	0.0024463643910438418	0.9483934095028559	0.0
hard:722454003	hard	E	E	True	True	True	0.9256731288963571	0.9256731288963571	0.006994909400111103	0.9163822700084018	0.0
easy:722451006	easy	A	A	True	True	False	0.9541737740023172	0.9541737740023172	0.002455260401562743	0.948445495752607	0.0
easy:722282008	easy	H	H	True	True	False	0.9458804701156576	0.9458804701156576	0.003497927536445055	0.9391155288801147	0.0
none-narrower:1340188003	none-narrower	none	A	False	False		0.6913362320530585	0.19491511720728216	1.1308426427674325	0.6527532610596908	0.0
retrieval-miss:398049005	retrieval-miss	none	none	True	False	True	0.8703082069072018	0.8703082069072018	0.022615668742631545	0.8540967327706022	0.0
gold-removed:231536004	gold-removed	none	C	False	False		0.6355745215824522	0.3374773317974455	0.8430355550268862	0.5900213367802587	0.0
hard:233728004	hard	C	C	True	False	True	0.8873348196283903	0.8873348196283903	0.0162956071994521	0.8732516720819391	0.0
retrieval-miss:128598002	retrieval-miss	none	none	True	False	True	0.8850453241595728	0.8850453241595728	0.016815209217191925	0.8706759896795194	0.0
easy:703267003	easy	D	D	True	True	True	0.9606457043949863	0.9606457043949863	0.0018181771018914348	0.9557264174443596	0.0
retrieval-miss:234541006	retrieval-miss	none	none	True	False	True	0.7177787999992694	0.7177787999992694	0.1363091969652438	0.6825011499991782	0.0
easy:13920009	easy	F	F	True	True	False	0.9500708841723763	0.9500708841723763	0.0029445981819033527	0.9438297446939234	0.0
easy:92109005	easy	D	D	True	True	True	0.9615342186667598	0.9615342186667598	0.001709387414977283	0.9567259960001049	0.0
easy:17322007	easy	D	D	True	True	False	0.916163064253529	0.916163064253529	0.009308465401092059	0.9056834472852201	0.0
hard:407476002	hard	H	H	True	True	True	0.9465154714017284	0.9465154714017284	0.0032513470297860737	0.9398299053269445	0.0
none-narrower:737209002	none-narrower	none	F	False	False		0.5139471472663442	0.438720564009941	0.5798632705636005	0.4531905406746372	0.0
easy:254915003	easy	A	A	True	True	False	0.9463590992816739	0.9463590992816739	0.0033650945189000712	0.9396539866918832	0.0
easy:307576001	easy	C	C	True	True	False	0.9333930867248423	0.9333930867248423	0.005586509188310231	0.9250672225654476	0.0
hard:7573000	hard	D	H	False	True	False	0.9434632753211903	0.01315230869977431	1.8642867402233694	0.9363961847363392	0.0
none-narrower:737220002	none-narrower	none	D	False	False		0.4854372525215628	0.35373015679137515	0.6587980053725635	0.42111690908675814	0.0
gold-removed:240119009	gold-removed	none	none	True	False		0.7757635293834767	0.7757635293834767	0.06528368800977358	0.7477339705564114	0.0
retrieval-miss:74969002	retrieval-miss	none	E	False	False	True	0.6325439618863706	0.2867069897858859	0.9124711066003973	0.586611957122167	0.0
retrieval-miss:87872006	retrieval-miss	none	D	False	False	True	0.9532154971450785	0.011343254574142071	1.8863155472626976	0.9473674342882134	0.0
none-narrower:277643003	none-narrower	none	none	True	False		0.8183311113444013	0.8183311113444013	0.04043697113269211	0.7956225002624515	0.0
gold-removed:24526004	gold-removed	none	none	True	False		0.9371907166255151	0.9371907166255151	0.004544421472608019	0.9293395562037045	0.0
easy:419039007	easy	H	H	True	True	False	0.9424196381921525	0.9424196381921525	0.0038902415241186634	0.9352220929661716	0.0
hard:76802005	hard	G	G	True	False	True	0.9041827118478672	0.9041827118478672	0.010932493401435789	0.8922055508288508	0.0
none-narrower:735549008	none-narrower	none	G	False	False		0.9330445152161084	0.020910811901755345	1.8297562055697565	0.924675079618122	0.0
hard:109041000119107	hard	A	A	True	True	False	0.9314452642702622	0.9314452642702622	0.0059408527868838575	0.9228759223040449	0.0
easy:26111005	easy	G	G	True	True	False	0.8281293059008997	0.8281293059008997	0.045438978915201066	0.8066454691385123	0.0
easy:42930003	easy	G	G	True	True	False	0.9185699745219597	0.9185699745219597	0.007905797917873882	0.9083912213372047	0.0
hard:91662004	hard	D	D	True	True	False	0.946846588519221	0.946846588519221	0.003287472091198962	0.9402024120841236	0.0
hard:446995005	hard	C	C	True	True	False	0.9586856622294403	0.9586856622294403	0.0020218245614243902	0.9535213700081204	0.0
none-narrower:428172002	none-narrower	none	C	False	False		0.6304476151085361	0.33475496735625954	0.8402452139100542	0.5842535669971031	0.0
hard:363469001	hard	D	D	True	False	True	0.8741802161143739	0.8741802161143739	0.02284289157788363	0.8584527431286706	0.0
easy:266257000	easy	G	G	True	False	True	0.9398203445421894	0.9398203445421894	0.0042456746135087625	0.9322978876099632	0.0
easy:27536004	easy	A	A	True	True	False	0.9281314813052687	0.9281314813052687	0.006543375405667589	0.9191479164684274	0.0
easy:77157004	easy	C	C	True	True	False	0.6967558508794715	0.6967558508794715	0.16487761732868278	0.6588503322394055	0.0
hard:189130001	hard	C	A	False	False	True	0.6254366989220319	0.058240650604392825	1.358816172408838	0.5786162862872859	0.0
gold-removed:126958000	gold-removed	none	none	True	False		0.7176467236874969	0.7176467236874969	0.11313985401899726	0.6823525641484341	0.0
easy:253737007	easy	F	F	True	True	False	0.9584072887969064	0.9584072887969064	0.002002129312936573	0.9532081998965197	0.0
retrieval-miss:234411007	retrieval-miss	none	none	True	False	True	0.9144738924420408	0.9144738924420408	0.008873597813899079	0.9037831289972958	0.0
hard:763348005	hard	C	C	True	True	False	0.9652951703097852	0.9652951703097852	0.0013955615212624503	0.9609570665985083	0.0
none-narrower:109272006	none-narrower	none	none	True	False		0.8177883314768382	0.8177883314768382	0.04934522509302774	0.7950118729114429	0.0
hard:235828008	hard	B	B	True	False	True	0.9489145454616486	0.9489145454616486	0.003292333632617546	0.9425288636443546	0.0
none-narrower:18040001	none-narrower	none	C	False	False		0.886292470305821	0.04382258220494093	1.701856166406988	0.8720790290940487	0.0
easy:87694001	easy	C	C	True	True	True	0.9349547794274627	0.9349547794274627	0.005548701486515748	0.9268241268558957	0.0
hard:699297004	hard	G	G	True	True	False	0.931680186316521	0.931680186316521	0.005532999428773472	0.9231402096060863	0.0
none-narrower:871745001	none-narrower	none	B	False	False		0.7063823196087505	0.2733108919051024	1.0272040730904106	0.6696801095598445	0.0
gold-removed:193411004	gold-removed	none	A	False	False		0.5789842269219376	0.360143313381203	0.7458316424942972	0.5263572552871799	0.0
hard:72000004	hard	E	E	True	True	False	0.9557159614555862	0.9557159614555862	0.002272300008989639	0.9501804566375346	0.0
retrieval-miss:77323000	retrieval-miss	none	F	False	False	True	0.7560127559442076	0.11317835254019222	1.3708873272631417	0.7255143504372336	0.0
retrieval-miss:370999003	retrieval-miss	none	none	True	False	True	0.7782644075489625	0.7782644075489625	0.07117519217974394	0.750547458492583	0.0
retrieval-miss:254588001	retrieval-miss	none	F	False	False	True	0.4020148816152235	0.15554613217713473	1.0373742754514144	0.32726674181712645	0.0
easy:192782005	easy	E	E	True	False	True	0.9595426127472926	0.9595426127472926	0.0018773504164633968	0.9544854393407042	0.0
retrieval-miss:717917007	retrieval-miss	none	none	True	False	True	0.7029294739560356	0.7029294739560356	0.16235258416127335	0.6657956582005401	0.0
none-narrower:1237225007	none-narrower	none	A	False	False		0.9337867573968912	0.02871951782917631	1.8156328350725222	0.9255101020715026	0.0
easy:718720007	easy	D	D	True	True	False	0.962260635811975	0.962260635811975	0.0016495822963040001	0.9575432152884719	0.0
easy:373436002	easy	H	H	True	False	True	0.5729546019206787	0.5729546019206787	0.31160618679705376	0.5195739271607636	0.0
retrieval-miss:789657008	retrieval-miss	none	none	True	False	True	0.923915958073578	0.923915958073578	0.00687622124437021	0.9144054528327753	0.0
hard:363402007	hard	G	G	True	True	True	0.8737289169520369	0.8737289169520369	0.01884996844307079	0.8579450315710416	0.0
easy:127230005	easy	D	B	False	False	True	0.7850455360000947	0.020610750545245343	1.6018292198646176	0.7581762280001065	0.0
easy:124322002	easy	B	G	False	True	False	0.7801693996287937	0.07264935414332531	1.4757790620098377	0.752690574582393	0.0
easy:446079007	easy	G	G	True	True	False	0.9519025182848473	0.9519025182848473	0.0026452821596079997	0.9458903330704532	0.0
hard:718717004	hard	C	C	True	True	False	0.9699091661224145	0.9699091661224145	0.0010447856273394242	0.9661478118877165	0.0
easy:58213005	easy	C	C	True	True	False	0.9681647445682096	0.9681647445682096	0.0011638236442275385	0.9641853376392358	0.0
retrieval-miss:271807003	retrieval-miss	none	none	True	False	True	0.6956805228635378	0.6956805228635378	0.11409428679913011	0.6576405882214801	0.0
easy:17024001	easy	C	C	True	True	False	0.9134914551189045	0.9134914551189045	0.010557787854027955	0.9026778870087677	0.0
hard:17226007	hard	D	D	True	True	False	0.958430553286498	0.958430553286498	0.0020098193488930337	0.9532343724473104	0.0
hard:90935002	hard	G	G	True	True	False	0.9054699235657286	0.9054699235657286	0.010587253797744436	0.8936536640114447	0.0
retrieval-miss:56975005	retrieval-miss	none	none	True	False	True	0.8744738835376535	0.8744738835376535	0.02272108123425817	0.8587831189798603	0.0
retrieval-miss:765216006	retrieval-miss	none	none	True	False	True	0.6833968282433409	0.6833968282433409	0.14005412182016386	0.6438214317737585	0.0
hard:711403001	hard	E	E	True	False	True	0.5829677142321098	0.5829677142321098	0.30646733017458355	0.5308386785111235	0.0
easy:8635005	easy	A	A	True	True	False	0.9522260259603038	0.9522260259603038	0.0026712744221488653	0.9462542792053419	0.0
easy:36948007	easy	B	B	True	True	False	0.9055590012962365	0.9055590012962365	0.011522918934359104	0.893753876458266	0.0
hard:732252005	hard	F	F	True	False	True	0.969415208575988	0.969415208575988	0.0010898243282072481	0.9655921096479865	0.0
none-narrower:1306326003	none-narrower	none	none	True	False		0.6055599737338224	0.6055599737338224	0.2622348518085947	0.5562549704505503	0.0
hard:79886009	hard	H	H	True	True	False	0.9435783935819397	0.9435783935819397	0.0037220702828248825	0.9365256927796822	0.0
hard:203045001	hard	G	G	True	True	True	0.9263250835119126	0.9263250835119126	0.00643239536218705	0.9171157189509016	0.0
retrieval-miss:82800008	retrieval-miss	none	D	False	False	True	0.9126817266375916	0.020454452304359366	1.794636578412491	0.9017669424672907	0.0
gold-removed:33168009	gold-removed	none	A	False	False		0.414095770486548	0.414095770486548	0.5404708421801785	0.3408577417973665	0.0
none-narrower:723363009	none-narrower	none	C	False	False		0.9447829540226125	0.011242906173079197	1.8706788262838996	0.937880823275439	0.0
none-narrower:1163472000	none-narrower	none	none	True	False		0.8195647267150927	0.8195647267150927	0.040754216286662086	0.7970103175544793	0.0
gold-removed:7522008	gold-removed	none	none	True	False		0.879313307790967	0.879313307790967	0.01743257073205375	0.8642274712648378	0.0
retrieval-miss:230572002	retrieval-miss	none	C	False	False	True	0.6301234020277261	0.28560983370894094	0.9111457877077174	0.583888827281192	0.0
gold-removed:720604008	gold-removed	none	none	True	False		0.875055912654874	0.875055912654874	0.018867563748731834	0.8594379017367333	0.0
none-narrower:50927007	none-narrower	none	none	True	False		0.5853694197914117	0.5853694197914117	0.22661758616622207	0.5335405972653382	0.0
hard:718608006	hard	A	A	True	True	False	0.9364070446694898	0.9364070446694898	0.0049425713591700095	0.928457925253176	0.0
easy:363379000	easy	B	B	True	True	True	0.8744399291194809	0.8744399291194809	0.020882620917809493	0.858744920259416	0.0
gold-removed:254627002	gold-removed	none	none	True	False		0.5505508885332797	0.5505508885332797	0.2974454954884066	0.49436974959993973	0.0
hard:232006002	hard	C	C	True	True	False	0.9672991514532341	0.9672991514532341	0.001230277604372139	0.9632115453848883	0.0
hard:129639005	hard	D	D	True	True	False	0.9602243026010768	0.9602243026010768	0.0018540876362767781	0.9552523404262114	0.0
hard:126980002	hard	F	F	True	True	False	0.520614348050721	0.520614348050721	0.35064169410475204	0.4606911415570612	0.0
retrieval-miss:718691008	retrieval-miss	none	D	False	False	True	0.5931065378527258	0.36892771380163925	0.7503676692083503	0.5422448550843166	0.0
retrieval-miss:234110002	retrieval-miss	none	none	True	False	True	0.926455061885863	0.926455061885863	0.006607614903814136	0.917261944621596	0.0
none-narrower:472699005	none-narrower	none	C	False	False		0.5149516032936275	0.4395779185903967	0.5802039583420436	0.45432055370533103	0.0
gold-removed:726708009	gold-removed	none	none	True	False		0.9370868454042756	0.9370868454042756	0.00465097639586569	0.92922270107981	0.0
easy:83482000	easy	F	F	True	True	False	0.9671790728328955	0.9671790728328955	0.0012526586945645125	0.9630764569370074	0.0
hard:254837009	hard	F	F	True	True	False	0.9252269656334402	0.9252269656334402	0.006691257199927944	0.9158803363376202	0.0
retrieval-miss:4945003	retrieval-miss	none	F	False	False	True	0.4872180840297835	0.4872180840297835	0.500529180512537	0.4231203445335065	0.0
easy:718210003	easy	D	D	True	True	False	0.9590789035264607	0.9590789035264607	0.0019309154112100602	0.9539637664672684	0.0
gold-removed:719253007	gold-removed	none	C	False	False		0.6742295810041484	0.3056014343160835	0.9368646574062934	0.6335082786296671	0.0
retrieval-miss:722055008	retrieval-miss	none	none	True	False	True	0.738329883164097	0.738329883164097	0.09677239608522356	0.7056211185596091	0.0
easy:763127004	easy	A	A	True	True	False	0.9543299833918533	0.9543299833918533	0.002507914607828681	0.9486212313158349	0.0
retrieval-miss:312912001	retrieval-miss	none	H	False	False	True	0.36032646715980154	0.307585390966475	0.7040522011291962	0.28036727555477675	0.0
hard:41799005	hard	A	A	True	True	False	0.9080718212001474	0.9080718212001474	0.011544581245992766	0.896580798850166	0.0
hard:764999002	hard	H	H	True	False	True	0.9361868788186589	0.9361868788186589	0.004680394637242208	0.9282102386709913	0.0
easy:66695004	easy	H	H	True	False	True	0.9131765233651992	0.9131765233651992	0.010617129992757183	0.9023235887858491	0.0
easy:404056007	easy	F	F	True	True	False	0.9539567785085293	0.9539567785085293	0.002529681242900792	0.9482013758220956	0.0
retrieval-miss:388980004	retrieval-miss	none	A	False	False	True	0.8110235865085543	0.04697694642512157	1.5749079219627218	0.7874015348221237	0.0
none-narrower:1162558000	none-narrower	none	none	True	False		0.8159945987024604	0.8159945987024604	0.04542075824820238	0.7929939235402679	0.0
easy:4887000	easy	A	A	True	False	True	0.949893828808319	0.949893828808319	0.0029263817568698815	0.9436305574093589	0.0
retrieval-miss:234619000	retrieval-miss	none	H	False	False	True	0.886023725714365	0.03192311896913813	1.725026054944072	0.8717766914286607	0.0
retrieval-miss:715771008	retrieval-miss	none	D	False	False	True	0.9525004499151939	0.015555093274648043	1.876559349156265	0.9465630061545931	0.0
retrieval-miss:186217006	retrieval-miss	none	none	True	False	True	0.9060432996760011	0.9060432996760011	0.011442710630745208	0.8942987121355012	0.0
hard:715755008	hard	E	E	True	True	False	0.9570554625355404	0.9570554625355404	0.0021576241393730555	0.951687395352483	0.0
hard:126703006	hard	E	B	False	False	True	0.7283262757162359	0.010153203599306075	1.5538603394544692	0.6943670601807653	0.0
none-narrower:48309007	none-narrower	none	G	False	False		0.8992083765176204	0.07147804612471113	1.6708943524464042	0.886609423582323	0.0
easy:37272000	easy	G	G	True	True	False	0.9475720816086307	0.9475720816086307	0.003130360625116815	0.9410185918097097	0.0
none-narrower:763312008	none-narrower	none	B	False	False		0.9483776003593525	0.011285684988726572	1.8773367353207675	0.9419248004042715	0.0
easy:88092000	easy	F	F	True	False	True	0.8950624340574275	0.8950624340574275	0.01631942775063598	0.881945238314606	0.0
none-narrower:1340174002	none-narrower	none	G	False	False		0.9126576955213629	0.014904432531534081	1.8051014966285168	0.9017399074615333	0.0
hard:92336000	hard	H	H	True	True	False	0.9464658290093244	0.9464658290093244	0.003324113454210435	0.9397740576354899	0.0
retrieval-miss:16140007	retrieval-miss	none	H	False	False	True	0.9129471965253089	0.028078581473878667	1.7790739707613472	0.9020655960909725	0.0
none-narrower:403632002	none-narrower	none	F	False	False		0.8779892331624938	0.09577727710169297	1.5886321914426573	0.8627378873078057	0.0
retrieval-miss:363398003	retrieval-miss	none	C	False	False	True	0.6646748478322319	0.25717358256085876	0.996534091859125	0.6227592038112609	0.0
hard:426055002	hard	A	A	True	True	False	0.950784042645482	0.950784042645482	0.002867434814037955	0.9446320479761674	0.0
none-narrower:716194005	none-narrower	none	H	False	False		0.9444042438993419	0.009593433913715407	1.8731765450774263	0.9374547743867596	0.0
none-narrower:94660006	none-narrower	none	C	False	False		0.6686227855044102	0.22083494793307162	1.061612735035685	0.6272006336924615	0.0
hard:190785000	hard	D	D	True	True	False	0.7833287568870378	0.7833287568870378	0.0735870225557849	0.7562448514979176	0.0
hard:92385005	hard	B	B	True	True	True	0.8943230948009775	0.8943230948009775	0.013749653917764912	0.8811134816510997	0.0
none-narrower:289474006	none-narrower	none	none	True	False		0.710016464566933	0.710016464566933	0.11466172268769381	0.6737685226377997	0.0
easy:238763007	easy	E	E	True	True	False	0.9128928059353314	0.9128928059353314	0.009465342367372096	0.9020044066772478	0.0
retrieval-miss:363009005	retrieval-miss	none	none	True	False	True	0.891431897717847	0.891431897717847	0.014151114958886483	0.8778608849325779	0.0
none-narrower:133091000119105	none-narrower	none	none	True	False		0.7613614752050963	0.7613614752050963	0.08334332637428894	0.7315316596057334	0.0
gold-removed:92697000	gold-removed	none	none	True	False		0.3592781438182832	0.3592781438182832	0.5988523660549732	0.2791879117955686	0.0
hard:192781003	hard	H	H	True	True	False	0.9184882235939055	0.9184882235939055	0.007974586964081475	0.9082992515431437	0.0
easy:711480000	easy	H	H	True	True	False	0.750630772085525	0.750630772085525	0.10729354186413496	0.7194596185962155	0.0
hard:254709009	hard	F	D	False	False	True	0.9518195565185906	0.006014220728529975	1.8943414703182244	0.9457970010834146	0.0
retrieval-miss:716338001	retrieval-miss	none	B	False	False	True	0.7366802666486174	0.2076993779925885	1.1712586472718969	0.7037652999796946	0.0
easy:14535005	easy	F	F	True	True	False	0.9635045507620789	0.9635045507620789	0.0015758138464880183	0.9589426196073388	0.0
easy:734029004	easy	E	E	True	True	True	0.9538735098449529	0.9538735098449529	0.0025234769759177426	0.948107698575572	0.0
none-narrower:707750005	none-narrower	none	none	True	False		0.5197982210084501	0.5197982210084501	0.30896929931748945	0.4597729986345064	0.0
none-narrower:12240951000119107	none-narrower	none	A	False	False		0.8507089212811201	0.06762282934808868	1.5951157477495133	0.8320475364412601	0.0
easy:715801001	easy	F	F	True	True	False	0.9696250573739328	0.9696250573739328	0.0010564250038146694	0.9658281895456745	0.0
hard:94140004	hard	G	none	False	True	True	0.4485594232414549	0.3268579069830267	0.6706319552472289	0.3796293511466368	0.0
none-narrower:276682008	none-narrower	none	none	True	False		0.42060949756102606	0.42060949756102606	0.49812131147527927	0.34818568475615436	0.0
retrieval-miss:726672000	retrieval-miss	none	none	True	False	True	0.9321614263111087	0.9321614263111087	0.005692675661502825	0.9236816045999973	0.0
easy:717254007	easy	B	B	True	True	False	0.9539640270564943	0.9539640270564943	0.0025688067178615353	0.9482095304385562	0.0
retrieval-miss:105597003	retrieval-miss	none	C	False	False	True	0.3492432953138165	0.29812442164405073	0.6651345377907848	0.26789870722804354	0.0
easy:68779003	easy	E	E	True	True	False	0.9350560741031485	0.9350560741031485	0.005282583823251294	0.9269380833660422	0.0
none-narrower:1144544008	none-narrower	none	none	True	False		0.6560288510323969	0.6560288510323969	0.20741958892842832	0.6130324574114466	0.0
hard:28189009	hard	C	C	True	True	False	0.958102313582334	0.958102313582334	0.002016621597517271	0.9528651027801258	0.0
easy:237091009	easy	C	C	True	True	False	0.9444679384854461	0.9444679384854461	0.00373384685191967	0.937526430796127	0.0
easy:45116002	easy	E	E	True	True	False	0.9563337058438314	0.9563337058438314	0.002290455539506404	0.9508754190743104	0.0
hard:29928006	hard	H	H	True	False	True	0.9222374818826388	0.9222374818826388	0.007510332376648627	0.9125171671179687	0.0
gold-removed:51254007	gold-removed	none	none	True	False		0.8878125746921921	0.8878125746921921	0.01960215404877883	0.8737891465287161	0.0
gold-removed:235825006	gold-removed	none	B	False	False		0.5523321667329296	0.34356494701324164	0.7453735685406464	0.49637368757454586	0.0
hard:47277009	hard	H	H	True	True	False	0.9385670922037008	0.9385670922037008	0.004430058266651963	0.9308879787291634	0.0
gold-removed:766818009	gold-removed	none	H	False	False		0.6112119473905624	0.3245412791356886	0.8310488128134024	0.5626134408143827	0.0
hard:408643008	hard	A	A	True	False	True	0.9198623969519968	0.9198623969519968	0.007751654149295405	0.9098451965709964	0.0
easy:254219004	easy	G	G	True	True	False	0.9258845204437081	0.9258845204437081	0.006370568394021161	0.9166200854991715	0.0
hard:702397002	hard	G	G	True	True	False	0.9291309318637373	0.9291309318637373	0.005780687362521068	0.9202722983467044	0.0
retrieval-miss:240820001	retrieval-miss	none	B	False	False	True	0.9033727836383403	0.0718090886106076	1.6777764471096634	0.8912943815931328	0.0
gold-removed:720495005	gold-removed	none	none	True	False		0.9090360380426873	0.9090360380426873	0.009892470167471025	0.8976655427980234	0.0
none-narrower:145501000119108	none-narrower	none	C	False	False		0.721201662725928	0.20333533795638833	1.1573590648004344	0.6863518705666691	0.0
hard:715530004	hard	E	E	True	False	True	0.9570842226145369	0.9570842226145369	0.0021406570414994643	0.9517197504413539	0.0
hard:102449007	hard	G	G	True	True	False	0.9487370967739377	0.9487370967739377	0.0030251899571538078	0.9423292338706799	0.0
easy:363373004	easy	A	A	True	False	True	0.8788447766459934	0.8788447766459934	0.021802027825303043	0.8637003737267427	0.0
hard:205473008	hard	C	C	True	True	False	0.9377367205156079	0.9377367205156079	0.00459439488848733	0.929953810580059	0.0
easy:312104005	easy	C	C	True	False	True	0.6763240718652824	0.6763240718652824	0.1362044181923813	0.6358645808484429	0.0
easy:63175003	easy	A	A	True	False	True	0.9180577419081518	0.9180577419081518	0.008546406201889983	0.9078149596466709	0.0
hard:363493006	hard	C	C	True	True	True	0.9028622794633032	0.9028622794633032	0.011831713845275423	0.8907200643962161	0.0
retrieval-miss:399955009	retrieval-miss	none	G	False	False	True	0.46810740143644214	0.3411021982046211	0.6659624850247052	0.40162082661599746	0.0
retrieval-miss:27240009	retrieval-miss	none	none	True	False	True	0.9359578632120811	0.9359578632120811	0.0047187260266271895	0.9279525961135912	0.0
none-narrower:1343511009	none-narrower	none	G	False	False		0.738044594001053	0.1776267194035283	1.2226590230315995	0.7053001682511848	0.0
hard:1489008	hard	E	E	True	False	True	0.9448842017851304	0.9448842017851304	0.0037285332573251196	0.9379947270082717	0.0
easy:234576008	easy	C	C	True	True	False	0.9604866697812319	0.9604866697812319	0.0017812767743756108	0.955547503503886	0.0
easy:124267007	easy	C	C	True	False	True	0.8723679372907104	0.8723679372907104	0.023340395771227974	0.8564139294520493	0.0
hard:724142005	hard	A	A	True	False	True	0.9499998274183837	0.9499998274183837	0.002997455650720249	0.9437498058456818	0.0
easy:717632002	easy	E	E	True	True	False	0.951567543734918	0.951567543734918	0.0027805273627148977	0.9455134867017828	0.0
easy:733447005	easy	H	H	True	True	False	0.9481906130783936	0.9481906130783936	0.003129021529484904	0.9417144397131929	0.0
gold-removed:719172003	gold-removed	none	none	True	False		0.5487337754751725	0.5487337754751725	0.3643954082809825	0.49232549740956916	0.0
none-narrower:705128004	none-narrower	none	B	False	False		0.8474154843518821	0.10829294319788649	1.513737257084177	0.8283424198958674	0.0
gold-removed:126804008	gold-removed	none	E	False	False		0.9562503567096751	0.013330567589781918	1.8881636266747566	0.9507816512983845	0.0
gold-removed:50923006	gold-removed	none	none	True	False		0.6629265177078532	0.6629265177078532	0.20424541304416505	0.6207923324213348	0.0
gold-removed:95413004	gold-removed	none	none	True	False		0.8787196243844247	0.8787196243844247	0.019076676533865126	0.8635595774324779	0.0
easy:6729006	easy	A	A	True	True	True	0.9466342382120086	0.9466342382120086	0.0033295853735915504	0.9399635179885099	0.0
easy:763793004	easy	H	H	True	False	True	0.9298572226111645	0.9298572226111645	0.005844588248327069	0.9210893754375601	0.0
easy:715342005	easy	F	F	True	True	False	0.9602017835769316	0.9602017835769316	0.0018288300729356693	0.9552270065240481	0.0
retrieval-miss:403901001	retrieval-miss	none	F	False	False	True	0.9551502405701389	0.009702593000911117	1.8932179750358715	0.9495440206414062	0.0
hard:187151009	hard	D	D	True	True	False	0.9059934702862885	0.9059934702862885	0.0114244924636673	0.8942426540720747	0.0
gold-removed:155441006	gold-removed	none	F	False	False		0.5928746165057476	0.06467495962288372	1.3255997222936482	0.5419839435689661	0.0
easy:50869007	easy	B	B	True	False	True	0.9336651601646593	0.9336651601646593	0.0052057875856038795	0.9253733051852416	0.0
hard:73237007	hard	G	G	True	True	False	0.9097332405558662	0.9097332405558662	0.009832459326306322	0.8984498956253495	0.0
hard:763529005	hard	G	G	True	True	False	0.9504460165947934	0.9504460165947934	0.002822066901331101	0.9442517686691426	0.0
gold-removed:128869009	gold-removed	none	B	False	False		0.8495977162153034	0.1271884176548322	1.4837835149325163	0.8307974307422163	0.0
gold-removed:22199006	gold-removed	none	none	True	False		0.8842384517494283	0.8842384517494283	0.01556784600187065	0.8697682582181069	0.0
easy:254790003	easy	D	D	True	True	False	0.9404625110814677	0.9404625110814677	0.0045307695218014055	0.9330203249666512	0.0
hard:126677000	hard	B	B	True	True	False	0.8731820627004194	0.8731820627004194	0.020218506347720884	0.8573298205379718	0.0
retrieval-miss:56688005	retrieval-miss	none	D	False	False	True	0.9072873201789831	0.06156396857105909	1.7040703656521163	0.8956982352013559	0.0
easy:202882003	easy	C	C	True	True	False	0.9661729183810209	0.9661729183810209	0.0013454148931502149	0.9619445331786487	0.0
hard:29271008	hard	A	A	True	True	True	0.87805513642296	0.87805513642296	0.020452440191104128	0.86281202847583	0.0
hard:36233006	hard	E	E	True	False	True	0.9199772473744253	0.9199772473744253	0.007771713683675209	0.9099744032962286	0.0
easy:719949001	easy	C	C	True	True	False	0.9649047173323624	0.9649047173323624	0.0014065517112814127	0.9605178069989077	0.0
easy:61071003	easy	B	B	True	False	True	0.9619078950022774	0.9619078950022774	0.0016862947775701375	0.9571463818775622	0.0
retrieval-miss:218728005	retrieval-miss	none	C	False	False	True	0.916750705510027	0.020545645569450054	1.8014153242170614	0.9063445436987804	0.0
retrieval-miss:725028009	retrieval-miss	none	none	True	False	True	0.8417116838111792	0.8417116838111792	0.034480170867368626	0.8219256442875768	0.0
hard:28314004	hard	D	D	True	True	True	0.9326649262935427	0.9326649262935427	0.005661443518648218	0.9242480420802355	0.0
hard:24269006	hard	C	C	True	True	True	0.60516790457261	0.60516790457261	0.23767963344203277	0.5558138926441863	0.0
easy:722376008	easy	G	G	True	True	True	0.9469089356347586	0.9469089356347586	0.003204550748614152	0.9402725525891035	0.0
hard:715406003	hard	E	E	True	True	False	0.9558044295604141	0.9558044295604141	0.0022706035795278137	0.950279983255466	0.0
easy:126680004	easy	D	none	False	True	False	0.49249346793260024	0.42040702320690443	0.5803209924878954	0.4290551514241753	0.0
none-narrower:93846004	none-narrower	none	B	False	False		0.9218156748343469	0.0389076011363516	1.7739646801851914	0.9120426341886403	0.0
gold-removed:763213001	gold-removed	none	none	True	False		0.8502104360149639	0.8502104360149639	0.029606047277166387	0.8314867405168346	0.0
gold-removed:71912000	gold-removed	none	none	True	False		0.6627168318749711	0.6627168318749711	0.14029909570671026	0.6205564358593426	0.0
easy:428281000	easy	G	G	True	True	False	0.8564148063844864	0.8564148063844864	0.025029761704687126	0.8384666571825473	0.0
hard:722391005	hard	B	B	True	True	False	0.9602386878178926	0.9602386878178926	0.0018370431357874698	0.9552685237951292	0.0
easy:231829006	easy	B	B	True	True	True	0.617460953805293	0.617460953805293	0.2310374949372815	0.5696435730309547	0.0
none-narrower:232023006	none-narrower	none	F	False	False		0.46773739939823467	0.46773739939823467	0.503676128276247	0.40120457432301404	0.0
none-narrower:1382212005	none-narrower	none	B	False	False		0.9211540725990929	0.02833098561078031	1.7935641021212416	0.9112983316739796	0.0
hard:708536001	hard	B	B	True	True	False	0.94347912739673	0.94347912739673	0.0038049855776732585	0.9364140183213212	0.0
none-narrower:314207007	none-narrower	none	none	True	False		0.6386214158261448	0.6386214158261448	0.17303138301073748	0.593449092804413	0.0
easy:398723007	easy	D	D	True	False	True	0.9413004182673373	0.9413004182673373	0.0040314152122738235	0.9339629705507546	0.0
retrieval-miss:236803007	retrieval-miss	none	none	True	False	True	0.4583043639058329	0.4583043639058329	0.42224136550995706	0.39059240939406203	0.0
hard:721756002	hard	C	C	True	False	True	0.7909040658180259	0.7909040658180259	0.06192501830099697	0.7647670740452792	0.0
none-narrower:418072004	none-narrower	none	none	True	False		0.619067157841001	0.619067157841001	0.2288281435459485	0.5714505525711261	0.0
retrieval-miss:87065009	retrieval-miss	none	none	True	False	True	0.6614638929285068	0.6614638929285068	0.2048457667578585	0.6191468795445702	0.0
gold-removed:33655002	gold-removed	none	none	True	False		0.7278704267604167	0.7278704267604167	0.10678420898197671	0.6938542301054689	0.0
easy:254895003	easy	A	A	True	True	False	0.9511448046798131	0.9511448046798131	0.0028284665569971576	0.9450379052647898	0.0
easy:255072001	easy	E	E	True	True	True	0.8892155768947085	0.8892155768947085	0.015090032787130458	0.875367524006547	0.0
none-narrower:423471004	none-narrower	none	none	True	False		0.7950104350069548	0.7950104350069548	0.06906617567432576	0.7693867393828242	0.0
hard:25147002	hard	C	C	True	True	False	0.9657076167995459	0.9657076167995459	0.0013493793767028635	0.9614210688994892	0.0
retrieval-miss:2109003	retrieval-miss	none	none	True	False	True	0.8759453227101374	0.8759453227101374	0.022458706574456935	0.8604384880489047	0.0
easy:254846003	easy	G	G	True	True	False	0.9500875034920936	0.9500875034920936	0.0028906633194487512	0.9438484414286054	0.0
hard:3323003	hard	E	E	True	True	False	0.9553458531155273	0.9553458531155273	0.002353414455244553	0.9497640847549683	0.0
hard:41446000	hard	E	E	True	True	False	0.9271804922194616	0.9271804922194616	0.006357179004725053	0.9180780537468944	0.0
easy:41572006	easy	B	B	True	False	True	0.9422395674848075	0.9422395674848075	0.004042141594420603	0.9350195134204086	0.0
hard:276645004	hard	F	F	True	True	False	0.9021809723858017	0.9021809723858017	0.012803534171766816	0.8899535939340271	0.0
gold-removed:27215002	gold-removed	none	none	True	False		0.9366848627035449	0.9366848627035449	0.00469174224662242	0.928770470541488	0.0
gold-removed:433068007	gold-removed	none	none	True	False		0.8640573180314651	0.8640573180314651	0.025503651845332386	0.8470644827853984	0.0
easy:35031005	easy	E	E	True	True	False	0.9329745003054076	0.9329745003054076	0.0056600187047362565	0.9245963128435837	0.0
easy:85375000	easy	E	E	True	True	False	0.9618676159032177	0.9618676159032177	0.001666680459364012	0.95710106789112	0.0
none-narrower:198448006	none-narrower	none	none	True	False		0.5564515131273448	0.5564515131273448	0.3192960936375481	0.5010079522682629	0.0
retrieval-miss:725910009	retrieval-miss	none	none	True	False	True	0.8389226865569285	0.8389226865569285	0.034002569025115906	0.8187880223765447	0.0
hard:719659003	hard	G	G	True	False	True	0.9368808793602416	0.9368808793602416	0.004645590937795855	0.9289909892802719	0.0
hard:81564005	hard	C	C	True	True	True	0.9223540693527688	0.9223540693527688	0.007267255967300382	0.9126483280218648	0.0
none-narrower:723829000	none-narrower	none	G	False	False		0.9429515452918036	0.015399155975672816	1.8588680432403126	0.935820488453279	0.0
easy:22125009	easy	E	E	True	True	True	0.7791971760249516	0.7791971760249516	0.05890858199094196	0.7515968230280706	0.0
retrieval-miss:440350001	retrieval-miss	none	none	True	False	True	0.8363165125011127	0.8363165125011127	0.03700824881064485	0.8158560765637518	0.0
gold-removed:10082001	gold-removed	none	none	True	False		0.8100737033724571	0.8100737033724571	0.053069573204310994	0.7863329162940144	0.0
easy:28183005	easy	E	E	True	True	False	0.9503030592908045	0.9503030592908045	0.0029259099456239133	0.9440909417021551	0.0
hard:53597009	hard	D	D	True	True	False	0.9045650707958218	0.9045650707958218	0.011387318532448351	0.8926357046452996	0.0
hard:25010000	hard	H	H	True	False	True	0.8358610179418511	0.8358610179418511	0.03643046090865214	0.8153436451845825	0.0
easy:22949006	easy	C	C	True	False	True	0.9541315494090602	0.9541315494090602	0.0024012764003251744	0.9483979930851928	0.0
retrieval-miss:230410004	retrieval-miss	none	A	False	False	True	0.8289598764266353	0.09042880168852441	1.516165332392006	0.8075798609799647	0.0
gold-removed:239892009	gold-removed	none	none	True	False		0.5839689605137552	0.5839689605137552	0.30590990933567486	0.5319650805779746	0.0
easy:91051003	easy	D	D	True	True	False	0.9461304296195516	0.9461304296195516	0.0035404903659539636	0.9393967333219956	0.0
retrieval-miss:124224004	retrieval-miss	none	none	True	False	True	0.92354803958348	0.92354803958348	0.0069060478622520426	0.9139915445314151	0.0
easy:725027004	easy	G	G	True	False	True	0.9513925154251263	0.9513925154251263	0.0027176794272616395	0.9453165798532671	0.0
easy:25690000	easy	E	E	True	True	False	0.946098736155618	0.946098736155618	0.0033830533667894634	0.9393610781750704	0.0
easy:67895005	easy	G	G	True	True	False	0.9420594490426534	0.9420594490426534	0.003866042569087653	0.9348168801729851	0.0
hard:237751000	hard	G	G	True	True	False	0.918653963470293	0.918653963470293	0.00772337568476965	0.9084857089040796	0.0
retrieval-miss:54266002	retrieval-miss	none	none	True	False	True	0.917349980613414	0.917349980613414	0.009922461540390667	0.9070187281900908	0.0
easy:445436005	easy	C	C	True	True	True	0.4703340371224727	0.4703340371224727	0.5032729892732419	0.4041257917627818	0.0
hard:438476003	hard	C	C	True	True	True	0.8259943406080291	0.8259943406080291	0.04076715603301399	0.8042436331840329	0.0
easy:191382009	easy	G	G	True	True	True	0.9286395811622884	0.9286395811622884	0.0064650491515409	0.9197195288075746	0.0
hard:255154009	hard	C	C	True	True	True	0.9066010997214445	0.9066010997214445	0.010502191290358485	0.8949262371866252	0.0
gold-removed:2284002	gold-removed	none	H	False	False		0.3775446123952045	0.3222833320459624	0.677806261905487	0.29973768894460506	0.0
easy:363378008	easy	H	A	False	False	True	0.7288133227098356	0.20548136554963586	1.1639380010485918	0.6949149880485651	0.0
hard:126686005	hard	B	B	True	True	False	0.6489609823319772	0.6489609823319772	0.17524504356742449	0.6050811051234745	0.0
easy:43152001	easy	G	G	True	True	False	0.8628851410000449	0.8628851410000449	0.025872028816798245	0.8457457836250505	0.0
hard:723411003	hard	B	B	True	True	False	0.9443980933410039	0.9443980933410039	0.0036707262510955714	0.9374478550086294	0.0
gold-removed:234584007	gold-removed	none	none	True	False		0.918711356521453	0.918711356521453	0.008396657420261803	0.9085502760866347	0.0
hard:725591002	hard	E	E	True	True	False	0.9430875285565318	0.9430875285565318	0.0038739538109943106	0.9359734696260984	0.0
retrieval-miss:243321006	retrieval-miss	none	none	True	False	True	0.4664508389346776	0.4664508389346776	0.41842260895252065	0.3997571938015123	0.0
hard:5262007	hard	G	G	True	True	True	0.922606171971466	0.922606171971466	0.006849712427643341	0.9129319434678992	0.0
gold-removed:77489003	gold-removed	none	E	False	False		0.8623050053801801	0.06854459767858866	1.6123015531823754	0.8450931310527027	0.0
none-narrower:371074009	none-narrower	none	none	True	False		0.638590612314446	0.638590612314446	0.2457077312870935	0.5934144388537518	0.0
gold-removed:74460005	gold-removed	none	A	False	False		0.5529387891360759	0.3439423066018452	0.7431808972987972	0.4970561377780854	0.0
gold-removed:75544000	gold-removed	none	H	False	False		0.44619724360710555	0.3808872030967786	0.5931828082645536	0.3769718990579938	0.0
hard:28244003	hard	G	G	True	True	False	0.9393961119238962	0.9393961119238962	0.004208365261016396	0.9318206259143833	0.0
retrieval-miss:390834004	retrieval-miss	none	none	True	False	True	0.6876197211304822	0.6876197211304822	0.15482076311883247	0.6485721862717925	0.0
easy:128082002	easy	H	H	True	True	True	0.9295703766158777	0.9295703766158777	0.006323425425022903	0.9207666736928626	0.0
easy:720749004	easy	H	H	True	False	True	0.9439008464683529	0.9439008464683529	0.003615834226886634	0.936888452276897	0.0
none-narrower:56871000	none-narrower	none	C	False	False		0.7003751383039922	0.23132222050870482	1.0826195655853532	0.6629220305919913	0.0
retrieval-miss:70534000	retrieval-miss	none	C	False	False	True	0.6978192312224665	0.23047803997857427	1.0804501512946407	0.6600466351252747	0.0
easy:31659000	easy	H	H	True	False	True	0.9525184849322004	0.9525184849322004	0.002577169781950001	0.9465832955487254	0.0
easy:10623005	easy	F	F	True	True	False	0.8341050866765408	0.8341050866765408	0.03632145265050461	0.8133682225111085	0.0
hard:78622004	hard	C	C	True	True	True	0.8700224625676192	0.8700224625676192	0.02215547950771695	0.8537752703885716	0.0
gold-removed:32893002	gold-removed	none	H	False	False		0.7567738341616259	0.1821343187445809	1.242377972106318	0.7263705634318292	0.0
gold-removed:33666009	gold-removed	none	A	False	False		0.9451472354285517	0.024814094616848484	1.8444953469494916	0.9382906398571207	0.0
none-narrower:772225005	none-narrower	none	D	False	False		0.9634686918435751	0.011465267440222462	1.9055954891505642	0.958902278324022	0.0
easy:45377007	easy	H	H	True	True	True	0.9444203804494216	0.9444203804494216	0.003549455417180323	0.9374729280055992	0.0
hard:254067002	hard	E	E	True	True	False	0.8146241133725687	0.8146241133725687	0.047698764142063824	0.7914521275441397	0.0
none-narrower:403114001	none-narrower	none	none	True	False		0.5820323038014955	0.5820323038014955	0.26397709914378664	0.5297863417766825	0.0
gold-removed:231826004	gold-removed	none	none	True	False		0.5849623357575012	0.5849623357575012	0.3054839805405726	0.533082627727189	0.0
easy:715415005	easy	H	H	True	True	False	0.9456904855467437	0.9456904855467437	0.0034308137981511194	0.9389017962400868	0.0
easy:429233001	easy	E	E	True	True	True	0.9588545987079339	0.9588545987079339	0.0019964807719033044	0.9537114235464257	0.0
easy:15350006	easy	G	none	False	True	False	0.5681182860970431	0.35338436702243725	0.7438502114947878	0.5141330718591735	0.0
gold-removed:59282003	gold-removed	none	D	False	False		0.6932740689744377	0.2289768599459535	1.079348355508812	0.6549333275962423	0.0
hard:238091006	hard	A	C	False	True	True	0.9479095710460216	0.013214291804436099	1.8726660128827401	0.9413982674267743	0.0
easy:37350004	easy	F	F	True	False	True	0.9265823055292582	0.9265823055292582	0.006890735265554286	0.9174050937204157	0.0
gold-removed:722207000	gold-removed	none	none	True	False		0.8634845791674342	0.8634845791674342	0.024607467547818666	0.8464201515633634	0.0
hard:372140005	hard	E	E	True	True	False	0.46840502333227535	0.46840502333227535	0.45230849447774346	0.4019556512488098	0.0
hard:733518000	hard	C	C	True	True	False	0.9634119323285038	0.9634119323285038	0.001568067474828823	0.9588384238695667	0.0
none-narrower:109858008	none-narrower	none	G	False	False		0.50948508614272	0.3712534605919239	0.6589520444447143	0.44817072191056007	0.0
hard:360481003	hard	F	F	True	True	True	0.9479493038163205	0.9479493038163205	0.003137007001618915	0.9414429667933605	0.0
easy:111565003	easy	F	F	True	True	False	0.9496413474344738	0.9496413474344738	0.003074950049489324	0.943346515863783	0.0
retrieval-miss:238020001	retrieval-miss	none	none	True	False	True	0.5072551175425241	0.5072551175425241	0.43135904359531946	0.4456620072353396	0.0
hard:423425006	hard	G	F	False	True	True	0.6578330741068305	0.01074294238511438	1.479964768822111	0.6150622083701843	0.0
retrieval-miss:67915005	retrieval-miss	none	A	False	False	True	0.8691845749539434	0.09481679627876782	1.5751435067642698	0.8528326468231865	0.0
easy:763067000	easy	C	C	True	True	True	0.9397169341418649	0.9397169341418649	0.004493501507200146	0.9321815509095981	0.0
hard:82458004	hard	A	A	True	False	True	0.9119014558884423	0.9119014558884423	0.00907358723918099	0.9008891378744976	0.0
easy:24868007	easy	E	E	True	True	True	0.9501182159832564	0.9501182159832564	0.0029694862742126733	0.9438829929811634	0.0
none-narrower:1186810009	none-narrower	none	C	False	False		0.8506028908193137	0.03590188226504463	1.6572432951519127	0.8319282521717279	0.0
easy:27621000119100	easy	C	C	True	False	True	0.9536252489454219	0.9536252489454219	0.002556160408709627	0.9478284050635998	0.0
hard:92040001	hard	A	A	True	True	True	0.9390985103354212	0.9390985103354212	0.004324309179698925	0.9314858241273489	0.0
easy:764944006	easy	C	C	True	True	False	0.9570375618746382	0.9570375618746382	0.0021268056398399513	0.951667257108968	0.0
gold-removed:443095000	gold-removed	none	none	True	False		0.6073159040853432	0.6073159040853432	0.29695825018718924	0.5582303920960111	0.0
hard:707341005	hard	E	E	True	False	True	0.960309521396737	0.960309521396737	0.0018012615396129697	0.9553482115713291	0.0
hard:27059002	hard	H	H	True	False	True	0.9130444057858408	0.9130444057858408	0.008955957658921812	0.902174956509071	0.0
none-narrower:773774000	none-narrower	none	C	False	False		0.9680742844895573	0.00522159204782076	1.9268763874314732	0.964083570050752	0.0
hard:128128003	hard	F	F	True	True	False	0.9511986744463493	0.9511986744463493	0.0027397661832234623	0.9450985087521431	0.0
retrieval-miss:20376005	retrieval-miss	none	A	False	False	True	0.5731835679093428	0.189312979718656	1.0221762260311897	0.5198315138980106	0.0
none-narrower:1293071007	none-narrower	none	G	False	False		0.9440793088994455	0.013160900169564867	1.8654382276151198	0.9370892225118761	0.0
retrieval-miss:722390006	retrieval-miss	none	none	True	False	True	0.9104558102855302	0.9104558102855302	0.009873362039691854	0.8992627865712215	0.0
easy:71325002	easy	E	E	True	True	False	0.8459292769880257	0.8459292769880257	0.03289319643030392	0.826670436611529	0.0
gold-removed:448315008	gold-removed	none	none	True	False		0.8438175619638646	0.8438175619638646	0.02971125010861849	0.8242947572093476	0.0
hard:709075008	hard	B	B	True	True	False	0.9584176894516806	0.9584176894516806	0.00202180403373273	0.9532199006331408	0.0
hard:236644005	hard	A	A	True	True	False	0.7325794486189885	0.7325794486189885	0.13020197659275023	0.699151879696362	0.0
gold-removed:720983002	gold-removed	none	none	True	False		0.92686466494307	0.92686466494307	0.006344457290948447	0.9177227480609538	0.0
easy:109983007	easy	H	H	True	True	False	0.876156962571395	0.876156962571395	0.022411457642745797	0.8606765828928193	0.0
hard:92039003	hard	H	H	True	True	True	0.9292734988324898	0.9292734988324898	0.005791597822060704	0.9204326861865509	0.0
easy:92617001	easy	D	D	True	True	True	0.9449909219913424	0.9449909219913424	0.004001075063270609	0.9381147872402602	0.0
easy:76916001	easy	D	D	True	True	False	0.9411810894774063	0.9411810894774063	0.004063452472366625	0.9338287256620822	0.0
hard:19034001	hard	A	A	True	False	True	0.9479227695901226	0.9479227695901226	0.0031502293648222822	0.941413115788888	0.0
easy:93235007	easy	F	A	False	False	True	0.5610009591558359	0.11525474653440798	1.1864343858837414	0.5061260790503155	0.0
easy:70931000	easy	F	F	True	False	True	0.7326042213874345	0.7326042213874345	0.09777189933082325	0.699179749060864	0.0
easy:233915000	easy	B	E	False	False	True	0.9358178995207121	0.02097296342550229	1.8347396051842217	0.9277951369608013	0.0
hard:253187005	hard	E	E	True	False	True	0.8028176759672211	0.8028176759672211	0.06638554699096436	0.7781698854631238	0.0
hard:270516002	hard	D	D	True	True	True	0.9299334886159879	0.9299334886159879	0.00595493384583107	0.9211751746929865	0.0
retrieval-miss:105706003	retrieval-miss	none	D	False	False	True	0.5781587838280241	0.30699065418607635	0.8248697455425569	0.5254286318065271	0.0
none-narrower:2061000	none-narrower	none	H	False	False		0.33610072666883156	0.33610072666883156	0.5958014609969597	0.25311331750243554	0.0
hard:232442001	hard	H	H	True	False	True	0.9182247160794353	0.9182247160794353	0.008022683693702482	0.9080028055893649	0.0
none-narrower:302958006	none-narrower	none	B	False	False		0.6791168691237435	0.2627614283939623	1.0060029558013759	0.6390064777642114	0.0
none-narrower:686991000119106	none-narrower	none	A	False	False		0.7048165463629373	0.23278915602660796	1.0864769115447634	0.6679186146583046	0.0
none-narrower:12181000119103	none-narrower	none	F	False	False		0.5957359791896559	0.37056329612386396	0.7514216983888369	0.5452029765883629	0.0
gold-removed:60380001	gold-removed	none	E	False	False		0.8972454504589126	0.04436415180497935	1.7190849270857282	0.8844011317662768	0.0
none-narrower:1344682008	none-narrower	none	F	False	False		0.843047964404056	0.1262079101990948	1.4747499270563775	0.823428959954563	0.0
retrieval-miss:13445001	retrieval-miss	none	none	True	False	True	0.8031430993522101	0.8031430993522101	0.0662211283529976	0.7785359867712365	0.0
hard:86500004	hard	G	G	True	True	False	0.9118634443195953	0.9118634443195953	0.009092439427654761	0.9008463748595449	0.0
hard:707756004	hard	A	A	True	True	False	0.9571145223954906	0.9571145223954906	0.0021466994438507385	0.9517538376949269	0.0
none-narrower:11045000	none-narrower	none	B	False	False		0.677486716676525	0.262130714572728	1.0047300395405867	0.6371725562610907	0.0
retrieval-miss:67795000	retrieval-miss	none	none	True	False	True	0.6446921710594744	0.6446921710594744	0.21362543358791966	0.6002786924419087	0.0
hard:254711000	hard	B	B	True	True	True	0.9483516915470259	0.9483516915470259	0.003160222862680474	0.9418956529904042	0.0
hard:54470008	hard	F	F	True	False	True	0.9680561082207887	0.9680561082207887	0.0011884217491661382	0.9640631217483874	0.0
none-narrower:301191003	none-narrower	none	none	True	False		0.4528212289783333	0.4528212289783333	0.37517969662495887	0.38442388260062504	0.0
hard:19138001	hard	G	G	True	True	False	0.9408429864584562	0.9408429864584562	0.004001687759039335	0.9334483597657632	0.0
none-narrower:782754006	none-narrower	none	B	False	False		0.9552633753373054	0.013316808070327781	1.88625891304082	0.9496712972544686	0.0
retrieval-miss:37548006	retrieval-miss	none	C	False	False	True	0.9044977917003361	0.044722739033726984	1.7312320885841075	0.892560015662878	0.0
easy:716723000	easy	G	E	False	False	True	0.9568249647576725	0.007082518622663816	1.901609895026811	0.9514280853523815	0.0
gold-removed:29740003	gold-removed	none	none	True	False		0.5352150568355288	0.5352150568355288	0.370298470916087	0.47711693893997	0.0
easy:408751001	easy	D	D	True	True	False	0.967828642645464	0.967828642645464	0.001207412139794734	0.9638072229761471	0.0
hard:92087008	hard	H	H	True	True	True	0.8762941751187897	0.8762941751187897	0.01960054419733246	0.8608309470086385	0.0
hard:7259005	hard	C	C	True	False	True	0.9581153215605919	0.9581153215605919	0.0020976407750475058	0.952879736755666	0.0
easy:721882001	easy	C	C	True	False	True	0.9191046565075702	0.9191046565075702	0.008937351670778491	0.9089927385710165	0.0
none-narrower:340461000119106	none-narrower	none	A	False	False		0.8668390723353399	0.09456092065774226	1.5717725226964885	0.8501939563772574	0.0
none-narrower:125628003	none-narrower	none	none	True	False		0.7344525713401177	0.7344525713401177	0.10383117498130291	0.7012591427576325	0.0
hard:237610008	hard	C	C	True	False	True	0.9348246877713785	0.9348246877713785	0.005152942699565396	0.9266777737428009	0.0
none-narrower:43634002	none-narrower	none	G	False	False		0.6876742785679191	0.2271273478282026	1.0721424448411683	0.648633563388909	0.0
retrieval-miss:279611005	retrieval-miss	none	none	True	False	True	0.901959518341122	0.901959518341122	0.011250993803971727	0.8897044581337622	0.0
hard:118611004	hard	D	D	True	True	False	0.9656935290065336	0.9656935290065336	0.0013829293592159818	0.9614052201323503	0.0
gold-removed:397012002	gold-removed	none	none	True	False		0.4819493640297101	0.4819493640297101	0.37725364118375665	0.41719303453342393	0.0
none-narrower:203260009	none-narrower	none	none	True	False		0.7552485526652984	0.7552485526652984	0.08566367175325952	0.7246546217484608	0.0
hard:237963003	hard	C	A	False	True	False	0.4854175375621366	0.4143668265474201	0.582981986565848	0.42109472975740375	0.0
hard:4754008	hard	H	H	True	False	True	0.8542651097129121	0.8542651097129121	0.025412559870862928	0.8360482484270262	0.0
easy:49584005	easy	A	A	True	True	True	0.9509952103710082	0.9509952103710082	0.0028506118369374623	0.9448696116673843	0.0
hard:732928005	hard	F	F	True	True	False	0.9707838770520938	0.9707838770520938	0.0009897779877583118	0.9671318616836055	0.0
retrieval-miss:110997000	retrieval-miss	none	none	True	False	True	0.9421753387937019	0.9421753387937019	0.003836959200358067	0.9349472561429147	0.0
easy:86638007	easy	E	E	True	True	False	0.9644279233672272	0.9644279233672272	0.0014698717733399199	0.9599814137881306	0.0
easy:725463007	easy	B	B	True	True	False	0.9519335962981769	0.9519335962981769	0.0026657596955046185	0.945925295835449	0.0
retrieval-miss:183342005	retrieval-miss	none	none	True	False	True	0.9312019489788032	0.9312019489788032	0.005791794635833822	0.9226021926011536	0.0
none-narrower:424289008	none-narrower	none	B	False	False		0.7883544167488875	0.1897348644509802	1.2782154714680125	0.7618987188424986	0.0
easy:205468002	easy	H	H	True	True	False	0.9465637668637107	0.9465637668637107	0.0033290683961639694	0.9398842377216746	0.0
none-narrower:240716009	none-narrower	none	none	True	False		0.7804950265820629	0.7804950265820629	0.0673673058709695	0.7530569049048208	0.0
hard:721617001	hard	E	E	True	False	True	0.7831941117083512	0.7831941117083512	0.07413162926301993	0.756093375671895	0.0
gold-removed:109477002	gold-removed	none	none	True	False		0.9044669110675546	0.9044669110675546	0.010668749887616376	0.8925252749509991	0.0
gold-removed:715822007	gold-removed	none	none	True	False		0.9037694958206093	0.9037694958206093	0.010721143623111945	0.8917406827981854	0.0
hard:722457005	hard	C	C	True	True	False	0.969278129413639	0.969278129413639	0.0010867262456122216	0.9654378955903439	0.0
hard:237683004	hard	G	G	True	True	False	0.9211785653969828	0.9211785653969828	0.0073331236627361025	0.9113258860716057	0.0
hard:713060000	hard	B	B	True	True	False	0.9545502951022256	0.9545502951022256	0.002390009627443336	0.9488690819900037	0.0
none-narrower:109972003	none-narrower	none	none	True	False		0.5628064498165417	0.5628064498165417	0.2734214412336157	0.5081572560436095	0.0
easy:3978000	easy	F	F	True	True	False	0.9665837089073072	0.9665837089073072	0.0012803616164830621	0.9624066725207207	0.0
easy:417607009	easy	E	E	True	True	False	0.9599205262202629	0.9599205262202629	0.001874656861373699	0.9549105919977959	0.0
hard:44274007	hard	F	F	True	True	True	0.9619283994537541	0.9619283994537541	0.0016886056635170526	0.9571694493854734	0.0
hard:724066002	hard	C	C	True	True	False	0.9492847867387619	0.9492847867387619	0.0030153468808636385	0.9429453850811071	0.0
hard:702437000	hard	D	D	True	True	False	0.9593132554851319	0.9593132554851319	0.0018882882462956947	0.9542274124207735	0.0
hard:58976002	hard	E	E	True	True	True	0.909975678583101	0.909975678583101	0.010568185851425738	0.8987226384059886	0.0
retrieval-miss:397758007	retrieval-miss	none	H	False	False	True	0.931440259041049	0.0152111677295262	1.8378699256546147	0.9228702914211803	0.0
easy:726051002	easy	A	A	True	True	False	0.8340318940482253	0.8340318940482253	0.03625991376856725	0.8132858808042536	0.0
gold-removed:50715003	gold-removed	none	F	False	False		0.5218065302946271	0.3245772285127574	0.7392806542937717	0.46203234658145553	0.0
retrieval-miss:710572000	retrieval-miss	none	G	False	False	True	0.7914753171881277	0.06291435155462591	1.5156901282877024	0.7654097318366436	0.0
easy:92205005	easy	G	G	True	True	True	0.9412078448587874	0.9412078448587874	0.003967621696689399	0.933858825466136	0.0
hard:363495004	hard	F	F	True	True	True	0.8638178669805197	0.8638178669805197	0.023467650473600592	0.8467951003530846	0.0
hard:363458004	hard	F	F	True	True	True	0.9653527668148468	0.9653527668148468	0.0013982639172083853	0.9610218626667028	0.0
easy:723552005	easy	F	F	True	False	True	0.9687318185687744	0.9687318185687744	0.0011832963115101594	0.9648232958898714	0.0
none-narrower:16060551000119103	none-narrower	none	none	True	False		0.7296597673963209	0.7296597673963209	0.13135381835492563	0.6958672383208611	0.0
none-narrower:443971004	none-narrower	none	none	True	False		0.4110347270023485	0.4110347270023485	0.5177126882293728	0.3374140678776421	0.0
hard:726610000	hard	G	G	True	True	True	0.9473313017608075	0.9473313017608075	0.0032267364552745694	0.9407477144809085	0.0
hard:230450001	hard	A	A	True	False	True	0.8584809957254128	0.8584809957254128	0.03228390816135009	0.8407911201910895	0.0
none-narrower:11780521000119105	none-narrower	none	A	False	False		0.728518274901481	0.24061746622157396	1.10765218292135	0.6945830592641663	0.0
retrieval-miss:4416007	retrieval-miss	none	none	True	False	True	0.9074020625674072	0.9074020625674072	0.010618604303032374	0.8958273203883332	0.0
hard:718053009	hard	C	C	True	False	True	0.9303487391829415	0.9303487391829415	0.005772722264565783	0.9216423315808091	0.0
hard:8634009	hard	D	D	True	True	False	0.9489738345920695	0.9489738345920695	0.0031402547800990503	0.9425955639160782	0.0
none-narrower:703163006	none-narrower	none	none	True	False		0.4016669750622544	0.4016669750622544	0.49424188139547287	0.3268753469450362	0.0
hard:719456001	hard	E	E	True	False	True	0.9434248490611671	0.9434248490611671	0.004060326990782687	0.9363529551938131	0.0
hard:57993004	hard	A	A	True	True	True	0.9355969714579033	0.9355969714579033	0.005044392118824742	0.9275465928901412	0.0
retrieval-miss:233692000	retrieval-miss	none	E	False	False	True	0.5968352373213792	0.3169074979599702	0.826398891831097	0.5464396419865517	0.0
gold-removed:56882008	gold-removed	none	B	False	False		0.5485668836771064	0.3997317161863126	0.6623519052110778	0.4921377441367447	0.0
easy:111396008	easy	F	F	True	True	True	0.9519929971677944	0.9519929971677944	0.002716162552819659	0.9459921218137688	0.0
retrieval-miss:399029005	retrieval-miss	none	none	True	False	True	0.8904584610429638	0.8904584610429638	0.01509112431635021	0.8767657686733342	0.0
hard:237611007	hard	B	B	True	False	True	0.9625162954240214	0.9625162954240214	0.0016153035219694744	0.957830832352024	0.0
easy:187736009	easy	F	B	False	True	True	0.7922830658953381	0.16277045645662244	1.3292431650770558	0.7663184491322554	0.0
none-narrower:1186834004	none-narrower	none	none	True	False		0.540227985024674	0.540227985024674	0.3677014714231923	0.4827564831527582	0.0
hard:230496009	hard	B	B	True	True	False	0.9612138544288581	0.9612138544288581	0.0017293277296529137	0.9563655862324655	0.0
easy:80328002	easy	B	none	False	False	True	0.8123800072340551	0.008252305658538555	1.6567525120010886	0.7889275081383121	0.0
easy:195469007	easy	B	B	True	False	True	0.9336049866846795	0.9336049866846795	0.005449638285454325	0.9253056100202646	0.0
gold-removed:700107006	gold-removed	none	none	True	False		0.7487195222851629	0.7487195222851629	0.08359334131602673	0.7173094625708084	0.0
none-narrower:1264565005	none-narrower	none	D	False	False		0.9471176453559262	0.013203251912592506	1.8713157668806506	0.940507351025417	0.0
gold-removed:92068002	gold-removed	none	H	False	False		0.7190397206855268	0.17305276854758447	1.2072721303772593	0.6839196857712176	0.0
hard:448664009	hard	H	H	True	True	False	0.7812657034056582	0.7812657034056582	0.06543950475857943	0.7539239163313656	0.0
hard:240613006	hard	G	G	True	False	True	0.8503042896986892	0.8503042896986892	0.0345749637368375	0.8315923259110254	0.0
none-narrower:50279003	none-narrower	none	H	False	False		0.8642120674982391	0.08047539300964532	1.5931386473521254	0.8472385759355191	0.0
hard:127217009	hard	G	G	True	True	False	0.9520312786281022	0.9520312786281022	0.0026091016871128275	0.9460351884566149	0.0
easy:188264002	easy	E	E	True	True	True	0.47174527021248774	0.47174527021248774	0.4217619765171466	0.4057134289890487	0.0
retrieval-miss:79883001	retrieval-miss	none	none	True	False	True	0.8601892361210671	0.8601892361210671	0.02684075376193115	0.8427128906362006	0.0
gold-removed:734173003	gold-removed	none	none	True	False		0.8972785785064964	0.8972785785064964	0.013053186621683071	0.8844384008198085	0.0
easy:230571009	easy	G	G	True	False	True	0.9435760859016802	0.9435760859016802	0.0036504198980621353	0.9365230966393902	0.0
hard:425940002	hard	E	E	True	True	False	0.9514644235421031	0.9514644235421031	0.002742887124618394	0.9453974764848662	0.0
easy:95280005	easy	E	E	True	True	False	0.9533591631796966	0.9533591631796966	0.002506516557177858	0.9475290585771587	0.0
easy:722690001	easy	A	A	True	True	True	0.9390165096717089	0.9390165096717089	0.004603807984569768	0.9313935733806725	0.0
gold-removed:399340005	gold-removed	none	E	False	False		0.7107634808261011	0.23475335293475946	1.091533315489742	0.6746089159293638	0.0
hard:85102008	hard	H	H	True	True	False	0.9216157338287317	0.9216157338287317	0.00704958407044543	0.9118177005573234	0.0
easy:390936003	easy	B	B	True	False	True	0.8910924272234562	0.8910924272234562	0.015211028443640594	0.8774789806263882	0.0
retrieval-miss:105600002	retrieval-miss	none	none	True	False	True	0.760204025188046	0.760204025188046	0.10358234904337194	0.7302295283365517	0.0
none-narrower:721267000	none-narrower	none	C	False	False		0.7203449814648053	0.20309384221334512	1.15595596508241	0.685388104147906	0.0
easy:86406008	easy	D	D	True	False	True	0.9439822911773413	0.9439822911773413	0.003963434217568802	0.9369800775745091	0.0
retrieval-miss:205550003	retrieval-miss	none	E	False	False	True	0.9377274521059582	0.011158948177825498	1.8577680639571243	0.9299433836192029	0.0
easy:192727001	easy	E	E	True	False	True	0.9511376869842627	0.9511376869842627	0.0027961286560223746	0.9450298978572955	0.0
hard:403970001	hard	G	G	True	True	False	0.9305149810748693	0.9305149810748693	0.005532873288639799	0.921829353709228	0.0
gold-removed:235494005	gold-removed	none	none	True	False		0.7211599332386495	0.7211599332386495	0.11043901544143819	0.6863049248934807	0.0
easy:62009002	easy	G	G	True	True	True	0.9462389240716264	0.9462389240716264	0.0032959214668197745	0.9395187895805798	0.0
hard:8691004	hard	H	H	True	True	False	0.9260216644578192	0.9260216644578192	0.0064458379444331595	0.9167743725150466	0.0
easy:127232002	easy	D	E	False	False	True	0.869731947954904	0.05037752029475924	1.6600213873349063	0.8534484414492671	0.0
easy:27614006	easy	G	G	True	True	False	0.9528807775099402	0.9528807775099402	0.0025659403607113823	0.9469908746986827	0.0
hard:267607008	hard	E	E	True	True	True	0.9443262074718808	0.9443262074718808	0.0036389836978985685	0.9373669834058659	0.0
easy:232262007	easy	H	C	False	False	True	0.9060635874012019	0.04480015181392875	1.733997752449391	0.8943215358263522	0.0
hard:75238000	hard	E	E	True	False	True	0.9568609707820686	0.9568609707820686	0.0022062758898539134	0.9514685921298272	0.0
gold-removed:88905005	gold-removed	none	none	True	False		0.9467364507432887	0.9467364507432887	0.0033396587877902377	0.9400785070861998	0.0
hard:764625002	hard	F	F	True	True	True	0.9665609221487557	0.9665609221487557	0.0013158120326015276	0.9623810374173501	0.0
hard:40149008	hard	G	G	True	True	False	0.9475578045494616	0.9475578045494616	0.0031925047052533888	0.9410025301181444	0.0
gold-removed:109978004	gold-removed	none	none	True	False		0.7745492510661736	0.7745492510661736	0.07132532425622667	0.7463679074494453	0.0
gold-removed:53165003	gold-removed	none	none	True	False		0.5090051179994737	0.5090051179994737	0.2877949446876072	0.4476307577494079	0.0
gold-removed:763274002	gold-removed	none	none	True	False		0.8803000332989516	0.8803000332989516	0.016740896689884682	0.8653375374613206	0.0
easy:70090004	easy	F	F	True	True	False	0.9718689312810593	0.9718689312810593	0.0009016549954847586	0.9683525476911917	0.0
gold-removed:716097001	gold-removed	none	none	True	False		0.8587900261759828	0.8587900261759828	0.024678667654136073	0.8411387794479808	0.0
gold-removed:111489007	gold-removed	none	none	True	False		0.6268567724294835	0.6268567724294835	0.20269664895242467	0.580213868983169	0.0
retrieval-miss:43116000	retrieval-miss	none	C	False	False	True	0.5920026408189905	0.3143414787863649	0.8234970263964325	0.5410029709213643	0.0
retrieval-miss:307406004	retrieval-miss	none	D	False	False	True	0.9623959620535604	0.013416239062413841	1.8996554852004832	0.9576954573102555	0.0
hard:92080005	hard	G	G	True	True	False	0.9436137549505387	0.9436137549505387	0.0035986429402268373	0.9365654743193561	0.0
hard:25898005	hard	H	H	True	True	True	0.9195855660639273	0.9195855660639273	0.00755300148455135	0.9095337618219183	0.0
hard:363404008	hard	A	A	True	True	True	0.8961357002599626	0.8961357002599626	0.013237049780242238	0.8831526627924579	0.0
easy:26479009	easy	B	B	True	False	True	0.6162122420425502	0.6162122420425502	0.25582946426464953	0.568238772297869	0.0
easy:234633000	easy	C	C	True	True	True	0.9125139512108845	0.9125139512108845	0.010010920422233066	0.9015781951122452	0.0
none-narrower:1231185005	none-narrower	none	H	False	False		0.8538106212074499	0.07950682660082022	1.5773176921757277	0.8355369488583811	0.0
easy:720813007	easy	E	E	True	False	True	0.9650836585843241	0.9650836585843241	0.001408801228767978	0.9607191159073646	0.0
easy:442696006	easy	H	H	True	True	False	0.9266131565308118	0.9266131565308118	0.0064007736897852725	0.9174398010971633	0.0
easy:426336007	easy	C	C	True	False	True	0.958730146888308	0.958730146888308	0.001958006096583528	0.9535714152493465	0.0
hard:403975006	hard	D	D	True	True	False	0.955302264586392	0.955302264586392	0.0023300568086587984	0.949715047659691	0.0
easy:232364006	easy	B	B	True	True	False	0.9596470201533259	0.9596470201533259	0.0018775459310036331	0.9546028976724917	0.0
none-narrower:239813000	none-narrower	none	none	True	False		0.6492230413897213	0.6492230413897213	0.21083712401363336	0.6053759215634364	0.0
hard:448794008	hard	B	B	True	True	False	0.9447973041471156	0.9447973041471156	0.0036160802380923694	0.9378969671655051	0.0
none-narrower:254255007	none-narrower	none	none	True	False		0.5204166144004604	0.5204166144004604	0.42771693772902375	0.460468691200518	0.0
easy:724642009	easy	F	F	True	False	True	0.9633029811991518	0.9633029811991518	0.0015641477229707292	0.9587158538490458	0.0
none-narrower:278043000	none-narrower	none	D	False	False		0.9527513312842639	0.008261619635696498	1.8917976001155248	0.9468452476947969	0.0
none-narrower:37369009	none-narrower	none	none	True	False		0.9319358374405959	0.9319358374405959	0.0055252067159951585	0.9234278171206705	0.0
hard:720635002	hard	E	E	True	False	True	0.935958074609237	0.935958074609237	0.005028426366347945	0.9279528339353917	0.0
none-narrower:237155000	none-narrower	none	none	True	False		0.49621936814584294	0.49621936814584294	0.3504385567523418	0.43324678916407333	0.0
easy:715952000	easy	D	F	False	False	True	0.95808306664101	0.0027439448294849155	1.9127415323216679	0.9528434499711363	0.0
retrieval-miss:443416007	retrieval-miss	none	none	True	False	True	0.5738054507675062	0.5738054507675062	0.3102329823740737	0.5205311321134445	0.0
easy:32139003	easy	F	F	True	True	False	0.939742792246897	0.939742792246897	0.004428549768326588	0.9322106412777592	0.0
easy:204370002	easy	D	D	True	True	True	0.9495328137528094	0.9495328137528094	0.003074310311099187	0.9432244154719106	0.0
gold-removed:312514006	gold-removed	none	none	True	False		0.8439705832734541	0.8439705832734541	0.03258973736032328	0.8244669061826359	0.0
retrieval-miss:725034002	retrieval-miss	none	B	False	False	True	0.949134570019694	0.013231373377591643	1.8748412862784396	0.9427763912721557	0.0
gold-removed:192958009	gold-removed	none	none	True	False		0.5925913465739823	0.5925913465739823	0.24399934674641865	0.5416652648957301	0.0
hard:721974000	hard	A	A	True	True	False	0.9525809615642711	0.9525809615642711	0.0026301928885664573	0.946653581759805	0.0
easy:400948003	easy	A	A	True	True	False	0.9575879958916838	0.9575879958916838	0.0021215951982291384	0.9522864953781442	0.0
easy:31742004	easy	B	B	True	True	False	0.9089761216767329	0.9089761216767329	0.010126842825812459	0.8975981368863245	0.0
hard:127055007	hard	B	B	True	True	False	0.9551941752383752	0.9551941752383752	0.0024098718410466872	0.9495934471431722	0.0
retrieval-miss:32599008	retrieval-miss	none	none	True	False	True	0.8607685808496807	0.8607685808496807	0.025556174074245402	0.8433646534558908	0.0
hard:398623004	hard	H	H	True	True	False	0.8800951685642144	0.8800951685642144	0.017765421276938476	0.8651070646347412	0.0
retrieval-miss:192877007	retrieval-miss	none	H	False	False	True	0.9498280088606844	0.0082362701588507	1.8862061826699925	0.9435565099682701	0.0
gold-removed:118940003	gold-removed	none	none	True	False		0.868641024276852	0.868641024276852	0.020406841818455368	0.8522211523114586	0.0
easy:268163008	easy	F	F	True	False	True	0.9317760979886467	0.9317760979886467	0.0055915656683997155	0.9232481102372275	0.0
hard:193413001	hard	H	H	True	True	False	0.917093577251165	0.917093577251165	0.008097222499937466	0.9067302744075606	0.0
gold-removed:716239006	gold-removed	none	none	True	False		0.8348785029645112	0.8348785029645112	0.03597924500007565	0.814238315835075	0.0
easy:715504003	easy	G	G	True	True	True	0.9498240313815178	0.9498240313815178	0.002908579856017607	0.9435520353042075	0.0
easy:367434002	easy	H	H	True	True	False	0.7978251588822008	0.7978251588822008	0.06187700161802439	0.7725533037424761	0.0
none-narrower:1197741006	none-narrower	none	none	True	False		0.4354865256027766	0.4354865256027766	0.4854335470684227	0.36492234130312373	0.0
none-narrower:371045000	none-narrower	none	D	False	False		0.857848480643721	0.058209305104787806	1.6244590456181769	0.8400795407241861	0.0
easy:51744007	easy	H	H	True	True	False	0.9359368344263823	0.9359368344263823	0.004944691466900646	0.9279289387296801	0.0
easy:715736008	easy	B	B	True	True	False	0.9625635676234161	0.9625635676234161	0.0016290056913820733	0.9578840135763431	0.0
hard:51387008	hard	B	B	True	True	False	0.7449755855615817	0.7449755855615817	0.10959527870741533	0.7130975337567795	0.0
easy:48528004	easy	F	F	True	True	False	0.618570854551606	0.618570854551606	0.23046452986809618	0.5708922113705567	0.0
none-narrower:1259102000	none-narrower	none	A	False	False		0.5560099173863454	0.34585265045465924	0.7440445382642631	0.5005111570596387	0.0
hard:82236004	hard	G	G	True	False	True	0.7111726046774058	0.7111726046774058	0.1078855567263982	0.6750691802620815	0.0
retrieval-miss:399992009	retrieval-miss	none	none	True	False	True	0.5599760603248356	0.5599760603248356	0.3175049181322914	0.50497306786544	0.0
retrieval-miss:403886007	retrieval-miss	none	G	False	False	True	0.9109563731719599	0.01487664994629196	1.8014026550883622	0.8998259198184548	0.0
easy:10934005	easy	B	B	True	True	False	0.7928107381787632	0.7928107381787632	0.06623966059913185	0.7669120804511086	0.0
none-narrower:446771003	none-narrower	none	D	False	False		0.9575726030022426	0.011395105429345541	1.894466754521413	0.952269178377523	0.0
retrieval-miss:758664007	retrieval-miss	none	none	True	False	True	0.9323508486128108	0.9323508486128108	0.0053183299714325335	0.9238947046894123	0.0
hard:733112007	hard	F	F	True	True	False	0.9708348049040996	0.9708348049040996	0.0009671485203532261	0.967189155517112	0.0
easy:237965005	easy	E	none	False	True	False	0.8037990125987705	0.12033217861785199	1.4216048675381092	0.779273889173617	0.0
hard:70737009	hard	C	C	True	False	True	0.9280696111030403	0.9280696111030403	0.006709300293878246	0.9190783124909204	0.0
easy:718897009	easy	A	A	True	True	False	0.9541401570412887	0.9541401570412887	0.002429416691866318	0.94840767667145	0.0
easy:11296007	easy	G	G	True	False	True	0.9458175032098516	0.9458175032098516	0.003422212269853665	0.9390446911110831	0.0
none-narrower:44939003	none-narrower	none	none	True	False		0.633125215642535	0.633125215642535	0.21886196185106316	0.5872658675978519	0.0
hard:726707004	hard	C	C	True	True	True	0.9599341782419228	0.9599341782419228	0.0018723979395062471	0.9549259505221632	0.0
hard:63684002	hard	D	D	True	True	False	0.9436761905455602	0.9436761905455602	0.003908655871734011	0.9366357143637551	0.0
easy:236811002	easy	E	E	True	True	False	0.9488625716729558	0.9488625716729558	0.003083513027809606	0.9424703931320755	0.0
none-narrower:246762009	none-narrower	none	none	True	False		0.6801777676046704	0.6801777676046704	0.13788493158241208	0.6401999885552543	0.0
easy:72900001	easy	F	F	True	False	True	0.9562871068588126	0.9562871068588126	0.0022654887750080347	0.9508229952161641	0.0
hard:230421008	hard	D	D	True	True	False	0.951088180020624	0.951088180020624	0.002842012129563098	0.9449742025232021	0.0
hard:92788005	hard	B	B	True	True	False	0.886808025436033	0.886808025436033	0.018270186830374104	0.8726590286155372	0.0
easy:126799003	easy	A	A	True	True	False	0.8942456603644028	0.8942456603644028	0.016491010353395008	0.8810263679099533	0.0
easy:33982008	easy	A	A	True	False	True	0.6838996801983658	0.6838996801983658	0.17090198943607793	0.6443871402231616	0.0
none-narrower:93646002	none-narrower	none	E	False	False		0.5354673487227991	0.3901863001659227	0.6599807752783446	0.477400767313149	0.0
gold-removed:431034009	gold-removed	none	none	True	False		0.5244905237325587	0.5244905237325587	0.3176840505698537	0.4650518391991285	0.0
easy:721843003	easy	C	C	True	True	False	0.9500169104348624	0.9500169104348624	0.0029574966283159184	0.9437690242392202	0.0
none-narrower:451981000124108	none-narrower	none	none	True	False		0.5834356599630953	0.5834356599630953	0.27429706105244056	0.5313651174584823	0.0
gold-removed:95333004	gold-removed	none	D	False	False		0.96262196268552	0.00834721063878353	1.9101455996193144	0.9579497080212102	0.0
none-narrower:1259079006	none-narrower	none	H	False	False		0.5830426338958359	0.2642700278238938	0.9009719959122942	0.5309229631328154	0.0
none-narrower:236631000	none-narrower	none	A	False	False		0.8294925201906906	0.12417859337701533	1.45565852579615	0.808179085214527	0.0
hard:89242004	hard	G	G	True	True	True	0.9214467177084806	0.9214467177084806	0.007073878723767479	0.9116275574220407	0.0
easy:432261003	easy	F	F	True	True	False	0.966593166639417	0.966593166639417	0.0012863856666743949	0.962417312469344	0.0
retrieval-miss:2689001	retrieval-miss	none	none	True	False	True	0.6323935118090425	0.6323935118090425	0.2483043145995379	0.5864427007851728	0.0
retrieval-miss:717736007	retrieval-miss	none	none	True	False	True	0.48708011209624036	0.48708011209624036	0.37901174468010823	0.4229651261082704	0.0
hard:716859000	hard	D	D	True	False	True	0.8917921506059432	0.8917921506059432	0.014491256018807264	0.8782661694316861	0.0
hard:763376002	hard	G	G	True	True	False	0.9526545510577872	0.9526545510577872	0.0025566524311779557	0.9467363699400106	0.0
hard:83799000	hard	F	F	True	False	True	0.9711285498441866	0.9711285498441866	0.0009548005117111204	0.9675196185747099	0.0
easy:18927009	easy	D	none	False	True	True	0.8960185370400696	0.004125538704511897	1.7986868746309748	0.8830208541700785	0.0
retrieval-miss:67256000	retrieval-miss	none	B	False	False	True	0.5027603864549498	0.3663533354064409	0.6689497357589046	0.44060543476181857	0.0
easy:715192004	easy	B	B	True	True	False	0.9409404784257348	0.9409404784257348	0.004262291309667928	0.9335580382289518	0.0
none-narrower:1335794000	none-narrower	none	none	True	False		0.7323967884144041	0.7323967884144041	0.09705784101102048	0.6989463869662048	0.0
none-narrower:336911000119104	none-narrower	none	none	True	False		0.5335037216773151	0.5335037216773151	0.37059029631997203	0.4751916868869795	0.0
gold-removed:116020001	gold-removed	none	A	False	False		0.8528036643682686	0.0794130521959657	1.5761489237869175	0.8344041224143022	0.0
easy:1654001	easy	F	F	True	False	True	0.5846975792507991	0.5846975792507991	0.2766143745579389	0.5327847766571491	0.0
hard:367489004	hard	E	E	True	True	False	0.7255019922969338	0.7255019922969338	0.10913799725112133	0.6911897413340506	0.0
none-narrower:334491000119108	none-narrower	none	H	False	False		0.9108152917945321	0.045035108551138577	1.7419925842630968	0.8996672032688487	0.0
gold-removed:766874001	gold-removed	none	none	True	False		0.7630290315139339	0.7630290315139339	0.09062959714468663	0.7334076604531756	0.0
retrieval-miss:253042009	retrieval-miss	none	none	True	False	True	0.5577124433047715	0.5577124433047715	0.36107991147553115	0.502426498717868	0.0
easy:725908007	easy	E	E	True	True	False	0.9548833374751752	0.9548833374751752	0.002364911993848055	0.9492437546595722	0.0
hard:19092004	hard	B	B	True	True	False	0.9621733724285391	0.9621733724285391	0.0016462265578966841	0.9574450439821064	0.0
easy:44553005	easy	E	E	True	True	False	0.9571616019971773	0.9571616019971773	0.0021099306960233708	0.9518068022468246	0.0
none-narrower:285191000119103	none-narrower	none	G	False	False		0.4225908230177739	0.30793504883121836	0.7084312646039249	0.35041467589499564	0.0
none-narrower:430969000	none-narrower	none	E	False	False		0.5035393674583462	0.429836143386175	0.5801190115135898	0.44148178839063945	0.0
easy:187752007	easy	A	A	True	False	True	0.9293351159835319	0.9293351159835319	0.006454447707221613	0.9205020054814734	0.0
hard:92428008	hard	G	G	True	True	False	0.9110532293630061	0.9110532293630061	0.009208323235401952	0.899934883033382	0.0
gold-removed:34417008	gold-removed	none	none	True	False		0.5547082397781542	0.5547082397781542	0.36272087558250005	0.4990467697504235	0.0
gold-removed:21061004	gold-removed	none	A	False	False		0.4929160759291885	0.4929160759291885	0.5001944157408514	0.4295305854203371	0.0
hard:402356004	hard	H	H	True	False	True	0.949438562226219	0.949438562226219	0.003051740874730762	0.9431183825044965	0.0
none-narrower:416658003	none-narrower	none	none	True	False		0.4956622915967108	0.4956622915967108	0.3768522406435253	0.4326200780462997	0.0
none-narrower:11810261000119103	none-narrower	none	A	False	False		0.5121810746166153	0.43721299032657795	0.5803303027261572	0.45120370894369227	0.0
hard:763403007	hard	F	F	True	True	False	0.9655442184501488	0.9655442184501488	0.001393444895895756	0.9612372457564174	0.0
gold-removed:28826002	gold-removed	none	H	False	False		0.6676984119092083	0.30264110914647624	0.9324802305202464	0.6261607133978595	0.0
retrieval-miss:55852007	retrieval-miss	none	none	True	False	True	0.8392584662855508	0.8392584662855508	0.03147422299503818	0.8191657745712447	0.0
hard:254851009	hard	H	H	True	True	False	0.9355603162199588	0.9355603162199588	0.004885664234978484	0.9275053557474536	0.0
gold-removed:276876007	gold-removed	none	none	True	False		0.8301450614519106	0.8301450614519106	0.03736872034884997	0.8089131941333993	0.0
none-narrower:2851000119101	none-narrower	none	none	True	False		0.6655419279519807	0.6655419279519807	0.14704490348850485	0.6237346689459783	0.0
hard:62151007	hard	A	A	True	True	True	0.9446221430473585	0.9446221430473585	0.0036387954467998517	0.9376999109282783	0.0
none-narrower:187857006	none-narrower	none	B	False	False		0.5433993261329493	0.33800853771336603	0.7384274877533659	0.48632424189956797	0.0
easy:30369007	easy	A	A	True	True	False	0.9486741123517709	0.9486741123517709	0.00314844835075064	0.9422583763957424	0.0
retrieval-miss:361115000	retrieval-miss	none	B	False	False	True	0.965430427211193	0.007146215847806307	1.9179287184983544	0.9611092306125922	0.0
retrieval-miss:418279001	retrieval-miss	none	none	True	False	True	0.9435985660074643	0.9435985660074643	0.003668263016203675	0.9365483867583975	0.0
gold-removed:262461007	gold-removed	none	none	True	False		0.7754182050830007	0.7754182050830007	0.07210845980804534	0.7473454807183758	0.0
gold-removed:363466008	gold-removed	none	H	False	False		0.6470624881022795	0.18243258647029503	1.1114276092236224	0.6029452991150644	0.0
retrieval-miss:95208000	retrieval-miss	none	none	True	False	True	0.5375018756611892	0.5375018756611892	0.36884975409510434	0.47968961011883793	0.0
hard:284449005	hard	A	B	False	True	True	0.9122642230686019	0.038504461528628825	1.7574149434532336	0.9012972509521773	0.0
easy:253149002	easy	B	B	True	True	True	0.8459974212236802	0.8459974212236802	0.030393129300045677	0.8267470988766403	0.0
retrieval-miss:52542005	retrieval-miss	none	none	True	False	True	0.6378705199464878	0.6378705199464878	0.2460020625712864	0.5926043349397988	0.0
retrieval-miss:69550000	retrieval-miss	none	none	True	False	True	0.876028158812855	0.876028158812855	0.024672041689739	0.860531678664462	0.0
retrieval-miss:83652003	retrieval-miss	none	none	True	False	True	0.44535593097335574	0.44535593097335574	0.4217823290876498	0.37602542234502523	0.0
gold-removed:128862000	gold-removed	none	H	False	False		0.460964072119201	0.460964072119201	0.5058449442751751	0.39358458113410116	0.0
retrieval-miss:67988000	retrieval-miss	none	none	True	False	True	0.860555432668804	0.860555432668804	0.03169812151511786	0.8431248617524045	0.0
none-narrower:45062007	none-narrower	none	none	True	False		0.5680063410111932	0.5680063410111932	0.31535227233546625	0.5140071336375923	0.0
none-narrower:339331000119102	none-narrower	none	B	False	False		0.8837663024918836	0.08229629817451543	1.6234818088907959	0.869237090303369	0.0
retrieval-miss:17653001	retrieval-miss	none	C	False	False	True	0.753490026616539	0.2124387205884912	1.1882458769781308	0.7226762799436063	0.0
easy:111524003	easy	A	A	True	False	True	0.9291936020171286	0.9291936020171286	0.006263340974878994	0.9203428022692698	0.0
retrieval-miss:44250009	retrieval-miss	none	none	True	False	True	0.8828584098833374	0.8828584098833374	0.01830464458203722	0.8682157111187546	0.0
easy:722476007	easy	D	D	True	False	True	0.9550664213182408	0.9550664213182408	0.002377188324168952	0.9494497239830211	0.0
hard:363422006	hard	H	H	True	True	True	0.8842698861762284	0.8842698861762284	0.017152582320498346	0.8698036219482569	0.0
hard:83886009	hard	D	D	True	True	False	0.9623153402296675	0.9623153402296675	0.0016751043901850789	0.9576047577583761	0.0
gold-removed:763767006	gold-removed	none	none	True	False		0.9320674287892954	0.9320674287892954	0.00534960705640857	0.9235758573879573	0.0
retrieval-miss:95670000	retrieval-miss	none	E	False	False	True	0.7251252977484983	0.2044415867063746	1.160023135129275	0.6907659599670606	0.0
gold-removed:719136005	gold-removed	none	none	True	False		0.8335044846351122	0.8335044846351122	0.037404607936912485	0.8126925452145013	0.0
easy:45639009	easy	H	none	False	False	True	0.7154254868398664	0.008513556395784088	1.5511569503243834	0.6798536726948496	0.0
hard:7699004	hard	C	C	True	True	False	0.958488074214681	0.958488074214681	0.001995494677979087	0.9532990834915162	0.0
easy:716091000	easy	D	D	True	True	False	0.9644878987657823	0.9644878987657823	0.0014577569941508308	0.9600488861115051	0.0
easy:237960000	easy	A	A	True	False	True	0.8835328327511038	0.8835328327511038	0.01887621395188174	0.8689744368449918	0.0
retrieval-miss:234638009	retrieval-miss	none	none	True	False	True	0.9233182490034505	0.9233182490034505	0.006957264378939756	0.913733030128882	0.0
none-narrower:236382007	none-narrower	none	A	False	False		0.4845442551346278	0.35307946979915406	0.6722181767724609	0.4201122870264563	0.0
hard:703199001	hard	G	G	True	False	True	0.8922753697924278	0.8922753697924278	0.01403174985124051	0.8788097910164814	0.0
gold-removed:52845002	gold-removed	none	none	True	False		0.691033883269275	0.691033883269275	0.13673183059216304	0.6524131186779344	0.0
easy:78200003	easy	E	E	True	True	False	0.9499281236345507	0.9499281236345507	0.0029050152126431396	0.9436691390888695	0.0
none-narrower:85461008	none-narrower	none	none	True	False		0.3852840196309161	0.3852840196309161	0.5648747243398284	0.3084445220847806	0.0
easy:76520005	easy	H	E	False	False	True	0.947998115251574	0.0070171786782773264	1.8850733061395741	0.9414978796580207	0.0
retrieval-miss:64233004	retrieval-miss	none	none	True	False	True	0.5604446742111947	0.5604446742111947	0.3603339168696477	0.5055002584875941	0.0
easy:68092007	easy	D	D	True	False	True	0.5943175418595218	0.5943175418595218	0.23189160399030279	0.543607234591962	0.0
none-narrower:410484008	none-narrower	none	A	False	False		0.8407094802526395	0.1074359657660449	1.504036501279559	0.8207981652842196	0.0
none-narrower:198241002	none-narrower	none	none	True	False		0.5440085367254346	0.5440085367254346	0.32836003350314497	0.48700960381611397	0.0
easy:12381000132107	easy	A	D	False	False	True	0.6905474936200394	0.16619548102549989	1.1868649364901773	0.6518659303225445	0.0
hard:709018004	hard	A	A	True	False	True	0.7720974143659507	0.7720974143659507	0.07925983263952084	0.7436095911616946	0.0
gold-removed:68116008	gold-removed	none	A	False	False		0.5559479777808888	0.40511025438077636	0.6637710241725145	0.5004414750034999	0.0
easy:254986007	easy	G	E	False	True	True	0.6551611775965239	0.11489811285478013	1.2403585548063938	0.6120563247960895	0.0
hard:83942000	hard	B	B	True	True	False	0.9354011270753338	0.9354011270753338	0.004966035731150032	0.9273262679597507	0.0
gold-removed:719251009	gold-removed	none	none	True	False		0.8220040551982519	0.8220040551982519	0.04744961884923315	0.7997545620980334	0.0
none-narrower:94654006	none-narrower	none	none	True	False		0.6948141843074596	0.6948141843074596	0.1277436733158958	0.656665957345892	0.0
easy:763716008	easy	F	F	True	True	True	0.9659835518726722	0.9659835518726722	0.0013248053129692558	0.9617314958567563	0.0
hard:734031008	hard	A	A	True	True	False	0.9564493334108104	0.9564493334108104	0.002223140212704471	0.9510055000871617	0.0
hard:17585008	hard	E	E	True	True	False	0.9419419494435368	0.9419419494435368	0.003988042178782002	0.934684693123979	0.0
none-narrower:707607008	none-narrower	none	none	True	False		0.8210685676534287	0.8210685676534287	0.039823031919004194	0.7987021386101074	0.0
gold-removed:700467001	gold-removed	none	A	False	False		0.5130067655954015	0.37381968351865674	0.6664042332463205	0.4521326112948267	0.0
none-narrower:713299003	none-narrower	none	none	True	False		0.838390903148387	0.838390903148387	0.0342212487933521	0.8181897660419355	0.0
hard:25897000	hard	H	H	True	True	False	0.9546015749614568	0.9546015749614568	0.0023473397337542535	0.948926771831639	0.0
retrieval-miss:16459000	retrieval-miss	none	none	True	False	True	0.5653635985890472	0.5653635985890472	0.35880987198220055	0.5110340484126781	0.0
easy:702447002	easy	G	G	True	True	False	0.9395352619351364	0.9395352619351364	0.004256462186261673	0.9319771696770285	0.0
none-narrower:27358001	none-narrower	none	none	True	False		0.6039101417563333	0.6039101417563333	0.24038243460908945	0.554398909475875	0.0
hard:267592003	hard	D	D	True	False	True	0.9328712166524763	0.9328712166524763	0.005772950094463922	0.9244801187340359	0.0
hard:768927001	hard	F	F	True	True	False	0.9558406659901675	0.9558406659901675	0.0022742644947487127	0.9503207492389384	0.0
none-narrower:1269531007	none-narrower	none	H	False	False		0.618030539279698	0.23912616269429665	0.9703257585494156	0.5702843566896604	0.0
hard:443719001	hard	G	G	True	True	True	0.8995691779590208	0.8995691779590208	0.012178536047977851	0.8870153252038985	0.0
none-narrower:66893008	none-narrower	none	D	False	False		0.84279282081091	0.10770220972093979	1.5069506606567715	0.8231419234122739	0.0
easy:23849003	easy	G	G	True	True	False	0.9327418281801684	0.9327418281801684	0.005168839378351265	0.9243345567026895	0.0
hard:233913007	hard	G	G	True	True	True	0.9176113038145032	0.9176113038145032	0.007973753904350222	0.9073127167913162	0.0
hard:238080004	hard	A	A	True	True	False	0.6557670471042547	0.6557670471042547	0.15514176572791466	0.6127379279922865	0.0
none-narrower:43658003	none-narrower	none	E	False	False		0.9363585658559203	0.01791348885755129	1.841658405837478	0.9284033865879104	0.0
retrieval-miss:277921008	retrieval-miss	none	F	False	False	True	0.9343694695419198	0.02094050275459069	1.832065646920097	0.9261656532346597	0.0
hard:363444001	hard	G	G	True	True	True	0.8056723863976867	0.8056723863976867	0.05826781795631071	0.7813814346973975	0.0
none-narrower:128211000119102	none-narrower	none	D	False	False		0.4662994634861466	0.4662994634861466	0.503882581921278	0.39958689642191497	0.0
easy:56692003	easy	H	H	True	True	False	0.7012545962725772	0.7012545962725772	0.14396692670056788	0.6639114208066496	0.0
none-narrower:246943004	none-narrower	none	none	True	False		0.6048202064757167	0.6048202064757167	0.21941614806772614	0.5554227322851812	0.0
easy:722375007	easy	H	H	True	True	False	0.9363640282689716	0.9363640282689716	0.004681358500491599	0.928409531802593	0.0
easy:699251001	easy	C	C	True	True	True	0.9661167499638098	0.9661167499638098	0.001314670452093824	0.9618813437092861	0.0
easy:92415001	easy	D	D	True	False	True	0.9458636101490162	0.9458636101490162	0.0035023734312689416	0.9390965614176433	0.0
retrieval-miss:726543008	retrieval-miss	none	none	True	False	True	0.6598061405552688	0.6598061405552688	0.20579669699327793	0.6172819081246774	0.0
easy:14070001000004105	easy	D	D	True	True	False	0.9635552672897295	0.9635552672897295	0.001546046590996116	0.9589996757009458	0.0
easy:404160007	easy	B	B	True	False	True	0.9225112949316256	0.9225112949316256	0.00713223627628374	0.9128252067980789	0.0
hard:200999007	hard	H	H	True	True	False	0.9460434090531967	0.9460434090531967	0.003339857152040742	0.9392988351848465	0.0
none-narrower:81531005	none-narrower	none	none	True	False		0.7903432334437399	0.7903432334437399	0.06416080778533219	0.7641361376242074	0.0
easy:1155842003	easy	H	H	True	True	False	0.9511094250745301	0.9511094250745301	0.002749829667986717	0.9449981032088465	0.0
hard:253781004	hard	D	D	True	False	True	0.800470201187606	0.800470201187606	0.05658058570732458	0.7755289763360569	0.0
gold-removed:193570009	gold-removed	none	none	True	False		0.881823496672991	0.881823496672991	0.017084797285936038	0.8670514337571148	0.0
none-narrower:126682007	none-narrower	none	none	True	False		0.3737518890905118	0.3737518890905118	0.5159927484252367	0.2954708752268258	0.0
easy:707530009	easy	G	G	True	True	False	0.9432430013695396	0.9432430013695396	0.003704022772885059	0.9361483765407321	0.0
hard:70405009	hard	G	G	True	True	False	0.9497710260416048	0.9497710260416048	0.0029116387822603965	0.9434924042968054	0.0
gold-removed:32595002	gold-removed	none	C	False	False		0.6160037226958133	0.327085596176291	0.833709963669457	0.56800418803279	0.0
retrieval-miss:239873007	retrieval-miss	none	F	False	False	True	0.9590722402797729	0.008316432026423782	1.9034992658834327	0.9539562703147445	0.0
retrieval-miss:721887007	retrieval-miss	none	none	True	False	True	0.910016445581925	0.910016445581925	0.010133191261674186	0.8987685012796657	0.0
hard:255055008	hard	H	H	True	True	False	0.9202731773552241	0.9202731773552241	0.0075248837129524605	0.9103073245246271	0.0
hard:194785008	hard	E	E	True	True	True	0.9415360178622965	0.9415360178622965	0.003951674681828538	0.9342280200950835	0.0
gold-removed:40291001	gold-removed	none	none	True	False		0.7903733638418632	0.7903733638418632	0.0707676678808582	0.7641700343220962	0.0
gold-removed:232064001	gold-removed	none	none	True	False		0.7316981033194812	0.7316981033194812	0.1066153678721887	0.6981603662344162	0.0
hard:93559003	hard	F	F	True	True	True	0.9630461795266665	0.9630461795266665	0.0015642344659590377	0.9584269519674998	0.0
gold-removed:63480004	gold-removed	none	A	False	False		0.7605380848241274	0.21442583985592026	1.1956864776182816	0.7306053454271434	0.0
retrieval-miss:715414009	retrieval-miss	none	none	True	False	True	0.4820699930634006	0.4820699930634006	0.4433979321158009	0.4173287421963257	0.0
retrieval-miss:64969001	retrieval-miss	none	none	True	False	True	0.5299931400105579	0.5299931400105579	0.4256815991115104	0.4712422825118776	0.0
easy:237059008	easy	C	B	False	True	False	0.47156705477893845	0.09688098811012767	1.2003286506685018	0.4055129366263058	0.0
none-narrower:410063006	none-narrower	none	A	False	False		0.9046028631724362	0.04472793568933193	1.731346612583351	0.8926782210689909	0.0
hard:56453003	hard	C	C	True	False	True	0.9537041401060016	0.9537041401060016	0.0026403920221714093	0.9479171576192518	0.0
easy:44018007	easy	C	C	True	False	True	0.5050830633335861	0.5050830633335861	0.38452462106435265	0.4432184462502844	0.0
retrieval-miss:52674009	retrieval-miss	none	none	True	False	True	0.824750011039247	0.824750011039247	0.038505045903817724	0.802843762419153	0.0
none-narrower:722922001	none-narrower	none	none	True	False		0.5195328608855457	0.5195328608855457	0.42786123807960175	0.45947446849623896	0.0
none-narrower:1259038005	none-narrower	none	E	False	False		0.9055886690188097	0.03822269581390602	1.7457642114971696	0.893787252646161	0.0
hard:403889000	hard	E	E	True	True	False	0.9479492175198038	0.9479492175198038	0.0032133981932711757	0.9414428697097793	0.0
easy:703524005	easy	E	E	True	True	True	0.9577333354097962	0.9577333354097962	0.002082537688016557	0.9524500023360208	0.0
easy:447351004	easy	F	F	True	False	True	0.9472088658844441	0.9472088658844441	0.0034268460920403635	0.9406099741199997	0.0
retrieval-miss:719663005	retrieval-miss	none	none	True	False	True	0.58283533906706	0.58283533906706	0.30763586586061076	0.5306897564504425	0.0
easy:192965001	easy	F	F	True	False	True	0.613026363262351	0.613026363262351	0.19490817750103914	0.5646546586701451	0.0
none-narrower:300312006	none-narrower	none	none	True	False		0.7299394281112176	0.7299394281112176	0.1023569521460161	0.6961818566251199	0.0
none-narrower:724608000	none-narrower	none	none	True	False		0.5892806388424826	0.5892806388424826	0.26882765453539886	0.5379407186977929	0.0
gold-removed:91038008	gold-removed	none	A	False	False		0.6316884583940856	0.33541385467372786	0.8411220882928707	0.5856495156933463	0.0
easy:716077006	easy	D	D	True	True	False	0.8924419411553551	0.8924419411553551	0.014860545963370475	0.8789971837997747	0.0
hard:77478005	hard	E	E	True	False	True	0.8997455627522878	0.8997455627522878	0.01219966133722657	0.8872137580963239	0.0
easy:28790007	easy	D	D	True	False	True	0.5193338709685248	0.5193338709685248	0.3368556006275617	0.4592506048395904	0.0
gold-removed:234478007	gold-removed	none	E	False	False		0.7393177600370747	0.20844298468680314	1.1737490504983195	0.7067324800417092	0.0
hard:429033009	hard	G	D	False	True	True	0.4410471329100361	0.2743427689326169	0.7767199750298033	0.3711780245237907	0.0
easy:195136004	easy	E	D	False	False	True	0.5336064144200038	0.01641158348108134	1.405888852619693	0.47530721622250427	0.0
easy:95435007	easy	A	G	False	False	True	0.8391704683891082	0.07814352172842759	1.5574495945183056	0.8190667769377469	0.0
hard:17111003	hard	H	H	True	True	False	0.9269528025113856	0.9269528025113856	0.006242484715637101	0.9178219028253087	0.0
hard:55912009	hard	F	F	True	True	True	0.9633911161162745	0.9633911161162745	0.0015330530473061307	0.9588150056308088	0.0
hard:720634003	hard	B	B	True	True	False	0.9501006886156869	0.9501006886156869	0.002878484187397919	0.9438632746926477	0.0
easy:126790004	easy	F	F	True	True	False	0.5740237541639932	0.5740237541639932	0.260526008919716	0.5207767234344924	0.0
easy:25766007	easy	H	H	True	True	False	0.9415515512147802	0.9415515512147802	0.003901411103161484	0.9342454951166278	0.0
easy:66758006	easy	B	B	True	True	True	0.8480149220605973	0.8480149220605973	0.030950053239727344	0.8290167873181719	0.0
none-narrower:123977005	none-narrower	none	F	False	False		0.677606718735267	0.3071321691427794	0.9392631257607591	0.6373075585771754	0.0
easy:717003001	easy	H	H	True	True	True	0.8977630726529414	0.8977630726529414	0.0137460931545815	0.8849834567345592	0.0
none-narrower:870285004	none-narrower	none	none	True	False		0.48460062341774085	0.48460062341774085	0.4395137480039608	0.42017570134495846	0.0
hard:725167001	hard	B	G	False	False	True	0.8733253945014435	0.043181435065867496	1.6801568139566159	0.8574910688141241	0.0
hard:297278001	hard	E	H	False	True	True	0.3550219585858911	0.13736380788835392	1.0104221795471404	0.2743997034091275	0.0
easy:2251002	easy	G	G	True	True	True	0.9224942211152326	0.9224942211152326	0.007503738245928388	0.9128059987546367	0.0
gold-removed:190808009	gold-removed	none	F	False	False		0.7673576184771044	0.15764965492813887	1.3008117807107036	0.7382773207867426	0.0
easy:372105009	easy	E	E	True	True	False	0.8321079843063726	0.8321079843063726	0.03490327983671472	0.8111214823446691	0.0
hard:197585004	hard	B	B	True	False	True	0.9252788268979952	0.9252788268979952	0.0069581824474689346	0.9159386802602446	0.0
easy:126859007	easy	H	H	True	True	False	0.7451829504068391	0.7451829504068391	0.09104731700293875	0.7133308192076941	0.0
easy:723362004	easy	C	C	True	True	False	0.8720691572596408	0.8720691572596408	0.02565944568894828	0.8560778019170959	0.0
easy:230422001	easy	B	B	True	True	True	0.8705654688487963	0.8705654688487963	0.023967711552171395	0.8543861524548958	0.0
hard:403824007	hard	F	F	True	True	False	0.9504312662159596	0.9504312662159596	0.0028600506540753853	0.9442351744929547	0.0
none-narrower:61301000119102	none-narrower	none	A	False	False		0.8805449554869259	0.051003838508722345	1.6772264466247315	0.8656130749227917	0.0
easy:189197001	easy	G	G	True	True	False	0.9462143557125859	0.9462143557125859	0.0033161760863149995	0.9394911501766592	0.0
easy:49455004	easy	E	E	True	False	True	0.9223664367774197	0.9223664367774197	0.007552948808899096	0.9126622413745973	0.0
hard:34566007	hard	D	D	True	True	True	0.8759646245835763	0.8759646245835763	0.021041236930310257	0.8604602026565235	0.0
hard:13394002	hard	H	H	True	True	False	0.9484023195803006	0.9484023195803006	0.0030580322509050186	0.9419526095278382	0.0
retrieval-miss:414173003	retrieval-miss	none	none	True	False	True	0.7310438975710744	0.7310438975710744	0.1307656114016148	0.6974243847674587	0.0
gold-removed:90505000	gold-removed	none	D	False	False		0.41979568028109904	0.3583500382907024	0.6098620045331484	0.34727014031623643	0.0
retrieval-miss:22542007	retrieval-miss	none	F	False	False	True	0.43015574684345664	0.3134474521484394	0.7089186109406089	0.35892521519888876	0.0
easy:363353009	easy	D	D	True	True	True	0.6402779158516475	0.6402779158516475	0.21564773812245291	0.5953126553331035	0.0
easy:441456002	easy	G	G	True	True	False	0.8722460831275635	0.8722460831275635	0.019565750941053044	0.856276843518509	0.0
easy:18241005	easy	B	B	True	True	False	0.930056432902926	0.930056432902926	0.006048689702049429	0.9213134870157916	0.0
easy:233621003	easy	G	G	True	True	False	0.9118305139730181	0.9118305139730181	0.009469774554505933	0.9008093282196453	0.0
easy:240063002	easy	A	A	True	True	False	0.9006744631231395	0.9006744631231395	0.012332697321599743	0.888258771013532	0.0
easy:92413008	easy	F	F	True	True	True	0.9568395104572609	0.9568395104572609	0.0021839523323580502	0.9514444492644185	0.0
easy:764694005	easy	B	B	True	True	False	0.9267145978084829	0.9267145978084829	0.006297330916350535	0.9175539225345434	0.0
gold-removed:15170009	gold-removed	none	F	False	False		0.5699736717406222	0.3545384691619903	0.743093569763122	0.5162203807082	0.0
easy:83911000119104	easy	E	E	True	False	True	0.9050475380885344	0.9050475380885344	0.011786495263227312	0.8931784803496013	0.0
none-narrower:866045007	none-narrower	none	none	True	False		0.6513923542579929	0.6513923542579929	0.1738254210133262	0.607816398540242	0.0
hard:417093003	hard	E	E	True	True	True	0.9303432395358066	0.9303432395358066	0.005894637539049383	0.9216361444777825	0.0
none-narrower:431855005	none-narrower	none	none	True	False		0.7057882290185119	0.7057882290185119	0.13073364405463336	0.669011757645826	0.0
easy:235073000	easy	G	none	False	False	True	0.8037808309344795	0.054540550678754844	1.5509136085742452	0.7792534348012895	0.0
hard:716663009	hard	B	B	True	True	False	0.9501390992429591	0.9501390992429591	0.0029427618050125765	0.9439064866483291	0.0
easy:719378009	easy	E	E	True	True	False	0.9571083165582466	0.9571083165582466	0.002155350343884548	0.9517468561280273	0.0
none-narrower:92571001	none-narrower	none	C	False	False		0.5270208914537394	0.4498806729206739	0.5805636056957895	0.46789850288545687	0.0
retrieval-miss:67854007	retrieval-miss	none	none	True	False	True	0.5049053790620569	0.5049053790620569	0.43196513062948694	0.44301855144481406	0.0
hard:87730004	hard	F	F	True	True	False	0.96812023805998	0.96812023805998	0.0011749299109909436	0.9641352678174775	0.0
easy:716249009	easy	E	E	True	True	True	0.9478236470696214	0.9478236470696214	0.0032285199855380756	0.9413016029533242	0.0
hard:267532001	hard	H	H	True	False	True	0.9047061099008408	0.9047061099008408	0.010732741683438901	0.8927943736384459	0.0
hard:254069004	hard	C	C	True	True	False	0.8648467149257247	0.8648467149257247	0.025854948539732008	0.8479525542914405	0.0
none-narrower:56090007	none-narrower	none	E	False	False		0.9560813030967732	0.00971205201380315	1.894948201691523	0.9505914659838698	0.0
hard:410041002	hard	G	G	True	True	False	0.9429602642865393	0.9429602642865393	0.0037671881933743633	0.9358302973223568	0.0
easy:40956001	easy	C	C	True	True	False	0.9628766237887545	0.9628766237887545	0.0015792258519757752	0.9582362017623488	0.0
retrieval-miss:711265009	retrieval-miss	none	none	True	False	True	0.8869319280284509	0.8869319280284509	0.01561528748846755	0.8727984190320073	0.0
none-narrower:53284008	none-narrower	none	G	False	False		0.8937259383171563	0.06064377258488088	1.6815914558883767	0.8804416806068008	0.0
easy:715374003	easy	G	G	True	True	True	0.9450353838315829	0.9450353838315829	0.0035974841802766905	0.9381648068105309	0.0
retrieval-miss:59252009	retrieval-miss	none	C	False	False	True	0.9376335842307371	0.015312311851760916	1.8496756838910375	0.9298377822595791	0.0
retrieval-miss:197352008	retrieval-miss	none	none	True	False	True	0.6952199304577232	0.6952199304577232	0.136220303265274	0.6571224217649387	0.0
none-narrower:68361004	none-narrower	none	B	False	False		0.7411841290079945	0.20896921412697744	1.1757106591105098	0.7088321451339938	0.0
gold-removed:726349006	gold-removed	none	D	False	False		0.648240415159225	0.2938215570267098	0.9202466078821522	0.6042704670541282	0.0
easy:711163009	easy	B	B	True	True	False	0.9633194182973758	0.9633194182973758	0.0015780722473420108	0.9587343455845478	0.0
none-narrower:425756000	none-narrower	none	B	False	False		0.839378764029185	0.05695604880179776	1.5981234159074962	0.8193011095328331	0.0
easy:398036000	easy	G	H	False	False	True	0.7362979005120911	0.2075915963901461	1.1706971456756003	0.7033351380761025	0.0
easy:69134001	easy	G	G	True	True	False	0.9267126423505907	0.9267126423505907	0.006206212510044416	0.9175517226444145	0.0
none-narrower:85209005	none-narrower	none	none	True	False		0.7575860515057081	0.7575860515057081	0.10456946441078604	0.7272843079439217	0.0
gold-removed:67873006	gold-removed	none	none	True	False		0.6539862164932888	0.6539862164932888	0.20821243888801358	0.6107344935549499	0.0
hard:7393007	hard	B	B	True	False	True	0.946791596855898	0.946791596855898	0.0033350053468342283	0.9401405464628853	0.0
none-narrower:1254886004	none-narrower	none	G	False	False		0.6519465263886708	0.0377627212110044	1.4383161032373466	0.6084398421872547	0.0
hard:61738006	hard	D	D	True	True	False	0.9640689812901172	0.9640689812901172	0.001542610592048229	0.9595776039513819	0.0
easy:236740006	easy	C	C	True	False	True	0.9112141659726113	0.9112141659726113	0.010014712507728363	0.9001159367191878	0.0
hard:403426003	hard	H	H	True	True	False	0.9230715687978983	0.9230715687978983	0.006974697060195527	0.9134555148976355	0.0
none-narrower:720979002	none-narrower	none	D	False	False		0.9641230255285571	0.00836022888485282	1.91299923899438	0.9596384037196267	0.0
hard:186437007	hard	G	G	True	False	True	0.9400924932005806	0.9400924932005806	0.0041034119008497	0.9326040548506533	0.0
hard:134031000119108	hard	B	B	True	True	True	0.9514547899155198	0.9514547899155198	0.0027420310352419294	0.9453866386549599	0.0
easy:95643007	easy	G	G	True	True	False	0.9366523420907944	0.9366523420907944	0.004873914249016231	0.9287338848521437	0.0
gold-removed:717183001	gold-removed	none	A	False	False		0.8718007301005293	0.09510218078806291	1.5790834045594289	0.8557758213630954	0.0
easy:72991005	easy	B	B	True	True	True	0.8388087890778612	0.8388087890778612	0.04244336074030701	0.8186598877125939	0.0
retrieval-miss:71444005	retrieval-miss	none	G	False	False	True	0.7181969389141535	0.202488184890813	1.1536554231537757	0.6829715562784228	0.0
easy:400178008	easy	G	G	True	True	False	0.9074737950561793	0.9074737950561793	0.009897305653018431	0.8959080194382018	0.0
none-narrower:688271000119100	none-narrower	none	H	False	False		0.8281213174732936	0.1452307954002571	1.4165702295033689	0.8066364821574554	0.0
hard:698251009	hard	C	C	True	True	True	0.9497365033024883	0.9497365033024883	0.002952058717631195	0.9434535662152993	0.0
retrieval-miss:445507008	retrieval-miss	none	C	False	False	True	0.7381911838861271	0.24381224622032088	1.1168481826932788	0.7054650818718932	0.0
hard:363478007	hard	H	H	True	True	True	0.7763701770542548	0.7763701770542548	0.08520673796247813	0.7484164491860367	0.0
hard:297232009	hard	G	G	True	True	False	0.9435055303371666	0.9435055303371666	0.003660287748207419	0.9364437216293124	0.0
none-narrower:1177049006	none-narrower	none	E	False	False		0.4775857027297864	0.4775857027297864	0.5018806034366945	0.41228391557100974	0.0
easy:50967008	easy	A	A	True	True	False	0.8995739175861014	0.8995739175861014	0.013704102881293128	0.8870206572843642	0.0
hard:302162004	hard	E	E	True	True	False	0.9519264741339757	0.9519264741339757	0.0026944151285446505	0.9459172834007227	0.0
easy:45339001	easy	A	A	True	True	False	0.8986202546492005	0.8986202546492005	0.013447788676523178	0.8859477864803507	0.0
easy:419097006	easy	A	A	True	True	False	0.9502986867846518	0.9502986867846518	0.002978273993798106	0.9440860226327333	0.0
none-narrower:64634000	none-narrower	none	none	True	False		0.39189516168465804	0.39189516168465804	0.48024650295142285	0.31588205689524035	0.0
easy:92175003	easy	G	G	True	True	False	0.9199385819952924	0.9199385819952924	0.007358955637783104	0.9099309047447041	0.0
none-narrower:21420006	none-narrower	none	none	True	False		0.3943071065849479	0.3943071065849479	0.4852378742225777	0.3185954949080664	0.0
retrieval-miss:36803009	retrieval-miss	none	F	False	False	True	0.9348733953262303	0.015267229692047548	1.8444181404875941	0.926732569742009	0.0
hard:2576002	hard	G	G	True	False	True	0.9349235517246597	0.9349235517246597	0.004953360173657498	0.9267889956902421	0.0
easy:458432002	easy	E	E	True	True	False	0.8966624276855759	0.8966624276855759	0.013856373074702598	0.8837452311462729	0.0
none-narrower:609464004	none-narrower	none	none	True	False		0.5302830314103514	0.5302830314103514	0.34161229665247933	0.4715684103366453	0.0
easy:1059007	easy	E	E	True	True	False	0.9502854204082111	0.9502854204082111	0.002907121831538023	0.9440710979592376	0.0
retrieval-miss:717182006	retrieval-miss	none	none	True	False	True	0.922966247859078	0.922966247859078	0.006876670343861857	0.9133370288414628	0.0
easy:26037005	easy	D	D	True	False	True	0.93972287760214	0.93972287760214	0.004509258193048108	0.9321882373024075	0.0
hard:47125007	hard	E	E	True	True	False	0.9183385878873628	0.9183385878873628	0.00819224969484127	0.9081309113732833	0.0
none-narrower:449782007	none-narrower	none	none	True	False		0.5794390927888027	0.5794390927888027	0.25571709759242384	0.5268689793874031	0.0
easy:719838008	easy	B	B	True	False	True	0.9387566907064095	0.9387566907064095	0.004514015157630474	0.9311012770447107	0.0
hard:128870005	hard	E	E	True	False	True	0.9433057339825707	0.9433057339825707	0.004094617416544063	0.9362189507303921	0.0
easy:186312003	easy	C	C	True	True	False	0.7898046419674403	0.7898046419674403	0.08042450466969583	0.7635302222133703	0.0
gold-removed:715391004	gold-removed	none	C	False	False		0.46306698634489035	0.33742936545587837	0.6720528351125218	0.3959503596380017	0.0
hard:2946003	hard	D	D	True	False	True	0.9535777290657218	0.9535777290657218	0.0025249158792753053	0.9477749451989371	0.0
hard:274864009	hard	G	G	True	True	True	0.8654668277587383	0.8654668277587383	0.024241820581701275	0.8486501812285806	0.0
easy:54280009	easy	G	G	True	True	False	0.9470249977351797	0.9470249977351797	0.0032177396273945923	0.9404031224520771	0.0
none-narrower:81704009	none-narrower	none	D	False	False		0.4865402235247459	0.41532515154698424	0.5816658916250442	0.42235775146533916	0.0
retrieval-miss:702949005	retrieval-miss	none	none	True	False	True	0.9411194149400051	0.9411194149400051	0.003984818676009927	0.9337593418075056	0.0
hard:373905003	hard	B	B	True	True	True	0.950790072470193	0.950790072470193	0.002802319306572735	0.9446388315289671	0.0
retrieval-miss:277574007	retrieval-miss	none	none	True	False	True	0.53773844284929	0.53773844284929	0.36850107211869065	0.4799557482054512	0.0
hard:92668003	hard	H	H	True	True	False	0.9457888627875186	0.9457888627875186	0.0034240166047029784	0.9390124706359584	0.0
hard:88687001	hard	E	E	True	False	True	0.8468699542608049	0.8468699542608049	0.0306997283403088	0.8277286985434055	0.0
easy:190794006	easy	C	C	True	False	True	0.9188050899232101	0.9188050899232101	0.008026321056260596	0.9086557261636113	0.0
easy:16784003	easy	C	C	True	False	True	0.6550955012603166	0.6550955012603166	0.18587512803589895	0.6119824389178561	0.0
hard:18504008	hard	D	D	True	True	False	0.938260599268958	0.938260599268958	0.004565820346792084	0.9305431741775778	0.0
gold-removed:234500001	gold-removed	none	A	False	False		0.5981563695476453	0.3720688364847306	0.7524067806853598	0.5479259157411009	0.0
easy:265798000	easy	G	G	True	False	True	0.9157343217259633	0.9157343217259633	0.008664860783349519	0.9052011119417086	0.0
none-narrower:202918005	none-narrower	none	B	False	False		0.8399441830682497	0.12574325782185067	1.4701463448279464	0.8199372059517809	0.0
gold-removed:765141005	gold-removed	none	none	True	False		0.8223694330138955	0.8223694330138955	0.038957225645241365	0.8001656121406324	0.0
none-narrower:233696002	none-narrower	none	E	False	False		0.5943842078543914	0.36972248915877715	0.7510470332652577	0.5436822338361903	0.0
hard:403818001	hard	F	F	True	True	False	0.9676288147385429	0.9676288147385429	0.0012208532174650354	0.9635824165808609	0.0
none-narrower:285251000119101	none-narrower	none	B	False	False		0.5557076142025743	0.15667602396824212	1.0572723973072153	0.5001710659778962	0.0
easy:36989005	easy	H	H	True	True	False	0.9280927342186917	0.9280927342186917	0.006591990099185103	0.9191043259960282	0.0
hard:763632004	hard	G	G	True	False	True	0.9362264202046434	0.9362264202046434	0.004804077407306368	0.9282547227302239	0.0
hard:92059004	hard	G	G	True	True	False	0.9209747836211946	0.9209747836211946	0.007382932941611685	0.9110966315738439	0.0
easy:389203001	easy	B	B	True	True	False	0.7913414340022957	0.7913414340022957	0.07072714557631653	0.7652591132525827	0.0
retrieval-miss:18718003	retrieval-miss	none	none	True	False	True	0.8895152715985861	0.8895152715985861	0.014369890998577191	0.8757046805484093	0.0
none-narrower:710360007	none-narrower	none	E	False	False		0.45003940443514107	0.3841670427400132	0.5949128188547412	0.3812943299895337	0.0
gold-removed:47014000	gold-removed	none	none	True	False		0.891249835933823	0.891249835933823	0.014024181702124125	0.8776560654255509	0.0
hard:37785001	hard	E	E	True	True	False	0.9603274340361702	0.9603274340361702	0.0018299175059011015	0.9553683632906915	0.0
hard:237877004	hard	G	G	True	True	False	0.9383471941148477	0.9383471941148477	0.004378182949313639	0.9306405933792038	0.0
easy:304603007	easy	H	H	True	True	False	0.9441079847399889	0.9441079847399889	0.003574140884348229	0.9371214828324875	0.0
hard:93948004	hard	E	E	True	True	True	0.6234575959357672	0.6234575959357672	0.2248799233636185	0.5763897954277383	0.0
hard:430042004	hard	F	F	True	True	False	0.7062731433781478	0.7062731433781478	0.14302275475647958	0.6695572863004164	0.0
hard:254062008	hard	H	H	True	True	False	0.9186499399093191	0.9186499399093191	0.007754846315546997	0.9084811823979839	0.0
hard:725392005	hard	G	A	False	False	True	0.7835176479550228	0.16096963067202041	1.319096043496418	0.7564573539494006	0.0
easy:229752008	easy	D	D	True	False	True	0.8356400043996229	0.8356400043996229	0.03946679460968153	0.8150950049495759	0.0
easy:14386001	easy	F	F	True	True	False	0.9689387519167433	0.9689387519167433	0.0011103631684386667	0.9650560959063363	0.0
none-narrower:276646003	none-narrower	none	none	True	False		0.670057316562438	0.670057316562438	0.17833717685230305	0.628814481132743	0.0
retrieval-miss:448015002	retrieval-miss	none	none	True	False	True	0.7956092380082027	0.7956092380082027	0.054759130470740935	0.770060392759228	0.0
none-narrower:188247000	none-narrower	none	B	False	False		0.463755089067584	0.463755089067584	0.5053560100513957	0.39672447520103205	0.0
easy:254180002	easy	B	B	True	True	False	0.9611076168979387	0.9611076168979387	0.0017446753668015878	0.9562460690101809	0.0
easy:766928004	easy	E	E	True	True	True	0.9545586978889536	0.9545586978889536	0.0024788576611484334	0.9488785351250729	0.0
none-narrower:230174006	none-narrower	none	A	False	False		0.587900379084095	0.36568939336701545	0.7489057047164985	0.5363879264696069	0.0
gold-removed:255184001	gold-removed	none	H	False	False		0.6956236699302604	0.07588355575522474	1.3768392292283864	0.657576628671543	0.0
retrieval-miss:62628008	retrieval-miss	none	C	False	False	True	0.9395600370847392	0.024667403182357314	1.834288702234933	0.9320050417203316	0.0
gold-removed:25792000	gold-removed	none	none	True	False		0.8805040289733163	0.8805040289733163	0.02126897599720128	0.8655670325949809	0.0
easy:127024001	easy	F	F	True	True	False	0.8552790656835908	0.8552790656835908	0.030137098025759188	0.8371889488940397	0.0
hard:13534001	hard	F	F	True	True	False	0.9187478062634113	0.9187478062634113	0.010554653612011501	0.9085912820463378	0.0
gold-removed:70020005	gold-removed	none	none	True	False		0.9242496940476873	0.9242496940476873	0.006759886280696727	0.9147809058036483	0.0
hard:198029003	hard	A	A	True	True	False	0.9498435873553566	0.9498435873553566	0.0029805900413999655	0.9435740357747762	0.0
easy:6631009	easy	H	H	True	False	True	0.8213982389318689	0.8213982389318689	0.04273394908438145	0.7990730187983527	0.0
retrieval-miss:403910009	retrieval-miss	none	none	True	False	True	0.5462109277284196	0.5462109277284196	0.29160979711497537	0.4894872936944721	0.0
hard:399072004	hard	E	E	True	True	True	0.9407257663151326	0.9407257663151326	0.004139080626453818	0.9333164871045243	0.0
gold-removed:82323002	gold-removed	none	none	True	False		0.7580401453850513	0.7580401453850513	0.07868241867071142	0.7277951635581827	0.0
hard:254167000	hard	F	F	True	False	True	0.9169292450625864	0.9169292450625864	0.008823968419725305	0.9065454006954099	0.0
hard:72925005	hard	G	G	True	False	True	0.8439080439958895	0.8439080439958895	0.033837490570704835	0.8243965494953757	0.0
hard:703219008	hard	C	C	True	True	True	0.8885739511840735	0.8885739511840735	0.017754397026141348	0.8746456950820828	0.0
easy:254052001	easy	G	G	True	False	True	0.9271140760221614	0.9271140760221614	0.006278211788876379	0.9180033355249316	0.0
none-narrower:403933005	none-narrower	none	F	False	False		0.7870168818271382	0.18941298556908956	1.2765938601136106	0.7603939920555306	0.0
retrieval-miss:239011004	retrieval-miss	none	none	True	False	True	0.7980347187159206	0.7980347187159206	0.0679525510282181	0.7727890585554108	0.0
easy:67782005	easy	G	F	False	False	True	0.47576542842112707	0.47576542842112707	0.5017958467772671	0.410236106973768	0.0
hard:237946002	hard	H	H	True	False	True	0.941667585036234	0.941667585036234	0.0040364299661285845	0.9343760331657635	0.0
easy:204036008	easy	F	F	True	True	False	0.8527415899628218	0.8527415899628218	0.03386390098948864	0.8343342887081746	0.0
easy:93870000	easy	C	C	True	True	True	0.948990855814275	0.948990855814275	0.0033070845924238024	0.9426147127910594	0.0
none-narrower:149941000119100	none-narrower	none	none	True	False		0.7934590066734223	0.7934590066734223	0.05609955152224172	0.7676413825076002	0.0
gold-removed:766815007	gold-removed	none	none	True	False		0.6592333013949728	0.6592333013949728	0.20622834200977572	0.6166374640693445	0.0
none-narrower:402925001	none-narrower	none	A	False	False		0.8980873998398766	0.06093971651440022	1.6890202759885466	0.8853483248198611	0.0
easy:57219006	easy	G	B	False	False	True	0.46537152946236954	0.0008290496145732642	1.3375030496749438	0.39854297064516575	0.0
hard:254157005	hard	D	H	False	False	True	0.886100359535497	0.04381307914237209	1.7005114994446002	0.8718629044774342	0.0
none-narrower:403129004	none-narrower	none	none	True	False		0.5285980240284462	0.5285980240284462	0.425948459921807	0.46967277703200205	0.0
none-narrower:52042003	none-narrower	none	A	False	False		0.6707296298925965	0.2595162635719938	1.0011092444206002	0.6295708336291712	0.0
easy:128333008	easy	A	A	True	True	False	0.8703307770870345	0.8703307770870345	0.023778865535669016	0.8541221242229139	0.0
none-narrower:255051004	none-narrower	none	G	False	False		0.9155365581612838	0.0240366910352917	1.7914285144662367	0.9049786279314442	0.0
easy:389272007	easy	E	E	True	True	False	0.9546570857850366	0.9546570857850366	0.002454359449047355	0.9489892215081663	0.0
retrieval-miss:102878001	retrieval-miss	none	none	True	False	True	0.9338214077472355	0.9338214077472355	0.005016913897404168	0.9255490837156399	0.0
hard:717052002	hard	E	E	True	True	False	0.9592694842122944	0.9592694842122944	0.0019086835477960045	0.9541781697388312	0.0
retrieval-miss:237886009	retrieval-miss	none	A	False	False	True	0.5447278394914089	0.3969342937244826	0.6618675050987106	0.48781881942783506	0.0
retrieval-miss:235919008	retrieval-miss	none	B	False	False	True	0.5662451877260758	0.41261363607228796	0.6657718603723171	0.5120258361918353	0.0
hard:254096001	hard	C	C	True	True	False	0.9595624078376923	0.9595624078376923	0.0018947299231154137	0.9545077088174039	0.0
easy:59276001	easy	H	H	True	False	True	0.9294911523215339	0.9294911523215339	0.005750589992002701	0.9206775463617256	0.0
gold-removed:88233000	gold-removed	none	none	True	False		0.48246026174074214	0.48246026174074214	0.44473983904355996	0.41776779445833495	0.0
easy:717014003	easy	F	F	True	True	False	0.9659870005787415	0.9659870005787415	0.0013132837754725108	0.9617353756510844	0.0
retrieval-miss:269476000	retrieval-miss	none	none	True	False	True	0.6321744468917329	0.6321744468917329	0.21976259554085975	0.5861962527531995	0.0
easy:56048001	easy	C	C	True	False	True	0.9608232923339335	0.9608232923339335	0.0018003780314463425	0.9559262038756752	0.0
easy:45142002	easy	B	B	True	True	False	0.9553896069906971	0.9553896069906971	0.0023200942235754316	0.9498133078645342	0.0
none-narrower:335561000119101	none-narrower	none	F	False	False		0.9043157395777869	0.07188404168168809	1.679280454305672	0.8923552070250104	0.0
hard:61094002	hard	A	A	True	True	False	0.9449458012404712	0.9449458012404712	0.0035674757841262835	0.9380640263955301	0.0
easy:197260007	easy	A	A	True	False	True	0.6896016936027994	0.6896016936027994	0.14214331261017304	0.6508019053031495	0.0
hard:363481002	hard	G	G	True	True	True	0.9392963693651848	0.9392963693651848	0.004343232485880037	0.9317084155358328	0.0
retrieval-miss:230687001	retrieval-miss	none	E	False	False	True	0.6248711538805073	0.24177291769454812	0.9714606214828341	0.5779800481155708	0.0
easy:29227009	easy	G	G	True	True	False	0.9400186620371358	0.9400186620371358	0.004220768327972724	0.9325209947917777	0.0
retrieval-miss:30865009	retrieval-miss	none	F	False	False	True	0.8204310130025445	0.14388211801894885	1.4064568927876684	0.7979848896278625	0.0
hard:128207002	hard	C	C	True	True	False	0.5049968128633618	0.5049968128633618	0.4323317708665631	0.4431214144712821	0.0
hard:233858000	hard	A	A	True	True	True	0.9422124067834261	0.9422124067834261	0.003897114501130188	0.9349889576313544	0.0
retrieval-miss:277475006	retrieval-miss	none	none	True	False	True	0.4891850438727007	0.4891850438727007	0.44090344767216527	0.4253331743567883	0.0
hard:363352004	hard	E	E	True	True	False	0.9451077354471764	0.9451077354471764	0.003517426986270748	0.9382462023780734	0.0
hard:65814009	hard	D	D	True	True	False	0.9502393946709373	0.9502393946709373	0.0028507850085786103	0.9440193190048045	0.0
none-narrower:426370008	none-narrower	none	E	False	False		0.5482487824949708	0.3994999271215281	0.6620364463591351	0.49177988030684217	0.0
none-narrower:39625001	none-narrower	none	E	False	False		0.7106295131918848	0.2749541908743543	1.0307499330522432	0.6744582023408705	0.0
none-narrower:271386001	none-narrower	none	A	False	False		0.32154371401497095	0.27447925881255814	0.7368280191155188	0.23673667826684233	0.0
easy:63844009	easy	F	F	True	True	False	0.5075628808573015	0.5075628808573015	0.4319104132924453	0.44600824096446423	0.0
easy:254957009	easy	B	B	True	False	True	0.9494982161774301	0.9494982161774301	0.0031845174307021337	0.9431854931996089	0.0
hard:397734008	hard	G	G	True	True	False	0.9411809102124855	0.9411809102124855	0.003963796305939758	0.9338285239890461	0.0
gold-removed:80126007	gold-removed	none	none	True	False		0.8428497284857674	0.8428497284857674	0.03499827249880993	0.8232059445464883	0.0
hard:36874002	hard	E	E	True	True	False	0.9455971685423028	0.9455971685423028	0.0035188581442415945	0.9387968146100907	0.0
easy:92058007	easy	F	F	True	True	True	0.9174631824662891	0.9174631824662891	0.008298601104722981	0.9071460802745752	0.0
none-narrower:268651002	none-narrower	none	A	False	False		0.37479547592173984	0.37479547592173984	0.5716154450342313	0.29664491041195734	0.0
gold-removed:312491004	gold-removed	none	none	True	False		0.5762604946218829	0.5762604946218829	0.2671981105675928	0.5232930564496183	0.0
easy:110004001	easy	A	A	True	True	False	0.9346917288604798	0.9346917288604798	0.005177371915898963	0.9265281949680398	0.0
hard:398796005	hard	B	B	True	True	False	0.9245073134441009	0.9245073134441009	0.007462488907895599	0.9150707276246135	0.0
hard:302161006	hard	B	B	True	True	False	0.9513882831618733	0.9513882831618733	0.0027715848182485493	0.9453118185571076	0.0
hard:191169008	hard	F	C	False	False	True	0.9536754613180322	0.008269633271856557	1.8932987060883826	0.9478848939827863	0.0
gold-removed:608817003	gold-removed	none	E	False	False		0.9313116601513752	0.04604854261697665	1.7774591862639406	0.9227256176702973	0.0
easy:303012000	easy	H	H	True	True	False	0.5941045329487966	0.5941045329487966	0.26869974154597664	0.5433675995673962	0.0
hard:719012009	hard	E	E	True	True	False	0.9086895836122043	0.9086895836122043	0.01002519708745804	0.89727578156373	0.0
hard:269533000	hard	D	D	True	True	False	0.9279612417801726	0.9279612417801726	0.0059466755823228325	0.9189563970026942	0.0
easy:397015000	easy	H	H	True	True	False	0.9449890558898217	0.9449890558898217	0.0035654425719646617	0.9381126878760494	0.0
none-narrower:232245002	none-narrower	none	B	False	False		0.5705706657899962	0.22076313037026746	0.9684261052734124	0.5168919990137457	0.0
retrieval-miss:129154003	retrieval-miss	none	C	False	False	True	0.874588208414542	0.06952098620614934	1.6314912704280529	0.8589117344663597	0.0
gold-removed:359732009	gold-removed	none	none	True	False		0.6997986656420888	0.6997986656420888	0.14476567392821427	0.66227349884735	0.0
gold-removed:706885006	gold-removed	none	none	True	False		0.6966385751480179	0.6966385751480179	0.11887333028112902	0.6587183970415202	0.0
none-narrower:192051000	none-narrower	none	G	False	False		0.625412323302797	0.3320813706258302	0.8376372950353316	0.5785888637156467	0.0
gold-removed:716588005	gold-removed	none	H	False	False		0.8460654480051676	0.05740977797944341	1.606726192585668	0.8268236290058136	0.0
hard:721881008	hard	G	G	True	True	False	0.8445894405398684	0.8445894405398684	0.0340877830360357	0.825163120607352	0.0
gold-removed:360375007	gold-removed	none	none	True	False		0.7295492853922788	0.7295492853922788	0.09975666251337285	0.6957429460663138	0.0
none-narrower:1258979003	none-narrower	none	none	True	False		0.5162115563326609	0.5162115563326609	0.3501499865927542	0.45573800087424354	0.0
easy:56787009	easy	B	B	True	False	True	0.9397102823092541	0.9397102823092541	0.004204558981609761	0.932174067597911	0.0
none-narrower:235986006	none-narrower	none	none	True	False		0.5807807880030076	0.5807807880030076	0.2530520119095474	0.5283783865033835	0.0
retrieval-miss:56038003	retrieval-miss	none	none	True	False	True	0.5001178840108634	0.5001178840108634	0.4351973323589362	0.4376326195122214	0.0
retrieval-miss:716649003	retrieval-miss	none	E	False	False	True	0.4909730829181189	0.02072278801195821	1.3420560559743469	0.42734471828288384	0.0
hard:723096000	hard	B	B	True	True	True	0.949008487236723	0.949008487236723	0.0030470532505011715	0.9426345481413134	0.0
none-narrower:337871000119100	none-narrower	none	none	True	False		0.7518678281315276	0.7518678281315276	0.09632685419327101	0.7208513066479686	0.0
retrieval-miss:234477002	retrieval-miss	none	none	True	False	True	0.942053095850811	0.942053095850811	0.0038618795811651294	0.9348097328321625	0.0
easy:50189006	easy	D	D	True	False	True	0.8902679381549834	0.8902679381549834	0.015685258654118347	0.8765514304243563	0.0
retrieval-miss:403780007	retrieval-miss	none	A	False	False	True	0.43316032842281105	0.22999942619658909	0.8803501511772465	0.36230536947566244	0.0
easy:39912006	easy	F	F	True	True	False	0.9519673152598221	0.9519673152598221	0.002774620357349992	0.9459632296673001	0.0
none-narrower:93829002	none-narrower	none	C	False	False		0.36481147384532775	0.22692223595739527	0.8654129482355795	0.28541290807599373	0.0
hard:22451001	hard	C	C	True	True	True	0.9543691245564621	0.9543691245564621	0.0024635092476678207	0.9486652651260198	0.0
easy:124275001	easy	E	E	True	True	False	0.8778809595688626	0.8778809595688626	0.01954463536898455	0.8626160795149704	0.0
hard:126833009	hard	C	C	True	True	False	0.6816834281785004	0.6816834281785004	0.15437428191830077	0.641893856700813	0.0
none-narrower:75548002	none-narrower	none	none	True	False		0.5041973239404347	0.5041973239404347	0.43256414820265915	0.44222198943298907	0.0
hard:717821004	hard	G	G	True	True	False	0.9123119376212948	0.9123119376212948	0.00909958912358684	0.9013509298239568	0.0
gold-removed:254877001	gold-removed	none	none	True	False		0.824340364265505	0.824340364265505	0.039860628252002886	0.8023829097986933	0.0
gold-removed:726702005	gold-removed	none	none	True	False		0.7481017644260302	0.7481017644260302	0.08345363495162662	0.7166144849792839	0.0
retrieval-miss:254064009	retrieval-miss	none	none	True	False	True	0.4685307643111422	0.4685307643111422	0.4116629044013962	0.402097109850035	0.0
easy:39288006	easy	C	B	False	False	True	0.4983684799301073	0.22589058512766505	0.8992528242870607	0.4356645399213707	0.0
easy:62311004	easy	C	C	True	True	True	0.4398706527807955	0.4398706527807955	0.463513070636511	0.36985448437839497	0.0
hard:255084004	hard	F	F	True	True	True	0.8432432355054912	0.8432432355054912	0.034150610936113296	0.8236486399436777	0.0
hard:762282007	hard	C	C	True	False	True	0.9673006030320475	0.9673006030320475	0.001229434692094891	0.9632131784110534	0.0
easy:276860003	easy	B	B	True	True	False	0.9588580462819583	0.9588580462819583	0.001965783502220551	0.953715302067203	0.0
hard:33958003	hard	H	H	True	True	False	0.8932164727262987	0.8932164727262987	0.014083188658574547	0.8798685318170861	0.0
none-narrower:237782001	none-narrower	none	none	True	False		0.7213703713846464	0.7213703713846464	0.12053663896794842	0.6865416678077272	0.0
retrieval-miss:23687008	retrieval-miss	none	none	True	False	True	0.9023636324539666	0.9023636324539666	0.011184565366234186	0.8901590865107124	0.0
easy:720414005	easy	G	G	True	False	True	0.9435234672865555	0.9435234672865555	0.003710393660785022	0.936463900697375	0.0
hard:195021004	hard	F	F	True	True	False	0.5305448115345038	0.5305448115345038	0.37195703080814924	0.47186291297631683	0.0
hard:363436001	hard	E	E	True	True	True	0.898791896247539	0.898791896247539	0.012898098605071205	0.8861408832784813	0.0
easy:92083007	easy	B	B	True	True	True	0.9617511039930644	0.9617511039930644	0.0017433852802108863	0.9569699919921975	0.0
retrieval-miss:398768004	retrieval-miss	none	B	False	False	True	0.8973323518347021	0.03787422528913314	1.7329776224639222	0.8844988958140398	0.0
none-narrower:52897009	none-narrower	none	F	False	False		0.4171594235161962	0.13778080130455678	1.0917281078850931	0.3443043514557208	0.0
none-narrower:29340001000004108	none-narrower	none	A	False	False		0.48044858592389694	0.48044858592389694	0.5012666376683015	0.4155046591643841	0.0
easy:404077005	easy	H	H	True	True	False	0.7828282502271163	0.7828282502271163	0.07381355385059711	0.755681781505506	0.0
easy:51500006	easy	B	C	False	True	False	0.6603046247374861	0.29928981091551365	0.9276542501485038	0.6178427028296719	0.0
retrieval-miss:82639001	retrieval-miss	none	G	False	False	True	0.9365119970043657	0.015293994199328035	1.8472771124551304	0.9285759966299115	0.0
hard:4760008	hard	H	H	True	True	False	0.9068258433555135	0.9068258433555135	0.010394329189332962	0.8951790737749529	0.0
gold-removed:91478007	gold-removed	none	none	True	False		0.40488414699884107	0.40488414699884107	0.5203292646421618	0.3304946653736962	0.0
hard:126485001	hard	D	D	True	True	False	0.9542543316574761	0.9542543316574761	0.002443267938651198	0.9485361231146606	0.0
gold-removed:314270008	gold-removed	none	none	True	False		0.8040081251391547	0.8040081251391547	0.05129583402887856	0.779509140781549	0.0
easy:57917004	easy	C	C	True	True	False	0.9616865963904361	0.9616865963904361	0.0017109937684438685	0.9568974209392407	0.0
hard:703403003	hard	B	B	True	False	True	0.9541129285441675	0.9541129285441675	0.0025047768444475555	0.9483770446121885	0.0
easy:30496006	easy	C	C	True	False	True	0.86912614825705	0.86912614825705	0.026361603222103958	0.8527669167891813	0.0
easy:402525008	easy	C	C	True	True	False	0.9297169877744871	0.9297169877744871	0.006325376225188806	0.920931611246298	0.0
hard:719209002	hard	B	B	True	True	False	0.9602977818038443	0.9602977818038443	0.0018632802959229295	0.9553350045293248	0.0
easy:721094006	easy	H	H	True	True	False	0.9400122196088172	0.9400122196088172	0.004280359848321428	0.9325137470599193	0.0
hard:91612009	hard	E	E	True	True	False	0.9024397776961415	0.9024397776961415	0.012061284103760325	0.8902447499081592	0.0
none-narrower:1187464007	none-narrower	none	E	False	False		0.9553340485771	0.008284014598616635	1.8963866939971652	0.9497508046492376	0.0
hard:17025000	hard	C	C	True	False	True	0.9534360684620548	0.9534360684620548	0.002530758243769738	0.9476155770198117	0.0
none-narrower:427910000	none-narrower	none	none	True	False		0.39034132854371123	0.39034132854371123	0.5291168418117218	0.3141339946116752	0.0
gold-removed:49049000	gold-removed	none	none	True	False		0.9306753625821091	0.9306753625821091	0.0056841206911978324	0.9220097829048728	0.0
hard:57863006	hard	E	E	True	True	False	0.9623234358886977	0.9623234358886977	0.0016496868358915348	0.9576138653747851	0.0
gold-removed:26899006	gold-removed	none	none	True	False		0.7980699637755476	0.7980699637755476	0.052057799399903515	0.7728287092474911	0.0
none-narrower:15959101000119103	none-narrower	none	none	True	False		0.5549506914608902	0.5549506914608902	0.29453552002527816	0.4993195278935015	0.0
gold-removed:404064001	gold-removed	none	none	True	False		0.6741642336094992	0.6741642336094992	0.19967677985486398	0.6334347628106867	0.0
hard:254838004	hard	A	A	True	True	False	0.9125815784518888	0.9125815784518888	0.009312284907936692	0.901654275758375	0.0
easy:363494000	easy	G	G	True	True	True	0.5448988090469845	0.5448988090469845	0.300693057935891	0.4880111601778576	0.0
none-narrower:368721000119104	none-narrower	none	E	False	False		0.8766300564731703	0.06968328718509822	1.63472088027709	0.8612088135323167	0.0
hard:31220004	hard	B	B	True	True	False	0.9489939313992527	0.9489939313992527	0.0030209640532858303	0.9426181728241594	0.0
none-narrower:190471009	none-narrower	none	none	True	False		0.6577287014969273	0.6577287014969273	0.20643099092954476	0.6149447891840432	0.0
gold-removed:26538006	gold-removed	none	E	False	False		0.6707972799671005	0.22155318159196083	1.061688786590417	0.629646939962988	0.0
hard:204431007	hard	B	B	True	True	False	0.9426469275997973	0.9426469275997973	0.004114264984087407	0.9354777935497719	0.0
gold-removed:48500005	gold-removed	none	D	False	False		0.4403418957118065	0.3758888896370401	0.6124910008910864	0.3703846326757823	0.0
easy:734020000	easy	C	C	True	True	False	0.9691479488396633	0.9691479488396633	0.0010957493193393876	0.9652914424446212	0.0
retrieval-miss:720410001	retrieval-miss	none	none	True	False	True	0.6245034665135112	0.6245034665135112	0.25130611997708574	0.5775663998277001	0.0
retrieval-miss:389100007	retrieval-miss	none	none	True	False	True	0.8018559034115336	0.8018559034115336	0.05971825953900267	0.7770878913379753	0.0
none-narrower:197606008	none-narrower	none	none	True	False		0.8038414839496609	0.8038414839496609	0.049828463042803	0.7793216694433687	0.0
hard:626004	hard	H	H	True	True	False	0.9603940820727447	0.9603940820727447	0.0018096850565366273	0.9554433423318379	0.0
easy:52186006	easy	G	G	True	True	False	0.874690089503308	0.874690089503308	0.02001915221737153	0.8590263506912216	0.0
retrieval-miss:422886007	retrieval-miss	none	C	False	False	True	0.5770577377994066	0.05373560776131692	1.357287797579888	0.5241899550243325	0.0
hard:609573005	hard	A	A	True	True	False	0.949479502347675	0.949479502347675	0.0029850542173103776	0.9431644401411343	0.0
hard:72893007	hard	A	B	False	True	True	0.8661897700284172	0.09449011450322856	1.570716854253953	0.8494634912819695	0.0
gold-removed:254113006	gold-removed	none	B	False	False		0.47208667889475825	0.40298715849920125	0.5845984921276124	0.4060975137566031	0.0
easy:2177002	easy	B	B	True	True	False	0.9507804268690013	0.9507804268690013	0.0029441893933111847	0.9446279802276266	0.0
hard:111293003	hard	H	D	False	False	True	0.5180763080247776	0.10643608558577736	1.1466891804731845	0.4578358465278748	0.0
retrieval-miss:54203008	retrieval-miss	none	none	True	False	True	0.9496674064746398	0.9496674064746398	0.0028868286443366957	0.9433758322839697	0.0
easy:239032007	easy	G	G	True	True	False	0.9400821620021361	0.9400821620021361	0.004192933426013646	0.9325924322524033	0.0
hard:398680004	hard	F	C	False	False	True	0.9520911678002107	0.009671518265065158	1.8875308478754969	0.9461025637752372	0.0
easy:733626002	easy	C	C	True	True	False	0.9618071939433189	0.9618071939433189	0.0017161644137540398	0.9570330931862339	0.0
none-narrower:94505005	none-narrower	none	none	True	False		0.6696788053722001	0.6696788053722001	0.1784590537186848	0.6283886560437253	0.0
hard:724840004	hard	A	A	True	True	False	0.9415597953817418	0.9415597953817418	0.0040104164666230685	0.9342547698044595	0.0
easy:303852004	easy	D	D	True	True	False	0.9681832767825788	0.9681832767825788	0.0011687002503925996	0.9642061863804012	0.0
none-narrower:890354000	none-narrower	none	G	False	False		0.5480419473630562	0.39934923861481464	0.6620253414134387	0.4915471907834383	0.0
retrieval-miss:725291001	retrieval-miss	none	none	True	False	True	0.6310616742816845	0.6310616742816845	0.24863271976458112	0.5849443835668952	0.0
retrieval-miss:17885001	retrieval-miss	none	none	True	False	True	0.9443361609161607	0.9443361609161607	0.003683301674690739	0.9373781810306807	0.0
gold-removed:120639003	gold-removed	none	G	False	False		0.5775514161817671	0.26178106355454983	0.897971230647187	0.524745343204488	0.0
hard:92272009	hard	E	E	True	True	True	0.936006948829278	0.936006948829278	0.005070367180174738	0.9280078174329379	0.0
gold-removed:87211000119104	gold-removed	none	A	False	False		0.4791322027794231	0.4791322027794231	0.5011950853493212	0.414023728126851	0.0
none-narrower:143291000119104	none-narrower	none	none	True	False		0.658105956135355	0.658105956135355	0.16995443420254372	0.6153692006522744	0.0
retrieval-miss:10651001	retrieval-miss	none	none	True	False	True	0.7898168783455031	0.7898168783455031	0.06476928041133215	0.763543988138691	0.0
easy:720636001	easy	G	G	True	True	False	0.9510084259081704	0.9510084259081704	0.002778480565502583	0.9448844791466916	0.0
none-narrower:22935002	none-narrower	none	E	False	False		0.5424156570223443	0.3952494598879267	0.660982072378528	0.48521761415013737	0.0
easy:716742001	easy	F	F	True	False	True	0.9635983802772687	0.9635983802772687	0.0015524391884762078	0.9590481778119273	0.0
hard:398114001	hard	B	B	True	True	False	0.9451176622550074	0.9451176622550074	0.0034944504678599457	0.9382573700368834	0.0
gold-removed:27868004	gold-removed	none	none	True	False		0.5386435033984418	0.5386435033984418	0.2882858171054263	0.48097394132324706	0.0
retrieval-miss:238700008	retrieval-miss	none	E	False	False	True	0.6830256287943064	0.26427380518091875	1.0087824597059971	0.6434038323935947	0.0
easy:30281009	easy	D	D	True	True	False	0.8508555688368153	0.8508555688368153	0.03447782254949226	0.8322125149414172	0.0
none-narrower:12181002	none-narrower	none	none	True	False		0.5890717520602337	0.5890717520602337	0.26955906164476956	0.5377057210677629	0.0
easy:78511005	easy	H	H	True	True	False	0.9454056363437259	0.9454056363437259	0.003506808814129358	0.9385813408866918	0.0
easy:26360005	easy	A	A	True	True	True	0.9114600238135739	0.9114600238135739	0.009540846962651874	0.9003925267902707	0.0
none-narrower:403964007	none-narrower	none	H	False	False		0.8745285363709988	0.04324091282977409	1.682040026466507	0.8588446034173738	0.0
hard:303098002	hard	A	A	True	True	False	0.7355567640164327	0.7355567640164327	0.09889602432580674	0.7025013595184867	0.0
none-narrower:1343512002	none-narrower	none	none	True	False		0.7778505727614246	0.7778505727614246	0.05976009579715748	0.7500818943566028	0.0
easy:232086000	easy	E	E	True	False	True	0.9095110558736326	0.9095110558736326	0.010211699351145834	0.8981999378578366	0.0
easy:703544004	easy	B	B	True	False	True	0.7852085847405265	0.7852085847405265	0.06342843628163354	0.7583596578330923	0.0
retrieval-miss:720861000	retrieval-miss	none	C	False	False	True	0.5648780686987998	0.35136891159839573	0.7450869416885906	0.5104878272861497	0.0
none-narrower:1371100008	none-narrower	none	G	False	False		0.9407778900976194	0.02108412569859838	1.8435712902511319	0.9333751263598218	0.0
easy:253298003	easy	G	C	False	False	True	0.6340486396111985	0.28738899449148536	0.9134423942684924	0.5883047195625984	0.0
gold-removed:7071007	gold-removed	none	none	True	False		0.9229956660058827	0.9229956660058827	0.007134918016168879	0.913370124256618	0.0
easy:35111009	easy	D	D	True	True	True	0.9680159473158862	0.9680159473158862	0.0011738708947657856	0.9640179407303721	0.0
none-narrower:418054005	none-narrower	none	G	False	False		0.5077574699813495	0.4334368276174619	0.5800379505644269	0.4462271537290182	0.0
hard:27916005	hard	B	B	True	True	False	0.9576566157470334	0.9576566157470334	0.002099034972507028	0.9523636927154125	0.0
hard:72124005	hard	H	H	True	True	False	0.9046411591184297	0.9046411591184297	0.010809181546949764	0.8927213040082335	0.0
easy:111354009	easy	D	D	True	False	True	0.9403733088985071	0.9403733088985071	0.0045558217662382055	0.9329199725108205	0.0
hard:11218009	hard	B	B	True	False	True	0.6699968492382645	0.6699968492382645	0.177578115621641	0.6287464553930477	0.0
easy:717734005	easy	E	E	True	True	False	0.7508214405914457	0.7508214405914457	0.09622643600762637	0.7196741206653764	0.0
easy:716277000	easy	D	D	True	True	False	0.9634621855046682	0.9634621855046682	0.0015460955534950113	0.9588949586927519	0.0
retrieval-miss:95532008	retrieval-miss	none	none	True	False	True	0.765956132753195	0.765956132753195	0.078091284179447	0.7367006493473444	0.0
hard:67678004	hard	D	D	True	True	True	0.9554260437249268	0.9554260437249268	0.002398178811698816	0.9498542991905428	0.0
none-narrower:235929001	none-narrower	none	none	True	False		0.8602835108748484	0.8602835108748484	0.028830425174736378	0.8428189497342046	0.0
gold-removed:235601001	gold-removed	none	none	True	False		0.8422135146103588	0.8422135146103588	0.03254898580378845	0.8224902039366537	0.0
gold-removed:717332007	gold-removed	none	none	True	False		0.911617282191269	0.911617282191269	0.009576968589743221	0.9005694424651778	0.0
easy:766050000	easy	A	A	True	True	False	0.9442320424995042	0.9442320424995042	0.0037563266239342826	0.9372610478119423	0.0
gold-removed:187740000	gold-removed	none	C	False	False		0.8178318123829919	0.16801930515132665	1.3610930287362681	0.795060788930866	0.0
easy:196133001	easy	E	E	True	False	True	0.9412205139500054	0.9412205139500054	0.0040974448455907905	0.9338730781937561	0.0
none-narrower:38731000087104	none-narrower	none	B	False	False		0.9373957098615834	0.021008324813539314	1.837708454855234	0.9295701735942814	0.0
none-narrower:48352007	none-narrower	none	none	True	False		0.9108970527616109	0.9108970527616109	0.010966621125116168	0.8997591843568122	0.0
retrieval-miss:190773008	retrieval-miss	none	none	True	False	True	0.9382725793514667	0.9382725793514667	0.004440504421908118	0.9305566517704001	0.0
hard:234577004	hard	G	G	True	True	False	0.9400670703699074	0.9400670703699074	0.004201457199134774	0.9325754541661458	0.0
hard:95776004	hard	G	G	True	True	False	0.706832814659638	0.706832814659638	0.14120038733615206	0.6701869164920928	0.0
easy:124252008	easy	G	G	True	True	False	0.9396470345978949	0.9396470345978949	0.0042698529827708345	0.9321029139226318	0.0
easy:402425006	easy	E	E	True	True	False	0.8128170411525208	0.8128170411525208	0.046471894502774586	0.7894191712965859	0.0
hard:722059002	hard	D	D	True	True	False	0.9645839575685143	0.9645839575685143	0.0014735598170070056	0.9601569522645788	0.0
easy:193756007	easy	A	A	True	True	False	0.9386196238412476	0.9386196238412476	0.004521382934030191	0.9309470768214035	0.0
easy:57203004	easy	D	D	True	True	True	0.6584778041167416	0.6584778041167416	0.2061427279369929	0.6157875296313343	0.0
easy:308870004	easy	E	E	True	True	False	0.9567853758777957	0.9567853758777957	0.002148979180931539	0.9513835478625202	0.0
gold-removed:205465004	gold-removed	none	none	True	False		0.6970426321985055	0.6970426321985055	0.11161837701102145	0.6591729612233187	0.0
easy:398909004	easy	H	H	True	True	False	0.9353730698560497	0.9353730698560497	0.0048927236078767375	0.9272947035880561	0.0
easy:92624000	easy	B	B	True	True	False	0.9493045779696355	0.9493045779696355	0.0031637157659692296	0.9429676502158401	0.0
hard:403805009	hard	G	G	True	True	False	0.9512821627044645	0.9512821627044645	0.002766288648238779	0.9451924330425225	0.0
easy:21897009	easy	G	G	True	True	False	0.9453731047675478	0.9453731047675478	0.00340039570058625	0.9385447428634912	0.0
hard:278833002	hard	D	D	True	True	True	0.5811328389382412	0.5811328389382412	0.2594357127730794	0.5287744438055214	0.0
gold-removed:721073008	gold-removed	none	B	False	False		0.4563229412357562	0.4563229412357562	0.5074736570751385	0.38836330889022574	0.0
easy:255003007	easy	A	A	True	True	False	0.9535916131653601	0.9535916131653601	0.002566829128642706	0.9477905648110301	0.0
none-narrower:783705006	none-narrower	none	F	False	False		0.9123544639450982	0.045111212296960974	1.744635177382372	0.9013987719382355	0.0
easy:726609005	easy	C	C	True	True	False	0.9716922925431072	0.9716922925431072	0.0009214332778350261	0.9681538291109957	0.0
none-narrower:186679007	none-narrower	none	none	True	False		0.5965085798281062	0.5965085798281062	0.26643717838972875	0.5460721523066195	0.0
none-narrower:27507004	none-narrower	none	H	False	False		0.8397054800232092	0.12570752038895397	1.4697309686821605	0.8196686650261105	0.0
gold-removed:277568007	gold-removed	none	none	True	False		0.6390903206785542	0.6390903206785542	0.19844288974669877	0.5939766107633736	0.0
hard:238676008	hard	B	B	True	False	True	0.9610243898056864	0.9610243898056864	0.00182266478796681	0.9561524385313973	0.0
easy:19905009	easy	G	G	True	True	False	0.9407938279194967	0.9407938279194967	0.004095226939639732	0.9333930564094338	0.0
easy:404120006	easy	E	E	True	True	False	0.9448358090411061	0.9448358090411061	0.0036045410013167698	0.9379402851712445	0.0
gold-removed:39390005	gold-removed	none	none	True	False		0.5183591554519009	0.5183591554519009	0.3573492714470845	0.4581540498833886	0.0
hard:722290008	hard	F	F	True	False	True	0.9633529143894386	0.9633529143894386	0.0015521565221681317	0.9587720286881184	0.0
retrieval-miss:59399004	retrieval-miss	none	H	False	False	True	0.5081185415537056	0.37025762374505145	0.6598395058709277	0.44663335924791886	0.0
retrieval-miss:4855003	retrieval-miss	none	F	False	False	True	0.4881341522519031	0.4166857603787121	0.5827048207504845	0.424150921283391	0.0
easy:399463004	easy	H	H	True	True	True	0.8916254996191963	0.8916254996191963	0.013864039234699725	0.8780786870715959	0.0
hard:230595006	hard	C	C	True	True	False	0.9597424308935472	0.9597424308935472	0.001896378105867843	0.9547102347552405	0.0
retrieval-miss:10177005	retrieval-miss	none	H	False	False	True	0.7595690087385409	0.18280705825370414	1.2457569090579796	0.7295151348308585	0.0
hard:398963001	hard	G	G	True	False	True	0.8466117106189196	0.8466117106189196	0.029502561096845726	0.8274381744462846	0.0
retrieval-miss:717812000	retrieval-miss	none	none	True	False	True	0.8310414673321727	0.8310414673321727	0.03707412347917805	0.8099216507486943	0.0
none-narrower:783558004	none-narrower	none	A	False	False		0.929503813727089	0.02858779458256721	1.807958054420773	0.9206917904429751	0.0
none-narrower:721677005	none-narrower	none	none	True	False		0.8873496980483087	0.8873496980483087	0.019680920178561767	0.8732684103043472	0.0
none-narrower:372024009	none-narrower	none	H	False	False		0.9286708509821882	0.009433608132933612	1.8445433406342726	0.9197547073549617	0.0
hard:86203003	hard	B	B	True	True	False	0.9462453357524441	0.9462453357524441	0.0033665137556925383	0.9395260027214996	0.0
none-narrower:268654005	none-narrower	none	none	True	False		0.5155978331808115	0.5155978331808115	0.3789531404588435	0.45504756232841304	0.0
none-narrower:66265004	none-narrower	none	D	False	False		0.8333438073663192	0.12475513257675426	1.4610817893552737	0.8125117832871092	0.0
easy:89655007	easy	F	F	True	False	True	0.5172971082013406	0.5172971082013406	0.34894612041014256	0.4569592467265082	0.0
hard:28656008	hard	D	D	True	False	True	0.9649011795056759	0.9649011795056759	0.0014401735629050955	0.9605138269438853	0.0
hard:442551007	hard	A	A	True	True	False	0.9379651142638127	0.9379651142638127	0.004593056454006174	0.9302107535467894	0.0
easy:764997000	easy	G	G	True	True	False	0.9541650125616474	0.9541650125616474	0.0024246454785047905	0.9484356391318534	0.0
retrieval-miss:763669001	retrieval-miss	none	none	True	False	True	0.8311863667566605	0.8311863667566605	0.0365155399152358	0.8100846626012431	0.0
none-narrower:1196912004	none-narrower	none	C	False	False		0.8358450987879749	0.12512960787989152	1.4643438340367316	0.8153257361364717	0.0
none-narrower:1237346001	none-narrower	none	B	False	False		0.9377152139544459	0.011158801283513976	1.857890659779184	0.9299296156987518	0.0
hard:118600007	hard	F	F	True	True	False	0.6096764337003329	0.6096764337003329	0.23366746281881784	0.5608859879128745	0.0
hard:400142003	hard	A	A	True	True	False	0.93687183067424	0.93687183067424	0.004771480181618188	0.92898080950852	0.0
hard:48718006	hard	D	D	True	True	False	0.922883554625921	0.922883554625921	0.0074990221828751214	0.9132439989541612	0.0
easy:715748006	easy	D	D	True	True	False	0.9640826738227649	0.9640826738227649	0.001475398863856628	0.9595930080506107	0.0
retrieval-miss:58437007	retrieval-miss	none	D	False	False	True	0.6370300755191359	0.3382502231959308	0.8438185180479303	0.591658834959028	0.0
hard:449096009	hard	F	F	True	True	True	0.9585861024163816	0.9585861024163816	0.00197421700549463	0.9534093652184294	0.0
easy:718607001	easy	E	E	True	True	False	0.9428343129616948	0.9428343129616948	0.0038652671740490095	0.9356886020819069	0.0
hard:79830009	hard	E	E	True	True	False	0.9381208151505557	0.9381208151505557	0.004514264901552744	0.9303859170443752	0.0
easy:698290008	easy	H	H	True	True	False	0.9384007900540158	0.9384007900540158	0.005086405860208433	0.9307008888107678	0.0
none-narrower:65528008	none-narrower	none	F	False	False		0.88692904037143	0.08259081177425509	1.6285070499548615	0.8727951704178588	0.0
easy:721014007	easy	D	D	True	True	False	0.9632042379171737	0.9632042379171737	0.0015576133449034138	0.9586047676568203	0.0
gold-removed:253904001	gold-removed	none	none	True	False		0.4647425893076429	0.4647425893076429	0.45363669338740475	0.3978354129710983	0.0
easy:392662004	easy	B	B	True	True	False	0.9561987619189599	0.9561987619189599	0.0022558975855882873	0.95072360715883	0.0
none-narrower:29736007	none-narrower	none	none	True	False		0.6706779332294975	0.6706779332294975	0.13118447580793632	0.6295126748831849	0.0
hard:22784002	hard	B	B	True	True	False	0.9504925501428337	0.9504925501428337	0.0029844857352979157	0.9443041189106881	0.0
hard:715397000	hard	E	E	True	True	False	0.8252513962934075	0.8252513962934075	0.047072755833631574	0.8034078208300836	0.0
hard:238874008	hard	A	A	True	True	True	0.9546604815479319	0.9546604815479319	0.0024391565359523186	0.9489930417414235	0.0
easy:239069005	easy	H	H	True	True	False	0.9553071229437087	0.9553071229437087	0.0022664220715628387	0.9497205133116723	0.0
hard:268240006	hard	H	H	True	True	False	0.9418857365349701	0.9418857365349701	0.004022892743473373	0.9346214536018415	0.0
retrieval-miss:715338007	retrieval-miss	none	none	True	False	True	0.7531286169672228	0.7531286169672228	0.09510652212359633	0.7222696940881257	0.0
easy:32620007	easy	E	E	True	True	False	0.9557162641480467	0.9557162641480467	0.0022967174958140645	0.9501807971665526	0.0
gold-removed:238078005	gold-removed	none	none	True	False		0.48152794691889	0.48152794691889	0.3553560953415134	0.4167189402837513	0.0
none-narrower:698836007	none-narrower	none	none	True	False		0.7219702325394628	0.7219702325394628	0.13454733975570862	0.6872165116068957	0.0
easy:79674009	easy	H	H	True	True	False	0.9510819717207494	0.9510819717207494	0.002785382502125195	0.9449672181858432	0.0
none-narrower:724784006	none-narrower	none	E	False	False		0.7041394440609585	0.2724431014062551	1.0252891480444228	0.6671568745685783	0.0
hard:128468007	hard	G	B	False	False	True	0.901941732040388	0.038068781496784616	1.740065374250094	0.8896844485454365	0.0
retrieval-miss:230499002	retrieval-miss	none	none	True	False	True	0.7682512157363373	0.7682512157363373	0.07429066784946428	0.7392826177033794	0.0
hard:725408001	hard	C	C	True	True	False	0.9540237818576685	0.9540237818576685	0.0025277693214313204	0.948276754589877	0.0
hard:445257004	hard	C	C	True	True	False	0.9621563437913765	0.9621563437913765	0.001636268818087247	0.9574258867652985	0.0
none-narrower:102361000119104	none-narrower	none	none	True	False		0.6586563040266722	0.6586563040266722	0.18393338586707797	0.6159883420300062	0.0
hard:707435002	hard	B	B	True	True	False	0.9503855781033981	0.9503855781033981	0.0028608253844339252	0.9441837753663228	0.0
gold-removed:763458005	gold-removed	none	C	False	False		0.5294049236125712	0.3857687271997078	0.6594012971655328	0.4705805390641426	0.0
hard:715427008	hard	G	G	True	True	True	0.9438758448916437	0.9438758448916437	0.0036911661105022368	0.9368603255030993	0.0
hard:187722004	hard	D	D	True	True	False	0.9303109451274404	0.9303109451274404	0.005831292221225291	0.9215998132683706	0.0
retrieval-miss:17234001	retrieval-miss	none	none	True	False	True	0.7971070803679885	0.7971070803679885	0.057279586828969345	0.771745465413987	0.0
easy:733068001	easy	G	G	True	True	True	0.9499991119117442	0.9499991119117442	0.0029208182118134283	0.9437490009007123	0.0
easy:609581006	easy	A	A	True	True	True	0.9116027165215425	0.9116027165215425	0.009657581589236035	0.9005530560867354	0.0
retrieval-miss:111395007	retrieval-miss	none	none	True	False	True	0.6826471185193298	0.6826471185193298	0.1714679812443977	0.6429780083342461	0.0
hard:58833000	hard	H	H	True	True	True	0.9425969914290292	0.9425969914290292	0.003847290483327207	0.935421615357658	0.0
gold-removed:58459009	gold-removed	none	none	True	False		0.7788707402012147	0.7788707402012147	0.07002300803889319	0.7512295827263665	0.0
gold-removed:254102008	gold-removed	none	none	True	False		0.7829822210363283	0.7829822210363283	0.06766969083783873	0.7558549986658695	0.0
hard:720344007	hard	A	A	True	True	True	0.9423839168016107	0.9423839168016107	0.003907230726914962	0.9351819064018122	0.0
easy:416960004	easy	G	none	False	False	True	0.6837051919886482	0.04639281746636594	1.4072613726529104	0.6441683409872293	0.0
hard:428174001	hard	H	H	True	True	False	0.9452260524600163	0.9452260524600163	0.0035584146997075447	0.9383793090175185	0.0
hard:92405007	hard	A	A	True	True	True	0.9339092724274436	0.9339092724274436	0.0052363882253240466	0.925647931480874	0.0
hard:715395008	hard	C	C	True	True	True	0.8985813608355294	0.8985813608355294	0.012714998127299853	0.8859040309399707	0.0
gold-removed:95691008	gold-removed	none	A	False	False		0.5323331693675347	0.4544154052919094	0.5811031354067824	0.4738748155384766	0.0
easy:719069008	easy	G	G	True	True	True	0.9471780852919668	0.9471780852919668	0.003176701561750125	0.9405753459534627	0.0
retrieval-miss:471885006	retrieval-miss	none	none	True	False	True	0.6532023950928815	0.6532023950928815	0.20878229716553087	0.6098526944794918	0.0
none-narrower:1260130005	none-narrower	none	E	False	False		0.9424820938215467	0.018030639714292727	1.8528407376957483	0.9352923555492402	0.0
retrieval-miss:302872003	retrieval-miss	none	none	True	False	True	0.8829800304910753	0.8829800304910753	0.017312702483434136	0.8683525343024597	0.0
none-narrower:74202002	none-narrower	none	none	True	False		0.8200899678333636	0.8200899678333636	0.04651856771796196	0.7976012138125342	0.0
none-narrower:82069007	none-narrower	none	H	False	False		0.9213917285418054	0.03888971278326522	1.77297286984083	0.9115656946095311	0.0
hard:85478004	hard	B	B	True	True	False	0.7796856077558701	0.7796856077558701	0.0666794787547968	0.752146308725354	0.0
hard:721231007	hard	C	C	True	True	False	0.9625709357141543	0.9625709357141543	0.0016253944222990146	0.9578923026784236	0.0
hard:266578003	hard	D	D	True	True	False	0.9394916817693867	0.9394916817693867	0.004376475332004986	0.9319281419905602	0.0
easy:704166007	easy	G	none	False	False	True	0.7079472139371549	0.005240298549566257	1.5462083358925878	0.6714406156792994	0.0
hard:205647005	hard	A	none	False	False	True	0.47348992786784855	0.4041850310440776	0.5853496766178035	0.4076761688513296	0.0
gold-removed:707510005	gold-removed	none	C	False	False		0.6087327709234649	0.3232248636539467	0.8298568866033513	0.5598243672888981	0.0
gold-removed:10347006	gold-removed	none	none	True	False		0.5594251054745332	0.5594251054745332	0.3605631930458636	0.5043532436588498	0.0
hard:55379003	hard	E	E	True	True	False	0.9410974759592361	0.9410974759592361	0.004148148026929888	0.9337346604541406	0.0
hard:400166009	hard	A	A	True	True	False	0.9381235385837017	0.9381235385837017	0.004502411867095543	0.9303889809066643	0.0
easy:3135009	easy	C	C	True	True	False	0.9436157412300659	0.9436157412300659	0.0037190770803669365	0.9365677088838241	0.0
easy:27201004	easy	B	B	True	True	False	0.8880026147775287	0.8880026147775287	0.016219182585123525	0.8740029416247199	0.0
retrieval-miss:73465006	retrieval-miss	none	none	True	False	True	0.8627931697275977	0.8627931697275977	0.02548681286379744	0.8456423159435473	0.0
easy:238032002	easy	G	G	True	True	False	0.9374210167131505	0.9374210167131505	0.004701099588233603	0.9295986438022943	0.0
hard:16872008	hard	E	E	True	True	True	0.9460115395154591	0.9460115395154591	0.0033988049837053776	0.9392629819548916	0.0
easy:403760006	easy	H	H	True	True	False	0.9451286425126503	0.9451286425126503	0.003487087049421624	0.9382697228267317	0.0
hard:762295002	hard	D	D	True	True	True	0.9396426677262194	0.9396426677262194	0.004544492582739372	0.9320980011919969	0.0
easy:68067009	easy	F	F	True	False	True	0.9678164265893414	0.9678164265893414	0.0012177080186655952	0.9637934799130091	0.0
gold-removed:86489003	gold-removed	none	none	True	False		0.7671441177880483	0.7671441177880483	0.08885790766447349	0.7380371325115542	0.0
gold-removed:720565000	gold-removed	none	A	False	False		0.8086851819044428	0.14182219414445638	1.3909208814790066	0.7847708296424983	0.0
retrieval-miss:75875004	retrieval-miss	none	none	True	False	True	0.9104442478025975	0.9104442478025975	0.009533734159425801	0.8992497787779222	0.0
none-narrower:192631000	none-narrower	none	C	False	False		0.9138327143434268	0.062008113836628666	1.7150318634971708	0.9030618036363551	0.0
easy:719981005	easy	E	E	True	True	False	0.9520808931062028	0.9520808931062028	0.002655166939069364	0.9460910047444782	0.0
hard:80960004	hard	D	D	True	True	False	0.9564354670036657	0.9564354670036657	0.0022060989466220664	0.9509899003791239	0.0
hard:74469006	hard	D	D	True	False	True	0.9092597929340824	0.9092597929340824	0.011401597130521478	0.8979172670508427	0.0
retrieval-miss:66576001	retrieval-miss	none	none	True	False	True	0.9045443468547997	0.9045443468547997	0.010908392267118762	0.8926123902116497	0.0
easy:1271009	easy	B	B	True	True	False	0.89278950330351	0.89278950330351	0.01685806384566699	0.8793881912164487	0.0
hard:73757007	hard	C	C	True	True	False	0.9541693499999714	0.9541693499999714	0.002441383539750632	0.9484405187499679	0.0
easy:68409003	easy	C	C	True	False	True	0.7820820036611464	0.7820820036611464	0.0685317268011014	0.7548422541187897	0.0
easy:238021002	easy	B	B	True	False	True	0.8905260790052056	0.8905260790052056	0.015249239724375977	0.8768418388808563	0.0
easy:443439001	easy	F	F	True	True	True	0.8674990973126143	0.8674990973126143	0.02304917413059513	0.8509364844766912	0.0
hard:254131007	hard	H	H	True	True	False	0.9502293603803484	0.9502293603803484	0.0028909363442166745	0.9440080304278919	0.0
none-narrower:342291000119102	none-narrower	none	none	True	False		0.8559713351781476	0.8559713351781476	0.028075260013754412	0.8379677520754162	0.0
hard:5217008	hard	E	E	True	True	False	0.9093997892411835	0.9093997892411835	0.010016977328384398	0.8980747628963315	0.0
easy:238007004	easy	F	F	True	False	True	0.9235209129285701	0.9235209129285701	0.0075366639349852445	0.9139610270446414	0.0
retrieval-miss:716871006	retrieval-miss	none	none	True	False	True	0.7992226044238647	0.7992226044238647	0.06766925731049425	0.774125429976848	0.0
gold-removed:419237004	gold-removed	none	none	True	False		0.5194860078244727	0.5194860078244727	0.3477174651138516	0.4594217588025319	0.0
hard:716653001	hard	E	E	True	True	False	0.9388290641708816	0.9388290641708816	0.004446728954829496	0.9311826971922418	0.0
gold-removed:609578001	gold-removed	none	E	False	False		0.4826464016478529	0.4826464016478529	0.5009045065372797	0.4179772018538345	0.0
gold-removed:1899006	gold-removed	none	none	True	False		0.7548069402771117	0.7548069402771117	0.08024976243955895	0.7241578078117508	0.0
hard:416769008	hard	D	D	True	True	True	0.9087241568573152	0.9087241568573152	0.010370742751123223	0.8973146764644796	0.0
easy:363468009	easy	A	A	True	False	True	0.9132008416556281	0.9132008416556281	0.01001393617599616	0.9023509468625815	0.0
hard:402601007	hard	C	C	True	False	True	0.8022284028710044	0.8022284028710044	0.056629316704104704	0.7775069532298801	0.0
retrieval-miss:419193008	retrieval-miss	none	D	False	False	True	0.6358650026225287	0.3376315504657572	0.8432274044718638	0.5903481279503449	0.0
gold-removed:722034006	gold-removed	none	none	True	False		0.870480970959416	0.870480970959416	0.020699364825285053	0.8542910923293431	0.0
easy:91968002	easy	B	B	True	True	True	0.9482021650209508	0.9482021650209508	0.0030989404366310227	0.9417274356485698	0.0
easy:85769006	easy	B	B	True	False	True	0.9537733570626352	0.9537733570626352	0.0026258098615992305	0.9479950266954646	0.0
retrieval-miss:359814004	retrieval-miss	none	none	True	False	True	0.9132804330740523	0.9132804330740523	0.009680686382522247	0.9024404872083088	0.0
hard:253020008	hard	G	A	False	False	True	0.6771794270164431	0.19092373142145644	1.12364646040343	0.6368268553934985	0.0
hard:188241004	hard	E	E	True	True	False	0.9358411730188541	0.9358411730188541	0.0050877190654647735	0.9278213196462108	0.0
hard:3944006	hard	H	none	False	True	True	0.8414427088897651	0.018857888723487273	1.6762402742748583	0.8216230475009858	0.0
none-narrower:1186858000	none-narrower	none	A	False	False		0.7373767194126026	0.24354324772431707	1.1160772089106654	0.704548809339178	0.0
easy:72815004	easy	B	B	True	False	True	0.9421635289159344	0.9421635289159344	0.0039612798345604	0.9349339700304262	0.0
none-narrower:55637002	none-narrower	none	none	True	False		0.8233745747247416	0.8233745747247416	0.04116609235484519	0.8012963965653344	0.0
retrieval-miss:239869009	retrieval-miss	none	A	False	False	True	0.5661323915364287	0.4125314172186856	0.6657430919206608	0.5118989404784823	0.0
hard:25044007	hard	A	A	True	True	False	0.8937404568949497	0.8937404568949497	0.015187245687719585	0.8804580140068186	0.0
gold-removed:190745006	gold-removed	none	none	True	False		0.7443656164347968	0.7443656164347968	0.08765996343188993	0.7124113184891465	0.0
gold-removed:126908007	gold-removed	none	G	False	False		0.7307638589001666	0.20603129376949744	1.1651655189823957	0.6971093412626874	0.0
none-narrower:86333008	none-narrower	none	E	False	False		0.8810784435938902	0.08204599381248857	1.6192033576798037	0.8662132490431266	0.0
hard:726341009	hard	A	A	True	True	False	0.8063652146395742	0.8063652146395742	0.05845816331290636	0.7821608664695211	0.0
gold-removed:719827008	gold-removed	none	none	True	False		0.6980631058470999	0.6980631058470999	0.14620927746363696	0.6603209940779873	0.0
easy:9245008	easy	H	H	True	True	False	0.9367264311715048	0.9367264311715048	0.004752430238949854	0.928817235067943	0.0
easy:237997005	easy	C	C	True	True	False	0.9565521563503074	0.9565521563503074	0.0022245950829527885	0.9511211758940958	0.0
easy:253366007	easy	C	C	True	True	True	0.5461652899187713	0.5461652899187713	0.36551900053098774	0.48943595115861777	0.0
easy:302226006	easy	E	E	True	False	True	0.9259467940500905	0.9259467940500905	0.006890945106233483	0.9166901433063518	0.0
hard:95462004	hard	E	E	True	True	True	0.5835445914696834	0.5835445914696834	0.30617987835571064	0.5314876654033939	0.0
gold-removed:733492003	gold-removed	none	B	False	False		0.7793860461781916	0.18757647779467918	1.2679282841060568	0.7518093019504656	0.0
gold-removed:302954008	gold-removed	none	none	True	False		0.8940872743988814	0.8940872743988814	0.01363200653638864	0.8808481836987416	0.0
retrieval-miss:8829008	retrieval-miss	none	none	True	False	True	0.7693038889648719	0.7693038889648719	0.07380957673328975	0.740466875085481	0.0
none-narrower:193436005	none-narrower	none	none	True	False		0.7719448821133356	0.7719448821133356	0.07321704929482371	0.7434379923775026	0.0
hard:125603006	hard	H	H	True	True	False	0.9424760224460251	0.9424760224460251	0.0038340269683700525	0.9352855252517782	0.0
hard:280816001	hard	F	E	False	False	True	0.690794573535164	0.2672797657239128	1.0144707257134793	0.6521438952270596	0.0
hard:363427000	hard	D	G	False	True	True	0.7353339577808146	0.17697432712057584	1.22025423901374	0.7022507025034165	0.0
none-narrower:253147000	none-narrower	none	E	False	False		0.932517856829714	0.01299972496298898	1.8444830995125692	0.9240825889334283	0.0
easy:720750004	easy	G	G	True	True	False	0.951205772141893	0.951205772141893	0.0027099852569615734	0.9451064936596295	0.0
easy:84706005	easy	C	C	True	False	True	0.8938602964516359	0.8938602964516359	0.01837236739386972	0.8805928335080905	0.0
hard:766705006	hard	D	D	True	False	True	0.9608361480484724	0.9608361480484724	0.0018409980432434355	0.9559406665545315	0.0
hard:302820008	hard	D	C	False	False	True	0.9658687430731154	0.00520969603284726	1.9226904514836112	0.9616023359572549	0.0
none-narrower:402811003	none-narrower	none	none	True	False		0.5320020974788209	0.5320020974788209	0.30460159167608825	0.47350235966367354	0.0
hard:717943008	hard	D	D	True	True	True	0.9566845434380464	0.9566845434380464	0.0021534425189993554	0.9512701113678023	0.0
easy:237913008	easy	A	A	True	True	False	0.945718526443077	0.945718526443077	0.0037140972064799525	0.9389333422484616	0.0
none-narrower:237622006	none-narrower	none	C	False	False		0.8103696312555719	0.1664862618206262	1.3515657494978748	0.7866658351625184	0.0
none-narrower:1287336004	none-narrower	none	B	False	False		0.9459866986393856	0.015448720046729137	1.8645402745358164	0.9392350359693089	0.0
easy:62201009	easy	C	C	True	False	True	0.9578035184023254	0.9578035184023254	0.0020726142289594347	0.9525289582026162	0.0
gold-removed:62005008	gold-removed	none	B	False	False		0.9513930154976147	0.018201114942263327	1.869258372766653	0.9453171424348165	0.0
retrieval-miss:15566009	retrieval-miss	none	none	True	False	True	0.8909133996193346	0.8909133996193346	0.015266216578599699	0.8772775745717514	0.0
none-narrower:193185007	none-narrower	none	E	False	False		0.8713951069635864	0.09505795139745044	1.5784862703228308	0.8553194953340346	0.0
retrieval-miss:274102007	retrieval-miss	none	B	False	False	True	0.725976146725825	0.20468148061522218	1.1607523642897233	0.6917231650665531	0.0
none-narrower:609600000	none-narrower	none	F	False	False		0.6617856114731534	0.18658359334482164	1.1181552872799299	0.6195088129072976	0.0
gold-removed:698250005	gold-removed	none	none	True	False		0.7610551007125588	0.7610551007125588	0.0750437703878079	0.7311869883016286	0.0
hard:702809001	hard	H	H	True	True	False	0.948595435470787	0.948595435470787	0.003038805653688526	0.9421698649046354	0.0
hard:77090002	hard	E	E	True	True	False	0.947746385993266	0.947746385993266	0.0031637537358456657	0.9412146842424243	0.0
retrieval-miss:147101000119108	retrieval-miss	none	D	False	False	True	0.70299406269594	0.2321872211876909	1.0861509776353335	0.6658683205329327	0.0
retrieval-miss:277589003	retrieval-miss	none	C	False	False	True	0.6868997323561434	0.22687151923739332	1.0716562775794904	0.6477621989006613	0.0
none-narrower:43742007	none-narrower	none	none	True	False		0.8270581066674476	0.8270581066674476	0.040241912687847006	0.8054403700008785	0.0
hard:54552008	hard	E	E	True	True	False	0.9368252931692546	0.9368252931692546	0.004619406401342882	0.9289284548154115	0.0
easy:2032001	easy	H	H	True	False	True	0.941050032784451	0.941050032784451	0.004104334074950225	0.9336812868825075	0.0
hard:205484001	hard	E	E	True	True	True	0.8415310462752146	0.8415310462752146	0.031492556791677825	0.8217224270596164	0.0
retrieval-miss:238824006	retrieval-miss	none	none	True	False	True	0.9225161743329707	0.9225161743329707	0.007414448115111213	0.9128306961245922	0.0
hard:15628003	hard	D	D	True	True	False	0.9653604394882638	0.9653604394882638	0.00140051245292197	0.9610304944242968	0.0
gold-removed:240453002	gold-removed	none	none	True	False		0.8819584527715745	0.8819584527715745	0.019305863125517922	0.8672032593680212	0.0
none-narrower:342451000119108	none-narrower	none	C	False	False		0.7193185205499697	0.09192318853775648	1.3720640303420337	0.6842333356187159	0.0
none-narrower:298150009	none-narrower	none	D	False	False		0.8116746513200783	0.1423464525322796	1.3951193244232112	0.7881339827350881	0.0
hard:402355000	hard	H	H	True	False	True	0.9512299040743385	0.9512299040743385	0.002763208979904494	0.9451336420836309	0.0
easy:24867002	easy	E	C	False	False	True	0.2660823837731427	0.2660823837731427	0.6908665120845516	0.17434268174478554	0.0
hard:234405009	hard	A	A	True	True	False	0.9452635278618159	0.9452635278618159	0.0035328502663636305	0.938421468844543	0.0
retrieval-miss:58729003	retrieval-miss	none	none	True	False	True	0.564082117371322	0.564082117371322	0.3591656682576204	0.5095923820427373	0.0
gold-removed:16059006	gold-removed	none	none	True	False		0.920927088166098	0.920927088166098	0.007262955719421961	0.9110429741868603	0.0
retrieval-miss:55711009	retrieval-miss	none	C	False	False	True	0.937087279789887	0.00951910563448325	1.8599553381579603	0.929223189763623	0.0
easy:42786005	easy	E	E	True	False	True	0.9522133117092031	0.9522133117092031	0.002667895259193128	0.9462399756728535	0.0
none-narrower:29320008	none-narrower	none	C	False	False		0.8307728243922328	0.12437023591314193	1.4574194214571348	0.8096194274412618	0.0
hard:40272001	hard	H	H	True	False	True	0.7382725932898195	0.7382725932898195	0.11259425047865587	0.705556667451047	0.0
gold-removed:389214003	gold-removed	none	none	True	False		0.8950571228537234	0.8950571228537234	0.01511244392269075	0.8819392632104388	0.0
retrieval-miss:367649002	retrieval-miss	none	none	True	False	True	0.9182227034139042	0.9182227034139042	0.007694697682167047	0.9080005413406423	0.0
gold-removed:92241005	gold-removed	none	none	True	False		0.49800180328004917	0.49800180328004917	0.37536329435280474	0.43525202869005536	0.0
gold-removed:234440005	gold-removed	none	H	False	False		0.39584845335521784	0.39584845335521784	0.5541798602186008	0.3203295100246201	0.0
easy:1003375005	easy	B	none	False	True	False	0.5893008606127724	0.312906881602115	0.8252573516808647	0.537963468189369	0.0
none-narrower:323291000119108	none-narrower	none	H	False	False		0.668024630879032	0.22063740631272313	1.0611952140136598	0.626527709738911	0.0
none-narrower:126754006	none-narrower	none	none	True	False		0.5000944013284813	0.5000944013284813	0.3107198509225081	0.43760620149454144	0.0
easy:699315005	easy	A	A	True	True	True	0.9361342931466292	0.9361342931466292	0.004778967149925147	0.9281510797899578	0.0
easy:3951002	easy	A	A	True	False	True	0.4763366331683956	0.4763366331683956	0.5022310332094928	0.41087871231444506	0.0
gold-removed:28835009	gold-removed	none	none	True	False		0.8969707935308887	0.8969707935308887	0.012858994567064928	0.8840921427222499	0.0
retrieval-miss:193687000	retrieval-miss	none	D	False	False	True	0.9519839993054853	0.009670427904592084	1.887366026783722	0.9459819992186709	0.0
easy:233815004	easy	D	D	True	False	True	0.8958794812080018	0.8958794812080018	0.0153738250227483	0.8828644163590019	0.0
none-narrower:370481004	none-narrower	none	none	True	False		0.5587423555802074	0.5587423555802074	0.36070657004869155	0.5035851500277333	0.0
none-narrower:109630002	none-narrower	none	F	False	False		0.8311384798784315	0.090666452599121	1.5220742974258892	0.8100307898632355	0.0
gold-removed:238926009	gold-removed	none	none	True	False		0.7786305193502091	0.7786305193502091	0.06141447282570177	0.7509593342689853	0.0
hard:418763003	hard	B	B	True	True	False	0.95490150969235	0.95490150969235	0.0023537248282946843	0.9492641984038939	0.0
hard:254771006	hard	H	H	True	True	False	0.9439351954402135	0.9439351954402135	0.0037264232393615735	0.9369270948702402	0.0
easy:254831005	easy	B	B	True	True	False	0.8956539407208837	0.8956539407208837	0.013661137720326098	0.8826106833109941	0.0
hard:371979001	hard	G	G	True	True	True	0.8251520693019457	0.8251520693019457	0.04365010777976	0.803296077964689	0.0
hard:60232001	hard	E	E	True	True	False	0.9296894113726296	0.9296894113726296	0.0059336851553829124	0.9209005877942085	0.0
none-narrower:94695009	none-narrower	none	none	True	False		0.7481111410849963	0.7481111410849963	0.0921042176947876	0.7166250337206208	0.0
none-narrower:422061002	none-narrower	none	none	True	False		0.5438881649736456	0.5438881649736456	0.26508472538955546	0.4868741855953513	0.0
retrieval-miss:65038009	retrieval-miss	none	none	True	False	True	0.5116210311497317	0.5116210311497317	0.32567869697216	0.4505736600434482	0.0
hard:724072002	hard	H	H	True	False	True	0.9324971574316567	0.9324971574316567	0.005640693426808124	0.9240593021106138	0.0
retrieval-miss:253031000	retrieval-miss	none	A	False	False	True	0.6531743544731949	0.296057930252073	0.9229375891874123	0.6098211487823443	0.0
easy:711164003	easy	A	A	True	True	False	0.9565446414333879	0.9565446414333879	0.0022237810135479043	0.9511127216125616	0.0
easy:367542003	easy	E	E	True	True	False	0.9501906183111406	0.9501906183111406	0.002923956225053735	0.9439644456000331	0.0
easy:419645003	easy	A	A	True	True	True	0.9264913843986787	0.9264913843986787	0.006839896636381644	0.9173028074485137	0.0
none-narrower:232402006	none-narrower	none	none	True	False		0.5758573775552522	0.5758573775552522	0.2369532451899785	0.5228395497496588	0.0
retrieval-miss:58263000	retrieval-miss	none	F	False	False	True	0.5768633833466692	0.3063028225044593	0.8180157080257349	0.5239713062650029	0.0
hard:230655004	hard	H	H	True	True	False	0.9199121472553854	0.9199121472553854	0.007776253383281749	0.9099011656623087	0.0
easy:721311006	easy	F	F	True	True	False	0.9567260347254152	0.9567260347254152	0.002276545560393212	0.9513167890660921	0.0
hard:766756002	hard	B	B	True	True	False	0.9540223497746743	0.9540223497746743	0.0024528718157411436	0.9482751434965085	0.0
gold-removed:29248006	gold-removed	none	none	True	False		0.8300632263025602	0.8300632263025602	0.03622298261256189	0.8088211295903802	0.0
easy:82661006	easy	B	B	True	True	False	0.9628486246147795	0.9628486246147795	0.0016168986492435566	0.958204702691627	0.0
easy:10890000	easy	G	G	True	True	False	0.8806199099631828	0.8806199099631828	0.018471896524697412	0.8656973987085806	0.0
gold-removed:715442006	gold-removed	none	H	False	False		0.6535905982386667	0.2528849318315398	0.9875527108577707	0.6102894230185001	0.0
none-narrower:109347009	none-narrower	none	A	False	False		0.7385072532426884	0.15172246619767074	1.2717199003580597	0.7058206598980244	0.0
easy:92169007	easy	B	B	True	True	True	0.9431858317478424	0.9431858317478424	0.0038563119588219605	0.9360840607163229	0.0
gold-removed:719660008	gold-removed	none	none	True	False		0.8901803199385184	0.8901803199385184	0.017388024363197117	0.8764528599308333	0.0
hard:118615008	hard	C	C	True	False	True	0.8416811051632427	0.8416811051632427	0.03734081192053247	0.821891243308648	0.0
easy:95211004	easy	A	A	True	False	True	0.907852425653623	0.907852425653623	0.011118657556369801	0.896333978860326	0.0
hard:404065000	hard	E	E	True	True	False	0.9563981293373216	0.9563981293373216	0.002185116362174875	0.9509478955044868	0.0
retrieval-miss:126550004	retrieval-miss	none	none	True	False	True	0.6198974899223313	0.6198974899223313	0.19180997292771473	0.5723846761626227	0.0
easy:29731002	easy	A	A	True	True	False	0.9506641264963084	0.9506641264963084	0.002867946800916802	0.944497142308347	0.0
none-narrower:127104002	none-narrower	none	none	True	False		0.6502919310438423	0.6502919310438423	0.173124044579721	0.6065784224243227	0.0
hard:363425008	hard	B	B	True	True	True	0.9317193348430746	0.9317193348430746	0.005606398094205331	0.9231842516984589	0.0
hard:398670003	hard	D	D	True	True	True	0.9561867303297176	0.9561867303297176	0.002226457311663118	0.9507100716209322	0.0
none-narrower:12011009	none-narrower	none	none	True	False		0.5437320425137878	0.5437320425137878	0.36711130376608425	0.4866985478280113	0.0
easy:274142002	easy	G	F	False	False	True	0.780408844785339	0.0997300377356704	1.4295682489068982	0.7529599503835064	0.0
hard:763279007	hard	F	F	True	True	True	0.9696518035308642	0.9696518035308642	0.0010737475939337263	0.9658582789722223	0.0
retrieval-miss:254782003	retrieval-miss	none	D	False	False	True	0.5287588677631434	0.4513642784095073	0.5806800505123927	0.4698537262335364	0.0
hard:76976005	hard	G	G	True	True	False	0.9127606314355536	0.9127606314355536	0.008933700953076208	0.9018557103649978	0.0
none-narrower:60023006	none-narrower	none	A	False	False		0.7687774259910188	0.18502325308472906	1.2563150909262641	0.7398746042398963	0.0
hard:254976006	hard	B	B	True	True	False	0.9430849772279699	0.9430849772279699	0.0038254370029969778	0.9359705993814661	0.0
none-narrower:126726004	none-narrower	none	none	True	False		0.6523891949782848	0.6523891949782848	0.1771242994052901	0.6089378443505705	0.0
gold-removed:25906001	gold-removed	none	none	True	False		0.5779745666470854	0.5779745666470854	0.2801239701247409	0.5252213874779711	0.0
none-narrower:78974003	none-narrower	none	none	True	False		0.6507126932801189	0.6507126932801189	0.20989216123776466	0.6070517799401339	0.0
