item_id	tier	truth	pred	hit	lex_hit	ambiguous	p_top	p_truth	brier	confidence	latency_ms
hard:253006001	hard	A	A	True	True		0.8763	0.8763	0.018695290000000007	0.8608	19914.4
hard:363477002	hard	B	B	True	False		0.9182	0.9182	0.008693439999999997	0.908	401.7
hard:445187004	hard	A	A	True	True		0.9537	0.9537	0.0026286500000000006	0.9479	401.9
easy:274947007	easy	A	A	True	True		0.9533	0.9533	0.0027199699999999965	0.9475	398.0
hard:268262006	hard	A	A	True	True		0.9207	0.9207	0.007588920000000006	0.9108	401.7
none-narrower:308123002	none-narrower	none	none	True	False		0.605	0.605	0.22815476	0.5556	298.4
easy:415238003	easy	A	A	True	True		0.8854	0.8854	0.01632780000000001	0.8711	202.5
easy:70272006	easy	A	A	True	True		0.898	0.898	0.013048829999999997	0.8852	313.0
easy:422437002	easy	A	A	True	True		0.9579	0.9579	0.002164250000000002	0.9526	1759.8
easy:722117000	easy	A	A	True	True		0.953	0.953	0.002672080000000004	0.9472	200.8
hard:254146000	hard	C	A	False	False		0.8953	0.0313	1.74271024	0.8823	128.3
easy:397868007	easy	A	A	True	True		0.893	0.893	0.01804519	0.8796	401.5
easy:238735005	easy	A	A	True	True		0.894	0.894	0.013819179999999997	0.8808	223.0
easy:722294004	easy	A	A	True	True		0.9437	0.9437	0.003806330000000002	0.9366	299.2
easy:303852004	easy	A	A	True	True		0.9763	0.9763	0.0006943500000000026	0.9733	170.2
easy:154283005	easy	A	A	True	True		0.9267	0.9267	0.006714870000000005	0.9175	104.1
none-narrower:1259580000	none-narrower	none	A	False	False		0.6993	0.2184	1.1012977099999999	0.6617	173.9
none-narrower:53933002	none-narrower	none	none	True	False		0.4095	0.4095	0.45373728	0.3357	106.7
hard:237613005	hard	A	A	True	True		0.9525	0.9525	0.002887819999999999	0.9466	200.1
retrieval-miss:26715006	retrieval-miss	none	none	True	False		0.7908	0.7908	0.06115232000000002	0.7647	260.5
easy:717772000	easy	A	A	True	True		0.9577	0.9577	0.0023030100000000003	0.9524	142.3
hard:232016005	hard	A	A	True	True		0.9717	0.9717	0.0010226799999999996	0.9682	104.4
none-narrower:1268955002	none-narrower	none	A	False	False		0.8218	0.0985	1.48967297	0.7996	106.5
hard:448227009	hard	A	A	True	True		0.6836	0.6836	0.13343919	0.6441	107.5
hard:698851003	hard	D	D	True	False		0.7383	0.7383	0.10626806000000003	0.7056	153.3
hard:703388005	hard	A	A	True	True		0.9561	0.9561	0.0023338500000000045	0.9507	153.4
easy:720401009	easy	A	A	True	True		0.9394	0.9394	0.004419609999999998	0.9319	152.3
easy:15228007	easy	A	A	True	True		0.9772	0.9772	0.0007588400000000019	0.9743	108.5
easy:297232009	easy	A	A	True	True		0.9597	0.9597	0.00207638	0.9546	110.2
easy:230782004	easy	A	A	True	True		0.8205	0.8205	0.04124972	0.798	207.0
easy:92439006	easy	A	A	True	True		0.9278	0.9278	0.0070402800000000055	0.9187	107.6
easy:193839007	easy	A	A	True	True		0.8948	0.8948	0.014707699999999992	0.8817	121.8
easy:197601003	easy	A	A	True	True		0.9345	0.9345	0.00512106	0.9263	104.3
none-narrower:203245006	none-narrower	none	none	True	False		0.482	0.482	0.33004815	0.4172	104.6
easy:764854006	easy	A	A	True	True		0.976	0.976	0.0007585400000000009	0.973	104.1
none-narrower:1142265002	none-narrower	none	none	True	False		0.6827	0.6827	0.13500738	0.643	102.5
easy:717360009	easy	A	A	True	True		0.9483	0.9483	0.003209379999999997	0.9419	115.2
hard:190808009	hard	A	A	True	True		0.9256	0.9256	0.0067394900000000025	0.9163	110.7
none-narrower:1177030007	none-narrower	none	A	False	False		0.5442	0.2737	0.8472952799999999	0.4872	106.5
retrieval-miss:82639001	retrieval-miss	none	A	False	False		0.9374	0.0318	1.81667743	0.9295	108.7
hard:86489003	hard	A	A	True	True		0.9491	0.9491	0.003539649999999995	0.9427	108.4
hard:448045004	hard	A	A	True	True		0.9636	0.9636	0.001638799999999999	0.959	108.3
hard:719017003	hard	A	A	True	True		0.9501	0.9501	0.003142700000000006	0.9438	115.2
easy:722201004	easy	A	A	True	True		0.9599	0.9599	0.002115880000000002	0.9549	155.4
easy:78267003	easy	A	A	True	True		0.8182	0.8182	0.04475831999999999	0.7955	143.6
easy:119422004	easy	A	A	True	True		0.8359	0.8359	0.03421045000000001	0.8154	108.6
easy:297238008	easy	A	A	True	True		0.9154	0.9154	0.009313070000000003	0.9048	119.2
none-narrower:1162315003	none-narrower	none	none	True	False		0.4447	0.4447	0.40674943	0.3753	106.6
easy:439732004	easy	A	A	True	True		0.8366	0.8366	0.03277691	0.8162	108.2
hard:275437005	hard	B	B	True	False		0.8005	0.8005	0.05239682	0.7756	102.7
none-narrower:280967004	none-narrower	none	none	True	False		0.6938	0.6938	0.14623582000000002	0.6555	104.5
easy:89141000	easy	A	A	True	True		0.9423	0.9423	0.004212279999999997	0.9351	106.4
none-narrower:26681001	none-narrower	none	E	False	False		0.4375	0.4041	0.55325629	0.3672	147.5
retrieval-miss:265377002	retrieval-miss	none	none	True	False		0.4489	0.4489	0.3507894299999999	0.3801	104.5
easy:82275008	easy	A	A	True	True		0.9641	0.9641	0.001586030000000003	0.9596	151.5
hard:46683007	hard	A	A	True	True		0.9516	0.9516	0.0031014799999999998	0.9455	206.4
none-narrower:323321000119100	none-narrower	none	none	True	False		0.5195	0.5195	0.34050629000000004	0.4594	103.8
none-narrower:190979003	none-narrower	none	A	False	False		0.9365	0.0216	1.83474872	0.9286	115.0
easy:738527001	easy	D	D	True	False		0.97	0.97	0.0011858400000000016	0.9663	272.5
easy:724095006	easy	A	A	True	True		0.9459	0.9459	0.004024150000000004	0.9391	110.6
easy:719009006	easy	A	A	True	True		0.9439	0.9439	0.004087560000000005	0.9369	115.4
none-narrower:71799002	none-narrower	none	none	True	False		0.7333	0.7333	0.09052282000000003	0.7	116.7
none-narrower:17960009	none-narrower	none	A	False	False		0.6609	0.2509	1.00258727	0.6185	151.4
easy:448709005	easy	A	A	True	True		0.8963	0.8963	0.014093890000000003	0.8834	151.4
easy:2593002	easy	A	A	True	True		0.9815	0.9815	0.0004765099999999985	0.9792	114.2
none-narrower:197342009	none-narrower	none	A	False	False		0.6913	0.1426	1.22659181	0.6527	107.3
hard:725464001	hard	A	A	True	True		0.952	0.952	0.002890680000000004	0.946	208.7
easy:63302006	easy	A	A	True	True		0.9537	0.9537	0.0027837700000000005	0.9479	134.6
hard:52868006	hard	A	A	True	True		0.948	0.948	0.0034179300000000052	0.9415	108.5
easy:448668007	easy	A	A	True	True		0.9652	0.9652	0.0018607900000000037	0.9608	102.4
retrieval-miss:254185007	retrieval-miss	none	none	True	False		0.6007	0.6007	0.18776805	0.5507	204.3
hard:70422006	hard	A	A	True	True		0.9187	0.9187	0.008329320000000006	0.9086	104.7
easy:399956005	easy	A	A	True	True		0.8194	0.8194	0.04305029	0.7968	109.6
hard:26132002	hard	A	A	True	True		0.9225	0.9225	0.008646570000000003	0.9128	120.0
none-narrower:234503004	none-narrower	none	H	False	False		0.5898	0.2821	0.8759248399999999	0.5385	103.6
easy:109558001	easy	D	D	True	False		0.7544	0.7544	0.08018018000000003	0.7237	103.4
retrieval-miss:59252009	retrieval-miss	none	A	False	False		0.9351	0.0279	1.81985749	0.927	177.0
easy:30800001	easy	A	A	True	True		0.9278	0.9278	0.006392520000000006	0.9187	115.5
retrieval-miss:195029002	retrieval-miss	none	none	True	False		0.573	0.573	0.22051960000000004	0.5196	116.4
none-narrower:196754001	none-narrower	none	none	True	False		0.9447	0.9447	0.0036234300000000013	0.9378	400.3
easy:238001003	easy	A	A	True	True		0.8931	0.8931	0.01583768	0.8798	119.3
easy:200973000	easy	A	A	True	True		0.7715	0.7715	0.06501529000000002	0.743	108.8
easy:403946000	easy	A	A	True	True		0.952	0.952	0.0029309800000000045	0.946	177.1
easy:91514001	easy	A	A	True	True		0.9392	0.9392	0.0044689999999999955	0.9316	403.1
none-narrower:95039009	none-narrower	none	none	True	False		0.8303	0.8303	0.03640013999999999	0.809	104.5
none-narrower:1148523003	none-narrower	none	B	False	False		0.4524	0.1952	0.88587639	0.3839	108.9
easy:720514008	easy	A	A	True	True		0.9661	0.9661	0.0015075100000000027	0.9618	178.0
none-narrower:1254852008	none-narrower	none	B	False	False		0.7079	0.1506	1.2304303699999999	0.6713	178.0
easy:719817002	easy	A	A	True	True		0.7958	0.7958	0.06593064000000001	0.7702	181.9
hard:47903000	hard	A	A	True	True		0.8753	0.8753	0.018924690000000004	0.8597	114.4
hard:24069003	hard	A	A	True	True		0.932	0.932	0.0062854999999999925	0.9234	97.4
hard:742876007	hard	A	A	True	True		0.9388	0.9388	0.004816760000000004	0.9311	182.4
easy:363495004	easy	A	A	True	True		0.7246	0.7246	0.09839479	0.6902	103.1
easy:55031000	easy	A	A	True	True		0.9402	0.9402	0.004429359999999996	0.9327	97.4
easy:11380006	easy	A	A	True	True		0.9245	0.9245	0.007445860000000001	0.915	121.5
hard:126835002	hard	A	A	True	True		0.9114	0.9114	0.010018500000000001	0.9003	105.8
hard:86133004	hard	A	A	True	True		0.9274	0.9274	0.006628039999999999	0.9183	115.2
easy:61565001	easy	A	A	True	True		0.9561	0.9561	0.0024271500000000047	0.9506	105.5
easy:271432005	easy	A	A	True	True		0.9669	0.9669	0.0014322900000000014	0.9627	105.7
hard:699866005	hard	A	A	True	True		0.745	0.745	0.08316020999999998	0.7132	110.6
hard:363391009	hard	A	A	True	True		0.87	0.87	0.02045127	0.8538	103.2
none-narrower:431856006	none-narrower	none	none	True	False		0.8097	0.8097	0.04681136000000001	0.7859	93.9
hard:230724001	hard	A	A	True	True		0.3832	0.3832	0.4951159200000001	0.3061	105.7
easy:5217008	easy	A	A	True	True		0.8702	0.8702	0.02260719000000001	0.854	117.1
none-narrower:240499000	none-narrower	none	none	True	False		0.688	0.688	0.12234061000000003	0.649	103.2
hard:72925005	hard	D	D	True	False		0.8305	0.8305	0.042323429999999995	0.8094	116.9
hard:110979008	hard	A	A	True	True		0.9026	0.9026	0.011733430000000006	0.8904	96.2
none-narrower:311000119101	none-narrower	none	none	True	False		0.8613	0.8613	0.026456650000000012	0.844	97.4
none-narrower:773774000	none-narrower	none	A	False	False		0.9485	0.0215	1.85740669	0.9421	181.0
none-narrower:302909007	none-narrower	none	none	True	False		0.395	0.395	0.51319055	0.3194	105.7
easy:230228004	easy	A	A	True	True		0.9427	0.9427	0.0038537600000000016	0.9355	112.2
hard:700056005	hard	A	A	True	True		0.8652	0.8652	0.02280665000000001	0.8483	99.6
hard:414783007	hard	A	A	True	True		0.9371	0.9371	0.004664239999999994	0.9292	109.0
hard:724282009	hard	A	A	True	True		0.9591	0.9591	0.0020479600000000036	0.954	105.2
easy:363394001	easy	A	A	True	True		0.7828	0.7828	0.05671712999999998	0.7557	109.2
none-narrower:95753002	none-narrower	none	none	True	False		0.6262	0.6262	0.17611709	0.5794	204.1
none-narrower:43100002	none-narrower	none	none	True	False		0.4238	0.4238	0.3975102300000001	0.3517	202.2
easy:72621003	easy	A	A	True	True		0.9562	0.9562	0.0026201299999999957	0.9507	94.5
easy:302226006	easy	F	F	True	False		0.9171	0.9171	0.009158459999999995	0.9068	94.9
hard:236740006	hard	B	B	True	False		0.9624	0.9624	0.0018625799999999974	0.9577	108.5
none-narrower:12203991000119100	none-narrower	none	none	True	False		0.793	0.793	0.06197328999999998	0.7672	105.4
hard:48718006	hard	A	A	True	True		0.9147	0.9147	0.009700420000000008	0.904	112.7
hard:414545008	hard	A	A	True	True		0.8621	0.8621	0.02393871000000001	0.8449	107.2
retrieval-miss:312912001	retrieval-miss	none	none	True	False		0.6937	0.6937	0.11972245000000001	0.6554	105.3
easy:177504007	easy	A	A	True	True		0.9353	0.9353	0.005810689999999997	0.9273	227.8
none-narrower:32130001000004108	none-narrower	none	H	False	False		0.5125	0.1558	1.0706106400000002	0.4516	102.5
hard:698247007	hard	A	A	True	True		0.8698	0.8698	0.022199989999999992	0.8535	110.6
easy:7847004	easy	A	A	True	True		0.8869	0.8869	0.015932229999999995	0.8728	105.7
hard:725591002	hard	A	A	True	True		0.9469	0.9469	0.0033192500000000036	0.9402	106.5
none-narrower:312601003	none-narrower	none	A	False	False		0.8157	0.1029	1.47147147	0.7927	103.0
none-narrower:682421000119104	none-narrower	none	none	True	False		0.6956	0.6956	0.11644037	0.6576	106.2
hard:186499007	hard	A	A	True	True		0.9726	0.9726	0.0009531199999999989	0.9692	117.0
hard:699189004	hard	A	A	True	True		0.9539	0.9539	0.002706230000000003	0.9482	186.4
hard:3577000	hard	A	A	True	True		0.9002	0.9002	0.012296929999999998	0.8877	205.1
none-narrower:700346002	none-narrower	none	none	True	False		0.481	0.481	0.35766877	0.4162	97.6
none-narrower:92901000087104	none-narrower	none	none	True	False		0.4687	0.4687	0.38859588999999994	0.4023	90.6
hard:91978004	hard	A	A	True	True		0.9308	0.9308	0.005870350000000005	0.9222	109.0
none-narrower:1255207005	none-narrower	none	A	False	False		0.9027	0.0594	1.70004633	0.8905	116.2
easy:703267003	easy	A	A	True	True		0.9414	0.9414	0.004428819999999998	0.9341	110.8
hard:765487008	hard	A	A	True	True		0.9519	0.9519	0.0029051500000000026	0.9459	207.0
retrieval-miss:445918001	retrieval-miss	none	none	True	False		0.8857	0.8857	0.01529778999999999	0.8714	97.0
none-narrower:235608007	none-narrower	none	A	False	False		0.367	0.2672	0.74084684	0.2878	109.4
hard:68566005	hard	D	none	False	False		0.526	0.2585	0.8384372000000001	0.4668	103.6
easy:239065004	easy	C	C	True	False		0.9217	0.9217	0.008941330000000006	0.9119	180.0
retrieval-miss:238020001	retrieval-miss	none	B	False	False		0.8816	0.0614	1.65986227	0.8668	105.1
none-narrower:15735161000119106	none-narrower	none	none	True	False		0.4098	0.4098	0.49089271000000007	0.336	102.8
easy:702448007	easy	A	A	True	True		0.9571	0.9571	0.0023601000000000043	0.9518	106.8
none-narrower:704059008	none-narrower	none	none	True	False		0.6077	0.6077	0.22205817	0.5587	128.0
easy:87211000119104	easy	A	A	True	True		0.95	0.95	0.0029660300000000045	0.9437	181.3
hard:371582002	hard	D	D	True	False		0.9034	0.9034	0.012051990000000005	0.8913	205.2
none-narrower:8445003	none-narrower	none	none	True	False		0.426	0.426	0.4627179400000001	0.3543	101.6
hard:48868008	hard	A	A	True	True		0.9475	0.9475	0.003852809999999999	0.9409	95.3
easy:403803002	easy	A	A	True	True		0.9349	0.9349	0.005649270000000007	0.9268	179.3
easy:254950006	easy	A	A	True	True		0.919	0.919	0.008163509999999994	0.9089	103.5
easy:302829009	easy	A	A	True	True		0.9155	0.9155	0.008683480000000004	0.905	105.0
hard:35728003	hard	A	A	True	True		0.9251	0.9251	0.0076974399999999955	0.9158	116.7
easy:93468003	easy	A	A	True	True		0.9269	0.9269	0.008000730000000008	0.9177	105.2
hard:33793000	hard	A	A	True	True		0.9431	0.9431	0.004118879999999995	0.936	97.6
easy:76047005	easy	A	A	True	True		0.9297	0.9297	0.005955120000000003	0.9209	114.2
none-narrower:188289008	none-narrower	none	none	True	False		0.8935	0.8935	0.01894350000000001	0.8802	107.0
hard:720501007	hard	A	A	True	True		0.9258	0.9258	0.006854720000000005	0.9165	108.5
easy:197480006	easy	A	A	True	True		0.8515	0.8515	0.026967179999999986	0.833	203.4
hard:237965005	hard	A	none	False	True		0.7072	0.0703	1.37242166	0.6706	104.5
hard:11010461000119101	hard	A	A	True	True		0.7654	0.7654	0.07154352000000001	0.736	115.6
hard:50658006	hard	A	A	True	True		0.8182	0.8182	0.05259612999999999	0.7954	181.9
hard:717632002	hard	A	A	True	True		0.9398	0.9398	0.004450760000000004	0.9323	230.0
hard:237706000	hard	A	A	True	True		0.9214	0.9214	0.00806367	0.9115	109.1
easy:716647001	easy	A	A	True	True		0.4673	0.4673	0.3917232199999999	0.4007	108.5
none-narrower:121131000119109	none-narrower	none	C	False	False		0.8017	0.1004	1.4544789999999999	0.7769	106.8
easy:204552001	easy	A	A	True	True		0.9543	0.9543	0.0026856499999999965	0.9486	104.9
easy:197442005	easy	A	A	True	True		0.8962	0.8962	0.01446115	0.8833	98.0
easy:186973005	easy	A	A	True	True		0.9006	0.9006	0.012837400000000007	0.8881	95.1
hard:73843004	hard	A	A	True	True		0.8867	0.8867	0.016919309999999993	0.8725	400.2
none-narrower:16026631000119103	none-narrower	none	none	True	False		0.552	0.552	0.25037290999999995	0.496	114.2
hard:721629005	hard	A	A	True	True		0.895	0.895	0.015076479999999996	0.8819	115.6
hard:720954000	hard	A	A	True	True		0.9494	0.9494	0.003135669999999998	0.9431	178.2
easy:45650007	easy	A	A	True	True		0.9271	0.9271	0.0067458099999999944	0.918	106.7
none-narrower:309760004	none-narrower	none	none	True	False		0.631	0.631	0.19586281	0.5849	97.4
none-narrower:551621000124109	none-narrower	none	A	False	False		0.3722	0.2184	0.81193819	0.2937	106.9
hard:3752003	hard	A	A	True	True		0.9449	0.9449	0.003963660000000005	0.938	183.2
easy:718717004	easy	A	A	True	True		0.9523	0.9523	0.0028200799999999965	0.9464	116.7
easy:420120006	easy	A	A	True	True		0.9589	0.9589	0.002021850000000002	0.9538	117.2
hard:716008002	hard	A	A	True	True		0.9716	0.9716	0.001064279999999999	0.9681	181.9
hard:92060009	hard	A	A	True	True		0.9337	0.9337	0.005380780000000003	0.9254	104.6
none-narrower:353921000119103	none-narrower	none	A	False	False		0.5346	0.3254	0.74519088	0.4765	206.0
none-narrower:719860006	none-narrower	none	C	False	False		0.5948	0.2141	0.9783133900000001	0.5441	94.7
hard:725390002	hard	A	A	True	True		0.9235	0.9235	0.008254790000000001	0.914	303.2
retrieval-miss:73123008	retrieval-miss	none	none	True	False		0.4709	0.4709	0.35101034	0.4048	113.0
none-narrower:61048000	none-narrower	none	none	True	False		0.4276	0.4276	0.45756278000000006	0.3561	110.2
easy:68409003	easy	C	A	False	False		0.6455	0.1542	1.15070103	0.6012	107.6
hard:719574007	hard	A	A	True	True		0.9523	0.9523	0.002865159999999997	0.9464	183.0
easy:230500006	easy	A	A	True	True		0.8853	0.8853	0.017822540000000005	0.871	104.8
hard:23412002	hard	A	A	True	True		0.934	0.934	0.005357099999999993	0.9257	109.3
none-narrower:191692007	none-narrower	none	A	False	False		0.5925	0.333	0.7971424600000001	0.5415	97.2
easy:763739002	easy	A	A	True	True		0.9588	0.9588	0.002177120000000001	0.9537	179.0
none-narrower:721166000	none-narrower	none	none	True	False		0.4229	0.4229	0.49894928999999993	0.3507	104.9
easy:17585008	easy	A	A	True	True		0.9615	0.9615	0.0020240999999999983	0.9567	105.5
easy:92039003	easy	A	A	True	True		0.9445	0.9445	0.003972849999999999	0.9375	109.8
hard:709416009	hard	A	A	True	True		0.9406	0.9406	0.004246690000000001	0.9331	109.7
easy:715752006	easy	A	A	True	True		0.9525	0.9525	0.0027695699999999985	0.9466	205.0
hard:702442008	hard	A	A	True	True		0.9389	0.9389	0.004772580000000005	0.9313	175.2
none-narrower:1231727005	none-narrower	none	none	True	False		0.6105	0.6105	0.18833484999999997	0.5618	105.4
easy:48553001	easy	A	A	True	True		0.9719	0.9719	0.0010770900000000008	0.9684	97.6
hard:763774001	hard	A	A	True	True		0.9567	0.9567	0.00228902	0.9513	119.3
easy:765485000	easy	A	A	True	True		0.9447	0.9447	0.004045640000000001	0.9377	176.9
hard:28987007	hard	A	A	True	True		0.8206	0.8206	0.038852569999999996	0.7982	109.4
hard:233858000	hard	A	A	True	True		0.9118	0.9118	0.00940693999999999	0.9008	98.7
easy:702375004	easy	A	A	True	True		0.9282	0.9282	0.006306609999999996	0.9192	105.8
hard:194350005	hard	A	A	True	True		0.8962	0.8962	0.013364570000000003	0.8832	92.6
easy:91955005	easy	A	A	True	True		0.9106	0.9106	0.011035320000000005	0.8994	119.3
hard:126971002	hard	A	A	True	True		0.9454	0.9454	0.003755419999999998	0.9386	116.8
none-narrower:773700005	none-narrower	none	A	False	False		0.9351	0.0197	1.83574824	0.927	117.1
easy:126834003	easy	A	A	True	True		0.9242	0.9242	0.007396279999999997	0.9148	116.4
easy:766937004	easy	A	A	True	True		0.9844	0.9844	0.0003503999999999983	0.9824	302.1
hard:719268008	hard	A	A	True	True		0.9645	0.9645	0.0016692999999999986	0.9601	105.4
easy:6121001	easy	A	B	False	True		0.714	0.1709	1.2029957399999998	0.6782	105.7
easy:13706005	easy	A	A	True	True		0.845	0.845	0.030003630000000007	0.8256	95.2
hard:109475005	hard	A	none	False	True		0.3999	0.2051	0.8204105599999998	0.3249	111.0
hard:190953007	hard	A	A	True	True		0.9716	0.9716	0.001176449999999999	0.9681	97.7
hard:126880001	hard	A	A	True	True		0.9209	0.9209	0.008718659999999993	0.911	107.1
easy:271569006	easy	A	A	True	True		0.9357	0.9357	0.005160120000000002	0.9276	91.5
easy:92756002	easy	A	A	True	True		0.9271	0.9271	0.007188939999999994	0.918	105.5
none-narrower:191508007	none-narrower	none	none	True	False		0.7635	0.7635	0.07878752000000003	0.7339	107.5
hard:57406009	hard	A	A	True	True		0.9154	0.9154	0.009053180000000003	0.9048	109.8
none-narrower:1351962002	none-narrower	none	A	False	False		0.7239	0.064	1.4240275199999999	0.6894	110.0
easy:47673003	easy	A	A	True	True		0.9387	0.9387	0.005091510000000002	0.931	117.6
easy:279081001	easy	A	A	True	True		0.462	0.462	0.38119557000000004	0.3948	110.0
retrieval-miss:91390005	retrieval-miss	none	none	True	False		0.4601	0.4601	0.45993795000000004	0.3926	97.6
hard:85478004	hard	A	A	True	True		0.8889	0.8889	0.014957729999999994	0.875	95.2
hard:723622007	hard	A	A	True	True		0.9356	0.9356	0.005196950000000002	0.9275	180.8
none-narrower:251160002	none-narrower	none	A	False	False		0.4668	0.3437	0.6551009	0.4002	125.1
easy:71638002	easy	A	A	True	True		0.9417	0.9417	0.005237460000000002	0.9344	89.2
easy:715866009	easy	A	A	True	True		0.9352	0.9352	0.005040809999999996	0.9271	112.6
easy:236302005	easy	A	A	True	True		0.9293	0.9293	0.006117359999999998	0.9204	109.5
none-narrower:191519005	none-narrower	none	none	True	False		0.4076	0.4076	0.40293784000000005	0.3336	110.7
none-narrower:770679002	none-narrower	none	B	False	False		0.9685	0.0139	1.9104334200000002	0.9645	117.5
hard:254666005	hard	A	A	True	True		0.8163	0.8163	0.04340322999999999	0.7934	107.1
hard:724064004	hard	A	A	True	True		0.9699	0.9699	0.001197730000000001	0.9662	184.2
easy:254627002	easy	A	A	True	True		0.9377	0.9377	0.004951470000000004	0.93	179.0
hard:717044000	hard	A	A	True	True		0.8433	0.8433	0.030617929999999984	0.8238	184.5
none-narrower:253204009	none-narrower	none	none	True	False		0.6222	0.6222	0.21193174000000004	0.575	97.8
easy:72262000	easy	A	A	True	True		0.8979	0.8979	0.013253159999999995	0.8851	105.8
hard:378007	hard	A	A	True	True		0.7623	0.7623	0.07025468000000001	0.7326	99.6
hard:445738007	hard	B	B	True	False		0.8215	0.8215	0.046821209999999995	0.7992	118.5
hard:43339004	hard	A	A	True	True		0.7941	0.7941	0.05912294	0.7683	117.4
easy:428850001	easy	A	A	True	True		0.9556	0.9556	0.0023886599999999995	0.9501	126.1
hard:363414004	hard	B	B	True	False		0.8253	0.8253	0.04566150999999998	0.8035	109.3
easy:71912000	easy	A	A	True	True		0.8994	0.8994	0.012189280000000005	0.8868	95.5
none-narrower:700458001	none-narrower	none	none	True	False		0.7101	0.7101	0.11952511000000002	0.6739	110.0
hard:19943007	hard	A	A	True	True		0.9487	0.9487	0.003319300000000001	0.9423	97.9
hard:717941005	hard	A	A	True	True		0.9457	0.9457	0.0037778400000000015	0.9389	105.3
easy:70572005	easy	A	A	True	True		0.9173	0.9173	0.00926249	0.907	105.4
easy:57203004	easy	A	A	True	True		0.8792	0.8792	0.01780239	0.8641	95.1
none-narrower:448776002	none-narrower	none	none	True	False		0.5655	0.5655	0.3236529	0.5112	103.4
hard:719836007	hard	A	A	True	True		0.9042	0.9042	0.011639349999999996	0.8922	179.9
easy:275481002	easy	A	A	True	True		0.8777	0.8777	0.019020129999999993	0.8625	97.2
easy:766981007	easy	A	A	True	True		0.944	0.944	0.004010760000000006	0.937	179.7
easy:126790004	easy	A	A	True	True		0.8947	0.8947	0.013968419999999992	0.8815	109.2
none-narrower:202941002	none-narrower	none	C	False	False		0.9008	0.0652	1.6856031100000002	0.8884	105.4
hard:91273001	hard	A	A	True	True		0.9113	0.9113	0.00959372	0.9002	105.3
none-narrower:771515001	none-narrower	none	A	False	False		0.9507	0.0171	1.87009152	0.9445	120.6
hard:726345000	hard	A	A	True	True		0.8092	0.8092	0.04459374999999998	0.7854	110.0
hard:26111005	hard	A	A	True	True		0.8953	0.8953	0.013577360000000002	0.8822	97.4
none-narrower:703223000	none-narrower	none	none	True	False		0.5104	0.5104	0.32961449000000004	0.4492	105.6
easy:254778000	easy	A	A	True	True		0.9712	0.9712	0.0010528700000000028	0.9676	111.3
easy:9740002	easy	A	A	True	True		0.934	0.934	0.005975069999999993	0.9257	227.1
easy:59655002	easy	A	A	True	True		0.9206	0.9206	0.008355160000000004	0.9107	178.5
easy:405501007	easy	A	A	True	True		0.8099	0.8099	0.04321921000000002	0.7861	120.8
hard:763128009	hard	A	A	True	True		0.9703	0.9703	0.0011566199999999969	0.9666	104.8
hard:363443007	hard	A	A	True	True		0.8911	0.8911	0.01501549	0.8774	116.0
hard:28488007	hard	A	A	True	True		0.9406	0.9406	0.004237050000000001	0.9331	116.5
easy:764994007	easy	A	A	True	True		0.9547	0.9547	0.0027105300000000014	0.949	180.9
easy:733518000	easy	A	A	True	True		0.9153	0.9153	0.009543569999999998	0.9048	185.3
easy:720955004	easy	A	A	True	True		0.9137	0.9137	0.009081840000000008	0.9029	116.2
easy:44697002	easy	A	A	True	True		0.9492	0.9492	0.003169039999999996	0.9429	223.6
hard:278991002	hard	B	B	True	False		0.3982	0.3982	0.45873309	0.323	109.8
none-narrower:203343001	none-narrower	none	none	True	False		0.4663	0.4663	0.3948373400000001	0.3996	177.6
easy:10082001	easy	A	A	True	True		0.953	0.953	0.0027135100000000036	0.9472	109.7
easy:63246000	easy	A	A	True	True		0.9643	0.9643	0.0015970299999999965	0.9598	117.7
hard:404055006	hard	A	A	True	True		0.9487	0.9487	0.003277920000000001	0.9423	111.2
hard:156410002	hard	A	A	True	True		0.9401	0.9401	0.004857779999999994	0.9326	93.0
hard:267534000	hard	A	A	True	True		0.8662	0.8662	0.02227219000000001	0.8495	109.9
easy:24326000	easy	A	A	True	True		0.9401	0.9401	0.004503229999999995	0.9326	108.8
easy:71464000	easy	A	A	True	True		0.9183	0.9183	0.0096778	0.9081	183.4
hard:404808000	hard	A	A	True	True		0.9219	0.9219	0.0075554299999999915	0.9122	127.6
hard:423673009	hard	A	A	True	True		0.8753	0.8753	0.020299290000000008	0.8597	103.9
hard:402296004	hard	A	A	True	True		0.9573	0.9573	0.0023008999999999964	0.952	98.5
hard:84759007	hard	A	A	True	True		0.9522	0.9522	0.003063799999999995	0.9462	106.4
none-narrower:10754961000119101	none-narrower	none	none	True	False		0.4413	0.4413	0.44989205	0.3715	106.9
easy:89454001	easy	A	A	True	True		0.6257	0.6257	0.17852844999999998	0.5789	113.3
hard:721883006	hard	A	A	True	True		0.9479	0.9479	0.0032762100000000034	0.9414	181.2
hard:7522008	hard	A	A	True	True		0.9176	0.9176	0.008617320000000006	0.9073	105.9
none-narrower:235659008	none-narrower	none	none	True	False		0.8218	0.8218	0.04280868000000001	0.7995	95.3
hard:722375007	hard	A	A	True	True		0.973	0.973	0.0009777600000000013	0.9697	179.4
hard:124220008	hard	C	C	True	False		0.9615	0.9615	0.0020037699999999985	0.9567	184.2
easy:237705001	easy	A	A	True	True		0.922	0.922	0.007503679999999993	0.9122	106.2
hard:234584007	hard	A	A	True	True		0.9387	0.9387	0.005386860000000003	0.931	98.2
none-narrower:57185003	none-narrower	none	none	True	False		0.5186	0.5186	0.26931376000000007	0.4584	97.7
none-narrower:389160009	none-narrower	none	none	True	False		0.3848	0.3848	0.49643147	0.308	113.8
hard:233919006	hard	A	A	True	True		0.9318	0.9318	0.006772390000000006	0.9233	106.4
easy:197660000	easy	A	A	True	True		0.9458	0.9458	0.0038110100000000027	0.939	113.9
none-narrower:764092008	none-narrower	none	none	True	False		0.4865	0.4865	0.34524182000000003	0.4223	93.5
hard:707310009	hard	A	A	True	True		0.933	0.933	0.005598379999999993	0.9246	180.8
easy:447292006	easy	A	A	True	True		0.9243	0.9243	0.006934019999999999	0.9148	115.3
none-narrower:127045008	none-narrower	none	none	True	False		0.6833	0.6833	0.12614493999999998	0.6437	179.5
easy:764989007	easy	A	A	True	True		0.9638	0.9638	0.0017373400000000006	0.9593	179.3
hard:723406000	hard	A	A	True	True		0.9786	0.9786	0.0005943899999999989	0.9759	178.4
hard:111196000	hard	A	A	True	True		0.9433	0.9433	0.0038960599999999963	0.9363	116.6
easy:763794005	easy	A	A	True	True		0.9421	0.9421	0.004111029999999995	0.9348	180.9
retrieval-miss:64852002	retrieval-miss	none	none	True	False		0.4404	0.4404	0.44147433999999997	0.3705	180.4
easy:717761005	easy	A	A	True	True		0.978	0.978	0.000635520000000001	0.9752	176.6
easy:448670003	easy	A	A	True	True		0.8593	0.8593	0.023459160000000017	0.8417	105.8
hard:25904003	hard	A	A	True	True		0.879	0.879	0.018440279999999996	0.8638	110.1
hard:45369008	hard	A	A	True	True		0.8074	0.8074	0.0545434	0.7833	117.5
easy:189099001	easy	A	A	True	True		0.8899	0.8899	0.015237329999999993	0.8761	116.0
hard:1779005	hard	A	A	True	True		0.9368	0.9368	0.004918110000000004	0.929	116.8
hard:870313002	hard	A	A	True	True		0.8812	0.8812	0.0177755	0.8663	117.1
easy:363378008	easy	B	B	True	False		0.8151	0.8151	0.04664996999999998	0.792	110.1
easy:399903008	easy	A	A	True	True		0.9633	0.9633	0.0016532399999999968	0.9587	110.3
none-narrower:699785004	none-narrower	none	none	True	False		0.5835	0.5835	0.23644484	0.5314	105.8
easy:253231007	easy	A	A	True	True		0.9422	0.9422	0.004248589999999996	0.935	99.3
easy:719171005	easy	A	A	True	True		0.9506	0.9506	0.00293236	0.9445	228.0
hard:442292004	hard	A	A	True	True		0.9458	0.9458	0.003581390000000003	0.939	102.5
none-narrower:1373832001	none-narrower	none	none	True	False		0.5389	0.5389	0.35770979	0.4812	103.2
easy:36188001	easy	A	A	True	True		0.9743	0.9743	0.0009139599999999971	0.9711	178.7
easy:206292002	easy	A	A	True	True		0.9329	0.9329	0.005245200000000006	0.9246	95.6
easy:238627002	easy	A	A	True	True		0.9042	0.9042	0.011279639999999999	0.8922	106.1
easy:27059002	easy	H	H	True	False		0.9692	0.9692	0.001383720000000003	0.9653	97.6
none-narrower:783155007	none-narrower	none	B	False	False		0.8406	0.0687	1.5755462100000002	0.8207	180.5
retrieval-miss:28724005	retrieval-miss	none	none	True	False		0.7715	0.7715	0.06283804000000001	0.7429	117.8
easy:725078006	easy	A	A	True	True		0.9299	0.9299	0.005893160000000007	0.9212	175.0
easy:718574003	easy	A	A	True	True		0.9636	0.9636	0.0016915099999999992	0.9591	176.4
none-narrower:240657005	none-narrower	none	none	True	False		0.5223	0.5223	0.27017215000000006	0.4625	107.1
hard:11282001	hard	A	A	True	True		0.885	0.885	0.016380349999999995	0.8706	178.5
hard:7379000	hard	A	A	True	True		0.9079	0.9079	0.010573829999999992	0.8963	97.8
hard:84193000	hard	A	A	True	True		0.7619	0.7619	0.09509538999999997	0.7322	118.2
hard:126963001	hard	A	A	True	True		0.8811	0.8811	0.01730856	0.8663	110.2
hard:373604002	hard	A	A	True	True		0.9065	0.9065	0.011215300000000004	0.8948	110.1
easy:363473003	easy	A	A	True	True		0.7838	0.7838	0.05970527999999998	0.7568	105.5
none-narrower:87181002	none-narrower	none	A	False	False		0.8942	0.0819	1.64274041	0.881	180.1
none-narrower:414927004	none-narrower	none	none	True	False		0.6224	0.6224	0.19797956000000005	0.5752	92.4
easy:231527003	easy	B	none	False	False		0.6287	0.1233	1.1911299	0.5822	103.3
hard:722955006	hard	A	A	True	True		0.9182	0.9182	0.007962799999999999	0.908	119.8
hard:63137003	hard	A	A	True	True		0.8753	0.8753	0.02064652000000001	0.8597	91.2
hard:764958008	hard	A	A	True	True		0.9377	0.9377	0.004821490000000003	0.9299	182.0
none-narrower:413356003	none-narrower	none	A	False	False		0.554	0.0473	1.35640575	0.4982	177.5
hard:83414005	hard	A	A	True	True		0.954	0.954	0.002624390000000004	0.9483	95.6
none-narrower:720952001	none-narrower	none	A	False	False		0.9431	0.0185	1.8530087000000002	0.936	177.4
hard:5299007	hard	A	A	True	True		0.8417	0.8417	0.031372899999999995	0.8219	172.3
easy:105632002	easy	A	A	True	True		0.9323	0.9323	0.006329159999999997	0.9238	97.8
hard:204431007	hard	A	A	True	True		0.8671	0.8671	0.027205880000000005	0.8505	105.9
hard:711543008	hard	A	A	True	True		0.9419	0.9419	0.004263660000000004	0.9347	119.8
easy:716238003	easy	B	B	True	False		0.9042	0.9042	0.01154471	0.8922	118.3
easy:445338005	easy	A	A	True	True		0.9362	0.9362	0.005150889999999996	0.9282	109.7
hard:38606009	hard	A	A	True	True		0.9329	0.9329	0.006077310000000007	0.9245	105.7
easy:54385001	easy	A	A	True	True		0.9665	0.9665	0.0014485199999999983	0.9623	179.2
easy:72789009	easy	A	A	True	True		0.9062	0.9062	0.011584629999999999	0.8945	118.9
easy:371965009	easy	A	A	True	True		0.7514	0.7514	0.07696793000000003	0.7203	97.9
none-narrower:237620003	none-narrower	none	A	False	False		0.5701	0.247	0.89846614	0.5163	106.0
easy:18377001	easy	A	A	True	True		0.9031	0.9031	0.011733569999999999	0.891	105.5
easy:129623003	easy	A	A	True	True		0.9365	0.9365	0.004933860000000001	0.9286	116.6
hard:715726000	hard	A	A	True	True		0.9543	0.9543	0.002674849999999997	0.9486	125.5
hard:52994003	hard	A	A	True	True		0.8398	0.8398	0.03452912	0.8197	104.7
easy:128139000	easy	A	A	True	True		0.8272	0.8272	0.038352639999999986	0.8056	105.9
hard:402917003	hard	A	A	True	True		0.9652	0.9652	0.0015285700000000036	0.9609	108.3
hard:81678004	hard	A	A	True	True		0.9519	0.9519	0.002845310000000003	0.9459	177.2
easy:89870006	easy	A	A	True	True		0.9433	0.9433	0.0039382499999999964	0.9362	176.9
easy:56805008	easy	A	A	True	True		0.9347	0.9347	0.0053747800000000035	0.9266	103.2
hard:307649006	hard	A	A	True	True		0.9196	0.9196	0.008720900000000004	0.9095	116.8
hard:31658008	hard	A	none	False	True		0.6006	0.113	1.18701388	0.5507	95.3
hard:80375002	hard	B	B	True	False		0.9408	0.9408	0.005046200000000004	0.9334	91.4
hard:66351003	hard	A	A	True	True		0.9694	0.9694	0.0012033499999999976	0.9656	178.9
easy:64235006	easy	A	A	True	True		0.941	0.941	0.004650920000000006	0.9336	170.9
easy:92531006	easy	A	A	True	True		0.8949	0.8949	0.014217729999999991	0.8818	106.2
hard:14785004	hard	A	A	True	True		0.948	0.948	0.0033702200000000054	0.9415	103.4
hard:72052003	hard	A	A	True	True		0.8911	0.8911	0.01609926	0.8775	92.7
hard:80258006	hard	A	A	True	True		0.9581	0.9581	0.002105520000000004	0.9528	179.1
hard:715562001	hard	A	A	True	True		0.9235	0.9235	0.008063250000000003	0.9139	120.6
none-narrower:722517009	none-narrower	none	A	False	False		0.4945	0.1523	0.9982577699999999	0.4313	105.6
easy:722033000	easy	A	A	True	True		0.949	0.949	0.003249850000000005	0.9426	110.4
hard:277569004	hard	A	A	True	True		0.6896	0.6896	0.12304427000000001	0.6508	117.4
retrieval-miss:80321008	retrieval-miss	none	A	False	False		0.7458	0.0702	1.4301828300000001	0.714	118.8
easy:57534004	easy	A	A	True	True		0.8126	0.8126	0.04667509	0.7892	103.7
hard:419893006	hard	A	A	True	True		0.9075	0.9075	0.011187680000000004	0.896	109.2
easy:254943007	easy	A	A	True	True		0.9203	0.9203	0.008244249999999998	0.9103	109.9
easy:2992000	easy	A	A	True	True		0.8789	0.8789	0.019444449999999995	0.8638	97.6
easy:5050001	easy	A	A	True	True		0.9196	0.9196	0.008992430000000004	0.9096	95.6
easy:764435003	easy	A	A	True	True		0.9733	0.9733	0.0010180999999999973	0.97	185.7
retrieval-miss:448015002	retrieval-miss	none	none	True	False		0.4854	0.4854	0.40124355999999994	0.4211	104.0
none-narrower:890286007	none-narrower	none	A	False	False		0.9471	0.0171	1.8633433000000004	0.9405	119.5
none-narrower:702715008	none-narrower	none	none	True	False		0.6683	0.6683	0.17978711000000003	0.6268	97.7
hard:42385006	hard	A	A	True	True		0.9103	0.9103	0.01005544	0.8991	109.8
retrieval-miss:403901001	retrieval-miss	none	A	False	False		0.8787	0.0495	1.6769619900000001	0.8635	177.8
none-narrower:55366007	none-narrower	none	none	True	False		0.64	0.64	0.1611202	0.595	107.6
hard:3855007	hard	A	A	True	True		0.9247	0.9247	0.0072554100000000055	0.9153	105.9
hard:27194006	hard	A	A	True	True		0.9165	0.9165	0.008531650000000003	0.9061	93.3
easy:254654004	easy	A	A	True	True		0.9456	0.9456	0.003788910000000001	0.9388	109.9
none-narrower:92375009	none-narrower	none	A	False	False		0.4587	0.3513	0.6409757500000001	0.3911	110.4
hard:8326008	hard	A	none	False	True		0.3403	0.3297	0.58394888	0.2578	97.5
easy:764105002	easy	A	A	True	True		0.94	0.94	0.004313760000000007	0.9325	120.0
hard:766824003	hard	A	A	True	True		0.9633	0.9633	0.0017393599999999967	0.9587	119.0
hard:230310003	hard	A	A	True	True		0.7928	0.7928	0.05160137000000002	0.7669	110.1
none-narrower:127213008	none-narrower	none	H	False	False		0.4592	0.184	0.9313166400000001	0.3916	103.7
none-narrower:415652006	none-narrower	none	none	True	False		0.4945	0.4945	0.33408505000000005	0.4314	109.9
hard:716233007	hard	A	A	True	True		0.9316	0.9316	0.005800370000000003	0.9231	111.4
easy:127232002	easy	C	A	False	False		0.8657	0.0132	1.72736526	0.8489	98.1
none-narrower:94129007	none-narrower	none	A	False	False		0.9261	0.0488	1.7626833900000003	0.9169	107.4
hard:234422006	hard	A	A	True	True		0.9548	0.9548	0.002572140000000002	0.9491	109.9
easy:42982001	easy	A	A	True	True		0.9696	0.9696	0.001284619999999999	0.9658	173.6
easy:716662004	easy	A	none	False	True		0.5358	0.1399	1.04852866	0.4778	118.0
hard:241774007	hard	A	A	True	True		0.9616	0.9616	0.002204089999999999	0.9568	110.4
hard:237816004	hard	A	A	True	True		0.9541	0.9541	0.0027285200000000047	0.9483	110.2
easy:715710001	easy	A	A	True	True		0.5896	0.5896	0.20132576	0.5383	107.0
easy:95279007	easy	A	A	True	True		0.9304	0.9304	0.006189169999999999	0.9217	106.5
hard:193683001	hard	A	A	True	True		0.7619	0.7619	0.07243319999999999	0.7321	104.0
easy:39998009	easy	B	B	True	False		0.8769	0.8769	0.020617449999999996	0.8615	179.4
hard:725463007	hard	A	A	True	True		0.904	0.904	0.011722519999999993	0.892	180.5
hard:280483007	hard	A	A	True	True		0.9453	0.9453	0.003832029999999997	0.9385	180.8
hard:718182008	hard	A	A	True	True		0.9397	0.9397	0.004383050000000002	0.9322	179.0
easy:722450007	easy	A	A	True	True		0.9566	0.9566	0.00247916	0.9511	177.6
easy:19885005	easy	A	A	True	True		0.8923	0.8923	0.016408500000000003	0.8788	91.6
easy:196609006	easy	A	none	False	True		0.4468	0.0562	1.22059189	0.3777	117.0
easy:37283009	easy	A	A	True	True		0.9447	0.9447	0.004458690000000001	0.9378	168.9
easy:424952003	easy	A	A	True	True		0.6645	0.6645	0.14353708	0.6225	107.7
hard:191382009	hard	A	A	True	True		0.8688	0.8688	0.02404344	0.8524	106.1
none-narrower:446076000	none-narrower	none	none	True	False		0.6455	0.6455	0.16385281000000004	0.6012	178.8
none-narrower:1290237009	none-narrower	none	H	False	False		0.8281	0.153	1.40323918	0.8066	110.4
none-narrower:128219005	none-narrower	none	H	False	False		0.4038	0.3941	0.5516528	0.3293	104.6
retrieval-miss:233954004	retrieval-miss	none	none	True	False		0.4279	0.4279	0.5111911100000001	0.3564	108.9
hard:1156813002	hard	A	A	True	True		0.8998	0.8998	0.012854999999999991	0.8873	110.5
none-narrower:461098000	none-narrower	none	none	True	False		0.4748	0.4748	0.39238054999999994	0.4091	99.7
none-narrower:1177031006	none-narrower	none	none	True	False		0.75	0.75	0.08269615	0.7187	107.7
easy:402824003	easy	A	A	True	True		0.859	0.859	0.02387279	0.8414	89.6
easy:698021005	easy	A	A	True	True		0.9336	0.9336	0.005512230000000002	0.9253	178.7
none-narrower:1263652003	none-narrower	none	none	True	False		0.6023	0.6023	0.20214740000000003	0.5526	117.8
hard:723826007	hard	A	A	True	True		0.9644	0.9644	0.0016968199999999978	0.9599	182.4
none-narrower:763714006	none-narrower	none	A	False	False		0.9519	0.0319	1.8433862299999997	0.9458	110.2
none-narrower:233762004	none-narrower	none	A	False	False		0.875	0.1074	1.56242028	0.8593	108.0
hard:363478007	hard	A	A	True	True		0.7621	0.7621	0.08890431	0.7323	107.8
hard:720855003	hard	A	A	True	True		0.9575	0.9575	0.0022364899999999985	0.9522	179.9
none-narrower:389237009	none-narrower	none	A	False	False		0.928	0.0323	1.7984262500000001	0.919	117.4
easy:23150001	easy	A	A	True	True		0.9598	0.9598	0.002052880000000001	0.9548	110.4
easy:302870006	easy	A	A	True	True		0.6463	0.6463	0.15594128000000002	0.6021	98.4
none-narrower:89248000	none-narrower	none	none	True	False		0.4342	0.4342	0.4456294900000001	0.3634	179.2
hard:254738007	hard	A	A	True	True		0.9257	0.9257	0.006800390000000005	0.9164	179.3
hard:73237007	hard	A	A	True	True		0.9463	0.9463	0.0035275799999999967	0.9396	103.4
none-narrower:109805003	none-narrower	none	none	True	False		0.6681	0.6681	0.16332497999999998	0.6266	105.7
retrieval-miss:193466003	retrieval-miss	none	G	False	False		0.6779	0.2424	1.03522606	0.6377	106.3
hard:234118009	hard	A	A	True	True		0.9479	0.9479	0.0034521800000000035	0.9414	106.2
none-narrower:399959003	none-narrower	none	A	False	False		0.7877	0.0812	1.46863733	0.7612	110.0
hard:722449007	hard	A	A	True	True		0.9638	0.9638	0.0016431200000000012	0.9593	187.1
retrieval-miss:124646004	retrieval-miss	none	none	True	False		0.5784	0.5784	0.23113116999999997	0.5257	110.8
none-narrower:48780006	none-narrower	none	A	False	False		0.4428	0.3086	0.6899306600000001	0.3732	103.3
easy:109393007	easy	B	C	False	False		0.4096	0.1019	1.05721162	0.3358	106.1
none-narrower:2129002	none-narrower	none	none	True	False		0.7555	0.7555	0.09773954000000004	0.7249	110.7
easy:30915001	easy	A	A	True	True		0.9195	0.9195	0.008158270000000002	0.9094	110.4
easy:409671005	easy	A	A	True	True		0.9355	0.9355	0.00515351	0.9274	118.2
none-narrower:860828007	none-narrower	none	E	False	False		0.5328	0.1991	0.9425453699999999	0.4744	117.6
hard:765046002	hard	A	A	True	True		0.9273	0.9273	0.007049459999999999	0.9182	174.5
hard:253170008	hard	A	A	True	True		0.9522	0.9522	0.0027451499999999957	0.9463	183.3
hard:124309005	hard	A	A	True	True		0.9354	0.9354	0.005806689999999999	0.9273	117.5
none-narrower:896820003	none-narrower	none	none	True	False		0.5076	0.5076	0.31503407999999994	0.446	108.2
easy:702447002	easy	A	A	True	True		0.9382	0.9382	0.005374289999999996	0.9304	178.9
none-narrower:1231278004	none-narrower	none	H	False	False		0.4482	0.4163	0.55026824	0.3792	103.8
hard:428041004	hard	A	A	True	True		0.8612	0.8612	0.02692896000000001	0.8439	108.4
none-narrower:341361000119108	none-narrower	none	A	False	False		0.3609	0.3011	0.6560498400000001	0.2811	110.0
retrieval-miss:49013001	retrieval-miss	none	E	False	False		0.3353	0.1556	0.9282981600000001	0.2522	113.8
hard:7111000119109	hard	B	B	True	False		0.9764	0.9764	0.0007118399999999979	0.9735	102.6
hard:600009	hard	A	A	True	True		0.9496	0.9496	0.00333549	0.9433	180.3
none-narrower:1259031004	none-narrower	none	A	False	False		0.9629	0.0146	1.89829005	0.9582	107.2
hard:44808001	hard	A	A	True	True		0.5725	0.5725	0.28695813	0.5191	107.3
easy:262521009	easy	A	A	True	True		0.9038	0.9038	0.012159719999999992	0.8918	128.0
hard:363515000	hard	A	A	True	True		0.7078	0.7078	0.11619155	0.6712	103.3
hard:28882002	hard	D	D	True	False		0.8938	0.8938	0.014166729999999992	0.8805	109.1
hard:17709002	hard	A	A	True	True		0.9478	0.9478	0.003891640000000003	0.9413	105.9
hard:233763009	hard	A	A	True	True		0.9633	0.9633	0.0017799999999999964	0.9587	110.9
none-narrower:186289000	none-narrower	none	A	False	False		0.9429	0.017	1.85572656	0.9357	104.1
easy:16784003	easy	B	B	True	False		0.7406	0.7406	0.08948597999999996	0.7081	98.0
hard:402601007	hard	B	B	True	False		0.744	0.744	0.08381389	0.712	110.2
hard:765100000	hard	B	B	True	False		0.9309	0.9309	0.006660320000000008	0.9223	184.0
easy:733094005	easy	A	A	True	True		0.9313	0.9313	0.005729609999999998	0.9227	114.5
none-narrower:212953005	none-narrower	none	A	False	False		0.9259	0.0604	1.7401726999999998	0.9166	111.1
easy:21098003	easy	A	A	True	True		0.8328	0.8328	0.03683422000000001	0.8119	91.2
easy:724349009	easy	A	A	True	True		0.9374	0.9374	0.004812909999999998	0.9295	180.4
none-narrower:42746002	none-narrower	none	none	True	False		0.4588	0.4588	0.48126707999999996	0.3912	107.8
none-narrower:1259796004	none-narrower	none	A	False	False		0.5402	0.1277	1.0885476799999998	0.4828	108.4
hard:72124005	hard	A	A	True	True		0.8993	0.8993	0.01258302	0.8867	90.2
hard:699812002	hard	A	A	True	True		0.838	0.838	0.03197129000000001	0.8177	122.6
hard:717049005	hard	A	A	True	True		0.8918	0.8918	0.01449936999999999	0.8782	174.6
hard:424802006	hard	A	A	True	True		0.9361	0.9361	0.005186529999999995	0.9281	97.8
retrieval-miss:233982006	retrieval-miss	none	none	True	False		0.722	0.722	0.08938270000000002	0.6873	106.7
hard:699268002	hard	A	A	True	True		0.9209	0.9209	0.008501529999999992	0.911	179.0
easy:400140006	easy	A	A	True	True		0.7314	0.7314	0.10055337999999997	0.6978	187.4
hard:723307008	hard	A	A	True	True		0.9691	0.9691	0.0012821800000000023	0.9652	113.8
easy:719652007	easy	A	A	True	True		0.9604	0.9604	0.0020322599999999975	0.9554	242.8
none-narrower:123766008	none-narrower	none	none	True	False		0.5779	0.5779	0.25032297000000003	0.5252	98.6
easy:4996001	easy	A	A	True	True		0.9373	0.9373	0.005316719999999997	0.9295	180.3
hard:109298000	hard	A	A	True	True		0.9372	0.9372	0.005479449999999997	0.9293	115.0
easy:70995007	easy	A	A	True	True		0.838	0.838	0.03521747000000001	0.8177	110.4
hard:201091002	hard	A	A	True	True		0.8425	0.8425	0.03845495999999999	0.8228	117.7
easy:54470008	easy	C	C	True	False		0.977	0.977	0.0007171600000000009	0.9741	183.3
retrieval-miss:37102008	retrieval-miss	none	none	True	False		0.4521	0.4521	0.47196491000000007	0.3836	106.1
hard:722206009	hard	A	A	True	True		0.9566	0.9566	0.002321449999999999	0.9512	101.5
easy:200936003	easy	A	A	True	True		0.8856	0.8856	0.017243209999999988	0.8713	178.7
hard:230293003	hard	A	A	True	True		0.953	0.953	0.002778870000000004	0.9472	110.4
hard:314757003	hard	A	A	True	True		0.9607	0.9607	0.0018855600000000003	0.9558	106.5
none-narrower:1187048006	none-narrower	none	A	False	False		0.9377	0.0229	1.83428055	0.9299	117.4
none-narrower:87816000	none-narrower	none	none	True	False		0.8704	0.8704	0.02481806000000001	0.8542	108.0
easy:65976001	easy	A	A	True	True		0.9356	0.9356	0.005111360000000001	0.9276	110.7
hard:231858009	hard	A	A	True	True		0.8722	0.8722	0.021031610000000006	0.8562	107.1
none-narrower:15978511000119100	none-narrower	none	C	False	False		0.7434	0.2033	1.1887411599999997	0.7114	110.1
easy:93145002	easy	A	A	True	True		0.8246	0.8246	0.036990430000000005	0.8027	106.6
easy:702617007	easy	A	A	True	True		0.9765	0.9765	0.0007461399999999984	0.9736	180.4
hard:720565000	hard	A	A	True	True		0.931	0.931	0.005890919999999993	0.9224	118.3
easy:715487005	easy	A	A	True	True		0.9179	0.9179	0.008763089999999992	0.9076	118.2
easy:232254004	easy	A	A	True	True		0.9415	0.9415	0.00429245	0.9342	107.0
easy:187732006	easy	A	D	False	True		0.5447	0.3181	0.7668527499999999	0.4878	104.0
easy:41345002	easy	A	A	True	True		0.9169	0.9169	0.008270529999999993	0.9066	106.0
none-narrower:15699121000119104	none-narrower	none	none	True	False		0.4275	0.4275	0.37830719	0.3559	98.3
none-narrower:249446000	none-narrower	none	none	True	False		0.5416	0.5416	0.31689365	0.4843	179.4
easy:718222000	easy	A	A	True	True		0.922	0.922	0.007437269999999993	0.9122	117.8
easy:52404001	easy	A	A	True	True		0.9629	0.9629	0.0019567700000000018	0.9583	172.7
hard:725033008	hard	B	B	True	False		0.9282	0.9282	0.006726209999999996	0.9192	177.5
none-narrower:1193650002	none-narrower	none	none	True	False		0.5354	0.5354	0.28795835000000003	0.4773	114.8
easy:83799000	easy	B	B	True	False		0.9405	0.9405	0.004501389999999999	0.933	113.3
hard:44882003	hard	A	A	True	True		0.9496	0.9496	0.0032775300000000003	0.9433	106.1
easy:424413001	easy	A	A	True	True		0.8773	0.8773	0.018309290000000006	0.862	108.6
easy:68982002	easy	A	A	True	True		0.9704	0.9704	0.0011564199999999976	0.9667	106.1
hard:3218000	hard	A	A	True	True		0.8428	0.8428	0.032576600000000004	0.8232	96.3
easy:43363007	easy	A	A	True	True		0.9332	0.9332	0.005351409999999996	0.9248	96.3
easy:76069003	easy	A	A	True	True		0.8904	0.8904	0.016082480000000007	0.8766	96.2
easy:421529006	easy	F	F	True	False		0.9597	0.9597	0.0021919699999999997	0.9546	118.4
hard:371197005	hard	A	A	True	True		0.5502	0.5502	0.27520376	0.494	98.4
hard:255015006	hard	A	A	True	True		0.8642	0.8642	0.024498190000000006	0.8472	106.2
easy:254620000	easy	A	A	True	True		0.9433	0.9433	0.004186839999999997	0.9362	118.7
retrieval-miss:1259003	retrieval-miss	none	none	True	False		0.9226	0.9226	0.007229310000000004	0.9129	172.3
hard:254794007	hard	A	A	True	True		0.962	0.962	0.0019452600000000027	0.9573	110.8
retrieval-miss:720830009	retrieval-miss	none	B	False	False		0.8729	0.0639	1.63958981	0.857	121.8
hard:446096008	hard	A	A	True	True		0.9541	0.9541	0.002614390000000005	0.9483	96.2
none-narrower:321131000119100	none-narrower	none	E	False	False		0.646	0.0939	1.2730137700000002	0.6017	106.3
hard:733045005	hard	A	A	True	True		0.9317	0.9317	0.005662360000000004	0.9231	178.9
hard:713060000	hard	A	A	True	True		0.9454	0.9454	0.003569829999999998	0.9386	110.6
easy:1493002	easy	A	A	True	True		0.9358	0.9358	0.005244800000000004	0.9277	98.5
hard:22451001	hard	A	A	True	True		0.9588	0.9588	0.002272210000000001	0.9537	110.5
easy:267395000	easy	A	A	True	True		0.9574	0.9574	0.0024084599999999977	0.9521	104.3
easy:768935003	easy	A	A	True	True		0.9373	0.9373	0.004823959999999997	0.9295	181.9
none-narrower:413808003	none-narrower	none	none	True	False		0.5304	0.5304	0.25601681000000004	0.4717	113.6
hard:726350006	hard	A	A	True	True		0.7847	0.7847	0.059681490000000025	0.7578	107.3
hard:715564000	hard	B	B	True	False		0.8392	0.8392	0.03591263000000002	0.8191	120.7
none-narrower:21071000119101	none-narrower	none	B	False	False		0.733	0.2294	1.1315841999999998	0.6996	98.3
none-narrower:126780007	none-narrower	none	A	False	False		0.4572	0.3713	0.61265766	0.3894	96.9
hard:254084008	hard	A	A	True	True		0.9505	0.9505	0.003157159999999999	0.9444	110.1
hard:312917007	hard	A	A	True	True		0.8672	0.8672	0.021738310000000007	0.8506	110.5
easy:36485005	easy	A	A	True	True		0.9397	0.9397	0.004485160000000002	0.9322	104.9
hard:14783006	hard	A	A	True	True		0.8748	0.8748	0.019133819999999996	0.8591	98.5
hard:4340003	hard	A	A	True	True		0.9479	0.9479	0.0035201400000000036	0.9414	98.2
none-narrower:276675009	none-narrower	none	none	True	False		0.5885	0.5885	0.23492694	0.537	104.2
hard:125666000	hard	A	A	True	True		0.93	0.93	0.006227889999999993	0.9213	107.5
hard:64009001	hard	A	A	True	True		0.5996	0.5996	0.24660187	0.5495	110.6
easy:62110005	easy	A	A	True	True		0.9577	0.9577	0.0022717200000000005	0.9525	179.6
retrieval-miss:238700008	retrieval-miss	none	none	True	False		0.7365	0.7365	0.08507043999999997	0.7035	112.2
easy:92413008	easy	A	A	True	True		0.933	0.933	0.0057167399999999945	0.9246	110.5
easy:723360007	easy	C	C	True	False		0.8327	0.8327	0.04044369	0.8117	98.7
hard:34225008	hard	A	A	True	True		0.4781	0.4781	0.43727838000000013	0.4128	110.7
hard:9631008	hard	A	A	True	True		0.9503	0.9503	0.002965999999999997	0.9441	98.3
hard:372100004	hard	A	A	True	True		0.9464	0.9464	0.003774859999999998	0.9398	117.8
none-narrower:187662005	none-narrower	none	none	True	False		0.5936	0.5936	0.22207280000000001	0.5428	108.0
easy:36753006	easy	A	A	True	True		0.951	0.951	0.0032213400000000044	0.9449	180.2
easy:719256004	easy	A	A	True	True		0.9539	0.9539	0.0026736400000000027	0.9481	106.9
none-narrower:1076881000119103	none-narrower	none	A	False	False		0.89	0.0762	1.64588776	0.8762	106.2
none-narrower:403903003	none-narrower	none	none	True	False		0.765	0.765	0.07157118999999999	0.7357	111.7
hard:719518004	hard	A	A	True	True		0.9649	0.9649	0.0015083400000000012	0.9605	122.7
hard:716006003	hard	A	A	True	True		0.9437	0.9437	0.0038634700000000017	0.9366	180.6
none-narrower:769219006	none-narrower	none	none	True	False		0.5552	0.5552	0.28119858999999997	0.4996	106.8
easy:238626006	easy	A	A	True	True		0.8771	0.8771	0.018857060000000002	0.8617	108.3
retrieval-miss:230410004	retrieval-miss	none	A	False	False		0.818	0.0479	1.5789270999999998	0.7952	182.2
hard:126853008	hard	A	A	True	True		0.7841	0.7841	0.060685349999999985	0.7571	104.1
hard:765057007	hard	A	A	True	True		0.9589	0.9589	0.002266230000000002	0.9537	179.8
hard:104431000119107	hard	A	A	True	True		0.9429	0.9429	0.003946190000000005	0.9358	178.8
easy:87074006	easy	A	A	True	True		0.9589	0.9589	0.0021687200000000025	0.9538	115.5
hard:699676006	hard	A	A	True	True		0.9492	0.9492	0.0032827799999999956	0.9428	104.1
none-narrower:405539004	none-narrower	none	none	True	False		0.6161	0.6161	0.20601399000000004	0.5681	111.8
none-narrower:296561000119108	none-narrower	none	A	False	False		0.5589	0.2675	0.8575308199999998	0.5038	117.5
hard:717055000	hard	A	A	True	True		0.9492	0.9492	0.003295009999999996	0.9429	99.3
hard:724066002	hard	A	A	True	True		0.9076	0.9076	0.010686610000000008	0.8961	180.1
hard:404041003	hard	A	A	True	True		0.8497	0.8497	0.029412109999999998	0.8309	117.4
hard:409658007	hard	A	A	True	True		0.9394	0.9394	0.004651869999999998	0.9318	103.9
hard:720010009	hard	A	A	True	True		0.9503	0.9503	0.0030138099999999965	0.9441	120.8
none-narrower:71003000	none-narrower	none	none	True	False		0.5953	0.5953	0.20362916999999997	0.5447	110.7
easy:204319006	easy	A	A	True	True		0.9737	0.9737	0.0009567999999999994	0.9705	116.1
hard:768556005	hard	A	A	True	True		0.956	0.956	0.0023320000000000033	0.9505	180.6
none-narrower:399723004	none-narrower	none	none	True	False		0.4952	0.4952	0.36647652	0.4321	117.3
easy:205649008	easy	C	C	True	False		0.6693	0.6693	0.14273145999999998	0.6279	111.1
hard:30496006	hard	B	B	True	False		0.9342	0.9342	0.005825039999999995	0.926	176.9
easy:360378009	easy	A	A	True	True		0.973	0.973	0.0009417900000000014	0.9697	181.7
hard:254637007	hard	A	A	True	True		0.9127	0.9127	0.00932678000000001	0.9018	117.7
hard:423607006	hard	A	A	True	True		0.9148	0.9148	0.00933237000000001	0.9042	117.7
easy:85901000	easy	A	A	True	True		0.6036	0.6036	0.21269758	0.554	110.6
hard:274718005	hard	A	A	True	True		0.9179	0.9179	0.008738669999999992	0.9076	96.2
easy:81285006	easy	A	A	True	True		0.9395	0.9395	0.00447288	0.9319	106.5
none-narrower:765481009	none-narrower	none	none	True	False		0.5719	0.5719	0.24604697000000003	0.5183	104.5
none-narrower:430348006	none-narrower	none	A	False	False		0.5362	0.2582	0.85141089	0.4782	106.1
easy:719576009	easy	A	A	True	True		0.8387	0.8387	0.03343555	0.8186	183.6
easy:763130006	easy	A	A	True	True		0.955	0.955	0.002733640000000004	0.9494	110.6
none-narrower:22721008	none-narrower	none	H	False	False		0.4452	0.4408	0.5163658199999999	0.3759	119.0
easy:29352008	easy	A	A	True	True		0.9124	0.9124	0.00968073	0.9014	110.6
easy:719646006	easy	A	A	True	True		0.9744	0.9744	0.0008655099999999977	0.9712	180.5
hard:15188001	hard	A	A	True	True		0.8067	0.8067	0.05183778000000001	0.7825	98.2
easy:79674009	easy	A	A	True	True		0.9341	0.9341	0.006021609999999994	0.9259	170.9
retrieval-miss:45894003	retrieval-miss	none	none	True	False		0.6502	0.6502	0.20110305	0.6064	111.3
hard:726341009	hard	A	A	True	True		0.8804	0.8804	0.01994319000000001	0.8655	113.9
none-narrower:266571009	none-narrower	none	none	True	False		0.4514	0.4514	0.50203686	0.3828	97.0
retrieval-miss:254150007	retrieval-miss	none	B	False	False		0.4875	0.1702	1.00485309	0.4234	179.0
hard:40159009	hard	A	A	True	True		0.659	0.659	0.14369602999999997	0.6164	111.1
none-narrower:735522008	none-narrower	none	none	True	False		0.4891	0.4891	0.39275947	0.4252	106.9
easy:718632004	easy	A	A	True	True		0.9573	0.9573	0.0022641399999999965	0.9519	112.0
hard:80544005	hard	A	A	True	True		0.8736	0.8736	0.01966623999999999	0.8578	110.0
none-narrower:447139008	none-narrower	none	A	False	False		0.5514	0.3214	0.77327865	0.4953	85.6
none-narrower:127321000	none-narrower	none	none	True	False		0.4968	0.4968	0.34451535	0.4339	108.7
easy:716092007	easy	A	A	True	True		0.9676	0.9676	0.001338129999999999	0.9636	180.7
hard:716775009	hard	A	A	True	True		0.9446	0.9446	0.004043700000000001	0.9376	118.9
easy:733110004	easy	A	A	True	True		0.9634	0.9634	0.0017183799999999974	0.9588	182.3
hard:721221000	hard	C	C	True	False		0.9587	0.9587	0.0022132700000000003	0.9535	181.8
easy:105261000119101	easy	A	A	True	True		0.9507	0.9507	0.003024890000000001	0.9446	110.3
easy:84241008	easy	A	A	True	True		0.933	0.933	0.005524759999999994	0.9246	111.3
easy:398831006	easy	A	A	True	True		0.3558	0.3558	0.52654177	0.2752	118.1
hard:367601000119103	hard	A	A	True	True		0.9403	0.9403	0.004473969999999996	0.9329	117.7
easy:716007007	easy	A	A	True	True		0.9313	0.9313	0.005729769999999998	0.9227	179.5
hard:46168003	hard	A	A	True	True		0.4176	0.4176	0.44013125000000003	0.3448	106.2
easy:16059006	easy	A	A	True	True		0.9542	0.9542	0.002833299999999996	0.9485	171.1
hard:37075008	hard	E	E	True	False		0.838	0.838	0.035351040000000014	0.8178	93.4
easy:46206005	easy	A	A	True	True		0.8559	0.8559	0.028811330000000003	0.8378	86.1
hard:717827000	hard	A	A	True	True		0.9231	0.9231	0.007202199999999995	0.9135	114.1
hard:1475003	hard	A	A	True	True		0.933	0.933	0.005793729999999993	0.9247	106.6
none-narrower:86100009	none-narrower	none	none	True	False		0.3419	0.3419	0.52102023	0.2597	117.9
easy:234500001	easy	A	A	True	True		0.9426	0.9426	0.004136690000000001	0.9355	110.7
easy:715673002	easy	A	A	True	True		0.9584	0.9584	0.0021051099999999977	0.9532	184.0
retrieval-miss:2109003	retrieval-miss	none	none	True	False		0.8767	0.8767	0.01832926999999999	0.8613	117.4
hard:277602003	hard	A	A	True	True		0.892	0.892	0.014159649999999996	0.8785	110.5
hard:363425008	hard	A	A	True	True		0.8476	0.8476	0.030281279999999994	0.8286	117.4
retrieval-miss:188274004	retrieval-miss	none	none	True	False		0.6843	0.6843	0.16275185999999997	0.6448	92.9
easy:198297004	easy	A	B	False	True		0.4047	0.2631	0.76219935	0.3303	108.2
hard:718200007	hard	A	A	True	True		0.8265	0.8265	0.04325249	0.8049	115.2
none-narrower:48352007	none-narrower	none	none	True	False		0.7999	0.7999	0.056472429999999976	0.7749	86.0
easy:716279002	easy	A	A	True	True		0.9705	0.9705	0.0011906999999999983	0.9669	171.9
easy:720950009	easy	A	A	True	True		0.9381	0.9381	0.004660009999999994	0.9304	116.9
none-narrower:1332388003	none-narrower	none	A	False	False		0.9518	0.0248	1.8571318899999998	0.9457	117.9
hard:33979003	hard	A	A	True	True		0.9337	0.9337	0.005652300000000003	0.9254	111.0
easy:45281005	easy	A	A	True	True		0.8819	0.8819	0.017149459999999995	0.8671	95.9
none-narrower:1237368006	none-narrower	none	A	False	False		0.9481	0.0234	1.8528296500000003	0.9416	178.5
none-narrower:94166001	none-narrower	none	none	True	False		0.5809	0.5809	0.23971317	0.5285	110.5
hard:254066006	hard	A	A	True	True		0.9686	0.9686	0.001249119999999999	0.9647	110.2
none-narrower:191668004	none-narrower	none	none	True	False		0.5534	0.5534	0.27082991	0.4975	104.5
hard:764711007	hard	A	A	True	True		0.9489	0.9489	0.0035137000000000037	0.9425	181.1
hard:254712007	hard	A	A	True	True		0.7207	0.7207	0.09504343	0.6857	108.4
easy:70041004	easy	A	A	True	True		0.6777	0.6777	0.12064000000000001	0.6375	94.8
none-narrower:24285001	none-narrower	none	none	True	False		0.6907	0.6907	0.11904418	0.6521	118.7
easy:389214003	easy	A	A	True	True		0.9738	0.9738	0.0008915800000000001	0.9705	184.7
hard:79037006	hard	A	A	True	True		0.9673	0.9673	0.0014935299999999968	0.9632	106.4
easy:69195002	easy	A	A	True	True		0.7464	0.7464	0.08976381000000001	0.7147	106.3
easy:9014002	easy	A	A	True	True		0.9043	0.9043	0.0113413	0.8924	98.2
hard:410016009	hard	A	A	True	True		0.9545	0.9545	0.0027220099999999987	0.9488	176.8
hard:69278003	hard	A	A	True	True		0.9013	0.9013	0.012181350000000002	0.889	110.6
none-narrower:399899001	none-narrower	none	B	False	False		0.6085	0.2641	0.91732287	0.5596	111.3
none-narrower:1237571004	none-narrower	none	D	False	False		0.7973	0.0513	1.54720371	0.772	178.6
hard:91521000119104	hard	A	A	True	True		0.9462	0.9462	0.003897599999999996	0.9395	106.4
easy:267431006	easy	A	A	True	True		0.4674	0.4674	0.41084383999999996	0.4009	93.6
none-narrower:307762000	none-narrower	none	none	True	False		0.7361	0.7361	0.08969568000000001	0.7031	96.5
easy:231824001	easy	A	A	True	True		0.8715	0.8715	0.020042679999999986	0.8554	106.7
hard:128606002	hard	A	A	True	True		0.8377	0.8377	0.03617959	0.8174	106.2
easy:16872008	easy	A	A	True	True		0.9616	0.9616	0.001879869999999999	0.9568	108.6
hard:52179003	hard	A	A	True	True		0.9111	0.9111	0.010292249999999996	0.9	118.8
none-narrower:38725001	none-narrower	none	none	True	False		0.5228	0.5228	0.32804597999999996	0.4631	98.7
easy:60676002	easy	A	A	True	True		0.8954	0.8954	0.013409120000000005	0.8823	99.6
easy:239020008	easy	A	A	True	True		0.9196	0.9196	0.008246250000000004	0.9096	110.7
hard:66207005	hard	D	D	True	False		0.9747	0.9747	0.0009174099999999994	0.9715	117.7
none-narrower:44549008	none-narrower	none	A	False	False		0.4558	0.3037	0.7094557499999998	0.3878	104.8
none-narrower:1373821001	none-narrower	none	none	True	False		0.8941	0.8941	0.015640349999999997	0.8809	110.7
hard:187777008	hard	A	A	True	True		0.8609	0.8609	0.025159720000000003	0.8435	111.3
easy:406506008	easy	E	A	False	False		0.8988	0.0104	1.7891260700000002	0.8861	102.2
easy:444645005	easy	A	A	True	True		0.7531	0.7531	0.08442004	0.7223	109.0
hard:92470003	hard	A	A	True	True		0.8411	0.8411	0.03171144000000001	0.8213	111.1
hard:30188007	hard	A	A	True	True		0.9823	0.9823	0.00042052000000000175	0.9801	118.3
easy:11934000	easy	A	A	True	True		0.948	0.948	0.003761840000000005	0.9415	96.6
none-narrower:702399004	none-narrower	none	none	True	False		0.5808	0.5808	0.23689237000000002	0.5284	104.3
none-narrower:75803007	none-narrower	none	none	True	False		0.7111	0.7111	0.11747816000000003	0.675	106.5
retrieval-miss:205550003	retrieval-miss	none	A	False	False		0.8924	0.0279	1.7432267	0.879	99.3
hard:230284004	hard	A	none	False	True		0.3379	0.2077	0.80364869	0.2551	179.9
hard:363354003	hard	A	A	True	True		0.8492	0.8492	0.028706120000000016	0.8304	110.7
none-narrower:197599000	none-narrower	none	A	False	False		0.8694	0.0934	1.5782248399999999	0.8531	106.4
easy:734024009	easy	A	A	True	True		0.9327	0.9327	0.005373730000000004	0.9243	121.8
easy:716195006	easy	A	A	True	True		0.9349	0.9349	0.005241750000000007	0.9267	185.4
retrieval-miss:275498002	retrieval-miss	none	none	True	False		0.7851	0.7851	0.05884579999999999	0.7582	104.3
easy:716741008	easy	A	A	True	True		0.8051	0.8051	0.05216246999999999	0.7807	120.9
easy:6631009	easy	A	A	True	True		0.7429	0.7429	0.08762392	0.7107	111.2
easy:76902006	easy	A	A	True	True		0.9436	0.9436	0.00395848	0.9366	182.9
easy:723308003	easy	A	A	True	True		0.9497	0.9497	0.003223290000000001	0.9434	151.5
none-narrower:86333008	none-narrower	none	A	False	False		0.9158	0.0485	1.7443513	0.9053	106.7
hard:21848000	hard	A	A	True	True		0.8646	0.8646	0.02406251999999999	0.8477	106.7
none-narrower:74142004	none-narrower	none	none	True	False		0.5008	0.5008	0.38395714999999997	0.4383	107.6
hard:24867002	hard	B	none	False	False		0.5564	0.0895	1.18615097	0.501	108.5
easy:20639004	easy	A	A	True	True		0.9537	0.9537	0.0028256500000000007	0.9479	110.9
easy:45913009	easy	A	A	True	True		0.9048	0.9048	0.011053299999999992	0.8929	110.9
easy:63122002	easy	A	A	True	True		0.9232	0.9232	0.007961489999999996	0.9136	182.7
easy:277155005	easy	A	A	True	True		0.8106	0.8106	0.043982070000000005	0.7869	104.0
easy:64479007	easy	A	A	True	True		0.7637	0.7637	0.07567350999999999	0.7342	110.8
none-narrower:4477007	none-narrower	none	none	True	False		0.4615	0.4615	0.34681974	0.3942	117.4
easy:448315008	easy	A	A	True	True		0.911	0.911	0.009775939999999993	0.8999	108.4
hard:707354003	hard	A	A	True	True		0.8745	0.8745	0.022434119999999988	0.8588	117.8
hard:64250002	hard	A	A	True	True		0.9515	0.9515	0.002931499999999999	0.9455	115.9
easy:716169009	easy	A	A	True	True		0.9657	0.9657	0.00157366	0.9614	183.1
easy:18910001	easy	A	A	True	True		0.8918	0.8918	0.014799489999999992	0.8783	104.3
easy:111405003	easy	A	A	True	True		0.9565	0.9565	0.0026007899999999987	0.951	182.3
easy:75116005	easy	A	A	True	True		0.972	0.972	0.0011335700000000013	0.9685	181.9
none-narrower:201988000	none-narrower	none	none	True	False		0.4239	0.4239	0.4882164400000001	0.3518	104.0
hard:405810005	hard	A	A	True	True		0.9674	0.9674	0.0013656899999999975	0.9633	118.8
easy:733085004	easy	A	A	True	True		0.9716	0.9716	0.0010111599999999988	0.9681	187.3
none-narrower:195812001	none-narrower	none	B	False	False		0.4379	0.3742	0.5942438600000001	0.3677	104.3
none-narrower:399207003	none-narrower	none	none	True	False		0.6121	0.6121	0.19542427	0.5636	94.4
hard:84777002	hard	A	A	True	True		0.9068	0.9068	0.01136884999999999	0.8951	106.9
hard:733599009	hard	B	B	True	False		0.9305	0.9305	0.005985840000000002	0.9218	184.5
hard:720520009	hard	A	A	True	True		0.9495	0.9495	0.003206539999999999	0.9432	122.1
easy:33595009	easy	A	A	True	True		0.5098	0.5098	0.3582496	0.4486	108.1
easy:11666007	easy	A	A	True	True		0.942	0.942	0.0046866900000000055	0.9348	180.1
hard:55444004	hard	A	A	True	True		0.9322	0.9322	0.005838379999999996	0.9237	106.9
easy:10741005	easy	A	A	True	True		0.7977	0.7977	0.05326859000000002	0.7724	110.6
hard:190919008	hard	A	A	True	True		0.654	0.654	0.18197254	0.6108	98.5
easy:233621003	easy	A	A	True	True		0.9074	0.9074	0.010698560000000003	0.8958	108.8
hard:443937008	hard	A	A	True	True		0.9231	0.9231	0.007175599999999995	0.9135	107.1
hard:707405009	hard	A	A	True	True		0.7898	0.7898	0.05742180000000002	0.7635	106.8
easy:109041000119107	easy	A	A	True	True		0.8638	0.8638	0.026465050000000004	0.8468	118.0
hard:7620006	hard	A	A	True	True		0.6329	0.6329	0.20811312000000004	0.587	106.9
hard:45853006	hard	A	A	True	True		0.9653	0.9653	0.0015446699999999967	0.961	121.3
easy:721187005	easy	A	A	True	True		0.9309	0.9309	0.006030730000000007	0.9223	180.6
easy:71325002	easy	A	A	True	True		0.8828	0.8828	0.016464539999999993	0.8681	106.8
hard:192727001	hard	D	D	True	False		0.966	0.966	0.001559080000000002	0.9618	111.0
hard:235603003	hard	A	A	True	True		0.958	0.958	0.002221530000000003	0.9527	108.6
hard:83275001	hard	A	A	True	True		0.8949	0.8949	0.013850679999999994	0.8818	91.7
retrieval-miss:49562005	retrieval-miss	none	none	True	False		0.4004	0.4004	0.44678949	0.3254	110.6
none-narrower:16466741000119102	none-narrower	none	A	False	False		0.8202	0.1113	1.463626	0.7977	111.3
hard:39462005	hard	A	A	True	True		0.9584	0.9584	0.0023021599999999975	0.9533	107.2
hard:74728003	hard	A	A	True	True		0.9325	0.9325	0.00543082	0.9241	111.5
hard:73397007	hard	A	A	True	True		0.973	0.973	0.0009312600000000014	0.9696	106.6
easy:86095007	easy	A	A	True	True		0.9117	0.9117	0.009670850000000009	0.9007	107.1
hard:448254007	hard	A	A	True	True		0.7807	0.7807	0.06352538000000002	0.7533	107.0
easy:109378008	easy	A	A	True	True		0.9097	0.9097	0.010553030000000008	0.8984	182.1
hard:715415005	hard	A	A	True	True		0.9278	0.9278	0.006350550000000006	0.9188	119.2
easy:85149007	easy	A	A	True	True		0.959	0.959	0.002255010000000003	0.9539	174.6
hard:763455008	hard	A	A	True	True		0.6021	0.6021	0.21605725	0.5524	181.5
none-narrower:1197333008	none-narrower	none	A	False	False		0.7633	0.1592	1.2919110100000002	0.7338	96.8
hard:92246000	hard	A	A	True	True		0.929	0.929	0.006332529999999993	0.9202	110.8
none-narrower:61458006	none-narrower	none	none	True	False		0.5433	0.5433	0.30566194999999996	0.4862	180.8
hard:715626008	hard	A	A	True	True		0.9613	0.9613	0.0018642899999999967	0.9565	118.1
hard:717181004	hard	A	A	True	True		0.9681	0.9681	0.0013891200000000028	0.9641	181.2
hard:40283005	hard	A	A	True	True		0.4739	0.4739	0.38844341	0.4082	98.8
easy:363505006	easy	A	A	True	True		0.7933	0.7933	0.05655489	0.7674	116.3
none-narrower:90974009	none-narrower	none	C	False	False		0.5323	0.2247	0.8992920600000001	0.4739	98.4
hard:722947004	hard	A	A	True	True		0.903	0.903	0.011279879999999996	0.8909	107.0
hard:715987000	hard	A	A	True	True		0.9516	0.9516	0.00291791	0.9456	183.6
none-narrower:1172901009	none-narrower	none	A	False	False		0.943	0.0204	1.84917416	0.9359	118.6
hard:237957007	hard	A	A	True	True		0.8733	0.8733	0.019729760000000006	0.8575	186.6
hard:237964009	hard	A	A	True	True		0.9642	0.9642	0.0017213400000000037	0.9597	188.4
easy:33225004	easy	A	A	True	True		0.945	0.945	0.003919410000000005	0.9381	104.6
hard:719305006	hard	A	A	True	True		0.9053	0.9053	0.01069538	0.8935	117.9
easy:722675000	easy	A	A	True	True		0.9773	0.9773	0.0006777200000000025	0.9744	119.7
easy:723441001	easy	A	A	True	True		0.6598	0.6598	0.15228094999999997	0.6173	123.1
hard:93471006	hard	A	A	True	True		0.9374	0.9374	0.004966989999999998	0.9296	107.0
easy:237603002	easy	A	A	True	True		0.9171	0.9171	0.008379509999999996	0.9068	111.8
none-narrower:95525004	none-narrower	none	none	True	False		0.6852	0.6852	0.12450391999999999	0.6458	97.0
hard:417967008	hard	A	A	True	True		0.9268	0.9268	0.007005290000000006	0.9177	106.8
easy:718720007	easy	A	A	True	True		0.9435	0.9435	0.0038341799999999995	0.9365	106.5
none-narrower:1366243009	none-narrower	none	A	False	False		0.4861	0.3152	0.7239039700000001	0.4219	98.6
none-narrower:427435004	none-narrower	none	none	True	False		0.8278	0.8278	0.04020228000000001	0.8062	99.1
easy:404109006	easy	A	A	True	True		0.9283	0.9283	0.006275029999999997	0.9193	106.5
hard:717041008	hard	A	A	True	True		0.9418	0.9418	0.004302900000000004	0.9346	110.8
none-narrower:61823004	none-narrower	none	none	True	False		0.6451	0.6451	0.16563924	0.6008	110.9
easy:70070008	easy	A	none	False	True		0.4148	0.1683	0.9008320000000001	0.3416	186.2
hard:129000002	hard	A	A	True	True		0.9286	0.9286	0.006461270000000003	0.9197	117.9
hard:56478004	hard	A	A	True	True		0.9638	0.9638	0.0016482300000000005	0.9593	99.6
retrieval-miss:402736003	retrieval-miss	none	A	False	False		0.7129	0.2427	1.0820777000000001	0.677	109.4
none-narrower:238778000	none-narrower	none	none	True	False		0.6106	0.6106	0.24644075	0.5619	172.7
easy:254956000	easy	A	A	True	True		0.8727	0.8727	0.019832999999999996	0.8568	111.3
easy:84828003	easy	A	A	True	True		0.9152	0.9152	0.008742959999999998	0.9046	180.8
hard:49607006	hard	A	A	True	True		0.5342	0.5342	0.35893379999999997	0.476	108.6
easy:239112008	easy	A	A	True	True		0.8985	0.8985	0.012626960000000008	0.8858	180.1
hard:10934005	hard	A	A	True	True		0.8869	0.8869	0.016380299999999993	0.8728	179.4
hard:34528009	hard	A	A	True	True		0.8076	0.8076	0.05025422	0.7836	93.2
easy:88518009	easy	A	A	True	True		0.9699	0.9699	0.001157650000000001	0.9661	104.2
none-narrower:438628005	none-narrower	none	none	True	False		0.5276	0.5276	0.27907853000000005	0.4685	106.4
easy:722062004	easy	A	A	True	True		0.9506	0.9506	0.0030208899999999996	0.9444	183.2
easy:82523003	easy	A	A	True	True		0.9316	0.9316	0.005869600000000003	0.9231	104.6
hard:72836002	hard	A	A	True	True		0.9556	0.9556	0.00286858	0.9501	116.6
easy:74351001	easy	A	A	True	True		0.9699	0.9699	0.001201030000000001	0.9662	109.0
hard:4445009	hard	A	A	True	True		0.6263	0.6263	0.21653005000000003	0.5795	106.7
hard:75316000	hard	A	A	True	True		0.9625	0.9625	0.0017123599999999985	0.9578	119.3
hard:38959009	hard	A	A	True	True		0.8598	0.8598	0.023609769999999995	0.8423	96.4
easy:408663001	easy	A	A	True	True		0.9381	0.9381	0.005618629999999994	0.9304	180.1
none-narrower:427921009	none-narrower	none	none	True	False		0.4289	0.4289	0.4397366199999999	0.3575	90.5
hard:205681004	hard	A	A	True	True		0.8501	0.8501	0.02721117000000001	0.8314	111.0
easy:66038001	easy	A	A	True	True		0.9225	0.9225	0.007226490000000002	0.9128	181.1
hard:71941009	hard	A	A	True	True		0.7941	0.7941	0.05668930999999999	0.7683	104.2
easy:715625007	easy	A	A	True	True		0.9574	0.9574	0.0023074399999999974	0.9521	182.1
none-narrower:15977008	none-narrower	none	none	True	False		0.6784	0.6784	0.17418753	0.6382	106.9
easy:10649000	easy	A	A	True	True		0.9583	0.9583	0.002515129999999997	0.9531	170.8
hard:26609002	hard	B	A	False	False		0.9483	0.0238	1.8526149100000002	0.9418	118.3
hard:712922002	hard	A	A	True	True		0.9403	0.9403	0.005869949999999997	0.9329	119.7
easy:254664008	easy	A	A	True	True		0.9256	0.9256	0.006857720000000004	0.9163	111.5
hard:723096000	hard	A	A	True	True		0.9551	0.9551	0.0027411000000000046	0.9495	96.8
hard:719300001	hard	A	A	True	True		0.9604	0.9604	0.0020198699999999974	0.9554	182.1
easy:46785007	easy	A	A	True	True		0.913	0.913	0.009423499999999994	0.9021	114.4
hard:58648008	hard	A	A	True	True		0.9049	0.9049	0.011871289999999994	0.893	149.3
none-narrower:719042007	none-narrower	none	B	False	False		0.9414	0.0267	1.83378068	0.934	110.3
easy:68210006	easy	A	A	True	True		0.9129	0.9129	0.010281499999999992	0.9021	98.4
easy:276799004	easy	A	A	True	True		0.9128	0.9128	0.00941692000000001	0.9018	184.7
hard:231896005	hard	A	A	True	True		0.9431	0.9431	0.004066139999999995	0.936	98.8
hard:63103006	hard	A	A	True	True		0.8936	0.8936	0.014303490000000009	0.8803	107.2
easy:187842004	easy	A	A	True	True		0.7348	0.7348	0.10234283999999999	0.7016	118.5
hard:128117002	hard	A	A	True	True		0.8104	0.8104	0.04926414	0.7867	110.9
hard:78769001	hard	A	A	True	True		0.9229	0.9229	0.007607499999999993	0.9133	98.6
easy:22841008	easy	A	A	True	True		0.854	0.854	0.026366260000000006	0.8357	185.8
hard:254701007	hard	A	A	True	True		0.9462	0.9462	0.003956829999999995	0.9394	118.2
none-narrower:521000146105	none-narrower	none	none	True	False		0.5535	0.5535	0.27551731	0.4977	112.1
hard:239940004	hard	A	A	True	True		0.9613	0.9613	0.0018941299999999965	0.9565	117.9
easy:763622006	easy	B	B	True	False		0.9665	0.9665	0.0014037199999999983	0.9624	116.9
none-narrower:871655005	none-narrower	none	A	False	False		0.727	0.2174	1.1415411399999997	0.6929	112.2
none-narrower:25668000	none-narrower	none	A	False	False		0.9378	0.0279	1.8248586799999997	0.93	107.1
hard:719599008	hard	A	A	True	True		0.9685	0.9685	0.0012794399999999984	0.9646	184.5
hard:52824009	hard	A	A	True	True		0.509	0.509	0.33047786999999995	0.4476	86.2
hard:715827001	hard	A	A	True	True		0.9557	0.9557	0.0025550900000000007	0.9501	118.7
easy:307343001	easy	A	A	True	True		0.8661	0.8661	0.025949370000000006	0.8494	98.8
none-narrower:95795006	none-narrower	none	none	True	False		0.4657	0.4657	0.35850299999999996	0.399	166.7
none-narrower:762379000	none-narrower	none	none	True	False		0.8141	0.8141	0.04248444999999998	0.7909	95.6
none-narrower:26284000	none-narrower	none	H	False	False		0.5222	0.2487	0.8516042699999999	0.4625	108.4
easy:240877000	easy	A	A	True	True		0.898	0.898	0.012827499999999997	0.8853	106.2
easy:717332007	easy	A	A	True	True		0.9679	0.9679	0.001287980000000001	0.9638	110.2
easy:75544000	easy	A	A	True	True		0.8805	0.8805	0.01745640000000001	0.8655	81.0
easy:126956001	easy	A	A	True	True		0.9395	0.9395	0.0047313500000000005	0.9319	107.2
hard:444921008	hard	D	none	False	False		0.6239	0.3043	0.87436154	0.5769	118.4
none-narrower:403151007	none-narrower	none	none	True	False		0.6603	0.6603	0.15432195	0.6178	106.5
easy:104081000119103	easy	A	A	True	True		0.6897	0.6897	0.12399530000000003	0.6509	110.8
easy:25277000	easy	A	A	True	True		0.9424	0.9424	0.004062089999999998	0.9352	108.8
none-narrower:26884006	none-narrower	none	none	True	False		0.5557	0.5557	0.25735551	0.5001	112.5
retrieval-miss:51689003	retrieval-miss	none	none	True	False		0.7519	0.7519	0.08916690999999999	0.7209	106.6
hard:399107008	hard	A	A	True	True		0.8979	0.8979	0.013644359999999994	0.8851	99.0
hard:13596001	hard	A	A	True	True		0.921	0.921	0.007840309999999993	0.9111	110.6
hard:722455002	hard	A	A	True	True		0.9417	0.9417	0.0043588700000000025	0.9345	176.0
hard:10890000	hard	A	A	True	True		0.8997	0.8997	0.012663509999999987	0.8872	111.5
easy:328611000119105	easy	A	A	True	True		0.8421	0.8421	0.03240148000000001	0.8224	114.1
retrieval-miss:32599008	retrieval-miss	none	none	True	False		0.7896	0.7896	0.05686413000000001	0.7633	118.1
none-narrower:1296880000	none-narrower	none	A	False	False		0.8115	0.1209	1.4324770500000001	0.7879	111.3
hard:49292002	hard	A	A	True	True		0.913	0.913	0.009149449999999993	0.9021	119.1
none-narrower:201240005	none-narrower	none	none	True	False		0.3779	0.3779	0.5386492599999999	0.3001	111.3
none-narrower:74372003	none-narrower	none	none	True	False		0.7066	0.7066	0.1263568	0.6699	111.0
easy:372244006	easy	A	A	True	True		0.7929	0.7929	0.05635219999999998	0.767	104.4
none-narrower:243410003	none-narrower	none	none	True	False		0.7488	0.7488	0.09058522999999999	0.7174	117.9
hard:715829003	hard	A	A	True	True		0.8729	0.8729	0.021134479999999994	0.857	112.0
easy:37471005	easy	A	A	True	True		0.946	0.946	0.0034887800000000056	0.9393	111.4
none-narrower:1177035002	none-narrower	none	none	True	False		0.7938	0.7938	0.05286965000000002	0.768	112.0
none-narrower:201996005	none-narrower	none	none	True	False		0.4801	0.4801	0.40894829	0.4152	91.5
none-narrower:277481003	none-narrower	none	none	True	False		0.5039	0.5039	0.36637136	0.4419	107.0
easy:715796006	easy	A	A	True	True		0.9549	0.9549	0.0024587400000000027	0.9493	180.8
easy:413656006	easy	A	A	True	True		0.9286	0.9286	0.006550850000000004	0.9196	177.9
easy:189167009	easy	A	A	True	True		0.8994	0.8994	0.012702030000000005	0.8868	118.2
easy:78590007	easy	A	A	True	True		0.9666	0.9666	0.001405119999999999	0.9625	105.0
retrieval-miss:43116000	retrieval-miss	none	A	False	False		0.432	0.2733	0.72933884	0.361	106.4
easy:238036004	easy	A	A	True	True		0.8372	0.8372	0.03637054999999998	0.8169	94.2
none-narrower:301824001	none-narrower	none	none	True	False		0.3912	0.3912	0.56077922	0.3151	96.2
easy:716200002	easy	A	A	True	True		0.9663	0.9663	0.0014811799999999969	0.962	180.8
hard:768926005	hard	A	A	True	True		0.94	0.94	0.004608420000000006	0.9325	118.2
hard:59032001	hard	A	A	True	True		0.9488	0.9488	0.0033670400000000026	0.9424	96.5
easy:198142001	easy	A	A	True	True		0.9338	0.9338	0.005545890000000005	0.9256	111.3
retrieval-miss:361115000	retrieval-miss	none	A	False	False		0.9604	0.0182	1.88637876	0.9554	100.1
easy:363464006	easy	A	A	True	True		0.8542	0.8542	0.02721082000000001	0.836	104.7
easy:429998004	easy	A	A	True	True		0.9396	0.9396	0.004508800000000001	0.9321	116.0
hard:37109004	hard	A	A	True	True		0.9475	0.9475	0.0041232299999999986	0.9409	108.9
hard:231472009	hard	A	A	True	True		0.9512	0.9512	0.0030452199999999956	0.9451	91.4
hard:270491006	hard	A	A	True	True		0.8626	0.8626	0.02251288999999999	0.8454	107.1
none-narrower:723905008	none-narrower	none	none	True	False		0.4336	0.4336	0.50415277	0.3627	106.7
hard:12313004	hard	A	A	True	True		0.9497	0.9497	0.003407470000000002	0.9434	110.8
hard:127030001	hard	A	A	True	True		0.8497	0.8497	0.031057009999999996	0.8309	112.6
easy:92093000	easy	A	A	True	True		0.9484	0.9484	0.003332459999999998	0.942	111.2
easy:25362006	easy	A	A	True	True		0.9116	0.9116	0.011343340000000007	0.9005	118.4
none-narrower:312085005	none-narrower	none	none	True	False		0.2911	0.2911	0.61901502	0.2025	106.8
hard:53913001	hard	A	A	True	True		0.8915	0.8915	0.015330090000000008	0.8779	106.6
none-narrower:232121005	none-narrower	none	none	True	False		0.6819	0.6819	0.14345929000000002	0.6421	114.4
easy:16631009	easy	A	A	True	True		0.8969	0.8969	0.013862259999999993	0.884	92.3
none-narrower:448478000	none-narrower	none	B	False	False		0.4692	0.2693	0.78157641	0.4028	117.7
retrieval-miss:80328002	retrieval-miss	none	none	True	False		0.3285	0.3285	0.5531407399999999	0.2445	110.7
hard:410042009	hard	A	C	False	True		0.6147	0.1708	1.0975626399999998	0.5665	181.0
easy:91954009	easy	A	A	True	True		0.9261	0.9261	0.007287999999999995	0.9169	118.6
none-narrower:187701005	none-narrower	none	H	False	False		0.3234	0.2464	0.7747738000000001	0.2388	118.4
hard:448542008	hard	A	A	True	True		0.9348	0.9348	0.0053335600000000045	0.9267	111.4
none-narrower:40370006	none-narrower	none	E	False	False		0.6305	0.2278	0.9970899799999999	0.5843	104.1
hard:725138002	hard	A	A	True	True		0.9672	0.9672	0.0016077300000000034	0.9631	176.8
hard:254767008	hard	A	A	True	True		0.9562	0.9562	0.0024560899999999954	0.9507	118.5
easy:126926005	easy	A	A	True	True		0.8796	0.8796	0.01990270999999999	0.8645	118.6
hard:403913006	hard	A	A	True	True		0.9312	0.9312	0.006025159999999996	0.9226	111.4
hard:399432003	hard	A	A	True	True		0.8751	0.8751	0.019225750000000003	0.8595	174.0
retrieval-miss:75474006	retrieval-miss	none	none	True	False		0.8916	0.8916	0.01365474000000001	0.878	104.7
none-narrower:238951005	none-narrower	none	none	True	False		0.8959	0.8959	0.014306439999999993	0.8829	172.6
none-narrower:447146004	none-narrower	none	A	False	False		0.902	0.0694	1.6798488599999999	0.8898	104.2
easy:37344009	easy	B	B	True	False		0.8534	0.8534	0.03646374999999999	0.8351	93.6
easy:392662004	easy	A	A	True	True		0.931	0.931	0.005971409999999995	0.9224	117.7
none-narrower:1196861001	none-narrower	none	none	True	False		0.6599	0.6599	0.16090192999999997	0.6174	107.2
easy:15682004	easy	A	A	True	True		0.9204	0.9204	0.00804273	0.9105	98.3
easy:55475008	easy	A	A	True	True		0.9638	0.9638	0.0016537200000000007	0.9593	179.6
easy:423709000	easy	A	A	True	True		0.907	0.907	0.010357119999999996	0.8954	108.7
hard:27420004	hard	A	A	True	True		0.9596	0.9596	0.002029359999999999	0.9545	111.3
easy:733601006	easy	A	A	True	True		0.9785	0.9785	0.0005945399999999984	0.9758	182.5
none-narrower:371012000	none-narrower	none	C	False	False		0.7526	0.0727	1.4383011100000003	0.7217	118.8
easy:715504003	easy	A	A	True	True		0.9604	0.9604	0.0019526599999999976	0.9554	177.8
easy:36742000	easy	A	A	True	True		0.9674	0.9674	0.0013746499999999972	0.9633	106.3
easy:239062001	easy	A	A	True	True		0.9508	0.9508	0.002927820000000002	0.9446	172.1
none-narrower:685031000119100	none-narrower	none	none	True	False		0.8926	0.8926	0.01414468000000001	0.8792	97.0
none-narrower:371962007	none-narrower	none	A	False	False		0.7908	0.1207	1.4012129699999998	0.7647	110.3
hard:722205008	hard	A	A	True	True		0.9536	0.9536	0.00264711	0.9478	183.4
hard:38907003	hard	A	A	True	True		0.9348	0.9348	0.005664110000000005	0.9266	104.4
easy:237950009	easy	A	A	True	True		0.8578	0.8578	0.02664962	0.84	174.8
retrieval-miss:93132001	retrieval-miss	none	A	False	False		0.9463	0.0284	1.83961183	0.9396	121.9
none-narrower:87666009	none-narrower	none	A	False	False		0.5406	0.3786	0.6815115999999999	0.4832	95.9
easy:235966007	easy	A	A	True	True		0.9169	0.9169	0.008615159999999992	0.9065	119.1
hard:254851009	hard	A	A	True	True		0.9038	0.9038	0.01202627999999999	0.8918	118.3
easy:190303007	easy	A	A	True	True		0.9136	0.9136	0.010495630000000006	0.9028	98.9
none-narrower:1254906000	none-narrower	none	none	True	False		0.6278	0.6278	0.17235510999999998	0.5813	110.9
easy:13507004	easy	A	A	True	True		0.827	0.827	0.04000289000000002	0.8054	106.5
hard:363408006	hard	A	A	True	True		0.9325	0.9325	0.00584206	0.9241	104.5
hard:230282000	hard	A	A	True	True		0.8529	0.8529	0.030008130000000004	0.8345	106.8
easy:195180004	easy	A	A	True	True		0.9295	0.9295	0.00632165	0.9207	93.0
easy:230425004	easy	A	A	True	True		0.9123	0.9123	0.00944083	0.9013	118.0
hard:95315005	hard	A	A	True	True		0.8454	0.8454	0.03203284999999999	0.826	111.2
easy:59393003	easy	A	A	True	True		0.9457	0.9457	0.003542610000000001	0.9389	114.8
easy:77121009	easy	A	A	True	True		0.8858	0.8858	0.015763669999999994	0.8716	184.3
hard:699305004	hard	A	A	True	True		0.9426	0.9426	0.00418061	0.9354	177.6
hard:71961003	hard	A	A	True	True		0.9547	0.9547	0.0025632200000000006	0.9491	108.8
hard:254230001	hard	A	A	True	True		0.8606	0.8606	0.02343860999999999	0.8432	106.5
easy:45339001	easy	A	A	True	True		0.752	0.752	0.07708359	0.721	107.2
hard:193411004	hard	A	A	True	True		0.9111	0.9111	0.010008849999999996	0.9	118.8
easy:402792003	easy	A	A	True	True		0.6711	0.6711	0.13975771	0.63	98.5
hard:42574005	hard	A	A	True	True		0.9378	0.9378	0.005597320000000004	0.9301	93.2
easy:7916009	easy	A	A	True	True		0.9551	0.9551	0.0026198800000000045	0.9495	93.0
hard:702361006	hard	A	A	True	True		0.9517	0.9517	0.002968600000000001	0.9456	176.6
easy:92083007	easy	A	A	True	True		0.9469	0.9469	0.003472640000000004	0.9403	106.5
hard:90708001	hard	A	A	True	True		0.8853	0.8853	0.017033530000000005	0.8709	104.1
none-narrower:429724002	none-narrower	none	H	False	False		0.4286	0.4115	0.5384686	0.3571	104.0
easy:9491003	easy	A	A	True	True		0.91	0.91	0.011037149999999994	0.8988	90.9
easy:450005	easy	A	A	True	True		0.8978	0.8978	0.012786459999999993	0.885	96.2
hard:75006000	hard	A	A	True	True		0.8602	0.8602	0.02745822000000001	0.8427	110.5
hard:719250005	hard	A	A	True	True		0.9693	0.9693	0.001194769999999997	0.9655	170.1
easy:764096006	easy	A	A	True	True		0.954	0.954	0.002660030000000004	0.9483	179.5
hard:69134001	hard	A	A	True	True		0.9039	0.9039	0.010948049999999996	0.8919	92.9
easy:45170000	easy	A	A	True	True		0.8831	0.8831	0.016634890000000003	0.8685	179.3
none-narrower:427419006	none-narrower	none	none	True	False		0.4739	0.4739	0.37045594000000004	0.4081	107.6
hard:86103006	hard	A	A	True	True		0.3999	0.3999	0.4955799700000001	0.3249	98.1
easy:44795003	easy	A	A	True	True		0.6148	0.6148	0.2103812	0.5667	104.4
none-narrower:13457005	none-narrower	none	none	True	False		0.6079	0.6079	0.24873134999999996	0.5589	104.5
hard:725148000	hard	A	A	True	True		0.9005	0.9005	0.012050940000000007	0.888	181.7
retrieval-miss:22542007	retrieval-miss	none	none	True	False		0.4168	0.4168	0.4364066499999999	0.3438	119.1
easy:253283000	easy	A	A	True	True		0.8607	0.8607	0.029132549999999997	0.8433	113.4
easy:21009004	easy	A	A	True	True		0.9553	0.9553	0.0026855799999999964	0.9497	111.0
retrieval-miss:124593001	retrieval-miss	none	A	False	False		0.5718	0.2891	0.8362321399999999	0.5183	176.9
easy:400946004	easy	F	F	True	False		0.9583	0.9583	0.002344329999999997	0.9531	175.2
easy:201191004	easy	A	A	True	True		0.9307	0.9307	0.005967110000000003	0.922	90.0
retrieval-miss:58437007	retrieval-miss	none	none	True	False		0.4717	0.4717	0.48549781000000003	0.4057	118.2
easy:722381004	easy	A	A	True	True		0.9716	0.9716	0.001041809999999999	0.9681	179.0
easy:703406006	easy	A	A	True	True		0.8841	0.8841	0.017345560000000003	0.8696	179.2
none-narrower:302920007	none-narrower	none	none	True	False		0.6026	0.6026	0.21397403999999998	0.5529	106.3
hard:410429000	hard	A	A	True	True		0.7931	0.7931	0.05442969999999999	0.7672	91.1
hard:444830001	hard	A	A	True	True		0.5026	0.5026	0.36021467999999995	0.4405	175.9
easy:717042001	easy	A	A	True	True		0.9019	0.9019	0.012168459999999994	0.8897	115.0
easy:29159009	easy	A	A	True	True		0.9253	0.9253	0.007593079999999999	0.9159	106.0
none-narrower:767448007	none-narrower	none	A	False	False		0.9178	0.0331	1.7785548099999997	0.9075	180.0
hard:766704005	hard	A	A	True	True		0.9678	0.9678	0.0013453800000000004	0.9638	111.6
hard:229733002	hard	A	A	True	True		0.9066	0.9066	0.010524880000000006	0.895	95.9
none-narrower:332461000119106	none-narrower	none	none	True	False		0.6025	0.6025	0.20830519999999997	0.5528	92.9
none-narrower:1300178001	none-narrower	none	none	True	False		0.3611	0.3611	0.49504576	0.2812	96.2
hard:397825006	hard	A	A	True	True		0.8828	0.8828	0.017733269999999995	0.8681	108.6
easy:60318001	easy	A	A	True	True		0.8908	0.8908	0.015419499999999992	0.8772	176.2
none-narrower:348681000119101	none-narrower	none	A	False	False		0.4048	0.3788	0.5712363899999999	0.3304	96.7
hard:720414005	hard	B	B	True	False		0.9714	0.9714	0.0010476799999999977	0.9678	178.0
easy:238011005	easy	A	A	True	True		0.9499	0.9499	0.0036420800000000033	0.9437	117.5
easy:95280005	easy	A	A	True	True		0.9171	0.9171	0.008831479999999996	0.9068	106.7
none-narrower:789399002	none-narrower	none	none	True	False		0.6566	0.6566	0.17395388000000003	0.6137	110.9
hard:28593007	hard	A	A	True	True		0.4665	0.4665	0.46468741	0.3998	96.1
easy:186668002	easy	A	A	True	True		0.9006	0.9006	0.01425976000000001	0.8882	171.4
easy:20392000	easy	A	A	True	True		0.6634	0.6634	0.17547940000000004	0.6213	87.5
hard:442416002	hard	A	A	True	True		0.9547	0.9547	0.002544010000000001	0.9491	110.8
retrieval-miss:234110002	retrieval-miss	none	none	True	False		0.8965	0.8965	0.012545820000000008	0.8836	104.6
easy:404086000	easy	A	A	True	True		0.953	0.953	0.0030463300000000033	0.9471	178.4
easy:367542003	easy	A	A	True	True		0.9447	0.9447	0.0037687200000000014	0.9378	119.0
easy:123596001	easy	A	A	True	True		0.9049	0.9049	0.011952119999999993	0.893	104.5
easy:49723003	easy	A	A	True	True		0.9527	0.9527	0.002961730000000001	0.9468	96.4
none-narrower:1231379009	none-narrower	none	none	True	False		0.5143	0.5143	0.34158503000000007	0.4535	110.8
hard:719454003	hard	A	A	True	True		0.867	0.867	0.024165130000000007	0.8503	119.5
hard:764997000	hard	A	A	True	True		0.9589	0.9589	0.002223790000000002	0.9538	184.1
easy:201192006	easy	A	A	True	True		0.7787	0.7787	0.05966963000000002	0.7511	91.1
hard:718848000	hard	A	A	True	True		0.9075	0.9075	0.010329760000000007	0.8959	117.1
none-narrower:16932000	none-narrower	none	B	False	False		0.4179	0.2521	0.7631961999999999	0.3451	110.8
hard:82852009	hard	A	A	True	True		0.8698	0.8698	0.022929989999999997	0.8535	111.9
easy:92040001	easy	A	A	True	True		0.9635	0.9635	0.0017638899999999984	0.9589	110.8
hard:36667009	hard	A	A	True	True		0.9665	0.9665	0.0014667599999999984	0.9623	118.5
hard:254068007	hard	A	A	True	True		0.89	0.89	0.014583289999999997	0.8763	179.7
hard:31323000	hard	A	A	True	True		0.9414	0.9414	0.004174019999999999	0.9341	110.4
easy:60168000	easy	A	A	True	True		0.9307	0.9307	0.005794450000000005	0.9221	110.5
easy:764859001	easy	A	A	True	True		0.9107	0.9107	0.009760900000000008	0.8996	107.0
none-narrower:1052239007	none-narrower	none	none	True	False		0.5547	0.5547	0.23521193	0.499	106.4
hard:237889002	hard	A	A	True	True		0.9615	0.9615	0.0019281799999999983	0.9567	121.3
none-narrower:105710000	none-narrower	none	none	True	False		0.6875	0.6875	0.13475231	0.6484	106.4
easy:1092381000119100	easy	A	A	True	True		0.8999	0.8999	0.014462859999999994	0.8874	110.7
easy:719514002	easy	A	A	True	True		0.9559	0.9559	0.0025580700000000026	0.9504	174.0
hard:126907002	hard	D	B	False	False		0.8805	0.0263	1.7265101299999999	0.8656	111.0
hard:764440006	hard	B	B	True	False		0.9735	0.9735	0.0009054599999999983	0.9702	175.6
easy:766870005	easy	B	B	True	False		0.9666	0.9666	0.001381109999999999	0.9625	186.5
hard:720495005	hard	A	A	True	True		0.9717	0.9717	0.0010323899999999993	0.9682	117.7
hard:711483003	hard	A	A	True	True		0.9158	0.9158	0.00906968000000001	0.9053	184.9
hard:254774003	hard	A	A	True	True		0.9644	0.9644	0.0017474899999999976	0.9599	179.0
retrieval-miss:719663005	retrieval-miss	none	A	False	False		0.6376	0.2105	1.0359708499999998	0.5923	107.7
easy:28366008	easy	A	A	True	True		0.9184	0.9184	0.007814060000000001	0.9082	108.9
none-narrower:240704003	none-narrower	none	C	False	False		0.4486	0.4127	0.55222016	0.3797	106.3
easy:707374005	easy	A	A	True	True		0.962	0.962	0.0019722500000000026	0.9573	110.7
retrieval-miss:238019007	retrieval-miss	none	A	False	False		0.3463	0.33	0.6049904799999999	0.2646	98.9
hard:402425006	hard	A	A	True	True		0.9233	0.9233	0.007646799999999999	0.9137	98.5
none-narrower:724647003	none-narrower	none	A	False	False		0.513	0.2347	0.86033852	0.4521	181.0
easy:26029002	easy	A	A	True	True		0.9549	0.9549	0.0026237300000000025	0.9492	115.5
easy:300988009	easy	A	A	True	True		0.812	0.812	0.04686109999999998	0.7885	107.0
easy:371160000	easy	A	A	True	True		0.8726	0.8726	0.02024350999999999	0.8566	106.4
easy:2589008	easy	A	A	True	True		0.953	0.953	0.002854920000000004	0.9471	106.4
hard:83172007	hard	A	A	True	True		0.8765	0.8765	0.018753040000000012	0.8611	98.8
hard:266254007	hard	A	A	True	True		0.8995	0.8995	0.012284670000000008	0.8869	92.9
hard:128123007	hard	A	A	True	True		0.3706	0.3706	0.52652303	0.292	108.4
easy:399906000	easy	A	A	True	True		0.9319	0.9319	0.005860230000000006	0.9234	106.1
hard:62005008	hard	A	A	True	True		0.8822	0.8822	0.017831300000000005	0.8675	117.3
retrieval-miss:197284004	retrieval-miss	none	none	True	False		0.7578	0.7578	0.06871305999999999	0.7275	96.5
easy:60389000	easy	A	A	True	True		0.9185	0.9185	0.008902160000000003	0.9084	109.3
easy:55850004	easy	A	A	True	True		0.9495	0.9495	0.003488609999999999	0.9432	182.3
hard:763209008	hard	A	A	True	True		0.9554	0.9554	0.002596699999999997	0.9499	181.3
easy:123948009	easy	B	B	True	False		0.9368	0.9368	0.0052713500000000045	0.9289	92.8
none-narrower:197853008	none-narrower	none	C	False	False		0.7697	0.1562	1.30574209	0.7409	95.9
hard:53783003	hard	A	A	True	True		0.8992	0.8992	0.01326869	0.8866	108.6
hard:722389002	hard	A	A	True	True		0.9439	0.9439	0.004057260000000005	0.9368	120.1
hard:9078005	hard	A	A	True	True		0.9682	0.9682	0.0013099600000000032	0.9643	106.1
hard:234349007	hard	A	A	True	True		0.8359	0.8359	0.03462778000000001	0.8154	103.8
easy:63042009	easy	A	A	True	True		0.8906	0.8906	0.017107340000000013	0.877	111.0
easy:404077005	easy	A	A	True	True		0.8552	0.8552	0.025149590000000013	0.8371	107.0
hard:93559003	hard	A	A	True	True		0.9503	0.9503	0.003118239999999997	0.9441	180.0
easy:92660005	easy	A	A	True	True		0.9174	0.9174	0.009398560000000002	0.9071	106.3
hard:187675005	hard	A	A	True	True		0.8512	0.8512	0.029629100000000012	0.8326	106.9
hard:34713006	hard	A	A	True	True		0.9444	0.9444	0.0038191499999999986	0.9374	118.7
none-narrower:1090651000119103	none-narrower	none	A	False	False		0.5285	0.3094	0.7665552499999999	0.4695	106.9
hard:253353007	hard	A	A	True	True		0.9224	0.9224	0.00786694	0.9127	119.7
easy:239918008	easy	A	A	True	True		0.8872	0.8872	0.016101980000000002	0.8731	107.1
none-narrower:30390004	none-narrower	none	none	True	False		0.4694	0.4694	0.43717401	0.4031	96.7
hard:63144007	hard	A	A	True	True		0.9653	0.9653	0.0016309199999999964	0.961	118.4
easy:230350000	easy	A	A	True	True		0.9667	0.9667	0.0013428399999999997	0.9625	119.5
easy:255037004	easy	A	A	True	True		0.878	0.878	0.02002363	0.8627	111.2
hard:128333008	hard	A	A	True	True		0.8995	0.8995	0.012844130000000007	0.8869	104.4
easy:254589009	easy	A	A	True	True		0.9126	0.9126	0.009094320000000006	0.9017	106.3
easy:399995006	easy	A	A	True	True		0.9231	0.9231	0.007360989999999996	0.9135	106.3
hard:444150000	hard	A	A	True	True		0.8527	0.8527	0.02670553	0.8343	103.9
easy:427232004	easy	A	A	True	True		0.9105	0.9105	0.010753210000000004	0.8993	173.7
easy:253098009	easy	A	A	True	True		0.9316	0.9316	0.005819270000000003	0.9231	120.8
easy:65295003	easy	A	A	True	True		0.9558	0.9558	0.002450840000000002	0.9503	106.6
hard:204950001	hard	A	A	True	True		0.9103	0.9103	0.009761339999999999	0.8991	106.9
easy:63398001	easy	A	A	True	True		0.9019	0.9019	0.011766309999999992	0.8897	106.5
easy:13468005	easy	A	A	True	True		0.9344	0.9344	0.00546203	0.9262	106.5
easy:86299006	easy	A	A	True	True		0.9302	0.9302	0.006018969999999996	0.9215	99.4
hard:55822004	hard	A	A	True	True		0.9455	0.9455	0.004052729999999999	0.9387	104.6
hard:20957000	hard	A	A	True	True		0.7781	0.7781	0.06277186	0.7504	96.7
none-narrower:70783003	none-narrower	none	none	True	False		0.8365	0.8365	0.031238449999999994	0.8161	93.0
easy:40122008	easy	A	A	True	True		0.9129	0.9129	0.009509879999999991	0.9021	98.3
easy:27885002	easy	A	A	True	True		0.9667	0.9667	0.0014220699999999997	0.9626	110.9
easy:371089000	easy	A	A	True	True		0.9525	0.9525	0.0029980399999999987	0.9466	180.6
hard:255072001	hard	A	A	True	True		0.8911	0.8911	0.015402699999999998	0.8775	110.9
hard:127231009	hard	A	A	True	True		0.9194	0.9194	0.008215400000000001	0.9093	118.2
none-narrower:428592003	none-narrower	none	none	True	False		0.7431	0.7431	0.11495026000000003	0.711	110.9
none-narrower:406570003	none-narrower	none	none	True	False		0.5543	0.5543	0.26138187999999996	0.4986	106.7
hard:65049003	hard	A	A	True	True		0.9033	0.9033	0.012430520000000002	0.8912	106.6
easy:765096001	easy	A	A	True	True		0.9367	0.9367	0.004791830000000004	0.9287	182.5
easy:763536006	easy	A	A	True	True		0.9454	0.9454	0.003639159999999998	0.9386	117.5
easy:429735007	easy	A	A	True	True		0.962	0.962	0.0019076400000000025	0.9572	184.3
hard:90584004	hard	A	A	True	True		0.9342	0.9342	0.005513379999999996	0.926	104.2
easy:58868000	easy	A	A	True	True		0.9437	0.9437	0.004168380000000002	0.9367	115.5
none-narrower:20239009	none-narrower	none	none	True	False		0.5665	0.5665	0.23864554	0.5123	96.4
easy:722006004	easy	A	A	True	True		0.9464	0.9464	0.0037258899999999978	0.9397	179.8
hard:236746000	hard	A	A	True	True		0.886	0.886	0.015972599999999997	0.8718	93.1
hard:271532008	hard	A	A	True	True		0.9322	0.9322	0.006098799999999996	0.9237	96.6
hard:198130006	hard	A	A	True	True		0.9536	0.9536	0.00290263	0.9478	104.0
retrieval-miss:716996008	retrieval-miss	none	A	False	False		0.9493	0.0232	1.8554873600000001	0.9429	178.9
hard:231861005	hard	A	A	True	True		0.4867	0.4867	0.3412418099999999	0.4225	99.2
easy:367520004	easy	A	A	True	True		0.9277	0.9277	0.0064977500000000035	0.9187	118.7
hard:724575009	hard	A	A	True	True		0.9033	0.9033	0.012138280000000005	0.8912	115.3
easy:22298006	easy	A	A	True	True		0.9038	0.9038	0.01219118999999999	0.8917	98.3
easy:709282004	easy	A	A	True	True		0.9538	0.9538	0.0027973600000000018	0.9481	118.0
hard:763309005	hard	A	A	True	True		0.8657	0.8657	0.027007059999999992	0.8489	182.2
retrieval-miss:16459000	retrieval-miss	none	none	True	False		0.9424	0.9424	0.004066769999999998	0.9352	171.9
easy:63119004	easy	A	A	True	True		0.9101	0.9101	0.009592789999999997	0.8988	176.5
hard:254114000	hard	A	A	True	True		0.6004	0.6004	0.18964651999999996	0.5505	107.1
hard:763658004	hard	A	A	True	True		0.9491	0.9491	0.003130059999999995	0.9427	183.9
easy:81211007	easy	A	C	False	True		0.6271	0.2347	0.9890449899999998	0.5805	107.0
hard:26745009	hard	A	A	True	True		0.9517	0.9517	0.0030722400000000013	0.9457	98.6
easy:432328008	easy	A	A	True	True		0.9442	0.9442	0.003770379999999995	0.9373	110.9
easy:68116008	easy	A	A	True	True		0.9461	0.9461	0.003838319999999995	0.9394	106.7
hard:18260003	hard	A	A	True	True		0.9583	0.9583	0.0021502599999999967	0.9531	104.0
hard:25569003	hard	A	A	True	True		0.9384	0.9384	0.004567359999999998	0.9306	106.8
none-narrower:724612006	none-narrower	none	H	False	False		0.5172	0.3526	0.6942431	0.4569	119.6
easy:254898001	easy	A	A	True	True		0.9418	0.9418	0.004607950000000003	0.9345	176.4
none-narrower:126999006	none-narrower	none	none	True	False		0.5587	0.5587	0.29644912	0.5036	111.0
hard:75614007	hard	A	A	True	True		0.9434	0.9434	0.003883639999999998	0.9363	104.7
easy:74100001	easy	A	none	False	True		0.3494	0.3423	0.5840363299999999	0.268	110.4
easy:192644005	easy	A	A	True	True		0.9697	0.9697	0.00117373	0.9659	115.7
none-narrower:370494002	none-narrower	none	none	True	False		0.4171	0.4171	0.42339908	0.3442	98.2
none-narrower:94514000	none-narrower	none	none	True	False		0.3806	0.3806	0.4750569399999999	0.3032	110.7
easy:717789008	easy	A	A	True	True		0.955	0.955	0.002740360000000004	0.9494	110.9
hard:715825009	hard	A	A	True	True		0.9737	0.9737	0.0008468699999999995	0.9704	180.1
retrieval-miss:408642003	retrieval-miss	none	none	True	False		0.5522	0.5522	0.26316061	0.4962	117.5
hard:30292005	hard	A	A	True	True		0.962	0.962	0.0017973600000000024	0.9573	106.3
easy:196102003	easy	A	A	True	True		0.9584	0.9584	0.0024058499999999976	0.9533	110.6
easy:722034006	easy	A	A	True	True		0.9452	0.9452	0.003844879999999996	0.9383	106.7
hard:11314008	hard	A	A	True	True		0.9042	0.9042	0.012022559999999998	0.8923	107.0
none-narrower:831000119103	none-narrower	none	A	False	False		0.899	0.0534	1.70474978	0.8864	96.2
hard:725141006	hard	A	A	True	True		0.9121	0.9121	0.009350759999999996	0.9011	107.0
retrieval-miss:238534006	retrieval-miss	none	none	True	False		0.8939	0.8939	0.013771729999999996	0.8807	98.7
hard:724384008	hard	A	A	True	True		0.9445	0.9445	0.0037595999999999992	0.9375	108.5
hard:723823004	hard	A	A	True	True		0.9678	0.9678	0.0013436200000000007	0.9637	185.7
none-narrower:721781004	none-narrower	none	A	False	False		0.8595	0.0899	1.5686674800000002	0.842	110.6
retrieval-miss:69646003	retrieval-miss	none	none	True	False		0.9385	0.9385	0.0045842	0.9308	172.5
retrieval-miss:431396003	retrieval-miss	none	none	True	False		0.6204	0.6204	0.17622593000000003	0.5729	108.4
hard:42908004	hard	A	A	True	True		0.8706	0.8706	0.027842009999999993	0.8544	98.6
easy:74469006	easy	B	B	True	False		0.8246	0.8246	0.04251535	0.8027	106.4
retrieval-miss:10170007	retrieval-miss	none	C	False	False		0.9117	0.0287	1.77573918	0.9006	112.9
hard:18756002	hard	A	A	True	True		0.9114	0.9114	0.00968369	0.9004	112.8
none-narrower:1217382002	none-narrower	none	none	True	False		0.5473	0.5473	0.24581335999999998	0.4907	182.4
retrieval-miss:234062003	retrieval-miss	none	A	False	False		0.6342	0.2394	0.98341371	0.5884	98.6
hard:765141005	hard	A	A	True	True		0.9505	0.9505	0.002998549999999999	0.9443	179.1
hard:715462003	hard	A	A	True	True		0.9643	0.9643	0.0015571499999999967	0.9598	179.2
easy:88232005	easy	A	A	True	True		0.9184	0.9184	0.008194260000000002	0.9082	104.5
none-narrower:272006008	none-narrower	none	none	True	False		0.6133	0.6133	0.18571445000000003	0.565	104.5
easy:400179000	easy	A	A	True	True		0.91	0.91	0.010245109999999991	0.8988	106.8
easy:81854007	easy	A	A	True	True		0.9036	0.9036	0.011537760000000008	0.8916	104.3
retrieval-miss:237692001	retrieval-miss	none	none	True	False		0.6824	0.6824	0.14349496	0.6427	179.7
none-narrower:1145446000	none-narrower	none	none	True	False		0.5838	0.5838	0.28436306	0.5318	100.2
easy:89723004	easy	A	A	True	True		0.9503	0.9503	0.0034267999999999968	0.9441	96.0
hard:719825000	hard	A	A	True	True		0.9397	0.9397	0.004651230000000003	0.9322	121.5
hard:74400008	hard	A	A	True	True		0.9143	0.9143	0.0087769	0.9036	96.3
hard:41910004	hard	A	A	True	True		0.9317	0.9317	0.005807760000000004	0.9232	110.5
easy:253103006	easy	A	A	True	True		0.9316	0.9316	0.005707960000000003	0.9231	98.3
easy:92437008	easy	A	A	True	True		0.9379	0.9379	0.004921380000000006	0.9302	111.2
easy:38371006	easy	A	A	True	True		0.9429	0.9429	0.004258360000000004	0.9357	104.8
easy:715770009	easy	A	A	True	True		0.9683	0.9683	0.0012768699999999968	0.9643	112.3
hard:196027008	hard	A	A	True	True		0.8331	0.8331	0.034296080000000013	0.8123	106.7
hard:719164000	hard	A	A	True	True		0.9577	0.9577	0.00235971	0.9524	108.3
none-narrower:403373008	none-narrower	none	H	False	False		0.8946	0.0429	1.7171946499999997	0.8814	96.2
hard:416481006	hard	A	A	True	True		0.9197	0.9197	0.007755230000000005	0.9096	111.0
none-narrower:94973007	none-narrower	none	none	True	False		0.8655	0.8655	0.022080759999999987	0.8487	118.7
hard:237604008	hard	A	A	True	True		0.9178	0.9178	0.00922077000000001	0.9075	183.1
hard:86341008	hard	A	A	True	True		0.7969	0.7969	0.05169753999999998	0.7716	106.7
hard:171131006	hard	A	A	True	True		0.8772	0.8772	0.019121790000000007	0.8619	111.8
none-narrower:95255005	none-narrower	none	none	True	False		0.4686	0.4686	0.37208248	0.4022	108.1
none-narrower:1156852009	none-narrower	none	none	True	False		0.5241	0.5241	0.26174871	0.4646	183.0
easy:56604005	easy	A	A	True	True		0.838	0.838	0.03145707000000001	0.8177	99.8
retrieval-miss:17406005	retrieval-miss	none	none	True	False		0.6745	0.6745	0.16105816	0.6339	106.4
retrieval-miss:720635002	retrieval-miss	none	none	True	False		0.7098	0.7098	0.09655603	0.6736	114.6
hard:116381000119105	hard	A	A	True	True		0.8841	0.8841	0.016245219999999998	0.8696	111.5
easy:69163003	easy	A	A	True	True		0.9199	0.9199	0.009454709999999993	0.9099	109.8
easy:719140001	easy	A	A	True	True		0.9437	0.9437	0.004118280000000002	0.9366	178.6
retrieval-miss:425740005	retrieval-miss	none	none	True	False		0.9781	0.9781	0.0006117500000000014	0.9753	177.7
none-narrower:2858002	none-narrower	none	C	False	False		0.4591	0.2029	0.91222711	0.3915	98.5
none-narrower:94682004	none-narrower	none	none	True	False		0.6029	0.6029	0.19283282000000002	0.5533	111.0
hard:403900000	hard	A	B	False	True		0.8772	0.0622	1.6507489199999998	0.8619	111.4
hard:197866008	hard	A	A	True	True		0.937	0.937	0.006337339999999993	0.9291	92.2
retrieval-miss:16814004	retrieval-miss	none	none	True	False		0.7015	0.7015	0.16298831	0.6642	104.5
easy:111798006	easy	A	A	True	True		0.9469	0.9469	0.0036864300000000036	0.9402	104.8
hard:234451005	hard	A	A	True	True		0.918	0.918	0.008890269999999994	0.9077	111.3
easy:58718002	easy	A	A	True	True		0.9656	0.9656	0.001614339999999999	0.9613	104.7
easy:720612000	easy	A	A	True	True		0.9642	0.9642	0.0015975700000000039	0.9597	178.9
easy:363358000	easy	A	A	True	True		0.9128	0.9128	0.00927635000000001	0.9018	108.9
easy:53974002	easy	A	A	True	True		0.9563	0.9563	0.002546979999999997	0.9509	111.2
hard:85559002	hard	B	B	True	False		0.9595	0.9595	0.002125619999999998	0.9544	98.9
hard:187681002	hard	A	A	True	True		0.7016	0.7016	0.13043776	0.6643	107.2
easy:254129003	easy	A	A	True	True		0.9721	0.9721	0.000992510000000002	0.9686	110.7
hard:62377009	hard	A	A	True	True		0.9486	0.9486	0.00347885	0.9421	106.9
hard:76976005	hard	A	A	True	True		0.8031	0.8031	0.04921471999999999	0.7785	98.5
hard:19138001	hard	A	A	True	True		0.9025	0.9025	0.012872390000000004	0.8903	114.0
easy:18842008	easy	A	A	True	True		0.8512	0.8512	0.029515540000000014	0.8326	98.8
retrieval-miss:10087007	retrieval-miss	none	none	True	False		0.649	0.649	0.15290056999999999	0.6051	106.8
hard:190724004	hard	A	A	True	True		0.9138	0.9138	0.009933670000000009	0.903	98.5
easy:404057003	easy	A	A	True	True		0.9233	0.9233	0.0076636599999999975	0.9137	180.7
easy:264443002	easy	A	A	True	True		0.913	0.913	0.010053549999999994	0.9022	106.9
easy:363433009	easy	A	A	True	True		0.7862	0.7862	0.05681213	0.7595	118.3
hard:28670008	hard	A	A	True	True		0.9289	0.9289	0.006348480000000007	0.92	107.0
hard:92386006	hard	A	A	True	True		0.9118	0.9118	0.00965927999999999	0.9008	107.1
none-narrower:472783006	none-narrower	none	H	False	False		0.6274	0.2358	0.9830532399999999	0.5808	99.0
easy:405822008	easy	A	A	True	True		0.9376	0.9376	0.005148280000000001	0.9298	178.5
hard:59229005	hard	A	A	True	True		0.8836	0.8836	0.017589149999999987	0.8691	106.8
none-narrower:771177009	none-narrower	none	A	False	False		0.9491	0.0198	1.86174504	0.9428	114.4
hard:19620000	hard	A	A	True	True		0.9454	0.9454	0.0038518999999999975	0.9386	98.6
none-narrower:441530006	none-narrower	none	none	True	False		0.5727	0.5727	0.25094986	0.5193	96.1
hard:36989005	hard	A	A	True	True		0.9219	0.9219	0.007546399999999991	0.9121	111.4
none-narrower:276866009	none-narrower	none	none	True	False		0.794	0.794	0.059434189999999984	0.7683	111.9
none-narrower:403785002	none-narrower	none	A	False	False		0.3921	0.3549	0.60083703	0.3161	118.4
hard:721836009	hard	A	A	True	True		0.9611	0.9611	0.0019162800000000037	0.9562	178.2
none-narrower:373405005	none-narrower	none	none	True	False		0.5757	0.5757	0.24747296000000002	0.5227	96.4
hard:24629003	hard	A	A	True	True		0.9597	0.9597	0.00219168	0.9546	121.7
hard:404659001	hard	A	A	True	True		0.9245	0.9245	0.007171040000000002	0.9151	118.6
hard:719800009	hard	A	A	True	True		0.9427	0.9427	0.004193340000000002	0.9355	111.3
easy:720603002	easy	A	A	True	True		0.897	0.897	0.014066909999999995	0.8842	183.7
hard:56267009	hard	A	A	True	True		0.9251	0.9251	0.006986399999999995	0.9158	110.7
none-narrower:47378001	none-narrower	none	none	True	False		0.5849	0.5849	0.21584756	0.533	108.7
hard:196305005	hard	A	A	True	True		0.8761	0.8761	0.01993912	0.8606	110.9
hard:290653008	hard	A	A	True	True		0.9632	0.9632	0.0017700900000000039	0.9586	180.4
retrieval-miss:21893008	retrieval-miss	none	none	True	False		0.8843	0.8843	0.015354000000000007	0.8699	178.6
easy:720344007	easy	A	A	True	True		0.5698	0.5698	0.28062965	0.516	176.8
easy:95210003	easy	A	A	True	True		0.953	0.953	0.0027706300000000044	0.9471	115.9
none-narrower:724749007	none-narrower	none	none	True	False		0.5192	0.5192	0.33000791	0.4591	106.9
hard:12676007	hard	A	A	True	True		0.9522	0.9522	0.0028867399999999953	0.9462	92.2
easy:89392001	easy	A	A	True	True		0.9116	0.9116	0.009374410000000007	0.9005	110.7
easy:37754005	easy	A	A	True	True		0.9584	0.9584	0.0022562199999999976	0.9532	107.0
easy:721015008	easy	B	B	True	False		0.9714	0.9714	0.0010734999999999976	0.9678	111.8
hard:443439001	hard	A	A	True	True		0.8831	0.8831	0.018900650000000005	0.8685	176.4
hard:716683005	hard	A	A	True	True		0.9543	0.9543	0.0026215199999999965	0.9486	185.1
none-narrower:231929005	none-narrower	none	B	False	False		0.4433	0.3973	0.56701754	0.3738	98.9
easy:8635005	easy	A	A	True	True		0.9231	0.9231	0.007328439999999995	0.9135	104.4
hard:93390002	hard	A	A	True	True		0.7944	0.7944	0.05850693	0.7687	106.4
hard:371199008	hard	A	A	True	True		0.7804	0.7804	0.06054633000000001	0.7529	98.1
easy:239085000	easy	B	B	True	False		0.9071	0.9071	0.011296639999999997	0.8955	102.0
easy:69080001	easy	A	A	True	True		0.9075	0.9075	0.010771420000000007	0.8959	106.6
hard:768843007	hard	A	A	True	True		0.9533	0.9533	0.0026592399999999967	0.9475	181.5
easy:89420002	easy	A	A	True	True		0.752	0.752	0.07749265999999999	0.721	108.0
easy:763215008	easy	A	A	True	True		0.9685	0.9685	0.0012403299999999983	0.9646	179.2
easy:717749002	easy	A	A	True	True		0.9063	0.9063	0.0110866	0.8946	110.8
easy:47709007	easy	A	A	True	True		0.9539	0.9539	0.0026098100000000023	0.9481	119.9
hard:720984008	hard	A	A	True	True		0.9646	0.9646	0.0015999899999999988	0.9601	182.3
none-narrower:255169005	none-narrower	none	B	False	False		0.5278	0.2973	0.7841897900000001	0.4687	110.6
hard:234628004	hard	A	A	True	True		0.9252	0.9252	0.007186559999999996	0.9159	107.2
hard:722456001	hard	A	A	True	True		0.9597	0.9597	0.00209572	0.9547	117.2
hard:24752008	hard	A	A	True	True		0.9329	0.9329	0.005557000000000006	0.9246	106.9
hard:733520002	hard	A	A	True	True		0.9081	0.9081	0.010044169999999996	0.8966	179.5
retrieval-miss:88887003	retrieval-miss	none	none	True	False		0.6427	0.6427	0.16942308999999994	0.598	106.8
easy:716091000	easy	A	A	True	True		0.949	0.949	0.0031989400000000047	0.9426	122.0
none-narrower:271570007	none-narrower	none	none	True	False		0.4396	0.4396	0.42108813	0.3696	96.3
hard:55735004	hard	A	A	True	True		0.9395	0.9395	0.0047332500000000005	0.932	111.5
hard:13920009	hard	A	A	True	True		0.9466	0.9466	0.0035966800000000005	0.9399	111.3
easy:1279844009	easy	A	A	True	True		0.929	0.929	0.006150989999999993	0.9201	106.5
none-narrower:312224002	none-narrower	none	none	True	False		0.672	0.672	0.17367070999999998	0.631	98.4
easy:764996009	easy	A	A	True	True		0.9614	0.9614	0.0019621499999999976	0.9566	175.0
none-narrower:254196004	none-narrower	none	A	False	False		0.6685	0.1537	1.17094312	0.627	182.5
easy:703266007	easy	A	A	True	True		0.8069	0.8069	0.04499361000000002	0.7828	108.4
none-narrower:773610007	none-narrower	none	A	False	False		0.9473	0.0218	1.85446405	0.9407	120.4
none-narrower:447706001	none-narrower	none	none	True	False		0.5452	0.5452	0.31928016	0.4883	117.9
hard:763528002	hard	A	A	True	True		0.8899	0.8899	0.015473629999999993	0.8761	179.0
hard:70737009	hard	C	C	True	False		0.9491	0.9491	0.0038336799999999943	0.9427	118.9
hard:25374005	hard	A	A	True	True		0.9548	0.9548	0.0027198200000000017	0.9492	96.6
retrieval-miss:237687003	retrieval-miss	none	none	True	False		0.9555	0.9555	0.0022626099999999987	0.9499	121.3
retrieval-miss:703403003	retrieval-miss	none	none	True	False		0.7616	0.7616	0.06915041999999998	0.7318	177.8
hard:1271009	hard	A	A	True	True		0.9313	0.9313	0.005743679999999997	0.9227	114.5
hard:85708001	hard	A	A	True	True		0.9324	0.9324	0.006168169999999999	0.924	107.2
none-narrower:111850006	none-narrower	none	none	True	False		0.4823	0.4823	0.3499443000000001	0.4176	96.3
easy:725413002	easy	A	A	True	True		0.9412	0.9412	0.004057639999999995	0.9338	108.4
hard:238047006	hard	A	A	True	True		0.9534	0.9534	0.002681609999999998	0.9476	110.2
easy:230655004	easy	A	A	True	True		0.9181	0.9181	0.009276909999999996	0.9078	106.3
easy:25476006	easy	A	A	True	True		0.6608	0.6608	0.15945105999999998	0.6184	110.9
hard:719209002	hard	A	A	True	True		0.9619	0.9619	0.001764510000000002	0.9571	170.4
hard:443520009	hard	A	A	True	True		0.9233	0.9233	0.007741509999999998	0.9137	100.0
none-narrower:1259592000	none-narrower	none	A	False	False		0.5845	0.1676	1.05842312	0.5325	119.0
none-narrower:373422007	none-narrower	none	none	True	False		0.2958	0.2958	0.5956686699999999	0.2078	100.2
easy:721835008	easy	A	A	True	True		0.9462	0.9462	0.003664599999999996	0.9395	110.2
hard:31097004	hard	D	D	True	False		0.9721	0.9721	0.001025260000000002	0.9686	118.3
easy:60136008	easy	A	A	True	True		0.9272	0.9272	0.006749539999999997	0.9182	94.7
easy:721075001	easy	A	A	True	True		0.965	0.965	0.001548660000000002	0.9607	111.7
easy:28783002	easy	G	G	True	False		0.9346	0.9346	0.005631570000000002	0.9264	104.9
retrieval-miss:1648002	retrieval-miss	none	none	True	False		0.6471	0.6471	0.19725339999999997	0.603	119.4
hard:719650004	hard	A	A	True	True		0.9356	0.9356	0.005157180000000001	0.9275	122.0
easy:297237003	easy	A	A	True	True		0.8961	0.8961	0.01388381	0.8831	119.6
retrieval-miss:4945003	retrieval-miss	none	none	True	False		0.8708	0.8708	0.020050169999999996	0.8546	169.1
retrieval-miss:34042008	retrieval-miss	none	E	False	False		0.6526	0.1968	1.07611776	0.6091	118.1
easy:126792007	easy	A	A	True	True		0.8203	0.8203	0.043473169999999985	0.7978	104.9
easy:722059002	easy	A	A	True	True		0.9697	0.9697	0.0011142299999999995	0.9659	172.3
easy:109995007	easy	A	A	True	True		0.9234	0.9234	0.00718107	0.9138	182.3
easy:48500005	easy	A	A	True	True		0.9669	0.9669	0.001526000000000001	0.9628	104.2
none-narrower:49481000	none-narrower	none	none	True	False		0.5651	0.5651	0.28581435999999993	0.5107	176.1
none-narrower:191820008	none-narrower	none	none	True	False		0.366	0.366	0.48769915	0.2868	91.2
hard:43878008	hard	A	A	True	True		0.9382	0.9382	0.004856199999999996	0.9305	106.5
easy:45781009	easy	E	E	True	False		0.8398	0.8398	0.03244445	0.8198	110.4
easy:722690001	easy	A	A	True	True		0.9476	0.9476	0.0035632400000000005	0.941	111.2
none-narrower:1259443009	none-narrower	none	A	False	False		0.58	0.1017	1.2136318	0.5275	176.0
hard:41799005	hard	A	A	True	True		0.9239	0.9239	0.007885219999999991	0.9144	107.0
hard:38804009	hard	A	A	True	True		0.9544	0.9544	0.0026435899999999977	0.9486	112.1
easy:276954004	easy	A	A	True	True		0.9234	0.9234	0.00701913	0.9139	111.9
retrieval-miss:719848005	retrieval-miss	none	G	False	False		0.6406	0.2348	0.99869625	0.5957	91.7
easy:24790002	easy	A	A	True	True		0.954	0.954	0.002591490000000004	0.9483	178.6
easy:717008005	easy	A	A	True	True		0.9475	0.9475	0.003604919999999999	0.9409	175.8
none-narrower:4702003	none-narrower	none	B	False	False		0.8927	0.0754	1.65208589	0.8793	98.3
none-narrower:262933008	none-narrower	none	H	False	False		0.4214	0.155	1.0430710399999998	0.3491	108.8
retrieval-miss:61750000	retrieval-miss	none	none	True	False		0.9341	0.9341	0.005326939999999994	0.9258	107.4
hard:81577001	hard	A	A	True	True		0.952	0.952	0.002930230000000004	0.946	110.8
hard:44730006	hard	A	A	True	True		0.9159	0.9159	0.008676849999999991	0.9053	118.3
none-narrower:722664004	none-narrower	none	none	True	False		0.7764	0.7764	0.06449837000000001	0.7485	107.1
hard:715907003	hard	A	A	True	True		0.9698	0.9698	0.0011542100000000001	0.9661	119.6
hard:51523009	hard	A	A	True	True		0.661	0.661	0.16553684	0.6186	110.7
retrieval-miss:445448008	retrieval-miss	none	none	True	False		0.7222	0.7222	0.09167287000000002	0.6875	176.8
retrieval-miss:37610005	retrieval-miss	none	none	True	False		0.9574	0.9574	0.0025553499999999975	0.952	86.1
hard:718602007	hard	A	A	True	True		0.9708	0.9708	0.0010962100000000002	0.9672	115.4
hard:49428008	hard	A	A	True	True		0.9248	0.9248	0.006832080000000008	0.9154	118.9
hard:42265009	hard	A	A	True	True		0.8862	0.8862	0.016770060000000003	0.872	98.5
hard:33064008	hard	A	A	True	True		0.9418	0.9418	0.004598980000000003	0.9345	112.4
easy:42386007	easy	A	A	True	True		0.9645	0.9645	0.0016359599999999982	0.9601	171.2
easy:254812004	easy	A	A	True	True		0.701	0.701	0.12698277000000002	0.6637	99.1
easy:722439009	easy	A	A	True	True		0.9625	0.9625	0.0018807499999999983	0.9579	179.5
easy:44018007	easy	B	none	False	False		0.3849	0.2687	0.7229890800000001	0.308	98.8
retrieval-miss:279611005	retrieval-miss	none	none	True	False		0.827	0.827	0.03443543000000002	0.8053	117.9
hard:80813006	hard	A	A	True	True		0.966	0.966	0.001518660000000002	0.9617	108.3
easy:715776003	easy	A	A	True	True		0.9625	0.9625	0.0018449399999999985	0.9578	170.8
none-narrower:59136001	none-narrower	none	none	True	False		0.5717	0.5717	0.24071291000000003	0.5181	104.4
easy:402700001	easy	A	A	True	True		0.8886	0.8886	0.01628605000000001	0.8746	99.0
easy:17608003	easy	A	A	True	True		0.9459	0.9459	0.003775740000000004	0.9391	119.0
none-narrower:1255194004	none-narrower	none	none	True	False		0.7666	0.7666	0.06345490000000002	0.7374	120.5
none-narrower:818967003	none-narrower	none	A	False	False		0.8226	0.0734	1.53901872	0.8004	111.8
hard:240849009	hard	A	A	True	True		0.9466	0.9466	0.0035367700000000007	0.94	177.7
hard:389145006	hard	A	A	True	True		0.9484	0.9484	0.0033135499999999976	0.942	96.6
hard:35600002	hard	A	A	True	True		0.9328	0.9328	0.006014660000000005	0.9244	111.4
hard:197270009	hard	A	A	True	True		0.9358	0.9358	0.0057709900000000045	0.9278	96.9
easy:85898001	easy	A	A	True	True		0.8842	0.8842	0.016688210000000005	0.8697	107.0
easy:764512003	easy	A	A	True	True		0.9615	0.9615	0.0018773099999999984	0.9567	401.8
none-narrower:403369005	none-narrower	none	none	True	False		0.4839	0.4839	0.33311451000000003	0.4194	105.8
hard:124596009	hard	A	A	True	True		0.9259	0.9259	0.0073402100000000085	0.9166	111.7
hard:75315001	hard	A	A	True	True		0.9357	0.9357	0.004821330000000003	0.9276	106.5
hard:18735004	hard	A	A	True	True		0.8644	0.8644	0.023363560000000016	0.8474	98.4
hard:237941007	hard	A	A	True	True		0.9287	0.9287	0.006583610000000005	0.9198	179.2
easy:70647001	easy	A	A	True	True		0.9344	0.9344	0.005158839999999999	0.9262	118.2
easy:35091000119101	easy	A	A	True	True		0.793	0.793	0.057163339999999986	0.7672	119.4
none-narrower:10184002	none-narrower	none	none	True	False		0.6356	0.6356	0.15324848999999996	0.59	96.5
hard:35520007	hard	A	A	True	True		0.9541	0.9541	0.002653970000000005	0.9483	106.7
hard:18805001	hard	C	C	True	False		0.4094	0.4094	0.43403867	0.3356	107.2
hard:126583006	hard	A	A	True	True		0.837	0.837	0.03505274000000001	0.8166	111.4
easy:715736008	easy	A	A	True	True		0.9719	0.9719	0.0010371800000000008	0.9684	174.7
hard:359007	hard	A	A	True	True		0.9411	0.9411	0.004336939999999995	0.9337	110.9
none-narrower:95005005	none-narrower	none	none	True	False		0.692	0.692	0.14029997000000002	0.6535	110.8
none-narrower:15966341000119102	none-narrower	none	A	False	False		0.7248	0.191	1.18282897	0.6904	104.1
easy:233667003	easy	C	C	True	False		0.8599	0.8599	0.028626050000000007	0.8424	99.1
easy:724275005	easy	A	A	True	True		0.9537	0.9537	0.002714260000000001	0.9479	180.3
easy:723453002	easy	A	A	True	True		0.9588	0.9588	0.002243440000000001	0.9536	178.6
easy:190293001	easy	A	A	True	True		0.9196	0.9196	0.008057150000000004	0.9096	108.6
none-narrower:94080006	none-narrower	none	A	False	False		0.5686	0.0655	1.30838173	0.5146	108.3
easy:449824004	easy	A	A	True	True		0.9478	0.9478	0.0032176900000000026	0.9412	106.5
none-narrower:1263522001	none-narrower	none	none	True	False		0.7497	0.7497	0.09548910999999997	0.7184	111.1
hard:720458005	hard	A	A	True	True		0.9176	0.9176	0.008382090000000003	0.9073	181.9
hard:62067003	hard	A	A	True	True		0.959	0.959	0.002165650000000003	0.9538	118.5
none-narrower:66944004	none-narrower	none	none	True	False		0.5542	0.5542	0.23624826999999995	0.4985	106.7
easy:90623003	easy	A	A	True	True		0.9343	0.9343	0.006016169999999996	0.9261	109.2
easy:49130001	easy	A	A	True	True		0.738	0.738	0.08944770000000002	0.7053	97.0
easy:230321007	easy	A	none	False	True		0.3925	0.1546	0.9646313500000001	0.3166	106.1
easy:36971009	easy	A	A	True	True		0.9278	0.9278	0.006513960000000006	0.9187	91.1
none-narrower:300457003	none-narrower	none	none	True	False		0.4857	0.4857	0.35645509	0.4214	96.2
hard:87343002	hard	A	A	True	True		0.9235	0.9235	0.008201260000000002	0.9139	176.6
hard:415105001	hard	A	A	True	True		0.9581	0.9581	0.002264440000000004	0.9529	108.4
hard:254582000	hard	A	A	True	True		0.9268	0.9268	0.006794730000000006	0.9176	179.7
easy:192004002	easy	A	A	True	True		0.879	0.879	0.02000358	0.8639	96.5
easy:446989009	easy	A	A	True	True		0.9576	0.9576	0.0023807799999999994	0.9523	118.5
none-narrower:204985001	none-narrower	none	A	False	False		0.7397	0.1872	1.21028124	0.7072	96.6
easy:402723003	easy	A	A	True	True		0.7945	0.7945	0.057499009999999996	0.7688	112.6
none-narrower:265569002	none-narrower	none	B	False	False		0.7885	0.0926	1.4480514899999999	0.762	111.6
easy:65194006	easy	A	A	True	True		0.915	0.915	0.009417599999999993	0.9044	106.3
easy:255084004	easy	A	A	True	True		0.6854	0.6854	0.12784345	0.6461	110.8
none-narrower:276873004	none-narrower	none	B	False	False		0.9117	0.0391	1.75513493	0.9007	120.0
hard:92059004	hard	A	A	True	True		0.9455	0.9455	0.0037688799999999996	0.9387	107.2
hard:237083000	hard	A	A	True	True		0.9139	0.9139	0.009397999999999993	0.9032	104.6
none-narrower:54116000	none-narrower	none	A	False	False		0.6009	0.2142	0.98515906	0.551	111.8
retrieval-miss:105706003	retrieval-miss	none	none	True	False		0.5144	0.5144	0.44206042	0.4537	106.7
easy:695751021000132104	easy	A	A	True	True		0.9602	0.9602	0.002206919999999996	0.9552	108.5
easy:28244003	easy	A	A	True	True		0.9342	0.9342	0.005698339999999996	0.926	98.3
hard:121951000119101	hard	A	A	True	True		0.9487	0.9487	0.0033555700000000013	0.9423	104.4
none-narrower:771013004	none-narrower	none	A	False	False		0.9449	0.0259	1.84190028	0.938	179.8
none-narrower:387681000	none-narrower	none	none	True	False		0.8775	0.8775	0.020096770000000014	0.8622	106.6
easy:277617004	easy	A	A	True	True		0.8791	0.8791	0.01747258	0.864	115.5
hard:722378009	hard	A	A	True	True		0.9601	0.9601	0.0019737500000000037	0.9551	121.6
hard:61253004	hard	A	A	True	True		0.8531	0.8531	0.02692132000000001	0.8348	97.0
retrieval-miss:238694002	retrieval-miss	none	A	False	False		0.9286	0.0226	1.81808247	0.9196	119.0
easy:200722003	easy	A	A	True	True		0.9591	0.9591	0.002060760000000004	0.954	96.5
hard:231931001	hard	A	A	True	True		0.9137	0.9137	0.009308910000000007	0.9029	111.6
none-narrower:402126004	none-narrower	none	A	False	False		0.82	0.0939	1.49542748	0.7975	108.9
none-narrower:359711001	none-narrower	none	A	False	False		0.9403	0.0257	1.83373363	0.9328	179.8
easy:194119004	easy	C	C	True	False		0.912	0.912	0.010216709999999993	0.901	98.4
hard:41659003	hard	C	C	True	False		0.8636	0.8636	0.02543535999999999	0.8466	115.9
hard:14921002	hard	D	D	True	False		0.5906	0.5906	0.21339708999999998	0.5394	118.2
retrieval-miss:69488000	retrieval-miss	none	G	False	False		0.4828	0.2523	0.8093833300000002	0.4181	104.4
none-narrower:385006	none-narrower	none	none	True	False		0.4025	0.4025	0.4844302799999999	0.3278	95.9
none-narrower:186861006	none-narrower	none	none	True	False		0.7293	0.7293	0.09816836000000002	0.6955	106.8
easy:403889000	easy	A	A	True	True		0.9182	0.9182	0.008057049999999998	0.908	117.8
retrieval-miss:78305006	retrieval-miss	none	none	True	False		0.8445	0.8445	0.02803647999999999	0.825	118.6
easy:77098009	easy	A	A	True	True		0.8798	0.8798	0.018432349999999993	0.8648	114.3
hard:12546009	hard	B	B	True	False		0.5826	0.5826	0.28733576000000005	0.5304	116.9
none-narrower:1177005009	none-narrower	none	F	False	False		0.7159	0.1522	1.2343160199999998	0.6804	98.2
easy:37925008	easy	A	A	True	True		0.9304	0.9304	0.006162209999999999	0.9217	104.3
easy:36517007	easy	A	A	True	True		0.9375	0.9375	0.0048293699999999995	0.9297	106.9
easy:34742003	easy	A	A	True	True		0.9375	0.9375	0.005041480000000001	0.9297	92.2
easy:763833006	easy	A	A	True	True		0.8807	0.8807	0.02083976999999999	0.8658	180.1
hard:613003	hard	A	A	True	True		0.9297	0.9297	0.006033050000000005	0.9209	99.5
hard:716108004	hard	A	A	True	True		0.9652	0.9652	0.0015502100000000035	0.9608	180.6
easy:92272009	easy	A	A	True	True		0.7675	0.7675	0.07893749000000001	0.7384	118.2
easy:238612002	easy	A	A	True	True		0.9164	0.9164	0.008493020000000002	0.906	117.6
hard:15033003	hard	A	A	True	True		0.9652	0.9652	0.0015715300000000037	0.9608	96.9
easy:718174008	easy	A	A	True	True		0.9143	0.9143	0.00889277	0.9036	110.7
hard:193093009	hard	A	A	True	True		0.9389	0.9389	0.004674970000000006	0.9313	106.4
easy:92298003	easy	A	A	True	True		0.9123	0.9123	0.009652029999999999	0.9013	111.7
easy:447781009	easy	A	A	True	True		0.7298	0.7298	0.09055519000000001	0.696	118.1
easy:267592003	easy	B	B	True	False		0.9416	0.9416	0.004318510000000001	0.9343	117.6
easy:763070001	easy	A	A	True	True		0.9588	0.9588	0.002097220000000001	0.9537	172.0
hard:715482004	hard	A	A	True	True		0.9702	0.9702	0.0011660500000000029	0.9664	114.0
hard:39479004	hard	A	A	True	True		0.9566	0.9566	0.0024682799999999993	0.9512	117.7
retrieval-miss:277475006	retrieval-miss	none	none	True	False		0.6846	0.6846	0.17124365	0.6452	118.8
hard:719404009	hard	A	A	True	True		0.9651	0.9651	0.0015898600000000028	0.9608	107.0
easy:255039001	easy	A	A	True	True		0.9025	0.9025	0.012846160000000006	0.8904	117.9
none-narrower:712527004	none-narrower	none	B	False	False		0.4243	0.3804	0.5730030899999999	0.3523	106.7
hard:763211004	hard	A	A	True	True		0.9529	0.9529	0.002818130000000003	0.947	180.6
hard:76880004	hard	A	A	True	True		0.8996	0.8996	0.012742980000000008	0.887	99.2
easy:92109005	easy	A	A	True	True		0.9456	0.9456	0.0037661200000000004	0.9388	106.8
easy:21794005	easy	A	A	True	True		0.9566	0.9566	0.0024273099999999994	0.9512	107.1
easy:720976009	easy	A	A	True	True		0.9685	0.9685	0.0012077099999999983	0.9646	180.3
easy:274902006	easy	A	A	True	True		0.97	0.97	0.0011435700000000017	0.9663	178.9
hard:230672006	hard	A	A	True	True		0.9377	0.9377	0.005000100000000003	0.9299	120.0
easy:94292003	easy	A	A	True	True		0.9102	0.9102	0.009726309999999998	0.899	111.6
hard:254609000	hard	A	A	True	True		0.8308	0.8308	0.034643650000000005	0.8096	111.4
easy:716653001	easy	A	A	True	True		0.9171	0.9171	0.008375019999999995	0.9067	119.5
hard:231479000	hard	A	A	True	True		0.9111	0.9111	0.009614139999999995	0.9	81.0
easy:363465007	easy	A	A	True	True		0.8602	0.8602	0.02583670000000001	0.8428	96.8
none-narrower:92609009	none-narrower	none	none	True	False		0.4374	0.4374	0.43669765	0.367	96.3
hard:92412003	hard	A	A	True	True		0.9395	0.9395	0.0044642399999999995	0.9319	111.1
easy:277950001	easy	A	A	True	True		0.7979	0.7979	0.05008262999999998	0.7726	115.6
retrieval-miss:444755001	retrieval-miss	none	none	True	False		0.9041	0.9041	0.010967669999999999	0.8921	98.1
hard:126677000	hard	A	A	True	True		0.9361	0.9361	0.005166659999999994	0.9282	110.8
hard:398680004	hard	B	A	False	False		0.9291	0.0052	1.85420873	0.9202	181.0
retrieval-miss:129565002	retrieval-miss	none	A	False	False		0.7088	0.1574	1.2170305200000002	0.6724	97.1
easy:266257000	easy	B	B	True	False		0.9539	0.9539	0.0028705500000000025	0.9482	108.5
easy:276975007	easy	A	A	True	True		0.9426	0.9426	0.004223760000000001	0.9354	177.1
easy:715984007	easy	A	A	True	True		0.9446	0.9446	0.003871940000000001	0.9377	179.1
easy:1963002	easy	A	A	True	True		0.9097	0.9097	0.010219770000000008	0.8984	115.0
hard:363451005	hard	A	A	True	True		0.8311	0.8311	0.035654720000000015	0.81	104.7
hard:718679004	hard	A	A	True	True		0.9716	0.9716	0.0010231299999999988	0.968	107.1
none-narrower:1351328007	none-narrower	none	A	False	False		0.9456	0.0223	1.85022915	0.9388	109.6
easy:609565001	easy	A	A	True	True		0.9248	0.9248	0.006837090000000007	0.9154	107.0
easy:713577007	easy	A	A	True	True		0.8821	0.8821	0.01704328	0.8673	118.6
hard:402524007	hard	A	A	True	True		0.9318	0.9318	0.0064048300000000054	0.9232	106.2
hard:403986008	hard	A	A	True	True		0.9283	0.9283	0.006323769999999998	0.9194	107.4
hard:126824007	hard	A	A	True	True		0.8965	0.8965	0.013723410000000009	0.8836	107.3
hard:702368000	hard	A	A	True	True		0.9086	0.9086	0.010968970000000007	0.8972	118.8
hard:61663001	hard	A	A	True	True		0.8758	0.8758	0.019353799999999994	0.8603	113.1
easy:26597004	easy	A	A	True	True		0.9136	0.9136	0.009119020000000005	0.9028	206.7
hard:763531001	hard	A	A	True	True		0.934	0.934	0.005400199999999992	0.9257	111.3
none-narrower:403552007	none-narrower	none	none	True	False		0.4279	0.4279	0.46978856	0.3564	111.1
easy:195021004	easy	A	A	True	True		0.5894	0.5894	0.27066375	0.5381	111.6
easy:32117000	easy	A	A	True	True		0.9247	0.9247	0.007238230000000005	0.9153	176.3
easy:717224002	easy	A	A	True	True		0.9326	0.9326	0.005780150000000003	0.9241	179.4
hard:419503008	hard	A	A	True	True		0.843	0.843	0.029105950000000005	0.8234	110.7
easy:766982000	easy	A	A	True	True		0.9695	0.9695	0.0011473899999999981	0.9657	248.2
hard:235796008	hard	A	A	True	True		0.9566	0.9566	0.0025213899999999992	0.9512	104.0
none-narrower:84097002	none-narrower	none	none	True	False		0.5099	0.5099	0.32552426	0.4486	106.7
easy:11442006	easy	A	none	False	True		0.4186	0.1107	1.03061082	0.3459	121.4
hard:197260007	hard	C	C	True	False		0.9561	0.9561	0.002405480000000004	0.9507	106.6
easy:765747004	easy	A	A	True	True		0.9271	0.9271	0.006485499999999996	0.918	180.7
easy:700057001	easy	A	A	True	True		0.9639	0.9639	0.0016923100000000013	0.9594	177.4
none-narrower:1087891000119107	none-narrower	none	A	False	False		0.4637	0.4488	0.52058252	0.3967	106.2
hard:25044007	hard	A	A	True	True		0.628	0.628	0.18734893	0.5815	102.5
easy:416510003	easy	A	A	True	True		0.5606	0.5606	0.25685396	0.5056	106.9
retrieval-miss:105668007	retrieval-miss	none	none	True	False		0.8602	0.8602	0.02996581000000001	0.8427	106.8
easy:274944000	easy	A	A	True	True		0.939	0.939	0.004646250000000006	0.9314	181.6
none-narrower:84753008	none-narrower	none	none	True	False		0.4654	0.4654	0.35647486999999994	0.3985	99.1
none-narrower:1208841001	none-narrower	none	none	True	False		0.4534	0.4534	0.35573900999999997	0.385	98.8
hard:19092004	hard	A	A	True	True		0.9592	0.9592	0.0021427399999999954	0.9541	178.7
easy:22240003	easy	A	A	True	True		0.9328	0.9328	0.0067992900000000064	0.9244	179.4
easy:429040005	easy	B	B	True	False		0.6728	0.6728	0.13104013000000003	0.6319	96.8
hard:424114000	hard	A	A	True	True		0.9699	0.9699	0.001176770000000001	0.9662	118.1
retrieval-miss:15566009	retrieval-miss	none	none	True	False		0.9492	0.9492	0.003308149999999996	0.9429	111.4
retrieval-miss:65038009	retrieval-miss	none	none	True	False		0.6165	0.6165	0.17215032999999996	0.5686	91.2
hard:85039006	hard	A	A	True	True		0.8924	0.8924	0.014648920000000006	0.879	100.1
easy:763748007	easy	A	A	True	True		0.9857	0.9857	0.0002837999999999994	0.984	118.5
retrieval-miss:39288006	retrieval-miss	none	A	False	False		0.5393	0.1891	0.9646359899999999	0.4817	104.7
none-narrower:1263575002	none-narrower	none	none	True	False		0.8587	0.8587	0.025041769999999994	0.8411	96.6
hard:18899000	hard	A	A	True	True		0.8814	0.8814	0.01723128000000001	0.8666	115.1
none-narrower:1299151005	none-narrower	none	A	False	False		0.9489	0.0227	1.8557497699999999	0.9425	118.1
easy:397923000	easy	A	A	True	True		0.9676	0.9676	0.001452979999999999	0.9636	104.8
hard:126859007	hard	A	A	True	True		0.922	0.922	0.007600689999999993	0.9122	111.1
easy:8808004	easy	A	A	True	True		0.9853	0.9853	0.00029975000000000135	0.9835	178.2
none-narrower:403856000	none-narrower	none	none	True	False		0.4033	0.4033	0.46305981	0.3287	107.3
easy:724171006	easy	A	A	True	True		0.9318	0.9318	0.005992080000000005	0.9233	104.8
hard:50390006	hard	A	A	True	True		0.9439	0.9439	0.004245680000000004	0.9369	96.3
easy:70410008	easy	A	A	True	True		0.9628	0.9628	0.0017445400000000008	0.9581	119.7
easy:8634009	easy	A	A	True	True		0.9243	0.9243	0.007362409999999998	0.9148	112.8
hard:237770005	hard	A	A	True	True		0.9547	0.9547	0.002662860000000001	0.9491	181.8
hard:79830009	hard	A	A	True	True		0.9461	0.9461	0.003833579999999994	0.9394	98.9
none-narrower:783182004	none-narrower	none	A	False	False		0.8316	0.0553	1.58820089	0.8106	111.7
easy:51239001	easy	A	A	True	True		0.8793	0.8793	0.018668920000000006	0.8642	104.5
none-narrower:236711008	none-narrower	none	B	False	False		0.4775	0.2131	0.8939029	0.4122	97.0
hard:58349009	hard	A	A	True	True		0.8994	0.8994	0.012756980000000006	0.8869	119.0
easy:68241007	easy	B	B	True	False		0.9752	0.9752	0.0010348000000000024	0.9721	104.5
easy:767713001	easy	A	A	True	True		0.7648	0.7648	0.06956161	0.7354	96.6
hard:404078000	hard	A	A	True	True		0.8994	0.8994	0.013044490000000006	0.8868	110.6
hard:770406002	hard	A	A	True	True		0.9113	0.9113	0.009652459999999998	0.9002	168.7
none-narrower:237819006	none-narrower	none	H	False	False		0.7175	0.1564	1.2358440499999999	0.6822	118.3
none-narrower:77746001	none-narrower	none	H	False	False		0.9489	0.0321	1.8373089399999998	0.9425	178.1
hard:80690008	hard	B	B	True	False		0.8991	0.8991	0.014723419999999997	0.8865	110.7
none-narrower:10701000087104	none-narrower	none	none	True	False		0.6967	0.6967	0.1381441	0.6588	102.6
