item_id	tier	truth	pred	hit	lex_hit	ambiguous	p_top	p_truth	brier	confidence	latency_ms
hard:253006001	hard	A	A	True	True		0.9986	0.9986	3.409999999999879e-06	0.9984	82.6
hard:363477002	hard	B	B	True	False		0.9893	0.9893	0.00021331000000000095	0.9879	29.0
hard:445187004	hard	A	A	True	True		0.9905	0.9905	0.0001804999999999991	0.9893	28.8
easy:274947007	easy	A	A	True	True		0.9984	0.9984	5.120000000000147e-06	0.9982	81.4
hard:268262006	hard	A	A	True	True		0.9938	0.9938	6.79699999999998e-05	0.9931	30.3
none-narrower:308123002	none-narrower	none	none	True	False		0.997	0.997	1.1760000000000016e-05	0.9966	27.7
easy:415238003	easy	A	A	True	True		0.9889	0.9889	0.00019254	0.9875	28.0
easy:70272006	easy	A	A	True	True		0.9967	0.9967	1.93899999999998e-05	0.9963	72.4
easy:422437002	easy	A	A	True	True		0.9939	0.9939	7.320999999999993e-05	0.9932	30.1
easy:722117000	easy	A	A	True	True		0.977	0.977	0.0010580000000000008	0.9741	30.0
hard:254146000	hard	C	A	False	False		0.9811	0.0013	1.96026867	0.9787	29.8
easy:397868007	easy	A	A	True	True		0.8295	0.8295	0.05807234	0.8082	89.6
easy:238735005	easy	A	A	True	True		0.9253	0.9253	0.009131099999999998	0.916	28.5
easy:722294004	easy	A	A	True	True		0.7602	0.7602	0.11042897000000002	0.7302	89.6
easy:303852004	easy	A	A	True	True		0.9885	0.9885	0.00026449999999999895	0.9871	30.3
easy:154283005	easy	A	A	True	True		0.998	0.998	8.000000000000008e-06	0.9977	28.0
none-narrower:1259580000	none-narrower	none	none	True	False		0.9672	0.9672	0.0021386200000000034	0.9631	30.4
none-narrower:53933002	none-narrower	none	none	True	False		0.9962	0.9962	1.9280000000000195e-05	0.9958	29.1
hard:237613005	hard	A	A	True	True		0.99	0.99	0.0002000000000000002	0.9888	30.0
retrieval-miss:26715006	retrieval-miss	none	none	True	False		0.993	0.993	8.205000000000008e-05	0.9921	23.3
easy:717772000	easy	A	A	True	True		0.9979	0.9979	8.81999999999996e-06	0.9976	86.0
hard:232016005	hard	A	A	True	True		0.9941	0.9941	6.962000000000019e-05	0.9934	28.0
none-narrower:1268955002	none-narrower	none	none	True	False		0.8104	0.8104	0.07185841	0.7867	28.9
hard:448227009	hard	A	none	False	True		0.9617	0.0123	1.9006404300000002	0.9569	28.9
hard:698851003	hard	D	D	True	False		0.6493	0.6493	0.24437444	0.6054	85.1
hard:703388005	hard	A	A	True	True		0.996	0.996	3.200000000000003e-05	0.9955	85.4
easy:720401009	easy	A	A	True	True		0.9813	0.9813	0.0006956500000000019	0.979	87.0
easy:15228007	easy	A	A	True	True		0.9979	0.9979	8.81999999999996e-06	0.9976	29.1
easy:297232009	easy	A	A	True	True		0.9917	0.9917	0.00013613999999999957	0.9907	30.5
easy:230782004	easy	A	A	True	True		0.9552	0.9552	0.003227519999999995	0.9495	88.0
easy:92439006	easy	A	A	True	True		0.9927	0.9927	0.0001065799999999996	0.9918	29.0
easy:193839007	easy	A	A	True	True		0.9967	0.9967	1.80099999999998e-05	0.9963	31.6
easy:197601003	easy	A	A	True	True		0.9671	0.9671	0.002158250000000003	0.963	28.4
none-narrower:203245006	none-narrower	none	none	True	False		0.9993	0.9993	6.100000000000475e-07	0.9992	28.4
easy:764854006	easy	A	A	True	True		0.9958	0.9958	3.527999999999984e-05	0.9953	28.2
none-narrower:1142265002	none-narrower	none	none	True	False		0.9999	0.9999	1.9999999999997797e-08	0.9998	27.9
easy:717360009	easy	A	A	True	True		0.9974	0.9974	1.3520000000000243e-05	0.9971	30.3
hard:190808009	hard	A	A	True	True		0.9919	0.9919	0.00013121999999999993	0.9909	30.2
none-narrower:1177030007	none-narrower	none	none	True	False		0.9905	0.9905	0.0001786199999999991	0.9893	29.3
retrieval-miss:82639001	retrieval-miss	none	A	False	False		0.9904	0.0096	1.9617843199999998	0.9892	29.4
hard:86489003	hard	A	A	True	True		0.9924	0.9924	0.00011553000000000079	0.9914	29.6
hard:448045004	hard	A	A	True	True		0.9769	0.9769	0.0010626200000000004	0.974	29.4
hard:719017003	hard	A	A	True	True		0.9957	0.9957	3.6979999999999744e-05	0.9951	30.7
easy:722201004	easy	A	A	True	True		0.9976	0.9976	1.1519999999999797e-05	0.9973	82.6
easy:78267003	easy	A	A	True	True		0.9766	0.9766	0.001076719999999999	0.9736	26.2
easy:119422004	easy	A	A	True	True		0.9973	0.9973	1.1870000000000193e-05	0.997	29.1
easy:297238008	easy	A	none	False	True		0.801	0.1924	1.2938392699999999	0.7762	31.4
none-narrower:1162315003	none-narrower	none	none	True	False		0.9995	0.9995	3.0999999999994494e-07	0.9994	28.9
easy:439732004	easy	A	A	True	True		0.9911	0.9911	0.00014211000000000033	0.99	29.1
hard:275437005	hard	B	none	False	False		0.9589	0.0391	1.84282009	0.9537	27.7
none-narrower:280967004	none-narrower	none	none	True	False		0.9997	0.9997	1.0999999999998018e-07	0.9997	28.0
easy:89141000	easy	A	A	True	True		0.9989	0.9989	2.4199999999999777e-06	0.9987	29.0
none-narrower:26681001	none-narrower	none	none	True	False		0.9895	0.9895	0.00017405999999999905	0.9882	26.8
retrieval-miss:265377002	retrieval-miss	none	none	True	False		0.9984	0.9984	3.3500000000001466e-06	0.9981	28.1
easy:82275008	easy	A	A	True	True		0.9929	0.9929	9.940999999999994e-05	0.992	87.5
hard:46683007	hard	A	A	True	True		0.92	0.92	0.012517279999999995	0.91	88.4
none-narrower:323321000119100	none-narrower	none	none	True	False		0.9954	0.9954	4.0560000000000445e-05	0.9948	27.9
none-narrower:190979003	none-narrower	none	A	False	False		0.9952	0.0044	1.98164249	0.9946	30.7
easy:738527001	easy	D	D	True	False		0.9211	0.9211	0.011481279999999995	0.9113	91.7
easy:724095006	easy	A	A	True	True		0.9907	0.9907	0.00016757999999999953	0.9895	29.7
easy:719009006	easy	A	A	True	True		0.9919	0.9919	0.00012961999999999994	0.9909	30.6
none-narrower:71799002	none-narrower	none	none	True	False		0.9975	0.9975	9.279999999999733e-06	0.9972	30.5
none-narrower:17960009	none-narrower	none	none	True	False		0.9998	0.9998	5.99999999999912e-08	0.9998	84.1
easy:448709005	easy	A	A	True	True		0.9937	0.9937	6.965999999999965e-05	0.9929	84.4
easy:2593002	easy	A	A	True	True		0.996	0.996	3.200000000000003e-05	0.9955	30.1
none-narrower:197342009	none-narrower	none	none	True	False		0.9956	0.9956	3.463999999999964e-05	0.995	29.2
hard:725464001	hard	A	A	True	True		0.9683	0.9683	0.002003459999999997	0.9643	87.0
easy:63302006	easy	A	A	True	True		0.9937	0.9937	7.813999999999966e-05	0.9929	26.5
hard:52868006	hard	A	A	True	True		0.9977	0.9977	9.719999999999856e-06	0.9975	29.0
easy:448668007	easy	A	A	True	True		0.9962	0.9962	2.8880000000000194e-05	0.9957	27.7
retrieval-miss:254185007	retrieval-miss	none	none	True	False		0.98	0.98	0.0004791700000000007	0.9775	83.6
hard:70422006	hard	A	A	True	True		0.9972	0.9972	1.5680000000000138e-05	0.9969	27.9
easy:399956005	easy	A	A	True	True		0.9856	0.9856	0.0003207099999999991	0.9838	29.3
hard:26132002	hard	A	A	True	True		0.9912	0.9912	0.00014066000000000054	0.9901	31.5
none-narrower:234503004	none-narrower	none	none	True	False		0.9995	0.9995	4.1999999999994495e-07	0.9994	27.8
easy:109558001	easy	D	none	False	False		0.9597	0.0377	1.8470493600000002	0.9546	27.9
retrieval-miss:59252009	retrieval-miss	none	A	False	False		0.9925	0.0062	1.97269613	0.9916	88.2
easy:30800001	easy	A	A	True	True		0.9978	0.9978	9.24999999999991e-06	0.9976	30.3
retrieval-miss:195029002	retrieval-miss	none	none	True	False		0.9998	0.9998	4.999999999999118e-08	0.9998	30.6
none-narrower:196754001	none-narrower	none	none	True	False		0.9997	0.9997	1.1999999999998016e-07	0.9997	23.6
easy:238001003	easy	A	none	False	True		0.9687	0.0216	1.8956967100000002	0.9648	31.4
easy:200973000	easy	A	A	True	True		0.9848	0.9848	0.00043583999999999973	0.9829	29.9
easy:403946000	easy	A	A	True	True		0.9952	0.9952	4.5130000000000254e-05	0.9946	87.8
easy:91514001	easy	A	A	True	True		0.9983	0.9983	5.780000000000118e-06	0.998	22.5
none-narrower:95039009	none-narrower	none	none	True	False		0.9998	0.9998	4.999999999999118e-08	0.9998	28.1
none-narrower:1148523003	none-narrower	none	none	True	False		0.9882	0.9882	0.00021740000000000073	0.9868	29.1
easy:720514008	easy	A	A	True	True		0.9905	0.9905	0.0001804999999999991	0.9893	89.0
none-narrower:1254852008	none-narrower	none	none	True	False		0.8756	0.8756	0.026677509999999988	0.8601	84.7
easy:719817002	easy	A	A	True	True		0.9915	0.9915	0.00014281999999999918	0.9904	85.9
hard:47903000	hard	A	A	True	True		0.9925	0.9925	8.857999999999926e-05	0.9916	30.1
hard:24069003	hard	A	A	True	True		0.9878	0.9878	0.0002976799999999997	0.9862	26.7
hard:742876007	hard	A	A	True	True		0.9718	0.9718	0.0015792500000000004	0.9683	82.7
easy:363495004	easy	A	A	True	True		0.8909	0.8909	0.019585639999999994	0.8773	27.6
easy:55031000	easy	A	A	True	True		0.9941	0.9941	6.84600000000002e-05	0.9933	26.8
easy:11380006	easy	A	A	True	True		0.9941	0.9941	5.3250000000000197e-05	0.9933	29.1
hard:126835002	hard	A	A	True	True		0.9522	0.9522	0.004541119999999996	0.9463	28.0
hard:86133004	hard	A	A	True	True		0.9976	0.9976	1.1519999999999797e-05	0.9973	30.1
easy:61565001	easy	A	A	True	True		0.9984	0.9984	5.120000000000147e-06	0.9982	28.2
easy:271432005	easy	A	A	True	True		0.9909	0.9909	0.00016561999999999995	0.9897	28.0
hard:699866005	hard	A	A	True	True		0.9852	0.9852	0.00037213000000000106	0.9833	29.8
hard:363391009	hard	A	A	True	True		0.9802	0.9802	0.0007394400000000016	0.9777	27.9
none-narrower:431856006	none-narrower	none	none	True	False		0.9998	0.9998	6.999999999999119e-08	0.9998	26.3
hard:230724001	hard	A	A	True	True		0.9528	0.9528	0.004418210000000002	0.9469	28.1
easy:5217008	easy	A	A	True	True		0.9926	0.9926	9.440999999999944e-05	0.9917	30.6
none-narrower:240499000	none-narrower	none	none	True	False		0.844	0.844	0.048516350000000014	0.8245	28.0
hard:72925005	hard	D	none	False	False		0.9973	0.002	1.99061156	0.9969	30.8
hard:110979008	hard	A	A	True	True		0.9985	0.9985	4.4999999999998375e-06	0.9983	26.7
none-narrower:311000119101	none-narrower	none	none	True	False		0.9947	0.9947	5.029999999999969e-05	0.9941	26.7
none-narrower:773774000	none-narrower	none	A	False	False		0.9966	0.0033	1.9866224600000002	0.9962	87.1
none-narrower:302909007	none-narrower	none	none	True	False		0.9989	0.9989	1.6699999999999777e-06	0.9987	28.0
easy:230228004	easy	A	A	True	True		0.9787	0.9787	0.0009073799999999993	0.976	29.8
hard:700056005	hard	A	A	True	True		0.9837	0.9837	0.00039573999999999935	0.9817	27.5
hard:414783007	hard	A	A	True	True		0.9841	0.9841	0.0005024600000000008	0.9821	29.1
hard:724282009	hard	A	A	True	True		0.9936	0.9936	8.191999999999951e-05	0.9928	28.0
easy:363394001	easy	A	A	True	True		0.9715	0.9715	0.0013913499999999982	0.9679	29.2
none-narrower:95753002	none-narrower	none	none	True	False		0.9937	0.9937	7.339999999999964e-05	0.9929	21.6
none-narrower:43100002	none-narrower	none	none	True	False		0.9981	0.9981	4.280000000000049e-06	0.9979	24.4
easy:72621003	easy	A	A	True	True		0.9939	0.9939	7.441999999999993e-05	0.9931	26.5
easy:302226006	easy	F	F	True	False		0.9909	0.9909	0.00016033999999999995	0.9898	26.2
hard:236740006	hard	B	B	True	False		0.9761	0.9761	0.0011376600000000017	0.9731	29.1
none-narrower:12203991000119100	none-narrower	none	none	True	False		0.9999	0.9999	9.999999999997797e-09	0.9999	28.1
hard:48718006	hard	A	A	True	True		0.9882	0.9882	0.00027613000000000073	0.9867	30.1
hard:414545008	hard	A	A	True	True		0.9852	0.9852	0.000390940000000001	0.9833	29.0
retrieval-miss:312912001	retrieval-miss	none	none	True	False		0.9983	0.9983	5.450000000000119e-06	0.9981	28.1
easy:177504007	easy	A	A	True	True		0.9883	0.9883	0.00027378000000000103	0.9869	85.0
none-narrower:32130001000004108	none-narrower	none	none	True	False		0.9219	0.9219	0.011174039999999993	0.9122	27.6
hard:698247007	hard	A	A	True	True		0.9917	0.9917	0.00013613999999999957	0.9906	29.9
easy:7847004	easy	A	A	True	True		0.9924	0.9924	0.00010970000000000077	0.9915	28.4
hard:725591002	hard	A	A	True	True		0.9713	0.9713	0.001641649999999997	0.9678	28.7
none-narrower:312601003	none-narrower	none	none	True	False		0.9665	0.9665	0.002224509999999998	0.9623	27.5
none-narrower:682421000119104	none-narrower	none	none	True	False		0.9995	0.9995	3.599999999999449e-07	0.9995	29.0
hard:186499007	hard	A	A	True	True		0.998	0.998	8.000000000000008e-06	0.9978	30.5
hard:699189004	hard	A	A	True	True		0.9048	0.9048	0.01808805999999999	0.8929	82.2
hard:3577000	hard	A	A	True	True		0.9977	0.9977	1.0139999999999855e-05	0.9974	23.2
none-narrower:700346002	none-narrower	none	none	True	False		0.7093	0.7093	0.16878061999999996	0.6729	26.5
none-narrower:92901000087104	none-narrower	none	none	True	False		0.997	0.997	1.6840000000000015e-05	0.9967	23.1
hard:91978004	hard	A	A	True	True		0.995	0.995	4.7130000000000045e-05	0.9944	29.1
none-narrower:1255207005	none-narrower	none	A	False	False		0.996	0.004	1.984032	0.9955	30.6
easy:703267003	easy	A	A	True	True		0.9893	0.9893	0.00022685000000000093	0.988	30.1
hard:765487008	hard	A	A	True	True		0.9947	0.9947	5.51299999999997e-05	0.994	83.0
retrieval-miss:445918001	retrieval-miss	none	none	True	False		0.9995	0.9995	3.0999999999994494e-07	0.9995	26.9
none-narrower:235608007	none-narrower	none	none	True	False		0.9991	0.9991	1.3100000000000213e-06	0.999	29.3
hard:68566005	hard	D	none	False	False		0.9989	0.0003	1.9972016400000001	0.9988	27.7
easy:239065004	easy	C	C	True	False		0.9671	0.9671	0.0021323300000000026	0.963	84.6
retrieval-miss:238020001	retrieval-miss	none	B	False	False		0.6073	0.3855	0.74645886	0.5582	28.0
none-narrower:15735161000119106	none-narrower	none	none	True	False		0.9998	0.9998	4.999999999999118e-08	0.9998	27.6
easy:702448007	easy	A	A	True	True		0.9935	0.9935	8.449999999999934e-05	0.9927	29.0
none-narrower:704059008	none-narrower	none	none	True	False		0.8525	0.8525	0.04348302	0.834	24.7
easy:87211000119104	easy	A	A	True	True		0.9882	0.9882	0.00027381000000000074	0.9868	85.9
hard:371582002	hard	D	none	False	False		0.5348	0.465	0.5722360599999999	0.4766	23.1
none-narrower:8445003	none-narrower	none	none	True	False		0.9992	0.9992	1.1300000000000366e-06	0.9991	27.7
hard:48868008	hard	A	A	True	True		0.9912	0.9912	0.00015488000000000052	0.9901	26.3
easy:403803002	easy	A	A	True	True		0.9682	0.9682	0.0020224800000000036	0.9642	82.0
easy:254950006	easy	A	A	True	True		0.9987	0.9987	3.3799999999999164e-06	0.9985	27.5
easy:302829009	easy	A	A	True	True		0.9755	0.9755	0.0011907599999999984	0.9724	27.8
hard:35728003	hard	A	A	True	True		0.9949	0.9949	5.1019999999999935e-05	0.9943	31.0
easy:93468003	easy	A	A	True	True		0.9968	0.9968	2.047999999999988e-05	0.9964	28.1
hard:33793000	hard	A	A	True	True		0.9976	0.9976	1.1519999999999797e-05	0.9973	26.6
easy:76047005	easy	A	A	True	True		0.9974	0.9974	1.3520000000000243e-05	0.997	30.5
none-narrower:188289008	none-narrower	none	none	True	False		0.9998	0.9998	7.999999999999119e-08	0.9998	29.2
hard:720501007	hard	A	A	True	True		0.9922	0.9922	0.00012013000000000046	0.9912	28.9
easy:197480006	easy	A	A	True	True		0.9957	0.9957	3.385999999999975e-05	0.9952	67.9
hard:237965005	hard	A	none	False	True		0.9933	0.0065	1.97368714	0.9925	28.0
hard:11010461000119101	hard	A	A	True	True		0.9899	0.9899	0.00018715999999999996	0.9887	30.3
hard:50658006	hard	A	none	False	True		0.9967	0.0025	1.9884173900000002	0.9963	88.0
hard:717632002	hard	A	A	True	True		0.9579	0.9579	0.003486860000000002	0.9526	85.0
hard:237706000	hard	A	A	True	True		0.996	0.996	3.200000000000003e-05	0.9955	29.1
easy:716647001	easy	A	none	False	True		0.9015	0.0923	1.6366384899999997	0.8892	29.1
none-narrower:121131000119109	none-narrower	none	none	True	False		0.582	0.582	0.34786431000000007	0.5297	28.8
easy:204552001	easy	A	A	True	True		0.9889	0.9889	0.00024206	0.9876	28.0
easy:197442005	easy	A	A	True	True		0.9923	0.9923	0.00011858000000000062	0.9913	26.6
easy:186973005	easy	A	A	True	True		0.9934	0.9934	8.103000000000067e-05	0.9925	26.2
hard:73843004	hard	A	A	True	True		0.9953	0.9953	3.835000000000035e-05	0.9947	92.6
none-narrower:16026631000119103	none-narrower	none	none	True	False		0.9994	0.9994	5.30000000000054e-07	0.9993	30.4
hard:721629005	hard	A	A	True	True		0.9914	0.9914	0.0001479200000000009	0.9903	30.5
hard:720954000	hard	A	A	True	True		0.9973	0.9973	1.4580000000000192e-05	0.997	86.7
easy:45650007	easy	A	A	True	True		0.9926	0.9926	0.00010804999999999944	0.9917	28.8
none-narrower:309760004	none-narrower	none	none	True	False		0.9995	0.9995	4.1999999999994495e-07	0.9994	26.6
none-narrower:551621000124109	none-narrower	none	none	True	False		0.9952	0.9952	3.854000000000025e-05	0.9946	28.7
hard:3752003	hard	A	A	True	True		0.9868	0.9868	0.0003484799999999997	0.9851	85.3
easy:718717004	easy	A	A	True	True		0.9789	0.9789	0.0008862100000000003	0.9763	31.1
easy:420120006	easy	A	A	True	True		0.9947	0.9947	5.51299999999997e-05	0.994	31.3
hard:716008002	hard	A	A	True	True		0.996	0.996	3.121000000000003e-05	0.9955	84.8
hard:92060009	hard	A	A	True	True		0.9933	0.9933	8.846000000000052e-05	0.9925	27.9
none-narrower:353921000119103	none-narrower	none	none	True	False		0.9966	0.9966	1.905999999999972e-05	0.9962	82.6
none-narrower:719860006	none-narrower	none	none	True	False		0.991	0.991	0.00013368000000000014	0.9898	26.2
hard:725390002	hard	A	A	True	True		0.9507	0.9507	0.003656490000000001	0.9446	133.3
retrieval-miss:73123008	retrieval-miss	none	none	True	False		0.9773	0.9773	0.0007245300000000025	0.9744	30.0
none-narrower:61048000	none-narrower	none	none	True	False		0.9992	0.9992	7.900000000000367e-07	0.9991	29.1
easy:68409003	easy	C	C	True	False		0.7693	0.7693	0.09280830000000001	0.7404	28.7
hard:719574007	hard	A	A	True	True		0.9971	0.9971	1.682000000000008e-05	0.9967	85.9
easy:230500006	easy	A	A	True	True		0.9337	0.9337	0.008738530000000003	0.9254	28.0
hard:23412002	hard	A	A	True	True		0.9987	0.9987	3.139999999999916e-06	0.9985	29.2
none-narrower:191692007	none-narrower	none	none	True	False		0.9986	0.9986	3.649999999999879e-06	0.9984	26.6
easy:763739002	easy	A	A	True	True		0.996	0.996	3.200000000000003e-05	0.9955	84.5
none-narrower:721166000	none-narrower	none	none	True	False		0.9992	0.9992	1.1300000000000366e-06	0.9991	27.9
easy:17585008	easy	A	A	True	True		0.9984	0.9984	5.120000000000147e-06	0.9982	28.4
easy:92039003	easy	A	A	True	True		0.991	0.991	0.00016200000000000014	0.9898	29.3
hard:709416009	hard	A	A	True	True		0.9947	0.9947	5.41099999999997e-05	0.9941	29.3
easy:715752006	easy	A	A	True	True		0.9958	0.9958	3.215999999999984e-05	0.9952	88.3
hard:702442008	hard	A	A	True	True		0.97	0.97	0.0018000000000000017	0.9662	84.4
none-narrower:1231727005	none-narrower	none	none	True	False		0.9994	0.9994	4.7000000000005395e-07	0.9993	28.0
easy:48553001	easy	A	A	True	True		0.9949	0.9949	5.1009999999999933e-05	0.9943	26.6
hard:763774001	hard	A	A	True	True		0.9981	0.9981	7.2300000000000485e-06	0.9978	31.3
easy:765485000	easy	A	A	True	True		0.9953	0.9953	4.325000000000035e-05	0.9948	86.2
hard:28987007	hard	A	A	True	True		0.993	0.993	8.77100000000001e-05	0.9921	29.3
hard:233858000	hard	A	A	True	True		0.9968	0.9968	1.9859999999999874e-05	0.9964	27.3
easy:702375004	easy	A	A	True	True		0.9907	0.9907	0.0001729899999999995	0.9895	28.0
hard:194350005	hard	A	A	True	True		0.981	0.981	0.0007182200000000006	0.9786	23.9
easy:91955005	easy	A	A	True	True		0.991	0.991	0.00012640000000000015	0.9899	31.3
hard:126971002	hard	A	A	True	True		0.9608	0.9608	0.0030041800000000013	0.9559	30.7
none-narrower:773700005	none-narrower	none	A	False	False		0.986	0.0139	1.94458921	0.9843	30.9
easy:126834003	easy	A	A	True	True		0.9691	0.9691	0.0018851100000000023	0.9653	30.9
easy:766937004	easy	A	A	True	True		0.9967	0.9967	2.1779999999999798e-05	0.9963	83.6
hard:719268008	hard	A	A	True	True		0.9963	0.9963	2.738000000000027e-05	0.9958	28.7
easy:6121001	easy	A	A	True	True		0.8747	0.8747	0.026998729999999995	0.8591	28.1
easy:13706005	easy	A	A	True	True		0.9967	0.9967	2.1779999999999798e-05	0.9963	26.2
hard:109475005	hard	A	none	False	True		0.5832	0.2928	0.8452574500000003	0.5311	29.7
hard:190953007	hard	A	A	True	True		0.9909	0.9909	0.00016561999999999995	0.9898	26.6
hard:126880001	hard	A	A	True	True		0.9946	0.9946	5.831999999999958e-05	0.9939	28.8
easy:271569006	easy	A	A	True	True		0.994	0.994	7.082000000000006e-05	0.9932	23.1
easy:92756002	easy	A	A	True	True		0.9972	0.9972	1.5680000000000138e-05	0.9968	28.0
none-narrower:191508007	none-narrower	none	none	True	False		0.9984	0.9984	5.120000000000147e-06	0.9982	29.1
hard:57406009	hard	A	A	True	True		0.9961	0.9961	2.693000000000011e-05	0.9957	29.4
none-narrower:1351962002	none-narrower	none	A	False	False		0.9044	0.0928	1.6409574900000001	0.8924	29.4
easy:47673003	easy	A	A	True	True		0.9856	0.9856	0.0003712099999999991	0.9838	30.6
easy:279081001	easy	A	A	True	True		0.9758	0.9758	0.00101074	0.9728	29.4
retrieval-miss:91390005	retrieval-miss	none	none	True	False		0.9997	0.9997	1.3999999999998018e-07	0.9997	26.8
hard:85478004	hard	A	A	True	True		0.9988	0.9988	2.879999999999949e-06	0.9986	26.3
hard:723622007	hard	A	A	True	True		0.9969	0.9969	1.8059999999999946e-05	0.9965	82.5
none-narrower:251160002	none-narrower	none	none	True	False		0.9907	0.9907	0.00011566999999999953	0.9895	29.9
easy:71638002	easy	A	A	True	True		0.997	0.997	1.8000000000000017e-05	0.9966	23.2
easy:715866009	easy	A	A	True	True		0.9941	0.9941	5.316000000000019e-05	0.9934	30.0
easy:236302005	easy	A	A	True	True		0.9979	0.9979	8.81999999999996e-06	0.9977	29.4
none-narrower:191519005	none-narrower	none	none	True	False		0.9992	0.9992	8.500000000000366e-07	0.9991	30.0
none-narrower:770679002	none-narrower	none	B	False	False		0.9773	0.0226	1.9104260499999999	0.9745	31.4
hard:254666005	hard	A	A	True	True		0.986	0.986	0.00039200000000000037	0.9842	29.1
hard:724064004	hard	A	A	True	True		0.9946	0.9946	5.831999999999958e-05	0.9939	81.7
easy:254627002	easy	A	A	True	True		0.9044	0.9044	0.017300450000000005	0.8925	81.9
hard:717044000	hard	A	A	True	True		0.9289	0.9289	0.009997440000000007	0.92	81.7
none-narrower:253204009	none-narrower	none	none	True	False		0.9997	0.9997	1.1999999999998016e-07	0.9997	26.6
easy:72262000	easy	A	A	True	True		0.9822	0.9822	0.0006301500000000014	0.98	27.9
hard:378007	hard	A	A	True	True		0.9806	0.9806	0.000603379999999999	0.9782	27.1
hard:445738007	hard	B	B	True	False		0.665	0.665	0.21531533999999997	0.6232	30.9
hard:43339004	hard	A	A	True	True		0.9949	0.9949	5.1019999999999935e-05	0.9943	31.2
easy:428850001	easy	A	A	True	True		0.9991	0.9991	1.6200000000000213e-06	0.9989	24.4
hard:363414004	hard	B	B	True	False		0.9688	0.9688	0.0014481700000000004	0.9649	29.2
easy:71912000	easy	A	A	True	True		0.9967	0.9967	2.05399999999998e-05	0.9963	26.5
none-narrower:700458001	none-narrower	none	none	True	False		0.9996	0.9996	2.4999999999996473e-07	0.9995	29.1
hard:19943007	hard	A	A	True	True		0.9953	0.9953	4.418000000000035e-05	0.9947	26.9
hard:717941005	hard	A	A	True	True		0.9883	0.9883	0.000269180000000001	0.9868	28.1
easy:70572005	easy	A	A	True	True		0.9905	0.9905	0.0001786099999999991	0.9893	28.0
easy:57203004	easy	A	A	True	True		0.9725	0.9725	0.0015070199999999982	0.9691	26.2
none-narrower:448776002	none-narrower	none	none	True	False		0.999	0.999	1.5800000000000018e-06	0.9988	27.7
hard:719836007	hard	A	A	True	True		0.9937	0.9937	7.812999999999965e-05	0.9929	87.4
easy:275481002	easy	A	A	True	True		0.9967	0.9967	1.84399999999998e-05	0.9963	26.6
easy:766981007	easy	A	A	True	True		0.9971	0.9971	1.6250000000000077e-05	0.9968	85.7
easy:126790004	easy	A	A	True	True		0.9975	0.9975	1.2499999999999735e-05	0.9972	29.0
none-narrower:202941002	none-narrower	none	none	True	False		0.9843	0.9843	0.00048068000000000145	0.9823	27.9
hard:91273001	hard	A	A	True	True		0.9985	0.9985	4.219999999999838e-06	0.9983	28.0
none-narrower:771515001	none-narrower	none	A	False	False		0.9896	0.0103	1.95881425	0.9883	31.2
hard:726345000	hard	A	A	True	True		0.9617	0.9617	0.0026765700000000005	0.9569	29.2
hard:26111005	hard	A	A	True	True		0.9962	0.9962	2.6160000000000193e-05	0.9957	26.6
none-narrower:703223000	none-narrower	none	none	True	False		0.9997	0.9997	1.2999999999998017e-07	0.9997	28.0
easy:254778000	easy	A	A	True	True		0.9878	0.9878	0.0002976799999999997	0.9863	29.9
easy:9740002	easy	A	A	True	True		0.9915	0.9915	0.00014449999999999918	0.9905	83.3
easy:59655002	easy	A	A	True	True		0.9667	0.9667	0.0016558799999999998	0.9625	85.1
easy:405501007	easy	A	A	True	True		0.8485	0.8485	0.044158559999999986	0.8295	27.6
hard:763128009	hard	A	A	True	True		0.9981	0.9981	7.220000000000049e-06	0.9978	28.3
hard:363443007	hard	A	A	True	True		0.9895	0.9895	0.00021636999999999904	0.9881	30.3
hard:28488007	hard	A	A	True	True		0.9948	0.9948	5.4079999999999814e-05	0.9941	30.4
easy:764994007	easy	A	A	True	True		0.987	0.987	0.0003354100000000003	0.9854	82.4
easy:733518000	easy	A	A	True	True		0.9947	0.9947	4.474999999999969e-05	0.9941	81.8
easy:720955004	easy	A	A	True	True		0.9939	0.9939	7.441999999999993e-05	0.9931	30.3
easy:44697002	easy	A	A	True	True		0.9748	0.9748	0.0012502400000000001	0.9716	83.1
hard:278991002	hard	B	A	False	False		0.7548	0.0065	1.6135047	0.7241	29.1
none-narrower:203343001	none-narrower	none	none	True	False		0.9855	0.9855	0.00031095999999999874	0.9837	85.9
easy:10082001	easy	A	A	True	True		0.9953	0.9953	4.325000000000035e-05	0.9947	29.0
easy:63246000	easy	A	A	True	True		0.9859	0.9859	0.00038930000000000003	0.9842	30.3
hard:404055006	hard	A	A	True	True		0.9933	0.9933	8.034000000000052e-05	0.9925	29.9
hard:156410002	hard	A	A	True	True		0.9817	0.9817	0.0006661299999999994	0.9794	23.7
hard:267534000	hard	A	A	True	True		0.9964	0.9964	2.592000000000034e-05	0.9959	29.0
easy:24326000	easy	A	A	True	True		0.883	0.883	0.027076119999999995	0.8684	28.8
easy:71464000	easy	A	A	True	True		0.9964	0.9964	2.592000000000034e-05	0.9959	83.7
hard:404808000	hard	A	A	True	True		0.9845	0.9845	0.00047740999999999875	0.9826	24.3
hard:423673009	hard	A	A	True	True		0.9975	0.9975	1.1179999999999734e-05	0.9972	27.7
hard:402296004	hard	A	A	True	True		0.9978	0.9978	9.67999999999991e-06	0.9975	26.5
hard:84759007	hard	A	A	True	True		0.9737	0.9737	0.0013833799999999996	0.9704	28.0
none-narrower:10754961000119101	none-narrower	none	none	True	False		0.9989	0.9989	1.729999999999978e-06	0.9988	28.0
easy:89454001	easy	A	A	True	True		0.4912	0.4912	0.48706573999999986	0.4275	30.6
hard:721883006	hard	A	A	True	True		0.9921	0.9921	0.0001248200000000003	0.9911	81.2
hard:7522008	hard	A	A	True	True		0.9877	0.9877	0.0002779399999999994	0.9862	27.9
none-narrower:235659008	none-narrower	none	none	True	False		0.9996	0.9996	1.8999999999996475e-07	0.9996	26.1
hard:722375007	hard	A	A	True	True		0.9959	0.9959	3.361999999999994e-05	0.9953	81.3
hard:124220008	hard	C	none	False	False		0.5674	0.4297	0.64718802	0.5134	83.2
easy:237705001	easy	A	A	True	True		0.9979	0.9979	8.41999999999996e-06	0.9976	27.9
hard:234584007	hard	A	A	True	True		0.9885	0.9885	0.00026220999999999894	0.9871	26.4
none-narrower:57185003	none-narrower	none	none	True	False		0.992	0.992	9.860000000000012e-05	0.991	26.4
none-narrower:389160009	none-narrower	none	none	True	False		0.7746	0.7746	0.08818969000000002	0.7464	30.2
hard:233919006	hard	A	A	True	True		0.6588	0.6588	0.23208626999999998	0.6162	28.5
easy:197660000	easy	A	A	True	True		0.9908	0.9908	0.00016927999999999973	0.9896	30.6
none-narrower:764092008	none-narrower	none	none	True	False		0.9942	0.9942	5.437000000000031e-05	0.9935	24.3
hard:707310009	hard	A	A	True	True		0.9982	0.9982	6.480000000000085e-06	0.998	81.5
easy:447292006	easy	A	A	True	True		0.994	0.994	7.081000000000006e-05	0.9932	30.0
none-narrower:127045008	none-narrower	none	none	True	False		0.9995	0.9995	2.899999999999449e-07	0.9994	87.5
easy:764989007	easy	A	A	True	True		0.9689	0.9689	0.0019097300000000012	0.965	84.8
hard:723406000	hard	A	A	True	True		0.9958	0.9958	3.527999999999984e-05	0.9952	85.4
hard:111196000	hard	A	A	True	True		0.9978	0.9978	8.48999999999991e-06	0.9976	30.3
easy:763794005	easy	A	A	True	True		0.9883	0.9883	0.000271450000000001	0.9869	85.8
retrieval-miss:64852002	retrieval-miss	none	none	True	False		0.9979	0.9979	5.939999999999961e-06	0.9976	86.2
easy:717761005	easy	A	A	True	True		0.9947	0.9947	5.6179999999999696e-05	0.9941	85.6
easy:448670003	easy	A	A	True	True		0.9885	0.9885	0.000255549999999999	0.9871	28.1
hard:25904003	hard	A	A	True	True		0.9867	0.9867	0.0003459299999999994	0.9851	29.5
hard:45369008	hard	A	A	True	True		0.9785	0.9785	0.0009245099999999984	0.9758	30.7
easy:189099001	easy	A	A	True	True		0.9908	0.9908	0.00015109999999999974	0.9896	30.7
hard:1779005	hard	A	A	True	True		0.997	0.997	1.8000000000000017e-05	0.9966	30.7
hard:870313002	hard	A	A	True	True		0.9936	0.9936	8.065999999999952e-05	0.9928	30.7
easy:363378008	easy	B	B	True	False		0.9537	0.9537	0.0042143200000000006	0.948	29.3
easy:399903008	easy	A	A	True	True		0.9922	0.9922	0.00012168000000000045	0.9912	29.2
none-narrower:699785004	none-narrower	none	none	True	False		0.9997	0.9997	1.2999999999998017e-07	0.9997	28.1
easy:253231007	easy	A	A	True	True		0.9397	0.9397	0.007188400000000003	0.9321	27.4
easy:719171005	easy	A	A	True	True		0.9938	0.9938	7.56599999999998e-05	0.9931	84.7
hard:442292004	hard	A	A	True	True		0.9932	0.9932	9.248000000000039e-05	0.9923	27.6
none-narrower:1373832001	none-narrower	none	none	True	False		1.0	1.0	0.0	1.0	27.8
easy:36188001	easy	A	A	True	True		0.9936	0.9936	8.191999999999951e-05	0.9928	89.6
easy:206292002	easy	A	A	True	True		0.999	0.999	1.8200000000000016e-06	0.9988	26.3
easy:238627002	easy	A	A	True	True		0.9957	0.9957	3.531999999999975e-05	0.9952	28.0
easy:27059002	easy	H	H	True	False		0.9811	0.9811	0.000714420000000001	0.9787	26.6
none-narrower:783155007	none-narrower	none	B	False	False		0.8324	0.1653	1.38961756	0.8114	86.6
retrieval-miss:28724005	retrieval-miss	none	none	True	False		0.9998	0.9998	4.999999999999118e-08	0.9998	30.5
easy:725078006	easy	A	A	True	True		0.9253	0.9253	0.01101224	0.9159	86.4
easy:718574003	easy	A	A	True	True		0.9947	0.9947	5.6179999999999696e-05	0.994	85.1
none-narrower:240657005	none-narrower	none	none	True	False		0.999	0.999	1.650000000000002e-06	0.9988	28.7
hard:11282001	hard	A	A	True	True		0.9946	0.9946	4.919999999999957e-05	0.9939	87.5
hard:7379000	hard	A	A	True	True		0.9975	0.9975	1.2499999999999735e-05	0.9972	26.6
hard:84193000	hard	A	none	False	True		0.9992	0.0006	1.9972010399999998	0.9991	30.5
hard:126963001	hard	A	A	True	True		0.9842	0.9842	0.0004899100000000012	0.9823	29.5
hard:373604002	hard	A	A	True	True		0.9743	0.9743	0.0013107499999999972	0.9711	29.5
easy:363473003	easy	A	A	True	True		0.9665	0.9665	0.0020423099999999986	0.9623	28.3
none-narrower:87181002	none-narrower	none	none	True	False		0.9951	0.9951	4.202000000000015e-05	0.9945	81.6
none-narrower:414927004	none-narrower	none	none	True	False		0.9996	0.9996	2.4999999999996473e-07	0.9995	23.6
easy:231527003	easy	B	none	False	False		0.9975	0.0009	1.9932083600000001	0.9971	27.5
hard:722955006	hard	A	A	True	True		0.9922	0.9922	0.00012014000000000046	0.9912	31.4
hard:63137003	hard	A	A	True	True		0.9948	0.9948	5.305999999999982e-05	0.9941	23.9
hard:764958008	hard	A	A	True	True		0.9972	0.9972	1.514000000000014e-05	0.9969	89.1
none-narrower:413356003	none-narrower	none	none	True	False		0.6685	0.6685	0.19698036000000002	0.6271	85.6
hard:83414005	hard	A	A	True	True		0.9987	0.9987	3.3799999999999164e-06	0.9986	26.3
none-narrower:720952001	none-narrower	none	A	False	False		0.9883	0.0115	1.95386915	0.9868	90.1
hard:5299007	hard	A	A	True	True		0.9975	0.9975	1.2499999999999735e-05	0.9972	22.7
easy:105632002	easy	A	A	True	True		0.952	0.952	0.004541650000000005	0.9461	26.5
hard:204431007	hard	A	A	True	True		0.917	0.917	0.013761409999999995	0.9066	28.2
hard:711543008	hard	A	A	True	True		0.9947	0.9947	5.6179999999999696e-05	0.994	31.6
easy:716238003	easy	B	B	True	False		0.9927	0.9927	0.00010373999999999961	0.9918	31.6
easy:445338005	easy	A	A	True	True		0.9895	0.9895	0.00021433999999999906	0.9882	29.5
hard:38606009	hard	A	A	True	True		0.8352	0.8352	0.05366468999999999	0.8146	28.3
easy:54385001	easy	A	A	True	True		0.9957	0.9957	3.6979999999999744e-05	0.9952	86.0
easy:72789009	easy	A	A	True	True		0.9842	0.9842	0.0004992800000000013	0.9822	31.0
easy:371965009	easy	A	A	True	True		0.9246	0.9246	0.011016260000000003	0.9151	26.9
none-narrower:237620003	none-narrower	none	none	True	False		0.9982	0.9982	4.3400000000000855e-06	0.998	28.2
easy:18377001	easy	A	A	True	True		0.9953	0.9953	4.418000000000035e-05	0.9947	28.2
easy:129623003	easy	A	A	True	True		0.9878	0.9878	0.0002952499999999997	0.9863	30.7
hard:715726000	hard	A	A	True	True		0.9671	0.9671	0.0021193500000000025	0.963	27.2
hard:52994003	hard	A	A	True	True		0.9865	0.9865	0.0003284999999999988	0.9848	28.7
easy:128139000	easy	A	A	True	True		0.9991	0.9991	1.6200000000000213e-06	0.999	28.1
hard:402917003	hard	A	A	True	True		0.9983	0.9983	5.780000000000118e-06	0.9981	28.8
hard:81678004	hard	A	A	True	True		0.9924	0.9924	0.00011552000000000078	0.9914	87.1
easy:89870006	easy	A	A	True	True		0.9267	0.9267	0.010658360000000006	0.9175	85.4
easy:56805008	easy	A	A	True	True		0.9844	0.9844	0.0004836199999999983	0.9824	27.6
hard:307649006	hard	A	A	True	True		0.9875	0.9875	0.0003003799999999989	0.9859	30.4
hard:31658008	hard	A	none	False	True		0.9978	0.0015	1.9926071800000003	0.9975	26.3
hard:80375002	hard	B	B	True	False		0.9963	0.9963	2.738000000000027e-05	0.9958	23.1
hard:66351003	hard	A	A	True	True		0.9912	0.9912	0.0001531300000000005	0.9902	84.3
easy:64235006	easy	A	A	True	True		0.9654	0.9654	0.0023943199999999975	0.9611	84.7
easy:92531006	easy	A	A	True	True		0.9934	0.9934	8.581000000000066e-05	0.9926	28.0
hard:14785004	hard	A	A	True	True		0.9949	0.9949	5.201999999999994e-05	0.9943	27.7
hard:72052003	hard	A	A	True	True		0.9943	0.9943	6.386000000000044e-05	0.9936	23.8
hard:80258006	hard	A	A	True	True		0.9964	0.9964	2.592000000000034e-05	0.996	84.0
hard:715562001	hard	A	A	True	True		0.983	0.983	0.0005580800000000005	0.9808	31.2
none-narrower:722517009	none-narrower	none	none	True	False		0.9798	0.9798	0.0006338399999999998	0.9772	28.0
easy:722033000	easy	A	A	True	True		0.9844	0.9844	0.00047748999999999833	0.9825	29.1
hard:277569004	hard	A	A	True	True		0.8487	0.8487	0.04563241999999999	0.8298	30.4
retrieval-miss:80321008	retrieval-miss	none	A	False	False		0.9854	0.0135	1.9441957900000002	0.9836	31.1
easy:57534004	easy	A	A	True	True		0.9881	0.9881	0.0002785400000000005	0.9866	27.7
hard:419893006	hard	A	A	True	True		0.9971	0.9971	1.682000000000008e-05	0.9967	28.8
easy:254943007	easy	A	A	True	True		0.9621	0.9621	0.0023201100000000037	0.9573	29.1
easy:2992000	easy	A	A	True	True		0.8328	0.8328	0.05486085000000001	0.812	26.6
easy:5050001	easy	A	A	True	True		0.9859	0.9859	0.00035982000000000006	0.9841	26.2
easy:764435003	easy	A	A	True	True		0.994	0.994	7.082000000000006e-05	0.9933	87.8
retrieval-miss:448015002	retrieval-miss	none	none	True	False		0.9936	0.9936	7.819999999999952e-05	0.9928	27.5
none-narrower:890286007	none-narrower	none	A	False	False		0.9668	0.0326	1.8705651800000003	0.9627	31.2
none-narrower:702715008	none-narrower	none	none	True	False		0.9995	0.9995	3.0999999999994494e-07	0.9995	26.9
hard:42385006	hard	A	A	True	True		0.9989	0.9989	2.4199999999999777e-06	0.9988	29.4
retrieval-miss:403901001	retrieval-miss	none	A	False	False		0.9243	0.0752	1.70958559	0.9148	80.9
none-narrower:55366007	none-narrower	none	none	True	False		0.9985	0.9985	3.559999999999837e-06	0.9983	28.7
hard:3855007	hard	A	A	True	True		0.9984	0.9984	5.120000000000147e-06	0.9982	28.0
hard:27194006	hard	A	A	True	True		0.9964	0.9964	2.456000000000034e-05	0.9959	23.8
easy:254654004	easy	A	A	True	True		0.9955	0.9955	4.0499999999999534e-05	0.9949	29.4
none-narrower:92375009	none-narrower	none	none	True	False		0.9967	0.9967	1.99199999999998e-05	0.9963	29.4
hard:8326008	hard	A	A	True	True		0.8785	0.8785	0.02862648000000001	0.8634	26.4
easy:764105002	easy	A	A	True	True		0.9931	0.9931	9.386000000000024e-05	0.9922	31.2
hard:766824003	hard	A	A	True	True		0.9764	0.9764	0.001109219999999998	0.9735	31.1
hard:230310003	hard	A	A	True	True		0.9794	0.9794	0.000772539999999998	0.9768	29.0
none-narrower:127213008	none-narrower	none	none	True	False		0.9963	0.9963	1.877000000000027e-05	0.9958	27.6
none-narrower:415652006	none-narrower	none	none	True	False		0.9993	0.9993	8.600000000000475e-07	0.9992	29.1
hard:716233007	hard	A	A	True	True		0.9944	0.9944	6.161000000000054e-05	0.9937	29.7
easy:127232002	easy	C	A	False	False		0.9968	0.0	1.9936204800000001	0.9964	26.8
none-narrower:94129007	none-narrower	none	none	True	False		0.5602	0.5602	0.38684808	0.5052	28.7
hard:234422006	hard	A	A	True	True		0.9877	0.9877	0.00028853999999999946	0.9862	29.3
easy:42982001	easy	A	A	True	True		0.9944	0.9944	6.272000000000055e-05	0.9937	85.3
easy:716662004	easy	A	none	False	True		0.897	0.0748	1.66104567	0.8841	30.9
hard:241774007	hard	A	A	True	True		0.998	0.998	8.000000000000008e-06	0.9978	29.4
hard:237816004	hard	A	A	True	True		0.998	0.998	7.260000000000007e-06	0.9978	29.5
easy:715710001	easy	A	A	True	True		0.9491	0.9491	0.005003679999999995	0.9428	29.2
easy:95279007	easy	A	A	True	True		0.9966	0.9966	2.125999999999972e-05	0.9962	28.8
hard:193683001	hard	A	A	True	True		0.9781	0.9781	0.0009505200000000014	0.9753	28.0
easy:39998009	easy	B	B	True	False		0.9984	0.9984	5.120000000000147e-06	0.9982	83.8
hard:725463007	hard	A	A	True	True		0.9733	0.9733	0.0013538199999999971	0.9699	85.6
hard:280483007	hard	A	A	True	True		0.9942	0.9942	6.728000000000032e-05	0.9935	84.7
hard:718182008	hard	A	A	True	True		0.9883	0.9883	0.000252040000000001	0.9869	82.7
easy:722450007	easy	A	A	True	True		0.9837	0.9837	0.0004766599999999993	0.9816	82.8
easy:19885005	easy	A	A	True	True		0.9929	0.9929	9.941999999999994e-05	0.992	22.9
easy:196609006	easy	A	A	True	True		0.5966	0.5966	0.32449713999999996	0.5461	30.1
easy:37283009	easy	A	A	True	True		0.9787	0.9787	0.0008947399999999993	0.976	23.0
easy:424952003	easy	A	A	True	True		0.9165	0.9165	0.013844750000000003	0.906	28.9
hard:191382009	hard	A	A	True	True		0.9903	0.9903	0.0001843800000000008	0.9891	27.9
none-narrower:446076000	none-narrower	none	none	True	False		0.9998	0.9998	4.999999999999118e-08	0.9998	84.7
none-narrower:1290237009	none-narrower	none	none	True	False		0.9997	0.9997	1.0999999999998018e-07	0.9997	29.1
none-narrower:128219005	none-narrower	none	none	True	False		0.9988	0.9988	1.8699999999999495e-06	0.9987	27.6
retrieval-miss:233954004	retrieval-miss	none	none	True	False		0.9994	0.9994	4.90000000000054e-07	0.9994	28.8
hard:1156813002	hard	A	A	True	True		0.9027	0.9027	0.01684403000000001	0.8906	29.3
none-narrower:461098000	none-narrower	none	none	True	False		0.9997	0.9997	1.3999999999998018e-07	0.9996	27.5
none-narrower:1177031006	none-narrower	none	none	True	False		0.9982	0.9982	6.140000000000085e-06	0.998	28.8
easy:402824003	easy	A	A	True	True		0.9966	0.9966	2.244999999999972e-05	0.9962	22.9
easy:698021005	easy	A	A	True	True		0.996	0.996	3.122000000000003e-05	0.9955	89.1
none-narrower:1263652003	none-narrower	none	none	True	False		0.9707	0.9707	0.0016542699999999998	0.967	30.3
hard:723826007	hard	A	A	True	True		0.9934	0.9934	8.582000000000067e-05	0.9926	88.5
none-narrower:763714006	none-narrower	none	A	False	False		0.9732	0.0265	1.89482058	0.9698	29.1
none-narrower:233762004	none-narrower	none	A	False	False		0.684	0.316	0.935712	0.6445	29.1
hard:363478007	hard	A	A	True	True		0.9796	0.9796	0.0007387999999999989	0.977	29.1
hard:720855003	hard	A	A	True	True		0.996	0.996	3.200000000000003e-05	0.9955	86.1
none-narrower:389237009	none-narrower	none	A	False	False		0.5651	0.4308	0.6433328700000001	0.5107	30.4
easy:23150001	easy	A	A	True	True		0.9962	0.9962	2.744000000000019e-05	0.9958	29.7
easy:302870006	easy	A	A	True	True		0.9979	0.9979	8.41999999999996e-06	0.9976	27.8
none-narrower:89248000	none-narrower	none	none	True	False		0.9701	0.9701	0.0017761100000000024	0.9663	84.5
hard:254738007	hard	A	A	True	True		0.984	0.984	0.0005088200000000005	0.982	80.8
hard:73237007	hard	A	A	True	True		0.9959	0.9959	3.281999999999994e-05	0.9954	27.6
none-narrower:109805003	none-narrower	none	none	True	False		0.9997	0.9997	1.0999999999998018e-07	0.9996	28.2
retrieval-miss:193466003	retrieval-miss	none	none	True	False		0.9748	0.9748	0.00125014	0.9716	28.2
hard:234118009	hard	A	A	True	True		0.9916	0.9916	0.00013945999999999937	0.9905	28.4
none-narrower:399959003	none-narrower	none	A	False	False		0.9823	0.0161	1.9329733199999999	0.9801	29.3
hard:722449007	hard	A	A	True	True		0.9952	0.9952	4.5140000000000256e-05	0.9946	83.5
retrieval-miss:124646004	retrieval-miss	none	none	True	False		0.9994	0.9994	5.400000000000539e-07	0.9993	29.2
none-narrower:48780006	none-narrower	none	none	True	False		0.9838	0.9838	0.00040931999999999975	0.9818	27.6
easy:109393007	easy	B	none	False	False		0.9833	0.0014	1.9642616099999999	0.9812	28.0
none-narrower:2129002	none-narrower	none	none	True	False		0.9997	0.9997	1.3999999999998018e-07	0.9997	29.2
easy:30915001	easy	A	A	True	True		0.9957	0.9957	3.6129999999999744e-05	0.9952	29.2
easy:409671005	easy	A	A	True	True		0.9956	0.9956	3.7849999999999646e-05	0.995	30.5
none-narrower:860828007	none-narrower	none	none	True	False		0.9994	0.9994	4.500000000000539e-07	0.9993	30.6
hard:765046002	hard	A	A	True	True		0.9893	0.9893	0.00022685000000000093	0.9879	87.3
hard:253170008	hard	A	A	True	True		0.9942	0.9942	6.728000000000032e-05	0.9935	90.2
hard:124309005	hard	A	A	True	True		0.9874	0.9874	0.0003150099999999986	0.9859	30.3
none-narrower:896820003	none-narrower	none	none	True	False		0.9999	0.9999	9.999999999997797e-09	0.9999	29.2
easy:702447002	easy	A	A	True	True		0.9888	0.9888	0.0002508799999999997	0.9874	88.7
none-narrower:1231278004	none-narrower	none	none	True	False		0.9997	0.9997	1.7999999999998017e-07	0.9997	27.8
hard:428041004	hard	A	A	True	True		0.8294	0.8294	0.05773381999999999	0.8081	28.8
none-narrower:341361000119108	none-narrower	none	none	True	False		0.9986	0.9986	3.399999999999879e-06	0.9985	29.1
retrieval-miss:49013001	retrieval-miss	none	none	True	False		0.9087	0.9087	0.012599220000000008	0.8972	30.0
hard:7111000119109	hard	B	B	True	False		0.9936	0.9936	8.191999999999951e-05	0.9928	28.2
hard:600009	hard	A	A	True	True		0.9984	0.9984	5.120000000000147e-06	0.9982	84.6
none-narrower:1259031004	none-narrower	none	A	False	False		0.9961	0.0039	1.98443042	0.9956	28.8
hard:44808001	hard	A	A	True	True		0.9791	0.9791	0.0007980200000000013	0.9764	28.7
easy:262521009	easy	A	A	True	True		0.9003	0.9003	0.01970206	0.8879	24.3
hard:363515000	hard	A	none	False	True		0.9827	0.0135	1.93888973	0.9806	27.8
hard:28882002	hard	D	none	False	False		0.9742	0.0163	1.91677312	0.971	29.1
hard:17709002	hard	A	A	True	True		0.9799	0.9799	0.0008040200000000003	0.9774	28.4
hard:233763009	hard	A	A	True	True		0.9929	0.9929	0.00010081999999999995	0.992	29.5
none-narrower:186289000	none-narrower	none	A	False	False		0.9933	0.0066	1.97348846	0.9925	28.0
easy:16784003	easy	B	none	False	False		0.9196	0.0411	1.7661734299999998	0.9096	26.7
hard:402601007	hard	B	B	True	False		0.9918	0.9918	0.00011437999999999976	0.9907	29.0
hard:765100000	hard	B	B	True	False		0.9682	0.9682	0.001997290000000003	0.9643	85.0
easy:733094005	easy	A	A	True	True		0.9907	0.9907	0.00016930999999999953	0.9895	29.9
none-narrower:212953005	none-narrower	none	none	True	False		0.985	0.985	0.0004470100000000004	0.9831	29.4
easy:21098003	easy	A	A	True	True		0.9966	0.9966	2.2459999999999717e-05	0.9961	23.3
easy:724349009	easy	A	A	True	True		0.9599	0.9599	0.002749080000000002	0.9548	81.9
none-narrower:42746002	none-narrower	none	none	True	False		0.9991	0.9991	1.0700000000000215e-06	0.999	28.7
none-narrower:1259796004	none-narrower	none	none	True	False		0.9944	0.9944	4.6590000000000555e-05	0.9937	28.7
hard:72124005	hard	A	A	True	True		0.9875	0.9875	0.0003051799999999989	0.986	22.7
hard:699812002	hard	A	A	True	True		0.9897	0.9897	0.0002021899999999995	0.9884	25.3
hard:717049005	hard	A	A	True	True		0.998	0.998	7.250000000000007e-06	0.9978	84.8
hard:424802006	hard	A	A	True	True		0.9386	0.9386	0.007515410000000001	0.9309	26.6
retrieval-miss:233982006	retrieval-miss	none	none	True	False		0.9991	0.9991	1.0200000000000214e-06	0.999	28.0
hard:699268002	hard	A	A	True	True		0.7394	0.7394	0.13535675000000003	0.7069	84.4
easy:400140006	easy	A	A	True	True		0.9395	0.9395	0.00726032	0.9319	83.6
hard:723307008	hard	A	A	True	True		0.9945	0.9945	6.049999999999944e-05	0.9938	29.9
easy:719652007	easy	A	A	True	True		0.9795	0.9795	0.0007400099999999984	0.977	133.5
none-narrower:123766008	none-narrower	none	none	True	False		0.9996	0.9996	2.0999999999996474e-07	0.9995	26.5
easy:4996001	easy	A	A	True	True		0.9787	0.9787	0.0008864599999999993	0.976	84.5
hard:109298000	hard	A	A	True	True		0.9963	0.9963	2.738000000000027e-05	0.9959	29.9
easy:70995007	easy	A	A	True	True		0.9961	0.9961	2.5310000000000115e-05	0.9956	29.2
hard:201091002	hard	A	A	True	True		0.9952	0.9952	3.554000000000025e-05	0.9946	30.8
easy:54470008	easy	C	C	True	False		0.9651	0.9651	0.002422110000000003	0.9607	83.5
retrieval-miss:37102008	retrieval-miss	none	none	True	False		0.9928	0.9928	0.00010224999999999977	0.9919	27.9
hard:722206009	hard	A	A	True	True		0.9933	0.9933	8.978000000000054e-05	0.9925	27.3
easy:200936003	easy	A	A	True	True		0.9927	0.9927	8.03299999999996e-05	0.9917	82.9
hard:230293003	hard	A	A	True	True		0.9954	0.9954	4.232000000000045e-05	0.9948	29.1
hard:314757003	hard	A	A	True	True		0.991	0.991	0.00016200000000000014	0.9899	28.2
none-narrower:1187048006	none-narrower	none	A	False	False		0.9927	0.0072	1.9711051300000002	0.9918	30.7
none-narrower:87816000	none-narrower	none	none	True	False		0.9995	0.9995	3.2999999999994496e-07	0.9995	29.3
easy:65976001	easy	A	A	True	True		0.9398	0.9398	0.007070430000000004	0.9323	29.4
hard:231858009	hard	A	A	True	True		0.9763	0.9763	0.0009587500000000026	0.9733	28.4
none-narrower:15978511000119100	none-narrower	none	none	True	False		0.9997	0.9997	1.3999999999998018e-07	0.9997	29.4
easy:93145002	easy	A	none	False	True		0.7123	0.2836	1.0206067699999997	0.6763	28.3
easy:702617007	easy	A	A	True	True		0.9956	0.9956	3.871999999999964e-05	0.995	87.0
hard:720565000	hard	A	A	True	True		0.9864	0.9864	0.0003619499999999985	0.9847	30.3
easy:715487005	easy	A	A	True	True		0.9955	0.9955	4.0499999999999534e-05	0.9949	30.7
easy:232254004	easy	A	A	True	True		0.9944	0.9944	5.949000000000056e-05	0.9937	28.5
easy:187732006	easy	A	A	True	True		0.7184	0.7184	0.11756514999999998	0.6832	28.2
easy:41345002	easy	A	A	True	True		0.9984	0.9984	5.120000000000147e-06	0.9982	28.2
none-narrower:15699121000119104	none-narrower	none	none	True	False		0.9929	0.9929	6.538999999999993e-05	0.992	26.9
none-narrower:249446000	none-narrower	none	none	True	False		0.9982	0.9982	3.9900000000000855e-06	0.998	87.0
easy:718222000	easy	A	A	True	True		0.9836	0.9836	0.000409919999999999	0.9815	30.4
easy:52404001	easy	A	A	True	True		0.991	0.991	0.00016200000000000014	0.9898	84.6
hard:725033008	hard	B	B	True	False		0.9975	0.9975	1.2499999999999735e-05	0.9972	87.4
none-narrower:1193650002	none-narrower	none	none	True	False		0.9994	0.9994	4.500000000000539e-07	0.9993	30.0
easy:83799000	easy	B	B	True	False		0.9905	0.9905	0.0001786099999999991	0.9893	30.1
hard:44882003	hard	A	A	True	True		0.9961	0.9961	2.9650000000000114e-05	0.9956	28.0
easy:424413001	easy	A	A	True	True		0.999	0.999	2.000000000000002e-06	0.9989	28.7
easy:68982002	easy	A	A	True	True		0.9973	0.9973	1.4580000000000192e-05	0.997	28.1
hard:3218000	hard	A	A	True	True		0.9686	0.9686	0.001959449999999999	0.9646	26.5
easy:43363007	easy	A	A	True	True		0.9968	0.9968	1.9279999999999876e-05	0.9964	26.4
easy:76069003	easy	A	A	True	True		0.9786	0.9786	0.0009074399999999989	0.9759	26.3
easy:421529006	easy	F	none	False	False		0.8132	0.1861	1.3237276400000002	0.7898	30.4
hard:371197005	hard	A	A	True	True		0.9795	0.9795	0.0007056799999999985	0.9769	26.6
hard:255015006	hard	A	A	True	True		0.9961	0.9961	2.693000000000011e-05	0.9957	28.0
easy:254620000	easy	A	A	True	True		0.996	0.996	2.978000000000003e-05	0.9955	30.6
retrieval-miss:1259003	retrieval-miss	none	none	True	False		0.9991	0.9991	9.700000000000214e-07	0.999	89.3
hard:254794007	hard	A	A	True	True		0.9963	0.9963	2.666000000000027e-05	0.9959	29.2
retrieval-miss:720830009	retrieval-miss	none	B	False	False		0.95	0.0406	1.82301117	0.9438	31.3
hard:446096008	hard	A	A	True	True		0.9973	0.9973	1.4580000000000192e-05	0.997	26.4
none-narrower:321131000119100	none-narrower	none	none	True	False		0.9889	0.9889	0.00016114	0.9875	28.0
hard:733045005	hard	A	A	True	True		0.9964	0.9964	2.592000000000034e-05	0.996	87.0
hard:713060000	hard	A	A	True	True		0.9934	0.9934	8.454000000000066e-05	0.9925	29.2
easy:1493002	easy	A	A	True	True		0.9969	0.9969	1.922999999999995e-05	0.9965	26.8
hard:22451001	hard	A	A	True	True		0.998	0.998	7.610000000000008e-06	0.9978	29.3
easy:267395000	easy	A	A	True	True		0.9983	0.9983	5.780000000000118e-06	0.9981	27.9
easy:768935003	easy	A	A	True	True		0.9929	0.9929	0.00010081999999999995	0.992	90.2
none-narrower:413808003	none-narrower	none	none	True	False		0.9982	0.9982	4.230000000000086e-06	0.998	30.0
hard:726350006	hard	A	A	True	True		0.9691	0.9691	0.0016680300000000022	0.9653	29.1
hard:715564000	hard	B	B	True	False		0.9876	0.9876	0.0003050499999999992	0.9861	31.6
none-narrower:21071000119101	none-narrower	none	none	True	False		0.999	0.999	1.5300000000000019e-06	0.9989	27.0
none-narrower:126780007	none-narrower	none	none	True	False		0.9984	0.9984	4.060000000000146e-06	0.9982	26.3
hard:254084008	hard	A	A	True	True		0.9718	0.9718	0.00144371	0.9682	29.0
hard:312917007	hard	A	A	True	True		0.9962	0.9962	2.6710000000000197e-05	0.9958	29.5
easy:36485005	easy	A	A	True	True		0.9981	0.9981	7.220000000000049e-06	0.9979	27.9
hard:14783006	hard	A	A	True	True		0.9975	0.9975	9.619999999999733e-06	0.9972	26.9
hard:4340003	hard	A	A	True	True		0.9893	0.9893	0.00022685000000000093	0.988	26.8
none-narrower:276675009	none-narrower	none	none	True	False		0.9997	0.9997	1.0999999999998018e-07	0.9997	27.7
hard:125666000	hard	A	A	True	True		0.9984	0.9984	5.120000000000147e-06	0.9982	28.6
hard:64009001	hard	A	A	True	True		0.9846	0.9846	0.0003643399999999991	0.9827	29.2
easy:62110005	easy	A	A	True	True		0.9933	0.9933	8.978000000000054e-05	0.9925	82.2
retrieval-miss:238700008	retrieval-miss	none	C	False	False		0.6888	0.3086	0.95248282	0.6499	29.7
easy:92413008	easy	A	A	True	True		0.9953	0.9953	4.418000000000035e-05	0.9947	29.4
easy:723360007	easy	C	A	False	False		0.5646	0.4291	0.64473272	0.5102	26.8
hard:34225008	hard	A	none	False	True		0.99	0.0099	1.96039802	0.9888	29.5
hard:9631008	hard	A	A	True	True		0.9978	0.9978	9.67999999999991e-06	0.9976	27.0
hard:372100004	hard	A	A	True	True		0.9974	0.9974	1.3520000000000243e-05	0.9971	30.3
none-narrower:187662005	none-narrower	none	none	True	False		0.9992	0.9992	1.0400000000000366e-06	0.9991	29.0
easy:36753006	easy	A	A	True	True		0.9771	0.9771	0.0010263400000000015	0.9743	87.6
easy:719256004	easy	A	A	True	True		0.9868	0.9868	0.0003484799999999997	0.9851	28.0
none-narrower:1076881000119103	none-narrower	none	none	True	False		0.9998	0.9998	5.99999999999912e-08	0.9998	28.0
none-narrower:403903003	none-narrower	none	none	True	False		0.6809	0.6809	0.19733438000000003	0.641	29.8
hard:719518004	hard	A	A	True	True		0.9899	0.9899	0.00020201999999999997	0.9886	31.4
hard:716006003	hard	A	A	True	True		0.9556	0.9556	0.00392501	0.9501	88.3
none-narrower:769219006	none-narrower	none	none	True	False		0.9781	0.9781	0.0007206100000000013	0.9754	28.0
easy:238626006	easy	A	A	True	True		0.9938	0.9938	6.80999999999998e-05	0.993	28.6
retrieval-miss:230410004	retrieval-miss	none	A	False	False		0.5796	0.3032	0.8251075699999999	0.527	87.7
hard:126853008	hard	A	A	True	True		0.9654	0.9654	0.0023874199999999977	0.961	27.6
hard:765057007	hard	A	A	True	True		0.9941	0.9941	6.962000000000019e-05	0.9933	86.4
hard:104431000119107	hard	A	A	True	True		0.9955	0.9955	3.961999999999954e-05	0.9949	82.6
easy:87074006	easy	A	A	True	True		0.9929	0.9929	0.00010081999999999995	0.992	29.9
hard:699676006	hard	A	A	True	True		0.9933	0.9933	8.978000000000054e-05	0.9925	28.0
none-narrower:405539004	none-narrower	none	none	True	False		0.9993	0.9993	6.700000000000475e-07	0.9993	30.0
none-narrower:296561000119108	none-narrower	none	none	True	False		0.9853	0.9853	0.0004069100000000013	0.9834	30.6
hard:717055000	hard	A	A	True	True		0.9983	0.9983	5.780000000000118e-06	0.9981	27.0
hard:724066002	hard	A	A	True	True		0.9938	0.9938	7.688999999999979e-05	0.993	84.7
hard:404041003	hard	A	none	False	True		0.8209	0.097	1.49565621	0.7985	30.3
hard:409658007	hard	A	A	True	True		0.9988	0.9988	2.879999999999949e-06	0.9986	27.6
hard:720010009	hard	A	A	True	True		0.9937	0.9937	7.937999999999965e-05	0.9929	31.2
none-narrower:71003000	none-narrower	none	none	True	False		0.9972	0.9972	1.1630000000000138e-05	0.9969	29.1
easy:204319006	easy	A	A	True	True		0.997	0.997	1.8000000000000017e-05	0.9966	30.0
hard:768556005	hard	A	A	True	True		0.9956	0.9956	3.7849999999999646e-05	0.995	85.2
none-narrower:399723004	none-narrower	none	none	True	False		0.9994	0.9994	5.400000000000539e-07	0.9993	30.3
easy:205649008	easy	C	none	False	False		0.8493	0.1324	1.4741174900000003	0.8305	29.1
hard:30496006	hard	B	none	False	False		0.9316	0.0671	1.7381819499999998	0.923	83.9
easy:360378009	easy	A	A	True	True		0.9984	0.9984	4.810000000000147e-06	0.9982	83.3
hard:254637007	hard	A	A	True	True		0.9971	0.9971	1.6250000000000077e-05	0.9968	30.3
hard:423607006	hard	A	A	True	True		0.9982	0.9982	6.130000000000085e-06	0.998	30.7
easy:85901000	easy	A	none	False	True		0.8677	0.1221	1.52370223	0.8512	29.3
hard:274718005	hard	A	A	True	True		0.9965	0.9965	2.384999999999963e-05	0.996	26.3
easy:81285006	easy	A	A	True	True		0.9706	0.9706	0.0017111899999999992	0.967	28.0
none-narrower:765481009	none-narrower	none	none	True	False		0.9921	0.9921	0.0001201900000000003	0.9912	27.9
none-narrower:430348006	none-narrower	none	none	True	False		0.9988	0.9988	1.9799999999999493e-06	0.9987	28.2
easy:719576009	easy	A	A	True	True		0.9654	0.9654	0.0020274199999999972	0.9611	88.5
easy:763130006	easy	A	A	True	True		0.9948	0.9948	5.305999999999982e-05	0.9941	29.1
none-narrower:22721008	none-narrower	none	none	True	False		0.9989	0.9989	2.029999999999978e-06	0.9988	30.8
easy:29352008	easy	A	A	True	True		0.9925	0.9925	0.00010670999999999928	0.9916	29.6
easy:719646006	easy	A	A	True	True		0.9974	0.9974	1.3520000000000243e-05	0.9971	83.5
hard:15188001	hard	A	A	True	True		0.9978	0.9978	9.67999999999991e-06	0.9975	26.5
easy:79674009	easy	A	A	True	True		0.975	0.975	0.0012500000000000011	0.9719	84.7
retrieval-miss:45894003	retrieval-miss	none	none	True	False		0.9995	0.9995	4.0999999999994493e-07	0.9994	29.1
hard:726341009	hard	A	A	True	True		0.9756	0.9756	0.0011344499999999987	0.9725	30.0
none-narrower:266571009	none-narrower	none	none	True	False		0.9972	0.9972	1.2480000000000138e-05	0.9968	26.4
retrieval-miss:254150007	retrieval-miss	none	none	True	False		0.9989	0.9989	1.6299999999999778e-06	0.9988	80.4
hard:40159009	hard	A	A	True	True		0.9527	0.9527	0.003844370000000001	0.9468	29.0
none-narrower:735522008	none-narrower	none	none	True	False		0.9998	0.9998	5.99999999999912e-08	0.9998	28.0
easy:718632004	easy	A	A	True	True		0.9972	0.9972	1.2740000000000139e-05	0.9969	29.8
hard:80544005	hard	A	A	True	True		0.9969	0.9969	1.860999999999995e-05	0.9966	28.8
none-narrower:447139008	none-narrower	none	none	True	False		0.9208	0.9208	0.012482170000000008	0.9109	24.4
none-narrower:127321000	none-narrower	none	none	True	False		0.9977	0.9977	9.319999999999857e-06	0.9974	29.0
easy:716092007	easy	A	A	True	True		0.9864	0.9864	0.0003699199999999985	0.9847	83.9
hard:716775009	hard	A	A	True	True		0.9947	0.9947	5.2179999999999694e-05	0.994	31.0
easy:733110004	easy	A	A	True	True		0.9612	0.9612	0.0030031299999999954	0.9564	83.9
hard:721221000	hard	C	C	True	False		0.9551	0.9551	0.0039786700000000045	0.9495	82.1
easy:105261000119101	easy	A	A	True	True		0.993	0.993	9.663000000000008e-05	0.9921	29.0
easy:84241008	easy	A	A	True	True		0.9682	0.9682	0.0015976500000000032	0.9642	29.0
easy:398831006	easy	A	none	False	True		0.6107	0.384	0.7524168500000001	0.5621	30.5
hard:367601000119103	hard	A	A	True	True		0.9955	0.9955	4.0499999999999534e-05	0.9949	30.6
easy:716007007	easy	A	A	True	True		0.991	0.991	0.00016021000000000015	0.9899	82.7
hard:46168003	hard	A	none	False	True		0.7108	0.2772	1.02772823	0.6747	27.9
easy:16059006	easy	A	A	True	True		0.9921	0.9921	0.0001248200000000003	0.9911	85.2
hard:37075008	hard	E	E	True	False		0.981	0.981	0.0007182100000000006	0.9787	23.5
easy:46206005	easy	A	A	True	True		0.9935	0.9935	8.449999999999934e-05	0.9927	24.3
hard:717827000	hard	A	A	True	True		0.9878	0.9878	0.0002952499999999997	0.9863	30.3
hard:1475003	hard	A	A	True	True		0.9976	0.9976	1.1519999999999797e-05	0.9973	28.4
none-narrower:86100009	none-narrower	none	none	True	False		0.9988	0.9988	1.7999999999999493e-06	0.9986	30.6
easy:234500001	easy	A	A	True	True		0.9987	0.9987	3.3799999999999164e-06	0.9986	29.4
easy:715673002	easy	A	A	True	True		0.994	0.994	7.200000000000007e-05	0.9932	84.8
retrieval-miss:2109003	retrieval-miss	none	none	True	False		0.9997	0.9997	1.3999999999998018e-07	0.9996	30.3
hard:277602003	hard	A	A	True	True		0.9966	0.9966	2.181999999999972e-05	0.9962	29.6
hard:363425008	hard	A	A	True	True		0.7722	0.7722	0.10163965	0.7437	30.7
retrieval-miss:188274004	retrieval-miss	none	none	True	False		0.9997	0.9997	1.2999999999998017e-07	0.9997	24.0
easy:198297004	easy	A	none	False	True		0.9996	0.0002	1.9988002200000001	0.9995	28.8
hard:718200007	hard	A	A	True	True		0.9278	0.9278	0.009879290000000004	0.9188	30.0
none-narrower:48352007	none-narrower	none	none	True	False		0.9992	0.9992	7.700000000000367e-07	0.9991	24.4
easy:716279002	easy	A	A	True	True		0.9968	0.9968	2.047999999999988e-05	0.9964	85.3
easy:720950009	easy	A	A	True	True		0.9977	0.9977	1.0149999999999857e-05	0.9974	30.4
none-narrower:1332388003	none-narrower	none	A	False	False		0.9944	0.0054	1.97806053	0.9938	30.6
hard:33979003	hard	A	A	True	True		0.9917	0.9917	0.00013612999999999958	0.9907	29.3
easy:45281005	easy	A	A	True	True		0.9952	0.9952	3.7980000000000256e-05	0.9946	26.3
none-narrower:1237368006	none-narrower	none	A	False	False		0.9887	0.0108	1.95604458	0.9873	83.5
none-narrower:94166001	none-narrower	none	none	True	False		0.9998	0.9998	5.99999999999912e-08	0.9997	29.0
hard:254066006	hard	A	A	True	True		0.9846	0.9846	0.000471249999999999	0.9827	29.1
none-narrower:191668004	none-narrower	none	none	True	False		0.9995	0.9995	3.1999999999994495e-07	0.9995	27.9
hard:764711007	hard	A	A	True	True		0.9938	0.9938	7.56499999999998e-05	0.9931	91.4
hard:254712007	hard	A	A	True	True		0.9978	0.9978	9.24999999999991e-06	0.9976	28.8
easy:70041004	easy	A	A	True	True		0.9035	0.9035	0.013846890000000008	0.8915	26.4
none-narrower:24285001	none-narrower	none	none	True	False		0.999	0.999	1.2400000000000019e-06	0.9989	30.4
easy:389214003	easy	A	A	True	True		0.9968	0.9968	2.047999999999988e-05	0.9964	90.0
hard:79037006	hard	A	A	True	True		0.9969	0.9969	1.9219999999999948e-05	0.9965	28.0
easy:69195002	easy	A	none	False	True		0.9838	0.0133	1.9414448800000002	0.9818	27.9
easy:9014002	easy	A	A	True	True		0.9984	0.9984	5.120000000000147e-06	0.9981	26.5
hard:410016009	hard	A	A	True	True		0.9964	0.9964	2.592000000000034e-05	0.996	84.2
hard:69278003	hard	A	A	True	True		0.9853	0.9853	0.0003331000000000013	0.9834	29.1
none-narrower:399899001	none-narrower	none	none	True	False		0.9993	0.9993	6.300000000000475e-07	0.9992	29.4
none-narrower:1237571004	none-narrower	none	D	False	False		0.9406	0.023	1.84034362	0.9332	86.1
hard:91521000119104	hard	A	A	True	True		0.9969	0.9969	1.9219999999999948e-05	0.9965	27.9
easy:267431006	easy	A	none	False	True		0.9975	0.002	1.9910104200000003	0.9972	23.9
none-narrower:307762000	none-narrower	none	none	True	False		0.9989	0.9989	2.0599999999999777e-06	0.9988	26.3
easy:231824001	easy	A	A	True	True		0.9948	0.9948	5.2059999999999823e-05	0.9941	28.1
hard:128606002	hard	A	A	True	True		0.9888	0.9888	0.0002508799999999997	0.9874	28.1
easy:16872008	easy	A	A	True	True		0.9693	0.9693	0.001510339999999997	0.9655	29.1
hard:52179003	hard	A	A	True	True		0.9746	0.9746	0.0012852499999999988	0.9714	30.6
none-narrower:38725001	none-narrower	none	none	True	False		0.9987	0.9987	3.3799999999999164e-06	0.9985	26.8
easy:60676002	easy	A	A	True	True		0.9941	0.9941	6.41400000000002e-05	0.9934	27.2
easy:239020008	easy	A	A	True	True		0.9853	0.9853	0.0004124600000000014	0.9834	29.4
hard:66207005	hard	D	D	True	False		0.985	0.985	0.0004500000000000004	0.9831	30.7
none-narrower:44549008	none-narrower	none	none	True	False		0.9957	0.9957	3.531999999999975e-05	0.9951	28.0
none-narrower:1373821001	none-narrower	none	none	True	False		0.9999	0.9999	1.9999999999997797e-08	0.9999	29.5
hard:187777008	hard	A	A	True	True		0.9838	0.9838	0.0005216599999999997	0.9818	29.5
easy:406506008	easy	E	A	False	False		0.9968	0.0	1.9936204800000001	0.9964	27.8
easy:444645005	easy	A	A	True	True		0.9914	0.9914	0.0001094600000000009	0.9903	29.1
hard:92470003	hard	A	A	True	True		0.981	0.981	0.0006591400000000006	0.9786	29.4
hard:30188007	hard	A	A	True	True		0.9979	0.9979	8.81999999999996e-06	0.9976	30.8
easy:11934000	easy	A	A	True	True		0.9991	0.9991	1.4500000000000215e-06	0.999	26.7
none-narrower:702399004	none-narrower	none	none	True	False		0.9987	0.9987	2.5599999999999166e-06	0.9985	27.7
none-narrower:75803007	none-narrower	none	none	True	False		0.9999	0.9999	1.9999999999997797e-08	0.9999	28.0
retrieval-miss:205550003	retrieval-miss	none	A	False	False		0.9952	0.0044	1.98164249	0.9946	26.6
hard:230284004	hard	A	A	True	True		0.9649	0.9649	0.0018691100000000015	0.9606	82.6
hard:363354003	hard	A	A	True	True		0.9675	0.9675	0.0020804199999999978	0.9635	29.0
none-narrower:197599000	none-narrower	none	A	False	False		0.511	0.4878	0.5234703399999999	0.4499	28.4
easy:734024009	easy	A	A	True	True		0.9962	0.9962	2.8880000000000194e-05	0.9957	31.6
easy:716195006	easy	A	A	True	True		0.9914	0.9914	0.0001479200000000009	0.9903	87.9
retrieval-miss:275498002	retrieval-miss	none	none	True	False		0.995	0.995	4.808000000000004e-05	0.9944	27.7
easy:716741008	easy	A	none	False	True		0.5401	0.4546	0.58917509	0.4826	31.2
easy:6631009	easy	A	A	True	True		0.8868	0.8868	0.024963749999999993	0.8727	29.5
easy:76902006	easy	A	A	True	True		0.9909	0.9909	0.00016561999999999995	0.9897	85.9
easy:723308003	easy	A	A	True	True		0.8734	0.8734	0.03192883000000001	0.8575	34.3
none-narrower:86333008	none-narrower	none	none	True	False		0.9982	0.9982	5.180000000000086e-06	0.998	28.3
hard:21848000	hard	A	A	True	True		0.9858	0.9858	0.0003761799999999997	0.9841	28.5
none-narrower:74142004	none-narrower	none	none	True	False		0.9988	0.9988	2.1099999999999493e-06	0.9987	28.7
hard:24867002	hard	B	none	False	False		0.9801	0.0104	1.9399522	0.9776	29.0
easy:20639004	easy	A	A	True	True		0.9983	0.9983	5.780000000000118e-06	0.9981	29.1
easy:45913009	easy	A	A	True	True		0.997	0.997	1.5920000000000017e-05	0.9966	29.1
easy:63122002	easy	A	A	True	True		0.9865	0.9865	0.00036449999999999883	0.9848	89.0
easy:277155005	easy	A	A	True	True		0.9808	0.9808	0.0007334499999999997	0.9784	27.6
easy:64479007	easy	A	none	False	True		0.5155	0.4835	0.5325129499999999	0.455	29.1
none-narrower:4477007	none-narrower	none	none	True	False		0.8478	0.8478	0.033555	0.8288	30.1
easy:448315008	easy	A	A	True	True		0.9869	0.9869	0.00032312	0.9853	28.8
hard:707354003	hard	A	none	False	True		0.8263	0.1697	1.37217783	0.8046	30.3
hard:64250002	hard	A	A	True	True		0.9934	0.9934	8.712000000000066e-05	0.9926	30.0
easy:716169009	easy	A	A	True	True		0.9556	0.9556	0.00394272	0.95	86.2
easy:18910001	easy	A	A	True	True		0.9978	0.9978	9.67999999999991e-06	0.9975	27.7
easy:111405003	easy	A	A	True	True		0.9793	0.9793	0.0008569800000000022	0.9767	88.3
easy:75116005	easy	A	A	True	True		0.9934	0.9934	8.712000000000066e-05	0.9926	86.7
none-narrower:201988000	none-narrower	none	none	True	False		0.9922	0.9922	0.00012013000000000046	0.9912	27.7
hard:405810005	hard	A	A	True	True		0.9943	0.9943	6.386000000000044e-05	0.9936	30.4
easy:733085004	easy	A	A	True	True		0.941	0.941	0.006248110000000006	0.9336	87.6
none-narrower:195812001	none-narrower	none	none	True	False		0.9978	0.9978	6.859999999999911e-06	0.9976	27.7
none-narrower:399207003	none-narrower	none	none	True	False		0.9995	0.9995	3.699999999999449e-07	0.9994	24.3
hard:84777002	hard	A	A	True	True		0.9988	0.9988	2.879999999999949e-06	0.9987	28.0
hard:733599009	hard	B	B	True	False		0.976	0.976	0.000874380000000001	0.973	88.5
hard:720520009	hard	A	A	True	True		0.9916	0.9916	0.00014112999999999935	0.9905	31.1
easy:33595009	easy	A	A	True	True		0.9965	0.9965	1.8619999999999635e-05	0.996	29.2
easy:11666007	easy	A	A	True	True		0.9943	0.9943	6.498000000000044e-05	0.9936	86.4
hard:55444004	hard	A	A	True	True		0.993	0.993	9.800000000000009e-05	0.9921	28.0
easy:10741005	easy	A	A	True	True		0.9732	0.9732	0.0012818100000000026	0.9698	29.5
hard:190919008	hard	A	A	True	True		0.9966	0.9966	1.7259999999999716e-05	0.9962	26.9
easy:233621003	easy	A	A	True	True		0.9858	0.9858	0.0004004599999999997	0.984	28.8
hard:443937008	hard	A	A	True	True		0.9954	0.9954	4.1410000000000445e-05	0.9948	28.0
hard:707405009	hard	A	none	False	True		0.986	0.0136	1.9451810200000001	0.9843	28.0
easy:109041000119107	easy	A	A	True	True		0.9947	0.9947	5.6179999999999696e-05	0.9941	30.4
hard:7620006	hard	A	A	True	True		0.7639	0.7639	0.11125067999999999	0.7344	28.1
hard:45853006	hard	A	A	True	True		0.9971	0.9971	1.682000000000008e-05	0.9968	31.3
easy:721187005	easy	A	A	True	True		0.9427	0.9427	0.005999110000000002	0.9356	86.7
easy:71325002	easy	A	A	True	True		0.9979	0.9979	7.67999999999996e-06	0.9977	28.0
hard:192727001	hard	D	D	True	False		0.9978	0.9978	9.24999999999991e-06	0.9976	29.1
hard:235603003	hard	A	A	True	True		0.996	0.996	3.200000000000003e-05	0.9955	28.9
hard:83275001	hard	A	A	True	True		0.9988	0.9988	2.879999999999949e-06	0.9987	23.3
retrieval-miss:49562005	retrieval-miss	none	none	True	False		0.5746	0.5746	0.34725706	0.5214	29.3
none-narrower:16466741000119102	none-narrower	none	none	True	False		0.9945	0.9945	5.733999999999945e-05	0.9938	29.5
hard:39462005	hard	A	A	True	True		0.9979	0.9979	8.41999999999996e-06	0.9976	28.3
hard:74728003	hard	A	A	True	True		0.9959	0.9959	3.129999999999994e-05	0.9954	29.5
hard:73397007	hard	A	A	True	True		0.9985	0.9985	4.4999999999998375e-06	0.9984	28.3
easy:86095007	easy	A	A	True	True		0.9913	0.9913	0.00012038000000000071	0.9902	28.3
hard:448254007	hard	A	A	True	True		0.9926	0.9926	0.00010951999999999945	0.9916	28.0
easy:109378008	easy	A	A	True	True		0.9942	0.9942	6.296000000000032e-05	0.9934	84.0
hard:715415005	hard	A	A	True	True		0.9957	0.9957	3.6979999999999744e-05	0.9952	31.0
easy:85149007	easy	A	A	True	True		0.9818	0.9818	0.0006624799999999998	0.9795	81.5
hard:763455008	hard	A	none	False	True		0.4538	0.2141	0.8770332500000002	0.3855	80.5
none-narrower:1197333008	none-narrower	none	none	True	False		0.9987	0.9987	2.0899999999999165e-06	0.9985	26.1
hard:92246000	hard	A	A	True	True		0.9891	0.9891	0.00023762000000000045	0.9877	29.0
none-narrower:61458006	none-narrower	none	none	True	False		0.999	0.999	1.6400000000000019e-06	0.9989	81.1
hard:715626008	hard	A	A	True	True		0.9978	0.9978	9.67999999999991e-06	0.9975	30.3
hard:717181004	hard	A	A	True	True		0.9958	0.9958	3.444999999999985e-05	0.9953	83.2
hard:40283005	hard	A	none	False	True		0.9943	0.0052	1.97825966	0.9935	26.5
easy:363505006	easy	A	A	True	True		0.9657	0.9657	0.0022923099999999997	0.9615	30.0
none-narrower:90974009	none-narrower	none	none	True	False		0.9714	0.9714	0.0015123899999999978	0.9678	26.5
hard:722947004	hard	A	A	True	True		0.9938	0.9938	7.326999999999979e-05	0.9931	28.0
hard:715987000	hard	A	A	True	True		0.9941	0.9941	6.845000000000019e-05	0.9934	87.1
none-narrower:1172901009	none-narrower	none	A	False	False		0.9834	0.0165	1.9343478100000002	0.9814	30.4
hard:237957007	hard	A	A	True	True		0.9944	0.9944	6.162000000000055e-05	0.9937	89.5
hard:237964009	hard	A	A	True	True		0.6787	0.6787	0.20582618	0.6386	88.0
easy:33225004	easy	A	A	True	True		0.9778	0.9778	0.0009725	0.975	27.7
hard:719305006	hard	A	A	True	True		0.9656	0.9656	0.002037499999999999	0.9612	30.5
easy:722675000	easy	A	A	True	True		0.9977	0.9977	1.0579999999999856e-05	0.9974	31.3
easy:723441001	easy	A	A	True	True		0.531	0.531	0.4327742499999999	0.4724	31.4
hard:93471006	hard	A	A	True	True		0.998	0.998	7.6200000000000075e-06	0.9977	28.1
easy:237603002	easy	A	A	True	True		0.9959	0.9959	3.128999999999994e-05	0.9954	29.1
none-narrower:95525004	none-narrower	none	none	True	False		0.9998	0.9998	4.999999999999118e-08	0.9998	26.3
hard:417967008	hard	A	A	True	True		0.996	0.996	3.200000000000003e-05	0.9955	28.1
easy:718720007	easy	A	A	True	True		0.9821	0.9821	0.0006372500000000009	0.9799	28.1
none-narrower:1366243009	none-narrower	none	none	True	False		0.9999	0.9999	1.9999999999997797e-08	0.9999	26.7
none-narrower:427435004	none-narrower	none	none	True	False		0.999	0.999	1.660000000000002e-06	0.9989	26.8
easy:404109006	easy	A	A	True	True		0.994	0.994	7.081000000000006e-05	0.9933	28.2
hard:717041008	hard	A	A	True	True		0.9932	0.9932	8.606000000000038e-05	0.9923	29.5
none-narrower:61823004	none-narrower	none	none	True	False		0.9991	0.9991	9.800000000000215e-07	0.999	29.5
easy:70070008	easy	A	A	True	True		0.8672	0.8672	0.03461609000000001	0.8506	86.2
hard:129000002	hard	A	A	True	True		0.991	0.991	0.00016022000000000014	0.9899	30.4
hard:56478004	hard	A	A	True	True		0.9979	0.9979	8.81999999999996e-06	0.9976	27.2
retrieval-miss:402736003	retrieval-miss	none	none	True	False		0.9974	0.9974	1.3010000000000243e-05	0.9971	29.1
none-narrower:238778000	none-narrower	none	none	True	False		0.9993	0.9993	6.000000000000475e-07	0.9992	84.3
easy:254956000	easy	A	A	True	True		0.9978	0.9978	7.759999999999912e-06	0.9975	29.1
easy:84828003	easy	A	A	True	True		0.9979	0.9979	8.81999999999996e-06	0.9976	83.6
hard:49607006	hard	A	none	False	True		0.608	0.3042	0.8588526999999999	0.559	28.6
easy:239112008	easy	A	A	True	True		0.9864	0.9864	0.00036452999999999854	0.9847	83.3
hard:10934005	hard	A	A	True	True		0.9924	0.9924	0.00010145000000000077	0.9914	83.1
hard:34528009	hard	A	none	False	True		0.6626	0.3352	0.88099942	0.6204	23.7
easy:88518009	easy	A	A	True	True		0.9987	0.9987	3.3799999999999164e-06	0.9986	27.6
none-narrower:438628005	none-narrower	none	none	True	False		0.9968	0.9968	1.2689999999999877e-05	0.9964	28.2
easy:722062004	easy	A	A	True	True		0.9918	0.9918	0.00013284999999999973	0.9908	86.7
easy:82523003	easy	A	A	True	True		0.7287	0.7287	0.14634282999999998	0.6948	27.6
hard:72836002	hard	A	A	True	True		0.9958	0.9958	3.527999999999984e-05	0.9953	30.3
easy:74351001	easy	A	A	True	True		0.9991	0.9991	1.6200000000000213e-06	0.999	29.1
hard:4445009	hard	A	A	True	True		0.9035	0.9035	0.014774820000000006	0.8915	28.3
hard:75316000	hard	A	A	True	True		0.9981	0.9981	6.850000000000048e-06	0.9979	31.4
hard:38959009	hard	A	A	True	True		0.9982	0.9982	6.140000000000085e-06	0.998	26.6
easy:408663001	easy	A	A	True	True		0.9306	0.9306	0.009618850000000002	0.9219	83.5
none-narrower:427921009	none-narrower	none	none	True	False		0.9992	0.9992	1.0100000000000365e-06	0.9991	22.7
hard:205681004	hard	A	A	True	True		0.9944	0.9944	5.490000000000055e-05	0.9937	29.0
easy:66038001	easy	A	A	True	True		0.9937	0.9937	7.937999999999965e-05	0.9929	85.3
hard:71941009	hard	A	A	True	True		0.9878	0.9878	0.0002976799999999997	0.9862	27.6
easy:715625007	easy	A	A	True	True		0.9763	0.9763	0.0011139600000000028	0.9734	81.8
none-narrower:15977008	none-narrower	none	none	True	False		0.9995	0.9995	4.999999999999449e-07	0.9994	28.0
easy:10649000	easy	A	A	True	True		0.9834	0.9834	0.0005511199999999983	0.9813	80.6
hard:26609002	hard	B	A	False	False		0.9771	0.0006	1.95402206	0.9742	30.8
hard:712922002	hard	A	none	False	True		0.5842	0.4155	0.6829299100000001	0.5323	31.3
easy:254664008	easy	A	A	True	True		0.9955	0.9955	4.0499999999999534e-05	0.9949	29.5
hard:723096000	hard	A	A	True	True		0.9975	0.9975	1.2499999999999735e-05	0.9972	26.5
hard:719300001	hard	A	A	True	True		0.9951	0.9951	4.706000000000015e-05	0.9944	82.3
easy:46785007	easy	A	A	True	True		0.9755	0.9755	0.0009740299999999983	0.9725	29.9
hard:58648008	hard	A	A	True	True		0.9581	0.9581	0.003477950000000004	0.9529	34.5
none-narrower:719042007	none-narrower	none	B	False	False		0.9583	0.0417	1.8366777800000003	0.9531	29.1
easy:68210006	easy	A	A	True	True		0.9852	0.9852	0.00043514000000000107	0.9834	26.5
easy:276799004	easy	A	A	True	True		0.9961	0.9961	2.9650000000000114e-05	0.9956	85.4
hard:231896005	hard	A	A	True	True		0.9955	0.9955	3.877999999999954e-05	0.995	26.5
hard:63103006	hard	A	A	True	True		0.9971	0.9971	1.682000000000008e-05	0.9967	28.1
easy:187842004	easy	A	A	True	True		0.9904	0.9904	0.000161820000000001	0.9892	30.7
hard:128117002	hard	A	A	True	True		0.9953	0.9953	4.3260000000000355e-05	0.9947	29.4
hard:78769001	hard	A	A	True	True		0.9953	0.9953	4.325000000000035e-05	0.9948	26.9
easy:22841008	easy	A	A	True	True		0.717	0.717	0.1513779	0.6816	84.1
hard:254701007	hard	A	A	True	True		0.9985	0.9985	4.209999999999838e-06	0.9983	30.3
none-narrower:521000146105	none-narrower	none	none	True	False		0.9983	0.9983	4.620000000000118e-06	0.9981	29.9
hard:239940004	hard	A	A	True	True		0.9933	0.9933	8.846000000000052e-05	0.9924	30.8
easy:763622006	easy	B	B	True	False		0.988	0.988	0.00028562000000000026	0.9865	30.6
none-narrower:871655005	none-narrower	none	none	True	False		0.997	0.997	1.7420000000000013e-05	0.9966	29.7
none-narrower:25668000	none-narrower	none	A	False	False		0.9952	0.0046	1.9812442099999998	0.9947	28.3
hard:719599008	hard	A	A	True	True		0.9966	0.9966	2.3119999999999718e-05	0.9962	86.5
hard:52824009	hard	A	A	True	True		0.9001	0.9001	0.01954682	0.8877	24.5
hard:715827001	hard	A	A	True	True		0.9758	0.9758	0.00106815	0.9727	30.8
easy:307343001	easy	A	A	True	True		0.9316	0.9316	0.008030340000000002	0.923	27.1
none-narrower:95795006	none-narrower	none	none	True	False		0.9989	0.9989	1.549999999999978e-06	0.9987	21.9
none-narrower:762379000	none-narrower	none	none	True	False		0.999	0.999	1.3300000000000019e-06	0.9989	26.3
none-narrower:26284000	none-narrower	none	none	True	False		0.9995	0.9995	3.4999999999994493e-07	0.9994	28.9
easy:240877000	easy	A	A	True	True		0.9748	0.9748	0.00095633	0.9716	28.2
easy:717332007	easy	A	A	True	True		0.9936	0.9936	8.064999999999951e-05	0.9928	29.4
easy:75544000	easy	A	A	True	True		0.9965	0.9965	2.4499999999999633e-05	0.9961	70.8
easy:126956001	easy	A	A	True	True		0.9936	0.9936	7.82199999999995e-05	0.9928	28.1
hard:444921008	hard	D	none	False	False		0.9949	0.0035	1.9828398600000003	0.9943	30.4
none-narrower:403151007	none-narrower	none	none	True	False		0.9997	0.9997	9.999999999998017e-08	0.9997	28.2
easy:104081000119103	easy	A	none	False	True		0.6805	0.2991	0.95449468	0.6405	29.3
easy:25277000	easy	A	A	True	True		0.9986	0.9986	3.649999999999879e-06	0.9985	29.1
none-narrower:26884006	none-narrower	none	none	True	False		0.9996	0.9996	2.399999999999648e-07	0.9996	30.2
retrieval-miss:51689003	retrieval-miss	none	none	True	False		0.9932	0.9932	8.854000000000038e-05	0.9924	28.2
hard:399107008	hard	A	A	True	True		0.994	0.994	7.200000000000007e-05	0.9933	26.9
hard:13596001	hard	A	A	True	True		0.9958	0.9958	3.444999999999985e-05	0.9953	29.2
hard:722455002	hard	A	A	True	True		0.991	0.991	0.00016023000000000014	0.9898	86.6
hard:10890000	hard	A	A	True	True		0.9864	0.9864	0.00035930999999999854	0.9847	29.2
easy:328611000119105	easy	A	A	True	True		0.9714	0.9714	0.0013592199999999976	0.9678	30.0
retrieval-miss:32599008	retrieval-miss	none	none	True	False		0.9992	0.9992	8.100000000000366e-07	0.9991	30.5
none-narrower:1296880000	none-narrower	none	none	True	False		0.9269	0.9269	0.010542840000000008	0.9177	29.2
hard:49292002	hard	A	A	True	True		0.9906	0.9906	0.00015361999999999933	0.9894	30.5
none-narrower:201240005	none-narrower	none	none	True	False		0.9998	0.9998	5.99999999999912e-08	0.9998	29.2
none-narrower:74372003	none-narrower	none	none	True	False		0.9996	0.9996	2.4999999999996473e-07	0.9995	29.1
easy:372244006	easy	A	A	True	True		0.9702	0.9702	0.001770130000000003	0.9665	27.8
none-narrower:243410003	none-narrower	none	none	True	False		0.9974	0.9974	9.900000000000242e-06	0.9971	30.4
hard:715829003	hard	A	A	True	True		0.9203	0.9203	0.01175095	0.9104	30.3
easy:37471005	easy	A	A	True	True		0.9984	0.9984	5.120000000000147e-06	0.9981	29.6
none-narrower:1177035002	none-narrower	none	none	True	False		0.9976	0.9976	9.089999999999798e-06	0.9973	29.7
none-narrower:201996005	none-narrower	none	none	True	False		0.9919	0.9919	0.00012802999999999995	0.9909	23.8
none-narrower:277481003	none-narrower	none	none	True	False		0.9969	0.9969	1.8029999999999948e-05	0.9965	28.1
easy:715796006	easy	A	A	True	True		0.9953	0.9953	3.7790000000000355e-05	0.9948	86.8
easy:413656006	easy	A	none	False	True		0.8712	0.1267	1.52164382	0.8551	87.3
easy:189167009	easy	A	A	True	True		0.9988	0.9988	2.879999999999949e-06	0.9986	30.4
easy:78590007	easy	A	A	True	True		0.9951	0.9951	4.705000000000015e-05	0.9945	27.8
retrieval-miss:43116000	retrieval-miss	none	none	True	False		0.9324	0.9324	0.00890144	0.924	28.1
easy:238036004	easy	A	A	True	True		0.9844	0.9844	0.0004867199999999983	0.9824	23.7
none-narrower:301824001	none-narrower	none	none	True	False		0.8346	0.8346	0.050585359999999996	0.8139	26.4
easy:716200002	easy	A	A	True	True		0.9886	0.9886	0.00025764999999999924	0.9872	85.2
hard:768926005	hard	A	A	True	True		0.997	0.997	1.8000000000000017e-05	0.9966	30.4
hard:59032001	hard	A	A	True	True		0.9991	0.9991	1.6200000000000213e-06	0.999	26.9
easy:198142001	easy	A	A	True	True		0.9947	0.9947	5.31799999999997e-05	0.994	29.2
retrieval-miss:361115000	retrieval-miss	none	A	False	False		0.9926	0.0074	1.9705095200000002	0.9916	27.3
easy:363464006	easy	A	A	True	True		0.9773	0.9773	0.0010260600000000025	0.9745	27.8
easy:429998004	easy	A	A	True	True		0.9972	0.9972	1.5680000000000138e-05	0.9969	30.1
hard:37109004	hard	A	A	True	True		0.9937	0.9937	7.937999999999965e-05	0.9929	29.0
hard:231472009	hard	A	A	True	True		0.996	0.996	3.200000000000003e-05	0.9955	23.3
hard:270491006	hard	A	A	True	True		0.998	0.998	7.260000000000007e-06	0.9978	28.1
none-narrower:723905008	none-narrower	none	none	True	False		0.9999	0.9999	1.9999999999997797e-08	0.9999	28.3
hard:12313004	hard	A	A	True	True		0.9959	0.9959	2.992999999999994e-05	0.9954	29.7
hard:127030001	hard	A	A	True	True		0.9773	0.9773	0.0009824700000000024	0.9745	30.3
easy:92093000	easy	A	A	True	True		0.9933	0.9933	8.845000000000052e-05	0.9925	29.5
easy:25362006	easy	A	none	False	True		0.5995	0.3925	0.7285031399999999	0.5495	30.8
none-narrower:312085005	none-narrower	none	none	True	False		0.9983	0.9983	5.150000000000118e-06	0.9981	28.4
hard:53913001	hard	A	A	True	True		0.9954	0.9954	4.232000000000045e-05	0.9948	28.5
none-narrower:232121005	none-narrower	none	none	True	False		0.9994	0.9994	5.30000000000054e-07	0.9993	30.4
easy:16631009	easy	A	A	True	True		0.9978	0.9978	9.67999999999991e-06	0.9975	23.6
none-narrower:448478000	none-narrower	none	none	True	False		0.9966	0.9966	1.754999999999972e-05	0.9962	30.5
retrieval-miss:80328002	retrieval-miss	none	A	False	False		0.865	0.1293	1.5063565300000001	0.8481	29.2
hard:410042009	hard	A	none	False	True		0.7143	0.2582	1.06120526	0.6785	84.6
easy:91954009	easy	A	A	True	True		0.9956	0.9956	3.5419999999999644e-05	0.9951	30.3
none-narrower:187701005	none-narrower	none	none	True	False		0.9986	0.9986	2.8299999999998793e-06	0.9985	30.6
hard:448542008	hard	A	A	True	True		0.9946	0.9946	5.245999999999957e-05	0.9939	29.4
none-narrower:40370006	none-narrower	none	none	True	False		0.9977	0.9977	8.339999999999856e-06	0.9974	27.8
hard:725138002	hard	A	A	True	True		0.9887	0.9887	0.0002553799999999995	0.9873	84.0
hard:254767008	hard	A	A	True	True		0.9963	0.9963	2.738000000000027e-05	0.9958	30.2
easy:126926005	easy	A	A	True	True		0.9964	0.9964	2.592000000000034e-05	0.9959	30.9
hard:403913006	hard	A	A	True	True		0.8977	0.8977	0.02084898999999999	0.8849	29.7
hard:399432003	hard	A	A	True	True		0.9962	0.9962	2.3840000000000192e-05	0.9957	82.6
retrieval-miss:75474006	retrieval-miss	none	none	True	False		0.9999	0.9999	1.9999999999997797e-08	0.9998	27.6
none-narrower:238951005	none-narrower	none	none	True	False		0.9997	0.9997	1.0999999999998018e-07	0.9997	81.8
none-narrower:447146004	none-narrower	none	none	True	False		0.9967	0.9967	2.11499999999998e-05	0.9962	27.6
easy:37344009	easy	B	B	True	False		0.7959	0.7959	0.08331361999999998	0.7704	23.7
easy:392662004	easy	A	A	True	True		0.9958	0.9958	3.223999999999984e-05	0.9953	30.3
none-narrower:1196861001	none-narrower	none	none	True	False		0.9841	0.9841	0.00048421000000000087	0.9822	28.1
easy:15682004	easy	A	A	True	True		0.9963	0.9963	2.738000000000027e-05	0.9958	26.5
easy:55475008	easy	A	A	True	True		0.9971	0.9971	1.682000000000008e-05	0.9968	81.4
easy:423709000	easy	A	A	True	True		0.9981	0.9981	6.510000000000048e-06	0.9979	28.6
hard:27420004	hard	A	A	True	True		0.9961	0.9961	3.0420000000000112e-05	0.9956	29.2
easy:733601006	easy	A	A	True	True		0.9693	0.9693	0.0018606199999999969	0.9654	85.6
none-narrower:371012000	none-narrower	none	none	True	False		0.9506	0.9506	0.00406507	0.9445	30.8
easy:715504003	easy	A	A	True	True		0.9924	0.9924	0.00011401000000000077	0.9915	84.6
easy:36742000	easy	A	A	True	True		0.9928	0.9928	0.00010224999999999977	0.9919	28.0
easy:239062001	easy	A	A	True	True		0.9647	0.9647	0.00248514	0.9602	82.5
none-narrower:685031000119100	none-narrower	none	none	True	False		0.9977	0.9977	7.149999999999856e-06	0.9974	26.2
none-narrower:371962007	none-narrower	none	none	True	False		0.933	0.933	0.008741729999999993	0.9247	29.2
hard:722205008	hard	A	A	True	True		0.9734	0.9734	0.0014098099999999977	0.9701	83.8
hard:38907003	hard	A	A	True	True		0.998	0.998	7.6200000000000075e-06	0.9978	27.6
easy:237950009	easy	A	A	True	True		0.9942	0.9942	5.222000000000032e-05	0.9935	85.8
retrieval-miss:93132001	retrieval-miss	none	A	False	False		0.8821	0.1177	1.55655371	0.8674	32.0
none-narrower:87666009	none-narrower	none	none	True	False		0.9998	0.9998	4.999999999999118e-08	0.9997	26.8
easy:235966007	easy	A	A	True	True		0.9936	0.9936	5.78199999999995e-05	0.9928	31.3
hard:254851009	hard	A	A	True	True		0.9695	0.9695	0.001679129999999998	0.9657	30.8
easy:190303007	easy	A	A	True	True		0.9965	0.9965	2.4499999999999633e-05	0.996	26.8
none-narrower:1254906000	none-narrower	none	none	True	False		0.9688	0.9688	0.0016927500000000002	0.965	29.2
easy:13507004	easy	A	A	True	True		0.9663	0.9663	0.0017136599999999966	0.9621	28.1
hard:363408006	hard	A	A	True	True		0.9923	0.9923	0.00011706000000000062	0.9913	27.9
hard:230282000	hard	A	A	True	True		0.9168	0.9168	0.013811280000000009	0.9064	28.3
easy:195180004	easy	A	A	True	True		0.9914	0.9914	0.00014456000000000088	0.9903	24.0
easy:230425004	easy	A	A	True	True		0.996	0.996	2.842000000000003e-05	0.9955	30.5
hard:95315005	hard	A	none	False	True		0.6258	0.0083	1.50759234	0.579	29.6
easy:59393003	easy	A	A	True	True		0.9963	0.9963	2.666000000000027e-05	0.9958	30.4
easy:77121009	easy	A	A	True	True		0.9947	0.9947	5.31899999999997e-05	0.994	86.6
hard:699305004	hard	A	A	True	True		0.9879	0.9879	0.00028574000000000004	0.9864	85.2
hard:71961003	hard	A	A	True	True		0.9983	0.9983	5.780000000000118e-06	0.9981	28.6
hard:254230001	hard	A	A	True	True		0.9941	0.9941	5.501000000000019e-05	0.9934	28.0
easy:45339001	easy	A	A	True	True		0.9965	0.9965	2.3819999999999633e-05	0.9961	28.1
hard:193411004	hard	A	A	True	True		0.8954	0.8954	0.021552130000000003	0.8823	30.6
easy:402792003	easy	A	A	True	True		0.8739	0.8739	0.024131569999999998	0.8581	26.9
hard:42574005	hard	A	A	True	True		0.9954	0.9954	4.232000000000045e-05	0.9948	23.7
easy:7916009	easy	A	A	True	True		0.9974	0.9974	1.3520000000000243e-05	0.997	23.9
hard:702361006	hard	A	A	True	True		0.9453	0.9453	0.005929829999999996	0.9385	84.7
easy:92083007	easy	A	A	True	True		0.9966	0.9966	2.3119999999999718e-05	0.9961	28.0
hard:90708001	hard	A	A	True	True		0.9966	0.9966	2.244999999999972e-05	0.9962	27.9
none-narrower:429724002	none-narrower	none	none	True	False		0.9988	0.9988	2.1899999999999494e-06	0.9986	27.9
easy:9491003	easy	A	A	True	True		0.9962	0.9962	2.8880000000000194e-05	0.9958	23.5
easy:450005	easy	A	A	True	True		0.9958	0.9958	3.527999999999984e-05	0.9953	26.4
hard:75006000	hard	A	A	True	True		0.9863	0.9863	0.0003726600000000012	0.9845	29.1
hard:719250005	hard	A	A	True	True		0.9983	0.9983	5.780000000000118e-06	0.998	80.8
easy:764096006	easy	A	A	True	True		0.9595	0.9595	0.003272419999999998	0.9544	83.1
hard:69134001	hard	A	A	True	True		0.992	0.992	0.00012641000000000014	0.9911	23.6
easy:45170000	easy	A	A	True	True		0.9905	0.9905	0.0001524299999999991	0.9893	83.0
none-narrower:427419006	none-narrower	none	none	True	False		0.9986	0.9986	2.8699999999998793e-06	0.9984	28.5
hard:86103006	hard	A	A	True	True		0.9801	0.9801	0.0007763100000000012	0.9777	26.8
easy:44795003	easy	A	none	False	True		0.9989	0.0006	1.99660166	0.9988	27.7
none-narrower:13457005	none-narrower	none	none	True	False		0.9997	0.9997	9.999999999998017e-08	0.9997	27.7
hard:725148000	hard	A	A	True	True		0.9908	0.9908	0.00014229999999999975	0.9896	83.3
retrieval-miss:22542007	retrieval-miss	none	none	True	False		0.9994	0.9994	4.1000000000005394e-07	0.9994	30.8
easy:253283000	easy	A	A	True	True		0.9089	0.9089	0.014988699999999992	0.8975	30.2
easy:21009004	easy	A	A	True	True		0.9973	0.9973	1.4580000000000192e-05	0.997	29.7
retrieval-miss:124593001	retrieval-miss	none	A	False	False		0.9592	0.0399	1.84185703	0.9541	81.9
easy:400946004	easy	F	F	True	False		0.9442	0.9442	0.0062272799999999965	0.9372	80.8
easy:201191004	easy	A	A	True	True		0.9951	0.9951	4.706000000000015e-05	0.9944	22.5
retrieval-miss:58437007	retrieval-miss	none	none	True	False		0.9997	0.9997	9.999999999998017e-08	0.9997	30.1
easy:722381004	easy	A	A	True	True		0.9947	0.9947	5.6179999999999696e-05	0.994	81.7
easy:703406006	easy	A	A	True	True		0.969	0.969	0.0014382400000000019	0.9651	80.8
none-narrower:302920007	none-narrower	none	none	True	False		0.9934	0.9934	8.454000000000066e-05	0.9926	27.9
hard:410429000	hard	A	A	True	True		0.9944	0.9944	4.712000000000055e-05	0.9936	23.5
hard:444830001	hard	A	none	False	True		0.9964	0.002	1.98881782	0.9959	81.2
easy:717042001	easy	A	A	True	True		0.9497	0.9497	0.0036726500000000013	0.9434	29.9
easy:29159009	easy	A	A	True	True		0.9887	0.9887	0.00025312999999999947	0.9873	28.8
none-narrower:767448007	none-narrower	none	A	False	False		0.9978	0.0019	1.9918085	0.9975	81.1
hard:766704005	hard	A	A	True	True		0.997	0.997	1.8000000000000017e-05	0.9966	29.1
hard:229733002	hard	A	A	True	True		0.9916	0.9916	0.00013781999999999938	0.9906	26.1
none-narrower:332461000119106	none-narrower	none	none	True	False		0.9997	0.9997	1.2999999999998017e-07	0.9997	23.6
none-narrower:1300178001	none-narrower	none	none	True	False		0.9995	0.9995	3.599999999999449e-07	0.9995	26.3
hard:397825006	hard	A	A	True	True		0.9957	0.9957	3.6979999999999744e-05	0.9952	28.8
easy:60318001	easy	A	A	True	True		0.9869	0.9869	0.00029022000000000005	0.9852	81.9
none-narrower:348681000119101	none-narrower	none	none	True	False		0.9993	0.9993	7.600000000000476e-07	0.9993	26.2
hard:720414005	hard	B	B	True	False		0.9968	0.9968	1.9859999999999874e-05	0.9963	83.0
easy:238011005	easy	A	A	True	True		0.8485	0.8485	0.04578354999999999	0.8296	30.2
easy:95280005	easy	A	A	True	True		0.9968	0.9968	2.047999999999988e-05	0.9964	28.3
none-narrower:789399002	none-narrower	none	none	True	False		0.9997	0.9997	1.7999999999998017e-07	0.9996	29.7
hard:28593007	hard	A	none	False	True		0.9876	0.0123	1.9509050500000003	0.9861	26.6
easy:186668002	easy	A	A	True	True		0.9954	0.9954	4.232000000000045e-05	0.9948	87.8
easy:20392000	easy	A	A	True	True		0.9961	0.9961	2.5310000000000115e-05	0.9956	22.8
hard:442416002	hard	A	A	True	True		0.993	0.993	9.662000000000009e-05	0.9921	29.1
retrieval-miss:234110002	retrieval-miss	none	none	True	False		0.9998	0.9998	4.999999999999118e-08	0.9997	27.7
easy:404086000	easy	A	A	True	True		0.9808	0.9808	0.0006448899999999999	0.9784	82.6
easy:367542003	easy	A	A	True	True		0.9874	0.9874	0.0003175199999999986	0.9859	30.9
easy:123596001	easy	A	A	True	True		0.9966	0.9966	2.3119999999999718e-05	0.9961	28.1
easy:49723003	easy	A	A	True	True		0.9695	0.9695	0.0018544199999999983	0.9657	26.3
none-narrower:1231379009	none-narrower	none	none	True	False		0.9971	0.9971	1.6250000000000077e-05	0.9968	29.0
hard:719454003	hard	A	A	True	True		0.9761	0.9761	0.0010959200000000015	0.9731	30.5
hard:764997000	hard	A	A	True	True		0.9959	0.9959	3.2059999999999934e-05	0.9953	85.3
easy:201192006	easy	A	A	True	True		0.9842	0.9842	0.00048380000000000113	0.9822	23.2
hard:718848000	hard	A	A	True	True		0.99	0.99	0.0001980100000000002	0.9888	30.4
none-narrower:16932000	none-narrower	none	none	True	False		0.9996	0.9996	2.1999999999996475e-07	0.9995	29.5
hard:82852009	hard	A	A	True	True		0.9972	0.9972	1.4180000000000139e-05	0.9968	30.0
easy:92040001	easy	A	A	True	True		0.9914	0.9914	0.0001479200000000009	0.9903	29.4
hard:36667009	hard	A	A	True	True		0.9959	0.9959	3.361999999999994e-05	0.9953	30.6
hard:254068007	hard	A	A	True	True		0.9924	0.9924	0.00011552000000000078	0.9914	86.6
hard:31323000	hard	A	A	True	True		0.99	0.99	0.0001980300000000002	0.9887	29.0
easy:60168000	easy	A	A	True	True		0.9979	0.9979	8.81999999999996e-06	0.9976	29.1
easy:764859001	easy	A	A	True	True		0.9339	0.9339	0.008260260000000007	0.9257	28.2
none-narrower:1052239007	none-narrower	none	none	True	False		0.9982	0.9982	4.810000000000085e-06	0.9979	28.1
hard:237889002	hard	A	A	True	True		0.9781	0.9781	0.0009419100000000013	0.9754	31.4
none-narrower:105710000	none-narrower	none	none	True	False		0.9988	0.9988	2.0599999999999494e-06	0.9986	28.4
easy:1092381000119100	easy	A	none	False	True		0.9986	0.0013	1.9946036500000002	0.9984	29.3
easy:719514002	easy	A	A	True	True		0.9897	0.9897	0.0002061199999999995	0.9884	84.8
hard:126907002	hard	D	B	False	False		0.807	0.0018	1.68417145	0.7829	29.3
hard:764440006	hard	B	B	True	False		0.9538	0.9538	0.004223100000000001	0.948	84.5
easy:766870005	easy	B	B	True	False		0.9879	0.9879	0.00029041	0.9864	84.5
hard:720495005	hard	A	A	True	True		0.9938	0.9938	7.687999999999979e-05	0.993	30.2
hard:711483003	hard	A	A	True	True		0.8821	0.8821	0.027636430000000003	0.8674	85.4
hard:254774003	hard	A	A	True	True		0.9983	0.9983	5.780000000000118e-06	0.9981	84.2
retrieval-miss:719663005	retrieval-miss	none	C	False	False		0.8989	0.0455	1.72190392	0.8863	28.7
easy:28366008	easy	A	A	True	True		0.9984	0.9984	5.120000000000147e-06	0.9982	28.9
none-narrower:240704003	none-narrower	none	none	True	False		0.9904	0.9904	0.00014647000000000103	0.9892	28.2
easy:707374005	easy	A	A	True	True		0.9978	0.9978	8.879999999999912e-06	0.9975	29.2
retrieval-miss:238019007	retrieval-miss	none	none	True	False		0.9946	0.9946	4.059999999999957e-05	0.9939	26.9
hard:402425006	hard	A	none	False	True		0.6531	0.3439	0.85701313	0.6098	26.9
none-narrower:724647003	none-narrower	none	none	True	False		0.8274	0.8274	0.05755651999999999	0.8059	85.9
easy:26029002	easy	A	A	True	True		0.9857	0.9857	0.00036802999999999944	0.984	29.9
easy:300988009	easy	A	A	True	True		0.9957	0.9957	3.1639999999999745e-05	0.9952	28.3
easy:371160000	easy	A	A	True	True		0.9425	0.9425	0.006465229999999999	0.9353	28.5
easy:2589008	easy	A	A	True	True		0.9908	0.9908	0.00016393999999999973	0.9896	28.3
hard:83172007	hard	A	A	True	True		0.9951	0.9951	4.706000000000015e-05	0.9945	26.6
hard:266254007	hard	A	A	True	True		0.9881	0.9881	0.0002785100000000005	0.9866	23.5
hard:128123007	hard	A	none	False	True		0.9641	0.0082	1.91389082	0.9596	28.8
easy:399906000	easy	A	A	True	True		0.9985	0.9985	4.4999999999998375e-06	0.9983	28.2
hard:62005008	hard	A	A	True	True		0.9892	0.9892	0.00022505000000000067	0.9878	30.6
retrieval-miss:197284004	retrieval-miss	none	none	True	False		0.9997	0.9997	1.1999999999998016e-07	0.9997	26.6
easy:60389000	easy	A	A	True	True		0.9944	0.9944	6.272000000000055e-05	0.9937	29.4
easy:55850004	easy	A	A	True	True		0.989	0.989	0.0002398100000000002	0.9876	83.7
hard:763209008	hard	A	A	True	True		0.9897	0.9897	0.0002061099999999995	0.9884	84.4
easy:123948009	easy	B	B	True	False		0.9923	0.9923	0.00011858000000000062	0.9914	23.5
none-narrower:197853008	none-narrower	none	C	False	False		0.8086	0.191	1.3083150099999998	0.7847	26.2
hard:53783003	hard	A	A	True	True		0.9794	0.9794	0.000840559999999998	0.9768	29.5
hard:722389002	hard	A	A	True	True		0.9772	0.9772	0.000777530000000002	0.9744	31.4
hard:9078005	hard	A	A	True	True		0.9974	0.9974	1.3520000000000243e-05	0.9971	28.5
hard:234349007	hard	A	A	True	True		0.9933	0.9933	8.246000000000054e-05	0.9924	28.1
easy:63042009	easy	A	A	True	True		0.9981	0.9981	7.220000000000049e-06	0.9978	29.7
easy:404077005	easy	A	A	True	True		0.9969	0.9969	1.652999999999995e-05	0.9966	28.4
hard:93559003	hard	A	A	True	True		0.9964	0.9964	2.592000000000034e-05	0.9959	90.2
easy:92660005	easy	A	A	True	True		0.9964	0.9964	2.5210000000000343e-05	0.996	28.0
hard:187675005	hard	A	A	True	True		0.9783	0.9783	0.0009374600000000024	0.9756	28.3
hard:34713006	hard	A	A	True	True		0.995	0.995	4.262000000000005e-05	0.9943	31.1
none-narrower:1090651000119103	none-narrower	none	none	True	False		0.9871	0.9871	0.00029834000000000056	0.9855	28.5
hard:253353007	hard	A	A	True	True		0.9964	0.9964	2.456000000000034e-05	0.9959	31.5
easy:239918008	easy	A	A	True	True		0.9533	0.9533	0.004343159999999997	0.9475	28.6
none-narrower:30390004	none-narrower	none	none	True	False		0.9978	0.9978	7.2899999999999116e-06	0.9975	26.7
hard:63144007	hard	A	A	True	True		0.9966	0.9966	2.3119999999999718e-05	0.9962	30.5
easy:230350000	easy	A	A	True	True		0.9948	0.9948	5.304999999999982e-05	0.9942	31.6
easy:255037004	easy	A	A	True	True		0.5932	0.5932	0.32348745	0.5423	29.9
hard:128333008	hard	A	A	True	True		0.998	0.998	7.610000000000008e-06	0.9978	28.1
easy:254589009	easy	A	A	True	True		0.9919	0.9919	0.00012498999999999993	0.9909	28.4
easy:399995006	easy	A	A	True	True		0.995	0.995	5.000000000000005e-05	0.9944	28.6
hard:444150000	hard	A	A	True	True		0.9929	0.9929	6.739999999999993e-05	0.992	27.9
easy:427232004	easy	A	A	True	True		0.9506	0.9506	0.00456725	0.9444	85.3
easy:253098009	easy	A	A	True	True		0.9988	0.9988	2.879999999999949e-06	0.9986	31.2
easy:65295003	easy	A	A	True	True		0.9942	0.9942	6.614000000000031e-05	0.9935	28.0
hard:204950001	hard	A	A	True	True		0.9494	0.9494	0.004811649999999997	0.9431	28.1
easy:63398001	easy	A	A	True	True		0.98	0.98	0.0007804100000000007	0.9776	28.2
easy:13468005	easy	A	A	True	True		0.9398	0.9398	0.007212090000000004	0.9323	28.2
easy:86299006	easy	A	A	True	True		0.9979	0.9979	8.81999999999996e-06	0.9976	27.5
hard:55822004	hard	A	A	True	True		0.9933	0.9933	8.351000000000053e-05	0.9924	27.8
hard:20957000	hard	A	A	True	True		0.7859	0.7859	0.08881305999999997	0.7592	26.5
none-narrower:70783003	none-narrower	none	none	True	False		0.999	0.999	1.5300000000000019e-06	0.9989	23.9
easy:40122008	easy	A	A	True	True		0.998	0.998	8.000000000000008e-06	0.9977	26.6
easy:27885002	easy	A	A	True	True		0.9951	0.9951	4.705000000000015e-05	0.9945	29.3
easy:371089000	easy	A	A	True	True		0.9992	0.9992	1.2800000000000367e-06	0.9991	88.6
hard:255072001	hard	A	A	True	True		0.9875	0.9875	0.0003075599999999989	0.986	29.2
hard:127231009	hard	A	A	True	True		0.9844	0.9844	0.00047147999999999835	0.9825	30.5
none-narrower:428592003	none-narrower	none	none	True	False		0.9997	0.9997	1.1999999999998016e-07	0.9997	29.3
none-narrower:406570003	none-narrower	none	none	True	False		0.999	0.999	1.4500000000000018e-06	0.9989	28.2
hard:65049003	hard	A	A	True	True		0.9946	0.9946	4.7659999999999574e-05	0.9939	28.0
easy:765096001	easy	A	A	True	True		0.9944	0.9944	6.161000000000054e-05	0.9937	85.2
easy:763536006	easy	A	A	True	True		0.9977	0.9977	1.0579999999999856e-05	0.9974	30.3
easy:429735007	easy	A	A	True	True		0.9733	0.9733	0.0013942299999999972	0.97	86.3
hard:90584004	hard	A	A	True	True		0.9763	0.9763	0.0009812900000000025	0.9734	27.6
easy:58868000	easy	A	A	True	True		0.9841	0.9841	0.0005024600000000008	0.9821	30.3
none-narrower:20239009	none-narrower	none	none	True	False		0.9986	0.9986	2.3499999999998792e-06	0.9984	26.6
easy:722006004	easy	A	A	True	True		0.9938	0.9938	6.808999999999979e-05	0.9931	85.6
hard:236746000	hard	A	A	True	True		0.9969	0.9969	1.9219999999999948e-05	0.9965	23.6
hard:271532008	hard	A	A	True	True		0.9287	0.9287	0.008596240000000005	0.9198	26.3
hard:198130006	hard	A	A	True	True		0.9793	0.9793	0.0008569800000000022	0.9767	27.7
retrieval-miss:716996008	retrieval-miss	none	A	False	False		0.9973	0.0027	1.9892145799999998	0.997	87.6
hard:231861005	hard	A	A	True	True		0.9933	0.9933	8.235000000000054e-05	0.9924	26.6
easy:367520004	easy	A	A	True	True		0.9942	0.9942	6.613000000000032e-05	0.9935	30.5
hard:724575009	hard	A	A	True	True		0.9984	0.9984	5.120000000000147e-06	0.9982	30.5
easy:22298006	easy	A	A	True	True		0.9973	0.9973	1.2740000000000193e-05	0.9969	27.3
easy:709282004	easy	A	A	True	True		0.9634	0.9634	0.0025081299999999973	0.9588	30.7
hard:763309005	hard	A	A	True	True		0.9576	0.9576	0.0027146399999999995	0.9523	86.4
retrieval-miss:16459000	retrieval-miss	none	none	True	False		0.9981	0.9981	4.4000000000000485e-06	0.9979	83.6
easy:63119004	easy	A	A	True	True		0.9945	0.9945	5.6349999999999445e-05	0.9939	86.0
hard:254114000	hard	A	A	True	True		0.9825	0.9825	0.0004991499999999986	0.9803	28.1
hard:763658004	hard	A	A	True	True		0.9907	0.9907	0.00016757999999999953	0.9895	87.7
easy:81211007	easy	A	none	False	True		0.4551	0.4006	0.5843294499999998	0.3869	28.1
hard:26745009	hard	A	A	True	True		0.9927	0.9927	0.00010373999999999961	0.9918	26.7
easy:432328008	easy	A	A	True	True		0.9991	0.9991	1.6200000000000213e-06	0.999	29.1
easy:68116008	easy	A	A	True	True		0.9942	0.9942	6.728000000000032e-05	0.9935	28.1
hard:18260003	hard	A	A	True	True		0.9983	0.9983	5.780000000000118e-06	0.9981	27.9
hard:25569003	hard	A	A	True	True		0.9966	0.9966	2.180999999999972e-05	0.9962	28.3
none-narrower:724612006	none-narrower	none	none	True	False		0.9985	0.9985	3.1799999999998374e-06	0.9983	31.2
easy:254898001	easy	A	A	True	True		0.9941	0.9941	6.845000000000019e-05	0.9934	88.1
none-narrower:126999006	none-narrower	none	none	True	False		0.9996	0.9996	2.5999999999996474e-07	0.9996	29.1
hard:75614007	hard	A	A	True	True		0.9993	0.9993	8.600000000000475e-07	0.9992	27.9
easy:74100001	easy	A	A	True	True		0.8207	0.8207	0.06426114000000001	0.7983	29.5
easy:192644005	easy	A	A	True	True		0.984	0.984	0.0005088100000000005	0.982	30.3
none-narrower:370494002	none-narrower	none	none	True	False		0.9958	0.9958	2.4499999999999843e-05	0.9953	26.9
none-narrower:94514000	none-narrower	none	none	True	False		0.9993	0.9993	6.800000000000475e-07	0.9992	29.3
easy:717789008	easy	A	A	True	True		0.9899	0.9899	0.00020202999999999996	0.9887	29.5
hard:715825009	hard	A	A	True	True		0.9959	0.9959	3.281999999999994e-05	0.9954	81.7
retrieval-miss:408642003	retrieval-miss	none	none	True	False		0.9977	0.9977	6.909999999999856e-06	0.9975	30.3
hard:30292005	hard	A	A	True	True		0.9823	0.9823	0.0006126700000000017	0.9801	28.1
easy:196102003	easy	A	A	True	True		0.9898	0.9898	0.00020604999999999972	0.9885	29.2
easy:722034006	easy	A	A	True	True		0.9705	0.9705	0.0017287499999999983	0.9668	28.2
hard:11314008	hard	A	A	True	True		0.9989	0.9989	2.209999999999978e-06	0.9988	28.3
none-narrower:831000119103	none-narrower	none	none	True	False		0.8841	0.8841	0.02636214	0.8696	26.7
hard:725141006	hard	A	A	True	True		0.9945	0.9945	5.730999999999945e-05	0.9938	28.2
retrieval-miss:238534006	retrieval-miss	none	none	True	False		0.9999	0.9999	9.999999999997797e-09	0.9999	26.5
hard:724384008	hard	A	A	True	True		0.9964	0.9964	2.592000000000034e-05	0.9959	28.7
hard:723823004	hard	A	A	True	True		0.9942	0.9942	6.613000000000032e-05	0.9935	85.3
none-narrower:721781004	none-narrower	none	none	True	False		0.9341	0.9341	0.008646209999999994	0.9259	29.0
retrieval-miss:69646003	retrieval-miss	none	none	True	False		0.9997	0.9997	9.999999999998017e-08	0.9997	82.7
retrieval-miss:431396003	retrieval-miss	none	none	True	False		0.951	0.951	0.004763010000000004	0.9449	28.9
hard:42908004	hard	A	A	True	True		0.9828	0.9828	0.0005916799999999998	0.9807	26.9
easy:74469006	easy	B	B	True	False		0.9935	0.9935	7.947999999999937e-05	0.9927	28.3
retrieval-miss:10170007	retrieval-miss	none	C	False	False		0.9769	0.0231	1.9086672199999999	0.974	30.0
hard:18756002	hard	A	A	True	True		0.9954	0.9954	3.969000000000044e-05	0.9948	30.1
none-narrower:1217382002	none-narrower	none	none	True	False		0.9925	0.9925	7.153999999999926e-05	0.9916	86.5
retrieval-miss:234062003	retrieval-miss	none	none	True	False		0.812	0.812	0.05122805999999998	0.7885	26.6
hard:765141005	hard	A	A	True	True		0.9958	0.9958	3.444999999999985e-05	0.9953	87.0
hard:715462003	hard	A	A	True	True		0.9796	0.9796	0.000832319999999999	0.977	87.0
easy:88232005	easy	A	A	True	True		0.9982	0.9982	6.480000000000085e-06	0.998	27.7
none-narrower:272006008	none-narrower	none	none	True	False		0.9985	0.9985	3.3399999999998376e-06	0.9983	27.7
easy:400179000	easy	A	A	True	True		0.9965	0.9965	2.3819999999999633e-05	0.996	28.1
easy:81854007	easy	A	A	True	True		0.9978	0.9978	8.169999999999912e-06	0.9976	27.7
retrieval-miss:237692001	retrieval-miss	none	none	True	False		0.9899	0.9899	0.00014994999999999996	0.9887	86.9
none-narrower:1145446000	none-narrower	none	none	True	False		0.9991	0.9991	1.6200000000000213e-06	0.999	27.2
easy:89723004	easy	A	A	True	True		0.9945	0.9945	6.049999999999944e-05	0.9938	26.4
hard:719825000	hard	A	A	True	True		0.9909	0.9909	0.00016380999999999994	0.9898	31.2
hard:74400008	hard	A	A	True	True		0.9948	0.9948	5.305999999999982e-05	0.9942	26.9
hard:41910004	hard	A	A	True	True		0.9902	0.9902	0.00018821000000000058	0.989	29.3
easy:253103006	easy	A	A	True	True		0.9935	0.9935	8.069999999999936e-05	0.9927	26.9
easy:92437008	easy	A	A	True	True		0.9927	0.9927	0.00010512999999999961	0.9918	29.1
easy:38371006	easy	A	A	True	True		0.9986	0.9986	3.649999999999879e-06	0.9985	27.7
easy:715770009	easy	A	A	True	True		0.9985	0.9985	4.4999999999998375e-06	0.9983	29.7
hard:196027008	hard	A	A	True	True		0.9927	0.9927	9.956999999999962e-05	0.9918	28.1
hard:719164000	hard	A	A	True	True		0.9948	0.9948	5.4079999999999814e-05	0.9942	28.8
none-narrower:403373008	none-narrower	none	H	False	False		0.8077	0.1922	1.3049201299999997	0.7837	26.3
hard:416481006	hard	A	A	True	True		0.9949	0.9949	5.002999999999993e-05	0.9943	29.2
none-narrower:94973007	none-narrower	none	none	True	False		0.9995	0.9995	3.4999999999994493e-07	0.9994	30.8
hard:237604008	hard	A	A	True	True		0.9853	0.9853	0.0004070200000000013	0.9835	87.7
hard:86341008	hard	A	A	True	True		0.9986	0.9986	3.9199999999998795e-06	0.9984	28.0
hard:171131006	hard	A	A	True	True		0.9981	0.9981	7.220000000000049e-06	0.9979	30.0
none-narrower:95255005	none-narrower	none	none	True	False		0.9996	0.9996	2.4999999999996473e-07	0.9996	28.8
none-narrower:1156852009	none-narrower	none	none	True	False		0.8103	0.8103	0.05470383999999999	0.7866	85.4
easy:56604005	easy	A	A	True	True		0.9942	0.9942	6.502000000000032e-05	0.9935	27.2
retrieval-miss:17406005	retrieval-miss	none	none	True	False		0.9995	0.9995	3.4999999999994493e-07	0.9994	28.2
retrieval-miss:720635002	retrieval-miss	none	none	True	False		0.999	0.999	1.390000000000002e-06	0.9989	30.1
hard:116381000119105	hard	A	A	True	True		0.9965	0.9965	2.1919999999999634e-05	0.9961	29.3
easy:69163003	easy	A	A	True	True		0.9926	0.9926	0.00010951999999999945	0.9916	29.2
easy:719140001	easy	A	A	True	True		0.9909	0.9909	0.00016561999999999995	0.9898	89.3
retrieval-miss:425740005	retrieval-miss	none	none	True	False		0.9998	0.9998	5.99999999999912e-08	0.9997	86.3
none-narrower:2858002	none-narrower	none	none	True	False		0.9868	0.9868	0.0003235899999999997	0.9852	26.6
none-narrower:94682004	none-narrower	none	none	True	False		0.8337	0.8337	0.05511231	0.8129	29.4
hard:403900000	hard	A	B	False	True		0.9572	0.0019	1.9140919600000004	0.9519	29.8
hard:197866008	hard	A	A	True	True		0.9993	0.9993	9.800000000000474e-07	0.9992	23.7
retrieval-miss:16814004	retrieval-miss	none	none	True	False		0.9998	0.9998	7.999999999999119e-08	0.9998	27.8
easy:111798006	easy	A	A	True	True		0.9865	0.9865	0.0003618199999999988	0.9848	27.8
hard:234451005	hard	A	A	True	True		0.9979	0.9979	8.81999999999996e-06	0.9976	29.2
easy:58718002	easy	A	A	True	True		0.9923	0.9923	0.00011706000000000062	0.9914	27.8
easy:720612000	easy	A	A	True	True		0.9973	0.9973	1.4580000000000192e-05	0.997	85.0
easy:363358000	easy	A	A	True	True		0.9587	0.9587	0.0033544200000000003	0.9536	28.8
easy:53974002	easy	A	A	True	True		0.9963	0.9963	2.738000000000027e-05	0.9958	29.3
hard:85559002	hard	B	B	True	False		0.9967	0.9967	2.11399999999998e-05	0.9963	26.8
hard:187681002	hard	A	none	False	True		0.848	0.1511	1.43973585	0.829	28.2
easy:254129003	easy	A	A	True	True		0.9871	0.9871	0.0003328200000000006	0.9854	29.6
hard:62377009	hard	A	A	True	True		0.9987	0.9987	3.3799999999999164e-06	0.9986	28.4
hard:76976005	hard	A	A	True	True		0.9953	0.9953	4.1480000000000355e-05	0.9947	26.9
hard:19138001	hard	A	A	True	True		0.9957	0.9957	2.9939999999999747e-05	0.9952	30.3
easy:18842008	easy	A	A	True	True		0.9922	0.9922	0.00010789000000000046	0.9913	27.3
retrieval-miss:10087007	retrieval-miss	none	none	True	False		0.9982	0.9982	4.0700000000000855e-06	0.998	28.4
hard:190724004	hard	A	A	True	True		0.9711	0.9711	0.0016362400000000021	0.9675	27.0
easy:404057003	easy	A	A	True	True		0.9886	0.9886	0.0002532199999999992	0.9872	87.2
easy:264443002	easy	A	A	True	True		0.9985	0.9985	4.4999999999998375e-06	0.9983	28.0
easy:363433009	easy	A	A	True	True		0.9754	0.9754	0.0011486799999999978	0.9723	30.4
hard:28670008	hard	A	A	True	True		0.9976	0.9976	1.0259999999999797e-05	0.9973	28.1
hard:92386006	hard	A	A	True	True		0.9973	0.9973	1.4580000000000192e-05	0.9969	28.1
none-narrower:472783006	none-narrower	none	H	False	False		0.6868	0.3131	0.94352585	0.6476	26.7
easy:405822008	easy	A	A	True	True		0.8531	0.8531	0.040473990000000015	0.8348	82.7
hard:59229005	hard	A	A	True	True		0.9953	0.9953	4.149000000000035e-05	0.9948	28.1
none-narrower:771177009	none-narrower	none	A	False	False		0.9973	0.0027	1.9892145799999998	0.9969	30.3
hard:19620000	hard	A	A	True	True		0.9971	0.9971	1.6250000000000077e-05	0.9968	27.2
none-narrower:441530006	none-narrower	none	none	True	False		0.9984	0.9984	4.810000000000147e-06	0.9982	26.6
hard:36989005	hard	A	A	True	True		0.8852	0.8852	0.02633514	0.8708	29.2
none-narrower:276866009	none-narrower	none	none	True	False		0.9997	0.9997	1.2999999999998017e-07	0.9996	29.7
none-narrower:403785002	none-narrower	none	none	True	False		0.9987	0.9987	3.1299999999999162e-06	0.9986	30.8
hard:721836009	hard	A	A	True	True		0.9788	0.9788	0.0008988799999999999	0.9762	89.1
none-narrower:373405005	none-narrower	none	none	True	False		0.9989	0.9989	1.939999999999978e-06	0.9988	26.3
hard:24629003	hard	A	A	True	True		0.9962	0.9962	2.8880000000000194e-05	0.9957	31.3
hard:404659001	hard	A	A	True	True		0.9921	0.9921	0.00012026000000000029	0.9911	31.3
hard:719800009	hard	A	A	True	True		0.9981	0.9981	7.220000000000049e-06	0.9979	29.6
easy:720603002	easy	A	A	True	True		0.9921	0.9921	9.727000000000028e-05	0.9911	85.7
hard:56267009	hard	A	A	True	True		0.994	0.994	7.081000000000006e-05	0.9933	29.1
none-narrower:47378001	none-narrower	none	none	True	False		0.9986	0.9986	2.509999999999879e-06	0.9985	29.1
hard:196305005	hard	A	A	True	True		0.8832	0.8832	0.02723781	0.8686	29.4
hard:290653008	hard	A	A	True	True		0.9937	0.9937	7.812999999999965e-05	0.993	85.3
retrieval-miss:21893008	retrieval-miss	none	none	True	False		0.9981	0.9981	6.510000000000048e-06	0.9978	85.8
easy:720344007	easy	A	A	True	True		0.9365	0.9365	0.005964210000000001	0.9286	89.1
easy:95210003	easy	A	A	True	True		0.9864	0.9864	0.0003330999999999985	0.9846	30.0
none-narrower:724749007	none-narrower	none	none	True	False		0.9965	0.9965	1.6109999999999634e-05	0.9961	28.2
hard:12676007	hard	A	A	True	True		0.9922	0.9922	0.00012013000000000046	0.9913	23.5
easy:89392001	easy	A	A	True	True		0.9959	0.9959	2.782999999999994e-05	0.9954	29.1
easy:37754005	easy	A	A	True	True		0.9772	0.9772	0.001039680000000002	0.9744	28.4
easy:721015008	easy	B	B	True	False		0.9895	0.9895	0.00022049999999999904	0.9881	29.6
hard:443439001	hard	A	A	True	True		0.9556	0.9556	0.00370002	0.95	87.4
hard:716683005	hard	A	A	True	True		0.9933	0.9933	8.594000000000052e-05	0.9924	86.9
none-narrower:231929005	none-narrower	none	none	True	False		0.9959	0.9959	2.344999999999994e-05	0.9954	26.6
easy:8635005	easy	A	A	True	True		0.984	0.984	0.0005088200000000005	0.9819	27.7
hard:93390002	hard	A	D	False	True		0.7593	0.0647	1.4818089900000002	0.7292	28.1
hard:371199008	hard	A	A	True	True		0.9981	0.9981	6.020000000000049e-06	0.9979	26.6
easy:239085000	easy	B	B	True	False		0.9975	0.9975	9.149999999999733e-06	0.9972	27.5
easy:69080001	easy	A	A	True	True		0.9969	0.9969	1.8619999999999947e-05	0.9965	28.1
hard:768843007	hard	A	A	True	True		0.996	0.996	3.122000000000003e-05	0.9955	86.5
easy:89420002	easy	A	A	True	True		0.9966	0.9966	1.7439999999999718e-05	0.9962	28.7
easy:763215008	easy	A	A	True	True		0.9959	0.9959	3.361999999999994e-05	0.9953	87.8
easy:717749002	easy	A	A	True	True		0.9872	0.9872	0.0003201400000000009	0.9856	29.1
easy:47709007	easy	A	A	True	True		0.9942	0.9942	6.614000000000031e-05	0.9935	31.3
hard:720984008	hard	A	A	True	True		0.9945	0.9945	6.049999999999944e-05	0.9938	84.0
none-narrower:255169005	none-narrower	none	none	True	False		0.9984	0.9984	4.820000000000147e-06	0.9982	29.0
hard:234628004	hard	A	A	True	True		0.9941	0.9941	6.84600000000002e-05	0.9934	28.2
hard:722456001	hard	A	A	True	True		0.9917	0.9917	0.00013777999999999957	0.9907	30.4
hard:24752008	hard	A	A	True	True		0.9983	0.9983	5.780000000000118e-06	0.9981	28.7
hard:733520002	hard	A	A	True	True		0.9945	0.9945	5.8379999999999444e-05	0.9938	83.1
retrieval-miss:88887003	retrieval-miss	none	none	True	False		0.9989	0.9989	1.639999999999978e-06	0.9987	27.9
easy:716091000	easy	A	A	True	True		0.9167	0.9167	0.013778360000000007	0.9063	31.1
none-narrower:271570007	none-narrower	none	none	True	False		0.9992	0.9992	8.500000000000366e-07	0.9991	26.5
hard:55735004	hard	A	A	True	True		0.9897	0.9897	0.00021016999999999954	0.9884	29.1
hard:13920009	hard	A	A	True	True		0.9876	0.9876	0.0003050499999999992	0.9861	29.1
easy:1279844009	easy	A	A	True	True		0.9935	0.9935	7.950999999999935e-05	0.9927	28.1
none-narrower:312224002	none-narrower	none	none	True	False		0.9467	0.9467	0.005639400000000001	0.9401	26.6
easy:764996009	easy	A	A	True	True		0.9975	0.9975	1.2509999999999733e-05	0.9971	81.5
none-narrower:254196004	none-narrower	none	A	False	False		0.9136	0.0858	1.67042674	0.9028	87.4
easy:703266007	easy	A	A	True	True		0.9966	0.9966	2.0659999999999717e-05	0.9961	28.7
none-narrower:773610007	none-narrower	none	A	False	False		0.9629	0.0365	1.8555089100000002	0.9583	31.3
none-narrower:447706001	none-narrower	none	none	True	False		0.9962	0.9962	2.608000000000019e-05	0.9957	30.9
hard:763528002	hard	A	A	True	True		0.9808	0.9808	0.0007006899999999998	0.9784	87.7
hard:70737009	hard	C	C	True	False		0.6876	0.6876	0.15036022000000002	0.6485	30.4
hard:25374005	hard	A	A	True	True		0.9955	0.9955	4.0499999999999534e-05	0.9949	26.5
retrieval-miss:237687003	retrieval-miss	none	none	True	False		0.9999	0.9999	9.999999999997797e-09	0.9999	31.5
retrieval-miss:703403003	retrieval-miss	none	none	True	False		0.9991	0.9991	1.1400000000000215e-06	0.999	85.9
hard:1271009	hard	A	A	True	True		0.9907	0.9907	0.0001729799999999995	0.9896	30.0
hard:85708001	hard	A	A	True	True		0.9303	0.9303	0.00968838	0.9216	28.2
none-narrower:111850006	none-narrower	none	none	True	False		0.9997	0.9997	1.3999999999998018e-07	0.9997	26.4
easy:725413002	easy	A	A	True	True		0.9961	0.9961	3.0420000000000112e-05	0.9956	29.0
hard:238047006	hard	A	A	True	True		0.9982	0.9982	6.130000000000085e-06	0.998	29.3
easy:230655004	easy	A	A	True	True		0.9438	0.9438	0.006316880000000004	0.9367	28.6
easy:25476006	easy	A	A	True	True		0.9987	0.9987	3.1299999999999162e-06	0.9986	29.6
hard:719209002	hard	A	A	True	True		0.9976	0.9976	1.1519999999999797e-05	0.9973	83.1
hard:443520009	hard	A	A	True	True		0.9949	0.9949	4.1389999999999934e-05	0.9943	27.2
none-narrower:1259592000	none-narrower	none	none	True	False		0.5377	0.5377	0.42367615000000003	0.4799	30.3
none-narrower:373422007	none-narrower	none	none	True	False		0.9975	0.9975	7.779999999999734e-06	0.9972	27.8
easy:721835008	easy	A	A	True	True		0.9839	0.9839	0.0005057900000000001	0.9819	29.2
hard:31097004	hard	D	D	True	False		0.9885	0.9885	0.00026220999999999894	0.9871	30.4
easy:60136008	easy	A	A	True	True		0.9967	0.9967	2.1779999999999798e-05	0.9963	26.0
easy:721075001	easy	A	A	True	True		0.9911	0.9911	0.00015842000000000032	0.99	29.3
easy:28783002	easy	G	G	True	False		0.9858	0.9858	0.0004004599999999997	0.984	27.8
retrieval-miss:1648002	retrieval-miss	none	none	True	False		0.9996	0.9996	2.0999999999996474e-07	0.9996	30.6
hard:719650004	hard	A	A	True	True		0.9961	0.9961	2.3720000000000115e-05	0.9957	31.5
easy:297237003	easy	A	none	False	True		0.9375	0.0542	1.7734750099999999	0.9296	31.2
retrieval-miss:4945003	retrieval-miss	none	none	True	False		0.9978	0.9978	6.2299999999999116e-06	0.9975	89.4
retrieval-miss:34042008	retrieval-miss	none	none	True	False		0.9961	0.9961	2.7480000000000116e-05	0.9956	30.3
easy:126792007	easy	A	A	True	True		0.9496	0.9496	0.005060220000000001	0.9433	28.3
easy:722059002	easy	A	A	True	True		0.9958	0.9958	3.445999999999985e-05	0.9953	85.2
easy:109995007	easy	A	A	True	True		0.9847	0.9847	0.0004651399999999994	0.9828	87.1
easy:48500005	easy	A	A	True	True		0.9956	0.9956	3.871999999999964e-05	0.995	27.7
none-narrower:49481000	none-narrower	none	none	True	False		0.9997	0.9997	1.2999999999998017e-07	0.9997	86.0
none-narrower:191820008	none-narrower	none	none	True	False		0.9944	0.9944	5.3760000000000556e-05	0.9938	23.2
hard:43878008	hard	A	A	True	True		0.9959	0.9959	3.280999999999994e-05	0.9954	28.1
easy:45781009	easy	E	E	True	False		0.9032	0.9032	0.018663239999999998	0.8911	29.4
easy:722690001	easy	A	A	True	True		0.986	0.986	0.00037850000000000036	0.9842	29.5
none-narrower:1259443009	none-narrower	none	none	True	False		0.6821	0.6821	0.19849400999999997	0.6423	85.2
hard:41799005	hard	A	A	True	True		0.9958	0.9958	3.527999999999984e-05	0.9952	28.0
hard:38804009	hard	A	A	True	True		0.9989	0.9989	2.4199999999999777e-06	0.9988	29.5
easy:276954004	easy	A	A	True	True		0.9915	0.9915	0.00013791999999999917	0.9904	29.6
retrieval-miss:719848005	retrieval-miss	none	none	True	False		0.7333	0.7333	0.14103755000000007	0.6999	23.7
easy:24790002	easy	A	A	True	True		0.9969	0.9969	1.860999999999995e-05	0.9965	81.6
easy:717008005	easy	A	A	True	True		0.9921	0.9921	0.00012325000000000029	0.9912	82.3
none-narrower:4702003	none-narrower	none	none	True	False		0.9843	0.9843	0.0004286800000000015	0.9823	26.7
none-narrower:262933008	none-narrower	none	none	True	False		0.9976	0.9976	8.829999999999797e-06	0.9973	29.1
retrieval-miss:61750000	retrieval-miss	none	none	True	False		0.9997	0.9997	1.3999999999998018e-07	0.9997	28.1
hard:81577001	hard	A	A	True	True		0.9818	0.9818	0.0006552499999999998	0.9795	29.1
hard:44730006	hard	A	A	True	True		0.9931	0.9931	9.522000000000024e-05	0.9922	30.3
none-narrower:722664004	none-narrower	none	none	True	False		0.9996	0.9996	2.0999999999996474e-07	0.9995	28.2
hard:715907003	hard	A	A	True	True		0.9969	0.9969	1.860999999999995e-05	0.9966	31.1
hard:51523009	hard	A	A	True	True		0.9944	0.9944	6.272000000000055e-05	0.9937	29.7
retrieval-miss:445448008	retrieval-miss	none	none	True	False		0.9987	0.9987	2.3599999999999164e-06	0.9985	84.6
retrieval-miss:37610005	retrieval-miss	none	none	True	False		0.9999	0.9999	1.9999999999997797e-08	0.9999	24.3
hard:718602007	hard	A	A	True	True		0.9949	0.9949	5.201999999999994e-05	0.9942	30.0
hard:49428008	hard	A	A	True	True		0.9803	0.9803	0.000772260000000002	0.9778	30.6
hard:42265009	hard	A	A	True	True		0.9949	0.9949	4.909999999999993e-05	0.9942	26.7
hard:33064008	hard	A	A	True	True		0.9978	0.9978	9.67999999999991e-06	0.9975	29.8
easy:42386007	easy	A	A	True	True		0.9509	0.9509	0.004811820000000003	0.9447	85.4
easy:254812004	easy	A	A	True	True		0.9424	0.9424	0.0065669399999999985	0.9352	26.6
easy:722439009	easy	A	A	True	True		0.9977	0.9977	1.0579999999999856e-05	0.9974	89.3
easy:44018007	easy	B	none	False	False		0.9959	0.0036	1.98462988	0.9953	26.7
retrieval-miss:279611005	retrieval-miss	none	none	True	False		0.999	0.999	1.3400000000000018e-06	0.9989	30.7
hard:80813006	hard	A	A	True	True		0.9986	0.9986	3.9199999999998795e-06	0.9984	29.0
easy:715776003	easy	A	A	True	True		0.9818	0.9818	0.0006552499999999998	0.9796	86.2
none-narrower:59136001	none-narrower	none	none	True	False		0.9993	0.9993	7.600000000000476e-07	0.9992	27.7
easy:402700001	easy	A	A	True	True		0.9839	0.9839	0.0005152100000000001	0.9819	26.8
easy:17608003	easy	A	A	True	True		0.993	0.993	9.800000000000009e-05	0.9921	30.6
none-narrower:1255194004	none-narrower	none	none	True	False		0.9951	0.9951	3.256000000000015e-05	0.9945	31.5
none-narrower:818967003	none-narrower	none	A	False	False		0.6106	0.3887	0.74652024	0.5619	29.5
hard:240849009	hard	A	A	True	True		0.9952	0.9952	4.608000000000025e-05	0.9946	84.4
hard:389145006	hard	A	A	True	True		0.9949	0.9949	5.201999999999994e-05	0.9942	26.2
hard:35600002	hard	A	A	True	True		0.9968	0.9968	2.047999999999988e-05	0.9964	29.3
hard:197270009	hard	A	A	True	True		0.9982	0.9982	6.480000000000085e-06	0.998	26.8
easy:85898001	easy	A	A	True	True		0.9967	0.9967	2.11399999999998e-05	0.9963	28.3
easy:764512003	easy	A	A	True	True		0.9926	0.9926	9.749999999999944e-05	0.9917	242.4
none-narrower:403369005	none-narrower	none	none	True	False		0.9995	0.9995	3.1999999999994495e-07	0.9994	28.0
hard:124596009	hard	A	A	True	True		0.9948	0.9948	5.4079999999999814e-05	0.9941	29.1
hard:75315001	hard	A	A	True	True		0.9983	0.9983	5.780000000000118e-06	0.9981	28.1
hard:18735004	hard	A	A	True	True		0.9986	0.9986	3.9199999999998795e-06	0.9984	26.7
hard:237941007	hard	A	A	True	True		0.9963	0.9963	2.666000000000027e-05	0.9959	84.1
easy:70647001	easy	A	A	True	True		0.9954	0.9954	4.142000000000044e-05	0.9948	30.3
easy:35091000119101	easy	A	A	True	True		0.9971	0.9971	1.6250000000000077e-05	0.9968	31.4
none-narrower:10184002	none-narrower	none	none	True	False		0.9993	0.9993	6.300000000000475e-07	0.9992	26.6
hard:35520007	hard	A	A	True	True		0.9927	0.9927	0.0001065799999999996	0.9918	28.3
hard:18805001	hard	C	C	True	False		0.5565	0.5565	0.38751227000000005	0.501	28.3
hard:126583006	hard	A	A	True	True		0.9952	0.9952	4.5130000000000254e-05	0.9946	29.5
easy:715736008	easy	A	A	True	True		0.9941	0.9941	6.962000000000019e-05	0.9933	83.6
hard:359007	hard	A	A	True	True		0.9946	0.9946	5.725999999999957e-05	0.9939	29.2
none-narrower:95005005	none-narrower	none	none	True	False		0.9994	0.9994	5.30000000000054e-07	0.9993	29.1
none-narrower:15966341000119102	none-narrower	none	none	True	False		0.9979	0.9979	8.41999999999996e-06	0.9976	27.8
easy:233667003	easy	C	none	False	False		0.9996	0.0003	1.9986002600000004	0.9996	26.6
easy:724275005	easy	A	A	True	True		0.9516	0.9516	0.00465623	0.9455	87.7
easy:723453002	easy	A	A	True	True		0.9959	0.9959	3.361999999999994e-05	0.9954	87.1
easy:190293001	easy	A	A	True	True		0.9976	0.9976	1.0259999999999797e-05	0.9973	28.7
none-narrower:94080006	none-narrower	none	none	True	False		0.7024	0.7024	0.17060041999999997	0.6652	28.8
easy:449824004	easy	A	A	True	True		0.9969	0.9969	1.7539999999999947e-05	0.9965	28.0
none-narrower:1263522001	none-narrower	none	none	True	False		0.9998	0.9998	4.999999999999118e-08	0.9998	29.2
hard:720458005	hard	A	A	True	True		0.997	0.997	1.6010000000000014e-05	0.9966	85.5
hard:62067003	hard	A	A	True	True		0.9978	0.9978	8.499999999999912e-06	0.9976	30.5
none-narrower:66944004	none-narrower	none	none	True	False		0.9988	0.9988	1.9799999999999493e-06	0.9987	28.2
easy:90623003	easy	A	A	True	True		0.9932	0.9932	9.248000000000039e-05	0.9924	28.9
easy:49130001	easy	A	A	True	True		0.9983	0.9983	5.780000000000118e-06	0.9981	26.3
easy:230321007	easy	A	A	True	True		0.9948	0.9948	4.0089999999999814e-05	0.9942	28.1
easy:36971009	easy	A	A	True	True		0.9967	0.9967	2.1779999999999798e-05	0.9963	23.5
none-narrower:300457003	none-narrower	none	none	True	False		0.999	0.999	1.4200000000000019e-06	0.9988	26.5
hard:87343002	hard	A	A	True	True		0.9956	0.9956	3.7849999999999646e-05	0.9951	86.1
hard:415105001	hard	A	A	True	True		0.998	0.998	8.000000000000008e-06	0.9978	28.7
hard:254582000	hard	A	A	True	True		0.9916	0.9916	0.0001261299999999994	0.9905	82.8
easy:192004002	easy	A	A	True	True		0.9876	0.9876	0.0003050499999999992	0.9861	26.1
easy:446989009	easy	A	A	True	True		0.9961	0.9961	3.0420000000000112e-05	0.9956	30.5
none-narrower:204985001	none-narrower	none	none	True	False		0.9224	0.9224	0.011920189999999999	0.9126	26.9
easy:402723003	easy	A	A	True	True		0.994	0.994	7.200000000000007e-05	0.9932	30.0
none-narrower:265569002	none-narrower	none	none	True	False		0.9871	0.9871	0.00023538000000000058	0.9855	29.5
easy:65194006	easy	A	A	True	True		0.9969	0.9969	1.655999999999995e-05	0.9965	28.7
easy:255084004	easy	A	A	True	True		0.8514	0.8514	0.03718505999999999	0.8328	29.5
none-narrower:276873004	none-narrower	none	B	False	False		0.9939	0.006	1.97587321	0.9932	31.5
hard:92059004	hard	A	A	True	True		0.9912	0.9912	0.00015141000000000053	0.9901	28.7
hard:237083000	hard	A	A	True	True		0.9942	0.9942	6.0140000000000315e-05	0.9934	28.1
none-narrower:54116000	none-narrower	none	none	True	False		0.9987	0.9987	2.9199999999999166e-06	0.9985	29.3
retrieval-miss:105706003	retrieval-miss	none	none	True	False		0.999	0.999	1.8100000000000017e-06	0.9989	28.3
easy:695751021000132104	easy	A	A	True	True		0.9978	0.9978	9.24999999999991e-06	0.9976	28.9
easy:28244003	easy	A	A	True	True		0.9965	0.9965	2.4499999999999633e-05	0.9961	26.5
hard:121951000119101	hard	A	A	True	True		0.9957	0.9957	3.317999999999975e-05	0.9951	27.6
none-narrower:771013004	none-narrower	none	A	False	False		0.9946	0.0054	1.97845832	0.9939	85.4
none-narrower:387681000	none-narrower	none	none	True	False		0.9998	0.9998	7.999999999999119e-08	0.9997	28.0
easy:277617004	easy	A	A	True	True		0.9909	0.9909	0.00014131999999999995	0.9897	30.3
hard:722378009	hard	A	A	True	True		0.9895	0.9895	0.000218419999999999	0.9882	32.1
hard:61253004	hard	A	A	True	True		0.9845	0.9845	0.0004804999999999987	0.9825	27.0
retrieval-miss:238694002	retrieval-miss	none	A	False	False		0.9973	0.0027	1.9892145799999998	0.9969	30.7
easy:200722003	easy	A	A	True	True		0.9982	0.9982	6.480000000000085e-06	0.998	27.0
hard:231931001	hard	A	A	True	True		0.9978	0.9978	8.859999999999912e-06	0.9975	29.5
none-narrower:402126004	none-narrower	none	none	True	False		0.9616	0.9616	0.002490389999999999	0.9568	29.4
none-narrower:359711001	none-narrower	none	A	False	False		0.9776	0.0216	1.9129688100000002	0.9748	82.3
easy:194119004	easy	C	C	True	False		0.959	0.959	0.0033456800000000032	0.9539	26.4
hard:41659003	hard	C	C	True	False		0.8078	0.8078	0.07372817000000001	0.7838	30.0
hard:14921002	hard	D	none	False	False		0.9599	0.0085	1.90500817	0.9549	30.6
retrieval-miss:69488000	retrieval-miss	none	none	True	False		0.9977	0.9977	6.789999999999856e-06	0.9974	27.9
none-narrower:385006	none-narrower	none	none	True	False		0.9986	0.9986	2.629999999999879e-06	0.9984	26.3
none-narrower:186861006	none-narrower	none	none	True	False		0.9997	0.9997	1.7999999999998017e-07	0.9996	28.2
easy:403889000	easy	A	A	True	True		0.9953	0.9953	4.418000000000035e-05	0.9947	30.7
retrieval-miss:78305006	retrieval-miss	none	none	True	False		0.9995	0.9995	2.899999999999449e-07	0.9995	30.8
easy:77098009	easy	A	A	True	True		0.9966	0.9966	2.1189999999999717e-05	0.9961	30.4
hard:12546009	hard	B	B	True	False		0.8019	0.8019	0.06592611000000002	0.7771	30.3
none-narrower:1177005009	none-narrower	none	none	True	False		0.9977	0.9977	6.4899999999998565e-06	0.9974	26.7
easy:37925008	easy	A	A	True	True		0.9909	0.9909	0.00015686999999999993	0.9898	27.6
easy:36517007	easy	A	A	True	True		0.9885	0.9885	0.00026220999999999894	0.987	28.2
easy:34742003	easy	A	A	True	True		0.9978	0.9978	8.84999999999991e-06	0.9976	23.4
easy:763833006	easy	A	A	True	True		0.9796	0.9796	0.0007851799999999988	0.977	82.8
hard:613003	hard	A	A	True	True		0.9983	0.9983	5.790000000000118e-06	0.998	27.1
hard:716108004	hard	A	A	True	True		0.9882	0.9882	0.00027613000000000073	0.9868	85.0
easy:92272009	easy	A	A	True	True		0.9965	0.9965	2.1909999999999633e-05	0.9961	30.4
easy:238612002	easy	A	A	True	True		0.9758	0.9758	0.00112903	0.9728	30.8
hard:15033003	hard	A	A	True	True		0.9987	0.9987	3.3799999999999164e-06	0.9985	26.6
easy:718174008	easy	A	A	True	True		0.985	0.985	0.0003522700000000004	0.9831	29.3
hard:193093009	hard	A	A	True	True		0.9982	0.9982	6.480000000000085e-06	0.998	28.2
easy:92298003	easy	A	A	True	True		0.9941	0.9941	6.962000000000019e-05	0.9933	29.4
easy:447781009	easy	A	A	True	True		0.8996	0.8996	0.015257660000000008	0.887	30.7
easy:267592003	easy	B	B	True	False		0.657	0.657	0.23366185999999997	0.6141	30.9
easy:763070001	easy	A	A	True	True		0.9939	0.9939	6.551999999999993e-05	0.9931	85.8
hard:715482004	hard	A	A	True	True		0.9892	0.9892	0.0002332800000000007	0.9879	30.0
hard:39479004	hard	A	A	True	True		0.9984	0.9984	5.120000000000147e-06	0.9982	30.3
retrieval-miss:277475006	retrieval-miss	none	none	True	False		0.9996	0.9996	1.8999999999996475e-07	0.9995	30.4
hard:719404009	hard	A	A	True	True		0.998	0.998	8.000000000000008e-06	0.9977	28.2
easy:255039001	easy	A	A	True	True		0.9984	0.9984	5.120000000000147e-06	0.9982	30.3
none-narrower:712527004	none-narrower	none	none	True	False		0.9786	0.9786	0.0008248599999999989	0.9759	28.2
hard:763211004	hard	A	A	True	True		0.9959	0.9959	3.361999999999994e-05	0.9953	91.1
hard:76880004	hard	A	A	True	True		0.9976	0.9976	1.1529999999999796e-05	0.9973	26.6
easy:92109005	easy	A	A	True	True		0.9939	0.9939	7.321999999999993e-05	0.9932	28.1
easy:21794005	easy	A	A	True	True		0.9987	0.9987	3.3799999999999164e-06	0.9985	28.1
easy:720976009	easy	A	A	True	True		0.9766	0.9766	0.0010812599999999988	0.9736	83.8
easy:274902006	easy	A	A	True	True		0.9895	0.9895	0.00022049999999999904	0.9881	83.3
hard:230672006	hard	A	A	True	True		0.9957	0.9957	3.5309999999999755e-05	0.9952	31.1
easy:94292003	easy	A	A	True	True		0.9687	0.9687	0.0019593799999999997	0.9648	29.4
hard:254609000	hard	A	A	True	True		0.9778	0.9778	0.00071726	0.975	29.2
easy:716653001	easy	A	A	True	True		0.9983	0.9983	4.890000000000118e-06	0.9981	30.5
hard:231479000	hard	A	A	True	True		0.9857	0.9857	0.0003601899999999994	0.9839	21.8
easy:363465007	easy	A	A	True	True		0.8544	0.8544	0.04219565999999998	0.8362	26.7
none-narrower:92609009	none-narrower	none	none	True	False		0.9932	0.9932	6.493000000000038e-05	0.9924	26.4
hard:92412003	hard	A	A	True	True		0.9939	0.9939	7.202999999999993e-05	0.9932	29.1
easy:277950001	easy	A	A	True	True		0.9946	0.9946	4.966999999999957e-05	0.994	30.1
retrieval-miss:444755001	retrieval-miss	none	none	True	False		0.9993	0.9993	6.700000000000476e-07	0.9993	26.5
hard:126677000	hard	A	A	True	True		0.9947	0.9947	5.6179999999999696e-05	0.994	29.1
hard:398680004	hard	B	A	False	False		0.9895	0.0005	1.9781954300000002	0.9882	85.0
retrieval-miss:129565002	retrieval-miss	none	A	False	False		0.4108	0.2556	0.8336440999999999	0.3371	26.2
easy:266257000	easy	B	B	True	False		0.9877	0.9877	0.00030012999999999947	0.9862	28.8
easy:276975007	easy	A	A	True	True		0.9953	0.9953	4.074000000000035e-05	0.9947	88.5
easy:715984007	easy	A	A	True	True		0.9953	0.9953	4.418000000000035e-05	0.9947	87.1
easy:1963002	easy	A	A	True	True		0.9929	0.9929	8.573999999999992e-05	0.992	30.0
hard:363451005	hard	A	A	True	True		0.9847	0.9847	0.0004395799999999994	0.9828	28.0
hard:718679004	hard	A	A	True	True		0.9976	0.9976	1.1519999999999797e-05	0.9973	28.4
none-narrower:1351328007	none-narrower	none	A	False	False		0.9176	0.0818	1.68508118	0.9072	29.1
easy:609565001	easy	A	A	True	True		0.9841	0.9841	0.00040494000000000077	0.9822	28.4
easy:713577007	easy	A	A	True	True		0.9986	0.9986	3.9199999999998795e-06	0.9984	30.9
hard:402524007	hard	A	A	True	True		0.7626	0.7626	0.11252782000000003	0.7329	28.5
hard:403986008	hard	A	A	True	True		0.996	0.996	2.792000000000003e-05	0.9955	28.4
hard:126824007	hard	A	A	True	True		0.9959	0.9959	3.128999999999994e-05	0.9954	28.4
hard:702368000	hard	A	A	True	True		0.9678	0.9678	0.0020545000000000003	0.9638	30.8
hard:61663001	hard	A	A	True	True		0.9892	0.9892	0.0002062500000000007	0.9879	30.3
easy:26597004	easy	A	A	True	True		0.9984	0.9984	5.120000000000147e-06	0.9982	24.7
hard:763531001	hard	A	A	True	True		0.9958	0.9958	3.527999999999984e-05	0.9953	30.1
none-narrower:403552007	none-narrower	none	none	True	False		0.9993	0.9993	6.700000000000476e-07	0.9993	29.5
easy:195021004	easy	A	none	False	True		0.9719	0.0204	1.90421609	0.9684	29.5
easy:32117000	easy	A	A	True	True		0.9828	0.9828	0.0005500899999999998	0.9807	86.5
easy:717224002	easy	A	A	True	True		0.993	0.993	9.661000000000009e-05	0.9921	84.0
hard:419503008	hard	A	A	True	True		0.9979	0.9979	7.68999999999996e-06	0.9977	28.9
easy:766982000	easy	A	A	True	True		0.9737	0.9737	0.0013676999999999995	0.9704	90.1
hard:235796008	hard	A	A	True	True		0.9988	0.9988	2.879999999999949e-06	0.9987	27.6
none-narrower:84097002	none-narrower	none	none	True	False		0.9994	0.9994	7.200000000000539e-07	0.9993	28.2
easy:11442006	easy	A	none	False	True		0.9853	0.0053	1.96026501	0.9834	31.6
hard:197260007	hard	C	C	True	False		0.9948	0.9948	5.0179999999999814e-05	0.9941	28.6
easy:765747004	easy	A	A	True	True		0.9691	0.9691	0.0013738000000000025	0.9653	86.6
easy:700057001	easy	A	A	True	True		0.9927	0.9927	0.0001065799999999996	0.9918	85.4
none-narrower:1087891000119107	none-narrower	none	none	True	False		0.9996	0.9996	3.1999999999996475e-07	0.9995	28.0
hard:25044007	hard	A	A	True	True		0.9881	0.9881	0.0002695500000000005	0.9866	27.5
easy:416510003	easy	A	A	True	True		0.7265	0.7265	0.14628639999999998	0.6923	28.2
retrieval-miss:105668007	retrieval-miss	none	none	True	False		0.9991	0.9991	1.3100000000000213e-06	0.999	28.1
easy:274944000	easy	A	A	True	True		0.9911	0.9911	0.00015842000000000032	0.99	86.3
none-narrower:84753008	none-narrower	none	none	True	False		0.9983	0.9983	4.000000000000118e-06	0.9981	26.7
none-narrower:1208841001	none-narrower	none	none	True	False		0.9988	0.9988	1.7599999999999493e-06	0.9986	26.6
hard:19092004	hard	A	A	True	True		0.9979	0.9979	8.81999999999996e-06	0.9977	83.3
easy:22240003	easy	A	A	True	True		0.9919	0.9919	0.00012960999999999995	0.9909	81.8
easy:429040005	easy	B	B	True	False		0.9938	0.9938	7.687999999999979e-05	0.993	26.2
hard:424114000	hard	A	A	True	True		0.998	0.998	8.000000000000008e-06	0.9978	30.4
retrieval-miss:15566009	retrieval-miss	none	none	True	False		0.9994	0.9994	5.10000000000054e-07	0.9993	29.3
retrieval-miss:65038009	retrieval-miss	none	none	True	False		0.9992	0.9992	8.200000000000366e-07	0.9991	23.5
hard:85039006	hard	A	A	True	True		0.9916	0.9916	0.00013471999999999936	0.9905	27.5
easy:763748007	easy	A	A	True	True		0.9967	0.9967	2.1779999999999798e-05	0.9962	30.6
retrieval-miss:39288006	retrieval-miss	none	none	True	False		0.9394	0.9394	0.005883959999999999	0.9318	28.3
none-narrower:1263575002	none-narrower	none	none	True	False		0.9989	0.9989	1.8099999999999778e-06	0.9987	26.5
hard:18899000	hard	A	A	True	True		0.9906	0.9906	0.00017485999999999928	0.9894	30.3
none-narrower:1299151005	none-narrower	none	A	False	False		0.9941	0.0059	1.97646962	0.9933	30.8
easy:397923000	easy	A	A	True	True		0.9897	0.9897	0.00021218999999999953	0.9884	28.1
hard:126859007	hard	A	A	True	True		0.9956	0.9956	3.871999999999964e-05	0.995	29.7
easy:8808004	easy	A	A	True	True		0.9969	0.9969	1.9219999999999948e-05	0.9965	86.5
none-narrower:403856000	none-narrower	none	none	True	False		0.9995	0.9995	3.799999999999449e-07	0.9994	28.1
easy:724171006	easy	A	A	True	True		0.9964	0.9964	2.592000000000034e-05	0.9959	28.1
hard:50390006	hard	A	A	True	True		0.9926	0.9926	0.00010951999999999945	0.9917	26.6
easy:70410008	easy	A	A	True	True		0.9987	0.9987	3.1299999999999162e-06	0.9986	31.1
easy:8634009	easy	A	A	True	True		0.8311	0.8311	0.05685229000000002	0.81	29.6
hard:237770005	hard	A	A	True	True		0.9891	0.9891	0.00019226000000000044	0.9877	88.3
hard:79830009	hard	A	A	True	True		0.9966	0.9966	2.244999999999972e-05	0.9962	26.6
none-narrower:783182004	none-narrower	none	A	False	False		0.8588	0.1376	1.48127913	0.8411	29.5
easy:51239001	easy	A	A	True	True		0.9978	0.9978	9.67999999999991e-06	0.9975	28.2
none-narrower:236711008	none-narrower	none	none	True	False		0.9981	0.9981	5.120000000000048e-06	0.9978	26.5
hard:58349009	hard	A	A	True	True		0.9833	0.9833	0.0005544500000000017	0.9812	30.4
easy:68241007	easy	B	B	True	False		0.9789	0.9789	0.0008904200000000003	0.9763	28.3
easy:767713001	easy	A	A	True	True		0.9939	0.9939	5.574999999999993e-05	0.9931	26.5
hard:404078000	hard	A	A	True	True		0.9968	0.9968	1.8689999999999877e-05	0.9964	29.1
hard:770406002	hard	A	A	True	True		0.9936	0.9936	6.970999999999951e-05	0.9929	84.9
none-narrower:237819006	none-narrower	none	none	True	False		0.9882	0.9882	0.0002648500000000007	0.9868	30.4
none-narrower:77746001	none-narrower	none	none	True	False		0.9992	0.9992	1.0200000000000366e-06	0.9991	88.4
hard:80690008	hard	B	B	True	False		0.976	0.976	0.0011424600000000012	0.973	29.2
none-narrower:10701000087104	none-narrower	none	none	True	False		0.9998	0.9998	4.999999999999118e-08	0.9998	27.4
