item_id	tier	truth	pred	hit	lex_hit	ambiguous	p_top	p_truth	brier	confidence	latency_ms
hard:253006001	hard	A	A	True	True		0.878	0.878	0.01819949	0.8628	3775.2
hard:363477002	hard	B	B	True	False		0.918	0.918	0.008756769999999994	0.9077	3521.8
hard:445187004	hard	A	A	True	True		0.954	0.954	0.0025992600000000034	0.9483	3214.8
easy:274947007	easy	A	A	True	True		0.9552	0.9552	0.0025013799999999958	0.9496	3682.0
hard:268262006	hard	A	A	True	True		0.9212	0.9212	0.0074989399999999965	0.9114	3587.3
none-narrower:308123002	none-narrower	none	none	True	False		0.5977	0.5977	0.23779154	0.5475	2726.9
easy:415238003	easy	A	A	True	True		0.8862	0.8862	0.016126190000000002	0.8719	3151.6
easy:70272006	easy	A	A	True	True		0.8985	0.8985	0.01293669000000001	0.8858	2405.0
easy:422437002	easy	A	A	True	True		0.9584	0.9584	0.0021102699999999974	0.9532	3826.4
easy:722117000	easy	A	A	True	True		0.9522	0.9522	0.0027645399999999955	0.9462	3781.9
hard:254146000	hard	C	A	False	False		0.8918	0.0317	1.7359808200000002	0.8783	3529.9
easy:397868007	easy	A	A	True	True		0.897	0.897	0.016695379999999996	0.8841	4115.5
easy:238735005	easy	A	A	True	True		0.8933	0.8933	0.014029410000000004	0.88	3200.6
easy:722294004	easy	A	A	True	True		0.9438	0.9438	0.0037867700000000027	0.9368	5102.1
easy:303852004	easy	A	A	True	True		0.9761	0.9761	0.0007023500000000016	0.9731	3538.8
easy:154283005	easy	A	A	True	True		0.9278	0.9278	0.006515810000000006	0.9188	2798.1
none-narrower:1259580000	none-narrower	none	A	False	False		0.7052	0.2134	1.1174036100000002	0.6683	3542.2
none-narrower:53933002	none-narrower	none	none	True	False		0.4083	0.4083	0.4578753	0.3343	3045.7
hard:237613005	hard	A	A	True	True		0.9537	0.9537	0.002738940000000001	0.9479	3710.8
retrieval-miss:26715006	retrieval-miss	none	none	True	False		0.7905	0.7905	0.06145434000000001	0.7644	2823.0
easy:717772000	easy	A	A	True	True		0.9581	0.9581	0.0022493200000000043	0.9528	3896.5
hard:232016005	hard	A	A	True	True		0.9723	0.9723	0.000977799999999997	0.9688	3209.1
none-narrower:1268955002	none-narrower	none	A	False	False		0.8067	0.1074	1.44937657	0.7825	3218.0
hard:448227009	hard	A	A	True	True		0.6819	0.6819	0.13336777	0.6422	3707.6
hard:698851003	hard	D	D	True	False		0.7381	0.7381	0.10666415000000001	0.7054	4335.2
hard:703388005	hard	A	A	True	True		0.957	0.957	0.002237940000000003	0.9516	3661.6
easy:720401009	easy	A	A	True	True		0.94	0.94	0.004323760000000006	0.9325	4073.5
easy:15228007	easy	A	A	True	True		0.9776	0.9776	0.0007317899999999989	0.9748	3634.2
easy:297232009	easy	A	A	True	True		0.9591	0.9591	0.0021359200000000043	0.9539	4181.0
easy:230782004	easy	A	A	True	True		0.8236	0.8236	0.039778770000000005	0.8016	4470.6
easy:92439006	easy	A	A	True	True		0.9265	0.9265	0.0072788700000000015	0.9173	3352.0
easy:193839007	easy	A	A	True	True		0.895	0.895	0.014729429999999998	0.8819	4116.8
easy:197601003	easy	A	A	True	True		0.9345	0.9345	0.0051183700000000006	0.9263	3310.1
none-narrower:203245006	none-narrower	none	none	True	False		0.4881	0.4881	0.32301839000000004	0.4242	3545.8
easy:764854006	easy	A	A	True	True		0.9755	0.9755	0.0007955899999999984	0.9724	3321.9
none-narrower:1142265002	none-narrower	none	none	True	False		0.6778	0.6778	0.13934754000000002	0.6375	2946.2
easy:717360009	easy	A	A	True	True		0.9493	0.9493	0.0030864799999999974	0.9429	3599.3
hard:190808009	hard	A	A	True	True		0.9263	0.9263	0.006615489999999998	0.9171	3885.1
none-narrower:1177030007	none-narrower	none	A	False	False		0.5558	0.2674	0.8676235699999998	0.5003	3220.4
retrieval-miss:82639001	retrieval-miss	none	A	False	False		0.9374	0.0317	1.8168670800000002	0.9295	3616.3
hard:86489003	hard	A	A	True	True		0.9485	0.9485	0.003617859999999999	0.942	3477.0
hard:448045004	hard	A	A	True	True		0.9637	0.9637	0.00162752	0.9592	3349.4
hard:719017003	hard	A	A	True	True		0.9496	0.9496	0.0032040000000000003	0.9433	3667.8
easy:722201004	easy	A	A	True	True		0.9601	0.9601	0.0020898100000000036	0.9551	3796.7
easy:78267003	easy	A	A	True	True		0.8208	0.8208	0.04354812000000001	0.7984	2785.4
easy:119422004	easy	A	A	True	True		0.8341	0.8341	0.03495622000000002	0.8133	3346.6
easy:297238008	easy	A	A	True	True		0.9147	0.9147	0.009473670000000009	0.9041	4047.2
none-narrower:1162315003	none-narrower	none	none	True	False		0.4595	0.4595	0.384383	0.392	3226.6
easy:439732004	easy	A	A	True	True		0.8312	0.8312	0.03503378999999998	0.8101	3441.8
hard:275437005	hard	B	B	True	False		0.7921	0.7921	0.05706380999999999	0.7661	2995.9
none-narrower:280967004	none-narrower	none	none	True	False		0.6824	0.6824	0.15852961	0.6427	3134.7
easy:89141000	easy	A	A	True	True		0.9419	0.9419	0.0042690100000000045	0.9346	3530.8
none-narrower:26681001	none-narrower	none	E	False	False		0.4528	0.394	0.5785379500000001	0.3844	4154.1
retrieval-miss:265377002	retrieval-miss	none	none	True	False		0.4482	0.4482	0.3531568300000001	0.3792	3962.4
easy:82275008	easy	A	A	True	True		0.9626	0.9626	0.001720929999999999	0.9579	4490.2
hard:46683007	hard	A	A	True	True		0.9516	0.9516	0.0031106799999999998	0.9455	5033.0
none-narrower:323321000119100	none-narrower	none	none	True	False		0.5087	0.5087	0.35694254999999997	0.4473	3536.0
none-narrower:190979003	none-narrower	none	A	False	False		0.9368	0.0218	1.83490867	0.9289	4075.9
easy:738527001	easy	D	D	True	False		0.971	0.971	0.0011090600000000016	0.9673	6520.1
easy:724095006	easy	A	A	True	True		0.9457	0.9457	0.004067050000000002	0.9389	4170.1
easy:719009006	easy	A	A	True	True		0.9447	0.9447	0.003950300000000002	0.9377	4296.5
none-narrower:71799002	none-narrower	none	none	True	False		0.7297	0.7297	0.09310613	0.696	4104.9
none-narrower:17960009	none-narrower	none	A	False	False		0.6364	0.2678	0.94665976	0.5909	4245.7
easy:448709005	easy	A	A	True	True		0.8999	0.8999	0.013096369999999994	0.8874	4176.2
easy:2593002	easy	A	A	True	True		0.9816	0.9816	0.000468899999999999	0.9794	3869.0
none-narrower:197342009	none-narrower	none	A	False	False		0.6767	0.1504	1.19428556	0.6363	3535.8
hard:725464001	hard	A	A	True	True		0.9514	0.9514	0.0029649199999999976	0.9453	5324.8
easy:63302006	easy	A	A	True	True		0.9531	0.9531	0.002860160000000005	0.9472	3639.4
hard:52868006	hard	A	A	True	True		0.9484	0.9484	0.0033812099999999978	0.942	4071.5
easy:448668007	easy	A	A	True	True		0.9657	0.9657	0.0018110399999999999	0.9614	3337.2
retrieval-miss:254185007	retrieval-miss	none	none	True	False		0.6054	0.6054	0.18303993999999996	0.5561	5182.9
hard:70422006	hard	A	A	True	True		0.9217	0.9217	0.007730170000000007	0.912	3855.0
easy:399956005	easy	A	A	True	True		0.8236	0.8236	0.04142683	0.8016	4145.5
hard:26132002	hard	A	A	True	True		0.9236	0.9236	0.008451590000000002	0.914	4503.6
none-narrower:234503004	none-narrower	none	H	False	False		0.5879	0.2872	0.8658313999999999	0.5364	3468.1
easy:109558001	easy	D	D	True	False		0.7504	0.7504	0.08266280000000002	0.7192	3469.7
retrieval-miss:59252009	retrieval-miss	none	A	False	False		0.9367	0.0275	1.82359343	0.9288	4394.4
easy:30800001	easy	A	A	True	True		0.9305	0.9305	0.005914980000000001	0.9218	4263.6
retrieval-miss:195029002	retrieval-miss	none	none	True	False		0.5721	0.5721	0.22077374999999996	0.5186	4178.5
none-narrower:196754001	none-narrower	none	none	True	False		0.9471	0.9471	0.0033127899999999943	0.9405	2938.4
easy:238001003	easy	A	A	True	True		0.89	0.89	0.01672379	0.8763	4737.8
easy:200973000	easy	A	A	True	True		0.7729	0.7729	0.06408979999999999	0.7445	3923.8
easy:403946000	easy	A	A	True	True		0.9515	0.9515	0.0030036899999999994	0.9455	4344.4
easy:91514001	easy	A	A	True	True		0.9383	0.9383	0.004590579999999997	0.9306	2754.3
none-narrower:95039009	none-narrower	none	none	True	False		0.8395	0.8395	0.032540839999999994	0.8194	3615.7
none-narrower:1148523003	none-narrower	none	B	False	False		0.4584	0.1911	0.8978402499999999	0.3907	3949.7
easy:720514008	easy	A	A	True	True		0.9669	0.9669	0.001439260000000001	0.9627	4886.6
none-narrower:1254852008	none-narrower	none	B	False	False		0.7048	0.153	1.2220030899999998	0.6679	4312.3
easy:719817002	easy	A	A	True	True		0.7977	0.7977	0.06485506000000002	0.7724	4988.2
hard:47903000	hard	A	A	True	True		0.874	0.874	0.019363480000000002	0.8582	3941.7
hard:24069003	hard	A	A	True	True		0.9342	0.9342	0.005851709999999995	0.9259	3581.5
hard:742876007	hard	A	A	True	True		0.9404	0.9404	0.004552599999999999	0.9329	5155.6
easy:363495004	easy	A	A	True	True		0.7325	0.7325	0.09259217999999998	0.699	3467.9
easy:55031000	easy	A	A	True	True		0.9418	0.9418	0.004194610000000003	0.9345	3542.4
easy:11380006	easy	A	A	True	True		0.9266	0.9266	0.007039490000000003	0.9174	4502.4
hard:126835002	hard	A	A	True	True		0.912	0.912	0.009891029999999995	0.901	3732.5
hard:86133004	hard	A	A	True	True		0.928	0.928	0.006521419999999993	0.9191	4079.8
easy:61565001	easy	A	A	True	True		0.9569	0.9569	0.0023440200000000026	0.9516	3710.4
easy:271432005	easy	A	A	True	True		0.9673	0.9673	0.0013940099999999967	0.9632	3587.6
hard:699866005	hard	A	A	True	True		0.732	0.732	0.09218359000000001	0.6985	4001.3
hard:363391009	hard	A	A	True	True		0.8682	0.8682	0.020989960000000005	0.8517	3467.2
none-narrower:431856006	none-narrower	none	none	True	False		0.8132	0.8132	0.045178769999999986	0.7899	3339.3
hard:230724001	hard	A	A	True	True		0.3641	0.3641	0.52803755	0.2846	3848.2
easy:5217008	easy	A	A	True	True		0.8713	0.8713	0.022205930000000013	0.8552	4057.5
none-narrower:240499000	none-narrower	none	none	True	False		0.6887	0.6887	0.12193508000000003	0.6498	3421.8
hard:72925005	hard	D	D	True	False		0.8348	0.8348	0.04019206	0.8142	4309.8
hard:110979008	hard	A	A	True	True		0.9056	0.9056	0.010995630000000006	0.8938	3280.7
none-narrower:311000119101	none-narrower	none	none	True	False		0.8675	0.8675	0.02411684999999999	0.8509	3861.4
none-narrower:773774000	none-narrower	none	A	False	False		0.9485	0.0213	1.85780217	0.942	6064.8
none-narrower:302909007	none-narrower	none	none	True	False		0.408	0.408	0.4858904000000001	0.334	4224.5
easy:230228004	easy	A	A	True	True		0.9442	0.9442	0.003652939999999996	0.9372	4876.7
hard:700056005	hard	A	A	True	True		0.8642	0.8642	0.023107570000000008	0.8472	4821.6
hard:414783007	hard	A	A	True	True		0.9414	0.9414	0.004035869999999999	0.9341	4662.1
hard:724282009	hard	A	A	True	True		0.9594	0.9594	0.0020101099999999977	0.9544	4449.6
easy:363394001	easy	A	A	True	True		0.7884	0.7884	0.05390406000000001	0.762	4337.7
none-narrower:95753002	none-narrower	none	none	True	False		0.6214	0.6214	0.18163722000000004	0.5741	3249.1
none-narrower:43100002	none-narrower	none	none	True	False		0.4113	0.4113	0.41490304	0.3377	4649.0
easy:72621003	easy	A	A	True	True		0.9563	0.9563	0.0026087399999999965	0.9508	3959.3
easy:302226006	easy	F	F	True	False		0.9169	0.9169	0.009196079999999992	0.9065	3728.0
hard:236740006	hard	B	B	True	False		0.9623	0.9623	0.0018670899999999966	0.9576	4319.2
none-narrower:12203991000119100	none-narrower	none	none	True	False		0.803	0.803	0.056323989999999984	0.7783	4182.2
hard:48718006	hard	A	A	True	True		0.9173	0.9173	0.00909068	0.9069	5102.6
hard:414545008	hard	A	A	True	True		0.8696	0.8696	0.02136298999999999	0.8533	4193.0
retrieval-miss:312912001	retrieval-miss	none	none	True	False		0.7079	0.7079	0.10870727000000002	0.6713	4169.2
easy:177504007	easy	A	A	True	True		0.9336	0.9336	0.006105130000000001	0.9253	6151.2
none-narrower:32130001000004108	none-narrower	none	H	False	False		0.4916	0.1532	1.06933467	0.4281	4029.6
hard:698247007	hard	A	A	True	True		0.8693	0.8693	0.02232183000000001	0.853	4879.0
easy:7847004	easy	A	A	True	True		0.8876	0.8876	0.015756190000000014	0.8735	4669.2
hard:725591002	hard	A	A	True	True		0.9453	0.9453	0.0035183499999999965	0.9385	4458.0
none-narrower:312601003	none-narrower	none	A	False	False		0.8162	0.1029	1.4722802000000001	0.7932	4022.3
none-narrower:682421000119104	none-narrower	none	none	True	False		0.6982	0.6982	0.11476152999999997	0.6605	4331.6
hard:186499007	hard	A	A	True	True		0.9721	0.9721	0.000985640000000002	0.9686	5109.5
hard:699189004	hard	A	A	True	True		0.9518	0.9518	0.002956030000000002	0.9458	5765.5
hard:3577000	hard	A	A	True	True		0.9009	0.9009	0.012127459999999994	0.8885	3655.6
none-narrower:700346002	none-narrower	none	none	True	False		0.4847	0.4847	0.3536699	0.4202	3994.1
none-narrower:92901000087104	none-narrower	none	none	True	False		0.4656	0.4656	0.39410438000000003	0.3988	3566.8
hard:91978004	hard	A	A	True	True		0.9312	0.9312	0.005821229999999996	0.9225	4338.3
none-narrower:1255207005	none-narrower	none	A	False	False		0.9024	0.0591	1.70008103	0.8902	4965.9
easy:703267003	easy	A	A	True	True		0.9407	0.9407	0.004552060000000002	0.9333	4862.5
hard:765487008	hard	A	A	True	True		0.9507	0.9507	0.003057970000000001	0.9446	5911.3
retrieval-miss:445918001	retrieval-miss	none	none	True	False		0.8886	0.8886	0.014529250000000011	0.8747	3987.3
none-narrower:235608007	none-narrower	none	A	False	False		0.3702	0.2675	0.7416447199999998	0.2915	4673.8
hard:68566005	hard	D	none	False	False		0.5385	0.2546	0.8563513700000002	0.4809	3924.7
easy:239065004	easy	C	C	True	False		0.9237	0.9237	0.008461300000000005	0.9142	5722.7
retrieval-miss:238020001	retrieval-miss	none	B	False	False		0.8739	0.0652	1.63948768	0.8581	4562.5
none-narrower:15735161000119106	none-narrower	none	none	True	False		0.3931	0.3931	0.5280977499999999	0.3173	3884.0
easy:702448007	easy	A	A	True	True		0.9573	0.9573	0.0023501699999999965	0.952	4167.9
none-narrower:704059008	none-narrower	none	none	True	False		0.6211	0.6211	0.20636339	0.5738	3391.7
easy:87211000119104	easy	A	A	True	True		0.9503	0.9503	0.0029286199999999972	0.944	5854.4
hard:371582002	hard	D	D	True	False		0.9062	0.9062	0.01137684	0.8945	3699.9
none-narrower:8445003	none-narrower	none	none	True	False		0.439	0.439	0.4401643999999999	0.3689	4339.3
hard:48868008	hard	A	A	True	True		0.9483	0.9483	0.003739619999999997	0.9419	3916.7
easy:403803002	easy	A	A	True	True		0.9355	0.9355	0.00553121	0.9275	5232.8
easy:254950006	easy	A	A	True	True		0.9195	0.9195	0.008065280000000003	0.9094	4139.3
easy:302829009	easy	A	A	True	True		0.9193	0.9193	0.007917109999999998	0.9092	4268.4
hard:35728003	hard	A	A	True	True		0.922	0.922	0.008394449999999993	0.9123	5030.2
easy:93468003	easy	A	A	True	True		0.9275	0.9275	0.007844070000000002	0.9185	4242.3
hard:33793000	hard	A	A	True	True		0.9413	0.9413	0.004387709999999997	0.934	4022.7
easy:76047005	easy	A	A	True	True		0.9303	0.9303	0.0058302899999999975	0.9215	5020.4
none-narrower:188289008	none-narrower	none	none	True	False		0.8937	0.8937	0.01875186999999999	0.8805	4047.8
hard:720501007	hard	A	A	True	True		0.9254	0.9254	0.006929819999999999	0.9161	4885.4
easy:197480006	easy	A	A	True	True		0.8572	0.8572	0.024929760000000016	0.8394	2926.6
hard:237965005	hard	A	none	False	True		0.7117	0.0726	1.37417516	0.6756	3718.1
hard:11010461000119101	hard	A	A	True	True		0.7685	0.7685	0.06956879000000002	0.7395	4008.8
hard:50658006	hard	A	A	True	True		0.8185	0.8185	0.052818330000000004	0.7959	5076.3
hard:717632002	hard	A	A	True	True		0.9399	0.9399	0.004431040000000005	0.9323	5655.1
hard:237706000	hard	A	A	True	True		0.9225	0.9225	0.007804590000000002	0.9128	4008.5
easy:716647001	easy	A	A	True	True		0.4613	0.4613	0.39843291999999986	0.3939	4437.0
none-narrower:121131000119109	none-narrower	none	C	False	False		0.8231	0.0899	1.5077413800000001	0.801	4410.6
easy:204552001	easy	A	A	True	True		0.9544	0.9544	0.002685129999999998	0.9487	4398.7
easy:197442005	easy	A	A	True	True		0.9	0.9	0.013349009999999994	0.8875	4412.8
easy:186973005	easy	A	A	True	True		0.8996	0.8996	0.013132110000000008	0.887	3588.9
hard:73843004	hard	A	A	True	True		0.8859	0.8859	0.017231269999999996	0.8717	5652.6
none-narrower:16026631000119103	none-narrower	none	none	True	False		0.5508	0.5508	0.25158415000000006	0.4947	3961.4
hard:721629005	hard	A	A	True	True		0.8999	0.8999	0.013685079999999995	0.8874	4102.5
hard:720954000	hard	A	A	True	True		0.9503	0.9503	0.0030218799999999968	0.9441	4633.9
easy:45650007	easy	A	A	True	True		0.9285	0.9285	0.006480940000000001	0.9196	3596.8
none-narrower:309760004	none-narrower	none	none	True	False		0.6164	0.6164	0.21276944000000006	0.5684	3427.9
none-narrower:551621000124109	none-narrower	none	A	False	False		0.3713	0.222	0.8032131200000001	0.2928	3634.3
hard:3752003	hard	A	A	True	True		0.9452	0.9452	0.003919669999999996	0.9384	4786.2
easy:718717004	easy	A	A	True	True		0.952	0.952	0.0028614000000000044	0.946	5194.2
easy:420120006	easy	A	A	True	True		0.9592	0.9592	0.001992149999999996	0.9541	5416.5
hard:716008002	hard	A	A	True	True		0.9717	0.9717	0.0010534599999999996	0.9682	5921.2
hard:92060009	hard	A	A	True	True		0.9353	0.9353	0.0051181599999999975	0.9272	4700.6
none-narrower:353921000119103	none-narrower	none	A	False	False		0.5383	0.3237	0.75139378	0.4806	4315.1
none-narrower:719860006	none-narrower	none	C	False	False		0.5921	0.2192	0.9669601799999998	0.5411	3166.3
hard:725390002	hard	A	A	True	True		0.9247	0.9247	0.008015540000000007	0.9152	6835.8
retrieval-miss:73123008	retrieval-miss	none	none	True	False		0.485	0.485	0.33183147999999996	0.4207	5107.3
none-narrower:61048000	none-narrower	none	none	True	False		0.4334	0.4334	0.44777045	0.3626	4015.6
easy:68409003	easy	C	A	False	False		0.6431	0.1549	1.14670629	0.5985	4404.5
hard:719574007	hard	A	A	True	True		0.9522	0.9522	0.0028785699999999957	0.9462	6105.0
easy:230500006	easy	A	A	True	True		0.8844	0.8844	0.018079670000000006	0.87	4499.2
hard:23412002	hard	A	A	True	True		0.9342	0.9342	0.005334899999999996	0.926	5011.2
none-narrower:191692007	none-narrower	none	A	False	False		0.6115	0.3153	0.8439005900000001	0.5629	4148.9
easy:763739002	easy	A	A	True	True		0.9585	0.9585	0.0022042099999999985	0.9534	4947.4
none-narrower:721166000	none-narrower	none	none	True	False		0.4291	0.4291	0.48483972	0.3577	3715.6
easy:17585008	easy	A	A	True	True		0.9623	0.9623	0.001947439999999997	0.9576	3604.5
easy:92039003	easy	A	A	True	True		0.9456	0.9456	0.0038130700000000004	0.9388	4046.5
hard:709416009	hard	A	A	True	True		0.9415	0.9415	0.00412578	0.9342	3834.9
easy:715752006	easy	A	A	True	True		0.9514	0.9514	0.0029084799999999976	0.9453	5006.3
hard:702442008	hard	A	A	True	True		0.9421	0.9421	0.004293549999999995	0.9348	4425.4
none-narrower:1231727005	none-narrower	none	none	True	False		0.6125	0.6125	0.18671860999999995	0.5641	3594.2
easy:48553001	easy	A	A	True	True		0.9727	0.9727	0.0010131199999999995	0.9693	3381.9
hard:763774001	hard	A	A	True	True		0.9563	0.9563	0.002338649999999997	0.9509	4571.2
easy:765485000	easy	A	A	True	True		0.9434	0.9434	0.004199679999999999	0.9363	4846.3
hard:28987007	hard	A	A	True	True		0.8228	0.8228	0.03789663000000001	0.8007	3950.7
hard:233858000	hard	A	A	True	True		0.911	0.911	0.009564939999999994	0.8999	3482.9
easy:702375004	easy	A	A	True	True		0.9301	0.9301	0.005949689999999994	0.9214	3823.0
hard:194350005	hard	A	A	True	True		0.8963	0.8963	0.013332200000000004	0.8834	3113.1
easy:91955005	easy	A	A	True	True		0.9142	0.9142	0.010115199999999998	0.9034	4513.2
hard:126971002	hard	A	A	True	True		0.9464	0.9464	0.003612569999999998	0.9397	4032.6
none-narrower:773700005	none-narrower	none	A	False	False		0.9363	0.0193	1.83876801	0.9284	4140.1
easy:126834003	easy	A	A	True	True		0.924	0.924	0.007442279999999994	0.9145	4000.4
easy:766937004	easy	A	A	True	True		0.9839	0.9839	0.0003766900000000001	0.9819	5462.3
hard:719268008	hard	A	A	True	True		0.9642	0.9642	0.001697830000000004	0.9597	4225.3
easy:6121001	easy	A	B	False	True		0.6996	0.1828	1.1633166799999999	0.6621	3752.2
easy:13706005	easy	A	A	True	True		0.8433	0.8433	0.030664759999999985	0.8237	3126.5
hard:109475005	hard	A	none	False	True		0.3867	0.2208	0.7847230199999999	0.31	4141.2
hard:190953007	hard	A	A	True	True		0.9722	0.9722	0.0011181800000000025	0.9687	3747.9
hard:126880001	hard	A	A	True	True		0.919	0.919	0.009165369999999994	0.9088	3553.4
easy:271569006	easy	A	A	True	True		0.9381	0.9381	0.0047749999999999945	0.9304	3081.8
easy:92756002	easy	A	A	True	True		0.9287	0.9287	0.006842080000000004	0.9198	3685.7
none-narrower:191508007	none-narrower	none	none	True	False		0.7577	0.7577	0.08301744999999998	0.7275	3668.3
hard:57406009	hard	A	A	True	True		0.9146	0.9146	0.009238340000000005	0.904	3779.0
none-narrower:1351962002	none-narrower	none	A	False	False		0.7259	0.0618	1.4318306	0.6917	4135.8
easy:47673003	easy	A	A	True	True		0.9391	0.9391	0.005052429999999995	0.9315	4258.1
easy:279081001	easy	A	A	True	True		0.4627	0.4627	0.37929742	0.3956	4138.5
retrieval-miss:91390005	retrieval-miss	none	none	True	False		0.4674	0.4674	0.44841719999999996	0.4008	3544.5
hard:85478004	hard	A	A	True	True		0.8912	0.8912	0.01435306	0.8776	3161.9
hard:723622007	hard	A	A	True	True		0.9368	0.9368	0.005008810000000004	0.9289	5422.6
none-narrower:251160002	none-narrower	none	A	False	False		0.4718	0.3439	0.65925484	0.4058	4912.9
easy:71638002	easy	A	A	True	True		0.941	0.941	0.005378620000000006	0.9336	2961.1
easy:715866009	easy	A	A	True	True		0.9364	0.9364	0.004850699999999998	0.9285	4464.2
easy:236302005	easy	A	A	True	True		0.9308	0.9308	0.005861100000000005	0.9221	3847.5
none-narrower:191519005	none-narrower	none	none	True	False		0.4027	0.4027	0.4097550999999999	0.328	4316.7
none-narrower:770679002	none-narrower	none	B	False	False		0.9689	0.0138	1.91140349	0.965	4591.0
hard:254666005	hard	A	A	True	True		0.8141	0.8141	0.04448377999999998	0.7909	3769.0
hard:724064004	hard	A	A	True	True		0.9707	0.9707	0.0011412299999999996	0.967	5080.6
easy:254627002	easy	A	A	True	True		0.9388	0.9388	0.004766210000000003	0.9312	5465.9
hard:717044000	hard	A	A	True	True		0.8415	0.8415	0.03137267999999999	0.8216	6116.5
none-narrower:253204009	none-narrower	none	none	True	False		0.6347	0.6347	0.20081563999999996	0.5891	4238.1
easy:72262000	easy	A	A	True	True		0.9011	0.9011	0.012447039999999996	0.8887	3880.2
hard:378007	hard	A	A	True	True		0.7784	0.7784	0.06112005	0.7507	3882.8
hard:445738007	hard	B	B	True	False		0.8187	0.8187	0.048573160000000004	0.7961	4438.9
hard:43339004	hard	A	A	True	True		0.7961	0.7961	0.057752729999999995	0.7707	4457.4
easy:428850001	easy	A	A	True	True		0.9547	0.9547	0.0024755800000000007	0.9491	3533.3
hard:363414004	hard	B	B	True	False		0.8276	0.8276	0.044340870000000004	0.8061	4026.0
easy:71912000	easy	A	A	True	True		0.903	0.903	0.011328749999999995	0.8909	3333.9
none-narrower:700458001	none-narrower	none	none	True	False		0.704	0.704	0.12537842000000002	0.6671	4042.3
hard:19943007	hard	A	A	True	True		0.9504	0.9504	0.0030906399999999974	0.9442	3589.1
hard:717941005	hard	A	A	True	True		0.9466	0.9466	0.00364234	0.94	4064.4
easy:70572005	easy	A	A	True	True		0.9197	0.9197	0.008740810000000007	0.9097	3579.0
easy:57203004	easy	A	A	True	True		0.8773	0.8773	0.018391850000000008	0.8619	3143.5
none-narrower:448776002	none-narrower	none	none	True	False		0.5476	0.5476	0.35050505000000004	0.4911	3480.2
hard:719836007	hard	A	A	True	True		0.9046	0.9046	0.011536930000000006	0.8927	5313.9
easy:275481002	easy	A	A	True	True		0.8829	0.8829	0.017444859999999996	0.8683	4294.4
easy:766981007	easy	A	A	True	True		0.9443	0.9443	0.003973609999999997	0.9374	4417.5
easy:126790004	easy	A	A	True	True		0.8927	0.8927	0.01450189999999999	0.8793	4123.1
none-narrower:202941002	none-narrower	none	C	False	False		0.9028	0.0639	1.6916263000000002	0.8907	3528.5
hard:91273001	hard	A	A	True	True		0.9123	0.9123	0.00936975	0.9014	3761.4
none-narrower:771515001	none-narrower	none	A	False	False		0.9506	0.0169	1.8702980400000002	0.9444	4605.6
hard:726345000	hard	A	A	True	True		0.8205	0.8205	0.03944616	0.798	4163.7
hard:26111005	hard	A	A	True	True		0.8947	0.8947	0.013760959999999989	0.8815	3607.3
none-narrower:703223000	none-narrower	none	none	True	False		0.5178	0.5178	0.31961552	0.4575	3870.6
easy:254778000	easy	A	A	True	True		0.9715	0.9715	0.0010268799999999982	0.9679	4603.4
easy:9740002	easy	A	A	True	True		0.9353	0.9353	0.005725909999999997	0.9272	5161.1
easy:59655002	easy	A	A	True	True		0.9159	0.9159	0.009371709999999991	0.9054	5838.3
easy:405501007	easy	A	A	True	True		0.8124	0.8124	0.04220704	0.789	4443.7
hard:763128009	hard	A	A	True	True		0.9702	0.9702	0.0011689400000000029	0.9664	4515.8
hard:363443007	hard	A	A	True	True		0.8874	0.8874	0.016082320000000008	0.8734	4060.2
hard:28488007	hard	A	A	True	True		0.9401	0.9401	0.004296659999999994	0.9327	4531.6
easy:764994007	easy	A	A	True	True		0.9548	0.9548	0.002692260000000002	0.9491	5612.2
easy:733518000	easy	A	A	True	True		0.9166	0.9166	0.009273560000000005	0.9061	7133.9
easy:720955004	easy	A	A	True	True		0.9116	0.9116	0.009513650000000007	0.9005	4681.2
easy:44697002	easy	A	A	True	True		0.9491	0.9491	0.003176869999999995	0.9428	5926.8
hard:278991002	hard	B	B	True	False		0.4134	0.4134	0.43680223	0.3401	4436.7
none-narrower:203343001	none-narrower	none	none	True	False		0.4973	0.4973	0.34892203999999993	0.4345	5015.0
easy:10082001	easy	A	A	True	True		0.9528	0.9528	0.0027418100000000016	0.9469	4558.3
easy:63246000	easy	A	A	True	True		0.9632	0.9632	0.001694830000000004	0.9586	4705.6
hard:404055006	hard	A	A	True	True		0.9476	0.9476	0.0034147800000000005	0.9411	4520.2
hard:156410002	hard	A	A	True	True		0.941	0.941	0.004715460000000006	0.9337	3196.4
hard:267534000	hard	A	A	True	True		0.8691	0.8691	0.021251060000000006	0.8527	4181.9
easy:24326000	easy	A	A	True	True		0.9397	0.9397	0.004569090000000002	0.9322	4109.4
easy:71464000	easy	A	A	True	True		0.9206	0.9206	0.009056450000000004	0.9106	5089.9
hard:404808000	hard	A	A	True	True		0.9227	0.9227	0.007385170000000005	0.9131	3191.2
hard:423673009	hard	A	A	True	True		0.8771	0.8771	0.01971688	0.8617	3867.7
hard:402296004	hard	A	A	True	True		0.9582	0.9582	0.0022097399999999956	0.953	3329.8
hard:84759007	hard	A	A	True	True		0.9517	0.9517	0.0031376400000000014	0.9457	3716.7
none-narrower:10754961000119101	none-narrower	none	none	True	False		0.4399	0.4399	0.45652336000000004	0.3699	3765.3
easy:89454001	easy	A	A	True	True		0.6294	0.6294	0.17490456000000004	0.583	4316.7
hard:721883006	hard	A	A	True	True		0.9479	0.9479	0.0032774700000000037	0.9414	6017.1
hard:7522008	hard	A	A	True	True		0.9169	0.9169	0.008724099999999992	0.9065	4398.6
none-narrower:235659008	none-narrower	none	none	True	False		0.8274	0.8274	0.039918909999999995	0.8058	2957.8
hard:722375007	hard	A	A	True	True		0.9734	0.9734	0.0009479399999999977	0.9701	5504.0
hard:124220008	hard	C	C	True	False		0.9612	0.9612	0.0020379999999999955	0.9563	5172.2
easy:237705001	easy	A	A	True	True		0.9252	0.9252	0.006895539999999997	0.9158	4450.1
hard:234584007	hard	A	A	True	True		0.9392	0.9392	0.005262029999999996	0.9316	3587.7
none-narrower:57185003	none-narrower	none	none	True	False		0.5261	0.5261	0.26064504	0.4669	3418.7
none-narrower:389160009	none-narrower	none	none	True	False		0.3902	0.3902	0.4835329	0.314	5790.8
hard:233919006	hard	A	A	True	True		0.9354	0.9354	0.006030959999999998	0.9273	4027.8
easy:197660000	easy	A	A	True	True		0.9473	0.9473	0.003585359999999997	0.9407	4524.8
none-narrower:764092008	none-narrower	none	none	True	False		0.4987	0.4987	0.32854243000000005	0.436	3438.7
hard:707310009	hard	A	A	True	True		0.935	0.935	0.005274269999999992	0.9269	5162.2
easy:447292006	easy	A	A	True	True		0.9261	0.9261	0.006579489999999995	0.9168	4848.5
none-narrower:127045008	none-narrower	none	none	True	False		0.6838	0.6838	0.12559037	0.6443	5041.1
easy:764989007	easy	A	A	True	True		0.9621	0.9621	0.0018967400000000035	0.9573	5936.0
hard:723406000	hard	A	A	True	True		0.9782	0.9782	0.0006191800000000018	0.9754	6051.0
hard:111196000	hard	A	A	True	True		0.9451	0.9451	0.0036491899999999944	0.9382	4573.4
easy:763794005	easy	A	A	True	True		0.9417	0.9417	0.0041669700000000025	0.9344	5910.9
retrieval-miss:64852002	retrieval-miss	none	none	True	False		0.4223	0.4223	0.47403165999999997	0.3501	5967.9
easy:717761005	easy	A	A	True	True		0.9783	0.9783	0.0006194200000000023	0.9756	5317.9
easy:448670003	easy	A	A	True	True		0.8612	0.8612	0.02282830000000001	0.8438	4304.5
hard:25904003	hard	A	A	True	True		0.8787	0.8787	0.01859812999999999	0.8636	4366.0
hard:45369008	hard	A	A	True	True		0.8105	0.8105	0.05275062999999999	0.7869	4443.2
easy:189099001	easy	A	A	True	True		0.8909	0.8909	0.015031649999999995	0.8772	5366.4
hard:1779005	hard	A	A	True	True		0.937	0.937	0.004883799999999993	0.9291	5272.7
hard:870313002	hard	A	A	True	True		0.8833	0.8833	0.017151270000000007	0.8688	4886.1
easy:363378008	easy	B	B	True	False		0.8201	0.8201	0.044003279999999985	0.7977	4655.6
easy:399903008	easy	A	A	True	True		0.9633	0.9633	0.0016526399999999965	0.9587	4138.6
none-narrower:699785004	none-narrower	none	none	True	False		0.5801	0.5801	0.24424617000000004	0.5277	4336.3
easy:253231007	easy	A	A	True	True		0.9428	0.9428	0.0041654800000000035	0.9356	3981.8
easy:719171005	easy	A	A	True	True		0.9499	0.9499	0.0030127600000000036	0.9436	6093.7
hard:442292004	hard	A	A	True	True		0.9473	0.9473	0.0033807999999999967	0.9407	4071.8
none-narrower:1373832001	none-narrower	none	none	True	False		0.5451	0.5451	0.3479862	0.4882	3601.2
easy:36188001	easy	A	A	True	True		0.9745	0.9745	0.0008982999999999983	0.9713	5589.9
easy:206292002	easy	A	A	True	True		0.9346	0.9346	0.0049826500000000025	0.9265	3849.3
easy:238627002	easy	A	A	True	True		0.9043	0.9043	0.011238770000000002	0.8924	3799.0
easy:27059002	easy	H	H	True	False		0.9694	0.9694	0.001363729999999998	0.9656	3806.4
none-narrower:783155007	none-narrower	none	B	False	False		0.8438	0.0664	1.5852042599999998	0.8243	4580.4
retrieval-miss:28724005	retrieval-miss	none	none	True	False		0.7676	0.7676	0.06514817000000003	0.7386	5205.0
easy:725078006	easy	A	A	True	True		0.9308	0.9308	0.005728480000000006	0.9221	6435.6
easy:718574003	easy	A	A	True	True		0.9628	0.9628	0.001766890000000001	0.9581	5052.4
none-narrower:240657005	none-narrower	none	none	True	False		0.5243	0.5243	0.26833260000000003	0.4649	3891.3
hard:11282001	hard	A	A	True	True		0.8878	0.8878	0.015565819999999992	0.8738	5873.3
hard:7379000	hard	A	A	True	True		0.9078	0.9078	0.010590789999999992	0.8963	4354.4
hard:84193000	hard	A	A	True	True		0.7631	0.7631	0.09409607	0.7334	5054.1
hard:126963001	hard	A	A	True	True		0.8802	0.8802	0.017575180000000003	0.8652	4405.7
hard:373604002	hard	A	A	True	True		0.9077	0.9077	0.01093782000000001	0.8962	4369.3
easy:363473003	easy	A	A	True	True		0.7869	0.7869	0.058012569999999986	0.7602	3903.2
none-narrower:87181002	none-narrower	none	A	False	False		0.8968	0.0801	1.6506770899999998	0.8839	5663.7
none-narrower:414927004	none-narrower	none	none	True	False		0.6168	0.6168	0.20434997	0.5688	3838.8
easy:231527003	easy	B	none	False	False		0.6329	0.1185	1.2042390699999999	0.587	3313.4
hard:722955006	hard	A	A	True	True		0.9172	0.9172	0.008137539999999997	0.9069	5421.2
hard:63137003	hard	A	A	True	True		0.8762	0.8762	0.020390930000000005	0.8608	3807.8
hard:764958008	hard	A	A	True	True		0.9402	0.9402	0.004452449999999996	0.9328	5695.4
none-narrower:413356003	none-narrower	none	A	False	False		0.5728	0.0471	1.36438932	0.5194	4953.3
hard:83414005	hard	A	A	True	True		0.9553	0.9553	0.0024916699999999966	0.9498	3907.6
none-narrower:720952001	none-narrower	none	A	False	False		0.9431	0.0182	1.85360176	0.936	5139.2
hard:5299007	hard	A	A	True	True		0.8477	0.8477	0.02891195	0.8287	3792.7
easy:105632002	easy	A	A	True	True		0.9328	0.9328	0.006245390000000005	0.9244	3727.6
hard:204431007	hard	A	A	True	True		0.8693	0.8693	0.026384680000000008	0.853	3996.2
hard:711543008	hard	A	A	True	True		0.9438	0.9438	0.003995250000000004	0.9368	5071.7
easy:716238003	easy	B	B	True	False		0.9063	0.9063	0.011028870000000001	0.8946	5069.8
easy:445338005	easy	A	A	True	True		0.9361	0.9361	0.005172429999999994	0.9281	4519.0
hard:38606009	hard	A	A	True	True		0.9344	0.9344	0.005810989999999999	0.9261	4226.9
easy:54385001	easy	A	A	True	True		0.9667	0.9667	0.0014317799999999997	0.9626	5927.7
easy:72789009	easy	A	A	True	True		0.9055	0.9055	0.011785000000000006	0.8937	4979.2
easy:371965009	easy	A	A	True	True		0.7485	0.7485	0.07880064999999997	0.7171	3886.4
none-narrower:237620003	none-narrower	none	A	False	False		0.5664	0.2499	0.89002714	0.5122	3572.5
easy:18377001	easy	A	A	True	True		0.9049	0.9049	0.011310649999999995	0.893	3697.9
easy:129623003	easy	A	A	True	True		0.9383	0.9383	0.004656579999999997	0.9306	4261.8
hard:715726000	hard	A	A	True	True		0.9554	0.9554	0.0025492499999999977	0.9498	4514.5
hard:52994003	hard	A	A	True	True		0.8462	0.8462	0.03180544000000002	0.827	3828.5
easy:128139000	easy	A	A	True	True		0.8337	0.8337	0.03547637	0.8129	3540.2
hard:402917003	hard	A	A	True	True		0.9654	0.9654	0.001518749999999997	0.961	3914.6
hard:81678004	hard	A	A	True	True		0.9517	0.9517	0.0028711700000000014	0.9457	4583.5
easy:89870006	easy	A	A	True	True		0.944	0.944	0.0038289100000000057	0.937	4994.0
easy:56805008	easy	A	A	True	True		0.9349	0.9349	0.0053294300000000065	0.9268	3786.1
hard:307649006	hard	A	A	True	True		0.9214	0.9214	0.008298970000000001	0.9116	5031.8
hard:31658008	hard	A	none	False	True		0.5936	0.1222	1.16158557	0.5428	3579.8
hard:80375002	hard	B	B	True	False		0.9413	0.9413	0.004981139999999997	0.934	2976.3
hard:66351003	hard	A	A	True	True		0.9696	0.9696	0.001181339999999999	0.9658	6002.9
easy:64235006	easy	A	A	True	True		0.9425	0.9425	0.0044096299999999995	0.9353	5674.4
easy:92531006	easy	A	A	True	True		0.8945	0.8945	0.014368450000000008	0.8813	4374.6
hard:14785004	hard	A	A	True	True		0.95	0.95	0.0031107300000000047	0.9438	3791.1
hard:72052003	hard	A	A	True	True		0.8933	0.8933	0.015394890000000003	0.88	3276.6
hard:80258006	hard	A	A	True	True		0.9573	0.9573	0.0021860999999999964	0.952	4933.1
hard:715562001	hard	A	A	True	True		0.9247	0.9247	0.007831130000000006	0.9153	5104.7
none-narrower:722517009	none-narrower	none	A	False	False		0.439	0.1712	0.92270315	0.3689	4277.6
easy:722033000	easy	A	A	True	True		0.9501	0.9501	0.0031187100000000054	0.9438	4323.4
hard:277569004	hard	A	A	True	True		0.6938	0.6938	0.12018258000000001	0.6555	4123.2
retrieval-miss:80321008	retrieval-miss	none	A	False	False		0.7452	0.0699	1.4295371500000003	0.7134	5109.5
easy:57534004	easy	A	A	True	True		0.8161	0.8161	0.04505996999999998	0.7931	3687.5
hard:419893006	hard	A	A	True	True		0.909	0.909	0.010812499999999997	0.8977	4523.1
easy:254943007	easy	A	A	True	True		0.9188	0.9188	0.008566820000000008	0.9086	4204.5
easy:2992000	easy	A	A	True	True		0.877	0.877	0.020076570000000002	0.8616	3962.7
easy:5050001	easy	A	A	True	True		0.9212	0.9212	0.008622109999999997	0.9113	3378.3
easy:764435003	easy	A	A	True	True		0.9728	0.9728	0.00105672	0.9694	6031.4
retrieval-miss:448015002	retrieval-miss	none	none	True	False		0.4942	0.4942	0.3890017	0.4309	4102.5
none-narrower:890286007	none-narrower	none	A	False	False		0.9493	0.0165	1.86867292	0.943	5516.1
none-narrower:702715008	none-narrower	none	none	True	False		0.6587	0.6587	0.19075936000000002	0.6161	4069.3
hard:42385006	hard	A	A	True	True		0.9111	0.9111	0.009895209999999995	0.9	4211.5
retrieval-miss:403901001	retrieval-miss	none	A	False	False		0.8754	0.0506	1.6691526200000002	0.8598	5190.3
none-narrower:55366007	none-narrower	none	none	True	False		0.6498	0.6498	0.15207047999999995	0.606	4196.9
hard:3855007	hard	A	A	True	True		0.9267	0.9267	0.006907140000000004	0.9175	4410.6
hard:27194006	hard	A	A	True	True		0.9192	0.9192	0.007967379999999996	0.9091	3259.3
easy:254654004	easy	A	A	True	True		0.9459	0.9459	0.0037324600000000043	0.9391	4364.4
none-narrower:92375009	none-narrower	none	A	False	False		0.4627	0.3474	0.6494928200000001	0.3956	4489.6
hard:8326008	hard	A	A	True	True		0.3732	0.3732	0.5131230400000001	0.2949	3851.6
easy:764105002	easy	A	A	True	True		0.9409	0.9409	0.004178690000000005	0.9335	5285.8
hard:766824003	hard	A	A	True	True		0.963	0.963	0.0017725300000000024	0.9584	5415.6
hard:230310003	hard	A	A	True	True		0.796	0.796	0.050011539999999986	0.7705	4750.3
none-narrower:127213008	none-narrower	none	H	False	False		0.4778	0.1811	0.9483957599999999	0.4125	4076.5
none-narrower:415652006	none-narrower	none	none	True	False		0.501	0.501	0.32320815999999997	0.4387	4072.2
hard:716233007	hard	A	A	True	True		0.9308	0.9308	0.005939240000000006	0.9221	5137.3
easy:127232002	easy	C	A	False	False		0.8637	0.0129	1.7247168000000002	0.8467	4009.8
none-narrower:94129007	none-narrower	none	A	False	False		0.9238	0.0502	1.7557834999999997	0.9143	3962.1
hard:234422006	hard	A	A	True	True		0.9556	0.9556	0.00248409	0.95	4078.3
easy:42982001	easy	A	A	True	True		0.9685	0.9685	0.0013797799999999982	0.9646	6440.6
easy:716662004	easy	A	none	False	True		0.5357	0.15	1.0298779599999999	0.4777	4831.0
hard:241774007	hard	A	A	True	True		0.9626	0.9626	0.0020912599999999993	0.9579	4657.2
hard:237816004	hard	A	A	True	True		0.9549	0.9549	0.0026334700000000028	0.9493	4172.6
easy:715710001	easy	A	A	True	True		0.6253	0.6253	0.16766304000000004	0.5785	5796.8
easy:95279007	easy	A	A	True	True		0.9311	0.9311	0.0060558599999999945	0.9225	4592.6
hard:193683001	hard	A	A	True	True		0.7673	0.7673	0.06924498000000001	0.7382	3989.9
easy:39998009	easy	B	B	True	False		0.8779	0.8779	0.020333949999999996	0.8627	5894.8
hard:725463007	hard	A	A	True	True		0.9018	0.9018	0.01229095999999999	0.8896	5946.7
hard:280483007	hard	A	A	True	True		0.9449	0.9449	0.0038902100000000046	0.938	6779.9
hard:718182008	hard	A	A	True	True		0.9413	0.9413	0.004155469999999997	0.9339	9014.5
easy:722450007	easy	A	A	True	True		0.9571	0.9571	0.0024166100000000044	0.9518	4899.7
easy:19885005	easy	A	A	True	True		0.8938	0.8938	0.01586132999999999	0.8805	3224.2
easy:196609006	easy	A	none	False	True		0.4463	0.0561	1.22189159	0.3771	3658.8
easy:37283009	easy	A	A	True	True		0.9473	0.9473	0.004030469999999998	0.9407	2795.3
easy:424952003	easy	A	A	True	True		0.6737	0.6737	0.13575684000000002	0.6329	3668.6
hard:191382009	hard	A	A	True	True		0.8777	0.8777	0.02090373999999999	0.8624	3156.7
none-narrower:446076000	none-narrower	none	none	True	False		0.6783	0.6783	0.13465128999999998	0.638	4018.8
none-narrower:1290237009	none-narrower	none	H	False	False		0.8266	0.1544	1.39839211	0.8049	3517.0
none-narrower:128219005	none-narrower	none	none	True	False		0.4022	0.4022	0.53445243	0.3275	3079.6
retrieval-miss:233954004	retrieval-miss	none	none	True	False		0.4505	0.4505	0.46787082999999996	0.3818	3591.2
hard:1156813002	hard	A	A	True	True		0.9037	0.9037	0.01191519000000001	0.8917	3562.5
none-narrower:461098000	none-narrower	none	none	True	False		0.486	0.486	0.37347401999999996	0.4217	3410.0
none-narrower:1177031006	none-narrower	none	none	True	False		0.742	0.742	0.08815908	0.7097	3406.6
easy:402824003	easy	A	A	True	True		0.8642	0.8642	0.02217133000000001	0.8472	2736.0
easy:698021005	easy	A	A	True	True		0.9334	0.9334	0.00555779	0.9251	4476.5
none-narrower:1263652003	none-narrower	none	none	True	False		0.6068	0.6068	0.19747762	0.5577	4235.4
hard:723826007	hard	A	A	True	True		0.9653	0.9653	0.0016082999999999968	0.9609	5267.6
none-narrower:763714006	none-narrower	none	A	False	False		0.9515	0.0319	1.8426264499999998	0.9455	3658.6
none-narrower:233762004	none-narrower	none	A	False	False		0.8711	0.111	1.5491981899999998	0.855	3303.3
hard:363478007	hard	A	A	True	True		0.7818	0.7818	0.07355064999999997	0.7546	3445.7
hard:720855003	hard	A	A	True	True		0.9556	0.9556	0.0024376999999999997	0.9501	4227.8
none-narrower:389237009	none-narrower	none	A	False	False		0.9274	0.0329	1.7961620699999998	0.9183	4157.4
easy:23150001	easy	A	A	True	True		0.96	0.96	0.0020367200000000027	0.955	3592.2
easy:302870006	easy	A	A	True	True		0.6592	0.6592	0.14528481	0.6166	3376.2
none-narrower:89248000	none-narrower	none	none	True	False		0.444	0.444	0.4297463000000001	0.3745	4289.3
hard:254738007	hard	A	A	True	True		0.9286	0.9286	0.006282940000000003	0.9196	4006.8
hard:73237007	hard	A	A	True	True		0.9474	0.9474	0.003386519999999998	0.9408	3051.3
none-narrower:109805003	none-narrower	none	none	True	False		0.6792	0.6792	0.15280678999999997	0.6391	3712.4
retrieval-miss:193466003	retrieval-miss	none	G	False	False		0.6696	0.2509	1.01123097	0.6283	3662.8
hard:234118009	hard	A	A	True	True		0.9488	0.9488	0.0033302900000000022	0.9424	3537.6
none-narrower:399959003	none-narrower	none	A	False	False		0.7745	0.0859	1.44007658	0.7463	3654.5
hard:722449007	hard	A	A	True	True		0.9643	0.9643	0.0015997599999999967	0.9599	4659.3
retrieval-miss:124646004	retrieval-miss	none	none	True	False		0.5665	0.5665	0.24821652	0.5123	3787.2
none-narrower:48780006	none-narrower	none	A	False	False		0.4635	0.2942	0.72825664	0.3964	3045.7
easy:109393007	easy	B	C	False	False		0.4004	0.1022	1.05232225	0.3255	3652.4
none-narrower:2129002	none-narrower	none	none	True	False		0.7454	0.7454	0.10676184000000002	0.7135	3553.4
easy:30915001	easy	A	A	True	True		0.9178	0.9178	0.008519360000000009	0.9075	3722.6
easy:409671005	easy	A	A	True	True		0.9356	0.9356	0.005141270000000001	0.9275	3705.2
none-narrower:860828007	none-narrower	none	E	False	False		0.5386	0.1983	0.94947743	0.4809	3683.4
hard:765046002	hard	A	A	True	True		0.9297	0.9297	0.006561600000000003	0.921	5278.8
hard:253170008	hard	A	A	True	True		0.9523	0.9523	0.002736479999999997	0.9463	5206.8
hard:124309005	hard	A	A	True	True		0.9381	0.9381	0.005310369999999995	0.9303	3945.0
none-narrower:896820003	none-narrower	none	none	True	False		0.5112	0.5112	0.31029812	0.4501	3266.0
easy:702447002	easy	A	A	True	True		0.9389	0.9389	0.005237560000000006	0.9312	4049.6
none-narrower:1231278004	none-narrower	none	H	False	False		0.456	0.4128	0.5608314699999999	0.388	3155.3
hard:428041004	hard	A	A	True	True		0.8664	0.8664	0.024849430000000016	0.8497	3440.4
none-narrower:341361000119108	none-narrower	none	A	False	False		0.3624	0.2954	0.66638646	0.2827	3348.0
retrieval-miss:49013001	retrieval-miss	none	E	False	False		0.3308	0.1535	0.9336111200000001	0.2472	5679.4
hard:7111000119109	hard	B	B	True	False		0.9765	0.9765	0.0007080699999999985	0.9736	3770.7
hard:600009	hard	A	A	True	True		0.9503	0.9503	0.003240629999999997	0.9441	4369.3
none-narrower:1259031004	none-narrower	none	A	False	False		0.9627	0.0146	1.8979067200000002	0.958	3727.0
hard:44808001	hard	A	A	True	True		0.5811	0.5811	0.27493157000000007	0.5288	6481.5
easy:262521009	easy	A	A	True	True		0.9057	0.9057	0.01168421000000001	0.8939	3440.5
hard:363515000	hard	A	A	True	True		0.6914	0.6914	0.13031130999999999	0.6528	2765.6
hard:28882002	hard	D	D	True	False		0.8957	0.8957	0.013680809999999988	0.8827	3285.8
hard:17709002	hard	A	A	True	True		0.9479	0.9479	0.0038907000000000034	0.9414	3327.1
hard:233763009	hard	A	A	True	True		0.964	0.964	0.001711850000000002	0.9595	4012.0
none-narrower:186289000	none-narrower	none	A	False	False		0.942	0.0173	1.85344692	0.9348	3009.6
easy:16784003	easy	B	B	True	False		0.7468	0.7468	0.08520859999999998	0.7152	3087.4
hard:402601007	hard	B	B	True	False		0.7545	0.7545	0.07698663000000003	0.7238	3422.7
hard:765100000	hard	B	B	True	False		0.9292	0.9292	0.0070574499999999955	0.9203	5317.7
easy:733094005	easy	A	A	True	True		0.929	0.929	0.006125679999999994	0.9201	5369.5
none-narrower:212953005	none-narrower	none	A	False	False		0.9225	0.0632	1.7286369	0.9128	6077.9
easy:21098003	easy	A	A	True	True		0.8293	0.8293	0.038451659999999985	0.808	4045.3
easy:724349009	easy	A	A	True	True		0.9369	0.9369	0.0048996100000000065	0.929	3587.8
none-narrower:42746002	none-narrower	none	none	True	False		0.4643	0.4643	0.4720929700000001	0.3974	3107.6
none-narrower:1259796004	none-narrower	none	A	False	False		0.5388	0.1306	1.08158363	0.4811	3222.6
hard:72124005	hard	A	A	True	True		0.8975	0.8975	0.013038590000000006	0.8847	2616.2
hard:699812002	hard	A	A	True	True		0.835	0.835	0.033246400000000016	0.8143	3655.3
hard:717049005	hard	A	A	True	True		0.8917	0.8917	0.014525049999999989	0.8782	4669.1
hard:424802006	hard	A	A	True	True		0.9368	0.9368	0.005068570000000004	0.9289	3243.6
retrieval-miss:233982006	retrieval-miss	none	none	True	False		0.7081	0.7081	0.09868014000000003	0.6717	3476.9
hard:699268002	hard	A	A	True	True		0.9219	0.9219	0.008288489999999992	0.9121	4227.2
easy:400140006	easy	A	A	True	True		0.7316	0.7316	0.10094721	0.698	4896.6
hard:723307008	hard	A	A	True	True		0.9696	0.9696	0.001238739999999999	0.9658	4145.0
easy:719652007	easy	A	A	True	True		0.9615	0.9615	0.0019151699999999984	0.9566	5176.3
none-narrower:123766008	none-narrower	none	none	True	False		0.5747	0.5747	0.25591864000000003	0.5216	3902.5
easy:4996001	easy	A	A	True	True		0.9378	0.9378	0.0052408300000000045	0.9301	4678.3
hard:109298000	hard	A	A	True	True		0.9398	0.9398	0.005041020000000004	0.9323	4071.2
easy:70995007	easy	A	A	True	True		0.8398	0.8398	0.03445224	0.8198	4714.9
hard:201091002	hard	A	A	True	True		0.8352	0.8352	0.04286442999999998	0.8146	4827.5
easy:54470008	easy	C	C	True	False		0.9777	0.9777	0.0006717799999999994	0.9749	5596.4
retrieval-miss:37102008	retrieval-miss	none	none	True	False		0.4508	0.4508	0.4765032400000001	0.3821	4018.9
hard:722206009	hard	A	A	True	True		0.9568	0.9568	0.0022906100000000015	0.9514	3102.3
easy:200936003	easy	A	A	True	True		0.8859	0.8859	0.017167239999999997	0.8716	4458.0
hard:230293003	hard	A	A	True	True		0.9523	0.9523	0.002861639999999997	0.9463	3589.4
hard:314757003	hard	A	A	True	True		0.9599	0.9599	0.0019673500000000023	0.9549	3461.8
none-narrower:1187048006	none-narrower	none	A	False	False		0.9379	0.0233	1.83386665	0.9302	3988.5
none-narrower:87816000	none-narrower	none	none	True	False		0.8728	0.8728	0.023811329999999995	0.8568	3320.3
easy:65976001	easy	A	A	True	True		0.9359	0.9359	0.0050801300000000065	0.9279	3813.2
hard:231858009	hard	A	A	True	True		0.8742	0.8742	0.020353410000000006	0.8584	3493.8
none-narrower:15978511000119100	none-narrower	none	C	False	False		0.7425	0.2035	1.1871305300000001	0.7104	3533.6
easy:93145002	easy	A	A	True	True		0.8253	0.8253	0.03662223999999999	0.8035	3468.0
easy:702617007	easy	A	A	True	True		0.9771	0.9771	0.0007120600000000016	0.9742	4449.8
hard:720565000	hard	A	A	True	True		0.9329	0.9329	0.005573960000000006	0.9245	3928.2
easy:715487005	easy	A	A	True	True		0.9162	0.9162	0.009137299999999998	0.9058	4135.5
easy:232254004	easy	A	A	True	True		0.9431	0.9431	0.004056389999999995	0.936	3374.2
easy:187732006	easy	A	D	False	True		0.5409	0.3246	0.75368246	0.4835	3170.8
easy:41345002	easy	A	A	True	True		0.918	0.918	0.008056589999999994	0.9077	3293.7
none-narrower:15699121000119104	none-narrower	none	none	True	False		0.4235	0.4235	0.3841753	0.3514	2995.8
none-narrower:249446000	none-narrower	none	none	True	False		0.5431	0.5431	0.3167967	0.486	4023.9
easy:718222000	easy	A	A	True	True		0.9211	0.9211	0.007617809999999995	0.9112	4144.6
easy:52404001	easy	A	A	True	True		0.9639	0.9639	0.0018411800000000015	0.9593	4811.0
hard:725033008	hard	B	B	True	False		0.9302	0.9302	0.0063595999999999965	0.9215	4615.6
none-narrower:1193650002	none-narrower	none	none	True	False		0.5326	0.5326	0.29117592000000003	0.4742	3556.4
easy:83799000	easy	B	B	True	False		0.943	0.943	0.004124870000000005	0.9359	4245.8
hard:44882003	hard	A	A	True	True		0.9492	0.9492	0.003352849999999995	0.9429	3248.7
easy:424413001	easy	A	A	True	True		0.8835	0.8835	0.01653376000000001	0.8689	3308.2
easy:68982002	easy	A	A	True	True		0.9698	0.9698	0.0012030800000000003	0.966	3115.1
hard:3218000	hard	A	A	True	True		0.844	0.844	0.03192734000000001	0.8245	3063.1
easy:43363007	easy	A	A	True	True		0.9339	0.9339	0.005244910000000005	0.9256	3014.1
easy:76069003	easy	A	A	True	True		0.8928	0.8928	0.01535692999999999	0.8794	2851.9
easy:421529006	easy	F	F	True	False		0.9603	0.9603	0.0021247599999999964	0.9554	3883.0
hard:371197005	hard	A	A	True	True		0.542	0.542	0.28619192	0.4847	3203.5
hard:255015006	hard	A	A	True	True		0.8622	0.8622	0.025190900000000013	0.845	3399.2
easy:254620000	easy	A	A	True	True		0.945	0.945	0.003937120000000006	0.9382	3749.7
retrieval-miss:1259003	retrieval-miss	none	none	True	False		0.9207	0.9207	0.007623370000000006	0.9108	4494.8
hard:254794007	hard	A	A	True	True		0.9613	0.9613	0.0020180099999999963	0.9564	3551.4
retrieval-miss:720830009	retrieval-miss	none	B	False	False		0.8673	0.0652	1.6277209299999997	0.8507	4369.1
hard:446096008	hard	A	A	True	True		0.9548	0.9548	0.002528070000000002	0.9492	2989.1
none-narrower:321131000119100	none-narrower	none	E	False	False		0.6727	0.0856	1.31895753	0.6318	3426.7
hard:733045005	hard	A	A	True	True		0.9318	0.9318	0.005647080000000004	0.9233	4978.8
hard:713060000	hard	A	A	True	True		0.9457	0.9457	0.0035331500000000014	0.9389	3977.5
easy:1493002	easy	A	A	True	True		0.9353	0.9353	0.0053208799999999975	0.9272	3469.5
hard:22451001	hard	A	A	True	True		0.959	0.959	0.002245130000000003	0.9538	3677.0
easy:267395000	easy	A	A	True	True		0.9571	0.9571	0.002445640000000004	0.9517	2965.5
easy:768935003	easy	A	A	True	True		0.9347	0.9347	0.005263600000000002	0.9265	5382.5
none-narrower:413808003	none-narrower	none	none	True	False		0.5351	0.5351	0.25168420999999996	0.477	4066.5
hard:726350006	hard	A	A	True	True		0.7873	0.7873	0.05850321000000001	0.7607	3742.2
hard:715564000	hard	B	B	True	False		0.8331	0.8331	0.038908970000000015	0.8122	4047.7
none-narrower:21071000119101	none-narrower	none	B	False	False		0.7322	0.2312	1.1276165800000002	0.6987	3238.6
none-narrower:126780007	none-narrower	none	A	False	False		0.4589	0.3655	0.6221959600000001	0.3912	3031.8
hard:254084008	hard	A	A	True	True		0.9504	0.9504	0.0031684199999999977	0.9442	3608.6
hard:312917007	hard	A	A	True	True		0.8662	0.8662	0.022067400000000008	0.8494	3423.9
easy:36485005	easy	A	A	True	True		0.9397	0.9397	0.004478700000000002	0.9322	3231.5
hard:14783006	hard	A	A	True	True		0.8727	0.8727	0.01978394999999999	0.8567	3117.9
hard:4340003	hard	A	A	True	True		0.9463	0.9463	0.003742039999999997	0.9396	3594.9
none-narrower:276675009	none-narrower	none	none	True	False		0.5885	0.5885	0.23454737999999997	0.537	3055.4
hard:125666000	hard	A	A	True	True		0.9309	0.9309	0.006050100000000006	0.9223	3431.6
hard:64009001	hard	A	A	True	True		0.6205	0.6205	0.21816318999999998	0.573	3535.9
easy:62110005	easy	A	A	True	True		0.9572	0.9572	0.0023200999999999955	0.9519	4326.3
retrieval-miss:238700008	retrieval-miss	none	none	True	False		0.74	0.74	0.08290683000000001	0.7076	3794.1
easy:92413008	easy	A	A	True	True		0.9368	0.9368	0.005086530000000004	0.9289	3761.6
easy:723360007	easy	C	C	True	False		0.8283	0.8283	0.04261521999999999	0.8068	3525.0
hard:34225008	hard	A	A	True	True		0.4812	0.4812	0.43192909999999995	0.4163	3500.2
hard:9631008	hard	A	A	True	True		0.9494	0.9494	0.0030738599999999973	0.9431	3159.0
hard:372100004	hard	A	A	True	True		0.9466	0.9466	0.00374502	0.9399	3669.2
none-narrower:187662005	none-narrower	none	none	True	False		0.5897	0.5897	0.2271283	0.5385	3265.2
easy:36753006	easy	A	A	True	True		0.9501	0.9501	0.003353920000000006	0.9439	4600.7
easy:719256004	easy	A	A	True	True		0.9538	0.9538	0.002677850000000002	0.948	3496.8
none-narrower:1076881000119103	none-narrower	none	A	False	False		0.8904	0.0759	1.64715841	0.8767	3135.1
none-narrower:403903003	none-narrower	none	none	True	False		0.7667	0.7667	0.07109131999999999	0.7375	3742.6
hard:719518004	hard	A	A	True	True		0.9663	0.9663	0.0013855599999999968	0.9621	4284.0
hard:716006003	hard	A	A	True	True		0.943	0.943	0.003964000000000006	0.9359	4411.4
none-narrower:769219006	none-narrower	none	none	True	False		0.5605	0.5605	0.27415634	0.5056	3442.7
easy:238626006	easy	A	A	True	True		0.8734	0.8734	0.02011629000000001	0.8575	3623.5
retrieval-miss:230410004	retrieval-miss	none	A	False	False		0.8163	0.0473	1.57740486	0.7933	4419.3
hard:126853008	hard	A	A	True	True		0.7865	0.7865	0.059225940000000005	0.7598	3360.6
hard:765057007	hard	A	A	True	True		0.958	0.958	0.002353360000000003	0.9527	4493.0
hard:104431000119107	hard	A	A	True	True		0.9444	0.9444	0.0037480399999999985	0.9374	4194.0
easy:87074006	easy	A	A	True	True		0.9587	0.9587	0.0021894200000000005	0.9535	3568.0
hard:699676006	hard	A	A	True	True		0.9499	0.9499	0.0032033200000000034	0.9436	3010.2
none-narrower:405539004	none-narrower	none	none	True	False		0.6173	0.6173	0.20607524000000002	0.5694	3740.2
none-narrower:296561000119108	none-narrower	none	A	False	False		0.5886	0.2452	0.9240701	0.5371	3605.5
hard:717055000	hard	A	A	True	True		0.9512	0.9512	0.0030456499999999952	0.9452	3126.8
hard:724066002	hard	A	A	True	True		0.9063	0.9063	0.010966120000000001	0.8946	4385.3
hard:404041003	hard	A	A	True	True		0.8522	0.8522	0.02847429000000001	0.8338	3649.5
hard:409658007	hard	A	A	True	True		0.9429	0.9429	0.0041260300000000045	0.9357	2962.0
hard:720010009	hard	A	A	True	True		0.9504	0.9504	0.0030016499999999976	0.9442	4751.0
none-narrower:71003000	none-narrower	none	none	True	False		0.5909	0.5909	0.20712696000000003	0.5398	4266.7
easy:204319006	easy	A	A	True	True		0.9744	0.9744	0.0009060799999999977	0.9712	3355.6
hard:768556005	hard	A	A	True	True		0.9555	0.9555	0.0023836099999999987	0.95	5221.5
none-narrower:399723004	none-narrower	none	none	True	False		0.5211	0.5211	0.32456047	0.4612	3993.3
easy:205649008	easy	C	C	True	False		0.6785	0.6785	0.13502334	0.6383	3465.4
hard:30496006	hard	B	B	True	False		0.9336	0.9336	0.005935950000000001	0.9253	4340.8
easy:360378009	easy	A	A	True	True		0.9731	0.9731	0.0009376900000000019	0.9697	3930.0
hard:254637007	hard	A	A	True	True		0.9144	0.9144	0.008972680000000002	0.9037	3753.3
hard:423607006	hard	A	A	True	True		0.9176	0.9176	0.008745690000000006	0.9073	3647.7
easy:85901000	easy	A	A	True	True		0.6182	0.6182	0.19708269	0.5705	4097.4
hard:274718005	hard	A	A	True	True		0.9178	0.9178	0.00873116000000001	0.9076	3434.3
easy:81285006	easy	A	A	True	True		0.9405	0.9405	0.004311409999999999	0.933	3132.7
none-narrower:765481009	none-narrower	none	none	True	False		0.576	0.576	0.24044047000000004	0.523	3472.3
none-narrower:430348006	none-narrower	none	A	False	False		0.544	0.2515	0.8700308699999999	0.487	3188.4
easy:719576009	easy	A	A	True	True		0.8378	0.8378	0.033740160000000005	0.8175	5899.8
easy:763130006	easy	A	A	True	True		0.9551	0.9551	0.002707380000000005	0.9495	4457.2
none-narrower:22721008	none-narrower	none	none	True	False		0.4515	0.4515	0.49223085	0.383	4356.2
easy:29352008	easy	A	A	True	True		0.9117	0.9117	0.00983987000000001	0.9006	5141.1
easy:719646006	easy	A	A	True	True		0.9745	0.9745	0.0008597299999999984	0.9713	7091.2
hard:15188001	hard	A	A	True	True		0.8057	0.8057	0.05239879000000001	0.7815	3944.9
easy:79674009	easy	A	A	True	True		0.936	0.936	0.0056405299999999926	0.928	5372.3
retrieval-miss:45894003	retrieval-miss	none	none	True	False		0.656	0.656	0.19445248999999998	0.613	4351.0
hard:726341009	hard	A	A	True	True		0.8817	0.8817	0.01959801999999999	0.8669	3580.4
none-narrower:266571009	none-narrower	none	none	True	False		0.46	0.46	0.48458991000000007	0.3926	2915.6
retrieval-miss:254150007	retrieval-miss	none	B	False	False		0.4911	0.1693	1.00869076	0.4275	5648.0
hard:40159009	hard	A	A	True	True		0.6582	0.6582	0.14470525	0.6155	5295.0
none-narrower:735522008	none-narrower	none	none	True	False		0.4901	0.4901	0.39389666999999995	0.4263	4747.4
easy:718632004	easy	A	A	True	True		0.957	0.957	0.002298460000000003	0.9517	5470.4
hard:80544005	hard	A	A	True	True		0.8703	0.8703	0.020718500000000008	0.8541	5402.0
none-narrower:447139008	none-narrower	none	A	False	False		0.5341	0.3372	0.73355053	0.4758	3566.2
none-narrower:127321000	none-narrower	none	none	True	False		0.499	0.499	0.34145167	0.4363	3161.0
easy:716092007	easy	A	A	True	True		0.9676	0.9676	0.0013405099999999988	0.9636	6474.7
hard:716775009	hard	A	A	True	True		0.9455	0.9455	0.0039026899999999995	0.9387	5351.5
easy:733110004	easy	A	A	True	True		0.9614	0.9614	0.0019122099999999973	0.9566	5499.5
hard:721221000	hard	C	C	True	False		0.9584	0.9584	0.0022535699999999977	0.9533	5203.8
easy:105261000119101	easy	A	A	True	True		0.9523	0.9523	0.002837059999999997	0.9464	4139.7
easy:84241008	easy	A	A	True	True		0.9316	0.9316	0.005764050000000003	0.923	3230.7
easy:398831006	easy	A	A	True	True		0.3341	0.3341	0.5620082899999999	0.2508	3677.5
hard:367601000119103	hard	A	A	True	True		0.9407	0.9407	0.0044139300000000025	0.9333	4023.9
easy:716007007	easy	A	A	True	True		0.9307	0.9307	0.005828760000000004	0.9221	4403.5
hard:46168003	hard	A	A	True	True		0.4183	0.4183	0.43721465	0.3455	3685.5
easy:16059006	easy	A	A	True	True		0.9542	0.9542	0.0028319299999999955	0.9484	5187.8
hard:37075008	hard	E	E	True	False		0.8365	0.8365	0.03598733999999999	0.8161	3593.1
easy:46206005	easy	A	A	True	True		0.8567	0.8567	0.028520749999999997	0.8388	2527.5
hard:717827000	hard	A	A	True	True		0.9257	0.9257	0.006724930000000005	0.9164	5382.8
hard:1475003	hard	A	A	True	True		0.934	0.934	0.0056127999999999924	0.9258	4331.5
none-narrower:86100009	none-narrower	none	none	True	False		0.3522	0.3522	0.5023452399999999	0.2713	3394.1
easy:234500001	easy	A	A	True	True		0.9424	0.9424	0.004170149999999998	0.9353	3900.3
easy:715673002	easy	A	A	True	True		0.9584	0.9584	0.0021145999999999977	0.9532	5431.0
retrieval-miss:2109003	retrieval-miss	none	none	True	False		0.8808	0.8808	0.017034449999999993	0.8659	4423.8
hard:277602003	hard	A	A	True	True		0.894	0.894	0.013660609999999997	0.8807	3913.8
hard:363425008	hard	A	A	True	True		0.8504	0.8504	0.02899379999999999	0.8317	3981.8
retrieval-miss:188274004	retrieval-miss	none	none	True	False		0.683	0.683	0.16418103999999994	0.6434	3221.9
easy:198297004	easy	A	B	False	True		0.4092	0.269	0.75382073	0.3353	3612.7
hard:718200007	hard	A	A	True	True		0.8315	0.8315	0.040427199999999996	0.8105	3682.2
none-narrower:48352007	none-narrower	none	none	True	False		0.8214	0.8214	0.04478942999999999	0.7991	3012.9
easy:716279002	easy	A	A	True	True		0.9703	0.9703	0.001212439999999997	0.9665	5672.2
easy:720950009	easy	A	A	True	True		0.937	0.937	0.004839929999999993	0.9291	4543.5
none-narrower:1332388003	none-narrower	none	A	False	False		0.95	0.0262	1.8509858599999998	0.9437	4906.3
hard:33979003	hard	A	A	True	True		0.9332	0.9332	0.005749529999999996	0.9248	6182.8
easy:45281005	easy	A	A	True	True		0.8826	0.8826	0.016921869999999988	0.868	3807.7
none-narrower:1237368006	none-narrower	none	A	False	False		0.9489	0.0231	1.85492705	0.9425	5422.6
none-narrower:94166001	none-narrower	none	none	True	False		0.5722	0.5722	0.25025337	0.5187	4413.1
hard:254066006	hard	A	A	True	True		0.9688	0.9688	0.0012312100000000004	0.9649	4394.5
none-narrower:191668004	none-narrower	none	none	True	False		0.5488	0.5488	0.27830624000000004	0.4924	3867.1
hard:764711007	hard	A	A	True	True		0.9492	0.9492	0.003466509999999996	0.9428	5481.1
hard:254712007	hard	A	A	True	True		0.7167	0.7167	0.0977475	0.6813	4251.1
easy:70041004	easy	A	A	True	True		0.684	0.684	0.11609761999999997	0.6445	4126.0
none-narrower:24285001	none-narrower	none	none	True	False		0.6932	0.6932	0.11718311999999997	0.6548	4328.6
easy:389214003	easy	A	A	True	True		0.9736	0.9736	0.0009077599999999989	0.9702	5303.2
hard:79037006	hard	A	A	True	True		0.9664	0.9664	0.0015700399999999976	0.9622	3970.0
easy:69195002	easy	A	A	True	True		0.7501	0.7501	0.08714285000000002	0.7189	3317.4
easy:9014002	easy	A	A	True	True		0.9039	0.9039	0.011430509999999994	0.8919	3569.0
hard:410016009	hard	A	A	True	True		0.9557	0.9557	0.00257877	0.9501	5137.2
hard:69278003	hard	A	A	True	True		0.9075	0.9075	0.010718820000000004	0.896	4120.2
none-narrower:399899001	none-narrower	none	B	False	False		0.6072	0.267	0.9113844199999999	0.5581	4045.4
none-narrower:1237571004	none-narrower	none	D	False	False		0.7979	0.0502	1.55047266	0.7726	4358.3
hard:91521000119104	hard	A	A	True	True		0.9463	0.9463	0.0038923999999999973	0.9396	3441.2
easy:267431006	easy	A	A	True	True		0.4821	0.4821	0.38921037999999997	0.4173	3134.1
none-narrower:307762000	none-narrower	none	none	True	False		0.7377	0.7377	0.08869247	0.7049	2994.2
easy:231824001	easy	A	A	True	True		0.8745	0.8745	0.01910830999999999	0.8588	3486.3
hard:128606002	hard	A	A	True	True		0.8395	0.8395	0.03555719999999999	0.8194	3223.4
easy:16872008	easy	A	A	True	True		0.9621	0.9621	0.0018418800000000036	0.9574	3676.6
hard:52179003	hard	A	A	True	True		0.9122	0.9122	0.010016459999999998	0.9012	4044.0
none-narrower:38725001	none-narrower	none	none	True	False		0.5103	0.5103	0.34777381	0.4491	3388.9
easy:60676002	easy	A	A	True	True		0.8963	0.8963	0.013176990000000003	0.8833	3489.4
easy:239020008	easy	A	A	True	True		0.9214	0.9214	0.007865130000000001	0.9116	3522.7
hard:66207005	hard	D	D	True	False		0.9751	0.9751	0.0008879300000000016	0.9719	3805.1
none-narrower:44549008	none-narrower	none	A	False	False		0.451	0.3097	0.69681296	0.3824	3239.4
none-narrower:1373821001	none-narrower	none	none	True	False		0.8972	0.8972	0.01459971	0.8843	3730.7
hard:187777008	hard	A	A	True	True		0.8617	0.8617	0.024837299999999996	0.8444	3697.4
easy:406506008	easy	E	A	False	False		0.8986	0.0104	1.78880017	0.8859	3650.6
easy:444645005	easy	A	A	True	True		0.7393	0.7393	0.09393037000000001	0.7067	3837.4
hard:92470003	hard	A	A	True	True		0.8369	0.8369	0.03344819000000001	0.8165	4647.5
hard:30188007	hard	A	A	True	True		0.9824	0.9824	0.00041492999999999825	0.9802	4522.3
easy:11934000	easy	A	A	True	True		0.9494	0.9494	0.0035600899999999975	0.943	3517.2
none-narrower:702399004	none-narrower	none	none	True	False		0.5958	0.5958	0.21777559	0.5453	3503.0
none-narrower:75803007	none-narrower	none	none	True	False		0.712	0.712	0.11712787000000002	0.676	3255.7
retrieval-miss:205550003	retrieval-miss	none	A	False	False		0.892	0.0281	1.7421143	0.8785	3409.6
hard:230284004	hard	A	none	False	True		0.3361	0.2073	0.80444356	0.2531	4005.8
hard:363354003	hard	A	A	True	True		0.8503	0.8503	0.028266760000000016	0.8316	3612.8
none-narrower:197599000	none-narrower	none	A	False	False		0.8706	0.0924	1.58212831	0.8544	3488.4
easy:734024009	easy	A	A	True	True		0.9334	0.9334	0.00527203	0.9251	4105.5
easy:716195006	easy	A	A	True	True		0.9361	0.9361	0.005054469999999994	0.9281	5246.7
retrieval-miss:275498002	retrieval-miss	none	none	True	False		0.793	0.793	0.05462404999999998	0.7671	3800.7
easy:716741008	easy	A	A	True	True		0.8065	0.8065	0.05154418	0.7823	4920.4
easy:6631009	easy	A	A	True	True		0.7411	0.7411	0.08920548000000002	0.7088	4581.7
easy:76902006	easy	A	A	True	True		0.9456	0.9456	0.00368002	0.9388	5338.4
easy:723308003	easy	A	A	True	True		0.948	0.948	0.0034533000000000046	0.9415	5517.4
none-narrower:86333008	none-narrower	none	A	False	False		0.9189	0.0464	1.7540245600000002	0.9087	4057.6
hard:21848000	hard	A	A	True	True		0.8638	0.8638	0.024668859999999994	0.8468	3778.2
none-narrower:74142004	none-narrower	none	none	True	False		0.4925	0.4925	0.39744975000000005	0.429	3523.0
hard:24867002	hard	B	none	False	False		0.5637	0.0879	1.19583222	0.5091	4503.6
easy:20639004	easy	A	A	True	True		0.9517	0.9517	0.003065200000000001	0.9457	4208.3
easy:45913009	easy	A	A	True	True		0.9047	0.9047	0.01110176000000001	0.8928	3276.4
easy:63122002	easy	A	A	True	True		0.9246	0.9246	0.0076417700000000035	0.9151	5569.1
easy:277155005	easy	A	A	True	True		0.8163	0.8163	0.04135688999999998	0.7934	3966.3
easy:64479007	easy	A	A	True	True		0.797	0.797	0.05555406999999998	0.7716	4963.6
none-narrower:4477007	none-narrower	none	none	True	False		0.4585	0.4585	0.3502474	0.3908	5927.1
easy:448315008	easy	A	A	True	True		0.9109	0.9109	0.009826839999999991	0.8998	4273.4
hard:707354003	hard	A	A	True	True		0.8799	0.8799	0.020464439999999993	0.8649	4781.9
hard:64250002	hard	A	A	True	True		0.9524	0.9524	0.0028271299999999976	0.9464	4281.7
easy:716169009	easy	A	A	True	True		0.9657	0.9657	0.0015700100000000002	0.9614	5495.9
easy:18910001	easy	A	A	True	True		0.8941	0.8941	0.01417555	0.8809	4023.0
easy:111405003	easy	A	A	True	True		0.9585	0.9585	0.0023746499999999986	0.9533	5599.8
easy:75116005	easy	A	A	True	True		0.9716	0.9716	0.0011669099999999989	0.968	5726.7
none-narrower:201988000	none-narrower	none	none	True	False		0.4273	0.4273	0.4837678099999999	0.3557	3857.4
hard:405810005	hard	A	A	True	True		0.9683	0.9683	0.0012847599999999968	0.9643	4296.5
easy:733085004	easy	A	A	True	True		0.9723	0.9723	0.000963569999999997	0.9688	6826.8
none-narrower:195812001	none-narrower	none	B	False	False		0.4408	0.3767	0.59310624	0.371	3997.4
none-narrower:399207003	none-narrower	none	none	True	False		0.6103	0.6103	0.19629438000000005	0.5616	3816.9
hard:84777002	hard	A	A	True	True		0.9058	0.9058	0.01164312999999999	0.894	4030.5
hard:733599009	hard	B	B	True	False		0.932	0.932	0.005735239999999992	0.9235	6352.6
hard:720520009	hard	A	A	True	True		0.9493	0.9493	0.003218309999999997	0.943	5935.5
easy:33595009	easy	A	A	True	True		0.4995	0.4995	0.37428581	0.437	4440.6
easy:11666007	easy	A	A	True	True		0.9447	0.9447	0.004253360000000001	0.9377	4757.9
hard:55444004	hard	A	A	True	True		0.9329	0.9329	0.005702370000000007	0.9245	3908.8
easy:10741005	easy	A	A	True	True		0.798	0.798	0.05313493999999998	0.7727	3920.2
hard:190919008	hard	A	A	True	True		0.6559	0.6559	0.18049015999999996	0.6129	3178.2
easy:233621003	easy	A	A	True	True		0.9096	0.9096	0.010207160000000005	0.8983	3439.3
hard:443937008	hard	A	A	True	True		0.9256	0.9256	0.006713420000000003	0.9163	3679.7
hard:707405009	hard	A	A	True	True		0.7878	0.7878	0.058470620000000015	0.7612	3783.1
easy:109041000119107	easy	A	A	True	True		0.867	0.867	0.025284910000000008	0.8504	4604.5
hard:7620006	hard	A	A	True	True		0.6335	0.6335	0.20780241000000005	0.5877	3865.6
hard:45853006	hard	A	A	True	True		0.9646	0.9646	0.001606289999999999	0.9602	5536.1
easy:721187005	easy	A	A	True	True		0.9321	0.9321	0.005832039999999995	0.9236	5916.1
easy:71325002	easy	A	A	True	True		0.8814	0.8814	0.01684946000000001	0.8666	4216.2
hard:192727001	hard	D	D	True	False		0.9665	0.9665	0.0015099599999999981	0.9623	3977.6
hard:235603003	hard	A	A	True	True		0.9576	0.9576	0.002248499999999999	0.9523	3670.5
hard:83275001	hard	A	A	True	True		0.8957	0.8957	0.01362725999999999	0.8826	2821.6
retrieval-miss:49562005	retrieval-miss	none	none	True	False		0.4047	0.4047	0.4389221099999999	0.3303	4130.2
none-narrower:16466741000119102	none-narrower	none	A	False	False		0.8262	0.1069	1.48129748	0.8044	3747.3
hard:39462005	hard	A	A	True	True		0.9606	0.9606	0.0020661099999999995	0.9557	3801.0
hard:74728003	hard	A	A	True	True		0.9339	0.9339	0.0052142100000000064	0.9256	3697.9
hard:73397007	hard	A	A	True	True		0.9725	0.9725	0.0009605299999999982	0.9691	3653.0
easy:86095007	easy	A	A	True	True		0.9147	0.9147	0.009031550000000008	0.9041	3662.7
hard:448254007	hard	A	A	True	True		0.789	0.789	0.058446669999999985	0.7626	3791.8
easy:109378008	easy	A	A	True	True		0.9092	0.9092	0.010716129999999999	0.8978	4956.0
hard:715415005	hard	A	A	True	True		0.9281	0.9281	0.006292109999999995	0.9191	5208.1
easy:85149007	easy	A	A	True	True		0.9581	0.9581	0.002360640000000004	0.9528	5787.8
hard:763455008	hard	A	A	True	True		0.6014	0.6014	0.21687186999999997	0.5515	6359.7
none-narrower:1197333008	none-narrower	none	A	False	False		0.7752	0.1506	1.32453332	0.7471	3460.7
hard:92246000	hard	A	A	True	True		0.931	0.931	0.005979179999999994	0.9224	3943.7
none-narrower:61458006	none-narrower	none	none	True	False		0.532	0.532	0.32205407999999996	0.4735	4265.3
hard:715626008	hard	A	A	True	True		0.9607	0.9607	0.0019256800000000001	0.9558	4146.9
hard:717181004	hard	A	A	True	True		0.9678	0.9678	0.0014127500000000004	0.9638	5006.3
hard:40283005	hard	A	A	True	True		0.4691	0.4691	0.3970405499999998	0.4027	3729.6
easy:363505006	easy	A	A	True	True		0.792	0.792	0.057369839999999984	0.766	3980.0
none-narrower:90974009	none-narrower	none	C	False	False		0.5471	0.2166	0.9270965499999999	0.4904	3309.3
hard:722947004	hard	A	A	True	True		0.9049	0.9049	0.010828269999999992	0.893	3422.6
hard:715987000	hard	A	A	True	True		0.9515	0.9515	0.002928889999999999	0.9454	5461.4
none-narrower:1172901009	none-narrower	none	A	False	False		0.9415	0.0211	1.84499213	0.9342	4403.2
hard:237957007	hard	A	A	True	True		0.8773	0.8773	0.01842031000000001	0.862	6361.6
hard:237964009	hard	A	A	True	True		0.9642	0.9642	0.0017149400000000038	0.9597	5608.4
easy:33225004	easy	A	A	True	True		0.9472	0.9472	0.0036074399999999956	0.9407	3968.8
hard:719305006	hard	A	A	True	True		0.9073	0.9073	0.010250700000000003	0.8957	4478.9
easy:722675000	easy	A	A	True	True		0.9766	0.9766	0.000716339999999999	0.9737	4482.8
easy:723441001	easy	A	A	True	True		0.6725	0.6725	0.14034393	0.6315	5139.5
hard:93471006	hard	A	A	True	True		0.9383	0.9383	0.004814559999999997	0.9306	4016.1
easy:237603002	easy	A	A	True	True		0.9184	0.9184	0.008120480000000001	0.9082	4454.9
none-narrower:95525004	none-narrower	none	none	True	False		0.6932	0.6932	0.11853864999999997	0.6548	3849.7
hard:417967008	hard	A	A	True	True		0.9277	0.9277	0.0068767300000000045	0.9187	4630.8
easy:718720007	easy	A	A	True	True		0.9428	0.9428	0.003925920000000003	0.9357	4154.7
none-narrower:1366243009	none-narrower	none	A	False	False		0.4714	0.329	0.69126244	0.4054	3194.9
none-narrower:427435004	none-narrower	none	none	True	False		0.8312	0.8312	0.03882086999999998	0.8101	3823.1
easy:404109006	easy	A	A	True	True		0.9294	0.9294	0.006079419999999999	0.9206	3929.5
hard:717041008	hard	A	A	True	True		0.9433	0.9433	0.004086729999999997	0.9362	4053.5
none-narrower:61823004	none-narrower	none	none	True	False		0.6516	0.6516	0.16091345	0.608	3845.6
easy:70070008	easy	A	none	False	True		0.4286	0.1597	0.92561384	0.3572	5752.4
hard:129000002	hard	A	A	True	True		0.9301	0.9301	0.006189859999999995	0.9213	4633.9
hard:56478004	hard	A	A	True	True		0.9647	0.9647	0.0015719299999999998	0.9602	4146.8
retrieval-miss:402736003	retrieval-miss	none	A	False	False		0.6993	0.2546	1.04501658	0.6618	5798.4
none-narrower:238778000	none-narrower	none	none	True	False		0.5821	0.5821	0.28583859000000006	0.5299	4600.7
easy:254956000	easy	A	A	True	True		0.8747	0.8747	0.01923169999999999	0.8591	4351.2
easy:84828003	easy	A	A	True	True		0.9178	0.9178	0.008194510000000009	0.9076	5194.0
hard:49607006	hard	A	A	True	True		0.5239	0.5239	0.37599737	0.4644	6592.8
easy:239112008	easy	A	A	True	True		0.9015	0.9015	0.011925600000000005	0.8892	4626.7
hard:10934005	hard	A	A	True	True		0.8837	0.8837	0.01725691999999999	0.8691	5478.9
hard:34528009	hard	A	A	True	True		0.8075	0.8075	0.050224399999999995	0.7834	4174.1
easy:88518009	easy	A	A	True	True		0.9693	0.9693	0.0012087799999999968	0.9654	3808.2
none-narrower:438628005	none-narrower	none	none	True	False		0.5354	0.5354	0.26755273	0.4773	3628.4
easy:722062004	easy	A	A	True	True		0.9501	0.9501	0.0030685200000000056	0.9439	5525.8
easy:82523003	easy	A	A	True	True		0.9341	0.9341	0.005469729999999995	0.9259	4066.1
hard:72836002	hard	A	A	True	True		0.9546	0.9546	0.00300147	0.949	4486.6
easy:74351001	easy	A	A	True	True		0.9701	0.9701	0.0011820600000000024	0.9664	3957.9
hard:4445009	hard	A	A	True	True		0.6233	0.6233	0.22196628000000002	0.5763	3870.2
hard:75316000	hard	A	A	True	True		0.9633	0.9633	0.0016407999999999967	0.9587	4455.6
hard:38959009	hard	A	A	True	True		0.8607	0.8607	0.02328535999999999	0.8433	3485.9
easy:408663001	easy	A	A	True	True		0.9379	0.9379	0.0056453600000000055	0.9301	5007.4
none-narrower:427921009	none-narrower	none	none	True	False		0.4341	0.4341	0.43198177000000015	0.3634	2952.0
hard:205681004	hard	A	A	True	True		0.8462	0.8462	0.028694800000000017	0.827	3957.5
easy:66038001	easy	A	A	True	True		0.9247	0.9247	0.006814700000000004	0.9153	5885.6
hard:71941009	hard	A	A	True	True		0.7975	0.7975	0.05464314000000001	0.7722	4031.4
easy:715625007	easy	A	A	True	True		0.9586	0.9586	0.002172369999999999	0.9535	4908.5
none-narrower:15977008	none-narrower	none	none	True	False		0.6808	0.6808	0.17113380000000003	0.6408	4877.6
easy:10649000	easy	A	A	True	True		0.9586	0.9586	0.0024738499999999997	0.9534	5764.2
hard:26609002	hard	B	A	False	False		0.9479	0.0241	1.85127095	0.9414	5277.8
hard:712922002	hard	A	A	True	True		0.9407	0.9407	0.005792340000000002	0.9333	5384.7
easy:254664008	easy	A	A	True	True		0.9216	0.9216	0.007603710000000003	0.9118	4427.3
hard:723096000	hard	A	A	True	True		0.9547	0.9547	0.0027935200000000007	0.9491	3607.3
hard:719300001	hard	A	A	True	True		0.9599	0.9599	0.0020628000000000022	0.9548	5318.0
easy:46785007	easy	A	A	True	True		0.9173	0.9173	0.00851732	0.9069	5724.5
hard:58648008	hard	A	A	True	True		0.906	0.906	0.011549659999999995	0.8943	6044.5
none-narrower:719042007	none-narrower	none	B	False	False		0.9429	0.0258	1.83835164	0.9357	4515.0
easy:68210006	easy	A	A	True	True		0.915	0.915	0.009784179999999995	0.9044	4308.6
easy:276799004	easy	A	A	True	True		0.9127	0.9127	0.009454130000000008	0.9018	6272.6
hard:231896005	hard	A	A	True	True		0.9439	0.9439	0.003945240000000004	0.9369	4221.3
hard:63103006	hard	A	A	True	True		0.8963	0.8963	0.013567950000000004	0.8833	3343.6
easy:187842004	easy	A	A	True	True		0.739	0.739	0.0985352	0.7064	5008.0
hard:128117002	hard	A	A	True	True		0.8104	0.8104	0.04931039000000001	0.7867	4040.0
hard:78769001	hard	A	A	True	True		0.9253	0.9253	0.0071441399999999985	0.916	4022.2
easy:22841008	easy	A	A	True	True		0.856	0.856	0.025616690000000004	0.838	5398.6
hard:254701007	hard	A	A	True	True		0.9461	0.9461	0.003969519999999994	0.9393	4432.9
none-narrower:521000146105	none-narrower	none	none	True	False		0.5591	0.5591	0.26928151999999994	0.504	4585.8
hard:239940004	hard	A	A	True	True		0.9603	0.9603	0.0019982999999999967	0.9554	4041.8
easy:763622006	easy	B	B	True	False		0.9674	0.9674	0.0013247899999999976	0.9633	3851.5
none-narrower:871655005	none-narrower	none	A	False	False		0.734	0.2117	1.16068649	0.7008	3791.6
none-narrower:25668000	none-narrower	none	A	False	False		0.9369	0.0285	1.8220137399999998	0.929	3399.0
hard:719599008	hard	A	A	True	True		0.968	0.968	0.001320020000000002	0.964	4691.4
hard:52824009	hard	A	A	True	True		0.5069	0.5069	0.33676926999999995	0.4452	3065.7
hard:715827001	hard	A	A	True	True		0.9556	0.9556	0.00255935	0.9501	5058.6
easy:307343001	easy	A	A	True	True		0.8552	0.8552	0.03032893000000001	0.8371	3739.7
none-narrower:95795006	none-narrower	none	none	True	False		0.4721	0.4721	0.34932426000000005	0.4062	2312.1
none-narrower:762379000	none-narrower	none	none	True	False		0.8116	0.8116	0.04364322	0.7881	3527.1
none-narrower:26284000	none-narrower	none	H	False	False		0.5353	0.2431	0.87305645	0.4772	3409.9
easy:240877000	easy	A	A	True	True		0.8966	0.8966	0.01318878000000001	0.8837	3390.8
easy:717332007	easy	A	A	True	True		0.9691	0.9691	0.0011923300000000023	0.9653	4583.5
easy:75544000	easy	A	A	True	True		0.8877	0.8877	0.01540955999999999	0.8736	2626.6
easy:126956001	easy	A	A	True	True		0.9406	0.9406	0.004575520000000001	0.9332	3797.3
hard:444921008	hard	D	none	False	False		0.6309	0.2955	0.89556137	0.5848	3821.1
none-narrower:403151007	none-narrower	none	none	True	False		0.6593	0.6593	0.15593383000000002	0.6167	3371.2
easy:104081000119103	easy	A	A	True	True		0.689	0.689	0.12436378000000003	0.6501	3714.3
easy:25277000	easy	A	A	True	True		0.9428	0.9428	0.004009400000000003	0.9356	3416.0
none-narrower:26884006	none-narrower	none	none	True	False		0.5543	0.5543	0.25753388	0.4986	5221.3
retrieval-miss:51689003	retrieval-miss	none	none	True	False		0.7474	0.7474	0.09253649000000001	0.7158	4264.8
hard:399107008	hard	A	A	True	True		0.8985	0.8985	0.013485330000000007	0.8858	2662.2
hard:13596001	hard	A	A	True	True		0.923	0.923	0.007444749999999993	0.9134	4057.1
hard:722455002	hard	A	A	True	True		0.9415	0.9415	0.0043714999999999995	0.9342	6326.7
hard:10890000	hard	A	A	True	True		0.9022	0.9022	0.01205987	0.89	4316.1
easy:328611000119105	easy	A	A	True	True		0.843	0.843	0.03203508000000001	0.8233	4351.8
retrieval-miss:32599008	retrieval-miss	none	none	True	False		0.7877	0.7877	0.058282850000000025	0.7612	3750.1
none-narrower:1296880000	none-narrower	none	A	False	False		0.8128	0.1214	1.43366459	0.7894	4043.7
hard:49292002	hard	A	A	True	True		0.9154	0.9154	0.008648860000000003	0.9048	4199.8
none-narrower:201240005	none-narrower	none	none	True	False		0.3767	0.3767	0.5393496099999999	0.2988	4142.0
none-narrower:74372003	none-narrower	none	none	True	False		0.6942	0.6942	0.13827860999999997	0.656	4772.1
easy:372244006	easy	A	A	True	True		0.7918	0.7918	0.05693888000000002	0.7658	3700.4
none-narrower:243410003	none-narrower	none	none	True	False		0.7482	0.7482	0.09087692000000001	0.7167	3878.8
hard:715829003	hard	A	A	True	True		0.8675	0.8675	0.023007119999999985	0.851	4072.6
easy:37471005	easy	A	A	True	True		0.9471	0.9471	0.003343259999999994	0.9404	3896.4
none-narrower:1177035002	none-narrower	none	none	True	False		0.7898	0.7898	0.05499437000000002	0.7635	4157.5
none-narrower:201996005	none-narrower	none	none	True	False		0.5067	0.5067	0.36539784	0.445	2798.2
none-narrower:277481003	none-narrower	none	none	True	False		0.5095	0.5095	0.35839308000000003	0.4482	3531.3
easy:715796006	easy	A	A	True	True		0.9546	0.9546	0.00248737	0.949	7566.2
easy:413656006	easy	A	A	True	True		0.9302	0.9302	0.006283879999999997	0.9215	4543.0
easy:189167009	easy	A	A	True	True		0.9024	0.9024	0.011882090000000007	0.8902	4284.3
easy:78590007	easy	A	A	True	True		0.968	0.968	0.001288350000000002	0.964	3718.7
retrieval-miss:43116000	retrieval-miss	none	A	False	False		0.4125	0.2865	0.69444835	0.339	3353.1
easy:238036004	easy	A	A	True	True		0.8426	0.8426	0.033977919999999995	0.8229	2980.2
none-narrower:301824001	none-narrower	none	none	True	False		0.3949	0.3949	0.55085432	0.3193	3265.0
easy:716200002	easy	A	A	True	True		0.9675	0.9675	0.0013699299999999982	0.9635	5714.3
hard:768926005	hard	A	A	True	True		0.9396	0.9396	0.004676340000000001	0.932	9793.8
hard:59032001	hard	A	A	True	True		0.9494	0.9494	0.0032891599999999976	0.9431	3872.0
easy:198142001	easy	A	A	True	True		0.9327	0.9327	0.005740380000000003	0.9243	3879.6
retrieval-miss:361115000	retrieval-miss	none	A	False	False		0.9596	0.019	1.88327417	0.9546	4053.3
easy:363464006	easy	A	A	True	True		0.8567	0.8567	0.026320219999999995	0.8388	3304.6
easy:429998004	easy	A	A	True	True		0.9381	0.9381	0.004738749999999995	0.9304	4782.2
hard:37109004	hard	A	A	True	True		0.9485	0.9485	0.00397262	0.9421	6622.7
hard:231472009	hard	A	A	True	True		0.9517	0.9517	0.0029798100000000007	0.9457	3723.7
hard:270491006	hard	A	A	True	True		0.8608	0.8608	0.023082469999999997	0.8434	2895.1
none-narrower:723905008	none-narrower	none	none	True	False		0.4233	0.4233	0.52287188	0.3513	3388.2
hard:12313004	hard	A	A	True	True		0.9494	0.9494	0.0034454499999999975	0.9431	4073.0
hard:127030001	hard	A	A	True	True		0.8486	0.8486	0.03149232	0.8297	5188.1
easy:92093000	easy	A	A	True	True		0.9498	0.9498	0.0031429900000000018	0.9435	4919.8
easy:25362006	easy	A	A	True	True		0.9111	0.9111	0.011501739999999995	0.8999	5146.4
none-narrower:312085005	none-narrower	none	none	True	False		0.2916	0.2916	0.6182242099999999	0.203	4110.4
hard:53913001	hard	A	A	True	True		0.8893	0.8893	0.015944170000000004	0.8755	4243.8
none-narrower:232121005	none-narrower	none	none	True	False		0.6766	0.6766	0.15089091	0.6362	5868.0
easy:16631009	easy	A	A	True	True		0.8986	0.8986	0.013337950000000008	0.8859	4062.7
none-narrower:448478000	none-narrower	none	B	False	False		0.4752	0.2658	0.79160461	0.4096	3580.0
retrieval-miss:80328002	retrieval-miss	none	none	True	False		0.3273	0.3273	0.55673813	0.2432	4333.0
hard:410042009	hard	A	C	False	True		0.6189	0.1678	1.1073404199999999	0.5713	4204.6
easy:91954009	easy	A	A	True	True		0.9291	0.9291	0.006728499999999994	0.9202	4452.6
none-narrower:187701005	none-narrower	none	H	False	False		0.3342	0.2432	0.78360406	0.251	4256.0
hard:448542008	hard	A	A	True	True		0.9358	0.9358	0.0051695600000000045	0.9278	4457.5
none-narrower:40370006	none-narrower	none	E	False	False		0.6317	0.2306	0.9941377	0.5857	3327.2
hard:725138002	hard	A	A	True	True		0.9688	0.9688	0.0014545000000000003	0.9649	5078.9
hard:254767008	hard	A	A	True	True		0.9572	0.9572	0.0023371799999999956	0.9519	4139.6
easy:126926005	easy	A	A	True	True		0.885	0.885	0.018253919999999996	0.8706	4253.5
hard:403913006	hard	A	A	True	True		0.9322	0.9322	0.005847529999999997	0.9238	3878.8
hard:399432003	hard	A	A	True	True		0.8761	0.8761	0.018923350000000005	0.8606	4170.3
retrieval-miss:75474006	retrieval-miss	none	none	True	False		0.8987	0.8987	0.011933069999999988	0.886	3556.6
none-narrower:238951005	none-narrower	none	none	True	False		0.8905	0.8905	0.01595913000000001	0.8768	4647.7
none-narrower:447146004	none-narrower	none	A	False	False		0.9041	0.0677	1.68680805	0.8921	3364.2
easy:37344009	easy	B	B	True	False		0.8542	0.8542	0.03594318000000001	0.8359	3286.6
easy:392662004	easy	A	A	True	True		0.9315	0.9315	0.005892120000000001	0.9229	3882.3
none-narrower:1196861001	none-narrower	none	none	True	False		0.6506	0.6506	0.17030446000000005	0.6069	3699.8
easy:15682004	easy	A	A	True	True		0.9177	0.9177	0.008601560000000006	0.9074	3548.1
easy:55475008	easy	A	A	True	True		0.963	0.963	0.0017298000000000025	0.9584	5669.6
easy:423709000	easy	A	A	True	True		0.9084	0.9084	0.010032460000000003	0.897	4083.6
hard:27420004	hard	A	A	True	True		0.9611	0.9611	0.0018833100000000035	0.9562	4065.7
easy:733601006	easy	A	A	True	True		0.978	0.978	0.0006236800000000009	0.9752	6728.9
none-narrower:371012000	none-narrower	none	C	False	False		0.7647	0.0662	1.46830905	0.7353	5500.0
easy:715504003	easy	A	A	True	True		0.9602	0.9602	0.001969229999999996	0.9553	6048.4
easy:36742000	easy	A	A	True	True		0.9676	0.9676	0.001357859999999999	0.9636	3975.7
easy:239062001	easy	A	A	True	True		0.9514	0.9514	0.0028613499999999973	0.9453	6030.4
none-narrower:685031000119100	none-narrower	none	none	True	False		0.8999	0.8999	0.012329949999999994	0.8873	4237.1
none-narrower:371962007	none-narrower	none	A	False	False		0.7932	0.1203	1.4056111000000002	0.7673	3138.0
hard:722205008	hard	A	A	True	True		0.9537	0.9537	0.0026396700000000006	0.9479	5624.8
hard:38907003	hard	A	A	True	True		0.9362	0.9362	0.005421709999999996	0.9283	4013.4
easy:237950009	easy	A	A	True	True		0.8541	0.8541	0.028007490000000013	0.8359	5255.7
retrieval-miss:93132001	retrieval-miss	none	A	False	False		0.9526	0.0248	1.858558	0.9466	5920.1
none-narrower:87666009	none-narrower	none	A	False	False		0.5493	0.3716	0.6996098800000001	0.493	3864.1
easy:235966007	easy	A	A	True	True		0.9193	0.9193	0.008122859999999999	0.9092	4602.6
hard:254851009	hard	A	A	True	True		0.9057	0.9057	0.011585860000000012	0.8939	4412.5
easy:190303007	easy	A	A	True	True		0.9058	0.9058	0.01245734999999999	0.894	3481.5
none-narrower:1254906000	none-narrower	none	none	True	False		0.6298	0.6298	0.17033242999999998	0.5836	4423.0
easy:13507004	easy	A	A	True	True		0.8302	0.8302	0.038668719999999976	0.809	3972.2
hard:363408006	hard	A	A	True	True		0.9332	0.9332	0.005703009999999996	0.9249	3158.6
hard:230282000	hard	A	A	True	True		0.8583	0.8583	0.02772436000000001	0.8406	3786.7
easy:195180004	easy	A	A	True	True		0.9301	0.9301	0.006192899999999994	0.9214	2790.4
easy:230425004	easy	A	A	True	True		0.9096	0.9096	0.010024460000000008	0.8983	3914.6
hard:95315005	hard	A	A	True	True		0.8442	0.8442	0.032387310000000016	0.8247	3936.2
easy:59393003	easy	A	A	True	True		0.9475	0.9475	0.0033133899999999994	0.9409	4395.9
easy:77121009	easy	A	A	True	True		0.8873	0.8873	0.015336680000000005	0.8732	4668.6
hard:699305004	hard	A	A	True	True		0.9424	0.9424	0.004208279999999998	0.9352	4810.0
hard:71961003	hard	A	A	True	True		0.9537	0.9537	0.002677070000000001	0.948	3430.7
hard:254230001	hard	A	A	True	True		0.8616	0.8616	0.023128389999999988	0.8443	3589.3
easy:45339001	easy	A	A	True	True		0.7596	0.7596	0.07245268999999999	0.7296	3713.8
hard:193411004	hard	A	A	True	True		0.9099	0.9099	0.010253779999999994	0.8986	3814.5
easy:402792003	easy	A	A	True	True		0.6865	0.6865	0.12702782	0.6473	3339.6
hard:42574005	hard	A	A	True	True		0.9379	0.9379	0.005576560000000006	0.9302	3049.6
easy:7916009	easy	A	A	True	True		0.9563	0.9563	0.0024789399999999963	0.9509	2890.5
hard:702361006	hard	A	A	True	True		0.9522	0.9522	0.0029035099999999954	0.9463	4485.4
easy:92083007	easy	A	A	True	True		0.9479	0.9479	0.0033542200000000032	0.9414	3634.7
hard:90708001	hard	A	A	True	True		0.8913	0.8913	0.015279640000000004	0.8777	3268.6
none-narrower:429724002	none-narrower	none	H	False	False		0.434	0.4096	0.54497571	0.3633	3267.9
easy:9491003	easy	A	A	True	True		0.9076	0.9076	0.011646300000000007	0.896	2901.0
easy:450005	easy	A	A	True	True		0.8992	0.8992	0.01246179	0.8866	3347.3
hard:75006000	hard	A	A	True	True		0.8627	0.8627	0.02650774999999999	0.8455	4722.6
hard:719250005	hard	A	A	True	True		0.9675	0.9675	0.0013463399999999984	0.9634	8331.5
easy:764096006	easy	A	A	True	True		0.9555	0.9555	0.0024785399999999983	0.9499	7482.7
hard:69134001	hard	A	A	True	True		0.9015	0.9015	0.011498600000000006	0.8892	3841.5
easy:45170000	easy	A	A	True	True		0.8842	0.8842	0.016361760000000003	0.8697	5995.3
none-narrower:427419006	none-narrower	none	none	True	False		0.4815	0.4815	0.36025230999999996	0.4167	4259.0
hard:86103006	hard	A	A	True	True		0.3998	0.3998	0.49468135000000013	0.3247	3405.2
easy:44795003	easy	A	A	True	True		0.62	0.62	0.20437616000000003	0.5725	3735.3
none-narrower:13457005	none-narrower	none	none	True	False		0.6109	0.6109	0.24787369000000004	0.5622	3279.9
hard:725148000	hard	A	A	True	True		0.9015	0.9015	0.011762460000000008	0.8891	6369.2
retrieval-miss:22542007	retrieval-miss	none	none	True	False		0.4241	0.4241	0.4225630000000001	0.3521	4608.6
easy:253283000	easy	A	A	True	True		0.862	0.862	0.028537270000000003	0.8448	4483.0
easy:21009004	easy	A	A	True	True		0.9567	0.9567	0.0025235300000000004	0.9513	3738.0
retrieval-miss:124593001	retrieval-miss	none	A	False	False		0.5624	0.2986	0.81206436	0.5077	4604.4
easy:400946004	easy	F	F	True	False		0.9566	0.9566	0.0025322599999999993	0.9512	4209.8
easy:201191004	easy	A	A	True	True		0.9283	0.9283	0.006339809999999997	0.9193	2976.2
retrieval-miss:58437007	retrieval-miss	none	none	True	False		0.4708	0.4708	0.490189	0.4046	4366.4
easy:722381004	easy	A	A	True	True		0.9714	0.9714	0.0010534299999999976	0.9678	5972.5
easy:703406006	easy	A	A	True	True		0.8811	0.8811	0.01835701	0.8662	4721.3
none-narrower:302920007	none-narrower	none	none	True	False		0.6005	0.6005	0.21828420999999998	0.5506	3809.0
hard:410429000	hard	A	A	True	True		0.7974	0.7974	0.05230858	0.772	2751.2
hard:444830001	hard	A	A	True	True		0.4959	0.4959	0.3686037999999999	0.4329	4263.3
easy:717042001	easy	A	A	True	True		0.9042	0.9042	0.0116136	0.8923	4355.5
easy:29159009	easy	A	A	True	True		0.924	0.924	0.007877339999999993	0.9145	3437.1
none-narrower:767448007	none-narrower	none	A	False	False		0.9206	0.0318	1.78616492	0.9107	4777.8
hard:766704005	hard	A	A	True	True		0.9673	0.9673	0.0013892499999999966	0.9632	4239.3
hard:229733002	hard	A	A	True	True		0.9088	0.9088	0.01001538999999999	0.8974	2748.7
none-narrower:332461000119106	none-narrower	none	none	True	False		0.5994	0.5994	0.21166274999999996	0.5493	3245.1
none-narrower:1300178001	none-narrower	none	none	True	False		0.3433	0.3433	0.5259601	0.2612	2807.6
hard:397825006	hard	A	A	True	True		0.8846	0.8846	0.01719544999999999	0.8701	3448.0
easy:60318001	easy	A	A	True	True		0.8881	0.8881	0.016203270000000002	0.8741	4326.0
none-narrower:348681000119101	none-narrower	none	A	False	False		0.4104	0.377	0.57726576	0.3367	2917.4
hard:720414005	hard	B	B	True	False		0.972	0.972	0.0009982300000000014	0.9685	4559.4
easy:238011005	easy	A	A	True	True		0.9503	0.9503	0.003598429999999996	0.9441	4245.8
easy:95280005	easy	A	A	True	True		0.9187	0.9187	0.008515110000000006	0.9085	3800.4
none-narrower:789399002	none-narrower	none	none	True	False		0.6591	0.6591	0.17122827999999998	0.6165	3544.7
hard:28593007	hard	A	A	True	True		0.4653	0.4653	0.4661753799999999	0.3985	2953.7
easy:186668002	easy	A	A	True	True		0.9015	0.9015	0.014021740000000005	0.8892	4799.3
easy:20392000	easy	A	A	True	True		0.6643	0.6643	0.17360572	0.6223	2958.0
hard:442416002	hard	A	A	True	True		0.9548	0.9548	0.0025305700000000015	0.9491	3626.8
retrieval-miss:234110002	retrieval-miss	none	none	True	False		0.899	0.899	0.011962839999999995	0.8864	3117.5
easy:404086000	easy	A	A	True	True		0.9531	0.9531	0.003040600000000005	0.9472	4509.9
easy:367542003	easy	A	A	True	True		0.9442	0.9442	0.0038203999999999955	0.9372	4383.2
easy:123596001	easy	A	A	True	True		0.9054	0.9054	0.011834890000000002	0.8936	3455.5
easy:49723003	easy	A	A	True	True		0.9525	0.9525	0.0029884799999999987	0.9466	2957.1
none-narrower:1231379009	none-narrower	none	none	True	False		0.5233	0.5233	0.32830289	0.4637	3424.5
hard:719454003	hard	A	A	True	True		0.8698	0.8698	0.023073569999999995	0.8535	4345.3
hard:764997000	hard	A	A	True	True		0.9601	0.9601	0.0021000500000000035	0.9551	8113.5
easy:201192006	easy	A	A	True	True		0.7744	0.7744	0.061972580000000006	0.7462	2383.8
hard:718848000	hard	A	A	True	True		0.9082	0.9082	0.010162909999999999	0.8967	3423.5
none-narrower:16932000	none-narrower	none	B	False	False		0.3974	0.2676	0.7238	0.3221	4166.3
hard:82852009	hard	A	A	True	True		0.8729	0.8729	0.021859999999999997	0.857	3763.6
easy:92040001	easy	A	A	True	True		0.9648	0.9648	0.0016344800000000004	0.9604	3696.4
hard:36667009	hard	A	A	True	True		0.9677	0.9677	0.0013673099999999998	0.9637	3962.1
hard:254068007	hard	A	A	True	True		0.8856	0.8856	0.01574748999999999	0.8713	4655.3
hard:31323000	hard	A	A	True	True		0.9417	0.9417	0.004130780000000001	0.9344	4006.8
easy:60168000	easy	A	A	True	True		0.9287	0.9287	0.006145570000000004	0.9197	3988.6
easy:764859001	easy	A	A	True	True		0.9096	0.9096	0.010016850000000008	0.8983	3970.2
none-narrower:1052239007	none-narrower	none	none	True	False		0.5562	0.5562	0.23385617999999997	0.5008	4311.8
hard:237889002	hard	A	A	True	True		0.9623	0.9623	0.0018478599999999967	0.9576	6182.7
none-narrower:105710000	none-narrower	none	none	True	False		0.6793	0.6793	0.14249752	0.6392	4292.4
easy:1092381000119100	easy	A	A	True	True		0.8994	0.8994	0.014548880000000005	0.8868	3621.7
easy:719514002	easy	A	A	True	True		0.9563	0.9563	0.0025124899999999966	0.9508	7440.6
hard:126907002	hard	D	B	False	False		0.8834	0.0254	1.73327238	0.8689	4626.1
hard:764440006	hard	B	B	True	False		0.9735	0.9735	0.0009069699999999984	0.9702	6335.1
easy:766870005	easy	B	B	True	False		0.9668	0.9668	0.0013601300000000004	0.9627	6639.9
hard:720495005	hard	A	A	True	True		0.9708	0.9708	0.00110332	0.9671	4449.4
hard:711483003	hard	A	A	True	True		0.9178	0.9178	0.00862841000000001	0.9075	5175.7
hard:254774003	hard	A	A	True	True		0.9644	0.9644	0.0017553299999999977	0.9599	4018.7
retrieval-miss:719663005	retrieval-miss	none	A	False	False		0.6526	0.201	1.0699956399999997	0.6092	4185.0
easy:28366008	easy	A	A	True	True		0.9197	0.9197	0.007552420000000005	0.9097	4193.6
none-narrower:240704003	none-narrower	none	C	False	False		0.4284	0.4264	0.51936375	0.357	3798.5
easy:707374005	easy	A	A	True	True		0.9624	0.9624	0.0019282699999999976	0.9577	5223.7
retrieval-miss:238019007	retrieval-miss	none	A	False	False		0.3471	0.3315	0.60299089	0.2654	3981.3
hard:402425006	hard	A	A	True	True		0.9253	0.9253	0.007245769999999999	0.916	3034.5
none-narrower:724647003	none-narrower	none	A	False	False		0.5063	0.2398	0.8458762599999999	0.4446	7596.4
easy:26029002	easy	A	A	True	True		0.9548	0.9548	0.0026376700000000012	0.9491	4229.2
easy:300988009	easy	A	A	True	True		0.8179	0.8179	0.04387187000000002	0.7951	3131.9
easy:371160000	easy	A	A	True	True		0.8735	0.8735	0.019956899999999986	0.8577	4844.8
easy:2589008	easy	A	A	True	True		0.9518	0.9518	0.003002880000000002	0.9458	4184.1
hard:83172007	hard	A	A	True	True		0.8744	0.8744	0.019392240000000012	0.8587	2700.9
hard:266254007	hard	A	A	True	True		0.8959	0.8959	0.013170699999999994	0.8829	3227.2
hard:128123007	hard	A	A	True	True		0.3987	0.3987	0.47950397999999994	0.3236	3614.9
easy:399906000	easy	A	A	True	True		0.9326	0.9326	0.0057507300000000025	0.9242	3221.7
hard:62005008	hard	A	A	True	True		0.8818	0.8818	0.017991149999999994	0.867	3968.2
retrieval-miss:197284004	retrieval-miss	none	none	True	False		0.7516	0.7516	0.07223456999999997	0.7205	3089.1
easy:60389000	easy	A	A	True	True		0.9192	0.9192	0.008779159999999998	0.9091	4331.3
easy:55850004	easy	A	A	True	True		0.9487	0.9487	0.0035996200000000013	0.9423	4709.4
hard:763209008	hard	A	A	True	True		0.9547	0.9547	0.0026805600000000007	0.949	6292.4
easy:123948009	easy	B	B	True	False		0.937	0.937	0.005231659999999994	0.9291	4277.3
none-narrower:197853008	none-narrower	none	C	False	False		0.7707	0.1557	1.3081095400000002	0.742	2423.9
hard:53783003	hard	A	A	True	True		0.8994	0.8994	0.013203380000000006	0.8868	3875.9
hard:722389002	hard	A	A	True	True		0.9452	0.9452	0.0038502299999999953	0.9384	4403.9
hard:9078005	hard	A	A	True	True		0.9681	0.9681	0.0013195200000000024	0.9641	3239.1
hard:234349007	hard	A	A	True	True		0.844	0.844	0.031002970000000008	0.8245	3201.4
easy:63042009	easy	A	A	True	True		0.8874	0.8874	0.01818823000000001	0.8733	3832.3
easy:404077005	easy	A	A	True	True		0.8553	0.8553	0.025044950000000014	0.8372	3599.1
hard:93559003	hard	A	A	True	True		0.9503	0.9503	0.0031163799999999967	0.9441	4822.9
easy:92660005	easy	A	A	True	True		0.9195	0.9195	0.008886330000000003	0.9094	3418.1
hard:187675005	hard	A	A	True	True		0.8512	0.8512	0.029722050000000014	0.8326	3581.8
hard:34713006	hard	A	A	True	True		0.9453	0.9453	0.0037002999999999966	0.9384	3906.6
none-narrower:1090651000119103	none-narrower	none	A	False	False		0.521	0.3202	0.7434627	0.4611	3355.4
hard:253353007	hard	A	A	True	True		0.9233	0.9233	0.007699159999999998	0.9137	4250.2
easy:239918008	easy	A	A	True	True		0.8876	0.8876	0.01591857000000001	0.8736	3801.5
none-narrower:30390004	none-narrower	none	none	True	False		0.4845	0.4845	0.4094612900000001	0.4201	3089.0
hard:63144007	hard	A	A	True	True		0.9643	0.9643	0.0017212899999999964	0.9599	3986.0
easy:230350000	easy	A	A	True	True		0.9673	0.9673	0.001295799999999997	0.9632	4312.9
easy:255037004	easy	A	A	True	True		0.8755	0.8755	0.021026260000000012	0.8599	3858.8
hard:128333008	hard	A	A	True	True		0.901	0.901	0.012433599999999996	0.8886	3415.3
easy:254589009	easy	A	A	True	True		0.9156	0.9156	0.008495550000000004	0.905	3414.8
easy:399995006	easy	A	A	True	True		0.9264	0.9264	0.00672977	0.9172	3589.8
hard:444150000	hard	A	A	True	True		0.8559	0.8559	0.02557622	0.8379	3285.9
easy:427232004	easy	A	A	True	True		0.9089	0.9089	0.011107479999999994	0.8975	4428.2
easy:253098009	easy	A	A	True	True		0.9324	0.9324	0.0056840599999999995	0.9239	4590.9
easy:65295003	easy	A	A	True	True		0.9557	0.9557	0.0024562200000000003	0.9502	3642.9
hard:204950001	hard	A	A	True	True		0.9103	0.9103	0.009766170000000001	0.8991	3585.7
easy:63398001	easy	A	A	True	True		0.9019	0.9019	0.011781079999999992	0.8897	3738.1
easy:13468005	easy	A	A	True	True		0.9369	0.9369	0.005058540000000006	0.929	3365.2
easy:86299006	easy	A	A	True	True		0.929	0.929	0.006260869999999993	0.9201	3517.1
hard:55822004	hard	A	A	True	True		0.9453	0.9453	0.004067769999999997	0.9384	3407.3
hard:20957000	hard	A	A	True	True		0.7782	0.7782	0.06306363999999999	0.7505	2927.1
none-narrower:70783003	none-narrower	none	none	True	False		0.8394	0.8394	0.030188759999999988	0.8194	3087.2
easy:40122008	easy	A	A	True	True		0.9145	0.9145	0.009159500000000003	0.9038	3267.3
easy:27885002	easy	A	A	True	True		0.9675	0.9675	0.001359139999999998	0.9634	4101.3
easy:371089000	easy	A	A	True	True		0.9535	0.9535	0.002870619999999998	0.9477	5333.5
hard:255072001	hard	A	A	True	True		0.8884	0.8884	0.016168320000000007	0.8745	4331.0
hard:127231009	hard	A	A	True	True		0.9229	0.9229	0.007517899999999992	0.9133	5309.9
none-narrower:428592003	none-narrower	none	none	True	False		0.7479	0.7479	0.11112541	0.7164	4798.7
none-narrower:406570003	none-narrower	none	none	True	False		0.5527	0.5527	0.26339429000000003	0.4967	3869.5
hard:65049003	hard	A	A	True	True		0.9042	0.9042	0.01219121	0.8923	2919.1
easy:765096001	easy	A	A	True	True		0.9381	0.9381	0.004565179999999995	0.9303	5614.9
easy:763536006	easy	A	A	True	True		0.9465	0.9465	0.0034997299999999995	0.9398	4304.4
easy:429735007	easy	A	A	True	True		0.9634	0.9634	0.0017652699999999976	0.9588	5271.2
hard:90584004	hard	A	A	True	True		0.9375	0.9375	0.0049894399999999995	0.9296	4168.7
easy:58868000	easy	A	A	True	True		0.9442	0.9442	0.004100099999999996	0.9372	3134.3
none-narrower:20239009	none-narrower	none	none	True	False		0.566	0.566	0.23930235000000005	0.5118	3180.1
easy:722006004	easy	A	A	True	True		0.9476	0.9476	0.003549530000000001	0.9411	5234.0
hard:236746000	hard	A	A	True	True		0.8879	0.8879	0.015409169999999996	0.8739	3729.0
hard:271532008	hard	A	A	True	True		0.9308	0.9308	0.006357000000000006	0.9222	2830.2
hard:198130006	hard	A	A	True	True		0.9535	0.9535	0.0029094799999999986	0.9477	3325.8
retrieval-miss:716996008	retrieval-miss	none	A	False	False		0.9496	0.0235	1.8554646200000002	0.9433	5460.8
hard:231861005	hard	A	A	True	True		0.4918	0.4918	0.33433855	0.4283	3875.7
easy:367520004	easy	A	A	True	True		0.9274	0.9274	0.006550309999999998	0.9183	3378.8
hard:724575009	hard	A	A	True	True		0.9037	0.9037	0.012014730000000012	0.8916	4503.7
easy:22298006	easy	A	A	True	True		0.9041	0.9041	0.012102869999999998	0.8921	4015.3
easy:709282004	easy	A	A	True	True		0.9535	0.9535	0.0028400099999999987	0.9477	4891.5
hard:763309005	hard	A	A	True	True		0.8676	0.8676	0.02602913999999999	0.851	6603.7
retrieval-miss:16459000	retrieval-miss	none	none	True	False		0.9415	0.9415	0.004195289999999999	0.9342	5507.4
easy:63119004	easy	A	A	True	True		0.9108	0.9108	0.00943408999999999	0.8997	4588.6
hard:254114000	hard	A	A	True	True		0.6009	0.6009	0.18930937	0.551	3797.9
hard:763658004	hard	A	A	True	True		0.9504	0.9504	0.0029697399999999976	0.9442	4960.5
easy:81211007	easy	A	C	False	True		0.638	0.2255	1.0169382599999996	0.5927	3920.9
hard:26745009	hard	A	A	True	True		0.9528	0.9528	0.0029354500000000018	0.9469	3548.0
easy:432328008	easy	A	A	True	True		0.9442	0.9442	0.0037651699999999956	0.9372	3706.9
easy:68116008	easy	A	A	True	True		0.9429	0.9429	0.004298900000000005	0.9358	3227.5
hard:18260003	hard	A	A	True	True		0.9574	0.9574	0.0022450299999999977	0.9521	3108.5
hard:25569003	hard	A	A	True	True		0.9378	0.9378	0.0046687400000000046	0.9301	3547.5
none-narrower:724612006	none-narrower	none	H	False	False		0.5219	0.3514	0.7002064100000001	0.4622	4024.5
easy:254898001	easy	A	A	True	True		0.9392	0.9392	0.005035769999999996	0.9316	4086.5
none-narrower:126999006	none-narrower	none	none	True	False		0.5692	0.5692	0.28221376	0.5153	3456.4
hard:75614007	hard	A	A	True	True		0.9435	0.9435	0.0038681499999999995	0.9365	3224.8
easy:74100001	easy	A	none	False	True		0.3557	0.3312	0.6045201200000001	0.2752	3425.6
easy:192644005	easy	A	A	True	True		0.9699	0.9699	0.0011564000000000008	0.9662	3701.4
none-narrower:370494002	none-narrower	none	none	True	False		0.4258	0.4258	0.40979923000000007	0.354	3100.9
none-narrower:94514000	none-narrower	none	none	True	False		0.3866	0.3866	0.46667734999999994	0.3099	3544.5
easy:717789008	easy	A	A	True	True		0.955	0.955	0.0027441500000000042	0.9494	3651.3
hard:715825009	hard	A	A	True	True		0.9739	0.9739	0.0008344400000000006	0.9706	4591.2
retrieval-miss:408642003	retrieval-miss	none	none	True	False		0.5411	0.5411	0.27801602999999997	0.4838	3600.6
hard:30292005	hard	A	A	True	True		0.9621	0.9621	0.0017929900000000032	0.9574	3219.5
easy:196102003	easy	A	A	True	True		0.9587	0.9587	0.0023682300000000002	0.9536	3479.8
easy:722034006	easy	A	A	True	True		0.9459	0.9459	0.003750810000000004	0.9392	3632.8
hard:11314008	hard	A	A	True	True		0.9053	0.9053	0.01169421	0.8934	3397.3
none-narrower:831000119103	none-narrower	none	A	False	False		0.8987	0.054	1.70307267	0.886	2944.4
hard:725141006	hard	A	A	True	True		0.9117	0.9117	0.009440060000000009	0.9006	3476.8
retrieval-miss:238534006	retrieval-miss	none	none	True	False		0.893	0.893	0.014023009999999997	0.8797	3225.8
hard:724384008	hard	A	A	True	True		0.944	0.944	0.0038323500000000056	0.937	3647.9
hard:723823004	hard	A	A	True	True		0.9682	0.9682	0.0013024400000000034	0.9643	5837.2
none-narrower:721781004	none-narrower	none	A	False	False		0.8515	0.0946	1.5467152400000002	0.833	4257.4
retrieval-miss:69646003	retrieval-miss	none	none	True	False		0.9369	0.9369	0.004828960000000005	0.929	4853.0
retrieval-miss:431396003	retrieval-miss	none	none	True	False		0.6246	0.6246	0.17207834999999996	0.5777	3590.9
hard:42908004	hard	A	A	True	True		0.8691	0.8691	0.028600910000000004	0.8527	3041.4
easy:74469006	easy	B	B	True	False		0.8216	0.8216	0.04423251000000001	0.7993	3604.7
retrieval-miss:10170007	retrieval-miss	none	C	False	False		0.914	0.0276	1.78204595	0.9032	3936.0
hard:18756002	hard	A	A	True	True		0.9142	0.9142	0.009070849999999997	0.9034	3901.3
none-narrower:1217382002	none-narrower	none	none	True	False		0.5391	0.5391	0.25569706999999997	0.4814	4789.0
retrieval-miss:234062003	retrieval-miss	none	A	False	False		0.6451	0.231	1.0101034	0.6007	2960.9
hard:765141005	hard	A	A	True	True		0.9492	0.9492	0.0031580599999999955	0.9428	4677.1
hard:715462003	hard	A	A	True	True		0.9647	0.9647	0.0015164299999999998	0.9602	4334.9
easy:88232005	easy	A	A	True	True		0.9205	0.9205	0.007757490000000002	0.9106	3294.0
none-narrower:272006008	none-narrower	none	none	True	False		0.6128	0.6128	0.18649089	0.5644	2995.0
easy:400179000	easy	A	A	True	True		0.9096	0.9096	0.010359890000000007	0.8983	3274.5
easy:81854007	easy	A	A	True	True		0.9027	0.9027	0.011771960000000008	0.8906	3092.2
retrieval-miss:237692001	retrieval-miss	none	none	True	False		0.6765	0.6765	0.14939776	0.6361	4038.2
none-narrower:1145446000	none-narrower	none	none	True	False		0.5907	0.5907	0.27525914	0.5395	3521.8
easy:89723004	easy	A	A	True	True		0.951	0.951	0.0033357200000000047	0.9449	2899.3
hard:719825000	hard	A	A	True	True		0.942	0.942	0.004296410000000006	0.9347	4211.8
hard:74400008	hard	A	A	True	True		0.9152	0.9152	0.008593519999999999	0.9046	2821.4
hard:41910004	hard	A	A	True	True		0.9341	0.9341	0.005390099999999995	0.9259	4232.4
easy:253103006	easy	A	A	True	True		0.9317	0.9317	0.005705020000000004	0.9231	4116.8
easy:92437008	easy	A	A	True	True		0.9407	0.9407	0.004498440000000003	0.9333	3309.1
easy:38371006	easy	A	A	True	True		0.9439	0.9439	0.004106390000000004	0.9369	3544.4
easy:715770009	easy	A	A	True	True		0.9688	0.9688	0.0012408300000000003	0.9649	5067.6
hard:196027008	hard	A	A	True	True		0.8398	0.8398	0.03165428	0.8198	4386.8
hard:719164000	hard	A	A	True	True		0.9568	0.9568	0.0024621600000000014	0.9514	3279.6
none-narrower:403373008	none-narrower	none	H	False	False		0.8944	0.0425	1.71761132	0.8812	2645.2
hard:416481006	hard	A	A	True	True		0.9179	0.9179	0.008109909999999993	0.9077	3858.0
none-narrower:94973007	none-narrower	none	none	True	False		0.874	0.874	0.0192978	0.8583	4577.1
hard:237604008	hard	A	A	True	True		0.923	0.923	0.008045379999999993	0.9134	6495.2
hard:86341008	hard	A	A	True	True		0.797	0.797	0.051649609999999985	0.7716	4135.9
hard:171131006	hard	A	A	True	True		0.8777	0.8777	0.018990409999999992	0.8624	4468.8
none-narrower:95255005	none-narrower	none	none	True	False		0.4649	0.4649	0.37810594000000003	0.3981	5150.7
none-narrower:1156852009	none-narrower	none	none	True	False		0.5151	0.5151	0.27060867	0.4545	6495.9
easy:56604005	easy	A	A	True	True		0.8417	0.8417	0.0300723	0.8219	6274.1
retrieval-miss:17406005	retrieval-miss	none	none	True	False		0.6809	0.6809	0.15436424000000004	0.641	3985.8
retrieval-miss:720635002	retrieval-miss	none	none	True	False		0.7028	0.7028	0.10129023000000002	0.6656	4824.7
hard:116381000119105	hard	A	A	True	True		0.8863	0.8863	0.015656760000000006	0.8721	6811.8
easy:69163003	easy	A	A	True	True		0.9209	0.9209	0.009270259999999992	0.911	4133.4
easy:719140001	easy	A	A	True	True		0.9443	0.9443	0.004032419999999997	0.9373	3656.8
retrieval-miss:425740005	retrieval-miss	none	none	True	False		0.9768	0.9768	0.0006846399999999999	0.9739	5749.5
none-narrower:2858002	none-narrower	none	C	False	False		0.4393	0.2134	0.88116157	0.3693	3849.3
none-narrower:94682004	none-narrower	none	none	True	False		0.601	0.601	0.19488465000000002	0.5511	3654.0
hard:403900000	hard	A	B	False	True		0.8778	0.0633	1.64963784	0.8626	3479.1
hard:197866008	hard	A	A	True	True		0.9386	0.9386	0.006013910000000002	0.9309	3005.4
retrieval-miss:16814004	retrieval-miss	none	none	True	False		0.7024	0.7024	0.16217589	0.6652	3310.6
easy:111798006	easy	A	A	True	True		0.9468	0.9468	0.0037114400000000025	0.9401	3162.0
hard:234451005	hard	A	A	True	True		0.9188	0.9188	0.008724970000000009	0.9087	4488.0
easy:58718002	easy	A	A	True	True		0.9655	0.9655	0.0016197199999999983	0.9612	4066.1
easy:720612000	easy	A	A	True	True		0.9627	0.9627	0.0017312999999999999	0.958	5839.3
easy:363358000	easy	A	A	True	True		0.9161	0.9161	0.008598139999999995	0.9056	4308.4
easy:53974002	easy	A	A	True	True		0.9569	0.9569	0.0024935200000000025	0.9515	4533.4
hard:85559002	hard	B	B	True	False		0.958	0.958	0.0022869900000000035	0.9528	5138.9
hard:187681002	hard	A	A	True	True		0.7142	0.7142	0.11978267000000004	0.6785	4084.7
easy:254129003	easy	A	A	True	True		0.9717	0.9717	0.0010186499999999996	0.9681	3154.4
hard:62377009	hard	A	A	True	True		0.95	0.95	0.0032911300000000045	0.9437	3277.4
hard:76976005	hard	A	A	True	True		0.805	0.805	0.04827223999999998	0.7806	3672.0
hard:19138001	hard	A	A	True	True		0.9052	0.9052	0.01218911	0.8934	4727.6
easy:18842008	easy	A	A	True	True		0.8513	0.8513	0.02956409000000002	0.8327	3279.9
retrieval-miss:10087007	retrieval-miss	none	none	True	False		0.6487	0.6487	0.15305999999999997	0.6048	4335.1
hard:190724004	hard	A	A	True	True		0.9163	0.9163	0.009343839999999999	0.9059	3955.2
easy:404057003	easy	A	A	True	True		0.9277	0.9277	0.006791070000000004	0.9186	4697.6
easy:264443002	easy	A	A	True	True		0.9123	0.9123	0.01024827	0.9013	3937.5
easy:363433009	easy	A	A	True	True		0.7871	0.7871	0.05651932999999999	0.7605	4551.2
hard:28670008	hard	A	A	True	True		0.9307	0.9307	0.006021170000000004	0.9221	4179.8
hard:92386006	hard	A	A	True	True		0.9128	0.9128	0.00947631000000001	0.9019	2887.7
none-narrower:472783006	none-narrower	none	H	False	False		0.6198	0.2413	0.9654031900000002	0.5723	3809.5
easy:405822008	easy	A	A	True	True		0.9389	0.9389	0.004928310000000005	0.9313	5645.7
hard:59229005	hard	A	A	True	True		0.8809	0.8809	0.018439779999999992	0.866	4279.1
none-narrower:771177009	none-narrower	none	A	False	False		0.9465	0.0207	1.8550726100000001	0.9398	4377.9
hard:19620000	hard	A	A	True	True		0.9458	0.9458	0.0038017600000000026	0.939	3158.0
none-narrower:441530006	none-narrower	none	none	True	False		0.5775	0.5775	0.24649854	0.5247	2716.2
hard:36989005	hard	A	A	True	True		0.9207	0.9207	0.007783210000000006	0.9108	3939.0
none-narrower:276866009	none-narrower	none	none	True	False		0.8002	0.8002	0.05582211999999999	0.7752	4096.2
none-narrower:403785002	none-narrower	none	A	False	False		0.394	0.3543	0.6027201999999999	0.3182	4041.7
hard:721836009	hard	A	A	True	True		0.9618	0.9618	0.001843630000000001	0.957	5174.1
none-narrower:373405005	none-narrower	none	none	True	False		0.5618	0.5618	0.26468153000000005	0.507	3678.2
hard:24629003	hard	A	A	True	True		0.9579	0.9579	0.002389370000000002	0.9526	4650.4
hard:404659001	hard	A	A	True	True		0.9261	0.9261	0.006870569999999994	0.9168	4452.7
hard:719800009	hard	A	A	True	True		0.9428	0.9428	0.004182680000000003	0.9356	5990.7
easy:720603002	easy	A	A	True	True		0.894	0.894	0.014902029999999995	0.8807	6851.3
hard:56267009	hard	A	A	True	True		0.9248	0.9248	0.007046420000000007	0.9153	4762.5
none-narrower:47378001	none-narrower	none	none	True	False		0.5796	0.5796	0.22248162	0.527	3838.1
hard:196305005	hard	A	A	True	True		0.8824	0.8824	0.018011970000000006	0.8677	3661.2
hard:290653008	hard	A	A	True	True		0.9631	0.9631	0.0017786500000000034	0.9584	5312.6
retrieval-miss:21893008	retrieval-miss	none	none	True	False		0.8842	0.8842	0.015378890000000003	0.8697	6121.2
easy:720344007	easy	A	A	True	True		0.5768	0.5768	0.27260320000000005	0.5239	5076.0
easy:95210003	easy	A	A	True	True		0.954	0.954	0.002654610000000004	0.9483	4003.1
none-narrower:724749007	none-narrower	none	none	True	False		0.5091	0.5091	0.34557974999999996	0.4477	2866.5
hard:12676007	hard	A	A	True	True		0.9529	0.9529	0.002800940000000003	0.947	2565.1
easy:89392001	easy	A	A	True	True		0.909	0.909	0.009927209999999995	0.8976	4423.7
easy:37754005	easy	A	A	True	True		0.9576	0.9576	0.0023272399999999995	0.9523	3436.6
easy:721015008	easy	B	B	True	False		0.9715	0.9715	0.0010664999999999982	0.968	3966.6
hard:443439001	hard	A	A	True	True		0.8843	0.8843	0.018602280000000006	0.8699	4718.2
hard:716683005	hard	A	A	True	True		0.9544	0.9544	0.002612279999999997	0.9487	5437.5
none-narrower:231929005	none-narrower	none	B	False	False		0.4395	0.4009	0.55949103	0.3695	3991.6
easy:8635005	easy	A	A	True	True		0.9254	0.9254	0.00689304	0.9161	3075.7
hard:93390002	hard	A	A	True	True		0.7911	0.7911	0.06035746999999999	0.765	3732.9
hard:371199008	hard	A	A	True	True		0.7839	0.7839	0.05855900999999998	0.7569	3109.6
easy:239085000	easy	B	B	True	False		0.9078	0.9078	0.01113117999999999	0.8963	4370.6
easy:69080001	easy	A	A	True	True		0.9077	0.9077	0.010699400000000008	0.8962	4009.6
hard:768843007	hard	A	A	True	True		0.9533	0.9533	0.0026576099999999965	0.9474	4398.3
easy:89420002	easy	A	A	True	True		0.7542	0.7542	0.07621702000000001	0.7235	4309.4
easy:763215008	easy	A	A	True	True		0.9686	0.9686	0.001233179999999999	0.9647	4760.2
easy:717749002	easy	A	A	True	True		0.9066	0.9066	0.011012930000000006	0.895	4137.9
easy:47709007	easy	A	A	True	True		0.9535	0.9535	0.002654049999999999	0.9477	3893.9
hard:720984008	hard	A	A	True	True		0.9635	0.9635	0.0016967399999999982	0.959	4722.1
none-narrower:255169005	none-narrower	none	B	False	False		0.5341	0.2943	0.79469175	0.4759	3429.9
hard:234628004	hard	A	A	True	True		0.9269	0.9269	0.006874370000000008	0.9177	3567.4
hard:722456001	hard	A	A	True	True		0.9591	0.9591	0.002161670000000004	0.954	4961.2
hard:24752008	hard	A	A	True	True		0.9328	0.9328	0.005573240000000005	0.9244	4153.2
hard:733520002	hard	A	A	True	True		0.9071	0.9071	0.010279779999999995	0.8955	5893.3
retrieval-miss:88887003	retrieval-miss	none	none	True	False		0.6547	0.6547	0.15851287000000006	0.6116	4119.8
easy:716091000	easy	A	A	True	True		0.9495	0.9495	0.003127619999999999	0.9432	3933.8
none-narrower:271570007	none-narrower	none	none	True	False		0.4499	0.4499	0.40215786000000003	0.3812	3433.6
hard:55735004	hard	A	A	True	True		0.94	0.94	0.0046522000000000065	0.9325	3519.3
hard:13920009	hard	A	A	True	True		0.9479	0.9479	0.0034217500000000038	0.9413	3923.1
easy:1279844009	easy	A	A	True	True		0.9308	0.9308	0.005849060000000005	0.9221	3571.0
none-narrower:312224002	none-narrower	none	none	True	False		0.6486	0.6486	0.20098354000000002	0.6047	2978.4
easy:764996009	easy	A	A	True	True		0.9618	0.9618	0.001921950000000001	0.957	8108.6
none-narrower:254196004	none-narrower	none	A	False	False		0.6621	0.156	1.1588845700000001	0.6199	4243.4
easy:703266007	easy	A	A	True	True		0.8132	0.8132	0.04212789999999998	0.7899	4572.5
none-narrower:773610007	none-narrower	none	A	False	False		0.9491	0.0209	1.85962554	0.9428	5235.0
none-narrower:447706001	none-narrower	none	none	True	False		0.5459	0.5459	0.31969067999999995	0.4892	4209.5
hard:763528002	hard	A	A	True	True		0.8937	0.8937	0.014443069999999988	0.8804	5511.3
hard:70737009	hard	C	C	True	False		0.95	0.95	0.0036985300000000046	0.9437	4532.2
hard:25374005	hard	A	A	True	True		0.955	0.955	0.002686220000000004	0.9494	3271.6
retrieval-miss:237687003	retrieval-miss	none	none	True	False		0.9557	0.9557	0.0022468400000000004	0.9501	5171.3
retrieval-miss:703403003	retrieval-miss	none	none	True	False		0.7646	0.7646	0.06748631000000002	0.7352	5474.1
hard:1271009	hard	A	A	True	True		0.9323	0.9323	0.005584579999999997	0.9239	4529.8
hard:85708001	hard	A	A	True	True		0.9314	0.9314	0.006354169999999999	0.9229	3917.0
none-narrower:111850006	none-narrower	none	none	True	False		0.4889	0.4889	0.34147287	0.425	3050.2
easy:725413002	easy	A	A	True	True		0.9397	0.9397	0.004262840000000003	0.9321	4387.8
hard:238047006	hard	A	A	True	True		0.9554	0.9554	0.0024614899999999976	0.9498	4977.7
easy:230655004	easy	A	A	True	True		0.9157	0.9157	0.009819540000000007	0.9052	4607.1
easy:25476006	easy	A	A	True	True		0.6619	0.6619	0.15808141999999997	0.6197	3984.8
hard:719209002	hard	A	A	True	True		0.9624	0.9624	0.0017186899999999973	0.9577	5899.0
hard:443520009	hard	A	A	True	True		0.9221	0.9221	0.008000699999999996	0.9123	4089.6
none-narrower:1259592000	none-narrower	none	A	False	False		0.5928	0.1606	1.07952616	0.5419	3991.5
none-narrower:373422007	none-narrower	none	none	True	False		0.2959	0.2959	0.59839208	0.2079	4056.8
easy:721835008	easy	A	A	True	True		0.946	0.946	0.003699050000000006	0.9393	4736.7
hard:31097004	hard	D	D	True	False		0.9721	0.9721	0.001022380000000002	0.9686	4729.2
easy:60136008	easy	A	A	True	True		0.9271	0.9271	0.006752419999999995	0.918	3510.7
easy:721075001	easy	A	A	True	True		0.9653	0.9653	0.0015213199999999966	0.9609	4000.8
easy:28783002	easy	G	G	True	False		0.9353	0.9353	0.005515709999999997	0.9272	3721.2
retrieval-miss:1648002	retrieval-miss	none	none	True	False		0.6434	0.6434	0.20161432	0.5988	4024.7
hard:719650004	hard	A	A	True	True		0.936	0.936	0.005092199999999993	0.928	5484.7
easy:297237003	easy	A	A	True	True		0.8975	0.8975	0.013571790000000007	0.8847	5666.0
retrieval-miss:4945003	retrieval-miss	none	none	True	False		0.8754	0.8754	0.01873257000000001	0.8599	6853.8
retrieval-miss:34042008	retrieval-miss	none	E	False	False		0.6593	0.1955	1.0864277699999998	0.6167	4491.9
easy:126792007	easy	A	A	True	True		0.8169	0.8169	0.04528866000000002	0.794	3432.3
easy:722059002	easy	A	A	True	True		0.9706	0.9706	0.0010478199999999988	0.9669	5850.1
easy:109995007	easy	A	A	True	True		0.9223	0.9223	0.007374979999999998	0.9125	6568.6
easy:48500005	easy	A	A	True	True		0.9671	0.9671	0.0015127800000000026	0.9629	4056.0
none-narrower:49481000	none-narrower	none	none	True	False		0.5607	0.5607	0.29278936	0.5058	5216.5
none-narrower:191820008	none-narrower	none	none	True	False		0.3617	0.3617	0.49397691	0.282	3828.8
hard:43878008	hard	A	A	True	True		0.9407	0.9407	0.004470780000000002	0.9333	3068.9
easy:45781009	easy	E	E	True	False		0.8439	0.8439	0.030822480000000003	0.8243	3773.9
easy:722690001	easy	A	A	True	True		0.949	0.949	0.0033812900000000047	0.9426	5338.4
none-narrower:1259443009	none-narrower	none	A	False	False		0.5734	0.1011	1.21105883	0.5201	6612.8
hard:41799005	hard	A	A	True	True		0.9236	0.9236	0.007929440000000005	0.914	4652.4
hard:38804009	hard	A	A	True	True		0.9553	0.9553	0.002544809999999997	0.9497	5236.4
easy:276954004	easy	A	A	True	True		0.9225	0.9225	0.007189360000000001	0.9128	4406.9
retrieval-miss:719848005	retrieval-miss	none	G	False	False		0.634	0.2409	0.9809908100000001	0.5883	2594.4
easy:24790002	easy	A	A	True	True		0.9532	0.9532	0.0026843699999999954	0.9473	6198.1
easy:717008005	easy	A	A	True	True		0.9482	0.9482	0.0034978499999999955	0.9417	6647.4
none-narrower:4702003	none-narrower	none	B	False	False		0.8994	0.0707	1.6727799700000001	0.8868	4588.4
none-narrower:262933008	none-narrower	none	H	False	False		0.4359	0.1486	1.0611689	0.3654	4181.3
retrieval-miss:61750000	retrieval-miss	none	none	True	False		0.9342	0.9342	0.005303319999999996	0.9259	3634.8
hard:81577001	hard	A	A	True	True		0.9511	0.9511	0.0030388400000000053	0.945	4433.1
hard:44730006	hard	A	A	True	True		0.9155	0.9155	0.008766500000000003	0.9049	4511.1
none-narrower:722664004	none-narrower	none	none	True	False		0.7744	0.7744	0.06560247000000001	0.7462	4075.9
hard:715907003	hard	A	A	True	True		0.9689	0.9689	0.001230010000000001	0.965	5779.5
hard:51523009	hard	A	A	True	True		0.6512	0.6512	0.17510238	0.6076	4201.8
retrieval-miss:445448008	retrieval-miss	none	none	True	False		0.7264	0.7264	0.08884843999999997	0.6922	5150.5
retrieval-miss:37610005	retrieval-miss	none	none	True	False		0.9558	0.9558	0.0027611100000000015	0.9503	3645.1
hard:718602007	hard	A	A	True	True		0.9708	0.9708	0.0010980100000000002	0.9672	4072.3
hard:49428008	hard	A	A	True	True		0.9251	0.9251	0.006767659999999996	0.9158	4701.1
hard:42265009	hard	A	A	True	True		0.8852	0.8852	0.017088960000000004	0.8708	3434.3
hard:33064008	hard	A	A	True	True		0.9407	0.9407	0.004772480000000002	0.9333	3953.3
easy:42386007	easy	A	A	True	True		0.9637	0.9637	0.0017132199999999999	0.9591	5401.8
easy:254812004	easy	A	A	True	True		0.7086	0.7086	0.12092855999999999	0.6722	4107.1
easy:722439009	easy	A	A	True	True		0.9637	0.9637	0.0017668599999999999	0.9591	4054.6
easy:44018007	easy	B	none	False	False		0.3807	0.2689	0.72121473	0.3033	3696.6
retrieval-miss:279611005	retrieval-miss	none	none	True	False		0.8204	0.8204	0.03711773999999999	0.798	3820.4
hard:80813006	hard	A	A	True	True		0.9673	0.9673	0.001402349999999997	0.9632	3870.2
easy:715776003	easy	A	A	True	True		0.9634	0.9634	0.0017701399999999973	0.9588	5549.9
none-narrower:59136001	none-narrower	none	none	True	False		0.5771	0.5771	0.23390158000000005	0.5242	3893.0
easy:402700001	easy	A	A	True	True		0.8924	0.8924	0.015117480000000006	0.8789	2973.8
easy:17608003	easy	A	A	True	True		0.9467	0.9467	0.003676170000000001	0.94	4250.1
none-narrower:1255194004	none-narrower	none	none	True	False		0.7671	0.7671	0.06323532999999999	0.7379	4241.9
none-narrower:818967003	none-narrower	none	A	False	False		0.818	0.0748	1.52922054	0.7953	4028.8
hard:240849009	hard	A	A	True	True		0.9463	0.9463	0.003576829999999997	0.9395	4237.3
hard:389145006	hard	A	A	True	True		0.9497	0.9497	0.0031499100000000014	0.9434	3417.7
hard:35600002	hard	A	A	True	True		0.9336	0.9336	0.005852470000000002	0.9252	3922.7
hard:197270009	hard	A	A	True	True		0.9363	0.9363	0.0056991399999999975	0.9283	3194.1
easy:85898001	easy	A	A	True	True		0.8817	0.8817	0.017405339999999988	0.8669	3536.5
easy:764512003	easy	A	A	True	True		0.9619	0.9619	0.0018414100000000017	0.9572	6277.6
none-narrower:403369005	none-narrower	none	none	True	False		0.4841	0.4841	0.33337082	0.4196	3577.5
hard:124596009	hard	A	A	True	True		0.9271	0.9271	0.0071201099999999955	0.918	3755.2
hard:75315001	hard	A	A	True	True		0.9352	0.9352	0.0048963199999999965	0.9271	3587.1
hard:18735004	hard	A	A	True	True		0.8709	0.8709	0.021203239999999995	0.8548	3147.0
hard:237941007	hard	A	A	True	True		0.927	0.927	0.0068799199999999925	0.9178	4403.4
easy:70647001	easy	A	A	True	True		0.9347	0.9347	0.005106990000000004	0.9266	4225.7
easy:35091000119101	easy	A	A	True	True		0.7889	0.7889	0.059816999999999974	0.7625	5082.0
none-narrower:10184002	none-narrower	none	none	True	False		0.6424	0.6424	0.14777089000000002	0.5977	3903.4
hard:35520007	hard	A	A	True	True		0.9542	0.9542	0.0026379999999999963	0.9485	3023.8
hard:18805001	hard	C	C	True	False		0.401	0.401	0.44869114	0.3262	4026.1
hard:126583006	hard	A	A	True	True		0.8397	0.8397	0.033982309999999995	0.8197	4481.0
easy:715736008	easy	A	A	True	True		0.9726	0.9726	0.000997409999999999	0.9692	6141.7
hard:359007	hard	A	A	True	True		0.9444	0.9444	0.003861579999999998	0.9374	4284.4
none-narrower:95005005	none-narrower	none	none	True	False		0.6945	0.6945	0.13897412999999997	0.6564	3646.4
none-narrower:15966341000119102	none-narrower	none	A	False	False		0.738	0.1816	1.21720915	0.7052	3505.2
easy:233667003	easy	C	C	True	False		0.8648	0.8648	0.02659379	0.8479	3201.3
easy:724275005	easy	A	A	True	True		0.9533	0.9533	0.0027625999999999966	0.9474	4235.4
easy:723453002	easy	A	A	True	True		0.9586	0.9586	0.0022653999999999994	0.9534	4284.2
easy:190293001	easy	A	A	True	True		0.9218	0.9218	0.007614470000000007	0.9121	3745.7
none-narrower:94080006	none-narrower	none	A	False	False		0.5818	0.0656	1.31449126	0.5295	3451.6
easy:449824004	easy	A	A	True	True		0.9482	0.9482	0.0031715099999999954	0.9417	3713.3
none-narrower:1263522001	none-narrower	none	none	True	False		0.7551	0.7551	0.09110425	0.7245	4395.6
hard:720458005	hard	A	A	True	True		0.917	0.917	0.008512349999999993	0.9066	4475.4
hard:62067003	hard	A	A	True	True		0.9597	0.9597	0.00209244	0.9547	4495.2
none-narrower:66944004	none-narrower	none	none	True	False		0.562	0.562	0.22877054999999996	0.5072	3478.2
easy:90623003	easy	A	A	True	True		0.935	0.935	0.0058794699999999925	0.9269	3338.4
easy:49130001	easy	A	A	True	True		0.7364	0.7364	0.09079331999999998	0.7035	3266.7
easy:230321007	easy	A	none	False	True		0.4026	0.147	0.9840199599999999	0.3279	3441.7
easy:36971009	easy	A	A	True	True		0.9288	0.9288	0.006331050000000006	0.9199	2801.4
none-narrower:300457003	none-narrower	none	none	True	False		0.4858	0.4858	0.35474306	0.4215	3150.6
hard:87343002	hard	A	A	True	True		0.9273	0.9273	0.007371419999999998	0.9182	4762.2
hard:415105001	hard	A	A	True	True		0.9594	0.9594	0.0021217299999999975	0.9543	3719.1
hard:254582000	hard	A	A	True	True		0.9281	0.9281	0.006563019999999994	0.9191	4545.8
easy:192004002	easy	A	A	True	True		0.8847	0.8847	0.018110109999999992	0.8702	3579.1
easy:446989009	easy	A	A	True	True		0.9574	0.9574	0.0024034899999999977	0.9521	3833.5
none-narrower:204985001	none-narrower	none	A	False	False		0.7379	0.1887	1.20524848	0.7052	3501.4
easy:402723003	easy	A	A	True	True		0.7988	0.7988	0.054880990000000025	0.7737	3955.2
none-narrower:265569002	none-narrower	none	B	False	False		0.7807	0.0955	1.4308331399999998	0.7533	4160.3
easy:65194006	easy	A	A	True	True		0.9137	0.9137	0.00969868000000001	0.9029	3882.1
easy:255084004	easy	A	A	True	True		0.6929	0.6929	0.12178710000000004	0.6545	3594.6
none-narrower:276873004	none-narrower	none	B	False	False		0.9134	0.0379	1.7605285	0.9026	4560.2
hard:92059004	hard	A	A	True	True		0.9452	0.9452	0.0038186899999999957	0.9384	3860.8
hard:237083000	hard	A	A	True	True		0.9158	0.9158	0.00899037000000001	0.9053	3683.8
none-narrower:54116000	none-narrower	none	A	False	False		0.6256	0.1988	1.03915456	0.5788	3803.0
retrieval-miss:105706003	retrieval-miss	none	none	True	False		0.5114	0.5114	0.44897854000000004	0.4504	3283.6
easy:695751021000132104	easy	A	A	True	True		0.9617	0.9617	0.00202432	0.957	3671.2
easy:28244003	easy	A	A	True	True		0.9344	0.9344	0.005654789999999999	0.9262	3290.0
hard:121951000119101	hard	A	A	True	True		0.9496	0.9496	0.0032388	0.9433	3227.7
none-narrower:771013004	none-narrower	none	A	False	False		0.9442	0.0263	1.83980604	0.9372	4198.7
none-narrower:387681000	none-narrower	none	none	True	False		0.8825	0.8825	0.01857914000000001	0.8678	3619.8
easy:277617004	easy	A	A	True	True		0.8825	0.8825	0.01651291000000001	0.8678	5255.9
hard:722378009	hard	A	A	True	True		0.9607	0.9607	0.0019120300000000001	0.9558	6261.8
hard:61253004	hard	A	A	True	True		0.851	0.851	0.027536980000000006	0.8324	4025.1
retrieval-miss:238694002	retrieval-miss	none	A	False	False		0.9303	0.0224	1.8215992500000002	0.9216	4590.2
easy:200722003	easy	A	A	True	True		0.9579	0.9579	0.002174240000000002	0.9526	3827.0
hard:231931001	hard	A	A	True	True		0.914	0.914	0.009266659999999994	0.9032	4403.1
none-narrower:402126004	none-narrower	none	A	False	False		0.8106	0.0983	1.4723852899999998	0.7869	4053.7
none-narrower:359711001	none-narrower	none	A	False	False		0.94	0.0253	1.83395998	0.9325	5224.6
easy:194119004	easy	C	C	True	False		0.9135	0.9135	0.009871030000000005	0.9027	3848.3
hard:41659003	hard	C	C	True	False		0.8745	0.8745	0.021656769999999985	0.8588	4074.8
hard:14921002	hard	D	D	True	False		0.6021	0.6021	0.20219865	0.5524	4903.7
retrieval-miss:69488000	retrieval-miss	none	G	False	False		0.4778	0.2582	0.7956681200000001	0.4126	3762.3
none-narrower:385006	none-narrower	none	none	True	False		0.4054	0.4054	0.48088571	0.3311	2818.6
none-narrower:186861006	none-narrower	none	none	True	False		0.7502	0.7502	0.08337869	0.7189	3770.3
easy:403889000	easy	A	A	True	True		0.9164	0.9164	0.008412610000000003	0.906	5030.3
retrieval-miss:78305006	retrieval-miss	none	none	True	False		0.8392	0.8392	0.029941500000000017	0.8191	5512.5
easy:77098009	easy	A	A	True	True		0.8821	0.8821	0.017782570000000004	0.8674	4525.5
hard:12546009	hard	B	B	True	False		0.5856	0.5856	0.28386790999999995	0.5338	3663.8
none-narrower:1177005009	none-narrower	none	F	False	False		0.7217	0.1499	1.24640936	0.6869	3647.3
easy:37925008	easy	A	A	True	True		0.9289	0.9289	0.006406810000000007	0.9201	2969.9
easy:36517007	easy	A	A	True	True		0.9363	0.9363	0.005015689999999997	0.9283	3461.1
easy:34742003	easy	A	A	True	True		0.9366	0.9366	0.005179860000000001	0.9287	3144.0
easy:763833006	easy	A	A	True	True		0.8824	0.8824	0.02013187000000001	0.8677	5701.8
hard:613003	hard	A	A	True	True		0.9305	0.9305	0.0059099600000000006	0.9218	4012.6
hard:716108004	hard	A	A	True	True		0.9657	0.9657	0.00150618	0.9614	5239.5
easy:92272009	easy	A	A	True	True		0.7877	0.7877	0.06458271000000002	0.7612	5071.9
easy:238612002	easy	A	A	True	True		0.9167	0.9167	0.008434420000000007	0.9062	6022.9
hard:15033003	hard	A	A	True	True		0.966	0.966	0.0015021500000000022	0.9618	5947.8
easy:718174008	easy	A	A	True	True		0.912	0.912	0.009362849999999994	0.901	5225.4
hard:193093009	hard	A	A	True	True		0.9382	0.9382	0.004801749999999996	0.9305	3884.2
easy:92298003	easy	A	A	True	True		0.9104	0.9104	0.010093920000000003	0.8992	3111.9
easy:447781009	easy	A	A	True	True		0.7306	0.7306	0.08985392999999998	0.6969	3522.7
easy:267592003	easy	B	B	True	False		0.9409	0.9409	0.004425620000000005	0.9336	3576.7
easy:763070001	easy	A	A	True	True		0.9598	0.9598	0.001982780000000001	0.9548	5618.4
hard:715482004	hard	A	A	True	True		0.9702	0.9702	0.0011680600000000029	0.9665	4945.2
hard:39479004	hard	A	A	True	True		0.9566	0.9566	0.0024702299999999995	0.9512	4424.5
retrieval-miss:277475006	retrieval-miss	none	none	True	False		0.6826	0.6826	0.17311490000000002	0.643	4142.7
hard:719404009	hard	A	A	True	True		0.9654	0.9654	0.0015567499999999974	0.9611	3604.1
easy:255039001	easy	A	A	True	True		0.9042	0.9042	0.012399899999999998	0.8922	3781.4
none-narrower:712527004	none-narrower	none	B	False	False		0.4224	0.3814	0.57031936	0.3502	3440.3
hard:763211004	hard	A	A	True	True		0.9539	0.9539	0.0026971300000000033	0.9481	5114.8
hard:76880004	hard	A	A	True	True		0.9024	0.9024	0.012037880000000004	0.8901	4063.0
easy:92109005	easy	A	A	True	True		0.9482	0.9482	0.003418169999999995	0.9418	3310.6
easy:21794005	easy	A	A	True	True		0.9579	0.9579	0.0022831200000000018	0.9527	4027.3
easy:720976009	easy	A	A	True	True		0.9682	0.9682	0.0012311600000000033	0.9643	7785.5
easy:274902006	easy	A	A	True	True		0.9702	0.9702	0.001129790000000003	0.9665	3572.5
hard:230672006	hard	A	A	True	True		0.9377	0.9377	0.005013320000000003	0.9299	3651.7
easy:94292003	easy	A	A	True	True		0.9099	0.9099	0.009807119999999994	0.8986	4101.6
hard:254609000	hard	A	A	True	True		0.8319	0.8319	0.034077880000000005	0.8109	4441.9
easy:716653001	easy	A	A	True	True		0.9175	0.9175	0.008299640000000004	0.9071	4385.6
hard:231479000	hard	A	A	True	True		0.9107	0.9107	0.009699300000000008	0.8995	2707.6
easy:363465007	easy	A	A	True	True		0.8589	0.8589	0.026291380000000003	0.8413	3370.1
none-narrower:92609009	none-narrower	none	none	True	False		0.4411	0.4411	0.42982786999999995	0.3713	2878.2
hard:92412003	hard	A	A	True	True		0.9414	0.9414	0.004173139999999999	0.9341	4029.5
easy:277950001	easy	A	A	True	True		0.7926	0.7926	0.052991160000000016	0.7667	4561.8
retrieval-miss:444755001	retrieval-miss	none	none	True	False		0.9109	0.9109	0.009442979999999993	0.8998	3239.2
hard:126677000	hard	A	A	True	True		0.9395	0.9395	0.00464148	0.9319	3787.4
hard:398680004	hard	B	A	False	False		0.9282	0.0053	1.8523541799999999	0.9192	5911.3
retrieval-miss:129565002	retrieval-miss	none	A	False	False		0.7075	0.1606	1.20971613	0.6709	3875.9
easy:266257000	easy	B	B	True	False		0.9548	0.9548	0.0027521400000000014	0.9491	3008.4
easy:276975007	easy	A	A	True	True		0.9399	0.9399	0.004625780000000005	0.9324	5203.8
easy:715984007	easy	A	A	True	True		0.9431	0.9431	0.004093929999999995	0.936	5374.5
easy:1963002	easy	A	A	True	True		0.911	0.911	0.009906639999999996	0.8999	5157.2
hard:363451005	hard	A	A	True	True		0.8318	0.8318	0.03539308000000001	0.8108	3886.4
hard:718679004	hard	A	A	True	True		0.9713	0.9713	0.001044319999999997	0.9677	3987.2
none-narrower:1351328007	none-narrower	none	A	False	False		0.9462	0.0216	1.85273314	0.9395	4390.5
easy:609565001	easy	A	A	True	True		0.9255	0.9255	0.006719140000000001	0.9162	4537.4
easy:713577007	easy	A	A	True	True		0.8793	0.8793	0.01782350000000001	0.8642	4751.5
hard:402524007	hard	A	A	True	True		0.9332	0.9332	0.0061173099999999965	0.9249	3910.9
hard:403986008	hard	A	A	True	True		0.9282	0.9282	0.006354439999999996	0.9192	3969.0
hard:126824007	hard	A	A	True	True		0.9022	0.9022	0.01226799	0.89	3432.8
hard:702368000	hard	A	A	True	True		0.9109	0.9109	0.010427789999999992	0.8998	4025.0
hard:61663001	hard	A	A	True	True		0.8753	0.8753	0.019507170000000008	0.8597	4393.9
easy:26597004	easy	A	A	True	True		0.914	0.914	0.009048529999999992	0.9032	4036.0
hard:763531001	hard	A	A	True	True		0.9322	0.9322	0.005717579999999996	0.9238	4924.4
none-narrower:403552007	none-narrower	none	none	True	False		0.4205	0.4205	0.48226850000000004	0.348	4564.6
easy:195021004	easy	A	A	True	True		0.5907	0.5907	0.26834997000000005	0.5395	3950.7
easy:32117000	easy	A	A	True	True		0.9232	0.9232	0.007495489999999995	0.9137	5621.4
easy:717224002	easy	A	A	True	True		0.9317	0.9317	0.0059338500000000035	0.9231	4474.1
hard:419503008	hard	A	A	True	True		0.846	0.846	0.02800605000000001	0.8268	4437.1
easy:766982000	easy	A	A	True	True		0.9704	0.9704	0.0010860499999999975	0.9667	6100.3
hard:235796008	hard	A	A	True	True		0.9569	0.9569	0.0024913000000000023	0.9515	4100.7
none-narrower:84097002	none-narrower	none	none	True	False		0.5034	0.5034	0.33421167000000007	0.4414	3151.9
easy:11442006	easy	A	none	False	True		0.4214	0.1156	1.02199785	0.3491	5769.0
hard:197260007	hard	C	C	True	False		0.9566	0.9566	0.002351939999999999	0.9511	4578.0
easy:765747004	easy	A	A	True	True		0.9311	0.9311	0.005789709999999995	0.9225	6592.1
easy:700057001	easy	A	A	True	True		0.9633	0.9633	0.001749459999999997	0.9587	4257.9
none-narrower:1087891000119107	none-narrower	none	A	False	False		0.4614	0.4517	0.51526384	0.3941	3132.8
hard:25044007	hard	A	A	True	True		0.6437	0.6437	0.17111401999999995	0.5991	3941.8
easy:416510003	easy	A	A	True	True		0.5464	0.5464	0.27410373000000005	0.4897	3267.7
retrieval-miss:105668007	retrieval-miss	none	none	True	False		0.8439	0.8439	0.03768586	0.8244	3579.4
easy:274944000	easy	A	A	True	True		0.9396	0.9396	0.00455993	0.932	4873.5
none-narrower:84753008	none-narrower	none	none	True	False		0.4709	0.4709	0.35018476	0.4047	3745.1
none-narrower:1208841001	none-narrower	none	none	True	False		0.4673	0.4673	0.33697122999999995	0.4008	3284.4
hard:19092004	hard	A	A	True	True		0.9581	0.9581	0.002258300000000004	0.9528	4708.9
easy:22240003	easy	A	A	True	True		0.9359	0.9359	0.006165830000000006	0.9279	5224.6
easy:429040005	easy	B	B	True	False		0.6758	0.6758	0.12857348000000005	0.6353	3555.8
hard:424114000	hard	A	A	True	True		0.9697	0.9697	0.0011958399999999997	0.9659	4217.5
retrieval-miss:15566009	retrieval-miss	none	none	True	False		0.9526	0.9526	0.00288449	0.9467	3943.4
retrieval-miss:65038009	retrieval-miss	none	none	True	False		0.621	0.621	0.16811793	0.5736	3186.4
hard:85039006	hard	A	A	True	True		0.8924	0.8924	0.014674400000000006	0.8789	3751.0
easy:763748007	easy	A	A	True	True		0.986	0.986	0.0002721300000000003	0.9843	4944.5
retrieval-miss:39288006	retrieval-miss	none	A	False	False		0.5401	0.1938	0.9571253700000001	0.4827	3970.3
none-narrower:1263575002	none-narrower	none	none	True	False		0.8586	0.8586	0.025221449999999992	0.8409	2488.5
hard:18899000	hard	A	A	True	True		0.8823	0.8823	0.017001750000000006	0.8675	4539.7
none-narrower:1299151005	none-narrower	none	A	False	False		0.9485	0.0224	1.8555891	0.942	3847.9
easy:397923000	easy	A	A	True	True		0.968	0.968	0.0014149300000000017	0.964	3298.8
hard:126859007	hard	A	A	True	True		0.9257	0.9257	0.0068619600000000055	0.9165	3694.0
easy:8808004	easy	A	A	True	True		0.9845	0.9845	0.0003354499999999987	0.9826	4393.4
none-narrower:403856000	none-narrower	none	none	True	False		0.4024	0.4024	0.46423413	0.3276	3897.7
easy:724171006	easy	A	A	True	True		0.9334	0.9334	0.005709509999999998	0.9251	3387.4
hard:50390006	hard	A	A	True	True		0.9424	0.9424	0.004470249999999998	0.9352	2983.7
easy:70410008	easy	A	A	True	True		0.9657	0.9657	0.00148074	0.9614	4907.1
easy:8634009	easy	A	A	True	True		0.9255	0.9255	0.007172640000000002	0.9162	5361.6
hard:237770005	hard	A	A	True	True		0.9563	0.9563	0.002475779999999997	0.9508	5439.9
hard:79830009	hard	A	A	True	True		0.9467	0.9467	0.003753520000000001	0.9401	4034.3
none-narrower:783182004	none-narrower	none	A	False	False		0.8299	0.0556	1.5849221699999998	0.8086	4102.4
easy:51239001	easy	A	A	True	True		0.8746	0.8746	0.020229749999999987	0.8589	3630.9
none-narrower:236711008	none-narrower	none	B	False	False		0.4957	0.205	0.92221066	0.4327	3234.0
hard:58349009	hard	A	A	True	True		0.9006	0.9006	0.012493490000000008	0.8882	3972.2
easy:68241007	easy	B	B	True	False		0.9745	0.9745	0.0010948499999999983	0.9713	3170.4
easy:767713001	easy	A	A	True	True		0.7679	0.7679	0.06779242999999999	0.7388	3199.5
hard:404078000	hard	A	A	True	True		0.9045	0.9045	0.011724910000000007	0.8926	4133.9
hard:770406002	hard	A	A	True	True		0.9131	0.9131	0.009251259999999996	0.9023	5689.1
none-narrower:237819006	none-narrower	none	H	False	False		0.7097	0.1585	1.22201439	0.6735	4377.2
none-narrower:77746001	none-narrower	none	H	False	False		0.9457	0.0338	1.8279686999999998	0.9389	5874.0
hard:80690008	hard	B	B	True	False		0.902	0.902	0.013875659999999995	0.8897	6519.2
none-narrower:10701000087104	none-narrower	none	none	True	False		0.688	0.688	0.14827800000000002	0.649	4300.9
